[0.000000] (-) TimerEvent: {}
[0.000509] (px4_msgs) JobQueued: {'identifier': 'px4_msgs', 'dependencies': OrderedDict()}
[0.000541] (flight_control_node) JobQueued: {'identifier': 'flight_control_node', 'dependencies': OrderedDict({'px4_msgs': '/home/maxim/super_ws/install/px4_msgs'})}
[0.000562] (px4_msgs) JobStarted: {'identifier': 'px4_msgs'}
[0.005946] (px4_msgs) JobProgress: {'identifier': 'px4_msgs', 'progress': 'cmake'}
[0.006747] (px4_msgs) JobProgress: {'identifier': 'px4_msgs', 'progress': 'build'}
[0.006774] (px4_msgs) Command: {'cmd': ['/usr/bin/cmake', '--build', '/home/maxim/super_ws/build/px4_msgs', '--', '-j8', '-l8'], 'cwd': '/home/maxim/super_ws/build/px4_msgs', 'env': OrderedDict({'LESSOPEN': '| /usr/bin/lesspipe %s', 'GZ_SIM_RESOURCE_PATH': '/opt/ros/jazzy/share', 'USER': 'maxim', 'GZ_CONFIG_PATH': '/opt/ros/jazzy/opt/gz_sim_vendor/share/gz:/opt/ros/jazzy/opt/sdformat_vendor/share/gz:/opt/ros/jazzy/opt/gz_gui_vendor/share/gz:/opt/ros/jazzy/opt/gz_transport_vendor/share/gz:/opt/ros/jazzy/opt/gz_rendering_vendor/share/gz:/opt/ros/jazzy/opt/gz_plugin_vendor/share/gz:/opt/ros/jazzy/opt/gz_fuel_tools_vendor/share/gz:/opt/ros/jazzy/opt/gz_msgs_vendor/share/gz:/opt/ros/jazzy/opt/gz_common_vendor/share/gz', 'XDG_SESSION_TYPE': 'x11', 'CLUTTER_DISABLE_MIPMAPPED_TEXT': '1', 'SHLVL': '1', 'LD_LIBRARY_PATH': '/opt/ros/jazzy/opt/gz_sim_vendor/lib:/opt/ros/jazzy/opt/gz_sensors_vendor/lib:/opt/ros/jazzy/opt/gz_physics_vendor/lib:/opt/ros/jazzy/opt/sdformat_vendor/lib:/opt/ros/jazzy/opt/rviz_ogre_vendor/lib:/opt/ros/jazzy/lib/x86_64-linux-gnu:/opt/ros/jazzy/opt/gz_gui_vendor/lib:/opt/ros/jazzy/opt/gz_transport_vendor/lib:/opt/ros/jazzy/opt/gz_rendering_vendor/lib:/opt/ros/jazzy/opt/gz_plugin_vendor/lib:/opt/ros/jazzy/opt/gz_fuel_tools_vendor/lib:/opt/ros/jazzy/opt/gz_msgs_vendor/lib:/opt/ros/jazzy/opt/gz_common_vendor/lib:/opt/ros/jazzy/opt/gz_math_vendor/lib:/opt/ros/jazzy/opt/gz_utils_vendor/lib:/opt/ros/jazzy/opt/gz_tools_vendor/lib:/opt/ros/jazzy/opt/gz_ogre_next_vendor/lib:/opt/ros/jazzy/opt/gz_dartsim_vendor/lib:/opt/ros/jazzy/opt/gz_cmake_vendor/lib:/opt/ros/jazzy/lib:/home/maxim/super_ws/install/px4_msgs/lib', 'HOME': '/home/maxim', 'OLDPWD': '/home/maxim/super_ws', 'DESKTOP_SESSION': 'ubuntu', 'ROS_PYTHON_VERSION': '3', 'GNOME_SHELL_SESSION_MODE': 'ubuntu', 'GTK_MODULES': 'gail:atk-bridge', 'PS1': '(.local) \\[\\e]0;\\u@\\h: \\w\\a\\]${debian_chroot:+($debian_chroot)}\\[\\033[01;35m\\]\\u@\\h\\[\\033[00m\\]:\\[\\033[01;34m\\]\\w\\[\\033[00m\\]\\$', 'SYSTEMD_EXEC_PID': '1834', 'GSM_SKIP_SSH_AGENT_WORKAROUND': 'true', 'DBUS_SESSION_BUS_ADDRESS': 'unix:path=/run/user/1000/bus', 'COLORTERM': 'truecolor', '_colcon_cd_root': '/opt/ros/jazzy/', 'DEBUGINFOD_URLS': 'https://debuginfod.ubuntu.com', 'COLCON_PREFIX_PATH': '/home/maxim/super_ws/install', 'ROS_DISTRO': 'jazzy', 'LOGNAME': 'maxim', '_': '/usr/bin/colcon', 'ROS_VERSION': '2', 'MEMORY_PRESSURE_WATCH': '/sys/fs/cgroup/user.slice/user-1000.slice/user@1000.service/session.slice/org.gnome.Shell@x11.service/memory.pressure', 'XDG_SESSION_CLASS': 'user', 'USERNAME': 'maxim', 'TERM': 'xterm-256color', 'GNOME_DESKTOP_SESSION_ID': 'this-is-deprecated', 'WINDOWPATH': '2', 'PATH': '/opt/ros/jazzy/opt/gz_msgs_vendor/bin:/opt/ros/jazzy/opt/gz_tools_vendor/bin:/opt/ros/jazzy/opt/gz_ogre_next_vendor/bin:/opt/ros/jazzy/bin:/home/maxim/.local/bin:/home/maxim/.local/bin:/usr/local/sbin:/usr/local/bin:/usr/sbin:/usr/bin:/sbin:/bin:/usr/games:/usr/local/games:/snap/bin:/snap/bin:/opt/xtensa-esp-elf/bin/', 'SESSION_MANAGER': 'local/akula:@/tmp/.ICE-unix/1790,unix/akula:/tmp/.ICE-unix/1790', 'XDG_MENU_PREFIX': 'gnome-', 'GNOME_TERMINAL_SCREEN': '/org/gnome/Terminal/screen/b6ec89e8_8214_49fd_b0fe_9010775e6d22', 'XDG_RUNTIME_DIR': '/run/user/1000', 'DISPLAY': ':0', 'LANG': 'en_US.UTF-8', 'XDG_CURRENT_DESKTOP': 'ubuntu:GNOME', 'VIRTUAL_ENV_PROMPT': '(.local)', 'XMODIFIERS': '@im=ibus', 'XDG_SESSION_DESKTOP': 'ubuntu', 'XAUTHORITY': '/run/user/1000/gdm/Xauthority', 'LS_COLORS': 'rs=0:di=01;34:ln=01;36:mh=00:pi=40;33:so=01;35:do=01;35:bd=40;33;01:cd=40;33;01:or=40;31;01:mi=00:su=37;41:sg=30;43:ca=00:tw=30;42:ow=34;42:st=37;44:ex=01;32:*.tar=01;31:*.tgz=01;31:*.arc=01;31:*.arj=01;31:*.taz=01;31:*.lha=01;31:*.lz4=01;31:*.lzh=01;31:*.lzma=01;31:*.tlz=01;31:*.txz=01;31:*.tzo=01;31:*.t7z=01;31:*.zip=01;31:*.z=01;31:*.dz=01;31:*.gz=01;31:*.lrz=01;31:*.lz=01;31:*.lzo=01;31:*.xz=01;31:*.zst=01;31:*.tzst=01;31:*.bz2=01;31:*.bz=01;31:*.tbz=01;31:*.tbz2=01;31:*.tz=01;31:*.deb=01;31:*.rpm=01;31:*.jar=01;31:*.war=01;31:*.ear=01;31:*.sar=01;31:*.rar=01;31:*.alz=01;31:*.ace=01;31:*.zoo=01;31:*.cpio=01;31:*.7z=01;31:*.rz=01;31:*.cab=01;31:*.wim=01;31:*.swm=01;31:*.dwm=01;31:*.esd=01;31:*.avif=01;35:*.jpg=01;35:*.jpeg=01;35:*.mjpg=01;35:*.mjpeg=01;35:*.gif=01;35:*.bmp=01;35:*.pbm=01;35:*.pgm=01;35:*.ppm=01;35:*.tga=01;35:*.xbm=01;35:*.xpm=01;35:*.tif=01;35:*.tiff=01;35:*.png=01;35:*.svg=01;35:*.svgz=01;35:*.mng=01;35:*.pcx=01;35:*.mov=01;35:*.mpg=01;35:*.mpeg=01;35:*.m2v=01;35:*.mkv=01;35:*.webm=01;35:*.webp=01;35:*.ogm=01;35:*.mp4=01;35:*.m4v=01;35:*.mp4v=01;35:*.vob=01;35:*.qt=01;35:*.nuv=01;35:*.wmv=01;35:*.asf=01;35:*.rm=01;35:*.rmvb=01;35:*.flc=01;35:*.avi=01;35:*.fli=01;35:*.flv=01;35:*.gl=01;35:*.dl=01;35:*.xcf=01;35:*.xwd=01;35:*.yuv=01;35:*.cgm=01;35:*.emf=01;35:*.ogv=01;35:*.ogx=01;35:*.aac=00;36:*.au=00;36:*.flac=00;36:*.m4a=00;36:*.mid=00;36:*.midi=00;36:*.mka=00;36:*.mp3=00;36:*.mpc=00;36:*.ogg=00;36:*.ra=00;36:*.wav=00;36:*.oga=00;36:*.opus=00;36:*.spx=00;36:*.xspf=00;36:*~=00;90:*#=00;90:*.bak=00;90:*.crdownload=00;90:*.dpkg-dist=00;90:*.dpkg-new=00;90:*.dpkg-old=00;90:*.dpkg-tmp=00;90:*.old=00;90:*.orig=00;90:*.part=00;90:*.rej=00;90:*.rpmnew=00;90:*.rpmorig=00;90:*.rpmsave=00;90:*.swp=00;90:*.tmp=00;90:*.ucf-dist=00;90:*.ucf-new=00;90:*.ucf-old=00;90:', 'GNOME_TERMINAL_SERVICE': ':1.122', 'SSH_AUTH_SOCK': '/run/user/1000/keyring/ssh', 'AMENT_PREFIX_PATH': '/opt/ros/jazzy:/home/maxim/super_ws/install/flight_control_node:/home/maxim/super_ws/install/px4_msgs', 'SHELL': '/bin/bash', 'QT_ACCESSIBILITY': '1', 'GDMSESSION': 'ubuntu', 'LESSCLOSE': '/usr/bin/lesspipe %s %s', 'GPG_AGENT_INFO': '/run/user/1000/gnupg/S.gpg-agent:0:1', 'VIRTUAL_ENV': '/home/maxim/.local', 'ROS_AUTOMATIC_DISCOVERY_RANGE': 'SUBNET', 'QT_IM_MODULE': 'ibus', 'PWD': '/home/maxim/super_ws/build/px4_msgs', 'QT_QPA_PLATFORM': 'xcb', 'XDG_CONFIG_DIRS': '/etc/xdg/xdg-ubuntu:/etc/xdg', 'XDG_DATA_DIRS': '/usr/share/ubuntu:/usr/share/gnome:/usr/local/share/:/usr/share/:/var/lib/snapd/desktop', 'PYTHONPATH': '/opt/ros/jazzy/lib/python3.12/site-packages:/home/maxim/super_ws/build/flight_control_node:/home/maxim/super_ws/install/flight_control_node/lib/python3.12/site-packages:/home/maxim/super_ws/install/px4_msgs/lib/python3.12/site-packages', 'COLCON': '1', 'MEMORY_PRESSURE_WRITE': 'c29tZSAyMDAwMDAgMjAwMDAwMAA=', 'VTE_VERSION': '7600', 'CMAKE_PREFIX_PATH': '/opt/ros/jazzy/opt/gz_sim_vendor:/opt/ros/jazzy/opt/gz_sensors_vendor:/opt/ros/jazzy/opt/gz_physics_vendor:/opt/ros/jazzy/opt/sdformat_vendor:/opt/ros/jazzy/opt/gz_gui_vendor:/opt/ros/jazzy/opt/gz_transport_vendor:/opt/ros/jazzy/opt/gz_rendering_vendor:/opt/ros/jazzy/opt/gz_plugin_vendor:/opt/ros/jazzy/opt/gz_fuel_tools_vendor:/opt/ros/jazzy/opt/gz_msgs_vendor:/opt/ros/jazzy/opt/gz_common_vendor:/opt/ros/jazzy/opt/gz_math_vendor:/opt/ros/jazzy/opt/gz_utils_vendor:/opt/ros/jazzy/opt/gz_tools_vendor:/opt/ros/jazzy/opt/gz_ogre_next_vendor:/opt/ros/jazzy/opt/gz_dartsim_vendor:/opt/ros/jazzy/opt/gz_cmake_vendor:/home/maxim/super_ws/install/px4_msgs:/opt/ros/jazzy:/home/maxim/super_ws/install/flight_control_node'}), 'shell': False}
[0.100004] (-) TimerEvent: {}
[0.200228] (-) TimerEvent: {}
[0.300446] (-) TimerEvent: {}
[0.400674] (-) TimerEvent: {}
[0.500868] (-) TimerEvent: {}
[0.601086] (-) TimerEvent: {}
[0.701305] (-) TimerEvent: {}
[0.801523] (-) TimerEvent: {}
[0.901735] (-) TimerEvent: {}
[1.001959] (-) TimerEvent: {}
[1.102150] (-) TimerEvent: {}
[1.202393] (-) TimerEvent: {}
[1.224373] (px4_msgs) StdoutLine: {'line': b'[  0%] Built target px4_msgs__rs\n'}
[1.228440] (px4_msgs) StdoutLine: {'line': b'[  0%] Built target px4_msgs__rosidl_generator_type_description\n'}
[1.228644] (px4_msgs) StdoutLine: {'line': b'[  0%] Built target ament_cmake_python_symlink_px4_msgs\n'}
[1.274820] (px4_msgs) StdoutLine: {'line': b'[  0%] Built target px4_msgs__cpp\n'}
[1.302465] (-) TimerEvent: {}
[1.396045] (px4_msgs) StdoutLine: {'line': b'[ 29%] Built target px4_msgs__rosidl_generator_c\n'}
[1.402570] (-) TimerEvent: {}
[1.451067] (px4_msgs) StdoutLine: {'line': b'running egg_info\n'}
[1.467990] (px4_msgs) StdoutLine: {'line': b'[ 39%] Built target px4_msgs__rosidl_typesupport_c\n'}
[1.474543] (px4_msgs) StdoutLine: {'line': b'writing px4_msgs.egg-info/PKG-INFO\n'}
[1.474879] (px4_msgs) StdoutLine: {'line': b'writing dependency_links to px4_msgs.egg-info/dependency_links.txt\n'}
[1.475011] (px4_msgs) StdoutLine: {'line': b'writing top-level names to px4_msgs.egg-info/top_level.txt\n'}
[1.483457] (px4_msgs) StdoutLine: {'line': b'[ 49%] Built target px4_msgs__rosidl_typesupport_introspection_c\n'}
[1.502661] (-) TimerEvent: {}
[1.505334] (px4_msgs) StdoutLine: {'line': b'[ 59%] Built target px4_msgs__rosidl_typesupport_cpp\n'}
[1.511928] (px4_msgs) StdoutLine: {'line': b'[ 69%] Built target px4_msgs__rosidl_typesupport_introspection_cpp\n'}
[1.521419] (px4_msgs) StdoutLine: {'line': b'[ 79%] Built target px4_msgs__rosidl_typesupport_fastrtps_c\n'}
[1.536631] (px4_msgs) StdoutLine: {'line': b'[ 89%] Built target px4_msgs__rosidl_typesupport_fastrtps_cpp\n'}
[1.546344] (px4_msgs) StdoutLine: {'line': b"reading manifest file 'px4_msgs.egg-info/SOURCES.txt'\n"}
[1.551154] (px4_msgs) StdoutLine: {'line': b"writing manifest file 'px4_msgs.egg-info/SOURCES.txt'\n"}
[1.553124] (px4_msgs) StdoutLine: {'line': b'[ 89%] Built target px4_msgs\n'}
[1.577286] (px4_msgs) StdoutLine: {'line': b'[ 89%] Built target ament_cmake_python_build_px4_msgs_egg\n'}
[1.580097] (px4_msgs) StdoutLine: {'line': b'[ 89%] Built target px4_msgs__py\n'}
[1.602745] (-) TimerEvent: {}
[1.690089] (px4_msgs) StdoutLine: {'line': b'[ 99%] Built target px4_msgs__rosidl_generator_py\n'}
[1.702863] (-) TimerEvent: {}
[1.711568] (px4_msgs) StdoutLine: {'line': b'[100%] Built target px4_msgs_s__rosidl_typesupport_introspection_c\n'}
[1.711730] (px4_msgs) StdoutLine: {'line': b'[100%] Built target px4_msgs_s__rosidl_typesupport_fastrtps_c\n'}
[1.711797] (px4_msgs) StdoutLine: {'line': b'[100%] Built target px4_msgs_s__rosidl_typesupport_c\n'}
[1.721449] (px4_msgs) CommandEnded: {'returncode': 0}
[1.721974] (px4_msgs) JobProgress: {'identifier': 'px4_msgs', 'progress': 'install'}
[1.728654] (px4_msgs) Command: {'cmd': ['/usr/bin/cmake', '--install', '/home/maxim/super_ws/build/px4_msgs'], 'cwd': '/home/maxim/super_ws/build/px4_msgs', 'env': OrderedDict({'LESSOPEN': '| /usr/bin/lesspipe %s', 'GZ_SIM_RESOURCE_PATH': '/opt/ros/jazzy/share', 'USER': 'maxim', 'GZ_CONFIG_PATH': '/opt/ros/jazzy/opt/gz_sim_vendor/share/gz:/opt/ros/jazzy/opt/sdformat_vendor/share/gz:/opt/ros/jazzy/opt/gz_gui_vendor/share/gz:/opt/ros/jazzy/opt/gz_transport_vendor/share/gz:/opt/ros/jazzy/opt/gz_rendering_vendor/share/gz:/opt/ros/jazzy/opt/gz_plugin_vendor/share/gz:/opt/ros/jazzy/opt/gz_fuel_tools_vendor/share/gz:/opt/ros/jazzy/opt/gz_msgs_vendor/share/gz:/opt/ros/jazzy/opt/gz_common_vendor/share/gz', 'XDG_SESSION_TYPE': 'x11', 'CLUTTER_DISABLE_MIPMAPPED_TEXT': '1', 'SHLVL': '1', 'LD_LIBRARY_PATH': '/opt/ros/jazzy/opt/gz_sim_vendor/lib:/opt/ros/jazzy/opt/gz_sensors_vendor/lib:/opt/ros/jazzy/opt/gz_physics_vendor/lib:/opt/ros/jazzy/opt/sdformat_vendor/lib:/opt/ros/jazzy/opt/rviz_ogre_vendor/lib:/opt/ros/jazzy/lib/x86_64-linux-gnu:/opt/ros/jazzy/opt/gz_gui_vendor/lib:/opt/ros/jazzy/opt/gz_transport_vendor/lib:/opt/ros/jazzy/opt/gz_rendering_vendor/lib:/opt/ros/jazzy/opt/gz_plugin_vendor/lib:/opt/ros/jazzy/opt/gz_fuel_tools_vendor/lib:/opt/ros/jazzy/opt/gz_msgs_vendor/lib:/opt/ros/jazzy/opt/gz_common_vendor/lib:/opt/ros/jazzy/opt/gz_math_vendor/lib:/opt/ros/jazzy/opt/gz_utils_vendor/lib:/opt/ros/jazzy/opt/gz_tools_vendor/lib:/opt/ros/jazzy/opt/gz_ogre_next_vendor/lib:/opt/ros/jazzy/opt/gz_dartsim_vendor/lib:/opt/ros/jazzy/opt/gz_cmake_vendor/lib:/opt/ros/jazzy/lib:/home/maxim/super_ws/install/px4_msgs/lib', 'HOME': '/home/maxim', 'OLDPWD': '/home/maxim/super_ws', 'DESKTOP_SESSION': 'ubuntu', 'ROS_PYTHON_VERSION': '3', 'GNOME_SHELL_SESSION_MODE': 'ubuntu', 'GTK_MODULES': 'gail:atk-bridge', 'PS1': '(.local) \\[\\e]0;\\u@\\h: \\w\\a\\]${debian_chroot:+($debian_chroot)}\\[\\033[01;35m\\]\\u@\\h\\[\\033[00m\\]:\\[\\033[01;34m\\]\\w\\[\\033[00m\\]\\$', 'SYSTEMD_EXEC_PID': '1834', 'GSM_SKIP_SSH_AGENT_WORKAROUND': 'true', 'DBUS_SESSION_BUS_ADDRESS': 'unix:path=/run/user/1000/bus', 'COLORTERM': 'truecolor', '_colcon_cd_root': '/opt/ros/jazzy/', 'DEBUGINFOD_URLS': 'https://debuginfod.ubuntu.com', 'COLCON_PREFIX_PATH': '/home/maxim/super_ws/install', 'ROS_DISTRO': 'jazzy', 'LOGNAME': 'maxim', '_': '/usr/bin/colcon', 'ROS_VERSION': '2', 'MEMORY_PRESSURE_WATCH': '/sys/fs/cgroup/user.slice/user-1000.slice/user@1000.service/session.slice/org.gnome.Shell@x11.service/memory.pressure', 'XDG_SESSION_CLASS': 'user', 'USERNAME': 'maxim', 'TERM': 'xterm-256color', 'GNOME_DESKTOP_SESSION_ID': 'this-is-deprecated', 'WINDOWPATH': '2', 'PATH': '/opt/ros/jazzy/opt/gz_msgs_vendor/bin:/opt/ros/jazzy/opt/gz_tools_vendor/bin:/opt/ros/jazzy/opt/gz_ogre_next_vendor/bin:/opt/ros/jazzy/bin:/home/maxim/.local/bin:/home/maxim/.local/bin:/usr/local/sbin:/usr/local/bin:/usr/sbin:/usr/bin:/sbin:/bin:/usr/games:/usr/local/games:/snap/bin:/snap/bin:/opt/xtensa-esp-elf/bin/', 'SESSION_MANAGER': 'local/akula:@/tmp/.ICE-unix/1790,unix/akula:/tmp/.ICE-unix/1790', 'XDG_MENU_PREFIX': 'gnome-', 'GNOME_TERMINAL_SCREEN': '/org/gnome/Terminal/screen/b6ec89e8_8214_49fd_b0fe_9010775e6d22', 'XDG_RUNTIME_DIR': '/run/user/1000', 'DISPLAY': ':0', 'LANG': 'en_US.UTF-8', 'XDG_CURRENT_DESKTOP': 'ubuntu:GNOME', 'VIRTUAL_ENV_PROMPT': '(.local)', 'XMODIFIERS': '@im=ibus', 'XDG_SESSION_DESKTOP': 'ubuntu', 'XAUTHORITY': '/run/user/1000/gdm/Xauthority', 'LS_COLORS': 'rs=0:di=01;34:ln=01;36:mh=00:pi=40;33:so=01;35:do=01;35:bd=40;33;01:cd=40;33;01:or=40;31;01:mi=00:su=37;41:sg=30;43:ca=00:tw=30;42:ow=34;42:st=37;44:ex=01;32:*.tar=01;31:*.tgz=01;31:*.arc=01;31:*.arj=01;31:*.taz=01;31:*.lha=01;31:*.lz4=01;31:*.lzh=01;31:*.lzma=01;31:*.tlz=01;31:*.txz=01;31:*.tzo=01;31:*.t7z=01;31:*.zip=01;31:*.z=01;31:*.dz=01;31:*.gz=01;31:*.lrz=01;31:*.lz=01;31:*.lzo=01;31:*.xz=01;31:*.zst=01;31:*.tzst=01;31:*.bz2=01;31:*.bz=01;31:*.tbz=01;31:*.tbz2=01;31:*.tz=01;31:*.deb=01;31:*.rpm=01;31:*.jar=01;31:*.war=01;31:*.ear=01;31:*.sar=01;31:*.rar=01;31:*.alz=01;31:*.ace=01;31:*.zoo=01;31:*.cpio=01;31:*.7z=01;31:*.rz=01;31:*.cab=01;31:*.wim=01;31:*.swm=01;31:*.dwm=01;31:*.esd=01;31:*.avif=01;35:*.jpg=01;35:*.jpeg=01;35:*.mjpg=01;35:*.mjpeg=01;35:*.gif=01;35:*.bmp=01;35:*.pbm=01;35:*.pgm=01;35:*.ppm=01;35:*.tga=01;35:*.xbm=01;35:*.xpm=01;35:*.tif=01;35:*.tiff=01;35:*.png=01;35:*.svg=01;35:*.svgz=01;35:*.mng=01;35:*.pcx=01;35:*.mov=01;35:*.mpg=01;35:*.mpeg=01;35:*.m2v=01;35:*.mkv=01;35:*.webm=01;35:*.webp=01;35:*.ogm=01;35:*.mp4=01;35:*.m4v=01;35:*.mp4v=01;35:*.vob=01;35:*.qt=01;35:*.nuv=01;35:*.wmv=01;35:*.asf=01;35:*.rm=01;35:*.rmvb=01;35:*.flc=01;35:*.avi=01;35:*.fli=01;35:*.flv=01;35:*.gl=01;35:*.dl=01;35:*.xcf=01;35:*.xwd=01;35:*.yuv=01;35:*.cgm=01;35:*.emf=01;35:*.ogv=01;35:*.ogx=01;35:*.aac=00;36:*.au=00;36:*.flac=00;36:*.m4a=00;36:*.mid=00;36:*.midi=00;36:*.mka=00;36:*.mp3=00;36:*.mpc=00;36:*.ogg=00;36:*.ra=00;36:*.wav=00;36:*.oga=00;36:*.opus=00;36:*.spx=00;36:*.xspf=00;36:*~=00;90:*#=00;90:*.bak=00;90:*.crdownload=00;90:*.dpkg-dist=00;90:*.dpkg-new=00;90:*.dpkg-old=00;90:*.dpkg-tmp=00;90:*.old=00;90:*.orig=00;90:*.part=00;90:*.rej=00;90:*.rpmnew=00;90:*.rpmorig=00;90:*.rpmsave=00;90:*.swp=00;90:*.tmp=00;90:*.ucf-dist=00;90:*.ucf-new=00;90:*.ucf-old=00;90:', 'GNOME_TERMINAL_SERVICE': ':1.122', 'SSH_AUTH_SOCK': '/run/user/1000/keyring/ssh', 'AMENT_PREFIX_PATH': '/opt/ros/jazzy:/home/maxim/super_ws/install/flight_control_node:/home/maxim/super_ws/install/px4_msgs', 'SHELL': '/bin/bash', 'QT_ACCESSIBILITY': '1', 'GDMSESSION': 'ubuntu', 'LESSCLOSE': '/usr/bin/lesspipe %s %s', 'GPG_AGENT_INFO': '/run/user/1000/gnupg/S.gpg-agent:0:1', 'VIRTUAL_ENV': '/home/maxim/.local', 'ROS_AUTOMATIC_DISCOVERY_RANGE': 'SUBNET', 'QT_IM_MODULE': 'ibus', 'PWD': '/home/maxim/super_ws/build/px4_msgs', 'QT_QPA_PLATFORM': 'xcb', 'XDG_CONFIG_DIRS': '/etc/xdg/xdg-ubuntu:/etc/xdg', 'XDG_DATA_DIRS': '/usr/share/ubuntu:/usr/share/gnome:/usr/local/share/:/usr/share/:/var/lib/snapd/desktop', 'PYTHONPATH': '/opt/ros/jazzy/lib/python3.12/site-packages:/home/maxim/super_ws/build/flight_control_node:/home/maxim/super_ws/install/flight_control_node/lib/python3.12/site-packages:/home/maxim/super_ws/install/px4_msgs/lib/python3.12/site-packages', 'COLCON': '1', 'MEMORY_PRESSURE_WRITE': 'c29tZSAyMDAwMDAgMjAwMDAwMAA=', 'VTE_VERSION': '7600', 'CMAKE_PREFIX_PATH': '/opt/ros/jazzy/opt/gz_sim_vendor:/opt/ros/jazzy/opt/gz_sensors_vendor:/opt/ros/jazzy/opt/gz_physics_vendor:/opt/ros/jazzy/opt/sdformat_vendor:/opt/ros/jazzy/opt/gz_gui_vendor:/opt/ros/jazzy/opt/gz_transport_vendor:/opt/ros/jazzy/opt/gz_rendering_vendor:/opt/ros/jazzy/opt/gz_plugin_vendor:/opt/ros/jazzy/opt/gz_fuel_tools_vendor:/opt/ros/jazzy/opt/gz_msgs_vendor:/opt/ros/jazzy/opt/gz_common_vendor:/opt/ros/jazzy/opt/gz_math_vendor:/opt/ros/jazzy/opt/gz_utils_vendor:/opt/ros/jazzy/opt/gz_tools_vendor:/opt/ros/jazzy/opt/gz_ogre_next_vendor:/opt/ros/jazzy/opt/gz_dartsim_vendor:/opt/ros/jazzy/opt/gz_cmake_vendor:/home/maxim/super_ws/install/px4_msgs:/opt/ros/jazzy:/home/maxim/super_ws/install/flight_control_node'}), 'shell': False}
[1.734975] (px4_msgs) StdoutLine: {'line': b'-- Install configuration: ""\n'}
[1.737280] (px4_msgs) StdoutLine: {'line': b'-- Execute custom install script\n'}
[1.737448] (px4_msgs) StdoutLine: {'line': b'-- Up-to-date symlink: /home/maxim/super_ws/install/px4_msgs/share/ament_index/resource_index/rosidl_interfaces/px4_msgs\n'}
[1.737534] (px4_msgs) StdoutLine: {'line': b'-- Up-to-date symlink: /home/maxim/super_ws/install/px4_msgs/share/px4_msgs/msg/ActionRequest.json\n'}
[1.737611] (px4_msgs) StdoutLine: {'line': b'-- Up-to-date symlink: /home/maxim/super_ws/install/px4_msgs/share/px4_msgs/msg/ActuatorArmed.json\n'}
[1.737774] (px4_msgs) StdoutLine: {'line': b'-- Up-to-date symlink: /home/maxim/super_ws/install/px4_msgs/share/px4_msgs/msg/ActuatorControlsStatus.json\n'}
[1.737883] (px4_msgs) StdoutLine: {'line': b'-- Up-to-date symlink: /home/maxim/super_ws/install/px4_msgs/share/px4_msgs/msg/ActuatorMotors.json\n'}
[1.738032] (px4_msgs) StdoutLine: {'line': b'-- Up-to-date symlink: /home/maxim/super_ws/install/px4_msgs/share/px4_msgs/msg/ActuatorOutputs.json\n'}
[1.738136] (px4_msgs) StdoutLine: {'line': b'-- Up-to-date symlink: /home/maxim/super_ws/install/px4_msgs/share/px4_msgs/msg/ActuatorServos.json\n'}
[1.738211] (px4_msgs) StdoutLine: {'line': b'-- Up-to-date symlink: /home/maxim/super_ws/install/px4_msgs/share/px4_msgs/msg/ActuatorServosTrim.json\n'}
[1.738326] (px4_msgs) StdoutLine: {'line': b'-- Up-to-date symlink: /home/maxim/super_ws/install/px4_msgs/share/px4_msgs/msg/ActuatorTest.json\n'}
[1.738440] (px4_msgs) StdoutLine: {'line': b'-- Up-to-date symlink: /home/maxim/super_ws/install/px4_msgs/share/px4_msgs/msg/AdcReport.json\n'}
[1.738526] (px4_msgs) StdoutLine: {'line': b'-- Up-to-date symlink: /home/maxim/super_ws/install/px4_msgs/share/px4_msgs/msg/Airspeed.json\n'}
[1.738645] (px4_msgs) StdoutLine: {'line': b'-- Up-to-date symlink: /home/maxim/super_ws/install/px4_msgs/share/px4_msgs/msg/AirspeedValidated.json\n'}
[1.738881] (px4_msgs) StdoutLine: {'line': b'-- Up-to-date symlink: /home/maxim/super_ws/install/px4_msgs/share/px4_msgs/msg/AirspeedWind.json\n'}
[1.738965] (px4_msgs) StdoutLine: {'line': b'-- Up-to-date symlink: /home/maxim/super_ws/install/px4_msgs/share/px4_msgs/msg/ArmingCheckReply.json\n'}
[1.739079] (px4_msgs) StdoutLine: {'line': b'-- Up-to-date symlink: /home/maxim/super_ws/install/px4_msgs/share/px4_msgs/msg/ArmingCheckRequest.json\n'}
[1.739193] (px4_msgs) StdoutLine: {'line': b'-- Up-to-date symlink: /home/maxim/super_ws/install/px4_msgs/share/px4_msgs/msg/AutotuneAttitudeControlStatus.json\n'}
[1.739306] (px4_msgs) StdoutLine: {'line': b'-- Up-to-date symlink: /home/maxim/super_ws/install/px4_msgs/share/px4_msgs/msg/AuxGlobalPosition.json\n'}
[1.739417] (px4_msgs) StdoutLine: {'line': b'-- Up-to-date symlink: /home/maxim/super_ws/install/px4_msgs/share/px4_msgs/msg/BatteryInfo.json\n'}
[1.739496] (px4_msgs) StdoutLine: {'line': b'-- Up-to-date symlink: /home/maxim/super_ws/install/px4_msgs/share/px4_msgs/msg/BatteryStatus.json\n'}
[1.739605] (px4_msgs) StdoutLine: {'line': b'-- Up-to-date symlink: /home/maxim/super_ws/install/px4_msgs/share/px4_msgs/msg/ButtonEvent.json\n'}
[1.739724] (px4_msgs) StdoutLine: {'line': b'-- Up-to-date symlink: /home/maxim/super_ws/install/px4_msgs/share/px4_msgs/msg/CameraCapture.json\n'}
[1.739834] (px4_msgs) StdoutLine: {'line': b'-- Up-to-date symlink: /home/maxim/super_ws/install/px4_msgs/share/px4_msgs/msg/CameraStatus.json\n'}
[1.739987] (px4_msgs) StdoutLine: {'line': b'-- Up-to-date symlink: /home/maxim/super_ws/install/px4_msgs/share/px4_msgs/msg/CameraTrigger.json\n'}
[1.740061] (px4_msgs) StdoutLine: {'line': b'-- Up-to-date symlink: /home/maxim/super_ws/install/px4_msgs/share/px4_msgs/msg/CanInterfaceStatus.json\n'}
[1.740171] (px4_msgs) StdoutLine: {'line': b'-- Up-to-date symlink: /home/maxim/super_ws/install/px4_msgs/share/px4_msgs/msg/CellularStatus.json\n'}
[1.740323] (px4_msgs) StdoutLine: {'line': b'-- Up-to-date symlink: /home/maxim/super_ws/install/px4_msgs/share/px4_msgs/msg/CollisionConstraints.json\n'}
[1.740404] (px4_msgs) StdoutLine: {'line': b'-- Up-to-date symlink: /home/maxim/super_ws/install/px4_msgs/share/px4_msgs/msg/ConfigOverrides.json\n'}
[1.740542] (px4_msgs) StdoutLine: {'line': b'-- Up-to-date symlink: /home/maxim/super_ws/install/px4_msgs/share/px4_msgs/msg/ControlAllocatorStatus.json\n'}
[1.740652] (px4_msgs) StdoutLine: {'line': b'-- Up-to-date symlink: /home/maxim/super_ws/install/px4_msgs/share/px4_msgs/msg/Cpuload.json\n'}
[1.740852] (px4_msgs) StdoutLine: {'line': b'-- Up-to-date symlink: /home/maxim/super_ws/install/px4_msgs/share/px4_msgs/msg/DatamanRequest.json\n'}
[1.741003] (px4_msgs) StdoutLine: {'line': b'-- Up-to-date symlink: /home/maxim/super_ws/install/px4_msgs/share/px4_msgs/msg/DatamanResponse.json\n'}
[1.741090] (px4_msgs) StdoutLine: {'line': b'-- Up-to-date symlink: /home/maxim/super_ws/install/px4_msgs/share/px4_msgs/msg/DebugArray.json\n'}
[1.741229] (px4_msgs) StdoutLine: {'line': b'-- Up-to-date symlink: /home/maxim/super_ws/install/px4_msgs/share/px4_msgs/msg/DebugKeyValue.json\n'}
[1.741326] (px4_msgs) StdoutLine: {'line': b'-- Up-to-date symlink: /home/maxim/super_ws/install/px4_msgs/share/px4_msgs/msg/DebugValue.json\n'}
[1.741398] (px4_msgs) StdoutLine: {'line': b'-- Up-to-date symlink: /home/maxim/super_ws/install/px4_msgs/share/px4_msgs/msg/DebugVect.json\n'}
[1.741471] (px4_msgs) StdoutLine: {'line': b'-- Up-to-date symlink: /home/maxim/super_ws/install/px4_msgs/share/px4_msgs/msg/DeviceInformation.json\n'}
[1.741545] (px4_msgs) StdoutLine: {'line': b'-- Up-to-date symlink: /home/maxim/super_ws/install/px4_msgs/share/px4_msgs/msg/DifferentialPressure.json\n'}
[1.741748] (px4_msgs) StdoutLine: {'line': b'-- Up-to-date symlink: /home/maxim/super_ws/install/px4_msgs/share/px4_msgs/msg/DistanceSensor.json\n'}
[1.741886] (px4_msgs) StdoutLine: {'line': b'-- Up-to-date symlink: /home/maxim/super_ws/install/px4_msgs/share/px4_msgs/msg/DistanceSensorModeChangeRequest.json\n'}
[1.741969] (px4_msgs) StdoutLine: {'line': b'-- Up-to-date symlink: /home/maxim/super_ws/install/px4_msgs/share/px4_msgs/msg/DronecanNodeStatus.json\n'}
[1.742045] (px4_msgs) StdoutLine: {'line': b'-- Up-to-date symlink: /home/maxim/super_ws/install/px4_msgs/share/px4_msgs/msg/Ekf2Timestamps.json\n'}
[1.742141] (px4_msgs) StdoutLine: {'line': b'-- Up-to-date symlink: /home/maxim/super_ws/install/px4_msgs/share/px4_msgs/msg/EscEepromRead.json\n'}
[1.742224] (px4_msgs) StdoutLine: {'line': b'-- Up-to-date symlink: /home/maxim/super_ws/install/px4_msgs/share/px4_msgs/msg/EscEepromWrite.json\n'}
[1.742336] (px4_msgs) StdoutLine: {'line': b'-- Up-to-date symlink: /home/maxim/super_ws/install/px4_msgs/share/px4_msgs/msg/EscReport.json\n'}
[1.742475] (px4_msgs) StdoutLine: {'line': b'-- Up-to-date symlink: /home/maxim/super_ws/install/px4_msgs/share/px4_msgs/msg/EscStatus.json\n'}
[1.742564] (px4_msgs) StdoutLine: {'line': b'-- Up-to-date symlink: /home/maxim/super_ws/install/px4_msgs/share/px4_msgs/msg/EstimatorAidSource1d.json\n'}
[1.742727] (px4_msgs) StdoutLine: {'line': b'-- Up-to-date symlink: /home/maxim/super_ws/install/px4_msgs/share/px4_msgs/msg/EstimatorAidSource2d.json\n'}
[1.742865] (px4_msgs) StdoutLine: {'line': b'-- Up-to-date symlink: /home/maxim/super_ws/install/px4_msgs/share/px4_msgs/msg/EstimatorAidSource3d.json\n'}
[1.742963] (px4_msgs) StdoutLine: {'line': b'-- Up-to-date symlink: /home/maxim/super_ws/install/px4_msgs/share/px4_msgs/msg/EstimatorBias.json\n'}
[1.743043] (px4_msgs) StdoutLine: {'line': b'-- Up-to-date symlink: /home/maxim/super_ws/install/px4_msgs/share/px4_msgs/msg/EstimatorBias3d.json\n'}
[1.743180] (px4_msgs) StdoutLine: {'line': b'-- Up-to-date symlink: /home/maxim/super_ws/install/px4_msgs/share/px4_msgs/msg/EstimatorEventFlags.json\n'}
[1.743288] (px4_msgs) StdoutLine: {'line': b'-- Up-to-date symlink: /home/maxim/super_ws/install/px4_msgs/share/px4_msgs/msg/EstimatorFusionControl.json\n'}
[1.743408] (px4_msgs) StdoutLine: {'line': b'-- Up-to-date symlink: /home/maxim/super_ws/install/px4_msgs/share/px4_msgs/msg/EstimatorGpsStatus.json\n'}
[1.743554] (px4_msgs) StdoutLine: {'line': b'-- Up-to-date symlink: /home/maxim/super_ws/install/px4_msgs/share/px4_msgs/msg/EstimatorInnovations.json\n'}
[1.743631] (px4_msgs) StdoutLine: {'line': b'-- Up-to-date symlink: /home/maxim/super_ws/install/px4_msgs/share/px4_msgs/msg/EstimatorSelectorStatus.json\n'}
[1.743751] (px4_msgs) StdoutLine: {'line': b'-- Up-to-date symlink: /home/maxim/super_ws/install/px4_msgs/share/px4_msgs/msg/EstimatorSensorBias.json\n'}
[1.743827] (px4_msgs) StdoutLine: {'line': b'-- Up-to-date symlink: /home/maxim/super_ws/install/px4_msgs/share/px4_msgs/msg/EstimatorStates.json\n'}
[1.743938] (px4_msgs) StdoutLine: {'line': b'-- Up-to-date symlink: /home/maxim/super_ws/install/px4_msgs/share/px4_msgs/msg/EstimatorStatus.json\n'}
[1.744091] (px4_msgs) StdoutLine: {'line': b'-- Up-to-date symlink: /home/maxim/super_ws/install/px4_msgs/share/px4_msgs/msg/EstimatorStatusFlags.json\n'}
[1.744266] (px4_msgs) StdoutLine: {'line': b'-- Up-to-date symlink: /home/maxim/super_ws/install/px4_msgs/share/px4_msgs/msg/Event.json\n'}
[1.744422] (px4_msgs) StdoutLine: {'line': b'-- Up-to-date symlink: /home/maxim/super_ws/install/px4_msgs/share/px4_msgs/msg/FailsafeFlags.json\n'}
[1.744509] (px4_msgs) StdoutLine: {'line': b'-- Up-to-date symlink: /home/maxim/super_ws/install/px4_msgs/share/px4_msgs/msg/FailureDetectorStatus.json\n'}
[1.744585] (px4_msgs) StdoutLine: {'line': b'-- Up-to-date symlink: /home/maxim/super_ws/install/px4_msgs/share/px4_msgs/msg/FiducialMarkerPosReport.json\n'}
[1.744670] (px4_msgs) StdoutLine: {'line': b'-- Up-to-date symlink: /home/maxim/super_ws/install/px4_msgs/share/px4_msgs/msg/FiducialMarkerYawReport.json\n'}
[1.744792] (px4_msgs) StdoutLine: {'line': b'-- Up-to-date symlink: /home/maxim/super_ws/install/px4_msgs/share/px4_msgs/msg/FigureEightStatus.json\n'}
[1.744915] (px4_msgs) StdoutLine: {'line': b'-- Up-to-date symlink: /home/maxim/super_ws/install/px4_msgs/share/px4_msgs/msg/FixedWingLateralGuidanceStatus.json\n'}
[1.745028] (px4_msgs) StdoutLine: {'line': b'-- Up-to-date symlink: /home/maxim/super_ws/install/px4_msgs/share/px4_msgs/msg/FixedWingLateralSetpoint.json\n'}
[1.745138] (px4_msgs) StdoutLine: {'line': b'-- Up-to-date symlink: /home/maxim/super_ws/install/px4_msgs/share/px4_msgs/msg/FixedWingLateralStatus.json\n'}
[1.745250] (px4_msgs) StdoutLine: {'line': b'-- Up-to-date symlink: /home/maxim/super_ws/install/px4_msgs/share/px4_msgs/msg/FixedWingLongitudinalSetpoint.json\n'}
[1.745364] (px4_msgs) StdoutLine: {'line': b'-- Up-to-date symlink: /home/maxim/super_ws/install/px4_msgs/share/px4_msgs/msg/FixedWingRunwayControl.json\n'}
[1.745439] (px4_msgs) StdoutLine: {'line': b'-- Up-to-date symlink: /home/maxim/super_ws/install/px4_msgs/share/px4_msgs/msg/FlightPhaseEstimation.json\n'}
[1.745551] (px4_msgs) StdoutLine: {'line': b'-- Up-to-date symlink: /home/maxim/super_ws/install/px4_msgs/share/px4_msgs/msg/FollowTarget.json\n'}
[1.745669] (px4_msgs) StdoutLine: {'line': b'-- Up-to-date symlink: /home/maxim/super_ws/install/px4_msgs/share/px4_msgs/msg/FollowTargetEstimator.json\n'}
[1.745804] (px4_msgs) StdoutLine: {'line': b'-- Up-to-date symlink: /home/maxim/super_ws/install/px4_msgs/share/px4_msgs/msg/FollowTargetStatus.json\n'}
[1.745959] (px4_msgs) StdoutLine: {'line': b'-- Up-to-date symlink: /home/maxim/super_ws/install/px4_msgs/share/px4_msgs/msg/FuelTankStatus.json\n'}
[1.746102] (px4_msgs) StdoutLine: {'line': b'-- Up-to-date symlink: /home/maxim/super_ws/install/px4_msgs/share/px4_msgs/msg/GainCompression.json\n'}
[1.746254] (px4_msgs) StdoutLine: {'line': b'-- Up-to-date symlink: /home/maxim/super_ws/install/px4_msgs/share/px4_msgs/msg/GeneratorStatus.json\n'}
[1.746390] (px4_msgs) StdoutLine: {'line': b'-- Up-to-date symlink: /home/maxim/super_ws/install/px4_msgs/share/px4_msgs/msg/GeofenceResult.json\n'}
[1.746465] (px4_msgs) StdoutLine: {'line': b'-- Up-to-date symlink: /home/maxim/super_ws/install/px4_msgs/share/px4_msgs/msg/GeofenceStatus.json\n'}
[1.746525] (px4_msgs) StdoutLine: {'line': b'-- Up-to-date symlink: /home/maxim/super_ws/install/px4_msgs/share/px4_msgs/msg/GimbalControls.json\n'}
[1.746600] (px4_msgs) StdoutLine: {'line': b'-- Up-to-date symlink: /home/maxim/super_ws/install/px4_msgs/share/px4_msgs/msg/GimbalDeviceAttitudeStatus.json\n'}
[1.746745] (px4_msgs) StdoutLine: {'line': b'-- Up-to-date symlink: /home/maxim/super_ws/install/px4_msgs/share/px4_msgs/msg/GimbalDeviceInformation.json\n'}
[1.746850] (px4_msgs) StdoutLine: {'line': b'-- Up-to-date symlink: /home/maxim/super_ws/install/px4_msgs/share/px4_msgs/msg/GimbalDeviceSetAttitude.json\n'}
[1.746984] (px4_msgs) StdoutLine: {'line': b'-- Up-to-date symlink: /home/maxim/super_ws/install/px4_msgs/share/px4_msgs/msg/GimbalManagerInformation.json\n'}
[1.747105] (px4_msgs) StdoutLine: {'line': b'-- Up-to-date symlink: /home/maxim/super_ws/install/px4_msgs/share/px4_msgs/msg/GimbalManagerSetAttitude.json\n'}
[1.747193] (px4_msgs) StdoutLine: {'line': b'-- Up-to-date symlink: /home/maxim/super_ws/install/px4_msgs/share/px4_msgs/msg/GimbalManagerSetManualControl.json\n'}
[1.747290] (px4_msgs) StdoutLine: {'line': b'-- Up-to-date symlink: /home/maxim/super_ws/install/px4_msgs/share/px4_msgs/msg/GimbalManagerStatus.json\n'}
[1.747425] (px4_msgs) StdoutLine: {'line': b'-- Up-to-date symlink: /home/maxim/super_ws/install/px4_msgs/share/px4_msgs/msg/GotoSetpoint.json\n'}
[1.747514] (px4_msgs) StdoutLine: {'line': b'-- Up-to-date symlink: /home/maxim/super_ws/install/px4_msgs/share/px4_msgs/msg/GpioConfig.json\n'}
[1.747594] (px4_msgs) StdoutLine: {'line': b'-- Up-to-date symlink: /home/maxim/super_ws/install/px4_msgs/share/px4_msgs/msg/GpioIn.json\n'}
[1.747708] (px4_msgs) StdoutLine: {'line': b'-- Up-to-date symlink: /home/maxim/super_ws/install/px4_msgs/share/px4_msgs/msg/GpioOut.json\n'}
[1.747845] (px4_msgs) StdoutLine: {'line': b'-- Up-to-date symlink: /home/maxim/super_ws/install/px4_msgs/share/px4_msgs/msg/GpioRequest.json\n'}
[1.747963] (px4_msgs) StdoutLine: {'line': b'-- Up-to-date symlink: /home/maxim/super_ws/install/px4_msgs/share/px4_msgs/msg/GpsDump.json\n'}
[1.748105] (px4_msgs) StdoutLine: {'line': b'-- Up-to-date symlink: /home/maxim/super_ws/install/px4_msgs/share/px4_msgs/msg/GpsInjectData.json\n'}
[1.748201] (px4_msgs) StdoutLine: {'line': b'-- Up-to-date symlink: /home/maxim/super_ws/install/px4_msgs/share/px4_msgs/msg/Gripper.json\n'}
[1.748345] (px4_msgs) StdoutLine: {'line': b'-- Up-to-date symlink: /home/maxim/super_ws/install/px4_msgs/share/px4_msgs/msg/HealthReport.json\n'}
[1.748453] (px4_msgs) StdoutLine: {'line': b'-- Up-to-date symlink: /home/maxim/super_ws/install/px4_msgs/share/px4_msgs/msg/HeaterStatus.json\n'}
[1.748559] (px4_msgs) StdoutLine: {'line': b'-- Up-to-date symlink: /home/maxim/super_ws/install/px4_msgs/share/px4_msgs/msg/HomePosition.json\n'}
[1.748645] (px4_msgs) StdoutLine: {'line': b'-- Up-to-date symlink: /home/maxim/super_ws/install/px4_msgs/share/px4_msgs/msg/HoverThrustEstimate.json\n'}
[1.748753] (px4_msgs) StdoutLine: {'line': b'-- Up-to-date symlink: /home/maxim/super_ws/install/px4_msgs/share/px4_msgs/msg/InputRc.json\n'}
[1.748867] (px4_msgs) StdoutLine: {'line': b'-- Up-to-date symlink: /home/maxim/super_ws/install/px4_msgs/share/px4_msgs/msg/InternalCombustionEngineControl.json\n'}
[1.749017] (px4_msgs) StdoutLine: {'line': b'-- Up-to-date symlink: /home/maxim/super_ws/install/px4_msgs/share/px4_msgs/msg/InternalCombustionEngineStatus.json\n'}
[1.749110] (px4_msgs) StdoutLine: {'line': b'-- Up-to-date symlink: /home/maxim/super_ws/install/px4_msgs/share/px4_msgs/msg/IridiumsbdStatus.json\n'}
[1.749244] (px4_msgs) StdoutLine: {'line': b'-- Up-to-date symlink: /home/maxim/super_ws/install/px4_msgs/share/px4_msgs/msg/IrlockReport.json\n'}
[1.749337] (px4_msgs) StdoutLine: {'line': b'-- Up-to-date symlink: /home/maxim/super_ws/install/px4_msgs/share/px4_msgs/msg/LandingGear.json\n'}
[1.749435] (px4_msgs) StdoutLine: {'line': b'-- Up-to-date symlink: /home/maxim/super_ws/install/px4_msgs/share/px4_msgs/msg/LandingGearWheel.json\n'}
[1.749522] (px4_msgs) StdoutLine: {'line': b'-- Up-to-date symlink: /home/maxim/super_ws/install/px4_msgs/share/px4_msgs/msg/LandingTargetInnovations.json\n'}
[1.749633] (px4_msgs) StdoutLine: {'line': b'-- Up-to-date symlink: /home/maxim/super_ws/install/px4_msgs/share/px4_msgs/msg/LandingTargetPose.json\n'}
[1.749751] (px4_msgs) StdoutLine: {'line': b'-- Up-to-date symlink: /home/maxim/super_ws/install/px4_msgs/share/px4_msgs/msg/LateralControlConfiguration.json\n'}
[1.749891] (px4_msgs) StdoutLine: {'line': b'-- Up-to-date symlink: /home/maxim/super_ws/install/px4_msgs/share/px4_msgs/msg/LaunchDetectionStatus.json\n'}
[1.749976] (px4_msgs) StdoutLine: {'line': b'-- Up-to-date symlink: /home/maxim/super_ws/install/px4_msgs/share/px4_msgs/msg/LedControl.json\n'}
[1.750088] (px4_msgs) StdoutLine: {'line': b'-- Up-to-date symlink: /home/maxim/super_ws/install/px4_msgs/share/px4_msgs/msg/LogMessage.json\n'}
[1.750199] (px4_msgs) StdoutLine: {'line': b'-- Up-to-date symlink: /home/maxim/super_ws/install/px4_msgs/share/px4_msgs/msg/LoggerStatus.json\n'}
[1.750314] (px4_msgs) StdoutLine: {'line': b'-- Up-to-date symlink: /home/maxim/super_ws/install/px4_msgs/share/px4_msgs/msg/LongitudinalControlConfiguration.json\n'}
[1.750426] (px4_msgs) StdoutLine: {'line': b'-- Up-to-date symlink: /home/maxim/super_ws/install/px4_msgs/share/px4_msgs/msg/MagWorkerData.json\n'}
[1.750548] (px4_msgs) StdoutLine: {'line': b'-- Up-to-date symlink: /home/maxim/super_ws/install/px4_msgs/share/px4_msgs/msg/MagnetometerBiasEstimate.json\n'}
[1.750722] (px4_msgs) StdoutLine: {'line': b'-- Up-to-date symlink: /home/maxim/super_ws/install/px4_msgs/share/px4_msgs/msg/ManualControlSetpoint.json\n'}
[1.750909] (px4_msgs) StdoutLine: {'line': b'-- Up-to-date symlink: /home/maxim/super_ws/install/px4_msgs/share/px4_msgs/msg/ManualControlSwitches.json\n'}
[1.751054] (px4_msgs) StdoutLine: {'line': b'-- Up-to-date symlink: /home/maxim/super_ws/install/px4_msgs/share/px4_msgs/msg/MavlinkLog.json\n'}
[1.751122] (px4_msgs) StdoutLine: {'line': b'-- Up-to-date symlink: /home/maxim/super_ws/install/px4_msgs/share/px4_msgs/msg/MavlinkTunnel.json\n'}
[1.751200] (px4_msgs) StdoutLine: {'line': b'-- Up-to-date symlink: /home/maxim/super_ws/install/px4_msgs/share/px4_msgs/msg/MessageFormatRequest.json\n'}
[1.751291] (px4_msgs) StdoutLine: {'line': b'-- Up-to-date symlink: /home/maxim/super_ws/install/px4_msgs/share/px4_msgs/msg/MessageFormatResponse.json\n'}
[1.751384] (px4_msgs) StdoutLine: {'line': b'-- Up-to-date symlink: /home/maxim/super_ws/install/px4_msgs/share/px4_msgs/msg/Mission.json\n'}
[1.751485] (px4_msgs) StdoutLine: {'line': b'-- Up-to-date symlink: /home/maxim/super_ws/install/px4_msgs/share/px4_msgs/msg/MissionResult.json\n'}
[1.751574] (px4_msgs) StdoutLine: {'line': b'-- Up-to-date symlink: /home/maxim/super_ws/install/px4_msgs/share/px4_msgs/msg/ModeCompleted.json\n'}
[1.751713] (px4_msgs) StdoutLine: {'line': b'-- Up-to-date symlink: /home/maxim/super_ws/install/px4_msgs/share/px4_msgs/msg/MountOrientation.json\n'}
[1.751829] (px4_msgs) StdoutLine: {'line': b'-- Up-to-date symlink: /home/maxim/super_ws/install/px4_msgs/share/px4_msgs/msg/NavigatorMissionItem.json\n'}
[1.751971] (px4_msgs) StdoutLine: {'line': b'-- Up-to-date symlink: /home/maxim/super_ws/install/px4_msgs/share/px4_msgs/msg/NavigatorStatus.json\n'}
[1.752093] (px4_msgs) StdoutLine: {'line': b'-- Up-to-date symlink: /home/maxim/super_ws/install/px4_msgs/share/px4_msgs/msg/NeuralControl.json\n'}
[1.752171] (px4_msgs) StdoutLine: {'line': b'-- Up-to-date symlink: /home/maxim/super_ws/install/px4_msgs/share/px4_msgs/msg/NormalizedUnsignedSetpoint.json\n'}
[1.752284] (px4_msgs) StdoutLine: {'line': b'-- Up-to-date symlink: /home/maxim/super_ws/install/px4_msgs/share/px4_msgs/msg/ObstacleDistance.json\n'}
[1.752369] (px4_msgs) StdoutLine: {'line': b'-- Up-to-date symlink: /home/maxim/super_ws/install/px4_msgs/share/px4_msgs/msg/OffboardControlMode.json\n'}
[1.752506] (px4_msgs) StdoutLine: {'line': b'-- Up-to-date symlink: /home/maxim/super_ws/install/px4_msgs/share/px4_msgs/msg/OnboardComputerStatus.json\n'}
[1.752592] (px4_msgs) StdoutLine: {'line': b'-- Up-to-date symlink: /home/maxim/super_ws/install/px4_msgs/share/px4_msgs/msg/OpenDroneIdArmStatus.json\n'}
[1.752766] (px4_msgs) StdoutLine: {'line': b'-- Up-to-date symlink: /home/maxim/super_ws/install/px4_msgs/share/px4_msgs/msg/OpenDroneIdOperatorId.json\n'}
[1.752876] (px4_msgs) StdoutLine: {'line': b'-- Up-to-date symlink: /home/maxim/super_ws/install/px4_msgs/share/px4_msgs/msg/OpenDroneIdSelfId.json\n'}
[1.752949] (px4_msgs) StdoutLine: {'line': b'-- Up-to-date symlink: /home/maxim/super_ws/install/px4_msgs/share/px4_msgs/msg/OpenDroneIdSystem.json\n'}
[1.753071] (px4_msgs) StdoutLine: {'line': b'-- Up-to-date symlink: /home/maxim/super_ws/install/px4_msgs/share/px4_msgs/msg/OrbTest.json\n'}
[1.753206] (px4_msgs) StdoutLine: {'line': b'-- Up-to-date symlink: /home/maxim/super_ws/install/px4_msgs/share/px4_msgs/msg/OrbTestLarge.json\n'}
[1.753348] (px4_msgs) StdoutLine: {'line': b'-- Up-to-date symlink: /home/maxim/super_ws/install/px4_msgs/share/px4_msgs/msg/OrbTestMedium.json\n'}
[1.753434] (px4_msgs) StdoutLine: {'line': b'-- Up-to-date symlink: /home/maxim/super_ws/install/px4_msgs/share/px4_msgs/msg/OrbitStatus.json\n'}
[1.753522] (px4_msgs) StdoutLine: {'line': b'-- Up-to-date symlink: /home/maxim/super_ws/install/px4_msgs/share/px4_msgs/msg/ParameterResetRequest.json\n'}
[1.753605] (px4_msgs) StdoutLine: {'line': b'-- Up-to-date symlink: /home/maxim/super_ws/install/px4_msgs/share/px4_msgs/msg/ParameterSetUsedRequest.json\n'}
[1.753747] (px4_msgs) StdoutLine: {'line': b'-- Up-to-date symlink: /home/maxim/super_ws/install/px4_msgs/share/px4_msgs/msg/ParameterSetValueRequest.json\n'}
[1.753857] (px4_msgs) StdoutLine: {'line': b'-- Up-to-date symlink: /home/maxim/super_ws/install/px4_msgs/share/px4_msgs/msg/ParameterSetValueResponse.json\n'}
[1.753997] (px4_msgs) StdoutLine: {'line': b'-- Up-to-date symlink: /home/maxim/super_ws/install/px4_msgs/share/px4_msgs/msg/ParameterUpdate.json\n'}
[1.754107] (px4_msgs) StdoutLine: {'line': b'-- Up-to-date symlink: /home/maxim/super_ws/install/px4_msgs/share/px4_msgs/msg/Ping.json\n'}
[1.754219] (px4_msgs) StdoutLine: {'line': b'-- Up-to-date symlink: /home/maxim/super_ws/install/px4_msgs/share/px4_msgs/msg/PositionControllerLandingStatus.json\n'}
[1.754310] (px4_msgs) StdoutLine: {'line': b'-- Up-to-date symlink: /home/maxim/super_ws/install/px4_msgs/share/px4_msgs/msg/PositionControllerStatus.json\n'}
[1.754394] (px4_msgs) StdoutLine: {'line': b'-- Up-to-date symlink: /home/maxim/super_ws/install/px4_msgs/share/px4_msgs/msg/PositionSetpoint.json\n'}
[1.754505] (px4_msgs) StdoutLine: {'line': b'-- Up-to-date symlink: /home/maxim/super_ws/install/px4_msgs/share/px4_msgs/msg/PositionSetpointTriplet.json\n'}
[1.754616] (px4_msgs) StdoutLine: {'line': b'-- Up-to-date symlink: /home/maxim/super_ws/install/px4_msgs/share/px4_msgs/msg/PowerButtonState.json\n'}
[1.754757] (px4_msgs) StdoutLine: {'line': b'-- Up-to-date symlink: /home/maxim/super_ws/install/px4_msgs/share/px4_msgs/msg/PowerMonitor.json\n'}
[1.754914] (px4_msgs) StdoutLine: {'line': b'-- Up-to-date symlink: /home/maxim/super_ws/install/px4_msgs/share/px4_msgs/msg/PpsCapture.json\n'}
[1.755048] (px4_msgs) StdoutLine: {'line': b'-- Up-to-date symlink: /home/maxim/super_ws/install/px4_msgs/share/px4_msgs/msg/PrecLandStatus.json\n'}
[1.755169] (px4_msgs) StdoutLine: {'line': b'-- Up-to-date symlink: /home/maxim/super_ws/install/px4_msgs/share/px4_msgs/msg/PurePursuitStatus.json\n'}
[1.755293] (px4_msgs) StdoutLine: {'line': b'-- Up-to-date symlink: /home/maxim/super_ws/install/px4_msgs/share/px4_msgs/msg/PwmInput.json\n'}
[1.755371] (px4_msgs) StdoutLine: {'line': b'-- Up-to-date symlink: /home/maxim/super_ws/install/px4_msgs/share/px4_msgs/msg/Px4ioStatus.json\n'}
[1.755443] (px4_msgs) StdoutLine: {'line': b'-- Up-to-date symlink: /home/maxim/super_ws/install/px4_msgs/share/px4_msgs/msg/QshellReq.json\n'}
[1.755550] (px4_msgs) StdoutLine: {'line': b'-- Up-to-date symlink: /home/maxim/super_ws/install/px4_msgs/share/px4_msgs/msg/QshellRetval.json\n'}
[1.755643] (px4_msgs) StdoutLine: {'line': b'-- Up-to-date symlink: /home/maxim/super_ws/install/px4_msgs/share/px4_msgs/msg/RadioStatus.json\n'}
[1.755796] (px4_msgs) StdoutLine: {'line': b'-- Up-to-date symlink: /home/maxim/super_ws/install/px4_msgs/share/px4_msgs/msg/RangingBeacon.json\n'}
[1.755904] (px4_msgs) StdoutLine: {'line': b'-- Up-to-date symlink: /home/maxim/super_ws/install/px4_msgs/share/px4_msgs/msg/RaptorInput.json\n'}
[1.756016] (px4_msgs) StdoutLine: {'line': b'-- Up-to-date symlink: /home/maxim/super_ws/install/px4_msgs/share/px4_msgs/msg/RaptorStatus.json\n'}
[1.756133] (px4_msgs) StdoutLine: {'line': b'-- Up-to-date symlink: /home/maxim/super_ws/install/px4_msgs/share/px4_msgs/msg/RateCtrlStatus.json\n'}
[1.756240] (px4_msgs) StdoutLine: {'line': b'-- Up-to-date symlink: /home/maxim/super_ws/install/px4_msgs/share/px4_msgs/msg/RcChannels.json\n'}
[1.756315] (px4_msgs) StdoutLine: {'line': b'-- Up-to-date symlink: /home/maxim/super_ws/install/px4_msgs/share/px4_msgs/msg/RcParameterMap.json\n'}
[1.756424] (px4_msgs) StdoutLine: {'line': b'-- Up-to-date symlink: /home/maxim/super_ws/install/px4_msgs/share/px4_msgs/msg/RegisterExtComponentReply.json\n'}
[1.756536] (px4_msgs) StdoutLine: {'line': b'-- Up-to-date symlink: /home/maxim/super_ws/install/px4_msgs/share/px4_msgs/msg/RegisterExtComponentRequest.json\n'}
[1.756652] (px4_msgs) StdoutLine: {'line': b'-- Up-to-date symlink: /home/maxim/super_ws/install/px4_msgs/share/px4_msgs/msg/RoverAttitudeSetpoint.json\n'}
[1.756765] (px4_msgs) StdoutLine: {'line': b'-- Up-to-date symlink: /home/maxim/super_ws/install/px4_msgs/share/px4_msgs/msg/RoverAttitudeStatus.json\n'}
[1.756927] (px4_msgs) StdoutLine: {'line': b'-- Up-to-date symlink: /home/maxim/super_ws/install/px4_msgs/share/px4_msgs/msg/RoverPositionSetpoint.json\n'}
[1.756995] (px4_msgs) StdoutLine: {'line': b'-- Up-to-date symlink: /home/maxim/super_ws/install/px4_msgs/share/px4_msgs/msg/RoverRateSetpoint.json\n'}
[1.757132] (px4_msgs) StdoutLine: {'line': b'-- Up-to-date symlink: /home/maxim/super_ws/install/px4_msgs/share/px4_msgs/msg/RoverRateStatus.json\n'}
[1.757232] (px4_msgs) StdoutLine: {'line': b'-- Up-to-date symlink: /home/maxim/super_ws/install/px4_msgs/share/px4_msgs/msg/RoverSpeedSetpoint.json\n'}
[1.757359] (px4_msgs) StdoutLine: {'line': b'-- Up-to-date symlink: /home/maxim/super_ws/install/px4_msgs/share/px4_msgs/msg/RoverSpeedStatus.json\n'}
[1.757459] (px4_msgs) StdoutLine: {'line': b'-- Up-to-date symlink: /home/maxim/super_ws/install/px4_msgs/share/px4_msgs/msg/RoverSteeringSetpoint.json\n'}
[1.757578] (px4_msgs) StdoutLine: {'line': b'-- Up-to-date symlink: /home/maxim/super_ws/install/px4_msgs/share/px4_msgs/msg/RoverThrottleSetpoint.json\n'}
[1.757726] (px4_msgs) StdoutLine: {'line': b'-- Up-to-date symlink: /home/maxim/super_ws/install/px4_msgs/share/px4_msgs/msg/Rpm.json\n'}
[1.757827] (px4_msgs) StdoutLine: {'line': b'-- Up-to-date symlink: /home/maxim/super_ws/install/px4_msgs/share/px4_msgs/msg/RtlStatus.json\n'}
[1.757968] (px4_msgs) StdoutLine: {'line': b'-- Up-to-date symlink: /home/maxim/super_ws/install/px4_msgs/share/px4_msgs/msg/RtlTimeEstimate.json\n'}
[1.758079] (px4_msgs) StdoutLine: {'line': b'-- Up-to-date symlink: /home/maxim/super_ws/install/px4_msgs/share/px4_msgs/msg/SatelliteInfo.json\n'}
[1.758178] (px4_msgs) StdoutLine: {'line': b'-- Up-to-date symlink: /home/maxim/super_ws/install/px4_msgs/share/px4_msgs/msg/SensorAccel.json\n'}
[1.758321] (px4_msgs) StdoutLine: {'line': b'-- Up-to-date symlink: /home/maxim/super_ws/install/px4_msgs/share/px4_msgs/msg/SensorAccelFifo.json\n'}
[1.758428] (px4_msgs) StdoutLine: {'line': b'-- Up-to-date symlink: /home/maxim/super_ws/install/px4_msgs/share/px4_msgs/msg/SensorAirflow.json\n'}
[1.758504] (px4_msgs) StdoutLine: {'line': b'-- Up-to-date symlink: /home/maxim/super_ws/install/px4_msgs/share/px4_msgs/msg/SensorBaro.json\n'}
[1.758612] (px4_msgs) StdoutLine: {'line': b'-- Up-to-date symlink: /home/maxim/super_ws/install/px4_msgs/share/px4_msgs/msg/SensorCombined.json\n'}
[1.758746] (px4_msgs) StdoutLine: {'line': b'-- Up-to-date symlink: /home/maxim/super_ws/install/px4_msgs/share/px4_msgs/msg/SensorCorrection.json\n'}
[1.758856] (px4_msgs) StdoutLine: {'line': b'-- Up-to-date symlink: /home/maxim/super_ws/install/px4_msgs/share/px4_msgs/msg/SensorGnssRelative.json\n'}
[1.758964] (px4_msgs) StdoutLine: {'line': b'-- Up-to-date symlink: /home/maxim/super_ws/install/px4_msgs/share/px4_msgs/msg/SensorGnssStatus.json\n'}
[1.759045] (px4_msgs) StdoutLine: {'line': b'-- Up-to-date symlink: /home/maxim/super_ws/install/px4_msgs/share/px4_msgs/msg/SensorGps.json\n'}
[1.759155] (px4_msgs) StdoutLine: {'line': b'-- Up-to-date symlink: /home/maxim/super_ws/install/px4_msgs/share/px4_msgs/msg/SensorGyro.json\n'}
[1.759338] (px4_msgs) StdoutLine: {'line': b'-- Up-to-date symlink: /home/maxim/super_ws/install/px4_msgs/share/px4_msgs/msg/SensorGyroFft.json\n'}
[1.759413] (px4_msgs) StdoutLine: {'line': b'-- Up-to-date symlink: /home/maxim/super_ws/install/px4_msgs/share/px4_msgs/msg/SensorGyroFifo.json\n'}
[1.759526] (px4_msgs) StdoutLine: {'line': b'-- Up-to-date symlink: /home/maxim/super_ws/install/px4_msgs/share/px4_msgs/msg/SensorHygrometer.json\n'}
[1.759605] (px4_msgs) StdoutLine: {'line': b'-- Up-to-date symlink: /home/maxim/super_ws/install/px4_msgs/share/px4_msgs/msg/SensorMag.json\n'}
[1.759762] (px4_msgs) StdoutLine: {'line': b'-- Up-to-date symlink: /home/maxim/super_ws/install/px4_msgs/share/px4_msgs/msg/SensorOpticalFlow.json\n'}
[1.759875] (px4_msgs) StdoutLine: {'line': b'-- Up-to-date symlink: /home/maxim/super_ws/install/px4_msgs/share/px4_msgs/msg/SensorPreflightMag.json\n'}
[1.759986] (px4_msgs) StdoutLine: {'line': b'-- Up-to-date symlink: /home/maxim/super_ws/install/px4_msgs/share/px4_msgs/msg/SensorSelection.json\n'}
[1.760063] (px4_msgs) StdoutLine: {'line': b'-- Up-to-date symlink: /home/maxim/super_ws/install/px4_msgs/share/px4_msgs/msg/SensorTemp.json\n'}
[1.760202] (px4_msgs) StdoutLine: {'line': b'-- Up-to-date symlink: /home/maxim/super_ws/install/px4_msgs/share/px4_msgs/msg/SensorUwb.json\n'}
[1.760321] (px4_msgs) StdoutLine: {'line': b'-- Up-to-date symlink: /home/maxim/super_ws/install/px4_msgs/share/px4_msgs/msg/SensorsStatus.json\n'}
[1.760399] (px4_msgs) StdoutLine: {'line': b'-- Up-to-date symlink: /home/maxim/super_ws/install/px4_msgs/share/px4_msgs/msg/SensorsStatusImu.json\n'}
[1.760509] (px4_msgs) StdoutLine: {'line': b'-- Up-to-date symlink: /home/maxim/super_ws/install/px4_msgs/share/px4_msgs/msg/SystemPower.json\n'}
[1.760619] (px4_msgs) StdoutLine: {'line': b'-- Up-to-date symlink: /home/maxim/super_ws/install/px4_msgs/share/px4_msgs/msg/TakeoffStatus.json\n'}
[1.760775] (px4_msgs) StdoutLine: {'line': b'-- Up-to-date symlink: /home/maxim/super_ws/install/px4_msgs/share/px4_msgs/msg/TargetGnss.json\n'}
[1.760888] (px4_msgs) StdoutLine: {'line': b'-- Up-to-date symlink: /home/maxim/super_ws/install/px4_msgs/share/px4_msgs/msg/TaskStackInfo.json\n'}
[1.761002] (px4_msgs) StdoutLine: {'line': b'-- Up-to-date symlink: /home/maxim/super_ws/install/px4_msgs/share/px4_msgs/msg/TecsStatus.json\n'}
[1.761078] (px4_msgs) StdoutLine: {'line': b'-- Up-to-date symlink: /home/maxim/super_ws/install/px4_msgs/share/px4_msgs/msg/TelemetryStatus.json\n'}
[1.761192] (px4_msgs) StdoutLine: {'line': b'-- Up-to-date symlink: /home/maxim/super_ws/install/px4_msgs/share/px4_msgs/msg/TiltrotorExtraControls.json\n'}
[1.761303] (px4_msgs) StdoutLine: {'line': b'-- Up-to-date symlink: /home/maxim/super_ws/install/px4_msgs/share/px4_msgs/msg/TimesyncStatus.json\n'}
[1.761455] (px4_msgs) StdoutLine: {'line': b'-- Up-to-date symlink: /home/maxim/super_ws/install/px4_msgs/share/px4_msgs/msg/TrajectorySetpoint.json\n'}
[1.761529] (px4_msgs) StdoutLine: {'line': b'-- Up-to-date symlink: /home/maxim/super_ws/install/px4_msgs/share/px4_msgs/msg/TrajectorySetpoint6dof.json\n'}
[1.761641] (px4_msgs) StdoutLine: {'line': b'-- Up-to-date symlink: /home/maxim/super_ws/install/px4_msgs/share/px4_msgs/msg/TransponderReport.json\n'}
[1.761797] (px4_msgs) StdoutLine: {'line': b'-- Up-to-date symlink: /home/maxim/super_ws/install/px4_msgs/share/px4_msgs/msg/TuneControl.json\n'}
[1.761873] (px4_msgs) StdoutLine: {'line': b'-- Up-to-date symlink: /home/maxim/super_ws/install/px4_msgs/share/px4_msgs/msg/UavcanParameterRequest.json\n'}
[1.762021] (px4_msgs) StdoutLine: {'line': b'-- Up-to-date symlink: /home/maxim/super_ws/install/px4_msgs/share/px4_msgs/msg/UavcanParameterValue.json\n'}
[1.762135] (px4_msgs) StdoutLine: {'line': b'-- Up-to-date symlink: /home/maxim/super_ws/install/px4_msgs/share/px4_msgs/msg/UlogStream.json\n'}
[1.762246] (px4_msgs) StdoutLine: {'line': b'-- Up-to-date symlink: /home/maxim/super_ws/install/px4_msgs/share/px4_msgs/msg/UlogStreamAck.json\n'}
[1.762360] (px4_msgs) StdoutLine: {'line': b'-- Up-to-date symlink: /home/maxim/super_ws/install/px4_msgs/share/px4_msgs/msg/UnregisterExtComponent.json\n'}
[1.762471] (px4_msgs) StdoutLine: {'line': b'-- Up-to-date symlink: /home/maxim/super_ws/install/px4_msgs/share/px4_msgs/msg/VehicleAcceleration.json\n'}
[1.762548] (px4_msgs) StdoutLine: {'line': b'-- Up-to-date symlink: /home/maxim/super_ws/install/px4_msgs/share/px4_msgs/msg/VehicleAirData.json\n'}
[1.762713] (px4_msgs) StdoutLine: {'line': b'-- Up-to-date symlink: /home/maxim/super_ws/install/px4_msgs/share/px4_msgs/msg/VehicleAngularAccelerationSetpoint.json\n'}
[1.762818] (px4_msgs) StdoutLine: {'line': b'-- Up-to-date symlink: /home/maxim/super_ws/install/px4_msgs/share/px4_msgs/msg/VehicleAngularVelocity.json\n'}
[1.762949] (px4_msgs) StdoutLine: {'line': b'-- Up-to-date symlink: /home/maxim/super_ws/install/px4_msgs/share/px4_msgs/msg/VehicleAttitude.json\n'}
[1.763099] (px4_msgs) StdoutLine: {'line': b'-- Up-to-date symlink: /home/maxim/super_ws/install/px4_msgs/share/px4_msgs/msg/VehicleAttitudeSetpoint.json\n'}
[1.763216] (px4_msgs) StdoutLine: {'line': b'-- Up-to-date symlink: /home/maxim/super_ws/install/px4_msgs/share/px4_msgs/msg/VehicleCommand.json\n'}
[1.763305] (px4_msgs) StdoutLine: {'line': b'-- Up-to-date symlink: /home/maxim/super_ws/install/px4_msgs/share/px4_msgs/msg/VehicleCommandAck.json\n'}
[1.763397] (px4_msgs) StdoutLine: {'line': b'-- Up-to-date symlink: /home/maxim/super_ws/install/px4_msgs/share/px4_msgs/msg/VehicleConstraints.json\n'}
[1.763487] (px4_msgs) StdoutLine: {'line': b'-- Up-to-date symlink: /home/maxim/super_ws/install/px4_msgs/share/px4_msgs/msg/VehicleControlMode.json\n'}
[1.763564] (px4_msgs) StdoutLine: {'line': b'-- Up-to-date symlink: /home/maxim/super_ws/install/px4_msgs/share/px4_msgs/msg/VehicleGlobalPosition.json\n'}
[1.763713] (px4_msgs) StdoutLine: {'line': b'-- Up-to-date symlink: /home/maxim/super_ws/install/px4_msgs/share/px4_msgs/msg/VehicleImu.json\n'}
[1.763820] (px4_msgs) StdoutLine: {'line': b'-- Up-to-date symlink: /home/maxim/super_ws/install/px4_msgs/share/px4_msgs/msg/VehicleImuStatus.json\n'}
[1.763932] (px4_msgs) StdoutLine: {'line': b'-- Up-to-date symlink: /home/maxim/super_ws/install/px4_msgs/share/px4_msgs/msg/VehicleLandDetected.json\n'}
[1.764048] (px4_msgs) StdoutLine: {'line': b'-- Up-to-date symlink: /home/maxim/super_ws/install/px4_msgs/share/px4_msgs/msg/VehicleLocalPosition.json\n'}
[1.764224] (px4_msgs) StdoutLine: {'line': b'-- Up-to-date symlink: /home/maxim/super_ws/install/px4_msgs/share/px4_msgs/msg/VehicleLocalPositionSetpoint.json\n'}
[1.764335] (px4_msgs) StdoutLine: {'line': b'-- Up-to-date symlink: /home/maxim/super_ws/install/px4_msgs/share/px4_msgs/msg/VehicleMagnetometer.json\n'}
[1.764456] (px4_msgs) StdoutLine: {'line': b'-- Up-to-date symlink: /home/maxim/super_ws/install/px4_msgs/share/px4_msgs/msg/VehicleOdometry.json\n'}
[1.764554] (px4_msgs) StdoutLine: {'line': b'-- Up-to-date symlink: /home/maxim/super_ws/install/px4_msgs/share/px4_msgs/msg/VehicleOpticalFlow.json\n'}
[1.764634] (px4_msgs) StdoutLine: {'line': b'-- Up-to-date symlink: /home/maxim/super_ws/install/px4_msgs/share/px4_msgs/msg/VehicleOpticalFlowVel.json\n'}
[1.764795] (px4_msgs) StdoutLine: {'line': b'-- Up-to-date symlink: /home/maxim/super_ws/install/px4_msgs/share/px4_msgs/msg/VehicleRatesSetpoint.json\n'}
[1.764902] (px4_msgs) StdoutLine: {'line': b'-- Up-to-date symlink: /home/maxim/super_ws/install/px4_msgs/share/px4_msgs/msg/VehicleRoi.json\n'}
[1.765029] (px4_msgs) StdoutLine: {'line': b'-- Up-to-date symlink: /home/maxim/super_ws/install/px4_msgs/share/px4_msgs/msg/VehicleStatus.json\n'}
[1.765131] (px4_msgs) StdoutLine: {'line': b'-- Up-to-date symlink: /home/maxim/super_ws/install/px4_msgs/share/px4_msgs/msg/VehicleThrustSetpoint.json\n'}
[1.765211] (px4_msgs) StdoutLine: {'line': b'-- Up-to-date symlink: /home/maxim/super_ws/install/px4_msgs/share/px4_msgs/msg/VehicleTorqueSetpoint.json\n'}
[1.765292] (px4_msgs) StdoutLine: {'line': b'-- Up-to-date symlink: /home/maxim/super_ws/install/px4_msgs/share/px4_msgs/msg/VelocityLimits.json\n'}
[1.765373] (px4_msgs) StdoutLine: {'line': b'-- Up-to-date symlink: /home/maxim/super_ws/install/px4_msgs/share/px4_msgs/msg/VteAidSource1d.json\n'}
[1.765486] (px4_msgs) StdoutLine: {'line': b'-- Up-to-date symlink: /home/maxim/super_ws/install/px4_msgs/share/px4_msgs/msg/VteAidSource3d.json\n'}
[1.765596] (px4_msgs) StdoutLine: {'line': b'-- Up-to-date symlink: /home/maxim/super_ws/install/px4_msgs/share/px4_msgs/msg/VteBiasInitStatus.json\n'}
[1.765745] (px4_msgs) StdoutLine: {'line': b'-- Up-to-date symlink: /home/maxim/super_ws/install/px4_msgs/share/px4_msgs/msg/VteInput.json\n'}
[1.765856] (px4_msgs) StdoutLine: {'line': b'-- Up-to-date symlink: /home/maxim/super_ws/install/px4_msgs/share/px4_msgs/msg/VteOrientation.json\n'}
[1.765956] (px4_msgs) StdoutLine: {'line': b'-- Up-to-date symlink: /home/maxim/super_ws/install/px4_msgs/share/px4_msgs/msg/VtePosition.json\n'}
[1.766080] (px4_msgs) StdoutLine: {'line': b'-- Up-to-date symlink: /home/maxim/super_ws/install/px4_msgs/share/px4_msgs/msg/VtolVehicleStatus.json\n'}
[1.766191] (px4_msgs) StdoutLine: {'line': b'-- Up-to-date symlink: /home/maxim/super_ws/install/px4_msgs/share/px4_msgs/msg/Vtx.json\n'}
[1.766304] (px4_msgs) StdoutLine: {'line': b'-- Up-to-date symlink: /home/maxim/super_ws/install/px4_msgs/share/px4_msgs/msg/WheelEncoders.json\n'}
[1.766389] (px4_msgs) StdoutLine: {'line': b'-- Up-to-date symlink: /home/maxim/super_ws/install/px4_msgs/share/px4_msgs/msg/Wind.json\n'}
[1.766503] (px4_msgs) StdoutLine: {'line': b'-- Up-to-date symlink: /home/maxim/super_ws/install/px4_msgs/share/px4_msgs/msg/YawEstimatorStatus.json\n'}
[1.766614] (px4_msgs) StdoutLine: {'line': b'-- Up-to-date symlink: /home/maxim/super_ws/install/px4_msgs/share/px4_msgs/srv/VehicleCommand.json\n'}
[1.774537] (px4_msgs) StdoutLine: {'line': b'-- Up-to-date symlink: /home/maxim/super_ws/install/px4_msgs/include/px4_msgs/px4_msgs/msg/action_request.h\n'}
[1.774695] (px4_msgs) StdoutLine: {'line': b'-- Up-to-date symlink: /home/maxim/super_ws/install/px4_msgs/include/px4_msgs/px4_msgs/msg/actuator_armed.h\n'}
[1.774760] (px4_msgs) StdoutLine: {'line': b'-- Up-to-date symlink: /home/maxim/super_ws/install/px4_msgs/include/px4_msgs/px4_msgs/msg/actuator_controls_status.h\n'}
[1.774836] (px4_msgs) StdoutLine: {'line': b'-- Up-to-date symlink: /home/maxim/super_ws/install/px4_msgs/include/px4_msgs/px4_msgs/msg/actuator_motors.h\n'}
[1.774899] (px4_msgs) StdoutLine: {'line': b'-- Up-to-date symlink: /home/maxim/super_ws/install/px4_msgs/include/px4_msgs/px4_msgs/msg/actuator_outputs.h\n'}
[1.774992] (px4_msgs) StdoutLine: {'line': b'-- Up-to-date symlink: /home/maxim/super_ws/install/px4_msgs/include/px4_msgs/px4_msgs/msg/actuator_servos.h\n'}
[1.775068] (px4_msgs) StdoutLine: {'line': b'-- Up-to-date symlink: /home/maxim/super_ws/install/px4_msgs/include/px4_msgs/px4_msgs/msg/actuator_servos_trim.h\n'}
[1.775140] (px4_msgs) StdoutLine: {'line': b'-- Up-to-date symlink: /home/maxim/super_ws/install/px4_msgs/include/px4_msgs/px4_msgs/msg/actuator_test.h\n'}
[1.775212] (px4_msgs) StdoutLine: {'line': b'-- Up-to-date symlink: /home/maxim/super_ws/install/px4_msgs/include/px4_msgs/px4_msgs/msg/adc_report.h\n'}
[1.775281] (px4_msgs) StdoutLine: {'line': b'-- Up-to-date symlink: /home/maxim/super_ws/install/px4_msgs/include/px4_msgs/px4_msgs/msg/airspeed.h\n'}
[1.775355] (px4_msgs) StdoutLine: {'line': b'-- Up-to-date symlink: /home/maxim/super_ws/install/px4_msgs/include/px4_msgs/px4_msgs/msg/airspeed_validated.h\n'}
[1.775425] (px4_msgs) StdoutLine: {'line': b'-- Up-to-date symlink: /home/maxim/super_ws/install/px4_msgs/include/px4_msgs/px4_msgs/msg/airspeed_wind.h\n'}
[1.775484] (px4_msgs) StdoutLine: {'line': b'-- Up-to-date symlink: /home/maxim/super_ws/install/px4_msgs/include/px4_msgs/px4_msgs/msg/arming_check_reply.h\n'}
[1.775555] (px4_msgs) StdoutLine: {'line': b'-- Up-to-date symlink: /home/maxim/super_ws/install/px4_msgs/include/px4_msgs/px4_msgs/msg/arming_check_request.h\n'}
[1.775624] (px4_msgs) StdoutLine: {'line': b'-- Up-to-date symlink: /home/maxim/super_ws/install/px4_msgs/include/px4_msgs/px4_msgs/msg/autotune_attitude_control_status.h\n'}
[1.775693] (px4_msgs) StdoutLine: {'line': b'-- Up-to-date symlink: /home/maxim/super_ws/install/px4_msgs/include/px4_msgs/px4_msgs/msg/aux_global_position.h\n'}
[1.775751] (px4_msgs) StdoutLine: {'line': b'-- Up-to-date symlink: /home/maxim/super_ws/install/px4_msgs/include/px4_msgs/px4_msgs/msg/battery_info.h\n'}
[1.775828] (px4_msgs) StdoutLine: {'line': b'-- Up-to-date symlink: /home/maxim/super_ws/install/px4_msgs/include/px4_msgs/px4_msgs/msg/battery_status.h\n'}
[1.775907] (px4_msgs) StdoutLine: {'line': b'-- Up-to-date symlink: /home/maxim/super_ws/install/px4_msgs/include/px4_msgs/px4_msgs/msg/button_event.h\n'}
[1.775966] (px4_msgs) StdoutLine: {'line': b'-- Up-to-date symlink: /home/maxim/super_ws/install/px4_msgs/include/px4_msgs/px4_msgs/msg/camera_capture.h\n'}
[1.776044] (px4_msgs) StdoutLine: {'line': b'-- Up-to-date symlink: /home/maxim/super_ws/install/px4_msgs/include/px4_msgs/px4_msgs/msg/camera_status.h\n'}
[1.776112] (px4_msgs) StdoutLine: {'line': b'-- Up-to-date symlink: /home/maxim/super_ws/install/px4_msgs/include/px4_msgs/px4_msgs/msg/camera_trigger.h\n'}
[1.776179] (px4_msgs) StdoutLine: {'line': b'-- Up-to-date symlink: /home/maxim/super_ws/install/px4_msgs/include/px4_msgs/px4_msgs/msg/can_interface_status.h\n'}
[1.776237] (px4_msgs) StdoutLine: {'line': b'-- Up-to-date symlink: /home/maxim/super_ws/install/px4_msgs/include/px4_msgs/px4_msgs/msg/cellular_status.h\n'}
[1.776306] (px4_msgs) StdoutLine: {'line': b'-- Up-to-date symlink: /home/maxim/super_ws/install/px4_msgs/include/px4_msgs/px4_msgs/msg/collision_constraints.h\n'}
[1.776373] (px4_msgs) StdoutLine: {'line': b'-- Up-to-date symlink: /home/maxim/super_ws/install/px4_msgs/include/px4_msgs/px4_msgs/msg/config_overrides.h\n'}
[1.776444] (px4_msgs) StdoutLine: {'line': b'-- Up-to-date symlink: /home/maxim/super_ws/install/px4_msgs/include/px4_msgs/px4_msgs/msg/control_allocator_status.h\n'}
[1.776515] (px4_msgs) StdoutLine: {'line': b'-- Up-to-date symlink: /home/maxim/super_ws/install/px4_msgs/include/px4_msgs/px4_msgs/msg/cpuload.h\n'}
[1.776583] (px4_msgs) StdoutLine: {'line': b'-- Up-to-date symlink: /home/maxim/super_ws/install/px4_msgs/include/px4_msgs/px4_msgs/msg/dataman_request.h\n'}
[1.776659] (px4_msgs) StdoutLine: {'line': b'-- Up-to-date symlink: /home/maxim/super_ws/install/px4_msgs/include/px4_msgs/px4_msgs/msg/dataman_response.h\n'}
[1.776730] (px4_msgs) StdoutLine: {'line': b'-- Up-to-date symlink: /home/maxim/super_ws/install/px4_msgs/include/px4_msgs/px4_msgs/msg/debug_array.h\n'}
[1.776799] (px4_msgs) StdoutLine: {'line': b'-- Up-to-date symlink: /home/maxim/super_ws/install/px4_msgs/include/px4_msgs/px4_msgs/msg/debug_key_value.h\n'}
[1.776896] (px4_msgs) StdoutLine: {'line': b'-- Up-to-date symlink: /home/maxim/super_ws/install/px4_msgs/include/px4_msgs/px4_msgs/msg/debug_value.h\n'}
[1.776970] (px4_msgs) StdoutLine: {'line': b'-- Up-to-date symlink: /home/maxim/super_ws/install/px4_msgs/include/px4_msgs/px4_msgs/msg/debug_vect.h\n'}
[1.777048] (px4_msgs) StdoutLine: {'line': b'-- Up-to-date symlink: /home/maxim/super_ws/install/px4_msgs/include/px4_msgs/px4_msgs/msg/detail/action_request__functions.h\n'}
[1.777121] (px4_msgs) StdoutLine: {'line': b'-- Up-to-date symlink: /home/maxim/super_ws/install/px4_msgs/include/px4_msgs/px4_msgs/msg/detail/action_request__struct.h\n'}
[1.777189] (px4_msgs) StdoutLine: {'line': b'-- Up-to-date symlink: /home/maxim/super_ws/install/px4_msgs/include/px4_msgs/px4_msgs/msg/detail/action_request__type_support.h\n'}
[1.777256] (px4_msgs) StdoutLine: {'line': b'-- Up-to-date symlink: /home/maxim/super_ws/install/px4_msgs/include/px4_msgs/px4_msgs/msg/detail/actuator_armed__functions.h\n'}
[1.777328] (px4_msgs) StdoutLine: {'line': b'-- Up-to-date symlink: /home/maxim/super_ws/install/px4_msgs/include/px4_msgs/px4_msgs/msg/detail/actuator_armed__struct.h\n'}
[1.777401] (px4_msgs) StdoutLine: {'line': b'-- Up-to-date symlink: /home/maxim/super_ws/install/px4_msgs/include/px4_msgs/px4_msgs/msg/detail/actuator_armed__type_support.h\n'}
[1.777479] (px4_msgs) StdoutLine: {'line': b'-- Up-to-date symlink: /home/maxim/super_ws/install/px4_msgs/include/px4_msgs/px4_msgs/msg/detail/actuator_controls_status__functions.h\n'}
[1.777556] (px4_msgs) StdoutLine: {'line': b'-- Up-to-date symlink: /home/maxim/super_ws/install/px4_msgs/include/px4_msgs/px4_msgs/msg/detail/actuator_controls_status__struct.h\n'}
[1.777635] (px4_msgs) StdoutLine: {'line': b'-- Up-to-date symlink: /home/maxim/super_ws/install/px4_msgs/include/px4_msgs/px4_msgs/msg/detail/actuator_controls_status__type_support.h\n'}
[1.777746] (px4_msgs) StdoutLine: {'line': b'-- Up-to-date symlink: /home/maxim/super_ws/install/px4_msgs/include/px4_msgs/px4_msgs/msg/detail/actuator_motors__functions.h\n'}
[1.777813] (px4_msgs) StdoutLine: {'line': b'-- Up-to-date symlink: /home/maxim/super_ws/install/px4_msgs/include/px4_msgs/px4_msgs/msg/detail/actuator_motors__struct.h\n'}
[1.777885] (px4_msgs) StdoutLine: {'line': b'-- Up-to-date symlink: /home/maxim/super_ws/install/px4_msgs/include/px4_msgs/px4_msgs/msg/detail/actuator_motors__type_support.h\n'}
[1.777956] (px4_msgs) StdoutLine: {'line': b'-- Up-to-date symlink: /home/maxim/super_ws/install/px4_msgs/include/px4_msgs/px4_msgs/msg/detail/actuator_outputs__functions.h\n'}
[1.778034] (px4_msgs) StdoutLine: {'line': b'-- Up-to-date symlink: /home/maxim/super_ws/install/px4_msgs/include/px4_msgs/px4_msgs/msg/detail/actuator_outputs__struct.h\n'}
[1.778111] (px4_msgs) StdoutLine: {'line': b'-- Up-to-date symlink: /home/maxim/super_ws/install/px4_msgs/include/px4_msgs/px4_msgs/msg/detail/actuator_outputs__type_support.h\n'}
[1.778220] (px4_msgs) StdoutLine: {'line': b'-- Up-to-date symlink: /home/maxim/super_ws/install/px4_msgs/include/px4_msgs/px4_msgs/msg/detail/actuator_servos__functions.h\n'}
[1.778291] (px4_msgs) StdoutLine: {'line': b'-- Up-to-date symlink: /home/maxim/super_ws/install/px4_msgs/include/px4_msgs/px4_msgs/msg/detail/actuator_servos__struct.h\n'}
[1.778376] (px4_msgs) StdoutLine: {'line': b'-- Up-to-date symlink: /home/maxim/super_ws/install/px4_msgs/include/px4_msgs/px4_msgs/msg/detail/actuator_servos__type_support.h\n'}
[1.778454] (px4_msgs) StdoutLine: {'line': b'-- Up-to-date symlink: /home/maxim/super_ws/install/px4_msgs/include/px4_msgs/px4_msgs/msg/detail/actuator_servos_trim__functions.h\n'}
[1.778530] (px4_msgs) StdoutLine: {'line': b'-- Up-to-date symlink: /home/maxim/super_ws/install/px4_msgs/include/px4_msgs/px4_msgs/msg/detail/actuator_servos_trim__struct.h\n'}
[1.778603] (px4_msgs) StdoutLine: {'line': b'-- Up-to-date symlink: /home/maxim/super_ws/install/px4_msgs/include/px4_msgs/px4_msgs/msg/detail/actuator_servos_trim__type_support.h\n'}
[1.778723] (px4_msgs) StdoutLine: {'line': b'-- Up-to-date symlink: /home/maxim/super_ws/install/px4_msgs/include/px4_msgs/px4_msgs/msg/detail/actuator_test__functions.h\n'}
[1.778851] (px4_msgs) StdoutLine: {'line': b'-- Up-to-date symlink: /home/maxim/super_ws/install/px4_msgs/include/px4_msgs/px4_msgs/msg/detail/actuator_test__struct.h\n'}
[1.778914] (px4_msgs) StdoutLine: {'line': b'-- Up-to-date symlink: /home/maxim/super_ws/install/px4_msgs/include/px4_msgs/px4_msgs/msg/detail/actuator_test__type_support.h\n'}
[1.778990] (px4_msgs) StdoutLine: {'line': b'-- Up-to-date symlink: /home/maxim/super_ws/install/px4_msgs/include/px4_msgs/px4_msgs/msg/detail/adc_report__functions.h\n'}
[1.779063] (px4_msgs) StdoutLine: {'line': b'-- Up-to-date symlink: /home/maxim/super_ws/install/px4_msgs/include/px4_msgs/px4_msgs/msg/detail/adc_report__struct.h\n'}
[1.779139] (px4_msgs) StdoutLine: {'line': b'-- Up-to-date symlink: /home/maxim/super_ws/install/px4_msgs/include/px4_msgs/px4_msgs/msg/detail/adc_report__type_support.h\n'}
[1.779212] (px4_msgs) StdoutLine: {'line': b'-- Up-to-date symlink: /home/maxim/super_ws/install/px4_msgs/include/px4_msgs/px4_msgs/msg/detail/airspeed__functions.h\n'}
[1.779278] (px4_msgs) StdoutLine: {'line': b'-- Up-to-date symlink: /home/maxim/super_ws/install/px4_msgs/include/px4_msgs/px4_msgs/msg/detail/airspeed__struct.h\n'}
[1.779353] (px4_msgs) StdoutLine: {'line': b'-- Up-to-date symlink: /home/maxim/super_ws/install/px4_msgs/include/px4_msgs/px4_msgs/msg/detail/airspeed__type_support.h\n'}
[1.779425] (px4_msgs) StdoutLine: {'line': b'-- Up-to-date symlink: /home/maxim/super_ws/install/px4_msgs/include/px4_msgs/px4_msgs/msg/detail/airspeed_validated__functions.h\n'}
[1.779493] (px4_msgs) StdoutLine: {'line': b'-- Up-to-date symlink: /home/maxim/super_ws/install/px4_msgs/include/px4_msgs/px4_msgs/msg/detail/airspeed_validated__struct.h\n'}
[1.779563] (px4_msgs) StdoutLine: {'line': b'-- Up-to-date symlink: /home/maxim/super_ws/install/px4_msgs/include/px4_msgs/px4_msgs/msg/detail/airspeed_validated__type_support.h\n'}
[1.779633] (px4_msgs) StdoutLine: {'line': b'-- Up-to-date symlink: /home/maxim/super_ws/install/px4_msgs/include/px4_msgs/px4_msgs/msg/detail/airspeed_wind__functions.h\n'}
[1.779706] (px4_msgs) StdoutLine: {'line': b'-- Up-to-date symlink: /home/maxim/super_ws/install/px4_msgs/include/px4_msgs/px4_msgs/msg/detail/airspeed_wind__struct.h\n'}
[1.779777] (px4_msgs) StdoutLine: {'line': b'-- Up-to-date symlink: /home/maxim/super_ws/install/px4_msgs/include/px4_msgs/px4_msgs/msg/detail/airspeed_wind__type_support.h\n'}
[1.779898] (px4_msgs) StdoutLine: {'line': b'-- Up-to-date symlink: /home/maxim/super_ws/install/px4_msgs/include/px4_msgs/px4_msgs/msg/detail/arming_check_reply__functions.h\n'}
[1.779978] (px4_msgs) StdoutLine: {'line': b'-- Up-to-date symlink: /home/maxim/super_ws/install/px4_msgs/include/px4_msgs/px4_msgs/msg/detail/arming_check_reply__struct.h\n'}
[1.780062] (px4_msgs) StdoutLine: {'line': b'-- Up-to-date symlink: /home/maxim/super_ws/install/px4_msgs/include/px4_msgs/px4_msgs/msg/detail/arming_check_reply__type_support.h\n'}
[1.780136] (px4_msgs) StdoutLine: {'line': b'-- Up-to-date symlink: /home/maxim/super_ws/install/px4_msgs/include/px4_msgs/px4_msgs/msg/detail/arming_check_request__functions.h\n'}
[1.780202] (px4_msgs) StdoutLine: {'line': b'-- Up-to-date symlink: /home/maxim/super_ws/install/px4_msgs/include/px4_msgs/px4_msgs/msg/detail/arming_check_request__struct.h\n'}
[1.780274] (px4_msgs) StdoutLine: {'line': b'-- Up-to-date symlink: /home/maxim/super_ws/install/px4_msgs/include/px4_msgs/px4_msgs/msg/detail/arming_check_request__type_support.h\n'}
[1.780350] (px4_msgs) StdoutLine: {'line': b'-- Up-to-date symlink: /home/maxim/super_ws/install/px4_msgs/include/px4_msgs/px4_msgs/msg/detail/autotune_attitude_control_status__functions.h\n'}
[1.780429] (px4_msgs) StdoutLine: {'line': b'-- Up-to-date symlink: /home/maxim/super_ws/install/px4_msgs/include/px4_msgs/px4_msgs/msg/detail/autotune_attitude_control_status__struct.h\n'}
[1.780497] (px4_msgs) StdoutLine: {'line': b'-- Up-to-date symlink: /home/maxim/super_ws/install/px4_msgs/include/px4_msgs/px4_msgs/msg/detail/autotune_attitude_control_status__type_support.h\n'}
[1.780569] (px4_msgs) StdoutLine: {'line': b'-- Up-to-date symlink: /home/maxim/super_ws/install/px4_msgs/include/px4_msgs/px4_msgs/msg/detail/aux_global_position__functions.h\n'}
[1.780644] (px4_msgs) StdoutLine: {'line': b'-- Up-to-date symlink: /home/maxim/super_ws/install/px4_msgs/include/px4_msgs/px4_msgs/msg/detail/aux_global_position__struct.h\n'}
[1.780763] (px4_msgs) StdoutLine: {'line': b'-- Up-to-date symlink: /home/maxim/super_ws/install/px4_msgs/include/px4_msgs/px4_msgs/msg/detail/aux_global_position__type_support.h\n'}
[1.780844] (px4_msgs) StdoutLine: {'line': b'-- Up-to-date symlink: /home/maxim/super_ws/install/px4_msgs/include/px4_msgs/px4_msgs/msg/detail/battery_info__functions.h\n'}
[1.780924] (px4_msgs) StdoutLine: {'line': b'-- Up-to-date symlink: /home/maxim/super_ws/install/px4_msgs/include/px4_msgs/px4_msgs/msg/detail/battery_info__struct.h\n'}
[1.780998] (px4_msgs) StdoutLine: {'line': b'-- Up-to-date symlink: /home/maxim/super_ws/install/px4_msgs/include/px4_msgs/px4_msgs/msg/detail/battery_info__type_support.h\n'}
[1.781115] (px4_msgs) StdoutLine: {'line': b'-- Up-to-date symlink: /home/maxim/super_ws/install/px4_msgs/include/px4_msgs/px4_msgs/msg/detail/battery_status__functions.h\n'}
[1.781176] (px4_msgs) StdoutLine: {'line': b'-- Up-to-date symlink: /home/maxim/super_ws/install/px4_msgs/include/px4_msgs/px4_msgs/msg/detail/battery_status__struct.h\n'}
[1.781244] (px4_msgs) StdoutLine: {'line': b'-- Up-to-date symlink: /home/maxim/super_ws/install/px4_msgs/include/px4_msgs/px4_msgs/msg/detail/battery_status__type_support.h\n'}
[1.781315] (px4_msgs) StdoutLine: {'line': b'-- Up-to-date symlink: /home/maxim/super_ws/install/px4_msgs/include/px4_msgs/px4_msgs/msg/detail/button_event__functions.h\n'}
[1.781385] (px4_msgs) StdoutLine: {'line': b'-- Up-to-date symlink: /home/maxim/super_ws/install/px4_msgs/include/px4_msgs/px4_msgs/msg/detail/button_event__struct.h\n'}
[1.781454] (px4_msgs) StdoutLine: {'line': b'-- Up-to-date symlink: /home/maxim/super_ws/install/px4_msgs/include/px4_msgs/px4_msgs/msg/detail/button_event__type_support.h\n'}
[1.781552] (px4_msgs) StdoutLine: {'line': b'-- Up-to-date symlink: /home/maxim/super_ws/install/px4_msgs/include/px4_msgs/px4_msgs/msg/detail/camera_capture__functions.h\n'}
[1.781627] (px4_msgs) StdoutLine: {'line': b'-- Up-to-date symlink: /home/maxim/super_ws/install/px4_msgs/include/px4_msgs/px4_msgs/msg/detail/camera_capture__struct.h\n'}
[1.781720] (px4_msgs) StdoutLine: {'line': b'-- Up-to-date symlink: /home/maxim/super_ws/install/px4_msgs/include/px4_msgs/px4_msgs/msg/detail/camera_capture__type_support.h\n'}
[1.781793] (px4_msgs) StdoutLine: {'line': b'-- Up-to-date symlink: /home/maxim/super_ws/install/px4_msgs/include/px4_msgs/px4_msgs/msg/detail/camera_status__functions.h\n'}
[1.781865] (px4_msgs) StdoutLine: {'line': b'-- Up-to-date symlink: /home/maxim/super_ws/install/px4_msgs/include/px4_msgs/px4_msgs/msg/detail/camera_status__struct.h\n'}
[1.781935] (px4_msgs) StdoutLine: {'line': b'-- Up-to-date symlink: /home/maxim/super_ws/install/px4_msgs/include/px4_msgs/px4_msgs/msg/detail/camera_status__type_support.h\n'}
[1.782006] (px4_msgs) StdoutLine: {'line': b'-- Up-to-date symlink: /home/maxim/super_ws/install/px4_msgs/include/px4_msgs/px4_msgs/msg/detail/camera_trigger__functions.h\n'}
[1.782080] (px4_msgs) StdoutLine: {'line': b'-- Up-to-date symlink: /home/maxim/super_ws/install/px4_msgs/include/px4_msgs/px4_msgs/msg/detail/camera_trigger__struct.h\n'}
[1.782154] (px4_msgs) StdoutLine: {'line': b'-- Up-to-date symlink: /home/maxim/super_ws/install/px4_msgs/include/px4_msgs/px4_msgs/msg/detail/camera_trigger__type_support.h\n'}
[1.782224] (px4_msgs) StdoutLine: {'line': b'-- Up-to-date symlink: /home/maxim/super_ws/install/px4_msgs/include/px4_msgs/px4_msgs/msg/detail/can_interface_status__functions.h\n'}
[1.782298] (px4_msgs) StdoutLine: {'line': b'-- Up-to-date symlink: /home/maxim/super_ws/install/px4_msgs/include/px4_msgs/px4_msgs/msg/detail/can_interface_status__struct.h\n'}
[1.782365] (px4_msgs) StdoutLine: {'line': b'-- Up-to-date symlink: /home/maxim/super_ws/install/px4_msgs/include/px4_msgs/px4_msgs/msg/detail/can_interface_status__type_support.h\n'}
[1.782435] (px4_msgs) StdoutLine: {'line': b'-- Up-to-date symlink: /home/maxim/super_ws/install/px4_msgs/include/px4_msgs/px4_msgs/msg/detail/cellular_status__functions.h\n'}
[1.782545] (px4_msgs) StdoutLine: {'line': b'-- Up-to-date symlink: /home/maxim/super_ws/install/px4_msgs/include/px4_msgs/px4_msgs/msg/detail/cellular_status__struct.h\n'}
[1.782616] (px4_msgs) StdoutLine: {'line': b'-- Up-to-date symlink: /home/maxim/super_ws/install/px4_msgs/include/px4_msgs/px4_msgs/msg/detail/cellular_status__type_support.h\n'}
[1.782717] (px4_msgs) StdoutLine: {'line': b'-- Up-to-date symlink: /home/maxim/super_ws/install/px4_msgs/include/px4_msgs/px4_msgs/msg/detail/collision_constraints__functions.h\n'}
[1.782793] (px4_msgs) StdoutLine: {'line': b'-- Up-to-date symlink: /home/maxim/super_ws/install/px4_msgs/include/px4_msgs/px4_msgs/msg/detail/collision_constraints__struct.h\n'}
[1.782865] (px4_msgs) StdoutLine: {'line': b'-- Up-to-date symlink: /home/maxim/super_ws/install/px4_msgs/include/px4_msgs/px4_msgs/msg/detail/collision_constraints__type_support.h\n'}
[1.782944] (px4_msgs) StdoutLine: {'line': b'-- Up-to-date symlink: /home/maxim/super_ws/install/px4_msgs/include/px4_msgs/px4_msgs/msg/detail/config_overrides__functions.h\n'}
[1.783015] (px4_msgs) StdoutLine: {'line': b'-- Up-to-date symlink: /home/maxim/super_ws/install/px4_msgs/include/px4_msgs/px4_msgs/msg/detail/config_overrides__struct.h\n'}
[1.783089] (px4_msgs) StdoutLine: {'line': b'-- Up-to-date symlink: /home/maxim/super_ws/install/px4_msgs/include/px4_msgs/px4_msgs/msg/detail/config_overrides__type_support.h\n'}
[1.783160] (px4_msgs) StdoutLine: {'line': b'-- Up-to-date symlink: /home/maxim/super_ws/install/px4_msgs/include/px4_msgs/px4_msgs/msg/detail/control_allocator_status__functions.h\n'}
[1.783233] (px4_msgs) StdoutLine: {'line': b'-- Up-to-date symlink: /home/maxim/super_ws/install/px4_msgs/include/px4_msgs/px4_msgs/msg/detail/control_allocator_status__struct.h\n'}
[1.783300] (px4_msgs) StdoutLine: {'line': b'-- Up-to-date symlink: /home/maxim/super_ws/install/px4_msgs/include/px4_msgs/px4_msgs/msg/detail/control_allocator_status__type_support.h\n'}
[1.783371] (px4_msgs) StdoutLine: {'line': b'-- Up-to-date symlink: /home/maxim/super_ws/install/px4_msgs/include/px4_msgs/px4_msgs/msg/detail/cpuload__functions.h\n'}
[1.783490] (px4_msgs) StdoutLine: {'line': b'-- Up-to-date symlink: /home/maxim/super_ws/install/px4_msgs/include/px4_msgs/px4_msgs/msg/detail/cpuload__struct.h\n'}
[1.783564] (px4_msgs) StdoutLine: {'line': b'-- Up-to-date symlink: /home/maxim/super_ws/install/px4_msgs/include/px4_msgs/px4_msgs/msg/detail/cpuload__type_support.h\n'}
[1.783640] (px4_msgs) StdoutLine: {'line': b'-- Up-to-date symlink: /home/maxim/super_ws/install/px4_msgs/include/px4_msgs/px4_msgs/msg/detail/dataman_request__functions.h\n'}
[1.783718] (px4_msgs) StdoutLine: {'line': b'-- Up-to-date symlink: /home/maxim/super_ws/install/px4_msgs/include/px4_msgs/px4_msgs/msg/detail/dataman_request__struct.h\n'}
[1.783790] (px4_msgs) StdoutLine: {'line': b'-- Up-to-date symlink: /home/maxim/super_ws/install/px4_msgs/include/px4_msgs/px4_msgs/msg/detail/dataman_request__type_support.h\n'}
[1.783863] (px4_msgs) StdoutLine: {'line': b'-- Up-to-date symlink: /home/maxim/super_ws/install/px4_msgs/include/px4_msgs/px4_msgs/msg/detail/dataman_response__functions.h\n'}
[1.783936] (px4_msgs) StdoutLine: {'line': b'-- Up-to-date symlink: /home/maxim/super_ws/install/px4_msgs/include/px4_msgs/px4_msgs/msg/detail/dataman_response__struct.h\n'}
[1.784008] (px4_msgs) StdoutLine: {'line': b'-- Up-to-date symlink: /home/maxim/super_ws/install/px4_msgs/include/px4_msgs/px4_msgs/msg/detail/dataman_response__type_support.h\n'}
[1.784080] (px4_msgs) StdoutLine: {'line': b'-- Up-to-date symlink: /home/maxim/super_ws/install/px4_msgs/include/px4_msgs/px4_msgs/msg/detail/debug_array__functions.h\n'}
[1.784154] (px4_msgs) StdoutLine: {'line': b'-- Up-to-date symlink: /home/maxim/super_ws/install/px4_msgs/include/px4_msgs/px4_msgs/msg/detail/debug_array__struct.h\n'}
[1.784231] (px4_msgs) StdoutLine: {'line': b'-- Up-to-date symlink: /home/maxim/super_ws/install/px4_msgs/include/px4_msgs/px4_msgs/msg/detail/debug_array__type_support.h\n'}
[1.784345] (px4_msgs) StdoutLine: {'line': b'-- Up-to-date symlink: /home/maxim/super_ws/install/px4_msgs/include/px4_msgs/px4_msgs/msg/detail/debug_key_value__functions.h\n'}
[1.784422] (px4_msgs) StdoutLine: {'line': b'-- Up-to-date symlink: /home/maxim/super_ws/install/px4_msgs/include/px4_msgs/px4_msgs/msg/detail/debug_key_value__struct.h\n'}
[1.784495] (px4_msgs) StdoutLine: {'line': b'-- Up-to-date symlink: /home/maxim/super_ws/install/px4_msgs/include/px4_msgs/px4_msgs/msg/detail/debug_key_value__type_support.h\n'}
[1.784570] (px4_msgs) StdoutLine: {'line': b'-- Up-to-date symlink: /home/maxim/super_ws/install/px4_msgs/include/px4_msgs/px4_msgs/msg/detail/debug_value__functions.h\n'}
[1.784642] (px4_msgs) StdoutLine: {'line': b'-- Up-to-date symlink: /home/maxim/super_ws/install/px4_msgs/include/px4_msgs/px4_msgs/msg/detail/debug_value__struct.h\n'}
[1.784717] (px4_msgs) StdoutLine: {'line': b'-- Up-to-date symlink: /home/maxim/super_ws/install/px4_msgs/include/px4_msgs/px4_msgs/msg/detail/debug_value__type_support.h\n'}
[1.784788] (px4_msgs) StdoutLine: {'line': b'-- Up-to-date symlink: /home/maxim/super_ws/install/px4_msgs/include/px4_msgs/px4_msgs/msg/detail/debug_vect__functions.h\n'}
[1.784895] (px4_msgs) StdoutLine: {'line': b'-- Up-to-date symlink: /home/maxim/super_ws/install/px4_msgs/include/px4_msgs/px4_msgs/msg/detail/debug_vect__struct.h\n'}
[1.784980] (px4_msgs) StdoutLine: {'line': b'-- Up-to-date symlink: /home/maxim/super_ws/install/px4_msgs/include/px4_msgs/px4_msgs/msg/detail/debug_vect__type_support.h\n'}
[1.785057] (px4_msgs) StdoutLine: {'line': b'-- Up-to-date symlink: /home/maxim/super_ws/install/px4_msgs/include/px4_msgs/px4_msgs/msg/detail/device_information__functions.h\n'}
[1.785138] (px4_msgs) StdoutLine: {'line': b'-- Up-to-date symlink: /home/maxim/super_ws/install/px4_msgs/include/px4_msgs/px4_msgs/msg/detail/device_information__struct.h\n'}
[1.785252] (px4_msgs) StdoutLine: {'line': b'-- Up-to-date symlink: /home/maxim/super_ws/install/px4_msgs/include/px4_msgs/px4_msgs/msg/detail/device_information__type_support.h\n'}
[1.785330] (px4_msgs) StdoutLine: {'line': b'-- Up-to-date symlink: /home/maxim/super_ws/install/px4_msgs/include/px4_msgs/px4_msgs/msg/detail/differential_pressure__functions.h\n'}
[1.785411] (px4_msgs) StdoutLine: {'line': b'-- Up-to-date symlink: /home/maxim/super_ws/install/px4_msgs/include/px4_msgs/px4_msgs/msg/detail/differential_pressure__struct.h\n'}
[1.785486] (px4_msgs) StdoutLine: {'line': b'-- Up-to-date symlink: /home/maxim/super_ws/install/px4_msgs/include/px4_msgs/px4_msgs/msg/detail/differential_pressure__type_support.h\n'}
[1.785560] (px4_msgs) StdoutLine: {'line': b'-- Up-to-date symlink: /home/maxim/super_ws/install/px4_msgs/include/px4_msgs/px4_msgs/msg/detail/distance_sensor__functions.h\n'}
[1.785632] (px4_msgs) StdoutLine: {'line': b'-- Up-to-date symlink: /home/maxim/super_ws/install/px4_msgs/include/px4_msgs/px4_msgs/msg/detail/distance_sensor__struct.h\n'}
[1.785704] (px4_msgs) StdoutLine: {'line': b'-- Up-to-date symlink: /home/maxim/super_ws/install/px4_msgs/include/px4_msgs/px4_msgs/msg/detail/distance_sensor__type_support.h\n'}
[1.785781] (px4_msgs) StdoutLine: {'line': b'-- Up-to-date symlink: /home/maxim/super_ws/install/px4_msgs/include/px4_msgs/px4_msgs/msg/detail/distance_sensor_mode_change_request__functions.h\n'}
[1.785852] (px4_msgs) StdoutLine: {'line': b'-- Up-to-date symlink: /home/maxim/super_ws/install/px4_msgs/include/px4_msgs/px4_msgs/msg/detail/distance_sensor_mode_change_request__struct.h\n'}
[1.785924] (px4_msgs) StdoutLine: {'line': b'-- Up-to-date symlink: /home/maxim/super_ws/install/px4_msgs/include/px4_msgs/px4_msgs/msg/detail/distance_sensor_mode_change_request__type_support.h\n'}
[1.785997] (px4_msgs) StdoutLine: {'line': b'-- Up-to-date symlink: /home/maxim/super_ws/install/px4_msgs/include/px4_msgs/px4_msgs/msg/detail/dronecan_node_status__functions.h\n'}
[1.786073] (px4_msgs) StdoutLine: {'line': b'-- Up-to-date symlink: /home/maxim/super_ws/install/px4_msgs/include/px4_msgs/px4_msgs/msg/detail/dronecan_node_status__struct.h\n'}
[1.786149] (px4_msgs) StdoutLine: {'line': b'-- Up-to-date symlink: /home/maxim/super_ws/install/px4_msgs/include/px4_msgs/px4_msgs/msg/detail/dronecan_node_status__type_support.h\n'}
[1.786220] (px4_msgs) StdoutLine: {'line': b'-- Up-to-date symlink: /home/maxim/super_ws/install/px4_msgs/include/px4_msgs/px4_msgs/msg/detail/ekf2_timestamps__functions.h\n'}
[1.786294] (px4_msgs) StdoutLine: {'line': b'-- Up-to-date symlink: /home/maxim/super_ws/install/px4_msgs/include/px4_msgs/px4_msgs/msg/detail/ekf2_timestamps__struct.h\n'}
[1.786369] (px4_msgs) StdoutLine: {'line': b'-- Up-to-date symlink: /home/maxim/super_ws/install/px4_msgs/include/px4_msgs/px4_msgs/msg/detail/ekf2_timestamps__type_support.h\n'}
[1.786459] (px4_msgs) StdoutLine: {'line': b'-- Up-to-date symlink: /home/maxim/super_ws/install/px4_msgs/include/px4_msgs/px4_msgs/msg/detail/esc_eeprom_read__functions.h\n'}
[1.786543] (px4_msgs) StdoutLine: {'line': b'-- Up-to-date symlink: /home/maxim/super_ws/install/px4_msgs/include/px4_msgs/px4_msgs/msg/detail/esc_eeprom_read__struct.h\n'}
[1.786616] (px4_msgs) StdoutLine: {'line': b'-- Up-to-date symlink: /home/maxim/super_ws/install/px4_msgs/include/px4_msgs/px4_msgs/msg/detail/esc_eeprom_read__type_support.h\n'}
[1.786714] (px4_msgs) StdoutLine: {'line': b'-- Up-to-date symlink: /home/maxim/super_ws/install/px4_msgs/include/px4_msgs/px4_msgs/msg/detail/esc_eeprom_write__functions.h\n'}
[1.786821] (px4_msgs) StdoutLine: {'line': b'-- Up-to-date symlink: /home/maxim/super_ws/install/px4_msgs/include/px4_msgs/px4_msgs/msg/detail/esc_eeprom_write__struct.h\n'}
[1.786895] (px4_msgs) StdoutLine: {'line': b'-- Up-to-date symlink: /home/maxim/super_ws/install/px4_msgs/include/px4_msgs/px4_msgs/msg/detail/esc_eeprom_write__type_support.h\n'}
[1.786964] (px4_msgs) StdoutLine: {'line': b'-- Up-to-date symlink: /home/maxim/super_ws/install/px4_msgs/include/px4_msgs/px4_msgs/msg/detail/esc_report__functions.h\n'}
[1.787031] (px4_msgs) StdoutLine: {'line': b'-- Up-to-date symlink: /home/maxim/super_ws/install/px4_msgs/include/px4_msgs/px4_msgs/msg/detail/esc_report__struct.h\n'}
[1.787100] (px4_msgs) StdoutLine: {'line': b'-- Up-to-date symlink: /home/maxim/super_ws/install/px4_msgs/include/px4_msgs/px4_msgs/msg/detail/esc_report__type_support.h\n'}
[1.787169] (px4_msgs) StdoutLine: {'line': b'-- Up-to-date symlink: /home/maxim/super_ws/install/px4_msgs/include/px4_msgs/px4_msgs/msg/detail/esc_status__functions.h\n'}
[1.787278] (px4_msgs) StdoutLine: {'line': b'-- Up-to-date symlink: /home/maxim/super_ws/install/px4_msgs/include/px4_msgs/px4_msgs/msg/detail/esc_status__struct.h\n'}
[1.787354] (px4_msgs) StdoutLine: {'line': b'-- Up-to-date symlink: /home/maxim/super_ws/install/px4_msgs/include/px4_msgs/px4_msgs/msg/detail/esc_status__type_support.h\n'}
[1.787428] (px4_msgs) StdoutLine: {'line': b'-- Up-to-date symlink: /home/maxim/super_ws/install/px4_msgs/include/px4_msgs/px4_msgs/msg/detail/estimator_aid_source1d__functions.h\n'}
[1.787500] (px4_msgs) StdoutLine: {'line': b'-- Up-to-date symlink: /home/maxim/super_ws/install/px4_msgs/include/px4_msgs/px4_msgs/msg/detail/estimator_aid_source1d__struct.h\n'}
[1.787572] (px4_msgs) StdoutLine: {'line': b'-- Up-to-date symlink: /home/maxim/super_ws/install/px4_msgs/include/px4_msgs/px4_msgs/msg/detail/estimator_aid_source1d__type_support.h\n'}
[1.787646] (px4_msgs) StdoutLine: {'line': b'-- Up-to-date symlink: /home/maxim/super_ws/install/px4_msgs/include/px4_msgs/px4_msgs/msg/detail/estimator_aid_source2d__functions.h\n'}
[1.787720] (px4_msgs) StdoutLine: {'line': b'-- Up-to-date symlink: /home/maxim/super_ws/install/px4_msgs/include/px4_msgs/px4_msgs/msg/detail/estimator_aid_source2d__struct.h\n'}
[1.787789] (px4_msgs) StdoutLine: {'line': b'-- Up-to-date symlink: /home/maxim/super_ws/install/px4_msgs/include/px4_msgs/px4_msgs/msg/detail/estimator_aid_source2d__type_support.h\n'}
[1.787856] (px4_msgs) StdoutLine: {'line': b'-- Up-to-date symlink: /home/maxim/super_ws/install/px4_msgs/include/px4_msgs/px4_msgs/msg/detail/estimator_aid_source3d__functions.h\n'}
[1.787982] (px4_msgs) StdoutLine: {'line': b'-- Up-to-date symlink: /home/maxim/super_ws/install/px4_msgs/include/px4_msgs/px4_msgs/msg/detail/estimator_aid_source3d__struct.h\n'}
[1.788086] (px4_msgs) StdoutLine: {'line': b'-- Up-to-date symlink: /home/maxim/super_ws/install/px4_msgs/include/px4_msgs/px4_msgs/msg/detail/estimator_aid_source3d__type_support.h\n'}
[1.788160] (px4_msgs) StdoutLine: {'line': b'-- Up-to-date symlink: /home/maxim/super_ws/install/px4_msgs/include/px4_msgs/px4_msgs/msg/detail/estimator_bias3d__functions.h\n'}
[1.788236] (px4_msgs) StdoutLine: {'line': b'-- Up-to-date symlink: /home/maxim/super_ws/install/px4_msgs/include/px4_msgs/px4_msgs/msg/detail/estimator_bias3d__struct.h\n'}
[1.788309] (px4_msgs) StdoutLine: {'line': b'-- Up-to-date symlink: /home/maxim/super_ws/install/px4_msgs/include/px4_msgs/px4_msgs/msg/detail/estimator_bias3d__type_support.h\n'}
[1.788379] (px4_msgs) StdoutLine: {'line': b'-- Up-to-date symlink: /home/maxim/super_ws/install/px4_msgs/include/px4_msgs/px4_msgs/msg/detail/estimator_bias__functions.h\n'}
[1.788451] (px4_msgs) StdoutLine: {'line': b'-- Up-to-date symlink: /home/maxim/super_ws/install/px4_msgs/include/px4_msgs/px4_msgs/msg/detail/estimator_bias__struct.h\n'}
[1.788521] (px4_msgs) StdoutLine: {'line': b'-- Up-to-date symlink: /home/maxim/super_ws/install/px4_msgs/include/px4_msgs/px4_msgs/msg/detail/estimator_bias__type_support.h\n'}
[1.788590] (px4_msgs) StdoutLine: {'line': b'-- Up-to-date symlink: /home/maxim/super_ws/install/px4_msgs/include/px4_msgs/px4_msgs/msg/detail/estimator_event_flags__functions.h\n'}
[1.788664] (px4_msgs) StdoutLine: {'line': b'-- Up-to-date symlink: /home/maxim/super_ws/install/px4_msgs/include/px4_msgs/px4_msgs/msg/detail/estimator_event_flags__struct.h\n'}
[1.788738] (px4_msgs) StdoutLine: {'line': b'-- Up-to-date symlink: /home/maxim/super_ws/install/px4_msgs/include/px4_msgs/px4_msgs/msg/detail/estimator_event_flags__type_support.h\n'}
[1.788810] (px4_msgs) StdoutLine: {'line': b'-- Up-to-date symlink: /home/maxim/super_ws/install/px4_msgs/include/px4_msgs/px4_msgs/msg/detail/estimator_fusion_control__functions.h\n'}
[1.788883] (px4_msgs) StdoutLine: {'line': b'-- Up-to-date symlink: /home/maxim/super_ws/install/px4_msgs/include/px4_msgs/px4_msgs/msg/detail/estimator_fusion_control__struct.h\n'}
[1.788957] (px4_msgs) StdoutLine: {'line': b'-- Up-to-date symlink: /home/maxim/super_ws/install/px4_msgs/include/px4_msgs/px4_msgs/msg/detail/estimator_fusion_control__type_support.h\n'}
[1.789022] (px4_msgs) StdoutLine: {'line': b'-- Up-to-date symlink: /home/maxim/super_ws/install/px4_msgs/include/px4_msgs/px4_msgs/msg/detail/estimator_gps_status__functions.h\n'}
[1.789092] (px4_msgs) StdoutLine: {'line': b'-- Up-to-date symlink: /home/maxim/super_ws/install/px4_msgs/include/px4_msgs/px4_msgs/msg/detail/estimator_gps_status__struct.h\n'}
[1.789169] (px4_msgs) StdoutLine: {'line': b'-- Up-to-date symlink: /home/maxim/super_ws/install/px4_msgs/include/px4_msgs/px4_msgs/msg/detail/estimator_gps_status__type_support.h\n'}
[1.789285] (px4_msgs) StdoutLine: {'line': b'-- Up-to-date symlink: /home/maxim/super_ws/install/px4_msgs/include/px4_msgs/px4_msgs/msg/detail/estimator_innovations__functions.h\n'}
[1.789368] (px4_msgs) StdoutLine: {'line': b'-- Up-to-date symlink: /home/maxim/super_ws/install/px4_msgs/include/px4_msgs/px4_msgs/msg/detail/estimator_innovations__struct.h\n'}
[1.789458] (px4_msgs) StdoutLine: {'line': b'-- Up-to-date symlink: /home/maxim/super_ws/install/px4_msgs/include/px4_msgs/px4_msgs/msg/detail/estimator_innovations__type_support.h\n'}
[1.789533] (px4_msgs) StdoutLine: {'line': b'-- Up-to-date symlink: /home/maxim/super_ws/install/px4_msgs/include/px4_msgs/px4_msgs/msg/detail/estimator_selector_status__functions.h\n'}
[1.789605] (px4_msgs) StdoutLine: {'line': b'-- Up-to-date symlink: /home/maxim/super_ws/install/px4_msgs/include/px4_msgs/px4_msgs/msg/detail/estimator_selector_status__struct.h\n'}
[1.789678] (px4_msgs) StdoutLine: {'line': b'-- Up-to-date symlink: /home/maxim/super_ws/install/px4_msgs/include/px4_msgs/px4_msgs/msg/detail/estimator_selector_status__type_support.h\n'}
[1.789748] (px4_msgs) StdoutLine: {'line': b'-- Up-to-date symlink: /home/maxim/super_ws/install/px4_msgs/include/px4_msgs/px4_msgs/msg/detail/estimator_sensor_bias__functions.h\n'}
[1.789869] (px4_msgs) StdoutLine: {'line': b'-- Up-to-date symlink: /home/maxim/super_ws/install/px4_msgs/include/px4_msgs/px4_msgs/msg/detail/estimator_sensor_bias__struct.h\n'}
[1.789951] (px4_msgs) StdoutLine: {'line': b'-- Up-to-date symlink: /home/maxim/super_ws/install/px4_msgs/include/px4_msgs/px4_msgs/msg/detail/estimator_sensor_bias__type_support.h\n'}
[1.790025] (px4_msgs) StdoutLine: {'line': b'-- Up-to-date symlink: /home/maxim/super_ws/install/px4_msgs/include/px4_msgs/px4_msgs/msg/detail/estimator_states__functions.h\n'}
[1.790094] (px4_msgs) StdoutLine: {'line': b'-- Up-to-date symlink: /home/maxim/super_ws/install/px4_msgs/include/px4_msgs/px4_msgs/msg/detail/estimator_states__struct.h\n'}
[1.790166] (px4_msgs) StdoutLine: {'line': b'-- Up-to-date symlink: /home/maxim/super_ws/install/px4_msgs/include/px4_msgs/px4_msgs/msg/detail/estimator_states__type_support.h\n'}
[1.790235] (px4_msgs) StdoutLine: {'line': b'-- Up-to-date symlink: /home/maxim/super_ws/install/px4_msgs/include/px4_msgs/px4_msgs/msg/detail/estimator_status__functions.h\n'}
[1.790302] (px4_msgs) StdoutLine: {'line': b'-- Up-to-date symlink: /home/maxim/super_ws/install/px4_msgs/include/px4_msgs/px4_msgs/msg/detail/estimator_status__struct.h\n'}
[1.790377] (px4_msgs) StdoutLine: {'line': b'-- Up-to-date symlink: /home/maxim/super_ws/install/px4_msgs/include/px4_msgs/px4_msgs/msg/detail/estimator_status__type_support.h\n'}
[1.790448] (px4_msgs) StdoutLine: {'line': b'-- Up-to-date symlink: /home/maxim/super_ws/install/px4_msgs/include/px4_msgs/px4_msgs/msg/detail/estimator_status_flags__functions.h\n'}
[1.790520] (px4_msgs) StdoutLine: {'line': b'-- Up-to-date symlink: /home/maxim/super_ws/install/px4_msgs/include/px4_msgs/px4_msgs/msg/detail/estimator_status_flags__struct.h\n'}
[1.790589] (px4_msgs) StdoutLine: {'line': b'-- Up-to-date symlink: /home/maxim/super_ws/install/px4_msgs/include/px4_msgs/px4_msgs/msg/detail/estimator_status_flags__type_support.h\n'}
[1.790661] (px4_msgs) StdoutLine: {'line': b'-- Up-to-date symlink: /home/maxim/super_ws/install/px4_msgs/include/px4_msgs/px4_msgs/msg/detail/event__functions.h\n'}
[1.790733] (px4_msgs) StdoutLine: {'line': b'-- Up-to-date symlink: /home/maxim/super_ws/install/px4_msgs/include/px4_msgs/px4_msgs/msg/detail/event__struct.h\n'}
[1.790806] (px4_msgs) StdoutLine: {'line': b'-- Up-to-date symlink: /home/maxim/super_ws/install/px4_msgs/include/px4_msgs/px4_msgs/msg/detail/event__type_support.h\n'}
[1.790923] (px4_msgs) StdoutLine: {'line': b'-- Up-to-date symlink: /home/maxim/super_ws/install/px4_msgs/include/px4_msgs/px4_msgs/msg/detail/failsafe_flags__functions.h\n'}
[1.791006] (px4_msgs) StdoutLine: {'line': b'-- Up-to-date symlink: /home/maxim/super_ws/install/px4_msgs/include/px4_msgs/px4_msgs/msg/detail/failsafe_flags__struct.h\n'}
[1.791082] (px4_msgs) StdoutLine: {'line': b'-- Up-to-date symlink: /home/maxim/super_ws/install/px4_msgs/include/px4_msgs/px4_msgs/msg/detail/failsafe_flags__type_support.h\n'}
[1.791161] (px4_msgs) StdoutLine: {'line': b'-- Up-to-date symlink: /home/maxim/super_ws/install/px4_msgs/include/px4_msgs/px4_msgs/msg/detail/failure_detector_status__functions.h\n'}
[1.791232] (px4_msgs) StdoutLine: {'line': b'-- Up-to-date symlink: /home/maxim/super_ws/install/px4_msgs/include/px4_msgs/px4_msgs/msg/detail/failure_detector_status__struct.h\n'}
[1.791303] (px4_msgs) StdoutLine: {'line': b'-- Up-to-date symlink: /home/maxim/super_ws/install/px4_msgs/include/px4_msgs/px4_msgs/msg/detail/failure_detector_status__type_support.h\n'}
[1.791377] (px4_msgs) StdoutLine: {'line': b'-- Up-to-date symlink: /home/maxim/super_ws/install/px4_msgs/include/px4_msgs/px4_msgs/msg/detail/fiducial_marker_pos_report__functions.h\n'}
[1.791452] (px4_msgs) StdoutLine: {'line': b'-- Up-to-date symlink: /home/maxim/super_ws/install/px4_msgs/include/px4_msgs/px4_msgs/msg/detail/fiducial_marker_pos_report__struct.h\n'}
[1.791523] (px4_msgs) StdoutLine: {'line': b'-- Up-to-date symlink: /home/maxim/super_ws/install/px4_msgs/include/px4_msgs/px4_msgs/msg/detail/fiducial_marker_pos_report__type_support.h\n'}
[1.791589] (px4_msgs) StdoutLine: {'line': b'-- Up-to-date symlink: /home/maxim/super_ws/install/px4_msgs/include/px4_msgs/px4_msgs/msg/detail/fiducial_marker_yaw_report__functions.h\n'}
[1.791697] (px4_msgs) StdoutLine: {'line': b'-- Up-to-date symlink: /home/maxim/super_ws/install/px4_msgs/include/px4_msgs/px4_msgs/msg/detail/fiducial_marker_yaw_report__struct.h\n'}
[1.791773] (px4_msgs) StdoutLine: {'line': b'-- Up-to-date symlink: /home/maxim/super_ws/install/px4_msgs/include/px4_msgs/px4_msgs/msg/detail/fiducial_marker_yaw_report__type_support.h\n'}
[1.791870] (px4_msgs) StdoutLine: {'line': b'-- Up-to-date symlink: /home/maxim/super_ws/install/px4_msgs/include/px4_msgs/px4_msgs/msg/detail/figure_eight_status__functions.h\n'}
[1.791940] (px4_msgs) StdoutLine: {'line': b'-- Up-to-date symlink: /home/maxim/super_ws/install/px4_msgs/include/px4_msgs/px4_msgs/msg/detail/figure_eight_status__struct.h\n'}
[1.792013] (px4_msgs) StdoutLine: {'line': b'-- Up-to-date symlink: /home/maxim/super_ws/install/px4_msgs/include/px4_msgs/px4_msgs/msg/detail/figure_eight_status__type_support.h\n'}
[1.792088] (px4_msgs) StdoutLine: {'line': b'-- Up-to-date symlink: /home/maxim/super_ws/install/px4_msgs/include/px4_msgs/px4_msgs/msg/detail/fixed_wing_lateral_guidance_status__functions.h\n'}
[1.792156] (px4_msgs) StdoutLine: {'line': b'-- Up-to-date symlink: /home/maxim/super_ws/install/px4_msgs/include/px4_msgs/px4_msgs/msg/detail/fixed_wing_lateral_guidance_status__struct.h\n'}
[1.792244] (px4_msgs) StdoutLine: {'line': b'-- Up-to-date symlink: /home/maxim/super_ws/install/px4_msgs/include/px4_msgs/px4_msgs/msg/detail/fixed_wing_lateral_guidance_status__type_support.h\n'}
[1.792323] (px4_msgs) StdoutLine: {'line': b'-- Up-to-date symlink: /home/maxim/super_ws/install/px4_msgs/include/px4_msgs/px4_msgs/msg/detail/fixed_wing_lateral_setpoint__functions.h\n'}
[1.792401] (px4_msgs) StdoutLine: {'line': b'-- Up-to-date symlink: /home/maxim/super_ws/install/px4_msgs/include/px4_msgs/px4_msgs/msg/detail/fixed_wing_lateral_setpoint__struct.h\n'}
[1.792474] (px4_msgs) StdoutLine: {'line': b'-- Up-to-date symlink: /home/maxim/super_ws/install/px4_msgs/include/px4_msgs/px4_msgs/msg/detail/fixed_wing_lateral_setpoint__type_support.h\n'}
[1.792546] (px4_msgs) StdoutLine: {'line': b'-- Up-to-date symlink: /home/maxim/super_ws/install/px4_msgs/include/px4_msgs/px4_msgs/msg/detail/fixed_wing_lateral_status__functions.h\n'}
[1.792617] (px4_msgs) StdoutLine: {'line': b'-- Up-to-date symlink: /home/maxim/super_ws/install/px4_msgs/include/px4_msgs/px4_msgs/msg/detail/fixed_wing_lateral_status__struct.h\n'}
[1.792717] (px4_msgs) StdoutLine: {'line': b'-- Up-to-date symlink: /home/maxim/super_ws/install/px4_msgs/include/px4_msgs/px4_msgs/msg/detail/fixed_wing_lateral_status__type_support.h\n'}
[1.792799] (px4_msgs) StdoutLine: {'line': b'-- Up-to-date symlink: /home/maxim/super_ws/install/px4_msgs/include/px4_msgs/px4_msgs/msg/detail/fixed_wing_longitudinal_setpoint__functions.h\n'}
[1.792874] (px4_msgs) StdoutLine: {'line': b'-- Up-to-date symlink: /home/maxim/super_ws/install/px4_msgs/include/px4_msgs/px4_msgs/msg/detail/fixed_wing_longitudinal_setpoint__struct.h\n'}
[1.792945] (px4_msgs) StdoutLine: {'line': b'-- Up-to-date symlink: /home/maxim/super_ws/install/px4_msgs/include/px4_msgs/px4_msgs/msg/detail/fixed_wing_longitudinal_setpoint__type_support.h\n'}
[1.793014] (px4_msgs) StdoutLine: {'line': b'-- Up-to-date symlink: /home/maxim/super_ws/install/px4_msgs/include/px4_msgs/px4_msgs/msg/detail/fixed_wing_runway_control__functions.h\n'}
[1.793084] (px4_msgs) StdoutLine: {'line': b'-- Up-to-date symlink: /home/maxim/super_ws/install/px4_msgs/include/px4_msgs/px4_msgs/msg/detail/fixed_wing_runway_control__struct.h\n'}
[1.793161] (px4_msgs) StdoutLine: {'line': b'-- Up-to-date symlink: /home/maxim/super_ws/install/px4_msgs/include/px4_msgs/px4_msgs/msg/detail/fixed_wing_runway_control__type_support.h\n'}
[1.793278] (px4_msgs) StdoutLine: {'line': b'-- Up-to-date symlink: /home/maxim/super_ws/install/px4_msgs/include/px4_msgs/px4_msgs/msg/detail/flight_phase_estimation__functions.h\n'}
[1.793355] (px4_msgs) StdoutLine: {'line': b'-- Up-to-date symlink: /home/maxim/super_ws/install/px4_msgs/include/px4_msgs/px4_msgs/msg/detail/flight_phase_estimation__struct.h\n'}
[1.793435] (px4_msgs) StdoutLine: {'line': b'-- Up-to-date symlink: /home/maxim/super_ws/install/px4_msgs/include/px4_msgs/px4_msgs/msg/detail/flight_phase_estimation__type_support.h\n'}
[1.793510] (px4_msgs) StdoutLine: {'line': b'-- Up-to-date symlink: /home/maxim/super_ws/install/px4_msgs/include/px4_msgs/px4_msgs/msg/detail/follow_target__functions.h\n'}
[1.793584] (px4_msgs) StdoutLine: {'line': b'-- Up-to-date symlink: /home/maxim/super_ws/install/px4_msgs/include/px4_msgs/px4_msgs/msg/detail/follow_target__struct.h\n'}
[1.793665] (px4_msgs) StdoutLine: {'line': b'-- Up-to-date symlink: /home/maxim/super_ws/install/px4_msgs/include/px4_msgs/px4_msgs/msg/detail/follow_target__type_support.h\n'}
[1.793738] (px4_msgs) StdoutLine: {'line': b'-- Up-to-date symlink: /home/maxim/super_ws/install/px4_msgs/include/px4_msgs/px4_msgs/msg/detail/follow_target_estimator__functions.h\n'}
[1.793811] (px4_msgs) StdoutLine: {'line': b'-- Up-to-date symlink: /home/maxim/super_ws/install/px4_msgs/include/px4_msgs/px4_msgs/msg/detail/follow_target_estimator__struct.h\n'}
[1.793884] (px4_msgs) StdoutLine: {'line': b'-- Up-to-date symlink: /home/maxim/super_ws/install/px4_msgs/include/px4_msgs/px4_msgs/msg/detail/follow_target_estimator__type_support.h\n'}
[1.793953] (px4_msgs) StdoutLine: {'line': b'-- Up-to-date symlink: /home/maxim/super_ws/install/px4_msgs/include/px4_msgs/px4_msgs/msg/detail/follow_target_status__functions.h\n'}
[1.794022] (px4_msgs) StdoutLine: {'line': b'-- Up-to-date symlink: /home/maxim/super_ws/install/px4_msgs/include/px4_msgs/px4_msgs/msg/detail/follow_target_status__struct.h\n'}
[1.794138] (px4_msgs) StdoutLine: {'line': b'-- Up-to-date symlink: /home/maxim/super_ws/install/px4_msgs/include/px4_msgs/px4_msgs/msg/detail/follow_target_status__type_support.h\n'}
[1.794221] (px4_msgs) StdoutLine: {'line': b'-- Up-to-date symlink: /home/maxim/super_ws/install/px4_msgs/include/px4_msgs/px4_msgs/msg/detail/fuel_tank_status__functions.h\n'}
[1.794295] (px4_msgs) StdoutLine: {'line': b'-- Up-to-date symlink: /home/maxim/super_ws/install/px4_msgs/include/px4_msgs/px4_msgs/msg/detail/fuel_tank_status__struct.h\n'}
[1.794361] (px4_msgs) StdoutLine: {'line': b'-- Up-to-date symlink: /home/maxim/super_ws/install/px4_msgs/include/px4_msgs/px4_msgs/msg/detail/fuel_tank_status__type_support.h\n'}
[1.794425] (px4_msgs) StdoutLine: {'line': b'-- Up-to-date symlink: /home/maxim/super_ws/install/px4_msgs/include/px4_msgs/px4_msgs/msg/detail/gain_compression__functions.h\n'}
[1.794498] (px4_msgs) StdoutLine: {'line': b'-- Up-to-date symlink: /home/maxim/super_ws/install/px4_msgs/include/px4_msgs/px4_msgs/msg/detail/gain_compression__struct.h\n'}
[1.794572] (px4_msgs) StdoutLine: {'line': b'-- Up-to-date symlink: /home/maxim/super_ws/install/px4_msgs/include/px4_msgs/px4_msgs/msg/detail/gain_compression__type_support.h\n'}
[1.794647] (px4_msgs) StdoutLine: {'line': b'-- Up-to-date symlink: /home/maxim/super_ws/install/px4_msgs/include/px4_msgs/px4_msgs/msg/detail/generator_status__functions.h\n'}
[1.794755] (px4_msgs) StdoutLine: {'line': b'-- Up-to-date symlink: /home/maxim/super_ws/install/px4_msgs/include/px4_msgs/px4_msgs/msg/detail/generator_status__struct.h\n'}
[1.794833] (px4_msgs) StdoutLine: {'line': b'-- Up-to-date symlink: /home/maxim/super_ws/install/px4_msgs/include/px4_msgs/px4_msgs/msg/detail/generator_status__type_support.h\n'}
[1.794906] (px4_msgs) StdoutLine: {'line': b'-- Up-to-date symlink: /home/maxim/super_ws/install/px4_msgs/include/px4_msgs/px4_msgs/msg/detail/geofence_result__functions.h\n'}
[1.795002] (px4_msgs) StdoutLine: {'line': b'-- Up-to-date symlink: /home/maxim/super_ws/install/px4_msgs/include/px4_msgs/px4_msgs/msg/detail/geofence_result__struct.h\n'}
[1.795075] (px4_msgs) StdoutLine: {'line': b'-- Up-to-date symlink: /home/maxim/super_ws/install/px4_msgs/include/px4_msgs/px4_msgs/msg/detail/geofence_result__type_support.h\n'}
[1.795148] (px4_msgs) StdoutLine: {'line': b'-- Up-to-date symlink: /home/maxim/super_ws/install/px4_msgs/include/px4_msgs/px4_msgs/msg/detail/geofence_status__functions.h\n'}
[1.795222] (px4_msgs) StdoutLine: {'line': b'-- Up-to-date symlink: /home/maxim/super_ws/install/px4_msgs/include/px4_msgs/px4_msgs/msg/detail/geofence_status__struct.h\n'}
[1.795294] (px4_msgs) StdoutLine: {'line': b'-- Up-to-date symlink: /home/maxim/super_ws/install/px4_msgs/include/px4_msgs/px4_msgs/msg/detail/geofence_status__type_support.h\n'}
[1.795369] (px4_msgs) StdoutLine: {'line': b'-- Up-to-date symlink: /home/maxim/super_ws/install/px4_msgs/include/px4_msgs/px4_msgs/msg/detail/gimbal_controls__functions.h\n'}
[1.795437] (px4_msgs) StdoutLine: {'line': b'-- Up-to-date symlink: /home/maxim/super_ws/install/px4_msgs/include/px4_msgs/px4_msgs/msg/detail/gimbal_controls__struct.h\n'}
[1.795505] (px4_msgs) StdoutLine: {'line': b'-- Up-to-date symlink: /home/maxim/super_ws/install/px4_msgs/include/px4_msgs/px4_msgs/msg/detail/gimbal_controls__type_support.h\n'}
[1.795577] (px4_msgs) StdoutLine: {'line': b'-- Up-to-date symlink: /home/maxim/super_ws/install/px4_msgs/include/px4_msgs/px4_msgs/msg/detail/gimbal_device_attitude_status__functions.h\n'}
[1.795653] (px4_msgs) StdoutLine: {'line': b'-- Up-to-date symlink: /home/maxim/super_ws/install/px4_msgs/include/px4_msgs/px4_msgs/msg/detail/gimbal_device_attitude_status__struct.h\n'}
[1.795733] (px4_msgs) StdoutLine: {'line': b'-- Up-to-date symlink: /home/maxim/super_ws/install/px4_msgs/include/px4_msgs/px4_msgs/msg/detail/gimbal_device_attitude_status__type_support.h\n'}
[1.795816] (px4_msgs) StdoutLine: {'line': b'-- Up-to-date symlink: /home/maxim/super_ws/install/px4_msgs/include/px4_msgs/px4_msgs/msg/detail/gimbal_device_information__functions.h\n'}
[1.795894] (px4_msgs) StdoutLine: {'line': b'-- Up-to-date symlink: /home/maxim/super_ws/install/px4_msgs/include/px4_msgs/px4_msgs/msg/detail/gimbal_device_information__struct.h\n'}
[1.795972] (px4_msgs) StdoutLine: {'line': b'-- Up-to-date symlink: /home/maxim/super_ws/install/px4_msgs/include/px4_msgs/px4_msgs/msg/detail/gimbal_device_information__type_support.h\n'}
[1.796050] (px4_msgs) StdoutLine: {'line': b'-- Up-to-date symlink: /home/maxim/super_ws/install/px4_msgs/include/px4_msgs/px4_msgs/msg/detail/gimbal_device_set_attitude__functions.h\n'}
[1.796128] (px4_msgs) StdoutLine: {'line': b'-- Up-to-date symlink: /home/maxim/super_ws/install/px4_msgs/include/px4_msgs/px4_msgs/msg/detail/gimbal_device_set_attitude__struct.h\n'}
[1.796207] (px4_msgs) StdoutLine: {'line': b'-- Up-to-date symlink: /home/maxim/super_ws/install/px4_msgs/include/px4_msgs/px4_msgs/msg/detail/gimbal_device_set_attitude__type_support.h\n'}
[1.796285] (px4_msgs) StdoutLine: {'line': b'-- Up-to-date symlink: /home/maxim/super_ws/install/px4_msgs/include/px4_msgs/px4_msgs/msg/detail/gimbal_manager_information__functions.h\n'}
[1.796373] (px4_msgs) StdoutLine: {'line': b'-- Up-to-date symlink: /home/maxim/super_ws/install/px4_msgs/include/px4_msgs/px4_msgs/msg/detail/gimbal_manager_information__struct.h\n'}
[1.796445] (px4_msgs) StdoutLine: {'line': b'-- Up-to-date symlink: /home/maxim/super_ws/install/px4_msgs/include/px4_msgs/px4_msgs/msg/detail/gimbal_manager_information__type_support.h\n'}
[1.796518] (px4_msgs) StdoutLine: {'line': b'-- Up-to-date symlink: /home/maxim/super_ws/install/px4_msgs/include/px4_msgs/px4_msgs/msg/detail/gimbal_manager_set_attitude__functions.h\n'}
[1.796596] (px4_msgs) StdoutLine: {'line': b'-- Up-to-date symlink: /home/maxim/super_ws/install/px4_msgs/include/px4_msgs/px4_msgs/msg/detail/gimbal_manager_set_attitude__struct.h\n'}
[1.796680] (px4_msgs) StdoutLine: {'line': b'-- Up-to-date symlink: /home/maxim/super_ws/install/px4_msgs/include/px4_msgs/px4_msgs/msg/detail/gimbal_manager_set_attitude__type_support.h\n'}
[1.796759] (px4_msgs) StdoutLine: {'line': b'-- Up-to-date symlink: /home/maxim/super_ws/install/px4_msgs/include/px4_msgs/px4_msgs/msg/detail/gimbal_manager_set_manual_control__functions.h\n'}
[1.796840] (px4_msgs) StdoutLine: {'line': b'-- Up-to-date symlink: /home/maxim/super_ws/install/px4_msgs/include/px4_msgs/px4_msgs/msg/detail/gimbal_manager_set_manual_control__struct.h\n'}
[1.796918] (px4_msgs) StdoutLine: {'line': b'-- Up-to-date symlink: /home/maxim/super_ws/install/px4_msgs/include/px4_msgs/px4_msgs/msg/detail/gimbal_manager_set_manual_control__type_support.h\n'}
[1.796999] (px4_msgs) StdoutLine: {'line': b'-- Up-to-date symlink: /home/maxim/super_ws/install/px4_msgs/include/px4_msgs/px4_msgs/msg/detail/gimbal_manager_status__functions.h\n'}
[1.797108] (px4_msgs) StdoutLine: {'line': b'-- Up-to-date symlink: /home/maxim/super_ws/install/px4_msgs/include/px4_msgs/px4_msgs/msg/detail/gimbal_manager_status__struct.h\n'}
[1.797182] (px4_msgs) StdoutLine: {'line': b'-- Up-to-date symlink: /home/maxim/super_ws/install/px4_msgs/include/px4_msgs/px4_msgs/msg/detail/gimbal_manager_status__type_support.h\n'}
[1.797273] (px4_msgs) StdoutLine: {'line': b'-- Up-to-date symlink: /home/maxim/super_ws/install/px4_msgs/include/px4_msgs/px4_msgs/msg/detail/goto_setpoint__functions.h\n'}
[1.797350] (px4_msgs) StdoutLine: {'line': b'-- Up-to-date symlink: /home/maxim/super_ws/install/px4_msgs/include/px4_msgs/px4_msgs/msg/detail/goto_setpoint__struct.h\n'}
[1.797426] (px4_msgs) StdoutLine: {'line': b'-- Up-to-date symlink: /home/maxim/super_ws/install/px4_msgs/include/px4_msgs/px4_msgs/msg/detail/goto_setpoint__type_support.h\n'}
[1.797498] (px4_msgs) StdoutLine: {'line': b'-- Up-to-date symlink: /home/maxim/super_ws/install/px4_msgs/include/px4_msgs/px4_msgs/msg/detail/gpio_config__functions.h\n'}
[1.797577] (px4_msgs) StdoutLine: {'line': b'-- Up-to-date symlink: /home/maxim/super_ws/install/px4_msgs/include/px4_msgs/px4_msgs/msg/detail/gpio_config__struct.h\n'}
[1.797650] (px4_msgs) StdoutLine: {'line': b'-- Up-to-date symlink: /home/maxim/super_ws/install/px4_msgs/include/px4_msgs/px4_msgs/msg/detail/gpio_config__type_support.h\n'}
[1.797725] (px4_msgs) StdoutLine: {'line': b'-- Up-to-date symlink: /home/maxim/super_ws/install/px4_msgs/include/px4_msgs/px4_msgs/msg/detail/gpio_in__functions.h\n'}
[1.797793] (px4_msgs) StdoutLine: {'line': b'-- Up-to-date symlink: /home/maxim/super_ws/install/px4_msgs/include/px4_msgs/px4_msgs/msg/detail/gpio_in__struct.h\n'}
[1.797865] (px4_msgs) StdoutLine: {'line': b'-- Up-to-date symlink: /home/maxim/super_ws/install/px4_msgs/include/px4_msgs/px4_msgs/msg/detail/gpio_in__type_support.h\n'}
[1.797937] (px4_msgs) StdoutLine: {'line': b'-- Up-to-date symlink: /home/maxim/super_ws/install/px4_msgs/include/px4_msgs/px4_msgs/msg/detail/gpio_out__functions.h\n'}
[1.798014] (px4_msgs) StdoutLine: {'line': b'-- Up-to-date symlink: /home/maxim/super_ws/install/px4_msgs/include/px4_msgs/px4_msgs/msg/detail/gpio_out__struct.h\n'}
[1.798132] (px4_msgs) StdoutLine: {'line': b'-- Up-to-date symlink: /home/maxim/super_ws/install/px4_msgs/include/px4_msgs/px4_msgs/msg/detail/gpio_out__type_support.h\n'}
[1.798210] (px4_msgs) StdoutLine: {'line': b'-- Up-to-date symlink: /home/maxim/super_ws/install/px4_msgs/include/px4_msgs/px4_msgs/msg/detail/gpio_request__functions.h\n'}
[1.798283] (px4_msgs) StdoutLine: {'line': b'-- Up-to-date symlink: /home/maxim/super_ws/install/px4_msgs/include/px4_msgs/px4_msgs/msg/detail/gpio_request__struct.h\n'}
[1.798354] (px4_msgs) StdoutLine: {'line': b'-- Up-to-date symlink: /home/maxim/super_ws/install/px4_msgs/include/px4_msgs/px4_msgs/msg/detail/gpio_request__type_support.h\n'}
[1.798428] (px4_msgs) StdoutLine: {'line': b'-- Up-to-date symlink: /home/maxim/super_ws/install/px4_msgs/include/px4_msgs/px4_msgs/msg/detail/gps_dump__functions.h\n'}
[1.798496] (px4_msgs) StdoutLine: {'line': b'-- Up-to-date symlink: /home/maxim/super_ws/install/px4_msgs/include/px4_msgs/px4_msgs/msg/detail/gps_dump__struct.h\n'}
[1.798564] (px4_msgs) StdoutLine: {'line': b'-- Up-to-date symlink: /home/maxim/super_ws/install/px4_msgs/include/px4_msgs/px4_msgs/msg/detail/gps_dump__type_support.h\n'}
[1.798634] (px4_msgs) StdoutLine: {'line': b'-- Up-to-date symlink: /home/maxim/super_ws/install/px4_msgs/include/px4_msgs/px4_msgs/msg/detail/gps_inject_data__functions.h\n'}
[1.798711] (px4_msgs) StdoutLine: {'line': b'-- Up-to-date symlink: /home/maxim/super_ws/install/px4_msgs/include/px4_msgs/px4_msgs/msg/detail/gps_inject_data__struct.h\n'}
[1.798787] (px4_msgs) StdoutLine: {'line': b'-- Up-to-date symlink: /home/maxim/super_ws/install/px4_msgs/include/px4_msgs/px4_msgs/msg/detail/gps_inject_data__type_support.h\n'}
[1.798869] (px4_msgs) StdoutLine: {'line': b'-- Up-to-date symlink: /home/maxim/super_ws/install/px4_msgs/include/px4_msgs/px4_msgs/msg/detail/gripper__functions.h\n'}
[1.798946] (px4_msgs) StdoutLine: {'line': b'-- Up-to-date symlink: /home/maxim/super_ws/install/px4_msgs/include/px4_msgs/px4_msgs/msg/detail/gripper__struct.h\n'}
[1.799025] (px4_msgs) StdoutLine: {'line': b'-- Up-to-date symlink: /home/maxim/super_ws/install/px4_msgs/include/px4_msgs/px4_msgs/msg/detail/gripper__type_support.h\n'}
[1.799101] (px4_msgs) StdoutLine: {'line': b'-- Up-to-date symlink: /home/maxim/super_ws/install/px4_msgs/include/px4_msgs/px4_msgs/msg/detail/health_report__functions.h\n'}
[1.799178] (px4_msgs) StdoutLine: {'line': b'-- Up-to-date symlink: /home/maxim/super_ws/install/px4_msgs/include/px4_msgs/px4_msgs/msg/detail/health_report__struct.h\n'}
[1.799256] (px4_msgs) StdoutLine: {'line': b'-- Up-to-date symlink: /home/maxim/super_ws/install/px4_msgs/include/px4_msgs/px4_msgs/msg/detail/health_report__type_support.h\n'}
[1.799333] (px4_msgs) StdoutLine: {'line': b'-- Up-to-date symlink: /home/maxim/super_ws/install/px4_msgs/include/px4_msgs/px4_msgs/msg/detail/heater_status__functions.h\n'}
[1.799456] (px4_msgs) StdoutLine: {'line': b'-- Up-to-date symlink: /home/maxim/super_ws/install/px4_msgs/include/px4_msgs/px4_msgs/msg/detail/heater_status__struct.h\n'}
[1.799533] (px4_msgs) StdoutLine: {'line': b'-- Up-to-date symlink: /home/maxim/super_ws/install/px4_msgs/include/px4_msgs/px4_msgs/msg/detail/heater_status__type_support.h\n'}
[1.799607] (px4_msgs) StdoutLine: {'line': b'-- Up-to-date symlink: /home/maxim/super_ws/install/px4_msgs/include/px4_msgs/px4_msgs/msg/detail/home_position__functions.h\n'}
[1.799683] (px4_msgs) StdoutLine: {'line': b'-- Up-to-date symlink: /home/maxim/super_ws/install/px4_msgs/include/px4_msgs/px4_msgs/msg/detail/home_position__struct.h\n'}
[1.799769] (px4_msgs) StdoutLine: {'line': b'-- Up-to-date symlink: /home/maxim/super_ws/install/px4_msgs/include/px4_msgs/px4_msgs/msg/detail/home_position__type_support.h\n'}
[1.799852] (px4_msgs) StdoutLine: {'line': b'-- Up-to-date symlink: /home/maxim/super_ws/install/px4_msgs/include/px4_msgs/px4_msgs/msg/detail/hover_thrust_estimate__functions.h\n'}
[1.799954] (px4_msgs) StdoutLine: {'line': b'-- Up-to-date symlink: /home/maxim/super_ws/install/px4_msgs/include/px4_msgs/px4_msgs/msg/detail/hover_thrust_estimate__struct.h\n'}
[1.800037] (px4_msgs) StdoutLine: {'line': b'-- Up-to-date symlink: /home/maxim/super_ws/install/px4_msgs/include/px4_msgs/px4_msgs/msg/detail/hover_thrust_estimate__type_support.h\n'}
[1.800111] (px4_msgs) StdoutLine: {'line': b'-- Up-to-date symlink: /home/maxim/super_ws/install/px4_msgs/include/px4_msgs/px4_msgs/msg/detail/input_rc__functions.h\n'}
[1.800184] (px4_msgs) StdoutLine: {'line': b'-- Up-to-date symlink: /home/maxim/super_ws/install/px4_msgs/include/px4_msgs/px4_msgs/msg/detail/input_rc__struct.h\n'}
[1.800252] (px4_msgs) StdoutLine: {'line': b'-- Up-to-date symlink: /home/maxim/super_ws/install/px4_msgs/include/px4_msgs/px4_msgs/msg/detail/input_rc__type_support.h\n'}
[1.800319] (px4_msgs) StdoutLine: {'line': b'-- Up-to-date symlink: /home/maxim/super_ws/install/px4_msgs/include/px4_msgs/px4_msgs/msg/detail/internal_combustion_engine_control__functions.h\n'}
[1.800392] (px4_msgs) StdoutLine: {'line': b'-- Up-to-date symlink: /home/maxim/super_ws/install/px4_msgs/include/px4_msgs/px4_msgs/msg/detail/internal_combustion_engine_control__struct.h\n'}
[1.800466] (px4_msgs) StdoutLine: {'line': b'-- Up-to-date symlink: /home/maxim/super_ws/install/px4_msgs/include/px4_msgs/px4_msgs/msg/detail/internal_combustion_engine_control__type_support.h\n'}
[1.800539] (px4_msgs) StdoutLine: {'line': b'-- Up-to-date symlink: /home/maxim/super_ws/install/px4_msgs/include/px4_msgs/px4_msgs/msg/detail/internal_combustion_engine_status__functions.h\n'}
[1.800608] (px4_msgs) StdoutLine: {'line': b'-- Up-to-date symlink: /home/maxim/super_ws/install/px4_msgs/include/px4_msgs/px4_msgs/msg/detail/internal_combustion_engine_status__struct.h\n'}
[1.800683] (px4_msgs) StdoutLine: {'line': b'-- Up-to-date symlink: /home/maxim/super_ws/install/px4_msgs/include/px4_msgs/px4_msgs/msg/detail/internal_combustion_engine_status__type_support.h\n'}
[1.800758] (px4_msgs) StdoutLine: {'line': b'-- Up-to-date symlink: /home/maxim/super_ws/install/px4_msgs/include/px4_msgs/px4_msgs/msg/detail/iridiumsbd_status__functions.h\n'}
[1.800840] (px4_msgs) StdoutLine: {'line': b'-- Up-to-date symlink: /home/maxim/super_ws/install/px4_msgs/include/px4_msgs/px4_msgs/msg/detail/iridiumsbd_status__struct.h\n'}
[1.800947] (px4_msgs) StdoutLine: {'line': b'-- Up-to-date symlink: /home/maxim/super_ws/install/px4_msgs/include/px4_msgs/px4_msgs/msg/detail/iridiumsbd_status__type_support.h\n'}
[1.801053] (px4_msgs) StdoutLine: {'line': b'-- Up-to-date symlink: /home/maxim/super_ws/install/px4_msgs/include/px4_msgs/px4_msgs/msg/detail/irlock_report__functions.h\n'}
[1.801131] (px4_msgs) StdoutLine: {'line': b'-- Up-to-date symlink: /home/maxim/super_ws/install/px4_msgs/include/px4_msgs/px4_msgs/msg/detail/irlock_report__struct.h\n'}
[1.801203] (px4_msgs) StdoutLine: {'line': b'-- Up-to-date symlink: /home/maxim/super_ws/install/px4_msgs/include/px4_msgs/px4_msgs/msg/detail/irlock_report__type_support.h\n'}
[1.801272] (px4_msgs) StdoutLine: {'line': b'-- Up-to-date symlink: /home/maxim/super_ws/install/px4_msgs/include/px4_msgs/px4_msgs/msg/detail/landing_gear__functions.h\n'}
[1.801343] (px4_msgs) StdoutLine: {'line': b'-- Up-to-date symlink: /home/maxim/super_ws/install/px4_msgs/include/px4_msgs/px4_msgs/msg/detail/landing_gear__struct.h\n'}
[1.801417] (px4_msgs) StdoutLine: {'line': b'-- Up-to-date symlink: /home/maxim/super_ws/install/px4_msgs/include/px4_msgs/px4_msgs/msg/detail/landing_gear__type_support.h\n'}
[1.801489] (px4_msgs) StdoutLine: {'line': b'-- Up-to-date symlink: /home/maxim/super_ws/install/px4_msgs/include/px4_msgs/px4_msgs/msg/detail/landing_gear_wheel__functions.h\n'}
[1.801558] (px4_msgs) StdoutLine: {'line': b'-- Up-to-date symlink: /home/maxim/super_ws/install/px4_msgs/include/px4_msgs/px4_msgs/msg/detail/landing_gear_wheel__struct.h\n'}
[1.801629] (px4_msgs) StdoutLine: {'line': b'-- Up-to-date symlink: /home/maxim/super_ws/install/px4_msgs/include/px4_msgs/px4_msgs/msg/detail/landing_gear_wheel__type_support.h\n'}
[1.801704] (px4_msgs) StdoutLine: {'line': b'-- Up-to-date symlink: /home/maxim/super_ws/install/px4_msgs/include/px4_msgs/px4_msgs/msg/detail/landing_target_innovations__functions.h\n'}
[1.801780] (px4_msgs) StdoutLine: {'line': b'-- Up-to-date symlink: /home/maxim/super_ws/install/px4_msgs/include/px4_msgs/px4_msgs/msg/detail/landing_target_innovations__struct.h\n'}
[1.801862] (px4_msgs) StdoutLine: {'line': b'-- Up-to-date symlink: /home/maxim/super_ws/install/px4_msgs/include/px4_msgs/px4_msgs/msg/detail/landing_target_innovations__type_support.h\n'}
[1.801981] (px4_msgs) StdoutLine: {'line': b'-- Up-to-date symlink: /home/maxim/super_ws/install/px4_msgs/include/px4_msgs/px4_msgs/msg/detail/landing_target_pose__functions.h\n'}
[1.802064] (px4_msgs) StdoutLine: {'line': b'-- Up-to-date symlink: /home/maxim/super_ws/install/px4_msgs/include/px4_msgs/px4_msgs/msg/detail/landing_target_pose__struct.h\n'}
[1.802136] (px4_msgs) StdoutLine: {'line': b'-- Up-to-date symlink: /home/maxim/super_ws/install/px4_msgs/include/px4_msgs/px4_msgs/msg/detail/landing_target_pose__type_support.h\n'}
[1.802208] (px4_msgs) StdoutLine: {'line': b'-- Up-to-date symlink: /home/maxim/super_ws/install/px4_msgs/include/px4_msgs/px4_msgs/msg/detail/lateral_control_configuration__functions.h\n'}
[1.802284] (px4_msgs) StdoutLine: {'line': b'-- Up-to-date symlink: /home/maxim/super_ws/install/px4_msgs/include/px4_msgs/px4_msgs/msg/detail/lateral_control_configuration__struct.h\n'}
[1.802359] (px4_msgs) StdoutLine: {'line': b'-- Up-to-date symlink: /home/maxim/super_ws/install/px4_msgs/include/px4_msgs/px4_msgs/msg/detail/lateral_control_configuration__type_support.h\n'}
[1.802440] (px4_msgs) StdoutLine: {'line': b'-- Up-to-date symlink: /home/maxim/super_ws/install/px4_msgs/include/px4_msgs/px4_msgs/msg/detail/launch_detection_status__functions.h\n'}
[1.802512] (px4_msgs) StdoutLine: {'line': b'-- Up-to-date symlink: /home/maxim/super_ws/install/px4_msgs/include/px4_msgs/px4_msgs/msg/detail/launch_detection_status__struct.h\n'}
[1.802589] (px4_msgs) StdoutLine: {'line': b'-- Up-to-date symlink: /home/maxim/super_ws/install/px4_msgs/include/px4_msgs/px4_msgs/msg/detail/launch_detection_status__type_support.h\n'}
[1.802659] (px4_msgs) StdoutLine: {'line': b'-- Up-to-date symlink: /home/maxim/super_ws/install/px4_msgs/include/px4_msgs/px4_msgs/msg/detail/led_control__functions.h\n'}
[1.802764] (px4_msgs) StdoutLine: {'line': b'-- Up-to-date symlink: /home/maxim/super_ws/install/px4_msgs/include/px4_msgs/px4_msgs/msg/detail/led_control__struct.h\n'}
[1.802842] (px4_msgs) StdoutLine: {'line': b'-- Up-to-date symlink: /home/maxim/super_ws/install/px4_msgs/include/px4_msgs/px4_msgs/msg/detail/led_control__type_support.h\n'}
[1.802903] (-) TimerEvent: {}
[1.802980] (px4_msgs) StdoutLine: {'line': b'-- Up-to-date symlink: /home/maxim/super_ws/install/px4_msgs/include/px4_msgs/px4_msgs/msg/detail/log_message__functions.h\n'}
[1.803044] (px4_msgs) StdoutLine: {'line': b'-- Up-to-date symlink: /home/maxim/super_ws/install/px4_msgs/include/px4_msgs/px4_msgs/msg/detail/log_message__struct.h\n'}
[1.803115] (px4_msgs) StdoutLine: {'line': b'-- Up-to-date symlink: /home/maxim/super_ws/install/px4_msgs/include/px4_msgs/px4_msgs/msg/detail/log_message__type_support.h\n'}
[1.803185] (px4_msgs) StdoutLine: {'line': b'-- Up-to-date symlink: /home/maxim/super_ws/install/px4_msgs/include/px4_msgs/px4_msgs/msg/detail/logger_status__functions.h\n'}
[1.803260] (px4_msgs) StdoutLine: {'line': b'-- Up-to-date symlink: /home/maxim/super_ws/install/px4_msgs/include/px4_msgs/px4_msgs/msg/detail/logger_status__struct.h\n'}
[1.803346] (px4_msgs) StdoutLine: {'line': b'-- Up-to-date symlink: /home/maxim/super_ws/install/px4_msgs/include/px4_msgs/px4_msgs/msg/detail/logger_status__type_support.h\n'}
[1.803418] (px4_msgs) StdoutLine: {'line': b'-- Up-to-date symlink: /home/maxim/super_ws/install/px4_msgs/include/px4_msgs/px4_msgs/msg/detail/longitudinal_control_configuration__functions.h\n'}
[1.803489] (px4_msgs) StdoutLine: {'line': b'-- Up-to-date symlink: /home/maxim/super_ws/install/px4_msgs/include/px4_msgs/px4_msgs/msg/detail/longitudinal_control_configuration__struct.h\n'}
[1.803561] (px4_msgs) StdoutLine: {'line': b'-- Up-to-date symlink: /home/maxim/super_ws/install/px4_msgs/include/px4_msgs/px4_msgs/msg/detail/longitudinal_control_configuration__type_support.h\n'}
[1.803636] (px4_msgs) StdoutLine: {'line': b'-- Up-to-date symlink: /home/maxim/super_ws/install/px4_msgs/include/px4_msgs/px4_msgs/msg/detail/mag_worker_data__functions.h\n'}
[1.803710] (px4_msgs) StdoutLine: {'line': b'-- Up-to-date symlink: /home/maxim/super_ws/install/px4_msgs/include/px4_msgs/px4_msgs/msg/detail/mag_worker_data__struct.h\n'}
[1.803783] (px4_msgs) StdoutLine: {'line': b'-- Up-to-date symlink: /home/maxim/super_ws/install/px4_msgs/include/px4_msgs/px4_msgs/msg/detail/mag_worker_data__type_support.h\n'}
[1.803858] (px4_msgs) StdoutLine: {'line': b'-- Up-to-date symlink: /home/maxim/super_ws/install/px4_msgs/include/px4_msgs/px4_msgs/msg/detail/magnetometer_bias_estimate__functions.h\n'}
[1.803931] (px4_msgs) StdoutLine: {'line': b'-- Up-to-date symlink: /home/maxim/super_ws/install/px4_msgs/include/px4_msgs/px4_msgs/msg/detail/magnetometer_bias_estimate__struct.h\n'}
[1.804006] (px4_msgs) StdoutLine: {'line': b'-- Up-to-date symlink: /home/maxim/super_ws/install/px4_msgs/include/px4_msgs/px4_msgs/msg/detail/magnetometer_bias_estimate__type_support.h\n'}
[1.804075] (px4_msgs) StdoutLine: {'line': b'-- Up-to-date symlink: /home/maxim/super_ws/install/px4_msgs/include/px4_msgs/px4_msgs/msg/detail/manual_control_setpoint__functions.h\n'}
[1.804147] (px4_msgs) StdoutLine: {'line': b'-- Up-to-date symlink: /home/maxim/super_ws/install/px4_msgs/include/px4_msgs/px4_msgs/msg/detail/manual_control_setpoint__struct.h\n'}
[1.804217] (px4_msgs) StdoutLine: {'line': b'-- Up-to-date symlink: /home/maxim/super_ws/install/px4_msgs/include/px4_msgs/px4_msgs/msg/detail/manual_control_setpoint__type_support.h\n'}
[1.804293] (px4_msgs) StdoutLine: {'line': b'-- Up-to-date symlink: /home/maxim/super_ws/install/px4_msgs/include/px4_msgs/px4_msgs/msg/detail/manual_control_switches__functions.h\n'}
[1.804370] (px4_msgs) StdoutLine: {'line': b'-- Up-to-date symlink: /home/maxim/super_ws/install/px4_msgs/include/px4_msgs/px4_msgs/msg/detail/manual_control_switches__struct.h\n'}
[1.804447] (px4_msgs) StdoutLine: {'line': b'-- Up-to-date symlink: /home/maxim/super_ws/install/px4_msgs/include/px4_msgs/px4_msgs/msg/detail/manual_control_switches__type_support.h\n'}
[1.804525] (px4_msgs) StdoutLine: {'line': b'-- Up-to-date symlink: /home/maxim/super_ws/install/px4_msgs/include/px4_msgs/px4_msgs/msg/detail/mavlink_log__functions.h\n'}
[1.804603] (px4_msgs) StdoutLine: {'line': b'-- Up-to-date symlink: /home/maxim/super_ws/install/px4_msgs/include/px4_msgs/px4_msgs/msg/detail/mavlink_log__struct.h\n'}
[1.804686] (px4_msgs) StdoutLine: {'line': b'-- Up-to-date symlink: /home/maxim/super_ws/install/px4_msgs/include/px4_msgs/px4_msgs/msg/detail/mavlink_log__type_support.h\n'}
[1.804763] (px4_msgs) StdoutLine: {'line': b'-- Up-to-date symlink: /home/maxim/super_ws/install/px4_msgs/include/px4_msgs/px4_msgs/msg/detail/mavlink_tunnel__functions.h\n'}
[1.804844] (px4_msgs) StdoutLine: {'line': b'-- Up-to-date symlink: /home/maxim/super_ws/install/px4_msgs/include/px4_msgs/px4_msgs/msg/detail/mavlink_tunnel__struct.h\n'}
[1.804922] (px4_msgs) StdoutLine: {'line': b'-- Up-to-date symlink: /home/maxim/super_ws/install/px4_msgs/include/px4_msgs/px4_msgs/msg/detail/mavlink_tunnel__type_support.h\n'}
[1.805000] (px4_msgs) StdoutLine: {'line': b'-- Up-to-date symlink: /home/maxim/super_ws/install/px4_msgs/include/px4_msgs/px4_msgs/msg/detail/message_format_request__functions.h\n'}
[1.805076] (px4_msgs) StdoutLine: {'line': b'-- Up-to-date symlink: /home/maxim/super_ws/install/px4_msgs/include/px4_msgs/px4_msgs/msg/detail/message_format_request__struct.h\n'}
[1.805154] (px4_msgs) StdoutLine: {'line': b'-- Up-to-date symlink: /home/maxim/super_ws/install/px4_msgs/include/px4_msgs/px4_msgs/msg/detail/message_format_request__type_support.h\n'}
[1.805231] (px4_msgs) StdoutLine: {'line': b'-- Up-to-date symlink: /home/maxim/super_ws/install/px4_msgs/include/px4_msgs/px4_msgs/msg/detail/message_format_response__functions.h\n'}
[1.805309] (px4_msgs) StdoutLine: {'line': b'-- Up-to-date symlink: /home/maxim/super_ws/install/px4_msgs/include/px4_msgs/px4_msgs/msg/detail/message_format_response__struct.h\n'}
[1.805385] (px4_msgs) StdoutLine: {'line': b'-- Up-to-date symlink: /home/maxim/super_ws/install/px4_msgs/include/px4_msgs/px4_msgs/msg/detail/message_format_response__type_support.h\n'}
[1.805464] (px4_msgs) StdoutLine: {'line': b'-- Up-to-date symlink: /home/maxim/super_ws/install/px4_msgs/include/px4_msgs/px4_msgs/msg/detail/mission__functions.h\n'}
[1.805542] (px4_msgs) StdoutLine: {'line': b'-- Up-to-date symlink: /home/maxim/super_ws/install/px4_msgs/include/px4_msgs/px4_msgs/msg/detail/mission__struct.h\n'}
[1.805620] (px4_msgs) StdoutLine: {'line': b'-- Up-to-date symlink: /home/maxim/super_ws/install/px4_msgs/include/px4_msgs/px4_msgs/msg/detail/mission__type_support.h\n'}
[1.805703] (px4_msgs) StdoutLine: {'line': b'-- Up-to-date symlink: /home/maxim/super_ws/install/px4_msgs/include/px4_msgs/px4_msgs/msg/detail/mission_result__functions.h\n'}
[1.805824] (px4_msgs) StdoutLine: {'line': b'-- Up-to-date symlink: /home/maxim/super_ws/install/px4_msgs/include/px4_msgs/px4_msgs/msg/detail/mission_result__struct.h\n'}
[1.805912] (px4_msgs) StdoutLine: {'line': b'-- Up-to-date symlink: /home/maxim/super_ws/install/px4_msgs/include/px4_msgs/px4_msgs/msg/detail/mission_result__type_support.h\n'}
[1.806001] (px4_msgs) StdoutLine: {'line': b'-- Up-to-date symlink: /home/maxim/super_ws/install/px4_msgs/include/px4_msgs/px4_msgs/msg/detail/mode_completed__functions.h\n'}
[1.806079] (px4_msgs) StdoutLine: {'line': b'-- Up-to-date symlink: /home/maxim/super_ws/install/px4_msgs/include/px4_msgs/px4_msgs/msg/detail/mode_completed__struct.h\n'}
[1.806160] (px4_msgs) StdoutLine: {'line': b'-- Up-to-date symlink: /home/maxim/super_ws/install/px4_msgs/include/px4_msgs/px4_msgs/msg/detail/mode_completed__type_support.h\n'}
[1.806231] (px4_msgs) StdoutLine: {'line': b'-- Up-to-date symlink: /home/maxim/super_ws/install/px4_msgs/include/px4_msgs/px4_msgs/msg/detail/mount_orientation__functions.h\n'}
[1.806300] (px4_msgs) StdoutLine: {'line': b'-- Up-to-date symlink: /home/maxim/super_ws/install/px4_msgs/include/px4_msgs/px4_msgs/msg/detail/mount_orientation__struct.h\n'}
[1.806372] (px4_msgs) StdoutLine: {'line': b'-- Up-to-date symlink: /home/maxim/super_ws/install/px4_msgs/include/px4_msgs/px4_msgs/msg/detail/mount_orientation__type_support.h\n'}
[1.806442] (px4_msgs) StdoutLine: {'line': b'-- Up-to-date symlink: /home/maxim/super_ws/install/px4_msgs/include/px4_msgs/px4_msgs/msg/detail/navigator_mission_item__functions.h\n'}
[1.806516] (px4_msgs) StdoutLine: {'line': b'-- Up-to-date symlink: /home/maxim/super_ws/install/px4_msgs/include/px4_msgs/px4_msgs/msg/detail/navigator_mission_item__struct.h\n'}
[1.806605] (px4_msgs) StdoutLine: {'line': b'-- Up-to-date symlink: /home/maxim/super_ws/install/px4_msgs/include/px4_msgs/px4_msgs/msg/detail/navigator_mission_item__type_support.h\n'}
[1.806684] (px4_msgs) StdoutLine: {'line': b'-- Up-to-date symlink: /home/maxim/super_ws/install/px4_msgs/include/px4_msgs/px4_msgs/msg/detail/navigator_status__functions.h\n'}
[1.806756] (px4_msgs) StdoutLine: {'line': b'-- Up-to-date symlink: /home/maxim/super_ws/install/px4_msgs/include/px4_msgs/px4_msgs/msg/detail/navigator_status__struct.h\n'}
[1.806829] (px4_msgs) StdoutLine: {'line': b'-- Up-to-date symlink: /home/maxim/super_ws/install/px4_msgs/include/px4_msgs/px4_msgs/msg/detail/navigator_status__type_support.h\n'}
[1.806903] (px4_msgs) StdoutLine: {'line': b'-- Up-to-date symlink: /home/maxim/super_ws/install/px4_msgs/include/px4_msgs/px4_msgs/msg/detail/neural_control__functions.h\n'}
[1.806977] (px4_msgs) StdoutLine: {'line': b'-- Up-to-date symlink: /home/maxim/super_ws/install/px4_msgs/include/px4_msgs/px4_msgs/msg/detail/neural_control__struct.h\n'}
[1.807049] (px4_msgs) StdoutLine: {'line': b'-- Up-to-date symlink: /home/maxim/super_ws/install/px4_msgs/include/px4_msgs/px4_msgs/msg/detail/neural_control__type_support.h\n'}
[1.807125] (px4_msgs) StdoutLine: {'line': b'-- Up-to-date symlink: /home/maxim/super_ws/install/px4_msgs/include/px4_msgs/px4_msgs/msg/detail/normalized_unsigned_setpoint__functions.h\n'}
[1.807198] (px4_msgs) StdoutLine: {'line': b'-- Up-to-date symlink: /home/maxim/super_ws/install/px4_msgs/include/px4_msgs/px4_msgs/msg/detail/normalized_unsigned_setpoint__struct.h\n'}
[1.807287] (px4_msgs) StdoutLine: {'line': b'-- Up-to-date symlink: /home/maxim/super_ws/install/px4_msgs/include/px4_msgs/px4_msgs/msg/detail/normalized_unsigned_setpoint__type_support.h\n'}
[1.807391] (px4_msgs) StdoutLine: {'line': b'-- Up-to-date symlink: /home/maxim/super_ws/install/px4_msgs/include/px4_msgs/px4_msgs/msg/detail/obstacle_distance__functions.h\n'}
[1.807475] (px4_msgs) StdoutLine: {'line': b'-- Up-to-date symlink: /home/maxim/super_ws/install/px4_msgs/include/px4_msgs/px4_msgs/msg/detail/obstacle_distance__struct.h\n'}
[1.807554] (px4_msgs) StdoutLine: {'line': b'-- Up-to-date symlink: /home/maxim/super_ws/install/px4_msgs/include/px4_msgs/px4_msgs/msg/detail/obstacle_distance__type_support.h\n'}
[1.807624] (px4_msgs) StdoutLine: {'line': b'-- Up-to-date symlink: /home/maxim/super_ws/install/px4_msgs/include/px4_msgs/px4_msgs/msg/detail/offboard_control_mode__functions.h\n'}
[1.807700] (px4_msgs) StdoutLine: {'line': b'-- Up-to-date symlink: /home/maxim/super_ws/install/px4_msgs/include/px4_msgs/px4_msgs/msg/detail/offboard_control_mode__struct.h\n'}
[1.807773] (px4_msgs) StdoutLine: {'line': b'-- Up-to-date symlink: /home/maxim/super_ws/install/px4_msgs/include/px4_msgs/px4_msgs/msg/detail/offboard_control_mode__type_support.h\n'}
[1.807840] (px4_msgs) StdoutLine: {'line': b'-- Up-to-date symlink: /home/maxim/super_ws/install/px4_msgs/include/px4_msgs/px4_msgs/msg/detail/onboard_computer_status__functions.h\n'}
[1.807911] (px4_msgs) StdoutLine: {'line': b'-- Up-to-date symlink: /home/maxim/super_ws/install/px4_msgs/include/px4_msgs/px4_msgs/msg/detail/onboard_computer_status__struct.h\n'}
[1.807982] (px4_msgs) StdoutLine: {'line': b'-- Up-to-date symlink: /home/maxim/super_ws/install/px4_msgs/include/px4_msgs/px4_msgs/msg/detail/onboard_computer_status__type_support.h\n'}
[1.808056] (px4_msgs) StdoutLine: {'line': b'-- Up-to-date symlink: /home/maxim/super_ws/install/px4_msgs/include/px4_msgs/px4_msgs/msg/detail/open_drone_id_arm_status__functions.h\n'}
[1.808176] (px4_msgs) StdoutLine: {'line': b'-- Up-to-date symlink: /home/maxim/super_ws/install/px4_msgs/include/px4_msgs/px4_msgs/msg/detail/open_drone_id_arm_status__struct.h\n'}
[1.808290] (px4_msgs) StdoutLine: {'line': b'-- Up-to-date symlink: /home/maxim/super_ws/install/px4_msgs/include/px4_msgs/px4_msgs/msg/detail/open_drone_id_arm_status__type_support.h\n'}
[1.808427] (px4_msgs) StdoutLine: {'line': b'-- Up-to-date symlink: /home/maxim/super_ws/install/px4_msgs/include/px4_msgs/px4_msgs/msg/detail/open_drone_id_operator_id__functions.h\n'}
[1.808534] (px4_msgs) StdoutLine: {'line': b'-- Up-to-date symlink: /home/maxim/super_ws/install/px4_msgs/include/px4_msgs/px4_msgs/msg/detail/open_drone_id_operator_id__struct.h\n'}
[1.808600] (px4_msgs) StdoutLine: {'line': b'-- Up-to-date symlink: /home/maxim/super_ws/install/px4_msgs/include/px4_msgs/px4_msgs/msg/detail/open_drone_id_operator_id__type_support.h\n'}
[1.808677] (px4_msgs) StdoutLine: {'line': b'-- Up-to-date symlink: /home/maxim/super_ws/install/px4_msgs/include/px4_msgs/px4_msgs/msg/detail/open_drone_id_self_id__functions.h\n'}
[1.808754] (px4_msgs) StdoutLine: {'line': b'-- Up-to-date symlink: /home/maxim/super_ws/install/px4_msgs/include/px4_msgs/px4_msgs/msg/detail/open_drone_id_self_id__struct.h\n'}
[1.808825] (px4_msgs) StdoutLine: {'line': b'-- Up-to-date symlink: /home/maxim/super_ws/install/px4_msgs/include/px4_msgs/px4_msgs/msg/detail/open_drone_id_self_id__type_support.h\n'}
[1.808886] (px4_msgs) StdoutLine: {'line': b'-- Up-to-date symlink: /home/maxim/super_ws/install/px4_msgs/include/px4_msgs/px4_msgs/msg/detail/open_drone_id_system__functions.h\n'}
[1.808966] (px4_msgs) StdoutLine: {'line': b'-- Up-to-date symlink: /home/maxim/super_ws/install/px4_msgs/include/px4_msgs/px4_msgs/msg/detail/open_drone_id_system__struct.h\n'}
[1.809035] (px4_msgs) StdoutLine: {'line': b'-- Up-to-date symlink: /home/maxim/super_ws/install/px4_msgs/include/px4_msgs/px4_msgs/msg/detail/open_drone_id_system__type_support.h\n'}
[1.809118] (px4_msgs) StdoutLine: {'line': b'-- Up-to-date symlink: /home/maxim/super_ws/install/px4_msgs/include/px4_msgs/px4_msgs/msg/detail/orb_test__functions.h\n'}
[1.809192] (px4_msgs) StdoutLine: {'line': b'-- Up-to-date symlink: /home/maxim/super_ws/install/px4_msgs/include/px4_msgs/px4_msgs/msg/detail/orb_test__struct.h\n'}
[1.809252] (px4_msgs) StdoutLine: {'line': b'-- Up-to-date symlink: /home/maxim/super_ws/install/px4_msgs/include/px4_msgs/px4_msgs/msg/detail/orb_test__type_support.h\n'}
[1.809322] (px4_msgs) StdoutLine: {'line': b'-- Up-to-date symlink: /home/maxim/super_ws/install/px4_msgs/include/px4_msgs/px4_msgs/msg/detail/orb_test_large__functions.h\n'}
[1.809395] (px4_msgs) StdoutLine: {'line': b'-- Up-to-date symlink: /home/maxim/super_ws/install/px4_msgs/include/px4_msgs/px4_msgs/msg/detail/orb_test_large__struct.h\n'}
[1.809466] (px4_msgs) StdoutLine: {'line': b'-- Up-to-date symlink: /home/maxim/super_ws/install/px4_msgs/include/px4_msgs/px4_msgs/msg/detail/orb_test_large__type_support.h\n'}
[1.809539] (px4_msgs) StdoutLine: {'line': b'-- Up-to-date symlink: /home/maxim/super_ws/install/px4_msgs/include/px4_msgs/px4_msgs/msg/detail/orb_test_medium__functions.h\n'}
[1.809610] (px4_msgs) StdoutLine: {'line': b'-- Up-to-date symlink: /home/maxim/super_ws/install/px4_msgs/include/px4_msgs/px4_msgs/msg/detail/orb_test_medium__struct.h\n'}
[1.809684] (px4_msgs) StdoutLine: {'line': b'-- Up-to-date symlink: /home/maxim/super_ws/install/px4_msgs/include/px4_msgs/px4_msgs/msg/detail/orb_test_medium__type_support.h\n'}
[1.809754] (px4_msgs) StdoutLine: {'line': b'-- Up-to-date symlink: /home/maxim/super_ws/install/px4_msgs/include/px4_msgs/px4_msgs/msg/detail/orbit_status__functions.h\n'}
[1.809823] (px4_msgs) StdoutLine: {'line': b'-- Up-to-date symlink: /home/maxim/super_ws/install/px4_msgs/include/px4_msgs/px4_msgs/msg/detail/orbit_status__struct.h\n'}
[1.809895] (px4_msgs) StdoutLine: {'line': b'-- Up-to-date symlink: /home/maxim/super_ws/install/px4_msgs/include/px4_msgs/px4_msgs/msg/detail/orbit_status__type_support.h\n'}
[1.809964] (px4_msgs) StdoutLine: {'line': b'-- Up-to-date symlink: /home/maxim/super_ws/install/px4_msgs/include/px4_msgs/px4_msgs/msg/detail/parameter_reset_request__functions.h\n'}
[1.810039] (px4_msgs) StdoutLine: {'line': b'-- Up-to-date symlink: /home/maxim/super_ws/install/px4_msgs/include/px4_msgs/px4_msgs/msg/detail/parameter_reset_request__struct.h\n'}
[1.810111] (px4_msgs) StdoutLine: {'line': b'-- Up-to-date symlink: /home/maxim/super_ws/install/px4_msgs/include/px4_msgs/px4_msgs/msg/detail/parameter_reset_request__type_support.h\n'}
[1.810184] (px4_msgs) StdoutLine: {'line': b'-- Up-to-date symlink: /home/maxim/super_ws/install/px4_msgs/include/px4_msgs/px4_msgs/msg/detail/parameter_set_used_request__functions.h\n'}
[1.810257] (px4_msgs) StdoutLine: {'line': b'-- Up-to-date symlink: /home/maxim/super_ws/install/px4_msgs/include/px4_msgs/px4_msgs/msg/detail/parameter_set_used_request__struct.h\n'}
[1.810329] (px4_msgs) StdoutLine: {'line': b'-- Up-to-date symlink: /home/maxim/super_ws/install/px4_msgs/include/px4_msgs/px4_msgs/msg/detail/parameter_set_used_request__type_support.h\n'}
[1.810406] (px4_msgs) StdoutLine: {'line': b'-- Up-to-date symlink: /home/maxim/super_ws/install/px4_msgs/include/px4_msgs/px4_msgs/msg/detail/parameter_set_value_request__functions.h\n'}
[1.810484] (px4_msgs) StdoutLine: {'line': b'-- Up-to-date symlink: /home/maxim/super_ws/install/px4_msgs/include/px4_msgs/px4_msgs/msg/detail/parameter_set_value_request__struct.h\n'}
[1.810562] (px4_msgs) StdoutLine: {'line': b'-- Up-to-date symlink: /home/maxim/super_ws/install/px4_msgs/include/px4_msgs/px4_msgs/msg/detail/parameter_set_value_request__type_support.h\n'}
[1.810643] (px4_msgs) StdoutLine: {'line': b'-- Up-to-date symlink: /home/maxim/super_ws/install/px4_msgs/include/px4_msgs/px4_msgs/msg/detail/parameter_set_value_response__functions.h\n'}
[1.810726] (px4_msgs) StdoutLine: {'line': b'-- Up-to-date symlink: /home/maxim/super_ws/install/px4_msgs/include/px4_msgs/px4_msgs/msg/detail/parameter_set_value_response__struct.h\n'}
[1.810811] (px4_msgs) StdoutLine: {'line': b'-- Up-to-date symlink: /home/maxim/super_ws/install/px4_msgs/include/px4_msgs/px4_msgs/msg/detail/parameter_set_value_response__type_support.h\n'}
[1.810920] (px4_msgs) StdoutLine: {'line': b'-- Up-to-date symlink: /home/maxim/super_ws/install/px4_msgs/include/px4_msgs/px4_msgs/msg/detail/parameter_update__functions.h\n'}
[1.810993] (px4_msgs) StdoutLine: {'line': b'-- Up-to-date symlink: /home/maxim/super_ws/install/px4_msgs/include/px4_msgs/px4_msgs/msg/detail/parameter_update__struct.h\n'}
[1.811070] (px4_msgs) StdoutLine: {'line': b'-- Up-to-date symlink: /home/maxim/super_ws/install/px4_msgs/include/px4_msgs/px4_msgs/msg/detail/parameter_update__type_support.h\n'}
[1.811146] (px4_msgs) StdoutLine: {'line': b'-- Up-to-date symlink: /home/maxim/super_ws/install/px4_msgs/include/px4_msgs/px4_msgs/msg/detail/ping__functions.h\n'}
[1.811220] (px4_msgs) StdoutLine: {'line': b'-- Up-to-date symlink: /home/maxim/super_ws/install/px4_msgs/include/px4_msgs/px4_msgs/msg/detail/ping__struct.h\n'}
[1.811294] (px4_msgs) StdoutLine: {'line': b'-- Up-to-date symlink: /home/maxim/super_ws/install/px4_msgs/include/px4_msgs/px4_msgs/msg/detail/ping__type_support.h\n'}
[1.811367] (px4_msgs) StdoutLine: {'line': b'-- Up-to-date symlink: /home/maxim/super_ws/install/px4_msgs/include/px4_msgs/px4_msgs/msg/detail/position_controller_landing_status__functions.h\n'}
[1.811438] (px4_msgs) StdoutLine: {'line': b'-- Up-to-date symlink: /home/maxim/super_ws/install/px4_msgs/include/px4_msgs/px4_msgs/msg/detail/position_controller_landing_status__struct.h\n'}
[1.811516] (px4_msgs) StdoutLine: {'line': b'-- Up-to-date symlink: /home/maxim/super_ws/install/px4_msgs/include/px4_msgs/px4_msgs/msg/detail/position_controller_landing_status__type_support.h\n'}
[1.811640] (px4_msgs) StdoutLine: {'line': b'-- Up-to-date symlink: /home/maxim/super_ws/install/px4_msgs/include/px4_msgs/px4_msgs/msg/detail/position_controller_status__functions.h\n'}
[1.811753] (px4_msgs) StdoutLine: {'line': b'-- Up-to-date symlink: /home/maxim/super_ws/install/px4_msgs/include/px4_msgs/px4_msgs/msg/detail/position_controller_status__struct.h\n'}
[1.811841] (px4_msgs) StdoutLine: {'line': b'-- Up-to-date symlink: /home/maxim/super_ws/install/px4_msgs/include/px4_msgs/px4_msgs/msg/detail/position_controller_status__type_support.h\n'}
[1.811920] (px4_msgs) StdoutLine: {'line': b'-- Up-to-date symlink: /home/maxim/super_ws/install/px4_msgs/include/px4_msgs/px4_msgs/msg/detail/position_setpoint__functions.h\n'}
[1.812002] (px4_msgs) StdoutLine: {'line': b'-- Up-to-date symlink: /home/maxim/super_ws/install/px4_msgs/include/px4_msgs/px4_msgs/msg/detail/position_setpoint__struct.h\n'}
[1.812076] (px4_msgs) StdoutLine: {'line': b'-- Up-to-date symlink: /home/maxim/super_ws/install/px4_msgs/include/px4_msgs/px4_msgs/msg/detail/position_setpoint__type_support.h\n'}
[1.812146] (px4_msgs) StdoutLine: {'line': b'-- Up-to-date symlink: /home/maxim/super_ws/install/px4_msgs/include/px4_msgs/px4_msgs/msg/detail/position_setpoint_triplet__functions.h\n'}
[1.812218] (px4_msgs) StdoutLine: {'line': b'-- Up-to-date symlink: /home/maxim/super_ws/install/px4_msgs/include/px4_msgs/px4_msgs/msg/detail/position_setpoint_triplet__struct.h\n'}
[1.812289] (px4_msgs) StdoutLine: {'line': b'-- Up-to-date symlink: /home/maxim/super_ws/install/px4_msgs/include/px4_msgs/px4_msgs/msg/detail/position_setpoint_triplet__type_support.h\n'}
[1.812361] (px4_msgs) StdoutLine: {'line': b'-- Up-to-date symlink: /home/maxim/super_ws/install/px4_msgs/include/px4_msgs/px4_msgs/msg/detail/power_button_state__functions.h\n'}
[1.812436] (px4_msgs) StdoutLine: {'line': b'-- Up-to-date symlink: /home/maxim/super_ws/install/px4_msgs/include/px4_msgs/px4_msgs/msg/detail/power_button_state__struct.h\n'}
[1.812509] (px4_msgs) StdoutLine: {'line': b'-- Up-to-date symlink: /home/maxim/super_ws/install/px4_msgs/include/px4_msgs/px4_msgs/msg/detail/power_button_state__type_support.h\n'}
[1.812577] (px4_msgs) StdoutLine: {'line': b'-- Up-to-date symlink: /home/maxim/super_ws/install/px4_msgs/include/px4_msgs/px4_msgs/msg/detail/power_monitor__functions.h\n'}
[1.812653] (px4_msgs) StdoutLine: {'line': b'-- Up-to-date symlink: /home/maxim/super_ws/install/px4_msgs/include/px4_msgs/px4_msgs/msg/detail/power_monitor__struct.h\n'}
[1.812731] (px4_msgs) StdoutLine: {'line': b'-- Up-to-date symlink: /home/maxim/super_ws/install/px4_msgs/include/px4_msgs/px4_msgs/msg/detail/power_monitor__type_support.h\n'}
[1.812806] (px4_msgs) StdoutLine: {'line': b'-- Up-to-date symlink: /home/maxim/super_ws/install/px4_msgs/include/px4_msgs/px4_msgs/msg/detail/pps_capture__functions.h\n'}
[1.812884] (px4_msgs) StdoutLine: {'line': b'-- Up-to-date symlink: /home/maxim/super_ws/install/px4_msgs/include/px4_msgs/px4_msgs/msg/detail/pps_capture__struct.h\n'}
[1.812967] (px4_msgs) StdoutLine: {'line': b'-- Up-to-date symlink: /home/maxim/super_ws/install/px4_msgs/include/px4_msgs/px4_msgs/msg/detail/pps_capture__type_support.h\n'}
[1.813041] (px4_msgs) StdoutLine: {'line': b'-- Up-to-date symlink: /home/maxim/super_ws/install/px4_msgs/include/px4_msgs/px4_msgs/msg/detail/prec_land_status__functions.h\n'}
[1.813121] (px4_msgs) StdoutLine: {'line': b'-- Up-to-date symlink: /home/maxim/super_ws/install/px4_msgs/include/px4_msgs/px4_msgs/msg/detail/prec_land_status__struct.h\n'}
[1.813192] (px4_msgs) StdoutLine: {'line': b'-- Up-to-date symlink: /home/maxim/super_ws/install/px4_msgs/include/px4_msgs/px4_msgs/msg/detail/prec_land_status__type_support.h\n'}
[1.813264] (px4_msgs) StdoutLine: {'line': b'-- Up-to-date symlink: /home/maxim/super_ws/install/px4_msgs/include/px4_msgs/px4_msgs/msg/detail/pure_pursuit_status__functions.h\n'}
[1.813381] (px4_msgs) StdoutLine: {'line': b'-- Up-to-date symlink: /home/maxim/super_ws/install/px4_msgs/include/px4_msgs/px4_msgs/msg/detail/pure_pursuit_status__struct.h\n'}
[1.813497] (px4_msgs) StdoutLine: {'line': b'-- Up-to-date symlink: /home/maxim/super_ws/install/px4_msgs/include/px4_msgs/px4_msgs/msg/detail/pure_pursuit_status__type_support.h\n'}
[1.813591] (px4_msgs) StdoutLine: {'line': b'-- Up-to-date symlink: /home/maxim/super_ws/install/px4_msgs/include/px4_msgs/px4_msgs/msg/detail/pwm_input__functions.h\n'}
[1.813666] (px4_msgs) StdoutLine: {'line': b'-- Up-to-date symlink: /home/maxim/super_ws/install/px4_msgs/include/px4_msgs/px4_msgs/msg/detail/pwm_input__struct.h\n'}
[1.813756] (px4_msgs) StdoutLine: {'line': b'-- Up-to-date symlink: /home/maxim/super_ws/install/px4_msgs/include/px4_msgs/px4_msgs/msg/detail/pwm_input__type_support.h\n'}
[1.813818] (px4_msgs) StdoutLine: {'line': b'-- Up-to-date symlink: /home/maxim/super_ws/install/px4_msgs/include/px4_msgs/px4_msgs/msg/detail/px4io_status__functions.h\n'}
[1.813890] (px4_msgs) StdoutLine: {'line': b'-- Up-to-date symlink: /home/maxim/super_ws/install/px4_msgs/include/px4_msgs/px4_msgs/msg/detail/px4io_status__struct.h\n'}
[1.813962] (px4_msgs) StdoutLine: {'line': b'-- Up-to-date symlink: /home/maxim/super_ws/install/px4_msgs/include/px4_msgs/px4_msgs/msg/detail/px4io_status__type_support.h\n'}
[1.814035] (px4_msgs) StdoutLine: {'line': b'-- Up-to-date symlink: /home/maxim/super_ws/install/px4_msgs/include/px4_msgs/px4_msgs/msg/detail/qshell_req__functions.h\n'}
[1.814117] (px4_msgs) StdoutLine: {'line': b'-- Up-to-date symlink: /home/maxim/super_ws/install/px4_msgs/include/px4_msgs/px4_msgs/msg/detail/qshell_req__struct.h\n'}
[1.814179] (px4_msgs) StdoutLine: {'line': b'-- Up-to-date symlink: /home/maxim/super_ws/install/px4_msgs/include/px4_msgs/px4_msgs/msg/detail/qshell_req__type_support.h\n'}
[1.814251] (px4_msgs) StdoutLine: {'line': b'-- Up-to-date symlink: /home/maxim/super_ws/install/px4_msgs/include/px4_msgs/px4_msgs/msg/detail/qshell_retval__functions.h\n'}
[1.814317] (px4_msgs) StdoutLine: {'line': b'-- Up-to-date symlink: /home/maxim/super_ws/install/px4_msgs/include/px4_msgs/px4_msgs/msg/detail/qshell_retval__struct.h\n'}
[1.814393] (px4_msgs) StdoutLine: {'line': b'-- Up-to-date symlink: /home/maxim/super_ws/install/px4_msgs/include/px4_msgs/px4_msgs/msg/detail/qshell_retval__type_support.h\n'}
[1.814465] (px4_msgs) StdoutLine: {'line': b'-- Up-to-date symlink: /home/maxim/super_ws/install/px4_msgs/include/px4_msgs/px4_msgs/msg/detail/radio_status__functions.h\n'}
[1.814533] (px4_msgs) StdoutLine: {'line': b'-- Up-to-date symlink: /home/maxim/super_ws/install/px4_msgs/include/px4_msgs/px4_msgs/msg/detail/radio_status__struct.h\n'}
[1.814606] (px4_msgs) StdoutLine: {'line': b'-- Up-to-date symlink: /home/maxim/super_ws/install/px4_msgs/include/px4_msgs/px4_msgs/msg/detail/radio_status__type_support.h\n'}
[1.814686] (px4_msgs) StdoutLine: {'line': b'-- Up-to-date symlink: /home/maxim/super_ws/install/px4_msgs/include/px4_msgs/px4_msgs/msg/detail/ranging_beacon__functions.h\n'}
[1.814767] (px4_msgs) StdoutLine: {'line': b'-- Up-to-date symlink: /home/maxim/super_ws/install/px4_msgs/include/px4_msgs/px4_msgs/msg/detail/ranging_beacon__struct.h\n'}
[1.814871] (px4_msgs) StdoutLine: {'line': b'-- Up-to-date symlink: /home/maxim/super_ws/install/px4_msgs/include/px4_msgs/px4_msgs/msg/detail/ranging_beacon__type_support.h\n'}
[1.814944] (px4_msgs) StdoutLine: {'line': b'-- Up-to-date symlink: /home/maxim/super_ws/install/px4_msgs/include/px4_msgs/px4_msgs/msg/detail/raptor_input__functions.h\n'}
[1.815022] (px4_msgs) StdoutLine: {'line': b'-- Up-to-date symlink: /home/maxim/super_ws/install/px4_msgs/include/px4_msgs/px4_msgs/msg/detail/raptor_input__struct.h\n'}
[1.815095] (px4_msgs) StdoutLine: {'line': b'-- Up-to-date symlink: /home/maxim/super_ws/install/px4_msgs/include/px4_msgs/px4_msgs/msg/detail/raptor_input__type_support.h\n'}
[1.815169] (px4_msgs) StdoutLine: {'line': b'-- Up-to-date symlink: /home/maxim/super_ws/install/px4_msgs/include/px4_msgs/px4_msgs/msg/detail/raptor_status__functions.h\n'}
[1.815240] (px4_msgs) StdoutLine: {'line': b'-- Up-to-date symlink: /home/maxim/super_ws/install/px4_msgs/include/px4_msgs/px4_msgs/msg/detail/raptor_status__struct.h\n'}
[1.815314] (px4_msgs) StdoutLine: {'line': b'-- Up-to-date symlink: /home/maxim/super_ws/install/px4_msgs/include/px4_msgs/px4_msgs/msg/detail/raptor_status__type_support.h\n'}
[1.815387] (px4_msgs) StdoutLine: {'line': b'-- Up-to-date symlink: /home/maxim/super_ws/install/px4_msgs/include/px4_msgs/px4_msgs/msg/detail/rate_ctrl_status__functions.h\n'}
[1.815459] (px4_msgs) StdoutLine: {'line': b'-- Up-to-date symlink: /home/maxim/super_ws/install/px4_msgs/include/px4_msgs/px4_msgs/msg/detail/rate_ctrl_status__struct.h\n'}
[1.815534] (px4_msgs) StdoutLine: {'line': b'-- Up-to-date symlink: /home/maxim/super_ws/install/px4_msgs/include/px4_msgs/px4_msgs/msg/detail/rate_ctrl_status__type_support.h\n'}
[1.815606] (px4_msgs) StdoutLine: {'line': b'-- Up-to-date symlink: /home/maxim/super_ws/install/px4_msgs/include/px4_msgs/px4_msgs/msg/detail/rc_channels__functions.h\n'}
[1.815714] (px4_msgs) StdoutLine: {'line': b'-- Up-to-date symlink: /home/maxim/super_ws/install/px4_msgs/include/px4_msgs/px4_msgs/msg/detail/rc_channels__struct.h\n'}
[1.815825] (px4_msgs) StdoutLine: {'line': b'-- Up-to-date symlink: /home/maxim/super_ws/install/px4_msgs/include/px4_msgs/px4_msgs/msg/detail/rc_channels__type_support.h\n'}
[1.815923] (px4_msgs) StdoutLine: {'line': b'-- Up-to-date symlink: /home/maxim/super_ws/install/px4_msgs/include/px4_msgs/px4_msgs/msg/detail/rc_parameter_map__functions.h\n'}
[1.815985] (px4_msgs) StdoutLine: {'line': b'-- Up-to-date symlink: /home/maxim/super_ws/install/px4_msgs/include/px4_msgs/px4_msgs/msg/detail/rc_parameter_map__struct.h\n'}
[1.816091] (px4_msgs) StdoutLine: {'line': b'-- Up-to-date symlink: /home/maxim/super_ws/install/px4_msgs/include/px4_msgs/px4_msgs/msg/detail/rc_parameter_map__type_support.h\n'}
[1.816176] (px4_msgs) StdoutLine: {'line': b'-- Up-to-date symlink: /home/maxim/super_ws/install/px4_msgs/include/px4_msgs/px4_msgs/msg/detail/register_ext_component_reply__functions.h\n'}
[1.816242] (px4_msgs) StdoutLine: {'line': b'-- Up-to-date symlink: /home/maxim/super_ws/install/px4_msgs/include/px4_msgs/px4_msgs/msg/detail/register_ext_component_reply__struct.h\n'}
[1.816337] (px4_msgs) StdoutLine: {'line': b'-- Up-to-date symlink: /home/maxim/super_ws/install/px4_msgs/include/px4_msgs/px4_msgs/msg/detail/register_ext_component_reply__type_support.h\n'}
[1.816419] (px4_msgs) StdoutLine: {'line': b'-- Up-to-date symlink: /home/maxim/super_ws/install/px4_msgs/include/px4_msgs/px4_msgs/msg/detail/register_ext_component_request__functions.h\n'}
[1.816491] (px4_msgs) StdoutLine: {'line': b'-- Up-to-date symlink: /home/maxim/super_ws/install/px4_msgs/include/px4_msgs/px4_msgs/msg/detail/register_ext_component_request__struct.h\n'}
[1.816559] (px4_msgs) StdoutLine: {'line': b'-- Up-to-date symlink: /home/maxim/super_ws/install/px4_msgs/include/px4_msgs/px4_msgs/msg/detail/register_ext_component_request__type_support.h\n'}
[1.816620] (px4_msgs) StdoutLine: {'line': b'-- Up-to-date symlink: /home/maxim/super_ws/install/px4_msgs/include/px4_msgs/px4_msgs/msg/detail/rover_attitude_setpoint__functions.h\n'}
[1.816711] (px4_msgs) StdoutLine: {'line': b'-- Up-to-date symlink: /home/maxim/super_ws/install/px4_msgs/include/px4_msgs/px4_msgs/msg/detail/rover_attitude_setpoint__struct.h\n'}
[1.816771] (px4_msgs) StdoutLine: {'line': b'-- Up-to-date symlink: /home/maxim/super_ws/install/px4_msgs/include/px4_msgs/px4_msgs/msg/detail/rover_attitude_setpoint__type_support.h\n'}
[1.816850] (px4_msgs) StdoutLine: {'line': b'-- Up-to-date symlink: /home/maxim/super_ws/install/px4_msgs/include/px4_msgs/px4_msgs/msg/detail/rover_attitude_status__functions.h\n'}
[1.816911] (px4_msgs) StdoutLine: {'line': b'-- Up-to-date symlink: /home/maxim/super_ws/install/px4_msgs/include/px4_msgs/px4_msgs/msg/detail/rover_attitude_status__struct.h\n'}
[1.816985] (px4_msgs) StdoutLine: {'line': b'-- Up-to-date symlink: /home/maxim/super_ws/install/px4_msgs/include/px4_msgs/px4_msgs/msg/detail/rover_attitude_status__type_support.h\n'}
[1.817059] (px4_msgs) StdoutLine: {'line': b'-- Up-to-date symlink: /home/maxim/super_ws/install/px4_msgs/include/px4_msgs/px4_msgs/msg/detail/rover_position_setpoint__functions.h\n'}
[1.817131] (px4_msgs) StdoutLine: {'line': b'-- Up-to-date symlink: /home/maxim/super_ws/install/px4_msgs/include/px4_msgs/px4_msgs/msg/detail/rover_position_setpoint__struct.h\n'}
[1.817203] (px4_msgs) StdoutLine: {'line': b'-- Up-to-date symlink: /home/maxim/super_ws/install/px4_msgs/include/px4_msgs/px4_msgs/msg/detail/rover_position_setpoint__type_support.h\n'}
[1.817275] (px4_msgs) StdoutLine: {'line': b'-- Up-to-date symlink: /home/maxim/super_ws/install/px4_msgs/include/px4_msgs/px4_msgs/msg/detail/rover_rate_setpoint__functions.h\n'}
[1.817345] (px4_msgs) StdoutLine: {'line': b'-- Up-to-date symlink: /home/maxim/super_ws/install/px4_msgs/include/px4_msgs/px4_msgs/msg/detail/rover_rate_setpoint__struct.h\n'}
[1.817420] (px4_msgs) StdoutLine: {'line': b'-- Up-to-date symlink: /home/maxim/super_ws/install/px4_msgs/include/px4_msgs/px4_msgs/msg/detail/rover_rate_setpoint__type_support.h\n'}
[1.817493] (px4_msgs) StdoutLine: {'line': b'-- Up-to-date symlink: /home/maxim/super_ws/install/px4_msgs/include/px4_msgs/px4_msgs/msg/detail/rover_rate_status__functions.h\n'}
[1.817565] (px4_msgs) StdoutLine: {'line': b'-- Up-to-date symlink: /home/maxim/super_ws/install/px4_msgs/include/px4_msgs/px4_msgs/msg/detail/rover_rate_status__struct.h\n'}
[1.817635] (px4_msgs) StdoutLine: {'line': b'-- Up-to-date symlink: /home/maxim/super_ws/install/px4_msgs/include/px4_msgs/px4_msgs/msg/detail/rover_rate_status__type_support.h\n'}
[1.817710] (px4_msgs) StdoutLine: {'line': b'-- Up-to-date symlink: /home/maxim/super_ws/install/px4_msgs/include/px4_msgs/px4_msgs/msg/detail/rover_speed_setpoint__functions.h\n'}
[1.817780] (px4_msgs) StdoutLine: {'line': b'-- Up-to-date symlink: /home/maxim/super_ws/install/px4_msgs/include/px4_msgs/px4_msgs/msg/detail/rover_speed_setpoint__struct.h\n'}
[1.817856] (px4_msgs) StdoutLine: {'line': b'-- Up-to-date symlink: /home/maxim/super_ws/install/px4_msgs/include/px4_msgs/px4_msgs/msg/detail/rover_speed_setpoint__type_support.h\n'}
[1.817931] (px4_msgs) StdoutLine: {'line': b'-- Up-to-date symlink: /home/maxim/super_ws/install/px4_msgs/include/px4_msgs/px4_msgs/msg/detail/rover_speed_status__functions.h\n'}
[1.818004] (px4_msgs) StdoutLine: {'line': b'-- Up-to-date symlink: /home/maxim/super_ws/install/px4_msgs/include/px4_msgs/px4_msgs/msg/detail/rover_speed_status__struct.h\n'}
[1.818081] (px4_msgs) StdoutLine: {'line': b'-- Up-to-date symlink: /home/maxim/super_ws/install/px4_msgs/include/px4_msgs/px4_msgs/msg/detail/rover_speed_status__type_support.h\n'}
[1.818158] (px4_msgs) StdoutLine: {'line': b'-- Up-to-date symlink: /home/maxim/super_ws/install/px4_msgs/include/px4_msgs/px4_msgs/msg/detail/rover_steering_setpoint__functions.h\n'}
[1.818235] (px4_msgs) StdoutLine: {'line': b'-- Up-to-date symlink: /home/maxim/super_ws/install/px4_msgs/include/px4_msgs/px4_msgs/msg/detail/rover_steering_setpoint__struct.h\n'}
[1.818312] (px4_msgs) StdoutLine: {'line': b'-- Up-to-date symlink: /home/maxim/super_ws/install/px4_msgs/include/px4_msgs/px4_msgs/msg/detail/rover_steering_setpoint__type_support.h\n'}
[1.818389] (px4_msgs) StdoutLine: {'line': b'-- Up-to-date symlink: /home/maxim/super_ws/install/px4_msgs/include/px4_msgs/px4_msgs/msg/detail/rover_throttle_setpoint__functions.h\n'}
[1.818466] (px4_msgs) StdoutLine: {'line': b'-- Up-to-date symlink: /home/maxim/super_ws/install/px4_msgs/include/px4_msgs/px4_msgs/msg/detail/rover_throttle_setpoint__struct.h\n'}
[1.818543] (px4_msgs) StdoutLine: {'line': b'-- Up-to-date symlink: /home/maxim/super_ws/install/px4_msgs/include/px4_msgs/px4_msgs/msg/detail/rover_throttle_setpoint__type_support.h\n'}
[1.818622] (px4_msgs) StdoutLine: {'line': b'-- Up-to-date symlink: /home/maxim/super_ws/install/px4_msgs/include/px4_msgs/px4_msgs/msg/detail/rpm__functions.h\n'}
[1.818706] (px4_msgs) StdoutLine: {'line': b'-- Up-to-date symlink: /home/maxim/super_ws/install/px4_msgs/include/px4_msgs/px4_msgs/msg/detail/rpm__struct.h\n'}
[1.818785] (px4_msgs) StdoutLine: {'line': b'-- Up-to-date symlink: /home/maxim/super_ws/install/px4_msgs/include/px4_msgs/px4_msgs/msg/detail/rpm__type_support.h\n'}
[1.818862] (px4_msgs) StdoutLine: {'line': b'-- Up-to-date symlink: /home/maxim/super_ws/install/px4_msgs/include/px4_msgs/px4_msgs/msg/detail/rtl_status__functions.h\n'}
[1.818940] (px4_msgs) StdoutLine: {'line': b'-- Up-to-date symlink: /home/maxim/super_ws/install/px4_msgs/include/px4_msgs/px4_msgs/msg/detail/rtl_status__struct.h\n'}
[1.819018] (px4_msgs) StdoutLine: {'line': b'-- Up-to-date symlink: /home/maxim/super_ws/install/px4_msgs/include/px4_msgs/px4_msgs/msg/detail/rtl_status__type_support.h\n'}
[1.819096] (px4_msgs) StdoutLine: {'line': b'-- Up-to-date symlink: /home/maxim/super_ws/install/px4_msgs/include/px4_msgs/px4_msgs/msg/detail/rtl_time_estimate__functions.h\n'}
[1.819173] (px4_msgs) StdoutLine: {'line': b'-- Up-to-date symlink: /home/maxim/super_ws/install/px4_msgs/include/px4_msgs/px4_msgs/msg/detail/rtl_time_estimate__struct.h\n'}
[1.819251] (px4_msgs) StdoutLine: {'line': b'-- Up-to-date symlink: /home/maxim/super_ws/install/px4_msgs/include/px4_msgs/px4_msgs/msg/detail/rtl_time_estimate__type_support.h\n'}
[1.819331] (px4_msgs) StdoutLine: {'line': b'-- Up-to-date symlink: /home/maxim/super_ws/install/px4_msgs/include/px4_msgs/px4_msgs/msg/detail/satellite_info__functions.h\n'}
[1.819407] (px4_msgs) StdoutLine: {'line': b'-- Up-to-date symlink: /home/maxim/super_ws/install/px4_msgs/include/px4_msgs/px4_msgs/msg/detail/satellite_info__struct.h\n'}
[1.819531] (px4_msgs) StdoutLine: {'line': b'-- Up-to-date symlink: /home/maxim/super_ws/install/px4_msgs/include/px4_msgs/px4_msgs/msg/detail/satellite_info__type_support.h\n'}
[1.819611] (px4_msgs) StdoutLine: {'line': b'-- Up-to-date symlink: /home/maxim/super_ws/install/px4_msgs/include/px4_msgs/px4_msgs/msg/detail/sensor_accel__functions.h\n'}
[1.819691] (px4_msgs) StdoutLine: {'line': b'-- Up-to-date symlink: /home/maxim/super_ws/install/px4_msgs/include/px4_msgs/px4_msgs/msg/detail/sensor_accel__struct.h\n'}
[1.819767] (px4_msgs) StdoutLine: {'line': b'-- Up-to-date symlink: /home/maxim/super_ws/install/px4_msgs/include/px4_msgs/px4_msgs/msg/detail/sensor_accel__type_support.h\n'}
[1.819837] (px4_msgs) StdoutLine: {'line': b'-- Up-to-date symlink: /home/maxim/super_ws/install/px4_msgs/include/px4_msgs/px4_msgs/msg/detail/sensor_accel_fifo__functions.h\n'}
[1.819934] (px4_msgs) StdoutLine: {'line': b'-- Up-to-date symlink: /home/maxim/super_ws/install/px4_msgs/include/px4_msgs/px4_msgs/msg/detail/sensor_accel_fifo__struct.h\n'}
[1.820016] (px4_msgs) StdoutLine: {'line': b'-- Up-to-date symlink: /home/maxim/super_ws/install/px4_msgs/include/px4_msgs/px4_msgs/msg/detail/sensor_accel_fifo__type_support.h\n'}
[1.820092] (px4_msgs) StdoutLine: {'line': b'-- Up-to-date symlink: /home/maxim/super_ws/install/px4_msgs/include/px4_msgs/px4_msgs/msg/detail/sensor_airflow__functions.h\n'}
[1.820253] (px4_msgs) StdoutLine: {'line': b'-- Up-to-date symlink: /home/maxim/super_ws/install/px4_msgs/include/px4_msgs/px4_msgs/msg/detail/sensor_airflow__struct.h\n'}
[1.820348] (px4_msgs) StdoutLine: {'line': b'-- Up-to-date symlink: /home/maxim/super_ws/install/px4_msgs/include/px4_msgs/px4_msgs/msg/detail/sensor_airflow__type_support.h\n'}
[1.820483] (px4_msgs) StdoutLine: {'line': b'-- Up-to-date symlink: /home/maxim/super_ws/install/px4_msgs/include/px4_msgs/px4_msgs/msg/detail/sensor_baro__functions.h\n'}
[1.820579] (px4_msgs) StdoutLine: {'line': b'-- Up-to-date symlink: /home/maxim/super_ws/install/px4_msgs/include/px4_msgs/px4_msgs/msg/detail/sensor_baro__struct.h\n'}
[1.820666] (px4_msgs) StdoutLine: {'line': b'-- Up-to-date symlink: /home/maxim/super_ws/install/px4_msgs/include/px4_msgs/px4_msgs/msg/detail/sensor_baro__type_support.h\n'}
[1.820811] (px4_msgs) StdoutLine: {'line': b'-- Up-to-date symlink: /home/maxim/super_ws/install/px4_msgs/include/px4_msgs/px4_msgs/msg/detail/sensor_combined__functions.h\n'}
[1.820895] (px4_msgs) StdoutLine: {'line': b'-- Up-to-date symlink: /home/maxim/super_ws/install/px4_msgs/include/px4_msgs/px4_msgs/msg/detail/sensor_combined__struct.h\n'}
[1.820976] (px4_msgs) StdoutLine: {'line': b'-- Up-to-date symlink: /home/maxim/super_ws/install/px4_msgs/include/px4_msgs/px4_msgs/msg/detail/sensor_combined__type_support.h\n'}
[1.821054] (px4_msgs) StdoutLine: {'line': b'-- Up-to-date symlink: /home/maxim/super_ws/install/px4_msgs/include/px4_msgs/px4_msgs/msg/detail/sensor_correction__functions.h\n'}
[1.821132] (px4_msgs) StdoutLine: {'line': b'-- Up-to-date symlink: /home/maxim/super_ws/install/px4_msgs/include/px4_msgs/px4_msgs/msg/detail/sensor_correction__struct.h\n'}
[1.821205] (px4_msgs) StdoutLine: {'line': b'-- Up-to-date symlink: /home/maxim/super_ws/install/px4_msgs/include/px4_msgs/px4_msgs/msg/detail/sensor_correction__type_support.h\n'}
[1.821278] (px4_msgs) StdoutLine: {'line': b'-- Up-to-date symlink: /home/maxim/super_ws/install/px4_msgs/include/px4_msgs/px4_msgs/msg/detail/sensor_gnss_relative__functions.h\n'}
[1.821351] (px4_msgs) StdoutLine: {'line': b'-- Up-to-date symlink: /home/maxim/super_ws/install/px4_msgs/include/px4_msgs/px4_msgs/msg/detail/sensor_gnss_relative__struct.h\n'}
[1.821424] (px4_msgs) StdoutLine: {'line': b'-- Up-to-date symlink: /home/maxim/super_ws/install/px4_msgs/include/px4_msgs/px4_msgs/msg/detail/sensor_gnss_relative__type_support.h\n'}
[1.821500] (px4_msgs) StdoutLine: {'line': b'-- Up-to-date symlink: /home/maxim/super_ws/install/px4_msgs/include/px4_msgs/px4_msgs/msg/detail/sensor_gnss_status__functions.h\n'}
[1.821576] (px4_msgs) StdoutLine: {'line': b'-- Up-to-date symlink: /home/maxim/super_ws/install/px4_msgs/include/px4_msgs/px4_msgs/msg/detail/sensor_gnss_status__struct.h\n'}
[1.821654] (px4_msgs) StdoutLine: {'line': b'-- Up-to-date symlink: /home/maxim/super_ws/install/px4_msgs/include/px4_msgs/px4_msgs/msg/detail/sensor_gnss_status__type_support.h\n'}
[1.821808] (px4_msgs) StdoutLine: {'line': b'-- Up-to-date symlink: /home/maxim/super_ws/install/px4_msgs/include/px4_msgs/px4_msgs/msg/detail/sensor_gps__functions.h\n'}
[1.821889] (px4_msgs) StdoutLine: {'line': b'-- Up-to-date symlink: /home/maxim/super_ws/install/px4_msgs/include/px4_msgs/px4_msgs/msg/detail/sensor_gps__struct.h\n'}
[1.821952] (px4_msgs) StdoutLine: {'line': b'-- Up-to-date symlink: /home/maxim/super_ws/install/px4_msgs/include/px4_msgs/px4_msgs/msg/detail/sensor_gps__type_support.h\n'}
[1.822054] (px4_msgs) StdoutLine: {'line': b'-- Up-to-date symlink: /home/maxim/super_ws/install/px4_msgs/include/px4_msgs/px4_msgs/msg/detail/sensor_gyro__functions.h\n'}
[1.822127] (px4_msgs) StdoutLine: {'line': b'-- Up-to-date symlink: /home/maxim/super_ws/install/px4_msgs/include/px4_msgs/px4_msgs/msg/detail/sensor_gyro__struct.h\n'}
[1.822199] (px4_msgs) StdoutLine: {'line': b'-- Up-to-date symlink: /home/maxim/super_ws/install/px4_msgs/include/px4_msgs/px4_msgs/msg/detail/sensor_gyro__type_support.h\n'}
[1.822270] (px4_msgs) StdoutLine: {'line': b'-- Up-to-date symlink: /home/maxim/super_ws/install/px4_msgs/include/px4_msgs/px4_msgs/msg/detail/sensor_gyro_fft__functions.h\n'}
[1.822332] (px4_msgs) StdoutLine: {'line': b'-- Up-to-date symlink: /home/maxim/super_ws/install/px4_msgs/include/px4_msgs/px4_msgs/msg/detail/sensor_gyro_fft__struct.h\n'}
[1.822404] (px4_msgs) StdoutLine: {'line': b'-- Up-to-date symlink: /home/maxim/super_ws/install/px4_msgs/include/px4_msgs/px4_msgs/msg/detail/sensor_gyro_fft__type_support.h\n'}
[1.822474] (px4_msgs) StdoutLine: {'line': b'-- Up-to-date symlink: /home/maxim/super_ws/install/px4_msgs/include/px4_msgs/px4_msgs/msg/detail/sensor_gyro_fifo__functions.h\n'}
[1.822543] (px4_msgs) StdoutLine: {'line': b'-- Up-to-date symlink: /home/maxim/super_ws/install/px4_msgs/include/px4_msgs/px4_msgs/msg/detail/sensor_gyro_fifo__struct.h\n'}
[1.822612] (px4_msgs) StdoutLine: {'line': b'-- Up-to-date symlink: /home/maxim/super_ws/install/px4_msgs/include/px4_msgs/px4_msgs/msg/detail/sensor_gyro_fifo__type_support.h\n'}
[1.822693] (px4_msgs) StdoutLine: {'line': b'-- Up-to-date symlink: /home/maxim/super_ws/install/px4_msgs/include/px4_msgs/px4_msgs/msg/detail/sensor_hygrometer__functions.h\n'}
[1.822763] (px4_msgs) StdoutLine: {'line': b'-- Up-to-date symlink: /home/maxim/super_ws/install/px4_msgs/include/px4_msgs/px4_msgs/msg/detail/sensor_hygrometer__struct.h\n'}
[1.822825] (px4_msgs) StdoutLine: {'line': b'-- Up-to-date symlink: /home/maxim/super_ws/install/px4_msgs/include/px4_msgs/px4_msgs/msg/detail/sensor_hygrometer__type_support.h\n'}
[1.822899] (px4_msgs) StdoutLine: {'line': b'-- Up-to-date symlink: /home/maxim/super_ws/install/px4_msgs/include/px4_msgs/px4_msgs/msg/detail/sensor_mag__functions.h\n'}
[1.822960] (px4_msgs) StdoutLine: {'line': b'-- Up-to-date symlink: /home/maxim/super_ws/install/px4_msgs/include/px4_msgs/px4_msgs/msg/detail/sensor_mag__struct.h\n'}
[1.823044] (px4_msgs) StdoutLine: {'line': b'-- Up-to-date symlink: /home/maxim/super_ws/install/px4_msgs/include/px4_msgs/px4_msgs/msg/detail/sensor_mag__type_support.h\n'}
[1.823116] (px4_msgs) StdoutLine: {'line': b'-- Up-to-date symlink: /home/maxim/super_ws/install/px4_msgs/include/px4_msgs/px4_msgs/msg/detail/sensor_optical_flow__functions.h\n'}
[1.823179] (px4_msgs) StdoutLine: {'line': b'-- Up-to-date symlink: /home/maxim/super_ws/install/px4_msgs/include/px4_msgs/px4_msgs/msg/detail/sensor_optical_flow__struct.h\n'}
[1.823255] (px4_msgs) StdoutLine: {'line': b'-- Up-to-date symlink: /home/maxim/super_ws/install/px4_msgs/include/px4_msgs/px4_msgs/msg/detail/sensor_optical_flow__type_support.h\n'}
[1.823328] (px4_msgs) StdoutLine: {'line': b'-- Up-to-date symlink: /home/maxim/super_ws/install/px4_msgs/include/px4_msgs/px4_msgs/msg/detail/sensor_preflight_mag__functions.h\n'}
[1.823399] (px4_msgs) StdoutLine: {'line': b'-- Up-to-date symlink: /home/maxim/super_ws/install/px4_msgs/include/px4_msgs/px4_msgs/msg/detail/sensor_preflight_mag__struct.h\n'}
[1.823461] (px4_msgs) StdoutLine: {'line': b'-- Up-to-date symlink: /home/maxim/super_ws/install/px4_msgs/include/px4_msgs/px4_msgs/msg/detail/sensor_preflight_mag__type_support.h\n'}
[1.823524] (px4_msgs) StdoutLine: {'line': b'-- Up-to-date symlink: /home/maxim/super_ws/install/px4_msgs/include/px4_msgs/px4_msgs/msg/detail/sensor_selection__functions.h\n'}
[1.823606] (px4_msgs) StdoutLine: {'line': b'-- Up-to-date symlink: /home/maxim/super_ws/install/px4_msgs/include/px4_msgs/px4_msgs/msg/detail/sensor_selection__struct.h\n'}
[1.823697] (px4_msgs) StdoutLine: {'line': b'-- Up-to-date symlink: /home/maxim/super_ws/install/px4_msgs/include/px4_msgs/px4_msgs/msg/detail/sensor_selection__type_support.h\n'}
[1.823767] (px4_msgs) StdoutLine: {'line': b'-- Up-to-date symlink: /home/maxim/super_ws/install/px4_msgs/include/px4_msgs/px4_msgs/msg/detail/sensor_temp__functions.h\n'}
[1.823824] (px4_msgs) StdoutLine: {'line': b'-- Up-to-date symlink: /home/maxim/super_ws/install/px4_msgs/include/px4_msgs/px4_msgs/msg/detail/sensor_temp__struct.h\n'}
[1.823892] (px4_msgs) StdoutLine: {'line': b'-- Up-to-date symlink: /home/maxim/super_ws/install/px4_msgs/include/px4_msgs/px4_msgs/msg/detail/sensor_temp__type_support.h\n'}
[1.823951] (px4_msgs) StdoutLine: {'line': b'-- Up-to-date symlink: /home/maxim/super_ws/install/px4_msgs/include/px4_msgs/px4_msgs/msg/detail/sensor_uwb__functions.h\n'}
[1.824022] (px4_msgs) StdoutLine: {'line': b'-- Up-to-date symlink: /home/maxim/super_ws/install/px4_msgs/include/px4_msgs/px4_msgs/msg/detail/sensor_uwb__struct.h\n'}
[1.824097] (px4_msgs) StdoutLine: {'line': b'-- Up-to-date symlink: /home/maxim/super_ws/install/px4_msgs/include/px4_msgs/px4_msgs/msg/detail/sensor_uwb__type_support.h\n'}
[1.824167] (px4_msgs) StdoutLine: {'line': b'-- Up-to-date symlink: /home/maxim/super_ws/install/px4_msgs/include/px4_msgs/px4_msgs/msg/detail/sensors_status__functions.h\n'}
[1.824240] (px4_msgs) StdoutLine: {'line': b'-- Up-to-date symlink: /home/maxim/super_ws/install/px4_msgs/include/px4_msgs/px4_msgs/msg/detail/sensors_status__struct.h\n'}
[1.824302] (px4_msgs) StdoutLine: {'line': b'-- Up-to-date symlink: /home/maxim/super_ws/install/px4_msgs/include/px4_msgs/px4_msgs/msg/detail/sensors_status__type_support.h\n'}
[1.824373] (px4_msgs) StdoutLine: {'line': b'-- Up-to-date symlink: /home/maxim/super_ws/install/px4_msgs/include/px4_msgs/px4_msgs/msg/detail/sensors_status_imu__functions.h\n'}
[1.824457] (px4_msgs) StdoutLine: {'line': b'-- Up-to-date symlink: /home/maxim/super_ws/install/px4_msgs/include/px4_msgs/px4_msgs/msg/detail/sensors_status_imu__struct.h\n'}
[1.824516] (px4_msgs) StdoutLine: {'line': b'-- Up-to-date symlink: /home/maxim/super_ws/install/px4_msgs/include/px4_msgs/px4_msgs/msg/detail/sensors_status_imu__type_support.h\n'}
[1.824586] (px4_msgs) StdoutLine: {'line': b'-- Up-to-date symlink: /home/maxim/super_ws/install/px4_msgs/include/px4_msgs/px4_msgs/msg/detail/system_power__functions.h\n'}
[1.824658] (px4_msgs) StdoutLine: {'line': b'-- Up-to-date symlink: /home/maxim/super_ws/install/px4_msgs/include/px4_msgs/px4_msgs/msg/detail/system_power__struct.h\n'}
[1.824728] (px4_msgs) StdoutLine: {'line': b'-- Up-to-date symlink: /home/maxim/super_ws/install/px4_msgs/include/px4_msgs/px4_msgs/msg/detail/system_power__type_support.h\n'}
[1.824796] (px4_msgs) StdoutLine: {'line': b'-- Up-to-date symlink: /home/maxim/super_ws/install/px4_msgs/include/px4_msgs/px4_msgs/msg/detail/takeoff_status__functions.h\n'}
[1.824867] (px4_msgs) StdoutLine: {'line': b'-- Up-to-date symlink: /home/maxim/super_ws/install/px4_msgs/include/px4_msgs/px4_msgs/msg/detail/takeoff_status__struct.h\n'}
[1.824936] (px4_msgs) StdoutLine: {'line': b'-- Up-to-date symlink: /home/maxim/super_ws/install/px4_msgs/include/px4_msgs/px4_msgs/msg/detail/takeoff_status__type_support.h\n'}
[1.825013] (px4_msgs) StdoutLine: {'line': b'-- Up-to-date symlink: /home/maxim/super_ws/install/px4_msgs/include/px4_msgs/px4_msgs/msg/detail/target_gnss__functions.h\n'}
[1.825081] (px4_msgs) StdoutLine: {'line': b'-- Up-to-date symlink: /home/maxim/super_ws/install/px4_msgs/include/px4_msgs/px4_msgs/msg/detail/target_gnss__struct.h\n'}
[1.825166] (px4_msgs) StdoutLine: {'line': b'-- Up-to-date symlink: /home/maxim/super_ws/install/px4_msgs/include/px4_msgs/px4_msgs/msg/detail/target_gnss__type_support.h\n'}
[1.825244] (px4_msgs) StdoutLine: {'line': b'-- Up-to-date symlink: /home/maxim/super_ws/install/px4_msgs/include/px4_msgs/px4_msgs/msg/detail/task_stack_info__functions.h\n'}
[1.825317] (px4_msgs) StdoutLine: {'line': b'-- Up-to-date symlink: /home/maxim/super_ws/install/px4_msgs/include/px4_msgs/px4_msgs/msg/detail/task_stack_info__struct.h\n'}
[1.825391] (px4_msgs) StdoutLine: {'line': b'-- Up-to-date symlink: /home/maxim/super_ws/install/px4_msgs/include/px4_msgs/px4_msgs/msg/detail/task_stack_info__type_support.h\n'}
[1.825467] (px4_msgs) StdoutLine: {'line': b'-- Up-to-date symlink: /home/maxim/super_ws/install/px4_msgs/include/px4_msgs/px4_msgs/msg/detail/tecs_status__functions.h\n'}
[1.825538] (px4_msgs) StdoutLine: {'line': b'-- Up-to-date symlink: /home/maxim/super_ws/install/px4_msgs/include/px4_msgs/px4_msgs/msg/detail/tecs_status__struct.h\n'}
[1.825611] (px4_msgs) StdoutLine: {'line': b'-- Up-to-date symlink: /home/maxim/super_ws/install/px4_msgs/include/px4_msgs/px4_msgs/msg/detail/tecs_status__type_support.h\n'}
[1.825690] (px4_msgs) StdoutLine: {'line': b'-- Up-to-date symlink: /home/maxim/super_ws/install/px4_msgs/include/px4_msgs/px4_msgs/msg/detail/telemetry_status__functions.h\n'}
[1.825766] (px4_msgs) StdoutLine: {'line': b'-- Up-to-date symlink: /home/maxim/super_ws/install/px4_msgs/include/px4_msgs/px4_msgs/msg/detail/telemetry_status__struct.h\n'}
[1.825845] (px4_msgs) StdoutLine: {'line': b'-- Up-to-date symlink: /home/maxim/super_ws/install/px4_msgs/include/px4_msgs/px4_msgs/msg/detail/telemetry_status__type_support.h\n'}
[1.825923] (px4_msgs) StdoutLine: {'line': b'-- Up-to-date symlink: /home/maxim/super_ws/install/px4_msgs/include/px4_msgs/px4_msgs/msg/detail/tiltrotor_extra_controls__functions.h\n'}
[1.826001] (px4_msgs) StdoutLine: {'line': b'-- Up-to-date symlink: /home/maxim/super_ws/install/px4_msgs/include/px4_msgs/px4_msgs/msg/detail/tiltrotor_extra_controls__struct.h\n'}
[1.826081] (px4_msgs) StdoutLine: {'line': b'-- Up-to-date symlink: /home/maxim/super_ws/install/px4_msgs/include/px4_msgs/px4_msgs/msg/detail/tiltrotor_extra_controls__type_support.h\n'}
[1.826161] (px4_msgs) StdoutLine: {'line': b'-- Up-to-date symlink: /home/maxim/super_ws/install/px4_msgs/include/px4_msgs/px4_msgs/msg/detail/timesync_status__functions.h\n'}
[1.826237] (px4_msgs) StdoutLine: {'line': b'-- Up-to-date symlink: /home/maxim/super_ws/install/px4_msgs/include/px4_msgs/px4_msgs/msg/detail/timesync_status__struct.h\n'}
[1.826316] (px4_msgs) StdoutLine: {'line': b'-- Up-to-date symlink: /home/maxim/super_ws/install/px4_msgs/include/px4_msgs/px4_msgs/msg/detail/timesync_status__type_support.h\n'}
[1.826442] (px4_msgs) StdoutLine: {'line': b'-- Up-to-date symlink: /home/maxim/super_ws/install/px4_msgs/include/px4_msgs/px4_msgs/msg/detail/trajectory_setpoint6dof__functions.h\n'}
[1.826521] (px4_msgs) StdoutLine: {'line': b'-- Up-to-date symlink: /home/maxim/super_ws/install/px4_msgs/include/px4_msgs/px4_msgs/msg/detail/trajectory_setpoint6dof__struct.h\n'}
[1.826595] (px4_msgs) StdoutLine: {'line': b'-- Up-to-date symlink: /home/maxim/super_ws/install/px4_msgs/include/px4_msgs/px4_msgs/msg/detail/trajectory_setpoint6dof__type_support.h\n'}
[1.826674] (px4_msgs) StdoutLine: {'line': b'-- Up-to-date symlink: /home/maxim/super_ws/install/px4_msgs/include/px4_msgs/px4_msgs/msg/detail/trajectory_setpoint__functions.h\n'}
[1.826745] (px4_msgs) StdoutLine: {'line': b'-- Up-to-date symlink: /home/maxim/super_ws/install/px4_msgs/include/px4_msgs/px4_msgs/msg/detail/trajectory_setpoint__struct.h\n'}
[1.826837] (px4_msgs) StdoutLine: {'line': b'-- Up-to-date symlink: /home/maxim/super_ws/install/px4_msgs/include/px4_msgs/px4_msgs/msg/detail/trajectory_setpoint__type_support.h\n'}
[1.826940] (px4_msgs) StdoutLine: {'line': b'-- Up-to-date symlink: /home/maxim/super_ws/install/px4_msgs/include/px4_msgs/px4_msgs/msg/detail/transponder_report__functions.h\n'}
[1.827026] (px4_msgs) StdoutLine: {'line': b'-- Up-to-date symlink: /home/maxim/super_ws/install/px4_msgs/include/px4_msgs/px4_msgs/msg/detail/transponder_report__struct.h\n'}
[1.827148] (px4_msgs) StdoutLine: {'line': b'-- Up-to-date symlink: /home/maxim/super_ws/install/px4_msgs/include/px4_msgs/px4_msgs/msg/detail/transponder_report__type_support.h\n'}
[1.827228] (px4_msgs) StdoutLine: {'line': b'-- Up-to-date symlink: /home/maxim/super_ws/install/px4_msgs/include/px4_msgs/px4_msgs/msg/detail/tune_control__functions.h\n'}
[1.827299] (px4_msgs) StdoutLine: {'line': b'-- Up-to-date symlink: /home/maxim/super_ws/install/px4_msgs/include/px4_msgs/px4_msgs/msg/detail/tune_control__struct.h\n'}
[1.827361] (px4_msgs) StdoutLine: {'line': b'-- Up-to-date symlink: /home/maxim/super_ws/install/px4_msgs/include/px4_msgs/px4_msgs/msg/detail/tune_control__type_support.h\n'}
[1.827444] (px4_msgs) StdoutLine: {'line': b'-- Up-to-date symlink: /home/maxim/super_ws/install/px4_msgs/include/px4_msgs/px4_msgs/msg/detail/uavcan_parameter_request__functions.h\n'}
[1.827518] (px4_msgs) StdoutLine: {'line': b'-- Up-to-date symlink: /home/maxim/super_ws/install/px4_msgs/include/px4_msgs/px4_msgs/msg/detail/uavcan_parameter_request__struct.h\n'}
[1.827578] (px4_msgs) StdoutLine: {'line': b'-- Up-to-date symlink: /home/maxim/super_ws/install/px4_msgs/include/px4_msgs/px4_msgs/msg/detail/uavcan_parameter_request__type_support.h\n'}
[1.827661] (px4_msgs) StdoutLine: {'line': b'-- Up-to-date symlink: /home/maxim/super_ws/install/px4_msgs/include/px4_msgs/px4_msgs/msg/detail/uavcan_parameter_value__functions.h\n'}
[1.827721] (px4_msgs) StdoutLine: {'line': b'-- Up-to-date symlink: /home/maxim/super_ws/install/px4_msgs/include/px4_msgs/px4_msgs/msg/detail/uavcan_parameter_value__struct.h\n'}
[1.827820] (px4_msgs) StdoutLine: {'line': b'-- Up-to-date symlink: /home/maxim/super_ws/install/px4_msgs/include/px4_msgs/px4_msgs/msg/detail/uavcan_parameter_value__type_support.h\n'}
[1.827881] (px4_msgs) StdoutLine: {'line': b'-- Up-to-date symlink: /home/maxim/super_ws/install/px4_msgs/include/px4_msgs/px4_msgs/msg/detail/ulog_stream__functions.h\n'}
[1.827962] (px4_msgs) StdoutLine: {'line': b'-- Up-to-date symlink: /home/maxim/super_ws/install/px4_msgs/include/px4_msgs/px4_msgs/msg/detail/ulog_stream__struct.h\n'}
[1.828036] (px4_msgs) StdoutLine: {'line': b'-- Up-to-date symlink: /home/maxim/super_ws/install/px4_msgs/include/px4_msgs/px4_msgs/msg/detail/ulog_stream__type_support.h\n'}
[1.828112] (px4_msgs) StdoutLine: {'line': b'-- Up-to-date symlink: /home/maxim/super_ws/install/px4_msgs/include/px4_msgs/px4_msgs/msg/detail/ulog_stream_ack__functions.h\n'}
[1.828183] (px4_msgs) StdoutLine: {'line': b'-- Up-to-date symlink: /home/maxim/super_ws/install/px4_msgs/include/px4_msgs/px4_msgs/msg/detail/ulog_stream_ack__struct.h\n'}
[1.828251] (px4_msgs) StdoutLine: {'line': b'-- Up-to-date symlink: /home/maxim/super_ws/install/px4_msgs/include/px4_msgs/px4_msgs/msg/detail/ulog_stream_ack__type_support.h\n'}
[1.828325] (px4_msgs) StdoutLine: {'line': b'-- Up-to-date symlink: /home/maxim/super_ws/install/px4_msgs/include/px4_msgs/px4_msgs/msg/detail/unregister_ext_component__functions.h\n'}
[1.828393] (px4_msgs) StdoutLine: {'line': b'-- Up-to-date symlink: /home/maxim/super_ws/install/px4_msgs/include/px4_msgs/px4_msgs/msg/detail/unregister_ext_component__struct.h\n'}
[1.828465] (px4_msgs) StdoutLine: {'line': b'-- Up-to-date symlink: /home/maxim/super_ws/install/px4_msgs/include/px4_msgs/px4_msgs/msg/detail/unregister_ext_component__type_support.h\n'}
[1.828538] (px4_msgs) StdoutLine: {'line': b'-- Up-to-date symlink: /home/maxim/super_ws/install/px4_msgs/include/px4_msgs/px4_msgs/msg/detail/vehicle_acceleration__functions.h\n'}
[1.828608] (px4_msgs) StdoutLine: {'line': b'-- Up-to-date symlink: /home/maxim/super_ws/install/px4_msgs/include/px4_msgs/px4_msgs/msg/detail/vehicle_acceleration__struct.h\n'}
[1.828681] (px4_msgs) StdoutLine: {'line': b'-- Up-to-date symlink: /home/maxim/super_ws/install/px4_msgs/include/px4_msgs/px4_msgs/msg/detail/vehicle_acceleration__type_support.h\n'}
[1.828760] (px4_msgs) StdoutLine: {'line': b'-- Up-to-date symlink: /home/maxim/super_ws/install/px4_msgs/include/px4_msgs/px4_msgs/msg/detail/vehicle_air_data__functions.h\n'}
[1.828885] (px4_msgs) StdoutLine: {'line': b'-- Up-to-date symlink: /home/maxim/super_ws/install/px4_msgs/include/px4_msgs/px4_msgs/msg/detail/vehicle_air_data__struct.h\n'}
[1.828969] (px4_msgs) StdoutLine: {'line': b'-- Up-to-date symlink: /home/maxim/super_ws/install/px4_msgs/include/px4_msgs/px4_msgs/msg/detail/vehicle_air_data__type_support.h\n'}
[1.829042] (px4_msgs) StdoutLine: {'line': b'-- Up-to-date symlink: /home/maxim/super_ws/install/px4_msgs/include/px4_msgs/px4_msgs/msg/detail/vehicle_angular_acceleration_setpoint__functions.h\n'}
[1.829112] (px4_msgs) StdoutLine: {'line': b'-- Up-to-date symlink: /home/maxim/super_ws/install/px4_msgs/include/px4_msgs/px4_msgs/msg/detail/vehicle_angular_acceleration_setpoint__struct.h\n'}
[1.829181] (px4_msgs) StdoutLine: {'line': b'-- Up-to-date symlink: /home/maxim/super_ws/install/px4_msgs/include/px4_msgs/px4_msgs/msg/detail/vehicle_angular_acceleration_setpoint__type_support.h\n'}
[1.829248] (px4_msgs) StdoutLine: {'line': b'-- Up-to-date symlink: /home/maxim/super_ws/install/px4_msgs/include/px4_msgs/px4_msgs/msg/detail/vehicle_angular_velocity__functions.h\n'}
[1.829322] (px4_msgs) StdoutLine: {'line': b'-- Up-to-date symlink: /home/maxim/super_ws/install/px4_msgs/include/px4_msgs/px4_msgs/msg/detail/vehicle_angular_velocity__struct.h\n'}
[1.829457] (px4_msgs) StdoutLine: {'line': b'-- Up-to-date symlink: /home/maxim/super_ws/install/px4_msgs/include/px4_msgs/px4_msgs/msg/detail/vehicle_angular_velocity__type_support.h\n'}
[1.829570] (px4_msgs) StdoutLine: {'line': b'-- Up-to-date symlink: /home/maxim/super_ws/install/px4_msgs/include/px4_msgs/px4_msgs/msg/detail/vehicle_attitude__functions.h\n'}
[1.829669] (px4_msgs) StdoutLine: {'line': b'-- Up-to-date symlink: /home/maxim/super_ws/install/px4_msgs/include/px4_msgs/px4_msgs/msg/detail/vehicle_attitude__struct.h\n'}
[1.829743] (px4_msgs) StdoutLine: {'line': b'-- Up-to-date symlink: /home/maxim/super_ws/install/px4_msgs/include/px4_msgs/px4_msgs/msg/detail/vehicle_attitude__type_support.h\n'}
[1.829805] (px4_msgs) StdoutLine: {'line': b'-- Up-to-date symlink: /home/maxim/super_ws/install/px4_msgs/include/px4_msgs/px4_msgs/msg/detail/vehicle_attitude_setpoint__functions.h\n'}
[1.829878] (px4_msgs) StdoutLine: {'line': b'-- Up-to-date symlink: /home/maxim/super_ws/install/px4_msgs/include/px4_msgs/px4_msgs/msg/detail/vehicle_attitude_setpoint__struct.h\n'}
[1.829974] (px4_msgs) StdoutLine: {'line': b'-- Up-to-date symlink: /home/maxim/super_ws/install/px4_msgs/include/px4_msgs/px4_msgs/msg/detail/vehicle_attitude_setpoint__type_support.h\n'}
[1.830059] (px4_msgs) StdoutLine: {'line': b'-- Up-to-date symlink: /home/maxim/super_ws/install/px4_msgs/include/px4_msgs/px4_msgs/msg/detail/vehicle_command__functions.h\n'}
[1.830179] (px4_msgs) StdoutLine: {'line': b'-- Up-to-date symlink: /home/maxim/super_ws/install/px4_msgs/include/px4_msgs/px4_msgs/msg/detail/vehicle_command__struct.h\n'}
[1.830270] (px4_msgs) StdoutLine: {'line': b'-- Up-to-date symlink: /home/maxim/super_ws/install/px4_msgs/include/px4_msgs/px4_msgs/msg/detail/vehicle_command__type_support.h\n'}
[1.830333] (px4_msgs) StdoutLine: {'line': b'-- Up-to-date symlink: /home/maxim/super_ws/install/px4_msgs/include/px4_msgs/px4_msgs/msg/detail/vehicle_command_ack__functions.h\n'}
[1.830405] (px4_msgs) StdoutLine: {'line': b'-- Up-to-date symlink: /home/maxim/super_ws/install/px4_msgs/include/px4_msgs/px4_msgs/msg/detail/vehicle_command_ack__struct.h\n'}
[1.830475] (px4_msgs) StdoutLine: {'line': b'-- Up-to-date symlink: /home/maxim/super_ws/install/px4_msgs/include/px4_msgs/px4_msgs/msg/detail/vehicle_command_ack__type_support.h\n'}
[1.830547] (px4_msgs) StdoutLine: {'line': b'-- Up-to-date symlink: /home/maxim/super_ws/install/px4_msgs/include/px4_msgs/px4_msgs/msg/detail/vehicle_constraints__functions.h\n'}
[1.830618] (px4_msgs) StdoutLine: {'line': b'-- Up-to-date symlink: /home/maxim/super_ws/install/px4_msgs/include/px4_msgs/px4_msgs/msg/detail/vehicle_constraints__struct.h\n'}
[1.830700] (px4_msgs) StdoutLine: {'line': b'-- Up-to-date symlink: /home/maxim/super_ws/install/px4_msgs/include/px4_msgs/px4_msgs/msg/detail/vehicle_constraints__type_support.h\n'}
[1.830772] (px4_msgs) StdoutLine: {'line': b'-- Up-to-date symlink: /home/maxim/super_ws/install/px4_msgs/include/px4_msgs/px4_msgs/msg/detail/vehicle_control_mode__functions.h\n'}
[1.830834] (px4_msgs) StdoutLine: {'line': b'-- Up-to-date symlink: /home/maxim/super_ws/install/px4_msgs/include/px4_msgs/px4_msgs/msg/detail/vehicle_control_mode__struct.h\n'}
[1.830913] (px4_msgs) StdoutLine: {'line': b'-- Up-to-date symlink: /home/maxim/super_ws/install/px4_msgs/include/px4_msgs/px4_msgs/msg/detail/vehicle_control_mode__type_support.h\n'}
[1.830977] (px4_msgs) StdoutLine: {'line': b'-- Up-to-date symlink: /home/maxim/super_ws/install/px4_msgs/include/px4_msgs/px4_msgs/msg/detail/vehicle_global_position__functions.h\n'}
[1.831057] (px4_msgs) StdoutLine: {'line': b'-- Up-to-date symlink: /home/maxim/super_ws/install/px4_msgs/include/px4_msgs/px4_msgs/msg/detail/vehicle_global_position__struct.h\n'}
[1.831128] (px4_msgs) StdoutLine: {'line': b'-- Up-to-date symlink: /home/maxim/super_ws/install/px4_msgs/include/px4_msgs/px4_msgs/msg/detail/vehicle_global_position__type_support.h\n'}
[1.831200] (px4_msgs) StdoutLine: {'line': b'-- Up-to-date symlink: /home/maxim/super_ws/install/px4_msgs/include/px4_msgs/px4_msgs/msg/detail/vehicle_imu__functions.h\n'}
[1.831259] (px4_msgs) StdoutLine: {'line': b'-- Up-to-date symlink: /home/maxim/super_ws/install/px4_msgs/include/px4_msgs/px4_msgs/msg/detail/vehicle_imu__struct.h\n'}
[1.831330] (px4_msgs) StdoutLine: {'line': b'-- Up-to-date symlink: /home/maxim/super_ws/install/px4_msgs/include/px4_msgs/px4_msgs/msg/detail/vehicle_imu__type_support.h\n'}
[1.831398] (px4_msgs) StdoutLine: {'line': b'-- Up-to-date symlink: /home/maxim/super_ws/install/px4_msgs/include/px4_msgs/px4_msgs/msg/detail/vehicle_imu_status__functions.h\n'}
[1.831499] (px4_msgs) StdoutLine: {'line': b'-- Up-to-date symlink: /home/maxim/super_ws/install/px4_msgs/include/px4_msgs/px4_msgs/msg/detail/vehicle_imu_status__struct.h\n'}
[1.831575] (px4_msgs) StdoutLine: {'line': b'-- Up-to-date symlink: /home/maxim/super_ws/install/px4_msgs/include/px4_msgs/px4_msgs/msg/detail/vehicle_imu_status__type_support.h\n'}
[1.831650] (px4_msgs) StdoutLine: {'line': b'-- Up-to-date symlink: /home/maxim/super_ws/install/px4_msgs/include/px4_msgs/px4_msgs/msg/detail/vehicle_land_detected__functions.h\n'}
[1.831723] (px4_msgs) StdoutLine: {'line': b'-- Up-to-date symlink: /home/maxim/super_ws/install/px4_msgs/include/px4_msgs/px4_msgs/msg/detail/vehicle_land_detected__struct.h\n'}
[1.831796] (px4_msgs) StdoutLine: {'line': b'-- Up-to-date symlink: /home/maxim/super_ws/install/px4_msgs/include/px4_msgs/px4_msgs/msg/detail/vehicle_land_detected__type_support.h\n'}
[1.831903] (px4_msgs) StdoutLine: {'line': b'-- Up-to-date symlink: /home/maxim/super_ws/install/px4_msgs/include/px4_msgs/px4_msgs/msg/detail/vehicle_local_position__functions.h\n'}
[1.831976] (px4_msgs) StdoutLine: {'line': b'-- Up-to-date symlink: /home/maxim/super_ws/install/px4_msgs/include/px4_msgs/px4_msgs/msg/detail/vehicle_local_position__struct.h\n'}
[1.832048] (px4_msgs) StdoutLine: {'line': b'-- Up-to-date symlink: /home/maxim/super_ws/install/px4_msgs/include/px4_msgs/px4_msgs/msg/detail/vehicle_local_position__type_support.h\n'}
[1.832118] (px4_msgs) StdoutLine: {'line': b'-- Up-to-date symlink: /home/maxim/super_ws/install/px4_msgs/include/px4_msgs/px4_msgs/msg/detail/vehicle_local_position_setpoint__functions.h\n'}
[1.832193] (px4_msgs) StdoutLine: {'line': b'-- Up-to-date symlink: /home/maxim/super_ws/install/px4_msgs/include/px4_msgs/px4_msgs/msg/detail/vehicle_local_position_setpoint__struct.h\n'}
[1.832264] (px4_msgs) StdoutLine: {'line': b'-- Up-to-date symlink: /home/maxim/super_ws/install/px4_msgs/include/px4_msgs/px4_msgs/msg/detail/vehicle_local_position_setpoint__type_support.h\n'}
[1.832342] (px4_msgs) StdoutLine: {'line': b'-- Up-to-date symlink: /home/maxim/super_ws/install/px4_msgs/include/px4_msgs/px4_msgs/msg/detail/vehicle_magnetometer__functions.h\n'}
[1.832413] (px4_msgs) StdoutLine: {'line': b'-- Up-to-date symlink: /home/maxim/super_ws/install/px4_msgs/include/px4_msgs/px4_msgs/msg/detail/vehicle_magnetometer__struct.h\n'}
[1.832487] (px4_msgs) StdoutLine: {'line': b'-- Up-to-date symlink: /home/maxim/super_ws/install/px4_msgs/include/px4_msgs/px4_msgs/msg/detail/vehicle_magnetometer__type_support.h\n'}
[1.832559] (px4_msgs) StdoutLine: {'line': b'-- Up-to-date symlink: /home/maxim/super_ws/install/px4_msgs/include/px4_msgs/px4_msgs/msg/detail/vehicle_odometry__functions.h\n'}
[1.832626] (px4_msgs) StdoutLine: {'line': b'-- Up-to-date symlink: /home/maxim/super_ws/install/px4_msgs/include/px4_msgs/px4_msgs/msg/detail/vehicle_odometry__struct.h\n'}
[1.832698] (px4_msgs) StdoutLine: {'line': b'-- Up-to-date symlink: /home/maxim/super_ws/install/px4_msgs/include/px4_msgs/px4_msgs/msg/detail/vehicle_odometry__type_support.h\n'}
[1.832771] (px4_msgs) StdoutLine: {'line': b'-- Up-to-date symlink: /home/maxim/super_ws/install/px4_msgs/include/px4_msgs/px4_msgs/msg/detail/vehicle_optical_flow__functions.h\n'}
[1.832843] (px4_msgs) StdoutLine: {'line': b'-- Up-to-date symlink: /home/maxim/super_ws/install/px4_msgs/include/px4_msgs/px4_msgs/msg/detail/vehicle_optical_flow__struct.h\n'}
[1.832915] (px4_msgs) StdoutLine: {'line': b'-- Up-to-date symlink: /home/maxim/super_ws/install/px4_msgs/include/px4_msgs/px4_msgs/msg/detail/vehicle_optical_flow__type_support.h\n'}
[1.832987] (px4_msgs) StdoutLine: {'line': b'-- Up-to-date symlink: /home/maxim/super_ws/install/px4_msgs/include/px4_msgs/px4_msgs/msg/detail/vehicle_optical_flow_vel__functions.h\n'}
[1.833063] (px4_msgs) StdoutLine: {'line': b'-- Up-to-date symlink: /home/maxim/super_ws/install/px4_msgs/include/px4_msgs/px4_msgs/msg/detail/vehicle_optical_flow_vel__struct.h\n'}
[1.833141] (px4_msgs) StdoutLine: {'line': b'-- Up-to-date symlink: /home/maxim/super_ws/install/px4_msgs/include/px4_msgs/px4_msgs/msg/detail/vehicle_optical_flow_vel__type_support.h\n'}
[1.833219] (px4_msgs) StdoutLine: {'line': b'-- Up-to-date symlink: /home/maxim/super_ws/install/px4_msgs/include/px4_msgs/px4_msgs/msg/detail/vehicle_rates_setpoint__functions.h\n'}
[1.833293] (px4_msgs) StdoutLine: {'line': b'-- Up-to-date symlink: /home/maxim/super_ws/install/px4_msgs/include/px4_msgs/px4_msgs/msg/detail/vehicle_rates_setpoint__struct.h\n'}
[1.833371] (px4_msgs) StdoutLine: {'line': b'-- Up-to-date symlink: /home/maxim/super_ws/install/px4_msgs/include/px4_msgs/px4_msgs/msg/detail/vehicle_rates_setpoint__type_support.h\n'}
[1.833448] (px4_msgs) StdoutLine: {'line': b'-- Up-to-date symlink: /home/maxim/super_ws/install/px4_msgs/include/px4_msgs/px4_msgs/msg/detail/vehicle_roi__functions.h\n'}
[1.833525] (px4_msgs) StdoutLine: {'line': b'-- Up-to-date symlink: /home/maxim/super_ws/install/px4_msgs/include/px4_msgs/px4_msgs/msg/detail/vehicle_roi__struct.h\n'}
[1.833602] (px4_msgs) StdoutLine: {'line': b'-- Up-to-date symlink: /home/maxim/super_ws/install/px4_msgs/include/px4_msgs/px4_msgs/msg/detail/vehicle_roi__type_support.h\n'}
[1.833688] (px4_msgs) StdoutLine: {'line': b'-- Up-to-date symlink: /home/maxim/super_ws/install/px4_msgs/include/px4_msgs/px4_msgs/msg/detail/vehicle_status__functions.h\n'}
[1.833765] (px4_msgs) StdoutLine: {'line': b'-- Up-to-date symlink: /home/maxim/super_ws/install/px4_msgs/include/px4_msgs/px4_msgs/msg/detail/vehicle_status__struct.h\n'}
[1.833844] (px4_msgs) StdoutLine: {'line': b'-- Up-to-date symlink: /home/maxim/super_ws/install/px4_msgs/include/px4_msgs/px4_msgs/msg/detail/vehicle_status__type_support.h\n'}
[1.833922] (px4_msgs) StdoutLine: {'line': b'-- Up-to-date symlink: /home/maxim/super_ws/install/px4_msgs/include/px4_msgs/px4_msgs/msg/detail/vehicle_thrust_setpoint__functions.h\n'}
[1.834010] (px4_msgs) StdoutLine: {'line': b'-- Up-to-date symlink: /home/maxim/super_ws/install/px4_msgs/include/px4_msgs/px4_msgs/msg/detail/vehicle_thrust_setpoint__struct.h\n'}
[1.834090] (px4_msgs) StdoutLine: {'line': b'-- Up-to-date symlink: /home/maxim/super_ws/install/px4_msgs/include/px4_msgs/px4_msgs/msg/detail/vehicle_thrust_setpoint__type_support.h\n'}
[1.834196] (px4_msgs) StdoutLine: {'line': b'-- Up-to-date symlink: /home/maxim/super_ws/install/px4_msgs/include/px4_msgs/px4_msgs/msg/detail/vehicle_torque_setpoint__functions.h\n'}
[1.834273] (px4_msgs) StdoutLine: {'line': b'-- Up-to-date symlink: /home/maxim/super_ws/install/px4_msgs/include/px4_msgs/px4_msgs/msg/detail/vehicle_torque_setpoint__struct.h\n'}
[1.834349] (px4_msgs) StdoutLine: {'line': b'-- Up-to-date symlink: /home/maxim/super_ws/install/px4_msgs/include/px4_msgs/px4_msgs/msg/detail/vehicle_torque_setpoint__type_support.h\n'}
[1.834425] (px4_msgs) StdoutLine: {'line': b'-- Up-to-date symlink: /home/maxim/super_ws/install/px4_msgs/include/px4_msgs/px4_msgs/msg/detail/velocity_limits__functions.h\n'}
[1.834500] (px4_msgs) StdoutLine: {'line': b'-- Up-to-date symlink: /home/maxim/super_ws/install/px4_msgs/include/px4_msgs/px4_msgs/msg/detail/velocity_limits__struct.h\n'}
[1.834573] (px4_msgs) StdoutLine: {'line': b'-- Up-to-date symlink: /home/maxim/super_ws/install/px4_msgs/include/px4_msgs/px4_msgs/msg/detail/velocity_limits__type_support.h\n'}
[1.834648] (px4_msgs) StdoutLine: {'line': b'-- Up-to-date symlink: /home/maxim/super_ws/install/px4_msgs/include/px4_msgs/px4_msgs/msg/detail/vte_aid_source1d__functions.h\n'}
[1.834729] (px4_msgs) StdoutLine: {'line': b'-- Up-to-date symlink: /home/maxim/super_ws/install/px4_msgs/include/px4_msgs/px4_msgs/msg/detail/vte_aid_source1d__struct.h\n'}
[1.834804] (px4_msgs) StdoutLine: {'line': b'-- Up-to-date symlink: /home/maxim/super_ws/install/px4_msgs/include/px4_msgs/px4_msgs/msg/detail/vte_aid_source1d__type_support.h\n'}
[1.834896] (px4_msgs) StdoutLine: {'line': b'-- Up-to-date symlink: /home/maxim/super_ws/install/px4_msgs/include/px4_msgs/px4_msgs/msg/detail/vte_aid_source3d__functions.h\n'}
[1.835015] (px4_msgs) StdoutLine: {'line': b'-- Up-to-date symlink: /home/maxim/super_ws/install/px4_msgs/include/px4_msgs/px4_msgs/msg/detail/vte_aid_source3d__struct.h\n'}
[1.835090] (px4_msgs) StdoutLine: {'line': b'-- Up-to-date symlink: /home/maxim/super_ws/install/px4_msgs/include/px4_msgs/px4_msgs/msg/detail/vte_aid_source3d__type_support.h\n'}
[1.835162] (px4_msgs) StdoutLine: {'line': b'-- Up-to-date symlink: /home/maxim/super_ws/install/px4_msgs/include/px4_msgs/px4_msgs/msg/detail/vte_bias_init_status__functions.h\n'}
[1.835239] (px4_msgs) StdoutLine: {'line': b'-- Up-to-date symlink: /home/maxim/super_ws/install/px4_msgs/include/px4_msgs/px4_msgs/msg/detail/vte_bias_init_status__struct.h\n'}
[1.835312] (px4_msgs) StdoutLine: {'line': b'-- Up-to-date symlink: /home/maxim/super_ws/install/px4_msgs/include/px4_msgs/px4_msgs/msg/detail/vte_bias_init_status__type_support.h\n'}
[1.835386] (px4_msgs) StdoutLine: {'line': b'-- Up-to-date symlink: /home/maxim/super_ws/install/px4_msgs/include/px4_msgs/px4_msgs/msg/detail/vte_input__functions.h\n'}
[1.835459] (px4_msgs) StdoutLine: {'line': b'-- Up-to-date symlink: /home/maxim/super_ws/install/px4_msgs/include/px4_msgs/px4_msgs/msg/detail/vte_input__struct.h\n'}
[1.835534] (px4_msgs) StdoutLine: {'line': b'-- Up-to-date symlink: /home/maxim/super_ws/install/px4_msgs/include/px4_msgs/px4_msgs/msg/detail/vte_input__type_support.h\n'}
[1.835608] (px4_msgs) StdoutLine: {'line': b'-- Up-to-date symlink: /home/maxim/super_ws/install/px4_msgs/include/px4_msgs/px4_msgs/msg/detail/vte_orientation__functions.h\n'}
[1.835684] (px4_msgs) StdoutLine: {'line': b'-- Up-to-date symlink: /home/maxim/super_ws/install/px4_msgs/include/px4_msgs/px4_msgs/msg/detail/vte_orientation__struct.h\n'}
[1.835765] (px4_msgs) StdoutLine: {'line': b'-- Up-to-date symlink: /home/maxim/super_ws/install/px4_msgs/include/px4_msgs/px4_msgs/msg/detail/vte_orientation__type_support.h\n'}
[1.835849] (px4_msgs) StdoutLine: {'line': b'-- Up-to-date symlink: /home/maxim/super_ws/install/px4_msgs/include/px4_msgs/px4_msgs/msg/detail/vte_position__functions.h\n'}
[1.835928] (px4_msgs) StdoutLine: {'line': b'-- Up-to-date symlink: /home/maxim/super_ws/install/px4_msgs/include/px4_msgs/px4_msgs/msg/detail/vte_position__struct.h\n'}
[1.836031] (px4_msgs) StdoutLine: {'line': b'-- Up-to-date symlink: /home/maxim/super_ws/install/px4_msgs/include/px4_msgs/px4_msgs/msg/detail/vte_position__type_support.h\n'}
[1.836151] (px4_msgs) StdoutLine: {'line': b'-- Up-to-date symlink: /home/maxim/super_ws/install/px4_msgs/include/px4_msgs/px4_msgs/msg/detail/vtol_vehicle_status__functions.h\n'}
[1.836240] (px4_msgs) StdoutLine: {'line': b'-- Up-to-date symlink: /home/maxim/super_ws/install/px4_msgs/include/px4_msgs/px4_msgs/msg/detail/vtol_vehicle_status__struct.h\n'}
[1.836301] (px4_msgs) StdoutLine: {'line': b'-- Up-to-date symlink: /home/maxim/super_ws/install/px4_msgs/include/px4_msgs/px4_msgs/msg/detail/vtol_vehicle_status__type_support.h\n'}
[1.836372] (px4_msgs) StdoutLine: {'line': b'-- Up-to-date symlink: /home/maxim/super_ws/install/px4_msgs/include/px4_msgs/px4_msgs/msg/detail/vtx__functions.h\n'}
[1.836448] (px4_msgs) StdoutLine: {'line': b'-- Up-to-date symlink: /home/maxim/super_ws/install/px4_msgs/include/px4_msgs/px4_msgs/msg/detail/vtx__struct.h\n'}
[1.836509] (px4_msgs) StdoutLine: {'line': b'-- Up-to-date symlink: /home/maxim/super_ws/install/px4_msgs/include/px4_msgs/px4_msgs/msg/detail/vtx__type_support.h\n'}
[1.836580] (px4_msgs) StdoutLine: {'line': b'-- Up-to-date symlink: /home/maxim/super_ws/install/px4_msgs/include/px4_msgs/px4_msgs/msg/detail/wheel_encoders__functions.h\n'}
[1.836656] (px4_msgs) StdoutLine: {'line': b'-- Up-to-date symlink: /home/maxim/super_ws/install/px4_msgs/include/px4_msgs/px4_msgs/msg/detail/wheel_encoders__struct.h\n'}
[1.836729] (px4_msgs) StdoutLine: {'line': b'-- Up-to-date symlink: /home/maxim/super_ws/install/px4_msgs/include/px4_msgs/px4_msgs/msg/detail/wheel_encoders__type_support.h\n'}
[1.836803] (px4_msgs) StdoutLine: {'line': b'-- Up-to-date symlink: /home/maxim/super_ws/install/px4_msgs/include/px4_msgs/px4_msgs/msg/detail/wind__functions.h\n'}
[1.836876] (px4_msgs) StdoutLine: {'line': b'-- Up-to-date symlink: /home/maxim/super_ws/install/px4_msgs/include/px4_msgs/px4_msgs/msg/detail/wind__struct.h\n'}
[1.836947] (px4_msgs) StdoutLine: {'line': b'-- Up-to-date symlink: /home/maxim/super_ws/install/px4_msgs/include/px4_msgs/px4_msgs/msg/detail/wind__type_support.h\n'}
[1.837034] (px4_msgs) StdoutLine: {'line': b'-- Up-to-date symlink: /home/maxim/super_ws/install/px4_msgs/include/px4_msgs/px4_msgs/msg/detail/yaw_estimator_status__functions.h\n'}
[1.837151] (px4_msgs) StdoutLine: {'line': b'-- Up-to-date symlink: /home/maxim/super_ws/install/px4_msgs/include/px4_msgs/px4_msgs/msg/detail/yaw_estimator_status__struct.h\n'}
[1.837231] (px4_msgs) StdoutLine: {'line': b'-- Up-to-date symlink: /home/maxim/super_ws/install/px4_msgs/include/px4_msgs/px4_msgs/msg/detail/yaw_estimator_status__type_support.h\n'}
[1.837313] (px4_msgs) StdoutLine: {'line': b'-- Up-to-date symlink: /home/maxim/super_ws/install/px4_msgs/include/px4_msgs/px4_msgs/msg/device_information.h\n'}
[1.837392] (px4_msgs) StdoutLine: {'line': b'-- Up-to-date symlink: /home/maxim/super_ws/install/px4_msgs/include/px4_msgs/px4_msgs/msg/differential_pressure.h\n'}
[1.837453] (px4_msgs) StdoutLine: {'line': b'-- Up-to-date symlink: /home/maxim/super_ws/install/px4_msgs/include/px4_msgs/px4_msgs/msg/distance_sensor.h\n'}
[1.837525] (px4_msgs) StdoutLine: {'line': b'-- Up-to-date symlink: /home/maxim/super_ws/install/px4_msgs/include/px4_msgs/px4_msgs/msg/distance_sensor_mode_change_request.h\n'}
[1.837595] (px4_msgs) StdoutLine: {'line': b'-- Up-to-date symlink: /home/maxim/super_ws/install/px4_msgs/include/px4_msgs/px4_msgs/msg/dronecan_node_status.h\n'}
[1.837671] (px4_msgs) StdoutLine: {'line': b'-- Up-to-date symlink: /home/maxim/super_ws/install/px4_msgs/include/px4_msgs/px4_msgs/msg/ekf2_timestamps.h\n'}
[1.837745] (px4_msgs) StdoutLine: {'line': b'-- Up-to-date symlink: /home/maxim/super_ws/install/px4_msgs/include/px4_msgs/px4_msgs/msg/esc_eeprom_read.h\n'}
[1.837817] (px4_msgs) StdoutLine: {'line': b'-- Up-to-date symlink: /home/maxim/super_ws/install/px4_msgs/include/px4_msgs/px4_msgs/msg/esc_eeprom_write.h\n'}
[1.837886] (px4_msgs) StdoutLine: {'line': b'-- Up-to-date symlink: /home/maxim/super_ws/install/px4_msgs/include/px4_msgs/px4_msgs/msg/esc_report.h\n'}
[1.837958] (px4_msgs) StdoutLine: {'line': b'-- Up-to-date symlink: /home/maxim/super_ws/install/px4_msgs/include/px4_msgs/px4_msgs/msg/esc_status.h\n'}
[1.838026] (px4_msgs) StdoutLine: {'line': b'-- Up-to-date symlink: /home/maxim/super_ws/install/px4_msgs/include/px4_msgs/px4_msgs/msg/estimator_aid_source1d.h\n'}
[1.838095] (px4_msgs) StdoutLine: {'line': b'-- Up-to-date symlink: /home/maxim/super_ws/install/px4_msgs/include/px4_msgs/px4_msgs/msg/estimator_aid_source2d.h\n'}
[1.838200] (px4_msgs) StdoutLine: {'line': b'-- Up-to-date symlink: /home/maxim/super_ws/install/px4_msgs/include/px4_msgs/px4_msgs/msg/estimator_aid_source3d.h\n'}
[1.838275] (px4_msgs) StdoutLine: {'line': b'-- Up-to-date symlink: /home/maxim/super_ws/install/px4_msgs/include/px4_msgs/px4_msgs/msg/estimator_bias.h\n'}
[1.838346] (px4_msgs) StdoutLine: {'line': b'-- Up-to-date symlink: /home/maxim/super_ws/install/px4_msgs/include/px4_msgs/px4_msgs/msg/estimator_bias3d.h\n'}
[1.838416] (px4_msgs) StdoutLine: {'line': b'-- Up-to-date symlink: /home/maxim/super_ws/install/px4_msgs/include/px4_msgs/px4_msgs/msg/estimator_event_flags.h\n'}
[1.838485] (px4_msgs) StdoutLine: {'line': b'-- Up-to-date symlink: /home/maxim/super_ws/install/px4_msgs/include/px4_msgs/px4_msgs/msg/estimator_fusion_control.h\n'}
[1.838552] (px4_msgs) StdoutLine: {'line': b'-- Up-to-date symlink: /home/maxim/super_ws/install/px4_msgs/include/px4_msgs/px4_msgs/msg/estimator_gps_status.h\n'}
[1.838625] (px4_msgs) StdoutLine: {'line': b'-- Up-to-date symlink: /home/maxim/super_ws/install/px4_msgs/include/px4_msgs/px4_msgs/msg/estimator_innovations.h\n'}
[1.838704] (px4_msgs) StdoutLine: {'line': b'-- Up-to-date symlink: /home/maxim/super_ws/install/px4_msgs/include/px4_msgs/px4_msgs/msg/estimator_selector_status.h\n'}
[1.838780] (px4_msgs) StdoutLine: {'line': b'-- Up-to-date symlink: /home/maxim/super_ws/install/px4_msgs/include/px4_msgs/px4_msgs/msg/estimator_sensor_bias.h\n'}
[1.838852] (px4_msgs) StdoutLine: {'line': b'-- Up-to-date symlink: /home/maxim/super_ws/install/px4_msgs/include/px4_msgs/px4_msgs/msg/estimator_states.h\n'}
[1.838925] (px4_msgs) StdoutLine: {'line': b'-- Up-to-date symlink: /home/maxim/super_ws/install/px4_msgs/include/px4_msgs/px4_msgs/msg/estimator_status.h\n'}
[1.838993] (px4_msgs) StdoutLine: {'line': b'-- Up-to-date symlink: /home/maxim/super_ws/install/px4_msgs/include/px4_msgs/px4_msgs/msg/estimator_status_flags.h\n'}
[1.839067] (px4_msgs) StdoutLine: {'line': b'-- Up-to-date symlink: /home/maxim/super_ws/install/px4_msgs/include/px4_msgs/px4_msgs/msg/event.h\n'}
[1.839137] (px4_msgs) StdoutLine: {'line': b'-- Up-to-date symlink: /home/maxim/super_ws/install/px4_msgs/include/px4_msgs/px4_msgs/msg/failsafe_flags.h\n'}
[1.839210] (px4_msgs) StdoutLine: {'line': b'-- Up-to-date symlink: /home/maxim/super_ws/install/px4_msgs/include/px4_msgs/px4_msgs/msg/failure_detector_status.h\n'}
[1.839284] (px4_msgs) StdoutLine: {'line': b'-- Up-to-date symlink: /home/maxim/super_ws/install/px4_msgs/include/px4_msgs/px4_msgs/msg/fiducial_marker_pos_report.h\n'}
[1.839358] (px4_msgs) StdoutLine: {'line': b'-- Up-to-date symlink: /home/maxim/super_ws/install/px4_msgs/include/px4_msgs/px4_msgs/msg/fiducial_marker_yaw_report.h\n'}
[1.839431] (px4_msgs) StdoutLine: {'line': b'-- Up-to-date symlink: /home/maxim/super_ws/install/px4_msgs/include/px4_msgs/px4_msgs/msg/figure_eight_status.h\n'}
[1.839505] (px4_msgs) StdoutLine: {'line': b'-- Up-to-date symlink: /home/maxim/super_ws/install/px4_msgs/include/px4_msgs/px4_msgs/msg/fixed_wing_lateral_guidance_status.h\n'}
[1.839576] (px4_msgs) StdoutLine: {'line': b'-- Up-to-date symlink: /home/maxim/super_ws/install/px4_msgs/include/px4_msgs/px4_msgs/msg/fixed_wing_lateral_setpoint.h\n'}
[1.839657] (px4_msgs) StdoutLine: {'line': b'-- Up-to-date symlink: /home/maxim/super_ws/install/px4_msgs/include/px4_msgs/px4_msgs/msg/fixed_wing_lateral_status.h\n'}
[1.839771] (px4_msgs) StdoutLine: {'line': b'-- Up-to-date symlink: /home/maxim/super_ws/install/px4_msgs/include/px4_msgs/px4_msgs/msg/fixed_wing_longitudinal_setpoint.h\n'}
[1.839858] (px4_msgs) StdoutLine: {'line': b'-- Up-to-date symlink: /home/maxim/super_ws/install/px4_msgs/include/px4_msgs/px4_msgs/msg/fixed_wing_runway_control.h\n'}
[1.839945] (px4_msgs) StdoutLine: {'line': b'-- Up-to-date symlink: /home/maxim/super_ws/install/px4_msgs/include/px4_msgs/px4_msgs/msg/flight_phase_estimation.h\n'}
[1.840018] (px4_msgs) StdoutLine: {'line': b'-- Up-to-date symlink: /home/maxim/super_ws/install/px4_msgs/include/px4_msgs/px4_msgs/msg/follow_target.h\n'}
[1.840094] (px4_msgs) StdoutLine: {'line': b'-- Up-to-date symlink: /home/maxim/super_ws/install/px4_msgs/include/px4_msgs/px4_msgs/msg/follow_target_estimator.h\n'}
[1.840163] (px4_msgs) StdoutLine: {'line': b'-- Up-to-date symlink: /home/maxim/super_ws/install/px4_msgs/include/px4_msgs/px4_msgs/msg/follow_target_status.h\n'}
[1.840242] (px4_msgs) StdoutLine: {'line': b'-- Up-to-date symlink: /home/maxim/super_ws/install/px4_msgs/include/px4_msgs/px4_msgs/msg/fuel_tank_status.h\n'}
[1.840338] (px4_msgs) StdoutLine: {'line': b'-- Up-to-date symlink: /home/maxim/super_ws/install/px4_msgs/include/px4_msgs/px4_msgs/msg/gain_compression.h\n'}
[1.840421] (px4_msgs) StdoutLine: {'line': b'-- Up-to-date symlink: /home/maxim/super_ws/install/px4_msgs/include/px4_msgs/px4_msgs/msg/generator_status.h\n'}
[1.840488] (px4_msgs) StdoutLine: {'line': b'-- Up-to-date symlink: /home/maxim/super_ws/install/px4_msgs/include/px4_msgs/px4_msgs/msg/geofence_result.h\n'}
[1.840547] (px4_msgs) StdoutLine: {'line': b'-- Up-to-date symlink: /home/maxim/super_ws/install/px4_msgs/include/px4_msgs/px4_msgs/msg/geofence_status.h\n'}
[1.840618] (px4_msgs) StdoutLine: {'line': b'-- Up-to-date symlink: /home/maxim/super_ws/install/px4_msgs/include/px4_msgs/px4_msgs/msg/gimbal_controls.h\n'}
[1.840691] (px4_msgs) StdoutLine: {'line': b'-- Up-to-date symlink: /home/maxim/super_ws/install/px4_msgs/include/px4_msgs/px4_msgs/msg/gimbal_device_attitude_status.h\n'}
[1.840765] (px4_msgs) StdoutLine: {'line': b'-- Up-to-date symlink: /home/maxim/super_ws/install/px4_msgs/include/px4_msgs/px4_msgs/msg/gimbal_device_information.h\n'}
[1.840839] (px4_msgs) StdoutLine: {'line': b'-- Up-to-date symlink: /home/maxim/super_ws/install/px4_msgs/include/px4_msgs/px4_msgs/msg/gimbal_device_set_attitude.h\n'}
[1.840940] (px4_msgs) StdoutLine: {'line': b'-- Up-to-date symlink: /home/maxim/super_ws/install/px4_msgs/include/px4_msgs/px4_msgs/msg/gimbal_manager_information.h\n'}
[1.841025] (px4_msgs) StdoutLine: {'line': b'-- Up-to-date symlink: /home/maxim/super_ws/install/px4_msgs/include/px4_msgs/px4_msgs/msg/gimbal_manager_set_attitude.h\n'}
[1.841110] (px4_msgs) StdoutLine: {'line': b'-- Up-to-date symlink: /home/maxim/super_ws/install/px4_msgs/include/px4_msgs/px4_msgs/msg/gimbal_manager_set_manual_control.h\n'}
[1.841193] (px4_msgs) StdoutLine: {'line': b'-- Up-to-date symlink: /home/maxim/super_ws/install/px4_msgs/include/px4_msgs/px4_msgs/msg/gimbal_manager_status.h\n'}
[1.841278] (px4_msgs) StdoutLine: {'line': b'-- Up-to-date symlink: /home/maxim/super_ws/install/px4_msgs/include/px4_msgs/px4_msgs/msg/goto_setpoint.h\n'}
[1.841350] (px4_msgs) StdoutLine: {'line': b'-- Up-to-date symlink: /home/maxim/super_ws/install/px4_msgs/include/px4_msgs/px4_msgs/msg/gpio_config.h\n'}
[1.841412] (px4_msgs) StdoutLine: {'line': b'-- Up-to-date symlink: /home/maxim/super_ws/install/px4_msgs/include/px4_msgs/px4_msgs/msg/gpio_in.h\n'}
[1.841497] (px4_msgs) StdoutLine: {'line': b'-- Up-to-date symlink: /home/maxim/super_ws/install/px4_msgs/include/px4_msgs/px4_msgs/msg/gpio_out.h\n'}
[1.841556] (px4_msgs) StdoutLine: {'line': b'-- Up-to-date symlink: /home/maxim/super_ws/install/px4_msgs/include/px4_msgs/px4_msgs/msg/gpio_request.h\n'}
[1.841628] (px4_msgs) StdoutLine: {'line': b'-- Up-to-date symlink: /home/maxim/super_ws/install/px4_msgs/include/px4_msgs/px4_msgs/msg/gps_dump.h\n'}
[1.841704] (px4_msgs) StdoutLine: {'line': b'-- Up-to-date symlink: /home/maxim/super_ws/install/px4_msgs/include/px4_msgs/px4_msgs/msg/gps_inject_data.h\n'}
[1.841781] (px4_msgs) StdoutLine: {'line': b'-- Up-to-date symlink: /home/maxim/super_ws/install/px4_msgs/include/px4_msgs/px4_msgs/msg/gripper.h\n'}
[1.841878] (px4_msgs) StdoutLine: {'line': b'-- Up-to-date symlink: /home/maxim/super_ws/install/px4_msgs/include/px4_msgs/px4_msgs/msg/health_report.h\n'}
[1.841939] (px4_msgs) StdoutLine: {'line': b'-- Up-to-date symlink: /home/maxim/super_ws/install/px4_msgs/include/px4_msgs/px4_msgs/msg/heater_status.h\n'}
[1.842019] (px4_msgs) StdoutLine: {'line': b'-- Up-to-date symlink: /home/maxim/super_ws/install/px4_msgs/include/px4_msgs/px4_msgs/msg/home_position.h\n'}
[1.842093] (px4_msgs) StdoutLine: {'line': b'-- Up-to-date symlink: /home/maxim/super_ws/install/px4_msgs/include/px4_msgs/px4_msgs/msg/hover_thrust_estimate.h\n'}
[1.842164] (px4_msgs) StdoutLine: {'line': b'-- Up-to-date symlink: /home/maxim/super_ws/install/px4_msgs/include/px4_msgs/px4_msgs/msg/input_rc.h\n'}
[1.842238] (px4_msgs) StdoutLine: {'line': b'-- Up-to-date symlink: /home/maxim/super_ws/install/px4_msgs/include/px4_msgs/px4_msgs/msg/internal_combustion_engine_control.h\n'}
[1.842319] (px4_msgs) StdoutLine: {'line': b'-- Up-to-date symlink: /home/maxim/super_ws/install/px4_msgs/include/px4_msgs/px4_msgs/msg/internal_combustion_engine_status.h\n'}
[1.842379] (px4_msgs) StdoutLine: {'line': b'-- Up-to-date symlink: /home/maxim/super_ws/install/px4_msgs/include/px4_msgs/px4_msgs/msg/iridiumsbd_status.h\n'}
[1.842450] (px4_msgs) StdoutLine: {'line': b'-- Up-to-date symlink: /home/maxim/super_ws/install/px4_msgs/include/px4_msgs/px4_msgs/msg/irlock_report.h\n'}
[1.842521] (px4_msgs) StdoutLine: {'line': b'-- Up-to-date symlink: /home/maxim/super_ws/install/px4_msgs/include/px4_msgs/px4_msgs/msg/landing_gear.h\n'}
[1.842591] (px4_msgs) StdoutLine: {'line': b'-- Up-to-date symlink: /home/maxim/super_ws/install/px4_msgs/include/px4_msgs/px4_msgs/msg/landing_gear_wheel.h\n'}
[1.842667] (px4_msgs) StdoutLine: {'line': b'-- Up-to-date symlink: /home/maxim/super_ws/install/px4_msgs/include/px4_msgs/px4_msgs/msg/landing_target_innovations.h\n'}
[1.842737] (px4_msgs) StdoutLine: {'line': b'-- Up-to-date symlink: /home/maxim/super_ws/install/px4_msgs/include/px4_msgs/px4_msgs/msg/landing_target_pose.h\n'}
[1.842807] (px4_msgs) StdoutLine: {'line': b'-- Up-to-date symlink: /home/maxim/super_ws/install/px4_msgs/include/px4_msgs/px4_msgs/msg/lateral_control_configuration.h\n'}
[1.842885] (px4_msgs) StdoutLine: {'line': b'-- Up-to-date symlink: /home/maxim/super_ws/install/px4_msgs/include/px4_msgs/px4_msgs/msg/launch_detection_status.h\n'}
[1.842966] (px4_msgs) StdoutLine: {'line': b'-- Up-to-date symlink: /home/maxim/super_ws/install/px4_msgs/include/px4_msgs/px4_msgs/msg/led_control.h\n'}
[1.843051] (px4_msgs) StdoutLine: {'line': b'-- Up-to-date symlink: /home/maxim/super_ws/install/px4_msgs/include/px4_msgs/px4_msgs/msg/log_message.h\n'}
[1.843136] (px4_msgs) StdoutLine: {'line': b'-- Up-to-date symlink: /home/maxim/super_ws/install/px4_msgs/include/px4_msgs/px4_msgs/msg/logger_status.h\n'}
[1.843211] (px4_msgs) StdoutLine: {'line': b'-- Up-to-date symlink: /home/maxim/super_ws/install/px4_msgs/include/px4_msgs/px4_msgs/msg/longitudinal_control_configuration.h\n'}
[1.843283] (px4_msgs) StdoutLine: {'line': b'-- Up-to-date symlink: /home/maxim/super_ws/install/px4_msgs/include/px4_msgs/px4_msgs/msg/mag_worker_data.h\n'}
[1.843353] (px4_msgs) StdoutLine: {'line': b'-- Up-to-date symlink: /home/maxim/super_ws/install/px4_msgs/include/px4_msgs/px4_msgs/msg/magnetometer_bias_estimate.h\n'}
[1.843431] (px4_msgs) StdoutLine: {'line': b'-- Up-to-date symlink: /home/maxim/super_ws/install/px4_msgs/include/px4_msgs/px4_msgs/msg/manual_control_setpoint.h\n'}
[1.843505] (px4_msgs) StdoutLine: {'line': b'-- Up-to-date symlink: /home/maxim/super_ws/install/px4_msgs/include/px4_msgs/px4_msgs/msg/manual_control_switches.h\n'}
[1.843580] (px4_msgs) StdoutLine: {'line': b'-- Up-to-date symlink: /home/maxim/super_ws/install/px4_msgs/include/px4_msgs/px4_msgs/msg/mavlink_log.h\n'}
[1.843656] (px4_msgs) StdoutLine: {'line': b'-- Up-to-date symlink: /home/maxim/super_ws/install/px4_msgs/include/px4_msgs/px4_msgs/msg/mavlink_tunnel.h\n'}
[1.843727] (px4_msgs) StdoutLine: {'line': b'-- Up-to-date symlink: /home/maxim/super_ws/install/px4_msgs/include/px4_msgs/px4_msgs/msg/message_format_request.h\n'}
[1.843798] (px4_msgs) StdoutLine: {'line': b'-- Up-to-date symlink: /home/maxim/super_ws/install/px4_msgs/include/px4_msgs/px4_msgs/msg/message_format_response.h\n'}
[1.843913] (px4_msgs) StdoutLine: {'line': b'-- Up-to-date symlink: /home/maxim/super_ws/install/px4_msgs/include/px4_msgs/px4_msgs/msg/mission.h\n'}
[1.843975] (px4_msgs) StdoutLine: {'line': b'-- Up-to-date symlink: /home/maxim/super_ws/install/px4_msgs/include/px4_msgs/px4_msgs/msg/mission_result.h\n'}
[1.844058] (px4_msgs) StdoutLine: {'line': b'-- Up-to-date symlink: /home/maxim/super_ws/install/px4_msgs/include/px4_msgs/px4_msgs/msg/mode_completed.h\n'}
[1.844140] (px4_msgs) StdoutLine: {'line': b'-- Up-to-date symlink: /home/maxim/super_ws/install/px4_msgs/include/px4_msgs/px4_msgs/msg/mount_orientation.h\n'}
[1.844201] (px4_msgs) StdoutLine: {'line': b'-- Up-to-date symlink: /home/maxim/super_ws/install/px4_msgs/include/px4_msgs/px4_msgs/msg/navigator_mission_item.h\n'}
[1.844309] (px4_msgs) StdoutLine: {'line': b'-- Up-to-date symlink: /home/maxim/super_ws/install/px4_msgs/include/px4_msgs/px4_msgs/msg/navigator_status.h\n'}
[1.844394] (px4_msgs) StdoutLine: {'line': b'-- Up-to-date symlink: /home/maxim/super_ws/install/px4_msgs/include/px4_msgs/px4_msgs/msg/neural_control.h\n'}
[1.844454] (px4_msgs) StdoutLine: {'line': b'-- Up-to-date symlink: /home/maxim/super_ws/install/px4_msgs/include/px4_msgs/px4_msgs/msg/normalized_unsigned_setpoint.h\n'}
[1.844527] (px4_msgs) StdoutLine: {'line': b'-- Up-to-date symlink: /home/maxim/super_ws/install/px4_msgs/include/px4_msgs/px4_msgs/msg/obstacle_distance.h\n'}
[1.844608] (px4_msgs) StdoutLine: {'line': b'-- Up-to-date symlink: /home/maxim/super_ws/install/px4_msgs/include/px4_msgs/px4_msgs/msg/offboard_control_mode.h\n'}
[1.844674] (px4_msgs) StdoutLine: {'line': b'-- Up-to-date symlink: /home/maxim/super_ws/install/px4_msgs/include/px4_msgs/px4_msgs/msg/onboard_computer_status.h\n'}
[1.844746] (px4_msgs) StdoutLine: {'line': b'-- Up-to-date symlink: /home/maxim/super_ws/install/px4_msgs/include/px4_msgs/px4_msgs/msg/open_drone_id_arm_status.h\n'}
[1.844820] (px4_msgs) StdoutLine: {'line': b'-- Up-to-date symlink: /home/maxim/super_ws/install/px4_msgs/include/px4_msgs/px4_msgs/msg/open_drone_id_operator_id.h\n'}
[1.844892] (px4_msgs) StdoutLine: {'line': b'-- Up-to-date symlink: /home/maxim/super_ws/install/px4_msgs/include/px4_msgs/px4_msgs/msg/open_drone_id_self_id.h\n'}
[1.844962] (px4_msgs) StdoutLine: {'line': b'-- Up-to-date symlink: /home/maxim/super_ws/install/px4_msgs/include/px4_msgs/px4_msgs/msg/open_drone_id_system.h\n'}
[1.845043] (px4_msgs) StdoutLine: {'line': b'-- Up-to-date symlink: /home/maxim/super_ws/install/px4_msgs/include/px4_msgs/px4_msgs/msg/orb_test.h\n'}
[1.845105] (px4_msgs) StdoutLine: {'line': b'-- Up-to-date symlink: /home/maxim/super_ws/install/px4_msgs/include/px4_msgs/px4_msgs/msg/orb_test_large.h\n'}
[1.845174] (px4_msgs) StdoutLine: {'line': b'-- Up-to-date symlink: /home/maxim/super_ws/install/px4_msgs/include/px4_msgs/px4_msgs/msg/orb_test_medium.h\n'}
[1.845243] (px4_msgs) StdoutLine: {'line': b'-- Up-to-date symlink: /home/maxim/super_ws/install/px4_msgs/include/px4_msgs/px4_msgs/msg/orbit_status.h\n'}
[1.845314] (px4_msgs) StdoutLine: {'line': b'-- Up-to-date symlink: /home/maxim/super_ws/install/px4_msgs/include/px4_msgs/px4_msgs/msg/parameter_reset_request.h\n'}
[1.845383] (px4_msgs) StdoutLine: {'line': b'-- Up-to-date symlink: /home/maxim/super_ws/install/px4_msgs/include/px4_msgs/px4_msgs/msg/parameter_set_used_request.h\n'}
[1.845456] (px4_msgs) StdoutLine: {'line': b'-- Up-to-date symlink: /home/maxim/super_ws/install/px4_msgs/include/px4_msgs/px4_msgs/msg/parameter_set_value_request.h\n'}
[1.845533] (px4_msgs) StdoutLine: {'line': b'-- Up-to-date symlink: /home/maxim/super_ws/install/px4_msgs/include/px4_msgs/px4_msgs/msg/parameter_set_value_response.h\n'}
[1.845607] (px4_msgs) StdoutLine: {'line': b'-- Up-to-date symlink: /home/maxim/super_ws/install/px4_msgs/include/px4_msgs/px4_msgs/msg/parameter_update.h\n'}
[1.845686] (px4_msgs) StdoutLine: {'line': b'-- Up-to-date symlink: /home/maxim/super_ws/install/px4_msgs/include/px4_msgs/px4_msgs/msg/ping.h\n'}
[1.845768] (px4_msgs) StdoutLine: {'line': b'-- Up-to-date symlink: /home/maxim/super_ws/install/px4_msgs/include/px4_msgs/px4_msgs/msg/position_controller_landing_status.h\n'}
[1.845852] (px4_msgs) StdoutLine: {'line': b'-- Up-to-date symlink: /home/maxim/super_ws/install/px4_msgs/include/px4_msgs/px4_msgs/msg/position_controller_status.h\n'}
[1.845930] (px4_msgs) StdoutLine: {'line': b'-- Up-to-date symlink: /home/maxim/super_ws/install/px4_msgs/include/px4_msgs/px4_msgs/msg/position_setpoint.h\n'}
[1.846011] (px4_msgs) StdoutLine: {'line': b'-- Up-to-date symlink: /home/maxim/super_ws/install/px4_msgs/include/px4_msgs/px4_msgs/msg/position_setpoint_triplet.h\n'}
[1.846087] (px4_msgs) StdoutLine: {'line': b'-- Up-to-date symlink: /home/maxim/super_ws/install/px4_msgs/include/px4_msgs/px4_msgs/msg/power_button_state.h\n'}
[1.846159] (px4_msgs) StdoutLine: {'line': b'-- Up-to-date symlink: /home/maxim/super_ws/install/px4_msgs/include/px4_msgs/px4_msgs/msg/power_monitor.h\n'}
[1.846236] (px4_msgs) StdoutLine: {'line': b'-- Up-to-date symlink: /home/maxim/super_ws/install/px4_msgs/include/px4_msgs/px4_msgs/msg/pps_capture.h\n'}
[1.846309] (px4_msgs) StdoutLine: {'line': b'-- Up-to-date symlink: /home/maxim/super_ws/install/px4_msgs/include/px4_msgs/px4_msgs/msg/prec_land_status.h\n'}
[1.846380] (px4_msgs) StdoutLine: {'line': b'-- Up-to-date symlink: /home/maxim/super_ws/install/px4_msgs/include/px4_msgs/px4_msgs/msg/pure_pursuit_status.h\n'}
[1.846451] (px4_msgs) StdoutLine: {'line': b'-- Up-to-date symlink: /home/maxim/super_ws/install/px4_msgs/include/px4_msgs/px4_msgs/msg/pwm_input.h\n'}
[1.846521] (px4_msgs) StdoutLine: {'line': b'-- Up-to-date symlink: /home/maxim/super_ws/install/px4_msgs/include/px4_msgs/px4_msgs/msg/px4io_status.h\n'}
[1.846596] (px4_msgs) StdoutLine: {'line': b'-- Up-to-date symlink: /home/maxim/super_ws/install/px4_msgs/include/px4_msgs/px4_msgs/msg/qshell_req.h\n'}
[1.846674] (px4_msgs) StdoutLine: {'line': b'-- Up-to-date symlink: /home/maxim/super_ws/install/px4_msgs/include/px4_msgs/px4_msgs/msg/qshell_retval.h\n'}
[1.846745] (px4_msgs) StdoutLine: {'line': b'-- Up-to-date symlink: /home/maxim/super_ws/install/px4_msgs/include/px4_msgs/px4_msgs/msg/radio_status.h\n'}
[1.846817] (px4_msgs) StdoutLine: {'line': b'-- Up-to-date symlink: /home/maxim/super_ws/install/px4_msgs/include/px4_msgs/px4_msgs/msg/ranging_beacon.h\n'}
[1.846889] (px4_msgs) StdoutLine: {'line': b'-- Up-to-date symlink: /home/maxim/super_ws/install/px4_msgs/include/px4_msgs/px4_msgs/msg/raptor_input.h\n'}
[1.846960] (px4_msgs) StdoutLine: {'line': b'-- Up-to-date symlink: /home/maxim/super_ws/install/px4_msgs/include/px4_msgs/px4_msgs/msg/raptor_status.h\n'}
[1.847030] (px4_msgs) StdoutLine: {'line': b'-- Up-to-date symlink: /home/maxim/super_ws/install/px4_msgs/include/px4_msgs/px4_msgs/msg/rate_ctrl_status.h\n'}
[1.847100] (px4_msgs) StdoutLine: {'line': b'-- Up-to-date symlink: /home/maxim/super_ws/install/px4_msgs/include/px4_msgs/px4_msgs/msg/rc_channels.h\n'}
[1.847173] (px4_msgs) StdoutLine: {'line': b'-- Up-to-date symlink: /home/maxim/super_ws/install/px4_msgs/include/px4_msgs/px4_msgs/msg/rc_parameter_map.h\n'}
[1.847248] (px4_msgs) StdoutLine: {'line': b'-- Up-to-date symlink: /home/maxim/super_ws/install/px4_msgs/include/px4_msgs/px4_msgs/msg/register_ext_component_reply.h\n'}
[1.847322] (px4_msgs) StdoutLine: {'line': b'-- Up-to-date symlink: /home/maxim/super_ws/install/px4_msgs/include/px4_msgs/px4_msgs/msg/register_ext_component_request.h\n'}
[1.847396] (px4_msgs) StdoutLine: {'line': b'-- Up-to-date symlink: /home/maxim/super_ws/install/px4_msgs/include/px4_msgs/px4_msgs/msg/rosidl_generator_c__visibility_control.h\n'}
[1.847465] (px4_msgs) StdoutLine: {'line': b'-- Up-to-date symlink: /home/maxim/super_ws/install/px4_msgs/include/px4_msgs/px4_msgs/msg/rover_attitude_setpoint.h\n'}
[1.847537] (px4_msgs) StdoutLine: {'line': b'-- Up-to-date symlink: /home/maxim/super_ws/install/px4_msgs/include/px4_msgs/px4_msgs/msg/rover_attitude_status.h\n'}
[1.847622] (px4_msgs) StdoutLine: {'line': b'-- Up-to-date symlink: /home/maxim/super_ws/install/px4_msgs/include/px4_msgs/px4_msgs/msg/rover_position_setpoint.h\n'}
[1.847731] (px4_msgs) StdoutLine: {'line': b'-- Up-to-date symlink: /home/maxim/super_ws/install/px4_msgs/include/px4_msgs/px4_msgs/msg/rover_rate_setpoint.h\n'}
[1.847840] (px4_msgs) StdoutLine: {'line': b'-- Up-to-date symlink: /home/maxim/super_ws/install/px4_msgs/include/px4_msgs/px4_msgs/msg/rover_rate_status.h\n'}
[1.847923] (px4_msgs) StdoutLine: {'line': b'-- Up-to-date symlink: /home/maxim/super_ws/install/px4_msgs/include/px4_msgs/px4_msgs/msg/rover_speed_setpoint.h\n'}
[1.848012] (px4_msgs) StdoutLine: {'line': b'-- Up-to-date symlink: /home/maxim/super_ws/install/px4_msgs/include/px4_msgs/px4_msgs/msg/rover_speed_status.h\n'}
[1.848095] (px4_msgs) StdoutLine: {'line': b'-- Up-to-date symlink: /home/maxim/super_ws/install/px4_msgs/include/px4_msgs/px4_msgs/msg/rover_steering_setpoint.h\n'}
[1.848177] (px4_msgs) StdoutLine: {'line': b'-- Up-to-date symlink: /home/maxim/super_ws/install/px4_msgs/include/px4_msgs/px4_msgs/msg/rover_throttle_setpoint.h\n'}
[1.848235] (px4_msgs) StdoutLine: {'line': b'-- Up-to-date symlink: /home/maxim/super_ws/install/px4_msgs/include/px4_msgs/px4_msgs/msg/rpm.h\n'}
[1.848312] (px4_msgs) StdoutLine: {'line': b'-- Up-to-date symlink: /home/maxim/super_ws/install/px4_msgs/include/px4_msgs/px4_msgs/msg/rtl_status.h\n'}
[1.848382] (px4_msgs) StdoutLine: {'line': b'-- Up-to-date symlink: /home/maxim/super_ws/install/px4_msgs/include/px4_msgs/px4_msgs/msg/rtl_time_estimate.h\n'}
[1.848460] (px4_msgs) StdoutLine: {'line': b'-- Up-to-date symlink: /home/maxim/super_ws/install/px4_msgs/include/px4_msgs/px4_msgs/msg/satellite_info.h\n'}
[1.848523] (px4_msgs) StdoutLine: {'line': b'-- Up-to-date symlink: /home/maxim/super_ws/install/px4_msgs/include/px4_msgs/px4_msgs/msg/sensor_accel.h\n'}
[1.848593] (px4_msgs) StdoutLine: {'line': b'-- Up-to-date symlink: /home/maxim/super_ws/install/px4_msgs/include/px4_msgs/px4_msgs/msg/sensor_accel_fifo.h\n'}
[1.848671] (px4_msgs) StdoutLine: {'line': b'-- Up-to-date symlink: /home/maxim/super_ws/install/px4_msgs/include/px4_msgs/px4_msgs/msg/sensor_airflow.h\n'}
[1.848747] (px4_msgs) StdoutLine: {'line': b'-- Up-to-date symlink: /home/maxim/super_ws/install/px4_msgs/include/px4_msgs/px4_msgs/msg/sensor_baro.h\n'}
[1.848820] (px4_msgs) StdoutLine: {'line': b'-- Up-to-date symlink: /home/maxim/super_ws/install/px4_msgs/include/px4_msgs/px4_msgs/msg/sensor_combined.h\n'}
[1.848889] (px4_msgs) StdoutLine: {'line': b'-- Up-to-date symlink: /home/maxim/super_ws/install/px4_msgs/include/px4_msgs/px4_msgs/msg/sensor_correction.h\n'}
[1.848960] (px4_msgs) StdoutLine: {'line': b'-- Up-to-date symlink: /home/maxim/super_ws/install/px4_msgs/include/px4_msgs/px4_msgs/msg/sensor_gnss_relative.h\n'}
[1.849030] (px4_msgs) StdoutLine: {'line': b'-- Up-to-date symlink: /home/maxim/super_ws/install/px4_msgs/include/px4_msgs/px4_msgs/msg/sensor_gnss_status.h\n'}
[1.849099] (px4_msgs) StdoutLine: {'line': b'-- Up-to-date symlink: /home/maxim/super_ws/install/px4_msgs/include/px4_msgs/px4_msgs/msg/sensor_gps.h\n'}
[1.849169] (px4_msgs) StdoutLine: {'line': b'-- Up-to-date symlink: /home/maxim/super_ws/install/px4_msgs/include/px4_msgs/px4_msgs/msg/sensor_gyro.h\n'}
[1.849238] (px4_msgs) StdoutLine: {'line': b'-- Up-to-date symlink: /home/maxim/super_ws/install/px4_msgs/include/px4_msgs/px4_msgs/msg/sensor_gyro_fft.h\n'}
[1.849310] (px4_msgs) StdoutLine: {'line': b'-- Up-to-date symlink: /home/maxim/super_ws/install/px4_msgs/include/px4_msgs/px4_msgs/msg/sensor_gyro_fifo.h\n'}
[1.849386] (px4_msgs) StdoutLine: {'line': b'-- Up-to-date symlink: /home/maxim/super_ws/install/px4_msgs/include/px4_msgs/px4_msgs/msg/sensor_hygrometer.h\n'}
[1.849459] (px4_msgs) StdoutLine: {'line': b'-- Up-to-date symlink: /home/maxim/super_ws/install/px4_msgs/include/px4_msgs/px4_msgs/msg/sensor_mag.h\n'}
[1.849535] (px4_msgs) StdoutLine: {'line': b'-- Up-to-date symlink: /home/maxim/super_ws/install/px4_msgs/include/px4_msgs/px4_msgs/msg/sensor_optical_flow.h\n'}
[1.849605] (px4_msgs) StdoutLine: {'line': b'-- Up-to-date symlink: /home/maxim/super_ws/install/px4_msgs/include/px4_msgs/px4_msgs/msg/sensor_preflight_mag.h\n'}
[1.849685] (px4_msgs) StdoutLine: {'line': b'-- Up-to-date symlink: /home/maxim/super_ws/install/px4_msgs/include/px4_msgs/px4_msgs/msg/sensor_selection.h\n'}
[1.849757] (px4_msgs) StdoutLine: {'line': b'-- Up-to-date symlink: /home/maxim/super_ws/install/px4_msgs/include/px4_msgs/px4_msgs/msg/sensor_temp.h\n'}
[1.849828] (px4_msgs) StdoutLine: {'line': b'-- Up-to-date symlink: /home/maxim/super_ws/install/px4_msgs/include/px4_msgs/px4_msgs/msg/sensor_uwb.h\n'}
[1.849896] (px4_msgs) StdoutLine: {'line': b'-- Up-to-date symlink: /home/maxim/super_ws/install/px4_msgs/include/px4_msgs/px4_msgs/msg/sensors_status.h\n'}
[1.849967] (px4_msgs) StdoutLine: {'line': b'-- Up-to-date symlink: /home/maxim/super_ws/install/px4_msgs/include/px4_msgs/px4_msgs/msg/sensors_status_imu.h\n'}
[1.850041] (px4_msgs) StdoutLine: {'line': b'-- Up-to-date symlink: /home/maxim/super_ws/install/px4_msgs/include/px4_msgs/px4_msgs/msg/system_power.h\n'}
[1.850118] (px4_msgs) StdoutLine: {'line': b'-- Up-to-date symlink: /home/maxim/super_ws/install/px4_msgs/include/px4_msgs/px4_msgs/msg/takeoff_status.h\n'}
[1.850188] (px4_msgs) StdoutLine: {'line': b'-- Up-to-date symlink: /home/maxim/super_ws/install/px4_msgs/include/px4_msgs/px4_msgs/msg/target_gnss.h\n'}
[1.850260] (px4_msgs) StdoutLine: {'line': b'-- Up-to-date symlink: /home/maxim/super_ws/install/px4_msgs/include/px4_msgs/px4_msgs/msg/task_stack_info.h\n'}
[1.850364] (px4_msgs) StdoutLine: {'line': b'-- Up-to-date symlink: /home/maxim/super_ws/install/px4_msgs/include/px4_msgs/px4_msgs/msg/tecs_status.h\n'}
[1.850437] (px4_msgs) StdoutLine: {'line': b'-- Up-to-date symlink: /home/maxim/super_ws/install/px4_msgs/include/px4_msgs/px4_msgs/msg/telemetry_status.h\n'}
[1.850509] (px4_msgs) StdoutLine: {'line': b'-- Up-to-date symlink: /home/maxim/super_ws/install/px4_msgs/include/px4_msgs/px4_msgs/msg/tiltrotor_extra_controls.h\n'}
[1.850583] (px4_msgs) StdoutLine: {'line': b'-- Up-to-date symlink: /home/maxim/super_ws/install/px4_msgs/include/px4_msgs/px4_msgs/msg/timesync_status.h\n'}
[1.850659] (px4_msgs) StdoutLine: {'line': b'-- Up-to-date symlink: /home/maxim/super_ws/install/px4_msgs/include/px4_msgs/px4_msgs/msg/trajectory_setpoint.h\n'}
[1.850732] (px4_msgs) StdoutLine: {'line': b'-- Up-to-date symlink: /home/maxim/super_ws/install/px4_msgs/include/px4_msgs/px4_msgs/msg/trajectory_setpoint6dof.h\n'}
[1.850802] (px4_msgs) StdoutLine: {'line': b'-- Up-to-date symlink: /home/maxim/super_ws/install/px4_msgs/include/px4_msgs/px4_msgs/msg/transponder_report.h\n'}
[1.850874] (px4_msgs) StdoutLine: {'line': b'-- Up-to-date symlink: /home/maxim/super_ws/install/px4_msgs/include/px4_msgs/px4_msgs/msg/tune_control.h\n'}
[1.850948] (px4_msgs) StdoutLine: {'line': b'-- Up-to-date symlink: /home/maxim/super_ws/install/px4_msgs/include/px4_msgs/px4_msgs/msg/uavcan_parameter_request.h\n'}
[1.851023] (px4_msgs) StdoutLine: {'line': b'-- Up-to-date symlink: /home/maxim/super_ws/install/px4_msgs/include/px4_msgs/px4_msgs/msg/uavcan_parameter_value.h\n'}
[1.851094] (px4_msgs) StdoutLine: {'line': b'-- Up-to-date symlink: /home/maxim/super_ws/install/px4_msgs/include/px4_msgs/px4_msgs/msg/ulog_stream.h\n'}
[1.851170] (px4_msgs) StdoutLine: {'line': b'-- Up-to-date symlink: /home/maxim/super_ws/install/px4_msgs/include/px4_msgs/px4_msgs/msg/ulog_stream_ack.h\n'}
[1.851244] (px4_msgs) StdoutLine: {'line': b'-- Up-to-date symlink: /home/maxim/super_ws/install/px4_msgs/include/px4_msgs/px4_msgs/msg/unregister_ext_component.h\n'}
[1.851318] (px4_msgs) StdoutLine: {'line': b'-- Up-to-date symlink: /home/maxim/super_ws/install/px4_msgs/include/px4_msgs/px4_msgs/msg/vehicle_acceleration.h\n'}
[1.851424] (px4_msgs) StdoutLine: {'line': b'-- Up-to-date symlink: /home/maxim/super_ws/install/px4_msgs/include/px4_msgs/px4_msgs/msg/vehicle_air_data.h\n'}
[1.851507] (px4_msgs) StdoutLine: {'line': b'-- Up-to-date symlink: /home/maxim/super_ws/install/px4_msgs/include/px4_msgs/px4_msgs/msg/vehicle_angular_acceleration_setpoint.h\n'}
[1.851584] (px4_msgs) StdoutLine: {'line': b'-- Up-to-date symlink: /home/maxim/super_ws/install/px4_msgs/include/px4_msgs/px4_msgs/msg/vehicle_angular_velocity.h\n'}
[1.851665] (px4_msgs) StdoutLine: {'line': b'-- Up-to-date symlink: /home/maxim/super_ws/install/px4_msgs/include/px4_msgs/px4_msgs/msg/vehicle_attitude.h\n'}
[1.851741] (px4_msgs) StdoutLine: {'line': b'-- Up-to-date symlink: /home/maxim/super_ws/install/px4_msgs/include/px4_msgs/px4_msgs/msg/vehicle_attitude_setpoint.h\n'}
[1.851811] (px4_msgs) StdoutLine: {'line': b'-- Up-to-date symlink: /home/maxim/super_ws/install/px4_msgs/include/px4_msgs/px4_msgs/msg/vehicle_command.h\n'}
[1.851882] (px4_msgs) StdoutLine: {'line': b'-- Up-to-date symlink: /home/maxim/super_ws/install/px4_msgs/include/px4_msgs/px4_msgs/msg/vehicle_command_ack.h\n'}
[1.851957] (px4_msgs) StdoutLine: {'line': b'-- Up-to-date symlink: /home/maxim/super_ws/install/px4_msgs/include/px4_msgs/px4_msgs/msg/vehicle_constraints.h\n'}
[1.852029] (px4_msgs) StdoutLine: {'line': b'-- Up-to-date symlink: /home/maxim/super_ws/install/px4_msgs/include/px4_msgs/px4_msgs/msg/vehicle_control_mode.h\n'}
[1.852101] (px4_msgs) StdoutLine: {'line': b'-- Up-to-date symlink: /home/maxim/super_ws/install/px4_msgs/include/px4_msgs/px4_msgs/msg/vehicle_global_position.h\n'}
[1.852171] (px4_msgs) StdoutLine: {'line': b'-- Up-to-date symlink: /home/maxim/super_ws/install/px4_msgs/include/px4_msgs/px4_msgs/msg/vehicle_imu.h\n'}
[1.852241] (px4_msgs) StdoutLine: {'line': b'-- Up-to-date symlink: /home/maxim/super_ws/install/px4_msgs/include/px4_msgs/px4_msgs/msg/vehicle_imu_status.h\n'}
[1.852308] (px4_msgs) StdoutLine: {'line': b'-- Up-to-date symlink: /home/maxim/super_ws/install/px4_msgs/include/px4_msgs/px4_msgs/msg/vehicle_land_detected.h\n'}
[1.852379] (px4_msgs) StdoutLine: {'line': b'-- Up-to-date symlink: /home/maxim/super_ws/install/px4_msgs/include/px4_msgs/px4_msgs/msg/vehicle_local_position.h\n'}
[1.852496] (px4_msgs) StdoutLine: {'line': b'-- Up-to-date symlink: /home/maxim/super_ws/install/px4_msgs/include/px4_msgs/px4_msgs/msg/vehicle_local_position_setpoint.h\n'}
[1.852571] (px4_msgs) StdoutLine: {'line': b'-- Up-to-date symlink: /home/maxim/super_ws/install/px4_msgs/include/px4_msgs/px4_msgs/msg/vehicle_magnetometer.h\n'}
[1.852648] (px4_msgs) StdoutLine: {'line': b'-- Up-to-date symlink: /home/maxim/super_ws/install/px4_msgs/include/px4_msgs/px4_msgs/msg/vehicle_odometry.h\n'}
[1.852719] (px4_msgs) StdoutLine: {'line': b'-- Up-to-date symlink: /home/maxim/super_ws/install/px4_msgs/include/px4_msgs/px4_msgs/msg/vehicle_optical_flow.h\n'}
[1.852792] (px4_msgs) StdoutLine: {'line': b'-- Up-to-date symlink: /home/maxim/super_ws/install/px4_msgs/include/px4_msgs/px4_msgs/msg/vehicle_optical_flow_vel.h\n'}
[1.852863] (px4_msgs) StdoutLine: {'line': b'-- Up-to-date symlink: /home/maxim/super_ws/install/px4_msgs/include/px4_msgs/px4_msgs/msg/vehicle_rates_setpoint.h\n'}
[1.852934] (px4_msgs) StdoutLine: {'line': b'-- Up-to-date symlink: /home/maxim/super_ws/install/px4_msgs/include/px4_msgs/px4_msgs/msg/vehicle_roi.h\n'}
[1.853003] (px4_msgs) StdoutLine: {'line': b'-- Up-to-date symlink: /home/maxim/super_ws/install/px4_msgs/include/px4_msgs/px4_msgs/msg/vehicle_status.h\n'}
[1.853072] (px4_msgs) StdoutLine: {'line': b'-- Up-to-date symlink: /home/maxim/super_ws/install/px4_msgs/include/px4_msgs/px4_msgs/msg/vehicle_thrust_setpoint.h\n'}
[1.853147] (px4_msgs) StdoutLine: {'line': b'-- Up-to-date symlink: /home/maxim/super_ws/install/px4_msgs/include/px4_msgs/px4_msgs/msg/vehicle_torque_setpoint.h\n'}
[1.853217] (px4_msgs) StdoutLine: {'line': b'-- Up-to-date symlink: /home/maxim/super_ws/install/px4_msgs/include/px4_msgs/px4_msgs/msg/velocity_limits.h\n'}
[1.853290] (px4_msgs) StdoutLine: {'line': b'-- Up-to-date symlink: /home/maxim/super_ws/install/px4_msgs/include/px4_msgs/px4_msgs/msg/vte_aid_source1d.h\n'}
[1.853394] (px4_msgs) StdoutLine: {'line': b'-- Up-to-date symlink: /home/maxim/super_ws/install/px4_msgs/include/px4_msgs/px4_msgs/msg/vte_aid_source3d.h\n'}
[1.853471] (px4_msgs) StdoutLine: {'line': b'-- Up-to-date symlink: /home/maxim/super_ws/install/px4_msgs/include/px4_msgs/px4_msgs/msg/vte_bias_init_status.h\n'}
[1.853550] (px4_msgs) StdoutLine: {'line': b'-- Up-to-date symlink: /home/maxim/super_ws/install/px4_msgs/include/px4_msgs/px4_msgs/msg/vte_input.h\n'}
[1.853626] (px4_msgs) StdoutLine: {'line': b'-- Up-to-date symlink: /home/maxim/super_ws/install/px4_msgs/include/px4_msgs/px4_msgs/msg/vte_orientation.h\n'}
[1.853704] (px4_msgs) StdoutLine: {'line': b'-- Up-to-date symlink: /home/maxim/super_ws/install/px4_msgs/include/px4_msgs/px4_msgs/msg/vte_position.h\n'}
[1.853774] (px4_msgs) StdoutLine: {'line': b'-- Up-to-date symlink: /home/maxim/super_ws/install/px4_msgs/include/px4_msgs/px4_msgs/msg/vtol_vehicle_status.h\n'}
[1.853845] (px4_msgs) StdoutLine: {'line': b'-- Up-to-date symlink: /home/maxim/super_ws/install/px4_msgs/include/px4_msgs/px4_msgs/msg/vtx.h\n'}
[1.853920] (px4_msgs) StdoutLine: {'line': b'-- Up-to-date symlink: /home/maxim/super_ws/install/px4_msgs/include/px4_msgs/px4_msgs/msg/wheel_encoders.h\n'}
[1.853993] (px4_msgs) StdoutLine: {'line': b'-- Up-to-date symlink: /home/maxim/super_ws/install/px4_msgs/include/px4_msgs/px4_msgs/msg/wind.h\n'}
[1.854065] (px4_msgs) StdoutLine: {'line': b'-- Up-to-date symlink: /home/maxim/super_ws/install/px4_msgs/include/px4_msgs/px4_msgs/msg/yaw_estimator_status.h\n'}
[1.854137] (px4_msgs) StdoutLine: {'line': b'-- Up-to-date symlink: /home/maxim/super_ws/install/px4_msgs/include/px4_msgs/px4_msgs/srv/detail/vehicle_command__functions.h\n'}
[1.854210] (px4_msgs) StdoutLine: {'line': b'-- Up-to-date symlink: /home/maxim/super_ws/install/px4_msgs/include/px4_msgs/px4_msgs/srv/detail/vehicle_command__struct.h\n'}
[1.854281] (px4_msgs) StdoutLine: {'line': b'-- Up-to-date symlink: /home/maxim/super_ws/install/px4_msgs/include/px4_msgs/px4_msgs/srv/detail/vehicle_command__type_support.h\n'}
[1.854354] (px4_msgs) StdoutLine: {'line': b'-- Up-to-date symlink: /home/maxim/super_ws/install/px4_msgs/include/px4_msgs/px4_msgs/srv/vehicle_command.h\n'}
[1.854537] (px4_msgs) StdoutLine: {'line': b'-- Up-to-date symlink: /home/maxim/super_ws/install/px4_msgs/share/px4_msgs/environment/library_path.sh\n'}
[1.854658] (px4_msgs) StdoutLine: {'line': b'-- Up-to-date symlink: /home/maxim/super_ws/install/px4_msgs/share/px4_msgs/environment/library_path.dsv\n'}
[1.859835] (px4_msgs) StdoutLine: {'line': b'-- Up-to-date symlink: /home/maxim/super_ws/install/px4_msgs/include/px4_msgs/px4_msgs/msg/detail/action_request__rosidl_typesupport_fastrtps_c.h\n'}
[1.860009] (px4_msgs) StdoutLine: {'line': b'-- Up-to-date symlink: /home/maxim/super_ws/install/px4_msgs/include/px4_msgs/px4_msgs/msg/detail/actuator_armed__rosidl_typesupport_fastrtps_c.h\n'}
[1.860097] (px4_msgs) StdoutLine: {'line': b'-- Up-to-date symlink: /home/maxim/super_ws/install/px4_msgs/include/px4_msgs/px4_msgs/msg/detail/actuator_controls_status__rosidl_typesupport_fastrtps_c.h\n'}
[1.860222] (px4_msgs) StdoutLine: {'line': b'-- Up-to-date symlink: /home/maxim/super_ws/install/px4_msgs/include/px4_msgs/px4_msgs/msg/detail/actuator_motors__rosidl_typesupport_fastrtps_c.h\n'}
[1.860321] (px4_msgs) StdoutLine: {'line': b'-- Up-to-date symlink: /home/maxim/super_ws/install/px4_msgs/include/px4_msgs/px4_msgs/msg/detail/actuator_outputs__rosidl_typesupport_fastrtps_c.h\n'}
[1.860401] (px4_msgs) StdoutLine: {'line': b'-- Up-to-date symlink: /home/maxim/super_ws/install/px4_msgs/include/px4_msgs/px4_msgs/msg/detail/actuator_servos__rosidl_typesupport_fastrtps_c.h\n'}
[1.860486] (px4_msgs) StdoutLine: {'line': b'-- Up-to-date symlink: /home/maxim/super_ws/install/px4_msgs/include/px4_msgs/px4_msgs/msg/detail/actuator_servos_trim__rosidl_typesupport_fastrtps_c.h\n'}
[1.860553] (px4_msgs) StdoutLine: {'line': b'-- Up-to-date symlink: /home/maxim/super_ws/install/px4_msgs/include/px4_msgs/px4_msgs/msg/detail/actuator_test__rosidl_typesupport_fastrtps_c.h\n'}
[1.860641] (px4_msgs) StdoutLine: {'line': b'-- Up-to-date symlink: /home/maxim/super_ws/install/px4_msgs/include/px4_msgs/px4_msgs/msg/detail/adc_report__rosidl_typesupport_fastrtps_c.h\n'}
[1.860703] (px4_msgs) StdoutLine: {'line': b'-- Up-to-date symlink: /home/maxim/super_ws/install/px4_msgs/include/px4_msgs/px4_msgs/msg/detail/airspeed__rosidl_typesupport_fastrtps_c.h\n'}
[1.860775] (px4_msgs) StdoutLine: {'line': b'-- Up-to-date symlink: /home/maxim/super_ws/install/px4_msgs/include/px4_msgs/px4_msgs/msg/detail/airspeed_validated__rosidl_typesupport_fastrtps_c.h\n'}
[1.860846] (px4_msgs) StdoutLine: {'line': b'-- Up-to-date symlink: /home/maxim/super_ws/install/px4_msgs/include/px4_msgs/px4_msgs/msg/detail/airspeed_wind__rosidl_typesupport_fastrtps_c.h\n'}
[1.860916] (px4_msgs) StdoutLine: {'line': b'-- Up-to-date symlink: /home/maxim/super_ws/install/px4_msgs/include/px4_msgs/px4_msgs/msg/detail/arming_check_reply__rosidl_typesupport_fastrtps_c.h\n'}
[1.860993] (px4_msgs) StdoutLine: {'line': b'-- Up-to-date symlink: /home/maxim/super_ws/install/px4_msgs/include/px4_msgs/px4_msgs/msg/detail/arming_check_request__rosidl_typesupport_fastrtps_c.h\n'}
[1.861071] (px4_msgs) StdoutLine: {'line': b'-- Up-to-date symlink: /home/maxim/super_ws/install/px4_msgs/include/px4_msgs/px4_msgs/msg/detail/autotune_attitude_control_status__rosidl_typesupport_fastrtps_c.h\n'}
[1.861142] (px4_msgs) StdoutLine: {'line': b'-- Up-to-date symlink: /home/maxim/super_ws/install/px4_msgs/include/px4_msgs/px4_msgs/msg/detail/aux_global_position__rosidl_typesupport_fastrtps_c.h\n'}
[1.861203] (px4_msgs) StdoutLine: {'line': b'-- Up-to-date symlink: /home/maxim/super_ws/install/px4_msgs/include/px4_msgs/px4_msgs/msg/detail/battery_info__rosidl_typesupport_fastrtps_c.h\n'}
[1.861289] (px4_msgs) StdoutLine: {'line': b'-- Up-to-date symlink: /home/maxim/super_ws/install/px4_msgs/include/px4_msgs/px4_msgs/msg/detail/battery_status__rosidl_typesupport_fastrtps_c.h\n'}
[1.861353] (px4_msgs) StdoutLine: {'line': b'-- Up-to-date symlink: /home/maxim/super_ws/install/px4_msgs/include/px4_msgs/px4_msgs/msg/detail/button_event__rosidl_typesupport_fastrtps_c.h\n'}
[1.861435] (px4_msgs) StdoutLine: {'line': b'-- Up-to-date symlink: /home/maxim/super_ws/install/px4_msgs/include/px4_msgs/px4_msgs/msg/detail/camera_capture__rosidl_typesupport_fastrtps_c.h\n'}
[1.861498] (px4_msgs) StdoutLine: {'line': b'-- Up-to-date symlink: /home/maxim/super_ws/install/px4_msgs/include/px4_msgs/px4_msgs/msg/detail/camera_status__rosidl_typesupport_fastrtps_c.h\n'}
[1.861582] (px4_msgs) StdoutLine: {'line': b'-- Up-to-date symlink: /home/maxim/super_ws/install/px4_msgs/include/px4_msgs/px4_msgs/msg/detail/camera_trigger__rosidl_typesupport_fastrtps_c.h\n'}
[1.861663] (px4_msgs) StdoutLine: {'line': b'-- Up-to-date symlink: /home/maxim/super_ws/install/px4_msgs/include/px4_msgs/px4_msgs/msg/detail/can_interface_status__rosidl_typesupport_fastrtps_c.h\n'}
[1.861724] (px4_msgs) StdoutLine: {'line': b'-- Up-to-date symlink: /home/maxim/super_ws/install/px4_msgs/include/px4_msgs/px4_msgs/msg/detail/cellular_status__rosidl_typesupport_fastrtps_c.h\n'}
[1.861826] (px4_msgs) StdoutLine: {'line': b'-- Up-to-date symlink: /home/maxim/super_ws/install/px4_msgs/include/px4_msgs/px4_msgs/msg/detail/collision_constraints__rosidl_typesupport_fastrtps_c.h\n'}
[1.861915] (px4_msgs) StdoutLine: {'line': b'-- Up-to-date symlink: /home/maxim/super_ws/install/px4_msgs/include/px4_msgs/px4_msgs/msg/detail/config_overrides__rosidl_typesupport_fastrtps_c.h\n'}
[1.861992] (px4_msgs) StdoutLine: {'line': b'-- Up-to-date symlink: /home/maxim/super_ws/install/px4_msgs/include/px4_msgs/px4_msgs/msg/detail/control_allocator_status__rosidl_typesupport_fastrtps_c.h\n'}
[1.862072] (px4_msgs) StdoutLine: {'line': b'-- Up-to-date symlink: /home/maxim/super_ws/install/px4_msgs/include/px4_msgs/px4_msgs/msg/detail/cpuload__rosidl_typesupport_fastrtps_c.h\n'}
[1.862145] (px4_msgs) StdoutLine: {'line': b'-- Up-to-date symlink: /home/maxim/super_ws/install/px4_msgs/include/px4_msgs/px4_msgs/msg/detail/dataman_request__rosidl_typesupport_fastrtps_c.h\n'}
[1.862207] (px4_msgs) StdoutLine: {'line': b'-- Up-to-date symlink: /home/maxim/super_ws/install/px4_msgs/include/px4_msgs/px4_msgs/msg/detail/dataman_response__rosidl_typesupport_fastrtps_c.h\n'}
[1.862281] (px4_msgs) StdoutLine: {'line': b'-- Up-to-date symlink: /home/maxim/super_ws/install/px4_msgs/include/px4_msgs/px4_msgs/msg/detail/debug_array__rosidl_typesupport_fastrtps_c.h\n'}
[1.862354] (px4_msgs) StdoutLine: {'line': b'-- Up-to-date symlink: /home/maxim/super_ws/install/px4_msgs/include/px4_msgs/px4_msgs/msg/detail/debug_key_value__rosidl_typesupport_fastrtps_c.h\n'}
[1.862413] (px4_msgs) StdoutLine: {'line': b'-- Up-to-date symlink: /home/maxim/super_ws/install/px4_msgs/include/px4_msgs/px4_msgs/msg/detail/debug_value__rosidl_typesupport_fastrtps_c.h\n'}
[1.862484] (px4_msgs) StdoutLine: {'line': b'-- Up-to-date symlink: /home/maxim/super_ws/install/px4_msgs/include/px4_msgs/px4_msgs/msg/detail/debug_vect__rosidl_typesupport_fastrtps_c.h\n'}
[1.862561] (px4_msgs) StdoutLine: {'line': b'-- Up-to-date symlink: /home/maxim/super_ws/install/px4_msgs/include/px4_msgs/px4_msgs/msg/detail/device_information__rosidl_typesupport_fastrtps_c.h\n'}
[1.862622] (px4_msgs) StdoutLine: {'line': b'-- Up-to-date symlink: /home/maxim/super_ws/install/px4_msgs/include/px4_msgs/px4_msgs/msg/detail/differential_pressure__rosidl_typesupport_fastrtps_c.h\n'}
[1.862700] (px4_msgs) StdoutLine: {'line': b'-- Up-to-date symlink: /home/maxim/super_ws/install/px4_msgs/include/px4_msgs/px4_msgs/msg/detail/distance_sensor__rosidl_typesupport_fastrtps_c.h\n'}
[1.862774] (px4_msgs) StdoutLine: {'line': b'-- Up-to-date symlink: /home/maxim/super_ws/install/px4_msgs/include/px4_msgs/px4_msgs/msg/detail/distance_sensor_mode_change_request__rosidl_typesupport_fastrtps_c.h\n'}
[1.862844] (px4_msgs) StdoutLine: {'line': b'-- Up-to-date symlink: /home/maxim/super_ws/install/px4_msgs/include/px4_msgs/px4_msgs/msg/detail/dronecan_node_status__rosidl_typesupport_fastrtps_c.h\n'}
[1.862911] (px4_msgs) StdoutLine: {'line': b'-- Up-to-date symlink: /home/maxim/super_ws/install/px4_msgs/include/px4_msgs/px4_msgs/msg/detail/ekf2_timestamps__rosidl_typesupport_fastrtps_c.h\n'}
[1.862982] (px4_msgs) StdoutLine: {'line': b'-- Up-to-date symlink: /home/maxim/super_ws/install/px4_msgs/include/px4_msgs/px4_msgs/msg/detail/esc_eeprom_read__rosidl_typesupport_fastrtps_c.h\n'}
[1.863105] (px4_msgs) StdoutLine: {'line': b'-- Up-to-date symlink: /home/maxim/super_ws/install/px4_msgs/include/px4_msgs/px4_msgs/msg/detail/esc_eeprom_write__rosidl_typesupport_fastrtps_c.h\n'}
[1.863181] (px4_msgs) StdoutLine: {'line': b'-- Up-to-date symlink: /home/maxim/super_ws/install/px4_msgs/include/px4_msgs/px4_msgs/msg/detail/esc_report__rosidl_typesupport_fastrtps_c.h\n'}
[1.863253] (px4_msgs) StdoutLine: {'line': b'-- Up-to-date symlink: /home/maxim/super_ws/install/px4_msgs/include/px4_msgs/px4_msgs/msg/detail/esc_status__rosidl_typesupport_fastrtps_c.h\n'}
[1.863324] (px4_msgs) StdoutLine: {'line': b'-- Up-to-date symlink: /home/maxim/super_ws/install/px4_msgs/include/px4_msgs/px4_msgs/msg/detail/estimator_aid_source1d__rosidl_typesupport_fastrtps_c.h\n'}
[1.863396] (px4_msgs) StdoutLine: {'line': b'-- Up-to-date symlink: /home/maxim/super_ws/install/px4_msgs/include/px4_msgs/px4_msgs/msg/detail/estimator_aid_source2d__rosidl_typesupport_fastrtps_c.h\n'}
[1.863495] (px4_msgs) StdoutLine: {'line': b'-- Up-to-date symlink: /home/maxim/super_ws/install/px4_msgs/include/px4_msgs/px4_msgs/msg/detail/estimator_aid_source3d__rosidl_typesupport_fastrtps_c.h\n'}
[1.863580] (px4_msgs) StdoutLine: {'line': b'-- Up-to-date symlink: /home/maxim/super_ws/install/px4_msgs/include/px4_msgs/px4_msgs/msg/detail/estimator_bias3d__rosidl_typesupport_fastrtps_c.h\n'}
[1.863658] (px4_msgs) StdoutLine: {'line': b'-- Up-to-date symlink: /home/maxim/super_ws/install/px4_msgs/include/px4_msgs/px4_msgs/msg/detail/estimator_bias__rosidl_typesupport_fastrtps_c.h\n'}
[1.863734] (px4_msgs) StdoutLine: {'line': b'-- Up-to-date symlink: /home/maxim/super_ws/install/px4_msgs/include/px4_msgs/px4_msgs/msg/detail/estimator_event_flags__rosidl_typesupport_fastrtps_c.h\n'}
[1.863807] (px4_msgs) StdoutLine: {'line': b'-- Up-to-date symlink: /home/maxim/super_ws/install/px4_msgs/include/px4_msgs/px4_msgs/msg/detail/estimator_fusion_control__rosidl_typesupport_fastrtps_c.h\n'}
[1.863877] (px4_msgs) StdoutLine: {'line': b'-- Up-to-date symlink: /home/maxim/super_ws/install/px4_msgs/include/px4_msgs/px4_msgs/msg/detail/estimator_gps_status__rosidl_typesupport_fastrtps_c.h\n'}
[1.863972] (px4_msgs) StdoutLine: {'line': b'-- Up-to-date symlink: /home/maxim/super_ws/install/px4_msgs/include/px4_msgs/px4_msgs/msg/detail/estimator_innovations__rosidl_typesupport_fastrtps_c.h\n'}
[1.864052] (px4_msgs) StdoutLine: {'line': b'-- Up-to-date symlink: /home/maxim/super_ws/install/px4_msgs/include/px4_msgs/px4_msgs/msg/detail/estimator_selector_status__rosidl_typesupport_fastrtps_c.h\n'}
[1.864126] (px4_msgs) StdoutLine: {'line': b'-- Up-to-date symlink: /home/maxim/super_ws/install/px4_msgs/include/px4_msgs/px4_msgs/msg/detail/estimator_sensor_bias__rosidl_typesupport_fastrtps_c.h\n'}
[1.864197] (px4_msgs) StdoutLine: {'line': b'-- Up-to-date symlink: /home/maxim/super_ws/install/px4_msgs/include/px4_msgs/px4_msgs/msg/detail/estimator_states__rosidl_typesupport_fastrtps_c.h\n'}
[1.864269] (px4_msgs) StdoutLine: {'line': b'-- Up-to-date symlink: /home/maxim/super_ws/install/px4_msgs/include/px4_msgs/px4_msgs/msg/detail/estimator_status__rosidl_typesupport_fastrtps_c.h\n'}
[1.864345] (px4_msgs) StdoutLine: {'line': b'-- Up-to-date symlink: /home/maxim/super_ws/install/px4_msgs/include/px4_msgs/px4_msgs/msg/detail/estimator_status_flags__rosidl_typesupport_fastrtps_c.h\n'}
[1.864421] (px4_msgs) StdoutLine: {'line': b'-- Up-to-date symlink: /home/maxim/super_ws/install/px4_msgs/include/px4_msgs/px4_msgs/msg/detail/event__rosidl_typesupport_fastrtps_c.h\n'}
[1.864496] (px4_msgs) StdoutLine: {'line': b'-- Up-to-date symlink: /home/maxim/super_ws/install/px4_msgs/include/px4_msgs/px4_msgs/msg/detail/failsafe_flags__rosidl_typesupport_fastrtps_c.h\n'}
[1.864572] (px4_msgs) StdoutLine: {'line': b'-- Up-to-date symlink: /home/maxim/super_ws/install/px4_msgs/include/px4_msgs/px4_msgs/msg/detail/failure_detector_status__rosidl_typesupport_fastrtps_c.h\n'}
[1.864651] (px4_msgs) StdoutLine: {'line': b'-- Up-to-date symlink: /home/maxim/super_ws/install/px4_msgs/include/px4_msgs/px4_msgs/msg/detail/fiducial_marker_pos_report__rosidl_typesupport_fastrtps_c.h\n'}
[1.864743] (px4_msgs) StdoutLine: {'line': b'-- Up-to-date symlink: /home/maxim/super_ws/install/px4_msgs/include/px4_msgs/px4_msgs/msg/detail/fiducial_marker_yaw_report__rosidl_typesupport_fastrtps_c.h\n'}
[1.864818] (px4_msgs) StdoutLine: {'line': b'-- Up-to-date symlink: /home/maxim/super_ws/install/px4_msgs/include/px4_msgs/px4_msgs/msg/detail/figure_eight_status__rosidl_typesupport_fastrtps_c.h\n'}
[1.864892] (px4_msgs) StdoutLine: {'line': b'-- Up-to-date symlink: /home/maxim/super_ws/install/px4_msgs/include/px4_msgs/px4_msgs/msg/detail/fixed_wing_lateral_guidance_status__rosidl_typesupport_fastrtps_c.h\n'}
[1.864981] (px4_msgs) StdoutLine: {'line': b'-- Up-to-date symlink: /home/maxim/super_ws/install/px4_msgs/include/px4_msgs/px4_msgs/msg/detail/fixed_wing_lateral_setpoint__rosidl_typesupport_fastrtps_c.h\n'}
[1.865052] (px4_msgs) StdoutLine: {'line': b'-- Up-to-date symlink: /home/maxim/super_ws/install/px4_msgs/include/px4_msgs/px4_msgs/msg/detail/fixed_wing_lateral_status__rosidl_typesupport_fastrtps_c.h\n'}
[1.865128] (px4_msgs) StdoutLine: {'line': b'-- Up-to-date symlink: /home/maxim/super_ws/install/px4_msgs/include/px4_msgs/px4_msgs/msg/detail/fixed_wing_longitudinal_setpoint__rosidl_typesupport_fastrtps_c.h\n'}
[1.865204] (px4_msgs) StdoutLine: {'line': b'-- Up-to-date symlink: /home/maxim/super_ws/install/px4_msgs/include/px4_msgs/px4_msgs/msg/detail/fixed_wing_runway_control__rosidl_typesupport_fastrtps_c.h\n'}
[1.865278] (px4_msgs) StdoutLine: {'line': b'-- Up-to-date symlink: /home/maxim/super_ws/install/px4_msgs/include/px4_msgs/px4_msgs/msg/detail/flight_phase_estimation__rosidl_typesupport_fastrtps_c.h\n'}
[1.865349] (px4_msgs) StdoutLine: {'line': b'-- Up-to-date symlink: /home/maxim/super_ws/install/px4_msgs/include/px4_msgs/px4_msgs/msg/detail/follow_target__rosidl_typesupport_fastrtps_c.h\n'}
[1.865428] (px4_msgs) StdoutLine: {'line': b'-- Up-to-date symlink: /home/maxim/super_ws/install/px4_msgs/include/px4_msgs/px4_msgs/msg/detail/follow_target_estimator__rosidl_typesupport_fastrtps_c.h\n'}
[1.865507] (px4_msgs) StdoutLine: {'line': b'-- Up-to-date symlink: /home/maxim/super_ws/install/px4_msgs/include/px4_msgs/px4_msgs/msg/detail/follow_target_status__rosidl_typesupport_fastrtps_c.h\n'}
[1.865586] (px4_msgs) StdoutLine: {'line': b'-- Up-to-date symlink: /home/maxim/super_ws/install/px4_msgs/include/px4_msgs/px4_msgs/msg/detail/fuel_tank_status__rosidl_typesupport_fastrtps_c.h\n'}
[1.865730] (px4_msgs) StdoutLine: {'line': b'-- Up-to-date symlink: /home/maxim/super_ws/install/px4_msgs/include/px4_msgs/px4_msgs/msg/detail/gain_compression__rosidl_typesupport_fastrtps_c.h\n'}
[1.865820] (px4_msgs) StdoutLine: {'line': b'-- Up-to-date symlink: /home/maxim/super_ws/install/px4_msgs/include/px4_msgs/px4_msgs/msg/detail/generator_status__rosidl_typesupport_fastrtps_c.h\n'}
[1.865894] (px4_msgs) StdoutLine: {'line': b'-- Up-to-date symlink: /home/maxim/super_ws/install/px4_msgs/include/px4_msgs/px4_msgs/msg/detail/geofence_result__rosidl_typesupport_fastrtps_c.h\n'}
[1.865978] (px4_msgs) StdoutLine: {'line': b'-- Up-to-date symlink: /home/maxim/super_ws/install/px4_msgs/include/px4_msgs/px4_msgs/msg/detail/geofence_status__rosidl_typesupport_fastrtps_c.h\n'}
[1.866061] (px4_msgs) StdoutLine: {'line': b'-- Up-to-date symlink: /home/maxim/super_ws/install/px4_msgs/include/px4_msgs/px4_msgs/msg/detail/gimbal_controls__rosidl_typesupport_fastrtps_c.h\n'}
[1.866142] (px4_msgs) StdoutLine: {'line': b'-- Up-to-date symlink: /home/maxim/super_ws/install/px4_msgs/include/px4_msgs/px4_msgs/msg/detail/gimbal_device_attitude_status__rosidl_typesupport_fastrtps_c.h\n'}
[1.866216] (px4_msgs) StdoutLine: {'line': b'-- Up-to-date symlink: /home/maxim/super_ws/install/px4_msgs/include/px4_msgs/px4_msgs/msg/detail/gimbal_device_information__rosidl_typesupport_fastrtps_c.h\n'}
[1.866293] (px4_msgs) StdoutLine: {'line': b'-- Up-to-date symlink: /home/maxim/super_ws/install/px4_msgs/include/px4_msgs/px4_msgs/msg/detail/gimbal_device_set_attitude__rosidl_typesupport_fastrtps_c.h\n'}
[1.866365] (px4_msgs) StdoutLine: {'line': b'-- Up-to-date symlink: /home/maxim/super_ws/install/px4_msgs/include/px4_msgs/px4_msgs/msg/detail/gimbal_manager_information__rosidl_typesupport_fastrtps_c.h\n'}
[1.866434] (px4_msgs) StdoutLine: {'line': b'-- Up-to-date symlink: /home/maxim/super_ws/install/px4_msgs/include/px4_msgs/px4_msgs/msg/detail/gimbal_manager_set_attitude__rosidl_typesupport_fastrtps_c.h\n'}
[1.866506] (px4_msgs) StdoutLine: {'line': b'-- Up-to-date symlink: /home/maxim/super_ws/install/px4_msgs/include/px4_msgs/px4_msgs/msg/detail/gimbal_manager_set_manual_control__rosidl_typesupport_fastrtps_c.h\n'}
[1.866575] (px4_msgs) StdoutLine: {'line': b'-- Up-to-date symlink: /home/maxim/super_ws/install/px4_msgs/include/px4_msgs/px4_msgs/msg/detail/gimbal_manager_status__rosidl_typesupport_fastrtps_c.h\n'}
[1.866646] (px4_msgs) StdoutLine: {'line': b'-- Up-to-date symlink: /home/maxim/super_ws/install/px4_msgs/include/px4_msgs/px4_msgs/msg/detail/goto_setpoint__rosidl_typesupport_fastrtps_c.h\n'}
[1.866715] (px4_msgs) StdoutLine: {'line': b'-- Up-to-date symlink: /home/maxim/super_ws/install/px4_msgs/include/px4_msgs/px4_msgs/msg/detail/gpio_config__rosidl_typesupport_fastrtps_c.h\n'}
[1.866827] (px4_msgs) StdoutLine: {'line': b'-- Up-to-date symlink: /home/maxim/super_ws/install/px4_msgs/include/px4_msgs/px4_msgs/msg/detail/gpio_in__rosidl_typesupport_fastrtps_c.h\n'}
[1.866910] (px4_msgs) StdoutLine: {'line': b'-- Up-to-date symlink: /home/maxim/super_ws/install/px4_msgs/include/px4_msgs/px4_msgs/msg/detail/gpio_out__rosidl_typesupport_fastrtps_c.h\n'}
[1.867018] (px4_msgs) StdoutLine: {'line': b'-- Up-to-date symlink: /home/maxim/super_ws/install/px4_msgs/include/px4_msgs/px4_msgs/msg/detail/gpio_request__rosidl_typesupport_fastrtps_c.h\n'}
[1.867094] (px4_msgs) StdoutLine: {'line': b'-- Up-to-date symlink: /home/maxim/super_ws/install/px4_msgs/include/px4_msgs/px4_msgs/msg/detail/gps_dump__rosidl_typesupport_fastrtps_c.h\n'}
[1.867166] (px4_msgs) StdoutLine: {'line': b'-- Up-to-date symlink: /home/maxim/super_ws/install/px4_msgs/include/px4_msgs/px4_msgs/msg/detail/gps_inject_data__rosidl_typesupport_fastrtps_c.h\n'}
[1.867242] (px4_msgs) StdoutLine: {'line': b'-- Up-to-date symlink: /home/maxim/super_ws/install/px4_msgs/include/px4_msgs/px4_msgs/msg/detail/gripper__rosidl_typesupport_fastrtps_c.h\n'}
[1.867316] (px4_msgs) StdoutLine: {'line': b'-- Up-to-date symlink: /home/maxim/super_ws/install/px4_msgs/include/px4_msgs/px4_msgs/msg/detail/health_report__rosidl_typesupport_fastrtps_c.h\n'}
[1.867387] (px4_msgs) StdoutLine: {'line': b'-- Up-to-date symlink: /home/maxim/super_ws/install/px4_msgs/include/px4_msgs/px4_msgs/msg/detail/heater_status__rosidl_typesupport_fastrtps_c.h\n'}
[1.867462] (px4_msgs) StdoutLine: {'line': b'-- Up-to-date symlink: /home/maxim/super_ws/install/px4_msgs/include/px4_msgs/px4_msgs/msg/detail/home_position__rosidl_typesupport_fastrtps_c.h\n'}
[1.867536] (px4_msgs) StdoutLine: {'line': b'-- Up-to-date symlink: /home/maxim/super_ws/install/px4_msgs/include/px4_msgs/px4_msgs/msg/detail/hover_thrust_estimate__rosidl_typesupport_fastrtps_c.h\n'}
[1.867612] (px4_msgs) StdoutLine: {'line': b'-- Up-to-date symlink: /home/maxim/super_ws/install/px4_msgs/include/px4_msgs/px4_msgs/msg/detail/input_rc__rosidl_typesupport_fastrtps_c.h\n'}
[1.867689] (px4_msgs) StdoutLine: {'line': b'-- Up-to-date symlink: /home/maxim/super_ws/install/px4_msgs/include/px4_msgs/px4_msgs/msg/detail/internal_combustion_engine_control__rosidl_typesupport_fastrtps_c.h\n'}
[1.867761] (px4_msgs) StdoutLine: {'line': b'-- Up-to-date symlink: /home/maxim/super_ws/install/px4_msgs/include/px4_msgs/px4_msgs/msg/detail/internal_combustion_engine_status__rosidl_typesupport_fastrtps_c.h\n'}
[1.867834] (px4_msgs) StdoutLine: {'line': b'-- Up-to-date symlink: /home/maxim/super_ws/install/px4_msgs/include/px4_msgs/px4_msgs/msg/detail/iridiumsbd_status__rosidl_typesupport_fastrtps_c.h\n'}
[1.867907] (px4_msgs) StdoutLine: {'line': b'-- Up-to-date symlink: /home/maxim/super_ws/install/px4_msgs/include/px4_msgs/px4_msgs/msg/detail/irlock_report__rosidl_typesupport_fastrtps_c.h\n'}
[1.867988] (px4_msgs) StdoutLine: {'line': b'-- Up-to-date symlink: /home/maxim/super_ws/install/px4_msgs/include/px4_msgs/px4_msgs/msg/detail/landing_gear__rosidl_typesupport_fastrtps_c.h\n'}
[1.868062] (px4_msgs) StdoutLine: {'line': b'-- Up-to-date symlink: /home/maxim/super_ws/install/px4_msgs/include/px4_msgs/px4_msgs/msg/detail/landing_gear_wheel__rosidl_typesupport_fastrtps_c.h\n'}
[1.868137] (px4_msgs) StdoutLine: {'line': b'-- Up-to-date symlink: /home/maxim/super_ws/install/px4_msgs/include/px4_msgs/px4_msgs/msg/detail/landing_target_innovations__rosidl_typesupport_fastrtps_c.h\n'}
[1.868219] (px4_msgs) StdoutLine: {'line': b'-- Up-to-date symlink: /home/maxim/super_ws/install/px4_msgs/include/px4_msgs/px4_msgs/msg/detail/landing_target_pose__rosidl_typesupport_fastrtps_c.h\n'}
[1.868299] (px4_msgs) StdoutLine: {'line': b'-- Up-to-date symlink: /home/maxim/super_ws/install/px4_msgs/include/px4_msgs/px4_msgs/msg/detail/lateral_control_configuration__rosidl_typesupport_fastrtps_c.h\n'}
[1.868379] (px4_msgs) StdoutLine: {'line': b'-- Up-to-date symlink: /home/maxim/super_ws/install/px4_msgs/include/px4_msgs/px4_msgs/msg/detail/launch_detection_status__rosidl_typesupport_fastrtps_c.h\n'}
[1.868459] (px4_msgs) StdoutLine: {'line': b'-- Up-to-date symlink: /home/maxim/super_ws/install/px4_msgs/include/px4_msgs/px4_msgs/msg/detail/led_control__rosidl_typesupport_fastrtps_c.h\n'}
[1.868580] (px4_msgs) StdoutLine: {'line': b'-- Up-to-date symlink: /home/maxim/super_ws/install/px4_msgs/include/px4_msgs/px4_msgs/msg/detail/log_message__rosidl_typesupport_fastrtps_c.h\n'}
[1.868677] (px4_msgs) StdoutLine: {'line': b'-- Up-to-date symlink: /home/maxim/super_ws/install/px4_msgs/include/px4_msgs/px4_msgs/msg/detail/logger_status__rosidl_typesupport_fastrtps_c.h\n'}
[1.868803] (px4_msgs) StdoutLine: {'line': b'-- Up-to-date symlink: /home/maxim/super_ws/install/px4_msgs/include/px4_msgs/px4_msgs/msg/detail/longitudinal_control_configuration__rosidl_typesupport_fastrtps_c.h\n'}
[1.868931] (px4_msgs) StdoutLine: {'line': b'-- Up-to-date symlink: /home/maxim/super_ws/install/px4_msgs/include/px4_msgs/px4_msgs/msg/detail/mag_worker_data__rosidl_typesupport_fastrtps_c.h\n'}
[1.869013] (px4_msgs) StdoutLine: {'line': b'-- Up-to-date symlink: /home/maxim/super_ws/install/px4_msgs/include/px4_msgs/px4_msgs/msg/detail/magnetometer_bias_estimate__rosidl_typesupport_fastrtps_c.h\n'}
[1.869100] (px4_msgs) StdoutLine: {'line': b'-- Up-to-date symlink: /home/maxim/super_ws/install/px4_msgs/include/px4_msgs/px4_msgs/msg/detail/manual_control_setpoint__rosidl_typesupport_fastrtps_c.h\n'}
[1.869162] (px4_msgs) StdoutLine: {'line': b'-- Up-to-date symlink: /home/maxim/super_ws/install/px4_msgs/include/px4_msgs/px4_msgs/msg/detail/manual_control_switches__rosidl_typesupport_fastrtps_c.h\n'}
[1.869274] (px4_msgs) StdoutLine: {'line': b'-- Up-to-date symlink: /home/maxim/super_ws/install/px4_msgs/include/px4_msgs/px4_msgs/msg/detail/mavlink_log__rosidl_typesupport_fastrtps_c.h\n'}
[1.869353] (px4_msgs) StdoutLine: {'line': b'-- Up-to-date symlink: /home/maxim/super_ws/install/px4_msgs/include/px4_msgs/px4_msgs/msg/detail/mavlink_tunnel__rosidl_typesupport_fastrtps_c.h\n'}
[1.869427] (px4_msgs) StdoutLine: {'line': b'-- Up-to-date symlink: /home/maxim/super_ws/install/px4_msgs/include/px4_msgs/px4_msgs/msg/detail/message_format_request__rosidl_typesupport_fastrtps_c.h\n'}
[1.869499] (px4_msgs) StdoutLine: {'line': b'-- Up-to-date symlink: /home/maxim/super_ws/install/px4_msgs/include/px4_msgs/px4_msgs/msg/detail/message_format_response__rosidl_typesupport_fastrtps_c.h\n'}
[1.869560] (px4_msgs) StdoutLine: {'line': b'-- Up-to-date symlink: /home/maxim/super_ws/install/px4_msgs/include/px4_msgs/px4_msgs/msg/detail/mission__rosidl_typesupport_fastrtps_c.h\n'}
[1.869636] (px4_msgs) StdoutLine: {'line': b'-- Up-to-date symlink: /home/maxim/super_ws/install/px4_msgs/include/px4_msgs/px4_msgs/msg/detail/mission_result__rosidl_typesupport_fastrtps_c.h\n'}
[1.869714] (px4_msgs) StdoutLine: {'line': b'-- Up-to-date symlink: /home/maxim/super_ws/install/px4_msgs/include/px4_msgs/px4_msgs/msg/detail/mode_completed__rosidl_typesupport_fastrtps_c.h\n'}
[1.869772] (px4_msgs) StdoutLine: {'line': b'-- Up-to-date symlink: /home/maxim/super_ws/install/px4_msgs/include/px4_msgs/px4_msgs/msg/detail/mount_orientation__rosidl_typesupport_fastrtps_c.h\n'}
[1.869844] (px4_msgs) StdoutLine: {'line': b'-- Up-to-date symlink: /home/maxim/super_ws/install/px4_msgs/include/px4_msgs/px4_msgs/msg/detail/navigator_mission_item__rosidl_typesupport_fastrtps_c.h\n'}
[1.869925] (px4_msgs) StdoutLine: {'line': b'-- Up-to-date symlink: /home/maxim/super_ws/install/px4_msgs/include/px4_msgs/px4_msgs/msg/detail/navigator_status__rosidl_typesupport_fastrtps_c.h\n'}
[1.869986] (px4_msgs) StdoutLine: {'line': b'-- Up-to-date symlink: /home/maxim/super_ws/install/px4_msgs/include/px4_msgs/px4_msgs/msg/detail/neural_control__rosidl_typesupport_fastrtps_c.h\n'}
[1.870056] (px4_msgs) StdoutLine: {'line': b'-- Up-to-date symlink: /home/maxim/super_ws/install/px4_msgs/include/px4_msgs/px4_msgs/msg/detail/normalized_unsigned_setpoint__rosidl_typesupport_fastrtps_c.h\n'}
[1.870124] (px4_msgs) StdoutLine: {'line': b'-- Up-to-date symlink: /home/maxim/super_ws/install/px4_msgs/include/px4_msgs/px4_msgs/msg/detail/obstacle_distance__rosidl_typesupport_fastrtps_c.h\n'}
[1.870197] (px4_msgs) StdoutLine: {'line': b'-- Up-to-date symlink: /home/maxim/super_ws/install/px4_msgs/include/px4_msgs/px4_msgs/msg/detail/offboard_control_mode__rosidl_typesupport_fastrtps_c.h\n'}
[1.870270] (px4_msgs) StdoutLine: {'line': b'-- Up-to-date symlink: /home/maxim/super_ws/install/px4_msgs/include/px4_msgs/px4_msgs/msg/detail/onboard_computer_status__rosidl_typesupport_fastrtps_c.h\n'}
[1.870344] (px4_msgs) StdoutLine: {'line': b'-- Up-to-date symlink: /home/maxim/super_ws/install/px4_msgs/include/px4_msgs/px4_msgs/msg/detail/open_drone_id_arm_status__rosidl_typesupport_fastrtps_c.h\n'}
[1.870416] (px4_msgs) StdoutLine: {'line': b'-- Up-to-date symlink: /home/maxim/super_ws/install/px4_msgs/include/px4_msgs/px4_msgs/msg/detail/open_drone_id_operator_id__rosidl_typesupport_fastrtps_c.h\n'}
[1.870488] (px4_msgs) StdoutLine: {'line': b'-- Up-to-date symlink: /home/maxim/super_ws/install/px4_msgs/include/px4_msgs/px4_msgs/msg/detail/open_drone_id_self_id__rosidl_typesupport_fastrtps_c.h\n'}
[1.870557] (px4_msgs) StdoutLine: {'line': b'-- Up-to-date symlink: /home/maxim/super_ws/install/px4_msgs/include/px4_msgs/px4_msgs/msg/detail/open_drone_id_system__rosidl_typesupport_fastrtps_c.h\n'}
[1.870630] (px4_msgs) StdoutLine: {'line': b'-- Up-to-date symlink: /home/maxim/super_ws/install/px4_msgs/include/px4_msgs/px4_msgs/msg/detail/orb_test__rosidl_typesupport_fastrtps_c.h\n'}
[1.870749] (px4_msgs) StdoutLine: {'line': b'-- Up-to-date symlink: /home/maxim/super_ws/install/px4_msgs/include/px4_msgs/px4_msgs/msg/detail/orb_test_large__rosidl_typesupport_fastrtps_c.h\n'}
[1.870833] (px4_msgs) StdoutLine: {'line': b'-- Up-to-date symlink: /home/maxim/super_ws/install/px4_msgs/include/px4_msgs/px4_msgs/msg/detail/orb_test_medium__rosidl_typesupport_fastrtps_c.h\n'}
[1.870911] (px4_msgs) StdoutLine: {'line': b'-- Up-to-date symlink: /home/maxim/super_ws/install/px4_msgs/include/px4_msgs/px4_msgs/msg/detail/orbit_status__rosidl_typesupport_fastrtps_c.h\n'}
[1.870987] (px4_msgs) StdoutLine: {'line': b'-- Up-to-date symlink: /home/maxim/super_ws/install/px4_msgs/include/px4_msgs/px4_msgs/msg/detail/parameter_reset_request__rosidl_typesupport_fastrtps_c.h\n'}
[1.871062] (px4_msgs) StdoutLine: {'line': b'-- Up-to-date symlink: /home/maxim/super_ws/install/px4_msgs/include/px4_msgs/px4_msgs/msg/detail/parameter_set_used_request__rosidl_typesupport_fastrtps_c.h\n'}
[1.871135] (px4_msgs) StdoutLine: {'line': b'-- Up-to-date symlink: /home/maxim/super_ws/install/px4_msgs/include/px4_msgs/px4_msgs/msg/detail/parameter_set_value_request__rosidl_typesupport_fastrtps_c.h\n'}
[1.871208] (px4_msgs) StdoutLine: {'line': b'-- Up-to-date symlink: /home/maxim/super_ws/install/px4_msgs/include/px4_msgs/px4_msgs/msg/detail/parameter_set_value_response__rosidl_typesupport_fastrtps_c.h\n'}
[1.871276] (px4_msgs) StdoutLine: {'line': b'-- Up-to-date symlink: /home/maxim/super_ws/install/px4_msgs/include/px4_msgs/px4_msgs/msg/detail/parameter_update__rosidl_typesupport_fastrtps_c.h\n'}
[1.871349] (px4_msgs) StdoutLine: {'line': b'-- Up-to-date symlink: /home/maxim/super_ws/install/px4_msgs/include/px4_msgs/px4_msgs/msg/detail/ping__rosidl_typesupport_fastrtps_c.h\n'}
[1.871427] (px4_msgs) StdoutLine: {'line': b'-- Up-to-date symlink: /home/maxim/super_ws/install/px4_msgs/include/px4_msgs/px4_msgs/msg/detail/position_controller_landing_status__rosidl_typesupport_fastrtps_c.h\n'}
[1.871534] (px4_msgs) StdoutLine: {'line': b'-- Up-to-date symlink: /home/maxim/super_ws/install/px4_msgs/include/px4_msgs/px4_msgs/msg/detail/position_controller_status__rosidl_typesupport_fastrtps_c.h\n'}
[1.871611] (px4_msgs) StdoutLine: {'line': b'-- Up-to-date symlink: /home/maxim/super_ws/install/px4_msgs/include/px4_msgs/px4_msgs/msg/detail/position_setpoint__rosidl_typesupport_fastrtps_c.h\n'}
[1.871753] (px4_msgs) StdoutLine: {'line': b'-- Up-to-date symlink: /home/maxim/super_ws/install/px4_msgs/include/px4_msgs/px4_msgs/msg/detail/position_setpoint_triplet__rosidl_typesupport_fastrtps_c.h\n'}
[1.871834] (px4_msgs) StdoutLine: {'line': b'-- Up-to-date symlink: /home/maxim/super_ws/install/px4_msgs/include/px4_msgs/px4_msgs/msg/detail/power_button_state__rosidl_typesupport_fastrtps_c.h\n'}
[1.871909] (px4_msgs) StdoutLine: {'line': b'-- Up-to-date symlink: /home/maxim/super_ws/install/px4_msgs/include/px4_msgs/px4_msgs/msg/detail/power_monitor__rosidl_typesupport_fastrtps_c.h\n'}
[1.871980] (px4_msgs) StdoutLine: {'line': b'-- Up-to-date symlink: /home/maxim/super_ws/install/px4_msgs/include/px4_msgs/px4_msgs/msg/detail/pps_capture__rosidl_typesupport_fastrtps_c.h\n'}
[1.872051] (px4_msgs) StdoutLine: {'line': b'-- Up-to-date symlink: /home/maxim/super_ws/install/px4_msgs/include/px4_msgs/px4_msgs/msg/detail/prec_land_status__rosidl_typesupport_fastrtps_c.h\n'}
[1.872121] (px4_msgs) StdoutLine: {'line': b'-- Up-to-date symlink: /home/maxim/super_ws/install/px4_msgs/include/px4_msgs/px4_msgs/msg/detail/pure_pursuit_status__rosidl_typesupport_fastrtps_c.h\n'}
[1.872194] (px4_msgs) StdoutLine: {'line': b'-- Up-to-date symlink: /home/maxim/super_ws/install/px4_msgs/include/px4_msgs/px4_msgs/msg/detail/pwm_input__rosidl_typesupport_fastrtps_c.h\n'}
[1.872263] (px4_msgs) StdoutLine: {'line': b'-- Up-to-date symlink: /home/maxim/super_ws/install/px4_msgs/include/px4_msgs/px4_msgs/msg/detail/px4io_status__rosidl_typesupport_fastrtps_c.h\n'}
[1.872340] (px4_msgs) StdoutLine: {'line': b'-- Up-to-date symlink: /home/maxim/super_ws/install/px4_msgs/include/px4_msgs/px4_msgs/msg/detail/qshell_req__rosidl_typesupport_fastrtps_c.h\n'}
[1.872412] (px4_msgs) StdoutLine: {'line': b'-- Up-to-date symlink: /home/maxim/super_ws/install/px4_msgs/include/px4_msgs/px4_msgs/msg/detail/qshell_retval__rosidl_typesupport_fastrtps_c.h\n'}
[1.872482] (px4_msgs) StdoutLine: {'line': b'-- Up-to-date symlink: /home/maxim/super_ws/install/px4_msgs/include/px4_msgs/px4_msgs/msg/detail/radio_status__rosidl_typesupport_fastrtps_c.h\n'}
[1.872554] (px4_msgs) StdoutLine: {'line': b'-- Up-to-date symlink: /home/maxim/super_ws/install/px4_msgs/include/px4_msgs/px4_msgs/msg/detail/ranging_beacon__rosidl_typesupport_fastrtps_c.h\n'}
[1.872628] (px4_msgs) StdoutLine: {'line': b'-- Up-to-date symlink: /home/maxim/super_ws/install/px4_msgs/include/px4_msgs/px4_msgs/msg/detail/raptor_input__rosidl_typesupport_fastrtps_c.h\n'}
[1.872710] (px4_msgs) StdoutLine: {'line': b'-- Up-to-date symlink: /home/maxim/super_ws/install/px4_msgs/include/px4_msgs/px4_msgs/msg/detail/raptor_status__rosidl_typesupport_fastrtps_c.h\n'}
[1.872826] (px4_msgs) StdoutLine: {'line': b'-- Up-to-date symlink: /home/maxim/super_ws/install/px4_msgs/include/px4_msgs/px4_msgs/msg/detail/rate_ctrl_status__rosidl_typesupport_fastrtps_c.h\n'}
[1.872904] (px4_msgs) StdoutLine: {'line': b'-- Up-to-date symlink: /home/maxim/super_ws/install/px4_msgs/include/px4_msgs/px4_msgs/msg/detail/rc_channels__rosidl_typesupport_fastrtps_c.h\n'}
[1.872980] (px4_msgs) StdoutLine: {'line': b'-- Up-to-date symlink: /home/maxim/super_ws/install/px4_msgs/include/px4_msgs/px4_msgs/msg/detail/rc_parameter_map__rosidl_typesupport_fastrtps_c.h\n'}
[1.873053] (px4_msgs) StdoutLine: {'line': b'-- Up-to-date symlink: /home/maxim/super_ws/install/px4_msgs/include/px4_msgs/px4_msgs/msg/detail/register_ext_component_reply__rosidl_typesupport_fastrtps_c.h\n'}
[1.873130] (px4_msgs) StdoutLine: {'line': b'-- Up-to-date symlink: /home/maxim/super_ws/install/px4_msgs/include/px4_msgs/px4_msgs/msg/detail/register_ext_component_request__rosidl_typesupport_fastrtps_c.h\n'}
[1.873203] (px4_msgs) StdoutLine: {'line': b'-- Up-to-date symlink: /home/maxim/super_ws/install/px4_msgs/include/px4_msgs/px4_msgs/msg/detail/rover_attitude_setpoint__rosidl_typesupport_fastrtps_c.h\n'}
[1.873281] (px4_msgs) StdoutLine: {'line': b'-- Up-to-date symlink: /home/maxim/super_ws/install/px4_msgs/include/px4_msgs/px4_msgs/msg/detail/rover_attitude_status__rosidl_typesupport_fastrtps_c.h\n'}
[1.873356] (px4_msgs) StdoutLine: {'line': b'-- Up-to-date symlink: /home/maxim/super_ws/install/px4_msgs/include/px4_msgs/px4_msgs/msg/detail/rover_position_setpoint__rosidl_typesupport_fastrtps_c.h\n'}
[1.873425] (px4_msgs) StdoutLine: {'line': b'-- Up-to-date symlink: /home/maxim/super_ws/install/px4_msgs/include/px4_msgs/px4_msgs/msg/detail/rover_rate_setpoint__rosidl_typesupport_fastrtps_c.h\n'}
[1.873497] (px4_msgs) StdoutLine: {'line': b'-- Up-to-date symlink: /home/maxim/super_ws/install/px4_msgs/include/px4_msgs/px4_msgs/msg/detail/rover_rate_status__rosidl_typesupport_fastrtps_c.h\n'}
[1.873575] (px4_msgs) StdoutLine: {'line': b'-- Up-to-date symlink: /home/maxim/super_ws/install/px4_msgs/include/px4_msgs/px4_msgs/msg/detail/rover_speed_setpoint__rosidl_typesupport_fastrtps_c.h\n'}
[1.873731] (px4_msgs) StdoutLine: {'line': b'-- Up-to-date symlink: /home/maxim/super_ws/install/px4_msgs/include/px4_msgs/px4_msgs/msg/detail/rover_speed_status__rosidl_typesupport_fastrtps_c.h\n'}
[1.873853] (px4_msgs) StdoutLine: {'line': b'-- Up-to-date symlink: /home/maxim/super_ws/install/px4_msgs/include/px4_msgs/px4_msgs/msg/detail/rover_steering_setpoint__rosidl_typesupport_fastrtps_c.h\n'}
[1.873931] (px4_msgs) StdoutLine: {'line': b'-- Up-to-date symlink: /home/maxim/super_ws/install/px4_msgs/include/px4_msgs/px4_msgs/msg/detail/rover_throttle_setpoint__rosidl_typesupport_fastrtps_c.h\n'}
[1.874015] (px4_msgs) StdoutLine: {'line': b'-- Up-to-date symlink: /home/maxim/super_ws/install/px4_msgs/include/px4_msgs/px4_msgs/msg/detail/rpm__rosidl_typesupport_fastrtps_c.h\n'}
[1.874075] (px4_msgs) StdoutLine: {'line': b'-- Up-to-date symlink: /home/maxim/super_ws/install/px4_msgs/include/px4_msgs/px4_msgs/msg/detail/rtl_status__rosidl_typesupport_fastrtps_c.h\n'}
[1.874156] (px4_msgs) StdoutLine: {'line': b'-- Up-to-date symlink: /home/maxim/super_ws/install/px4_msgs/include/px4_msgs/px4_msgs/msg/detail/rtl_time_estimate__rosidl_typesupport_fastrtps_c.h\n'}
[1.874216] (px4_msgs) StdoutLine: {'line': b'-- Up-to-date symlink: /home/maxim/super_ws/install/px4_msgs/include/px4_msgs/px4_msgs/msg/detail/satellite_info__rosidl_typesupport_fastrtps_c.h\n'}
[1.874286] (px4_msgs) StdoutLine: {'line': b'-- Up-to-date symlink: /home/maxim/super_ws/install/px4_msgs/include/px4_msgs/px4_msgs/msg/detail/sensor_accel__rosidl_typesupport_fastrtps_c.h\n'}
[1.874358] (px4_msgs) StdoutLine: {'line': b'-- Up-to-date symlink: /home/maxim/super_ws/install/px4_msgs/include/px4_msgs/px4_msgs/msg/detail/sensor_accel_fifo__rosidl_typesupport_fastrtps_c.h\n'}
[1.874434] (px4_msgs) StdoutLine: {'line': b'-- Up-to-date symlink: /home/maxim/super_ws/install/px4_msgs/include/px4_msgs/px4_msgs/msg/detail/sensor_airflow__rosidl_typesupport_fastrtps_c.h\n'}
[1.874503] (px4_msgs) StdoutLine: {'line': b'-- Up-to-date symlink: /home/maxim/super_ws/install/px4_msgs/include/px4_msgs/px4_msgs/msg/detail/sensor_baro__rosidl_typesupport_fastrtps_c.h\n'}
[1.874578] (px4_msgs) StdoutLine: {'line': b'-- Up-to-date symlink: /home/maxim/super_ws/install/px4_msgs/include/px4_msgs/px4_msgs/msg/detail/sensor_combined__rosidl_typesupport_fastrtps_c.h\n'}
[1.874650] (px4_msgs) StdoutLine: {'line': b'-- Up-to-date symlink: /home/maxim/super_ws/install/px4_msgs/include/px4_msgs/px4_msgs/msg/detail/sensor_correction__rosidl_typesupport_fastrtps_c.h\n'}
[1.874759] (px4_msgs) StdoutLine: {'line': b'-- Up-to-date symlink: /home/maxim/super_ws/install/px4_msgs/include/px4_msgs/px4_msgs/msg/detail/sensor_gnss_relative__rosidl_typesupport_fastrtps_c.h\n'}
[1.874836] (px4_msgs) StdoutLine: {'line': b'-- Up-to-date symlink: /home/maxim/super_ws/install/px4_msgs/include/px4_msgs/px4_msgs/msg/detail/sensor_gnss_status__rosidl_typesupport_fastrtps_c.h\n'}
[1.874904] (px4_msgs) StdoutLine: {'line': b'-- Up-to-date symlink: /home/maxim/super_ws/install/px4_msgs/include/px4_msgs/px4_msgs/msg/detail/sensor_gps__rosidl_typesupport_fastrtps_c.h\n'}
[1.874972] (px4_msgs) StdoutLine: {'line': b'-- Up-to-date symlink: /home/maxim/super_ws/install/px4_msgs/include/px4_msgs/px4_msgs/msg/detail/sensor_gyro__rosidl_typesupport_fastrtps_c.h\n'}
[1.875050] (px4_msgs) StdoutLine: {'line': b'-- Up-to-date symlink: /home/maxim/super_ws/install/px4_msgs/include/px4_msgs/px4_msgs/msg/detail/sensor_gyro_fft__rosidl_typesupport_fastrtps_c.h\n'}
[1.875119] (px4_msgs) StdoutLine: {'line': b'-- Up-to-date symlink: /home/maxim/super_ws/install/px4_msgs/include/px4_msgs/px4_msgs/msg/detail/sensor_gyro_fifo__rosidl_typesupport_fastrtps_c.h\n'}
[1.875192] (px4_msgs) StdoutLine: {'line': b'-- Up-to-date symlink: /home/maxim/super_ws/install/px4_msgs/include/px4_msgs/px4_msgs/msg/detail/sensor_hygrometer__rosidl_typesupport_fastrtps_c.h\n'}
[1.875266] (px4_msgs) StdoutLine: {'line': b'-- Up-to-date symlink: /home/maxim/super_ws/install/px4_msgs/include/px4_msgs/px4_msgs/msg/detail/sensor_mag__rosidl_typesupport_fastrtps_c.h\n'}
[1.875340] (px4_msgs) StdoutLine: {'line': b'-- Up-to-date symlink: /home/maxim/super_ws/install/px4_msgs/include/px4_msgs/px4_msgs/msg/detail/sensor_optical_flow__rosidl_typesupport_fastrtps_c.h\n'}
[1.875410] (px4_msgs) StdoutLine: {'line': b'-- Up-to-date symlink: /home/maxim/super_ws/install/px4_msgs/include/px4_msgs/px4_msgs/msg/detail/sensor_preflight_mag__rosidl_typesupport_fastrtps_c.h\n'}
[1.875484] (px4_msgs) StdoutLine: {'line': b'-- Up-to-date symlink: /home/maxim/super_ws/install/px4_msgs/include/px4_msgs/px4_msgs/msg/detail/sensor_selection__rosidl_typesupport_fastrtps_c.h\n'}
[1.875559] (px4_msgs) StdoutLine: {'line': b'-- Up-to-date symlink: /home/maxim/super_ws/install/px4_msgs/include/px4_msgs/px4_msgs/msg/detail/sensor_temp__rosidl_typesupport_fastrtps_c.h\n'}
[1.875710] (px4_msgs) StdoutLine: {'line': b'-- Up-to-date symlink: /home/maxim/super_ws/install/px4_msgs/include/px4_msgs/px4_msgs/msg/detail/sensor_uwb__rosidl_typesupport_fastrtps_c.h\n'}
[1.875782] (px4_msgs) StdoutLine: {'line': b'-- Up-to-date symlink: /home/maxim/super_ws/install/px4_msgs/include/px4_msgs/px4_msgs/msg/detail/sensors_status__rosidl_typesupport_fastrtps_c.h\n'}
[1.875902] (px4_msgs) StdoutLine: {'line': b'-- Up-to-date symlink: /home/maxim/super_ws/install/px4_msgs/include/px4_msgs/px4_msgs/msg/detail/sensors_status_imu__rosidl_typesupport_fastrtps_c.h\n'}
[1.875976] (px4_msgs) StdoutLine: {'line': b'-- Up-to-date symlink: /home/maxim/super_ws/install/px4_msgs/include/px4_msgs/px4_msgs/msg/detail/system_power__rosidl_typesupport_fastrtps_c.h\n'}
[1.876056] (px4_msgs) StdoutLine: {'line': b'-- Up-to-date symlink: /home/maxim/super_ws/install/px4_msgs/include/px4_msgs/px4_msgs/msg/detail/takeoff_status__rosidl_typesupport_fastrtps_c.h\n'}
[1.876152] (px4_msgs) StdoutLine: {'line': b'-- Up-to-date symlink: /home/maxim/super_ws/install/px4_msgs/include/px4_msgs/px4_msgs/msg/detail/target_gnss__rosidl_typesupport_fastrtps_c.h\n'}
[1.876231] (px4_msgs) StdoutLine: {'line': b'-- Up-to-date symlink: /home/maxim/super_ws/install/px4_msgs/include/px4_msgs/px4_msgs/msg/detail/task_stack_info__rosidl_typesupport_fastrtps_c.h\n'}
[1.876294] (px4_msgs) StdoutLine: {'line': b'-- Up-to-date symlink: /home/maxim/super_ws/install/px4_msgs/include/px4_msgs/px4_msgs/msg/detail/tecs_status__rosidl_typesupport_fastrtps_c.h\n'}
[1.876374] (px4_msgs) StdoutLine: {'line': b'-- Up-to-date symlink: /home/maxim/super_ws/install/px4_msgs/include/px4_msgs/px4_msgs/msg/detail/telemetry_status__rosidl_typesupport_fastrtps_c.h\n'}
[1.876436] (px4_msgs) StdoutLine: {'line': b'-- Up-to-date symlink: /home/maxim/super_ws/install/px4_msgs/include/px4_msgs/px4_msgs/msg/detail/tiltrotor_extra_controls__rosidl_typesupport_fastrtps_c.h\n'}
[1.876508] (px4_msgs) StdoutLine: {'line': b'-- Up-to-date symlink: /home/maxim/super_ws/install/px4_msgs/include/px4_msgs/px4_msgs/msg/detail/timesync_status__rosidl_typesupport_fastrtps_c.h\n'}
[1.876580] (px4_msgs) StdoutLine: {'line': b'-- Up-to-date symlink: /home/maxim/super_ws/install/px4_msgs/include/px4_msgs/px4_msgs/msg/detail/trajectory_setpoint6dof__rosidl_typesupport_fastrtps_c.h\n'}
[1.876656] (px4_msgs) StdoutLine: {'line': b'-- Up-to-date symlink: /home/maxim/super_ws/install/px4_msgs/include/px4_msgs/px4_msgs/msg/detail/trajectory_setpoint__rosidl_typesupport_fastrtps_c.h\n'}
[1.876732] (px4_msgs) StdoutLine: {'line': b'-- Up-to-date symlink: /home/maxim/super_ws/install/px4_msgs/include/px4_msgs/px4_msgs/msg/detail/transponder_report__rosidl_typesupport_fastrtps_c.h\n'}
[1.876805] (px4_msgs) StdoutLine: {'line': b'-- Up-to-date symlink: /home/maxim/super_ws/install/px4_msgs/include/px4_msgs/px4_msgs/msg/detail/tune_control__rosidl_typesupport_fastrtps_c.h\n'}
[1.876891] (px4_msgs) StdoutLine: {'line': b'-- Up-to-date symlink: /home/maxim/super_ws/install/px4_msgs/include/px4_msgs/px4_msgs/msg/detail/uavcan_parameter_request__rosidl_typesupport_fastrtps_c.h\n'}
[1.876978] (px4_msgs) StdoutLine: {'line': b'-- Up-to-date symlink: /home/maxim/super_ws/install/px4_msgs/include/px4_msgs/px4_msgs/msg/detail/uavcan_parameter_value__rosidl_typesupport_fastrtps_c.h\n'}
[1.877054] (px4_msgs) StdoutLine: {'line': b'-- Up-to-date symlink: /home/maxim/super_ws/install/px4_msgs/include/px4_msgs/px4_msgs/msg/detail/ulog_stream__rosidl_typesupport_fastrtps_c.h\n'}
[1.877126] (px4_msgs) StdoutLine: {'line': b'-- Up-to-date symlink: /home/maxim/super_ws/install/px4_msgs/include/px4_msgs/px4_msgs/msg/detail/ulog_stream_ack__rosidl_typesupport_fastrtps_c.h\n'}
[1.877200] (px4_msgs) StdoutLine: {'line': b'-- Up-to-date symlink: /home/maxim/super_ws/install/px4_msgs/include/px4_msgs/px4_msgs/msg/detail/unregister_ext_component__rosidl_typesupport_fastrtps_c.h\n'}
[1.877289] (px4_msgs) StdoutLine: {'line': b'-- Up-to-date symlink: /home/maxim/super_ws/install/px4_msgs/include/px4_msgs/px4_msgs/msg/detail/vehicle_acceleration__rosidl_typesupport_fastrtps_c.h\n'}
[1.877372] (px4_msgs) StdoutLine: {'line': b'-- Up-to-date symlink: /home/maxim/super_ws/install/px4_msgs/include/px4_msgs/px4_msgs/msg/detail/vehicle_air_data__rosidl_typesupport_fastrtps_c.h\n'}
[1.877449] (px4_msgs) StdoutLine: {'line': b'-- Up-to-date symlink: /home/maxim/super_ws/install/px4_msgs/include/px4_msgs/px4_msgs/msg/detail/vehicle_angular_acceleration_setpoint__rosidl_typesupport_fastrtps_c.h\n'}
[1.877522] (px4_msgs) StdoutLine: {'line': b'-- Up-to-date symlink: /home/maxim/super_ws/install/px4_msgs/include/px4_msgs/px4_msgs/msg/detail/vehicle_angular_velocity__rosidl_typesupport_fastrtps_c.h\n'}
[1.877596] (px4_msgs) StdoutLine: {'line': b'-- Up-to-date symlink: /home/maxim/super_ws/install/px4_msgs/include/px4_msgs/px4_msgs/msg/detail/vehicle_attitude__rosidl_typesupport_fastrtps_c.h\n'}
[1.877671] (px4_msgs) StdoutLine: {'line': b'-- Up-to-date symlink: /home/maxim/super_ws/install/px4_msgs/include/px4_msgs/px4_msgs/msg/detail/vehicle_attitude_setpoint__rosidl_typesupport_fastrtps_c.h\n'}
[1.877738] (px4_msgs) StdoutLine: {'line': b'-- Up-to-date symlink: /home/maxim/super_ws/install/px4_msgs/include/px4_msgs/px4_msgs/msg/detail/vehicle_command__rosidl_typesupport_fastrtps_c.h\n'}
[1.877819] (px4_msgs) StdoutLine: {'line': b'-- Up-to-date symlink: /home/maxim/super_ws/install/px4_msgs/include/px4_msgs/px4_msgs/msg/detail/vehicle_command_ack__rosidl_typesupport_fastrtps_c.h\n'}
[1.877995] (px4_msgs) StdoutLine: {'line': b'-- Up-to-date symlink: /home/maxim/super_ws/install/px4_msgs/include/px4_msgs/px4_msgs/msg/detail/vehicle_constraints__rosidl_typesupport_fastrtps_c.h\n'}
[1.878097] (px4_msgs) StdoutLine: {'line': b'-- Up-to-date symlink: /home/maxim/super_ws/install/px4_msgs/include/px4_msgs/px4_msgs/msg/detail/vehicle_control_mode__rosidl_typesupport_fastrtps_c.h\n'}
[1.878180] (px4_msgs) StdoutLine: {'line': b'-- Up-to-date symlink: /home/maxim/super_ws/install/px4_msgs/include/px4_msgs/px4_msgs/msg/detail/vehicle_global_position__rosidl_typesupport_fastrtps_c.h\n'}
[1.878259] (px4_msgs) StdoutLine: {'line': b'-- Up-to-date symlink: /home/maxim/super_ws/install/px4_msgs/include/px4_msgs/px4_msgs/msg/detail/vehicle_imu__rosidl_typesupport_fastrtps_c.h\n'}
[1.878340] (px4_msgs) StdoutLine: {'line': b'-- Up-to-date symlink: /home/maxim/super_ws/install/px4_msgs/include/px4_msgs/px4_msgs/msg/detail/vehicle_imu_status__rosidl_typesupport_fastrtps_c.h\n'}
[1.878420] (px4_msgs) StdoutLine: {'line': b'-- Up-to-date symlink: /home/maxim/super_ws/install/px4_msgs/include/px4_msgs/px4_msgs/msg/detail/vehicle_land_detected__rosidl_typesupport_fastrtps_c.h\n'}
[1.878493] (px4_msgs) StdoutLine: {'line': b'-- Up-to-date symlink: /home/maxim/super_ws/install/px4_msgs/include/px4_msgs/px4_msgs/msg/detail/vehicle_local_position__rosidl_typesupport_fastrtps_c.h\n'}
[1.878564] (px4_msgs) StdoutLine: {'line': b'-- Up-to-date symlink: /home/maxim/super_ws/install/px4_msgs/include/px4_msgs/px4_msgs/msg/detail/vehicle_local_position_setpoint__rosidl_typesupport_fastrtps_c.h\n'}
[1.878624] (px4_msgs) StdoutLine: {'line': b'-- Up-to-date symlink: /home/maxim/super_ws/install/px4_msgs/include/px4_msgs/px4_msgs/msg/detail/vehicle_magnetometer__rosidl_typesupport_fastrtps_c.h\n'}
[1.878699] (px4_msgs) StdoutLine: {'line': b'-- Up-to-date symlink: /home/maxim/super_ws/install/px4_msgs/include/px4_msgs/px4_msgs/msg/detail/vehicle_odometry__rosidl_typesupport_fastrtps_c.h\n'}
[1.878770] (px4_msgs) StdoutLine: {'line': b'-- Up-to-date symlink: /home/maxim/super_ws/install/px4_msgs/include/px4_msgs/px4_msgs/msg/detail/vehicle_optical_flow__rosidl_typesupport_fastrtps_c.h\n'}
[1.878847] (px4_msgs) StdoutLine: {'line': b'-- Up-to-date symlink: /home/maxim/super_ws/install/px4_msgs/include/px4_msgs/px4_msgs/msg/detail/vehicle_optical_flow_vel__rosidl_typesupport_fastrtps_c.h\n'}
[1.878923] (px4_msgs) StdoutLine: {'line': b'-- Up-to-date symlink: /home/maxim/super_ws/install/px4_msgs/include/px4_msgs/px4_msgs/msg/detail/vehicle_rates_setpoint__rosidl_typesupport_fastrtps_c.h\n'}
[1.879000] (px4_msgs) StdoutLine: {'line': b'-- Up-to-date symlink: /home/maxim/super_ws/install/px4_msgs/include/px4_msgs/px4_msgs/msg/detail/vehicle_roi__rosidl_typesupport_fastrtps_c.h\n'}
[1.879077] (px4_msgs) StdoutLine: {'line': b'-- Up-to-date symlink: /home/maxim/super_ws/install/px4_msgs/include/px4_msgs/px4_msgs/msg/detail/vehicle_status__rosidl_typesupport_fastrtps_c.h\n'}
[1.879149] (px4_msgs) StdoutLine: {'line': b'-- Up-to-date symlink: /home/maxim/super_ws/install/px4_msgs/include/px4_msgs/px4_msgs/msg/detail/vehicle_thrust_setpoint__rosidl_typesupport_fastrtps_c.h\n'}
[1.879228] (px4_msgs) StdoutLine: {'line': b'-- Up-to-date symlink: /home/maxim/super_ws/install/px4_msgs/include/px4_msgs/px4_msgs/msg/detail/vehicle_torque_setpoint__rosidl_typesupport_fastrtps_c.h\n'}
[1.879304] (px4_msgs) StdoutLine: {'line': b'-- Up-to-date symlink: /home/maxim/super_ws/install/px4_msgs/include/px4_msgs/px4_msgs/msg/detail/velocity_limits__rosidl_typesupport_fastrtps_c.h\n'}
[1.879380] (px4_msgs) StdoutLine: {'line': b'-- Up-to-date symlink: /home/maxim/super_ws/install/px4_msgs/include/px4_msgs/px4_msgs/msg/detail/vte_aid_source1d__rosidl_typesupport_fastrtps_c.h\n'}
[1.879459] (px4_msgs) StdoutLine: {'line': b'-- Up-to-date symlink: /home/maxim/super_ws/install/px4_msgs/include/px4_msgs/px4_msgs/msg/detail/vte_aid_source3d__rosidl_typesupport_fastrtps_c.h\n'}
[1.879531] (px4_msgs) StdoutLine: {'line': b'-- Up-to-date symlink: /home/maxim/super_ws/install/px4_msgs/include/px4_msgs/px4_msgs/msg/detail/vte_bias_init_status__rosidl_typesupport_fastrtps_c.h\n'}
[1.879605] (px4_msgs) StdoutLine: {'line': b'-- Up-to-date symlink: /home/maxim/super_ws/install/px4_msgs/include/px4_msgs/px4_msgs/msg/detail/vte_input__rosidl_typesupport_fastrtps_c.h\n'}
[1.879678] (px4_msgs) StdoutLine: {'line': b'-- Up-to-date symlink: /home/maxim/super_ws/install/px4_msgs/include/px4_msgs/px4_msgs/msg/detail/vte_orientation__rosidl_typesupport_fastrtps_c.h\n'}
[1.879760] (px4_msgs) StdoutLine: {'line': b'-- Up-to-date symlink: /home/maxim/super_ws/install/px4_msgs/include/px4_msgs/px4_msgs/msg/detail/vte_position__rosidl_typesupport_fastrtps_c.h\n'}
[1.879837] (px4_msgs) StdoutLine: {'line': b'-- Up-to-date symlink: /home/maxim/super_ws/install/px4_msgs/include/px4_msgs/px4_msgs/msg/detail/vtol_vehicle_status__rosidl_typesupport_fastrtps_c.h\n'}
[1.879911] (px4_msgs) StdoutLine: {'line': b'-- Up-to-date symlink: /home/maxim/super_ws/install/px4_msgs/include/px4_msgs/px4_msgs/msg/detail/vtx__rosidl_typesupport_fastrtps_c.h\n'}
[1.879992] (px4_msgs) StdoutLine: {'line': b'-- Up-to-date symlink: /home/maxim/super_ws/install/px4_msgs/include/px4_msgs/px4_msgs/msg/detail/wheel_encoders__rosidl_typesupport_fastrtps_c.h\n'}
[1.880067] (px4_msgs) StdoutLine: {'line': b'-- Up-to-date symlink: /home/maxim/super_ws/install/px4_msgs/include/px4_msgs/px4_msgs/msg/detail/wind__rosidl_typesupport_fastrtps_c.h\n'}
[1.880147] (px4_msgs) StdoutLine: {'line': b'-- Up-to-date symlink: /home/maxim/super_ws/install/px4_msgs/include/px4_msgs/px4_msgs/msg/detail/yaw_estimator_status__rosidl_typesupport_fastrtps_c.h\n'}
[1.880226] (px4_msgs) StdoutLine: {'line': b'-- Up-to-date symlink: /home/maxim/super_ws/install/px4_msgs/include/px4_msgs/px4_msgs/msg/rosidl_typesupport_fastrtps_c__visibility_control.h\n'}
[1.880304] (px4_msgs) StdoutLine: {'line': b'-- Up-to-date symlink: /home/maxim/super_ws/install/px4_msgs/include/px4_msgs/px4_msgs/srv/detail/vehicle_command__rosidl_typesupport_fastrtps_c.h\n'}
[1.887450] (px4_msgs) StdoutLine: {'line': b'-- Up-to-date symlink: /home/maxim/super_ws/install/px4_msgs/include/px4_msgs/px4_msgs/msg/action_request.hpp\n'}
[1.887594] (px4_msgs) StdoutLine: {'line': b'-- Up-to-date symlink: /home/maxim/super_ws/install/px4_msgs/include/px4_msgs/px4_msgs/msg/actuator_armed.hpp\n'}
[1.887688] (px4_msgs) StdoutLine: {'line': b'-- Up-to-date symlink: /home/maxim/super_ws/install/px4_msgs/include/px4_msgs/px4_msgs/msg/actuator_controls_status.hpp\n'}
[1.887765] (px4_msgs) StdoutLine: {'line': b'-- Up-to-date symlink: /home/maxim/super_ws/install/px4_msgs/include/px4_msgs/px4_msgs/msg/actuator_motors.hpp\n'}
[1.887836] (px4_msgs) StdoutLine: {'line': b'-- Up-to-date symlink: /home/maxim/super_ws/install/px4_msgs/include/px4_msgs/px4_msgs/msg/actuator_outputs.hpp\n'}
[1.887896] (px4_msgs) StdoutLine: {'line': b'-- Up-to-date symlink: /home/maxim/super_ws/install/px4_msgs/include/px4_msgs/px4_msgs/msg/actuator_servos.hpp\n'}
[1.887957] (px4_msgs) StdoutLine: {'line': b'-- Up-to-date symlink: /home/maxim/super_ws/install/px4_msgs/include/px4_msgs/px4_msgs/msg/actuator_servos_trim.hpp\n'}
[1.888050] (px4_msgs) StdoutLine: {'line': b'-- Up-to-date symlink: /home/maxim/super_ws/install/px4_msgs/include/px4_msgs/px4_msgs/msg/actuator_test.hpp\n'}
[1.888114] (px4_msgs) StdoutLine: {'line': b'-- Up-to-date symlink: /home/maxim/super_ws/install/px4_msgs/include/px4_msgs/px4_msgs/msg/adc_report.hpp\n'}
[1.888190] (px4_msgs) StdoutLine: {'line': b'-- Up-to-date symlink: /home/maxim/super_ws/install/px4_msgs/include/px4_msgs/px4_msgs/msg/airspeed.hpp\n'}
[1.888252] (px4_msgs) StdoutLine: {'line': b'-- Up-to-date symlink: /home/maxim/super_ws/install/px4_msgs/include/px4_msgs/px4_msgs/msg/airspeed_validated.hpp\n'}
[1.888323] (px4_msgs) StdoutLine: {'line': b'-- Up-to-date symlink: /home/maxim/super_ws/install/px4_msgs/include/px4_msgs/px4_msgs/msg/airspeed_wind.hpp\n'}
[1.888394] (px4_msgs) StdoutLine: {'line': b'-- Up-to-date symlink: /home/maxim/super_ws/install/px4_msgs/include/px4_msgs/px4_msgs/msg/arming_check_reply.hpp\n'}
[1.888466] (px4_msgs) StdoutLine: {'line': b'-- Up-to-date symlink: /home/maxim/super_ws/install/px4_msgs/include/px4_msgs/px4_msgs/msg/arming_check_request.hpp\n'}
[1.888538] (px4_msgs) StdoutLine: {'line': b'-- Up-to-date symlink: /home/maxim/super_ws/install/px4_msgs/include/px4_msgs/px4_msgs/msg/autotune_attitude_control_status.hpp\n'}
[1.888608] (px4_msgs) StdoutLine: {'line': b'-- Up-to-date symlink: /home/maxim/super_ws/install/px4_msgs/include/px4_msgs/px4_msgs/msg/aux_global_position.hpp\n'}
[1.888681] (px4_msgs) StdoutLine: {'line': b'-- Up-to-date symlink: /home/maxim/super_ws/install/px4_msgs/include/px4_msgs/px4_msgs/msg/battery_info.hpp\n'}
[1.888739] (px4_msgs) StdoutLine: {'line': b'-- Up-to-date symlink: /home/maxim/super_ws/install/px4_msgs/include/px4_msgs/px4_msgs/msg/battery_status.hpp\n'}
[1.888825] (px4_msgs) StdoutLine: {'line': b'-- Up-to-date symlink: /home/maxim/super_ws/install/px4_msgs/include/px4_msgs/px4_msgs/msg/button_event.hpp\n'}
[1.888897] (px4_msgs) StdoutLine: {'line': b'-- Up-to-date symlink: /home/maxim/super_ws/install/px4_msgs/include/px4_msgs/px4_msgs/msg/camera_capture.hpp\n'}
[1.888966] (px4_msgs) StdoutLine: {'line': b'-- Up-to-date symlink: /home/maxim/super_ws/install/px4_msgs/include/px4_msgs/px4_msgs/msg/camera_status.hpp\n'}
[1.889027] (px4_msgs) StdoutLine: {'line': b'-- Up-to-date symlink: /home/maxim/super_ws/install/px4_msgs/include/px4_msgs/px4_msgs/msg/camera_trigger.hpp\n'}
[1.889097] (px4_msgs) StdoutLine: {'line': b'-- Up-to-date symlink: /home/maxim/super_ws/install/px4_msgs/include/px4_msgs/px4_msgs/msg/can_interface_status.hpp\n'}
[1.889166] (px4_msgs) StdoutLine: {'line': b'-- Up-to-date symlink: /home/maxim/super_ws/install/px4_msgs/include/px4_msgs/px4_msgs/msg/cellular_status.hpp\n'}
[1.889237] (px4_msgs) StdoutLine: {'line': b'-- Up-to-date symlink: /home/maxim/super_ws/install/px4_msgs/include/px4_msgs/px4_msgs/msg/collision_constraints.hpp\n'}
[1.889308] (px4_msgs) StdoutLine: {'line': b'-- Up-to-date symlink: /home/maxim/super_ws/install/px4_msgs/include/px4_msgs/px4_msgs/msg/config_overrides.hpp\n'}
[1.889396] (px4_msgs) StdoutLine: {'line': b'-- Up-to-date symlink: /home/maxim/super_ws/install/px4_msgs/include/px4_msgs/px4_msgs/msg/control_allocator_status.hpp\n'}
[1.889502] (px4_msgs) StdoutLine: {'line': b'-- Up-to-date symlink: /home/maxim/super_ws/install/px4_msgs/include/px4_msgs/px4_msgs/msg/cpuload.hpp\n'}
[1.889597] (px4_msgs) StdoutLine: {'line': b'-- Up-to-date symlink: /home/maxim/super_ws/install/px4_msgs/include/px4_msgs/px4_msgs/msg/dataman_request.hpp\n'}
[1.889732] (px4_msgs) StdoutLine: {'line': b'-- Up-to-date symlink: /home/maxim/super_ws/install/px4_msgs/include/px4_msgs/px4_msgs/msg/dataman_response.hpp\n'}
[1.889841] (px4_msgs) StdoutLine: {'line': b'-- Up-to-date symlink: /home/maxim/super_ws/install/px4_msgs/include/px4_msgs/px4_msgs/msg/debug_array.hpp\n'}
[1.889910] (px4_msgs) StdoutLine: {'line': b'-- Up-to-date symlink: /home/maxim/super_ws/install/px4_msgs/include/px4_msgs/px4_msgs/msg/debug_key_value.hpp\n'}
[1.889998] (px4_msgs) StdoutLine: {'line': b'-- Up-to-date symlink: /home/maxim/super_ws/install/px4_msgs/include/px4_msgs/px4_msgs/msg/debug_value.hpp\n'}
[1.890078] (px4_msgs) StdoutLine: {'line': b'-- Up-to-date symlink: /home/maxim/super_ws/install/px4_msgs/include/px4_msgs/px4_msgs/msg/debug_vect.hpp\n'}
[1.890139] (px4_msgs) StdoutLine: {'line': b'-- Up-to-date symlink: /home/maxim/super_ws/install/px4_msgs/include/px4_msgs/px4_msgs/msg/detail/action_request__builder.hpp\n'}
[1.890221] (px4_msgs) StdoutLine: {'line': b'-- Up-to-date symlink: /home/maxim/super_ws/install/px4_msgs/include/px4_msgs/px4_msgs/msg/detail/action_request__struct.hpp\n'}
[1.890282] (px4_msgs) StdoutLine: {'line': b'-- Up-to-date symlink: /home/maxim/super_ws/install/px4_msgs/include/px4_msgs/px4_msgs/msg/detail/action_request__traits.hpp\n'}
[1.890354] (px4_msgs) StdoutLine: {'line': b'-- Up-to-date symlink: /home/maxim/super_ws/install/px4_msgs/include/px4_msgs/px4_msgs/msg/detail/action_request__type_support.hpp\n'}
[1.890417] (px4_msgs) StdoutLine: {'line': b'-- Up-to-date symlink: /home/maxim/super_ws/install/px4_msgs/include/px4_msgs/px4_msgs/msg/detail/actuator_armed__builder.hpp\n'}
[1.890514] (px4_msgs) StdoutLine: {'line': b'-- Up-to-date symlink: /home/maxim/super_ws/install/px4_msgs/include/px4_msgs/px4_msgs/msg/detail/actuator_armed__struct.hpp\n'}
[1.890586] (px4_msgs) StdoutLine: {'line': b'-- Up-to-date symlink: /home/maxim/super_ws/install/px4_msgs/include/px4_msgs/px4_msgs/msg/detail/actuator_armed__traits.hpp\n'}
[1.890660] (px4_msgs) StdoutLine: {'line': b'-- Up-to-date symlink: /home/maxim/super_ws/install/px4_msgs/include/px4_msgs/px4_msgs/msg/detail/actuator_armed__type_support.hpp\n'}
[1.890721] (px4_msgs) StdoutLine: {'line': b'-- Up-to-date symlink: /home/maxim/super_ws/install/px4_msgs/include/px4_msgs/px4_msgs/msg/detail/actuator_controls_status__builder.hpp\n'}
[1.890791] (px4_msgs) StdoutLine: {'line': b'-- Up-to-date symlink: /home/maxim/super_ws/install/px4_msgs/include/px4_msgs/px4_msgs/msg/detail/actuator_controls_status__struct.hpp\n'}
[1.890862] (px4_msgs) StdoutLine: {'line': b'-- Up-to-date symlink: /home/maxim/super_ws/install/px4_msgs/include/px4_msgs/px4_msgs/msg/detail/actuator_controls_status__traits.hpp\n'}
[1.890934] (px4_msgs) StdoutLine: {'line': b'-- Up-to-date symlink: /home/maxim/super_ws/install/px4_msgs/include/px4_msgs/px4_msgs/msg/detail/actuator_controls_status__type_support.hpp\n'}
[1.891008] (px4_msgs) StdoutLine: {'line': b'-- Up-to-date symlink: /home/maxim/super_ws/install/px4_msgs/include/px4_msgs/px4_msgs/msg/detail/actuator_motors__builder.hpp\n'}
[1.891090] (px4_msgs) StdoutLine: {'line': b'-- Up-to-date symlink: /home/maxim/super_ws/install/px4_msgs/include/px4_msgs/px4_msgs/msg/detail/actuator_motors__struct.hpp\n'}
[1.891149] (px4_msgs) StdoutLine: {'line': b'-- Up-to-date symlink: /home/maxim/super_ws/install/px4_msgs/include/px4_msgs/px4_msgs/msg/detail/actuator_motors__traits.hpp\n'}
[1.891231] (px4_msgs) StdoutLine: {'line': b'-- Up-to-date symlink: /home/maxim/super_ws/install/px4_msgs/include/px4_msgs/px4_msgs/msg/detail/actuator_motors__type_support.hpp\n'}
[1.891327] (px4_msgs) StdoutLine: {'line': b'-- Up-to-date symlink: /home/maxim/super_ws/install/px4_msgs/include/px4_msgs/px4_msgs/msg/detail/actuator_outputs__builder.hpp\n'}
[1.891403] (px4_msgs) StdoutLine: {'line': b'-- Up-to-date symlink: /home/maxim/super_ws/install/px4_msgs/include/px4_msgs/px4_msgs/msg/detail/actuator_outputs__struct.hpp\n'}
[1.891476] (px4_msgs) StdoutLine: {'line': b'-- Up-to-date symlink: /home/maxim/super_ws/install/px4_msgs/include/px4_msgs/px4_msgs/msg/detail/actuator_outputs__traits.hpp\n'}
[1.891548] (px4_msgs) StdoutLine: {'line': b'-- Up-to-date symlink: /home/maxim/super_ws/install/px4_msgs/include/px4_msgs/px4_msgs/msg/detail/actuator_outputs__type_support.hpp\n'}
[1.891619] (px4_msgs) StdoutLine: {'line': b'-- Up-to-date symlink: /home/maxim/super_ws/install/px4_msgs/include/px4_msgs/px4_msgs/msg/detail/actuator_servos__builder.hpp\n'}
[1.891687] (px4_msgs) StdoutLine: {'line': b'-- Up-to-date symlink: /home/maxim/super_ws/install/px4_msgs/include/px4_msgs/px4_msgs/msg/detail/actuator_servos__struct.hpp\n'}
[1.891768] (px4_msgs) StdoutLine: {'line': b'-- Up-to-date symlink: /home/maxim/super_ws/install/px4_msgs/include/px4_msgs/px4_msgs/msg/detail/actuator_servos__traits.hpp\n'}
[1.891838] (px4_msgs) StdoutLine: {'line': b'-- Up-to-date symlink: /home/maxim/super_ws/install/px4_msgs/include/px4_msgs/px4_msgs/msg/detail/actuator_servos__type_support.hpp\n'}
[1.891899] (px4_msgs) StdoutLine: {'line': b'-- Up-to-date symlink: /home/maxim/super_ws/install/px4_msgs/include/px4_msgs/px4_msgs/msg/detail/actuator_servos_trim__builder.hpp\n'}
[1.891969] (px4_msgs) StdoutLine: {'line': b'-- Up-to-date symlink: /home/maxim/super_ws/install/px4_msgs/include/px4_msgs/px4_msgs/msg/detail/actuator_servos_trim__struct.hpp\n'}
[1.892041] (px4_msgs) StdoutLine: {'line': b'-- Up-to-date symlink: /home/maxim/super_ws/install/px4_msgs/include/px4_msgs/px4_msgs/msg/detail/actuator_servos_trim__traits.hpp\n'}
[1.892113] (px4_msgs) StdoutLine: {'line': b'-- Up-to-date symlink: /home/maxim/super_ws/install/px4_msgs/include/px4_msgs/px4_msgs/msg/detail/actuator_servos_trim__type_support.hpp\n'}
[1.892183] (px4_msgs) StdoutLine: {'line': b'-- Up-to-date symlink: /home/maxim/super_ws/install/px4_msgs/include/px4_msgs/px4_msgs/msg/detail/actuator_test__builder.hpp\n'}
[1.892257] (px4_msgs) StdoutLine: {'line': b'-- Up-to-date symlink: /home/maxim/super_ws/install/px4_msgs/include/px4_msgs/px4_msgs/msg/detail/actuator_test__struct.hpp\n'}
[1.892329] (px4_msgs) StdoutLine: {'line': b'-- Up-to-date symlink: /home/maxim/super_ws/install/px4_msgs/include/px4_msgs/px4_msgs/msg/detail/actuator_test__traits.hpp\n'}
[1.892400] (px4_msgs) StdoutLine: {'line': b'-- Up-to-date symlink: /home/maxim/super_ws/install/px4_msgs/include/px4_msgs/px4_msgs/msg/detail/actuator_test__type_support.hpp\n'}
[1.892480] (px4_msgs) StdoutLine: {'line': b'-- Up-to-date symlink: /home/maxim/super_ws/install/px4_msgs/include/px4_msgs/px4_msgs/msg/detail/adc_report__builder.hpp\n'}
[1.892559] (px4_msgs) StdoutLine: {'line': b'-- Up-to-date symlink: /home/maxim/super_ws/install/px4_msgs/include/px4_msgs/px4_msgs/msg/detail/adc_report__struct.hpp\n'}
[1.892634] (px4_msgs) StdoutLine: {'line': b'-- Up-to-date symlink: /home/maxim/super_ws/install/px4_msgs/include/px4_msgs/px4_msgs/msg/detail/adc_report__traits.hpp\n'}
[1.892712] (px4_msgs) StdoutLine: {'line': b'-- Up-to-date symlink: /home/maxim/super_ws/install/px4_msgs/include/px4_msgs/px4_msgs/msg/detail/adc_report__type_support.hpp\n'}
[1.892788] (px4_msgs) StdoutLine: {'line': b'-- Up-to-date symlink: /home/maxim/super_ws/install/px4_msgs/include/px4_msgs/px4_msgs/msg/detail/airspeed__builder.hpp\n'}
[1.892862] (px4_msgs) StdoutLine: {'line': b'-- Up-to-date symlink: /home/maxim/super_ws/install/px4_msgs/include/px4_msgs/px4_msgs/msg/detail/airspeed__struct.hpp\n'}
[1.892938] (px4_msgs) StdoutLine: {'line': b'-- Up-to-date symlink: /home/maxim/super_ws/install/px4_msgs/include/px4_msgs/px4_msgs/msg/detail/airspeed__traits.hpp\n'}
[1.893011] (px4_msgs) StdoutLine: {'line': b'-- Up-to-date symlink: /home/maxim/super_ws/install/px4_msgs/include/px4_msgs/px4_msgs/msg/detail/airspeed__type_support.hpp\n'}
[1.893083] (px4_msgs) StdoutLine: {'line': b'-- Up-to-date symlink: /home/maxim/super_ws/install/px4_msgs/include/px4_msgs/px4_msgs/msg/detail/airspeed_validated__builder.hpp\n'}
[1.893153] (px4_msgs) StdoutLine: {'line': b'-- Up-to-date symlink: /home/maxim/super_ws/install/px4_msgs/include/px4_msgs/px4_msgs/msg/detail/airspeed_validated__struct.hpp\n'}
[1.893227] (px4_msgs) StdoutLine: {'line': b'-- Up-to-date symlink: /home/maxim/super_ws/install/px4_msgs/include/px4_msgs/px4_msgs/msg/detail/airspeed_validated__traits.hpp\n'}
[1.893336] (px4_msgs) StdoutLine: {'line': b'-- Up-to-date symlink: /home/maxim/super_ws/install/px4_msgs/include/px4_msgs/px4_msgs/msg/detail/airspeed_validated__type_support.hpp\n'}
[1.893413] (px4_msgs) StdoutLine: {'line': b'-- Up-to-date symlink: /home/maxim/super_ws/install/px4_msgs/include/px4_msgs/px4_msgs/msg/detail/airspeed_wind__builder.hpp\n'}
[1.893495] (px4_msgs) StdoutLine: {'line': b'-- Up-to-date symlink: /home/maxim/super_ws/install/px4_msgs/include/px4_msgs/px4_msgs/msg/detail/airspeed_wind__struct.hpp\n'}
[1.893572] (px4_msgs) StdoutLine: {'line': b'-- Up-to-date symlink: /home/maxim/super_ws/install/px4_msgs/include/px4_msgs/px4_msgs/msg/detail/airspeed_wind__traits.hpp\n'}
[1.893648] (px4_msgs) StdoutLine: {'line': b'-- Up-to-date symlink: /home/maxim/super_ws/install/px4_msgs/include/px4_msgs/px4_msgs/msg/detail/airspeed_wind__type_support.hpp\n'}
[1.893757] (px4_msgs) StdoutLine: {'line': b'-- Up-to-date symlink: /home/maxim/super_ws/install/px4_msgs/include/px4_msgs/px4_msgs/msg/detail/arming_check_reply__builder.hpp\n'}
[1.893836] (px4_msgs) StdoutLine: {'line': b'-- Up-to-date symlink: /home/maxim/super_ws/install/px4_msgs/include/px4_msgs/px4_msgs/msg/detail/arming_check_reply__struct.hpp\n'}
[1.893910] (px4_msgs) StdoutLine: {'line': b'-- Up-to-date symlink: /home/maxim/super_ws/install/px4_msgs/include/px4_msgs/px4_msgs/msg/detail/arming_check_reply__traits.hpp\n'}
[1.893983] (px4_msgs) StdoutLine: {'line': b'-- Up-to-date symlink: /home/maxim/super_ws/install/px4_msgs/include/px4_msgs/px4_msgs/msg/detail/arming_check_reply__type_support.hpp\n'}
[1.894053] (px4_msgs) StdoutLine: {'line': b'-- Up-to-date symlink: /home/maxim/super_ws/install/px4_msgs/include/px4_msgs/px4_msgs/msg/detail/arming_check_request__builder.hpp\n'}
[1.894123] (px4_msgs) StdoutLine: {'line': b'-- Up-to-date symlink: /home/maxim/super_ws/install/px4_msgs/include/px4_msgs/px4_msgs/msg/detail/arming_check_request__struct.hpp\n'}
[1.894194] (px4_msgs) StdoutLine: {'line': b'-- Up-to-date symlink: /home/maxim/super_ws/install/px4_msgs/include/px4_msgs/px4_msgs/msg/detail/arming_check_request__traits.hpp\n'}
[1.894268] (px4_msgs) StdoutLine: {'line': b'-- Up-to-date symlink: /home/maxim/super_ws/install/px4_msgs/include/px4_msgs/px4_msgs/msg/detail/arming_check_request__type_support.hpp\n'}
[1.894343] (px4_msgs) StdoutLine: {'line': b'-- Up-to-date symlink: /home/maxim/super_ws/install/px4_msgs/include/px4_msgs/px4_msgs/msg/detail/autotune_attitude_control_status__builder.hpp\n'}
[1.894416] (px4_msgs) StdoutLine: {'line': b'-- Up-to-date symlink: /home/maxim/super_ws/install/px4_msgs/include/px4_msgs/px4_msgs/msg/detail/autotune_attitude_control_status__struct.hpp\n'}
[1.894488] (px4_msgs) StdoutLine: {'line': b'-- Up-to-date symlink: /home/maxim/super_ws/install/px4_msgs/include/px4_msgs/px4_msgs/msg/detail/autotune_attitude_control_status__traits.hpp\n'}
[1.894581] (px4_msgs) StdoutLine: {'line': b'-- Up-to-date symlink: /home/maxim/super_ws/install/px4_msgs/include/px4_msgs/px4_msgs/msg/detail/autotune_attitude_control_status__type_support.hpp\n'}
[1.894660] (px4_msgs) StdoutLine: {'line': b'-- Up-to-date symlink: /home/maxim/super_ws/install/px4_msgs/include/px4_msgs/px4_msgs/msg/detail/aux_global_position__builder.hpp\n'}
[1.894743] (px4_msgs) StdoutLine: {'line': b'-- Up-to-date symlink: /home/maxim/super_ws/install/px4_msgs/include/px4_msgs/px4_msgs/msg/detail/aux_global_position__struct.hpp\n'}
[1.894825] (px4_msgs) StdoutLine: {'line': b'-- Up-to-date symlink: /home/maxim/super_ws/install/px4_msgs/include/px4_msgs/px4_msgs/msg/detail/aux_global_position__traits.hpp\n'}
[1.894911] (px4_msgs) StdoutLine: {'line': b'-- Up-to-date symlink: /home/maxim/super_ws/install/px4_msgs/include/px4_msgs/px4_msgs/msg/detail/aux_global_position__type_support.hpp\n'}
[1.894988] (px4_msgs) StdoutLine: {'line': b'-- Up-to-date symlink: /home/maxim/super_ws/install/px4_msgs/include/px4_msgs/px4_msgs/msg/detail/battery_info__builder.hpp\n'}
[1.895060] (px4_msgs) StdoutLine: {'line': b'-- Up-to-date symlink: /home/maxim/super_ws/install/px4_msgs/include/px4_msgs/px4_msgs/msg/detail/battery_info__struct.hpp\n'}
[1.895133] (px4_msgs) StdoutLine: {'line': b'-- Up-to-date symlink: /home/maxim/super_ws/install/px4_msgs/include/px4_msgs/px4_msgs/msg/detail/battery_info__traits.hpp\n'}
[1.895209] (px4_msgs) StdoutLine: {'line': b'-- Up-to-date symlink: /home/maxim/super_ws/install/px4_msgs/include/px4_msgs/px4_msgs/msg/detail/battery_info__type_support.hpp\n'}
[1.895283] (px4_msgs) StdoutLine: {'line': b'-- Up-to-date symlink: /home/maxim/super_ws/install/px4_msgs/include/px4_msgs/px4_msgs/msg/detail/battery_status__builder.hpp\n'}
[1.895360] (px4_msgs) StdoutLine: {'line': b'-- Up-to-date symlink: /home/maxim/super_ws/install/px4_msgs/include/px4_msgs/px4_msgs/msg/detail/battery_status__struct.hpp\n'}
[1.895436] (px4_msgs) StdoutLine: {'line': b'-- Up-to-date symlink: /home/maxim/super_ws/install/px4_msgs/include/px4_msgs/px4_msgs/msg/detail/battery_status__traits.hpp\n'}
[1.895507] (px4_msgs) StdoutLine: {'line': b'-- Up-to-date symlink: /home/maxim/super_ws/install/px4_msgs/include/px4_msgs/px4_msgs/msg/detail/battery_status__type_support.hpp\n'}
[1.895578] (px4_msgs) StdoutLine: {'line': b'-- Up-to-date symlink: /home/maxim/super_ws/install/px4_msgs/include/px4_msgs/px4_msgs/msg/detail/button_event__builder.hpp\n'}
[1.895652] (px4_msgs) StdoutLine: {'line': b'-- Up-to-date symlink: /home/maxim/super_ws/install/px4_msgs/include/px4_msgs/px4_msgs/msg/detail/button_event__struct.hpp\n'}
[1.895727] (px4_msgs) StdoutLine: {'line': b'-- Up-to-date symlink: /home/maxim/super_ws/install/px4_msgs/include/px4_msgs/px4_msgs/msg/detail/button_event__traits.hpp\n'}
[1.895802] (px4_msgs) StdoutLine: {'line': b'-- Up-to-date symlink: /home/maxim/super_ws/install/px4_msgs/include/px4_msgs/px4_msgs/msg/detail/button_event__type_support.hpp\n'}
[1.895914] (px4_msgs) StdoutLine: {'line': b'-- Up-to-date symlink: /home/maxim/super_ws/install/px4_msgs/include/px4_msgs/px4_msgs/msg/detail/camera_capture__builder.hpp\n'}
[1.895998] (px4_msgs) StdoutLine: {'line': b'-- Up-to-date symlink: /home/maxim/super_ws/install/px4_msgs/include/px4_msgs/px4_msgs/msg/detail/camera_capture__struct.hpp\n'}
[1.896074] (px4_msgs) StdoutLine: {'line': b'-- Up-to-date symlink: /home/maxim/super_ws/install/px4_msgs/include/px4_msgs/px4_msgs/msg/detail/camera_capture__traits.hpp\n'}
[1.896152] (px4_msgs) StdoutLine: {'line': b'-- Up-to-date symlink: /home/maxim/super_ws/install/px4_msgs/include/px4_msgs/px4_msgs/msg/detail/camera_capture__type_support.hpp\n'}
[1.896224] (px4_msgs) StdoutLine: {'line': b'-- Up-to-date symlink: /home/maxim/super_ws/install/px4_msgs/include/px4_msgs/px4_msgs/msg/detail/camera_status__builder.hpp\n'}
[1.896291] (px4_msgs) StdoutLine: {'line': b'-- Up-to-date symlink: /home/maxim/super_ws/install/px4_msgs/include/px4_msgs/px4_msgs/msg/detail/camera_status__struct.hpp\n'}
[1.896365] (px4_msgs) StdoutLine: {'line': b'-- Up-to-date symlink: /home/maxim/super_ws/install/px4_msgs/include/px4_msgs/px4_msgs/msg/detail/camera_status__traits.hpp\n'}
[1.896440] (px4_msgs) StdoutLine: {'line': b'-- Up-to-date symlink: /home/maxim/super_ws/install/px4_msgs/include/px4_msgs/px4_msgs/msg/detail/camera_status__type_support.hpp\n'}
[1.896529] (px4_msgs) StdoutLine: {'line': b'-- Up-to-date symlink: /home/maxim/super_ws/install/px4_msgs/include/px4_msgs/px4_msgs/msg/detail/camera_trigger__builder.hpp\n'}
[1.896611] (px4_msgs) StdoutLine: {'line': b'-- Up-to-date symlink: /home/maxim/super_ws/install/px4_msgs/include/px4_msgs/px4_msgs/msg/detail/camera_trigger__struct.hpp\n'}
[1.896711] (px4_msgs) StdoutLine: {'line': b'-- Up-to-date symlink: /home/maxim/super_ws/install/px4_msgs/include/px4_msgs/px4_msgs/msg/detail/camera_trigger__traits.hpp\n'}
[1.896799] (px4_msgs) StdoutLine: {'line': b'-- Up-to-date symlink: /home/maxim/super_ws/install/px4_msgs/include/px4_msgs/px4_msgs/msg/detail/camera_trigger__type_support.hpp\n'}
[1.896916] (px4_msgs) StdoutLine: {'line': b'-- Up-to-date symlink: /home/maxim/super_ws/install/px4_msgs/include/px4_msgs/px4_msgs/msg/detail/can_interface_status__builder.hpp\n'}
[1.896997] (px4_msgs) StdoutLine: {'line': b'-- Up-to-date symlink: /home/maxim/super_ws/install/px4_msgs/include/px4_msgs/px4_msgs/msg/detail/can_interface_status__struct.hpp\n'}
[1.897061] (px4_msgs) StdoutLine: {'line': b'-- Up-to-date symlink: /home/maxim/super_ws/install/px4_msgs/include/px4_msgs/px4_msgs/msg/detail/can_interface_status__traits.hpp\n'}
[1.897144] (px4_msgs) StdoutLine: {'line': b'-- Up-to-date symlink: /home/maxim/super_ws/install/px4_msgs/include/px4_msgs/px4_msgs/msg/detail/can_interface_status__type_support.hpp\n'}
[1.897259] (px4_msgs) StdoutLine: {'line': b'-- Up-to-date symlink: /home/maxim/super_ws/install/px4_msgs/include/px4_msgs/px4_msgs/msg/detail/cellular_status__builder.hpp\n'}
[1.897340] (px4_msgs) StdoutLine: {'line': b'-- Up-to-date symlink: /home/maxim/super_ws/install/px4_msgs/include/px4_msgs/px4_msgs/msg/detail/cellular_status__struct.hpp\n'}
[1.897415] (px4_msgs) StdoutLine: {'line': b'-- Up-to-date symlink: /home/maxim/super_ws/install/px4_msgs/include/px4_msgs/px4_msgs/msg/detail/cellular_status__traits.hpp\n'}
[1.897486] (px4_msgs) StdoutLine: {'line': b'-- Up-to-date symlink: /home/maxim/super_ws/install/px4_msgs/include/px4_msgs/px4_msgs/msg/detail/cellular_status__type_support.hpp\n'}
[1.897559] (px4_msgs) StdoutLine: {'line': b'-- Up-to-date symlink: /home/maxim/super_ws/install/px4_msgs/include/px4_msgs/px4_msgs/msg/detail/collision_constraints__builder.hpp\n'}
[1.897630] (px4_msgs) StdoutLine: {'line': b'-- Up-to-date symlink: /home/maxim/super_ws/install/px4_msgs/include/px4_msgs/px4_msgs/msg/detail/collision_constraints__struct.hpp\n'}
[1.897704] (px4_msgs) StdoutLine: {'line': b'-- Up-to-date symlink: /home/maxim/super_ws/install/px4_msgs/include/px4_msgs/px4_msgs/msg/detail/collision_constraints__traits.hpp\n'}
[1.897766] (px4_msgs) StdoutLine: {'line': b'-- Up-to-date symlink: /home/maxim/super_ws/install/px4_msgs/include/px4_msgs/px4_msgs/msg/detail/collision_constraints__type_support.hpp\n'}
[1.897848] (px4_msgs) StdoutLine: {'line': b'-- Up-to-date symlink: /home/maxim/super_ws/install/px4_msgs/include/px4_msgs/px4_msgs/msg/detail/config_overrides__builder.hpp\n'}
[1.897911] (px4_msgs) StdoutLine: {'line': b'-- Up-to-date symlink: /home/maxim/super_ws/install/px4_msgs/include/px4_msgs/px4_msgs/msg/detail/config_overrides__struct.hpp\n'}
[1.897985] (px4_msgs) StdoutLine: {'line': b'-- Up-to-date symlink: /home/maxim/super_ws/install/px4_msgs/include/px4_msgs/px4_msgs/msg/detail/config_overrides__traits.hpp\n'}
[1.898063] (px4_msgs) StdoutLine: {'line': b'-- Up-to-date symlink: /home/maxim/super_ws/install/px4_msgs/include/px4_msgs/px4_msgs/msg/detail/config_overrides__type_support.hpp\n'}
[1.898123] (px4_msgs) StdoutLine: {'line': b'-- Up-to-date symlink: /home/maxim/super_ws/install/px4_msgs/include/px4_msgs/px4_msgs/msg/detail/control_allocator_status__builder.hpp\n'}
[1.898198] (px4_msgs) StdoutLine: {'line': b'-- Up-to-date symlink: /home/maxim/super_ws/install/px4_msgs/include/px4_msgs/px4_msgs/msg/detail/control_allocator_status__struct.hpp\n'}
[1.898269] (px4_msgs) StdoutLine: {'line': b'-- Up-to-date symlink: /home/maxim/super_ws/install/px4_msgs/include/px4_msgs/px4_msgs/msg/detail/control_allocator_status__traits.hpp\n'}
[1.898340] (px4_msgs) StdoutLine: {'line': b'-- Up-to-date symlink: /home/maxim/super_ws/install/px4_msgs/include/px4_msgs/px4_msgs/msg/detail/control_allocator_status__type_support.hpp\n'}
[1.898415] (px4_msgs) StdoutLine: {'line': b'-- Up-to-date symlink: /home/maxim/super_ws/install/px4_msgs/include/px4_msgs/px4_msgs/msg/detail/cpuload__builder.hpp\n'}
[1.898487] (px4_msgs) StdoutLine: {'line': b'-- Up-to-date symlink: /home/maxim/super_ws/install/px4_msgs/include/px4_msgs/px4_msgs/msg/detail/cpuload__struct.hpp\n'}
[1.898558] (px4_msgs) StdoutLine: {'line': b'-- Up-to-date symlink: /home/maxim/super_ws/install/px4_msgs/include/px4_msgs/px4_msgs/msg/detail/cpuload__traits.hpp\n'}
[1.898631] (px4_msgs) StdoutLine: {'line': b'-- Up-to-date symlink: /home/maxim/super_ws/install/px4_msgs/include/px4_msgs/px4_msgs/msg/detail/cpuload__type_support.hpp\n'}
[1.898707] (px4_msgs) StdoutLine: {'line': b'-- Up-to-date symlink: /home/maxim/super_ws/install/px4_msgs/include/px4_msgs/px4_msgs/msg/detail/dataman_request__builder.hpp\n'}
[1.898779] (px4_msgs) StdoutLine: {'line': b'-- Up-to-date symlink: /home/maxim/super_ws/install/px4_msgs/include/px4_msgs/px4_msgs/msg/detail/dataman_request__struct.hpp\n'}
[1.898850] (px4_msgs) StdoutLine: {'line': b'-- Up-to-date symlink: /home/maxim/super_ws/install/px4_msgs/include/px4_msgs/px4_msgs/msg/detail/dataman_request__traits.hpp\n'}
[1.898921] (px4_msgs) StdoutLine: {'line': b'-- Up-to-date symlink: /home/maxim/super_ws/install/px4_msgs/include/px4_msgs/px4_msgs/msg/detail/dataman_request__type_support.hpp\n'}
[1.898995] (px4_msgs) StdoutLine: {'line': b'-- Up-to-date symlink: /home/maxim/super_ws/install/px4_msgs/include/px4_msgs/px4_msgs/msg/detail/dataman_response__builder.hpp\n'}
[1.899069] (px4_msgs) StdoutLine: {'line': b'-- Up-to-date symlink: /home/maxim/super_ws/install/px4_msgs/include/px4_msgs/px4_msgs/msg/detail/dataman_response__struct.hpp\n'}
[1.899183] (px4_msgs) StdoutLine: {'line': b'-- Up-to-date symlink: /home/maxim/super_ws/install/px4_msgs/include/px4_msgs/px4_msgs/msg/detail/dataman_response__traits.hpp\n'}
[1.899263] (px4_msgs) StdoutLine: {'line': b'-- Up-to-date symlink: /home/maxim/super_ws/install/px4_msgs/include/px4_msgs/px4_msgs/msg/detail/dataman_response__type_support.hpp\n'}
[1.899340] (px4_msgs) StdoutLine: {'line': b'-- Up-to-date symlink: /home/maxim/super_ws/install/px4_msgs/include/px4_msgs/px4_msgs/msg/detail/debug_array__builder.hpp\n'}
[1.899414] (px4_msgs) StdoutLine: {'line': b'-- Up-to-date symlink: /home/maxim/super_ws/install/px4_msgs/include/px4_msgs/px4_msgs/msg/detail/debug_array__struct.hpp\n'}
[1.899489] (px4_msgs) StdoutLine: {'line': b'-- Up-to-date symlink: /home/maxim/super_ws/install/px4_msgs/include/px4_msgs/px4_msgs/msg/detail/debug_array__traits.hpp\n'}
[1.899560] (px4_msgs) StdoutLine: {'line': b'-- Up-to-date symlink: /home/maxim/super_ws/install/px4_msgs/include/px4_msgs/px4_msgs/msg/detail/debug_array__type_support.hpp\n'}
[1.899633] (px4_msgs) StdoutLine: {'line': b'-- Up-to-date symlink: /home/maxim/super_ws/install/px4_msgs/include/px4_msgs/px4_msgs/msg/detail/debug_key_value__builder.hpp\n'}
[1.899713] (px4_msgs) StdoutLine: {'line': b'-- Up-to-date symlink: /home/maxim/super_ws/install/px4_msgs/include/px4_msgs/px4_msgs/msg/detail/debug_key_value__struct.hpp\n'}
[1.899784] (px4_msgs) StdoutLine: {'line': b'-- Up-to-date symlink: /home/maxim/super_ws/install/px4_msgs/include/px4_msgs/px4_msgs/msg/detail/debug_key_value__traits.hpp\n'}
[1.899857] (px4_msgs) StdoutLine: {'line': b'-- Up-to-date symlink: /home/maxim/super_ws/install/px4_msgs/include/px4_msgs/px4_msgs/msg/detail/debug_key_value__type_support.hpp\n'}
[1.899933] (px4_msgs) StdoutLine: {'line': b'-- Up-to-date symlink: /home/maxim/super_ws/install/px4_msgs/include/px4_msgs/px4_msgs/msg/detail/debug_value__builder.hpp\n'}
[1.900005] (px4_msgs) StdoutLine: {'line': b'-- Up-to-date symlink: /home/maxim/super_ws/install/px4_msgs/include/px4_msgs/px4_msgs/msg/detail/debug_value__struct.hpp\n'}
[1.900078] (px4_msgs) StdoutLine: {'line': b'-- Up-to-date symlink: /home/maxim/super_ws/install/px4_msgs/include/px4_msgs/px4_msgs/msg/detail/debug_value__traits.hpp\n'}
[1.900153] (px4_msgs) StdoutLine: {'line': b'-- Up-to-date symlink: /home/maxim/super_ws/install/px4_msgs/include/px4_msgs/px4_msgs/msg/detail/debug_value__type_support.hpp\n'}
[1.900228] (px4_msgs) StdoutLine: {'line': b'-- Up-to-date symlink: /home/maxim/super_ws/install/px4_msgs/include/px4_msgs/px4_msgs/msg/detail/debug_vect__builder.hpp\n'}
[1.900346] (px4_msgs) StdoutLine: {'line': b'-- Up-to-date symlink: /home/maxim/super_ws/install/px4_msgs/include/px4_msgs/px4_msgs/msg/detail/debug_vect__struct.hpp\n'}
[1.900429] (px4_msgs) StdoutLine: {'line': b'-- Up-to-date symlink: /home/maxim/super_ws/install/px4_msgs/include/px4_msgs/px4_msgs/msg/detail/debug_vect__traits.hpp\n'}
[1.900505] (px4_msgs) StdoutLine: {'line': b'-- Up-to-date symlink: /home/maxim/super_ws/install/px4_msgs/include/px4_msgs/px4_msgs/msg/detail/debug_vect__type_support.hpp\n'}
[1.900582] (px4_msgs) StdoutLine: {'line': b'-- Up-to-date symlink: /home/maxim/super_ws/install/px4_msgs/include/px4_msgs/px4_msgs/msg/detail/device_information__builder.hpp\n'}
[1.900659] (px4_msgs) StdoutLine: {'line': b'-- Up-to-date symlink: /home/maxim/super_ws/install/px4_msgs/include/px4_msgs/px4_msgs/msg/detail/device_information__struct.hpp\n'}
[1.900732] (px4_msgs) StdoutLine: {'line': b'-- Up-to-date symlink: /home/maxim/super_ws/install/px4_msgs/include/px4_msgs/px4_msgs/msg/detail/device_information__traits.hpp\n'}
[1.900805] (px4_msgs) StdoutLine: {'line': b'-- Up-to-date symlink: /home/maxim/super_ws/install/px4_msgs/include/px4_msgs/px4_msgs/msg/detail/device_information__type_support.hpp\n'}
[1.900879] (px4_msgs) StdoutLine: {'line': b'-- Up-to-date symlink: /home/maxim/super_ws/install/px4_msgs/include/px4_msgs/px4_msgs/msg/detail/differential_pressure__builder.hpp\n'}
[1.900958] (px4_msgs) StdoutLine: {'line': b'-- Up-to-date symlink: /home/maxim/super_ws/install/px4_msgs/include/px4_msgs/px4_msgs/msg/detail/differential_pressure__struct.hpp\n'}
[1.901032] (px4_msgs) StdoutLine: {'line': b'-- Up-to-date symlink: /home/maxim/super_ws/install/px4_msgs/include/px4_msgs/px4_msgs/msg/detail/differential_pressure__traits.hpp\n'}
[1.901102] (px4_msgs) StdoutLine: {'line': b'-- Up-to-date symlink: /home/maxim/super_ws/install/px4_msgs/include/px4_msgs/px4_msgs/msg/detail/differential_pressure__type_support.hpp\n'}
[1.901172] (px4_msgs) StdoutLine: {'line': b'-- Up-to-date symlink: /home/maxim/super_ws/install/px4_msgs/include/px4_msgs/px4_msgs/msg/detail/distance_sensor__builder.hpp\n'}
[1.901245] (px4_msgs) StdoutLine: {'line': b'-- Up-to-date symlink: /home/maxim/super_ws/install/px4_msgs/include/px4_msgs/px4_msgs/msg/detail/distance_sensor__struct.hpp\n'}
[1.901319] (px4_msgs) StdoutLine: {'line': b'-- Up-to-date symlink: /home/maxim/super_ws/install/px4_msgs/include/px4_msgs/px4_msgs/msg/detail/distance_sensor__traits.hpp\n'}
[1.901392] (px4_msgs) StdoutLine: {'line': b'-- Up-to-date symlink: /home/maxim/super_ws/install/px4_msgs/include/px4_msgs/px4_msgs/msg/detail/distance_sensor__type_support.hpp\n'}
[1.901499] (px4_msgs) StdoutLine: {'line': b'-- Up-to-date symlink: /home/maxim/super_ws/install/px4_msgs/include/px4_msgs/px4_msgs/msg/detail/distance_sensor_mode_change_request__builder.hpp\n'}
[1.901572] (px4_msgs) StdoutLine: {'line': b'-- Up-to-date symlink: /home/maxim/super_ws/install/px4_msgs/include/px4_msgs/px4_msgs/msg/detail/distance_sensor_mode_change_request__struct.hpp\n'}
[1.901649] (px4_msgs) StdoutLine: {'line': b'-- Up-to-date symlink: /home/maxim/super_ws/install/px4_msgs/include/px4_msgs/px4_msgs/msg/detail/distance_sensor_mode_change_request__traits.hpp\n'}
[1.901727] (px4_msgs) StdoutLine: {'line': b'-- Up-to-date symlink: /home/maxim/super_ws/install/px4_msgs/include/px4_msgs/px4_msgs/msg/detail/distance_sensor_mode_change_request__type_support.hpp\n'}
[1.901800] (px4_msgs) StdoutLine: {'line': b'-- Up-to-date symlink: /home/maxim/super_ws/install/px4_msgs/include/px4_msgs/px4_msgs/msg/detail/dronecan_node_status__builder.hpp\n'}
[1.901875] (px4_msgs) StdoutLine: {'line': b'-- Up-to-date symlink: /home/maxim/super_ws/install/px4_msgs/include/px4_msgs/px4_msgs/msg/detail/dronecan_node_status__struct.hpp\n'}
[1.901949] (px4_msgs) StdoutLine: {'line': b'-- Up-to-date symlink: /home/maxim/super_ws/install/px4_msgs/include/px4_msgs/px4_msgs/msg/detail/dronecan_node_status__traits.hpp\n'}
[1.902023] (px4_msgs) StdoutLine: {'line': b'-- Up-to-date symlink: /home/maxim/super_ws/install/px4_msgs/include/px4_msgs/px4_msgs/msg/detail/dronecan_node_status__type_support.hpp\n'}
[1.902131] (px4_msgs) StdoutLine: {'line': b'-- Up-to-date symlink: /home/maxim/super_ws/install/px4_msgs/include/px4_msgs/px4_msgs/msg/detail/ekf2_timestamps__builder.hpp\n'}
[1.902214] (px4_msgs) StdoutLine: {'line': b'-- Up-to-date symlink: /home/maxim/super_ws/install/px4_msgs/include/px4_msgs/px4_msgs/msg/detail/ekf2_timestamps__struct.hpp\n'}
[1.902296] (px4_msgs) StdoutLine: {'line': b'-- Up-to-date symlink: /home/maxim/super_ws/install/px4_msgs/include/px4_msgs/px4_msgs/msg/detail/ekf2_timestamps__traits.hpp\n'}
[1.902375] (px4_msgs) StdoutLine: {'line': b'-- Up-to-date symlink: /home/maxim/super_ws/install/px4_msgs/include/px4_msgs/px4_msgs/msg/detail/ekf2_timestamps__type_support.hpp\n'}
[1.902447] (px4_msgs) StdoutLine: {'line': b'-- Up-to-date symlink: /home/maxim/super_ws/install/px4_msgs/include/px4_msgs/px4_msgs/msg/detail/esc_eeprom_read__builder.hpp\n'}
[1.902517] (px4_msgs) StdoutLine: {'line': b'-- Up-to-date symlink: /home/maxim/super_ws/install/px4_msgs/include/px4_msgs/px4_msgs/msg/detail/esc_eeprom_read__struct.hpp\n'}
[1.902590] (px4_msgs) StdoutLine: {'line': b'-- Up-to-date symlink: /home/maxim/super_ws/install/px4_msgs/include/px4_msgs/px4_msgs/msg/detail/esc_eeprom_read__traits.hpp\n'}
[1.902670] (px4_msgs) StdoutLine: {'line': b'-- Up-to-date symlink: /home/maxim/super_ws/install/px4_msgs/include/px4_msgs/px4_msgs/msg/detail/esc_eeprom_read__type_support.hpp\n'}
[1.902747] (px4_msgs) StdoutLine: {'line': b'-- Up-to-date symlink: /home/maxim/super_ws/install/px4_msgs/include/px4_msgs/px4_msgs/msg/detail/esc_eeprom_write__builder.hpp\n'}
[1.902821] (px4_msgs) StdoutLine: {'line': b'-- Up-to-date symlink: /home/maxim/super_ws/install/px4_msgs/include/px4_msgs/px4_msgs/msg/detail/esc_eeprom_write__struct.hpp\n'}
[1.902895] (px4_msgs) StdoutLine: {'line': b'-- Up-to-date symlink: /home/maxim/super_ws/install/px4_msgs/include/px4_msgs/px4_msgs/msg/detail/esc_eeprom_write__traits.hpp\n'}
[1.902961] (-) TimerEvent: {}
[1.903033] (px4_msgs) StdoutLine: {'line': b'-- Up-to-date symlink: /home/maxim/super_ws/install/px4_msgs/include/px4_msgs/px4_msgs/msg/detail/esc_eeprom_write__type_support.hpp\n'}
[1.903098] (px4_msgs) StdoutLine: {'line': b'-- Up-to-date symlink: /home/maxim/super_ws/install/px4_msgs/include/px4_msgs/px4_msgs/msg/detail/esc_report__builder.hpp\n'}
[1.903173] (px4_msgs) StdoutLine: {'line': b'-- Up-to-date symlink: /home/maxim/super_ws/install/px4_msgs/include/px4_msgs/px4_msgs/msg/detail/esc_report__struct.hpp\n'}
[1.903248] (px4_msgs) StdoutLine: {'line': b'-- Up-to-date symlink: /home/maxim/super_ws/install/px4_msgs/include/px4_msgs/px4_msgs/msg/detail/esc_report__traits.hpp\n'}
[1.903326] (px4_msgs) StdoutLine: {'line': b'-- Up-to-date symlink: /home/maxim/super_ws/install/px4_msgs/include/px4_msgs/px4_msgs/msg/detail/esc_report__type_support.hpp\n'}
[1.903405] (px4_msgs) StdoutLine: {'line': b'-- Up-to-date symlink: /home/maxim/super_ws/install/px4_msgs/include/px4_msgs/px4_msgs/msg/detail/esc_status__builder.hpp\n'}
[1.903478] (px4_msgs) StdoutLine: {'line': b'-- Up-to-date symlink: /home/maxim/super_ws/install/px4_msgs/include/px4_msgs/px4_msgs/msg/detail/esc_status__struct.hpp\n'}
[1.903549] (px4_msgs) StdoutLine: {'line': b'-- Up-to-date symlink: /home/maxim/super_ws/install/px4_msgs/include/px4_msgs/px4_msgs/msg/detail/esc_status__traits.hpp\n'}
[1.903620] (px4_msgs) StdoutLine: {'line': b'-- Up-to-date symlink: /home/maxim/super_ws/install/px4_msgs/include/px4_msgs/px4_msgs/msg/detail/esc_status__type_support.hpp\n'}
[1.903698] (px4_msgs) StdoutLine: {'line': b'-- Up-to-date symlink: /home/maxim/super_ws/install/px4_msgs/include/px4_msgs/px4_msgs/msg/detail/estimator_aid_source1d__builder.hpp\n'}
[1.903769] (px4_msgs) StdoutLine: {'line': b'-- Up-to-date symlink: /home/maxim/super_ws/install/px4_msgs/include/px4_msgs/px4_msgs/msg/detail/estimator_aid_source1d__struct.hpp\n'}
[1.903856] (px4_msgs) StdoutLine: {'line': b'-- Up-to-date symlink: /home/maxim/super_ws/install/px4_msgs/include/px4_msgs/px4_msgs/msg/detail/estimator_aid_source1d__traits.hpp\n'}
[1.903979] (px4_msgs) StdoutLine: {'line': b'-- Up-to-date symlink: /home/maxim/super_ws/install/px4_msgs/include/px4_msgs/px4_msgs/msg/detail/estimator_aid_source1d__type_support.hpp\n'}
[1.904064] (px4_msgs) StdoutLine: {'line': b'-- Up-to-date symlink: /home/maxim/super_ws/install/px4_msgs/include/px4_msgs/px4_msgs/msg/detail/estimator_aid_source2d__builder.hpp\n'}
[1.904147] (px4_msgs) StdoutLine: {'line': b'-- Up-to-date symlink: /home/maxim/super_ws/install/px4_msgs/include/px4_msgs/px4_msgs/msg/detail/estimator_aid_source2d__struct.hpp\n'}
[1.904221] (px4_msgs) StdoutLine: {'line': b'-- Up-to-date symlink: /home/maxim/super_ws/install/px4_msgs/include/px4_msgs/px4_msgs/msg/detail/estimator_aid_source2d__traits.hpp\n'}
[1.904299] (px4_msgs) StdoutLine: {'line': b'-- Up-to-date symlink: /home/maxim/super_ws/install/px4_msgs/include/px4_msgs/px4_msgs/msg/detail/estimator_aid_source2d__type_support.hpp\n'}
[1.904374] (px4_msgs) StdoutLine: {'line': b'-- Up-to-date symlink: /home/maxim/super_ws/install/px4_msgs/include/px4_msgs/px4_msgs/msg/detail/estimator_aid_source3d__builder.hpp\n'}
[1.904456] (px4_msgs) StdoutLine: {'line': b'-- Up-to-date symlink: /home/maxim/super_ws/install/px4_msgs/include/px4_msgs/px4_msgs/msg/detail/estimator_aid_source3d__struct.hpp\n'}
[1.904528] (px4_msgs) StdoutLine: {'line': b'-- Up-to-date symlink: /home/maxim/super_ws/install/px4_msgs/include/px4_msgs/px4_msgs/msg/detail/estimator_aid_source3d__traits.hpp\n'}
[1.904598] (px4_msgs) StdoutLine: {'line': b'-- Up-to-date symlink: /home/maxim/super_ws/install/px4_msgs/include/px4_msgs/px4_msgs/msg/detail/estimator_aid_source3d__type_support.hpp\n'}
[1.904672] (px4_msgs) StdoutLine: {'line': b'-- Up-to-date symlink: /home/maxim/super_ws/install/px4_msgs/include/px4_msgs/px4_msgs/msg/detail/estimator_bias3d__builder.hpp\n'}
[1.904731] (px4_msgs) StdoutLine: {'line': b'-- Up-to-date symlink: /home/maxim/super_ws/install/px4_msgs/include/px4_msgs/px4_msgs/msg/detail/estimator_bias3d__struct.hpp\n'}
[1.904805] (px4_msgs) StdoutLine: {'line': b'-- Up-to-date symlink: /home/maxim/super_ws/install/px4_msgs/include/px4_msgs/px4_msgs/msg/detail/estimator_bias3d__traits.hpp\n'}
[1.904876] (px4_msgs) StdoutLine: {'line': b'-- Up-to-date symlink: /home/maxim/super_ws/install/px4_msgs/include/px4_msgs/px4_msgs/msg/detail/estimator_bias3d__type_support.hpp\n'}
[1.904963] (px4_msgs) StdoutLine: {'line': b'-- Up-to-date symlink: /home/maxim/super_ws/install/px4_msgs/include/px4_msgs/px4_msgs/msg/detail/estimator_bias__builder.hpp\n'}
[1.905035] (px4_msgs) StdoutLine: {'line': b'-- Up-to-date symlink: /home/maxim/super_ws/install/px4_msgs/include/px4_msgs/px4_msgs/msg/detail/estimator_bias__struct.hpp\n'}
[1.905103] (px4_msgs) StdoutLine: {'line': b'-- Up-to-date symlink: /home/maxim/super_ws/install/px4_msgs/include/px4_msgs/px4_msgs/msg/detail/estimator_bias__traits.hpp\n'}
[1.905183] (px4_msgs) StdoutLine: {'line': b'-- Up-to-date symlink: /home/maxim/super_ws/install/px4_msgs/include/px4_msgs/px4_msgs/msg/detail/estimator_bias__type_support.hpp\n'}
[1.905262] (px4_msgs) StdoutLine: {'line': b'-- Up-to-date symlink: /home/maxim/super_ws/install/px4_msgs/include/px4_msgs/px4_msgs/msg/detail/estimator_event_flags__builder.hpp\n'}
[1.905335] (px4_msgs) StdoutLine: {'line': b'-- Up-to-date symlink: /home/maxim/super_ws/install/px4_msgs/include/px4_msgs/px4_msgs/msg/detail/estimator_event_flags__struct.hpp\n'}
[1.905408] (px4_msgs) StdoutLine: {'line': b'-- Up-to-date symlink: /home/maxim/super_ws/install/px4_msgs/include/px4_msgs/px4_msgs/msg/detail/estimator_event_flags__traits.hpp\n'}
[1.905480] (px4_msgs) StdoutLine: {'line': b'-- Up-to-date symlink: /home/maxim/super_ws/install/px4_msgs/include/px4_msgs/px4_msgs/msg/detail/estimator_event_flags__type_support.hpp\n'}
[1.905553] (px4_msgs) StdoutLine: {'line': b'-- Up-to-date symlink: /home/maxim/super_ws/install/px4_msgs/include/px4_msgs/px4_msgs/msg/detail/estimator_fusion_control__builder.hpp\n'}
[1.905621] (px4_msgs) StdoutLine: {'line': b'-- Up-to-date symlink: /home/maxim/super_ws/install/px4_msgs/include/px4_msgs/px4_msgs/msg/detail/estimator_fusion_control__struct.hpp\n'}
[1.905725] (px4_msgs) StdoutLine: {'line': b'-- Up-to-date symlink: /home/maxim/super_ws/install/px4_msgs/include/px4_msgs/px4_msgs/msg/detail/estimator_fusion_control__traits.hpp\n'}
[1.905823] (px4_msgs) StdoutLine: {'line': b'-- Up-to-date symlink: /home/maxim/super_ws/install/px4_msgs/include/px4_msgs/px4_msgs/msg/detail/estimator_fusion_control__type_support.hpp\n'}
[1.905900] (px4_msgs) StdoutLine: {'line': b'-- Up-to-date symlink: /home/maxim/super_ws/install/px4_msgs/include/px4_msgs/px4_msgs/msg/detail/estimator_gps_status__builder.hpp\n'}
[1.905984] (px4_msgs) StdoutLine: {'line': b'-- Up-to-date symlink: /home/maxim/super_ws/install/px4_msgs/include/px4_msgs/px4_msgs/msg/detail/estimator_gps_status__struct.hpp\n'}
[1.906046] (px4_msgs) StdoutLine: {'line': b'-- Up-to-date symlink: /home/maxim/super_ws/install/px4_msgs/include/px4_msgs/px4_msgs/msg/detail/estimator_gps_status__traits.hpp\n'}
[1.906117] (px4_msgs) StdoutLine: {'line': b'-- Up-to-date symlink: /home/maxim/super_ws/install/px4_msgs/include/px4_msgs/px4_msgs/msg/detail/estimator_gps_status__type_support.hpp\n'}
[1.906189] (px4_msgs) StdoutLine: {'line': b'-- Up-to-date symlink: /home/maxim/super_ws/install/px4_msgs/include/px4_msgs/px4_msgs/msg/detail/estimator_innovations__builder.hpp\n'}
[1.906258] (px4_msgs) StdoutLine: {'line': b'-- Up-to-date symlink: /home/maxim/super_ws/install/px4_msgs/include/px4_msgs/px4_msgs/msg/detail/estimator_innovations__struct.hpp\n'}
[1.906332] (px4_msgs) StdoutLine: {'line': b'-- Up-to-date symlink: /home/maxim/super_ws/install/px4_msgs/include/px4_msgs/px4_msgs/msg/detail/estimator_innovations__traits.hpp\n'}
[1.906407] (px4_msgs) StdoutLine: {'line': b'-- Up-to-date symlink: /home/maxim/super_ws/install/px4_msgs/include/px4_msgs/px4_msgs/msg/detail/estimator_innovations__type_support.hpp\n'}
[1.906478] (px4_msgs) StdoutLine: {'line': b'-- Up-to-date symlink: /home/maxim/super_ws/install/px4_msgs/include/px4_msgs/px4_msgs/msg/detail/estimator_selector_status__builder.hpp\n'}
[1.906545] (px4_msgs) StdoutLine: {'line': b'-- Up-to-date symlink: /home/maxim/super_ws/install/px4_msgs/include/px4_msgs/px4_msgs/msg/detail/estimator_selector_status__struct.hpp\n'}
[1.906617] (px4_msgs) StdoutLine: {'line': b'-- Up-to-date symlink: /home/maxim/super_ws/install/px4_msgs/include/px4_msgs/px4_msgs/msg/detail/estimator_selector_status__traits.hpp\n'}
[1.906697] (px4_msgs) StdoutLine: {'line': b'-- Up-to-date symlink: /home/maxim/super_ws/install/px4_msgs/include/px4_msgs/px4_msgs/msg/detail/estimator_selector_status__type_support.hpp\n'}
[1.906772] (px4_msgs) StdoutLine: {'line': b'-- Up-to-date symlink: /home/maxim/super_ws/install/px4_msgs/include/px4_msgs/px4_msgs/msg/detail/estimator_sensor_bias__builder.hpp\n'}
[1.906847] (px4_msgs) StdoutLine: {'line': b'-- Up-to-date symlink: /home/maxim/super_ws/install/px4_msgs/include/px4_msgs/px4_msgs/msg/detail/estimator_sensor_bias__struct.hpp\n'}
[1.906914] (px4_msgs) StdoutLine: {'line': b'-- Up-to-date symlink: /home/maxim/super_ws/install/px4_msgs/include/px4_msgs/px4_msgs/msg/detail/estimator_sensor_bias__traits.hpp\n'}
[1.906988] (px4_msgs) StdoutLine: {'line': b'-- Up-to-date symlink: /home/maxim/super_ws/install/px4_msgs/include/px4_msgs/px4_msgs/msg/detail/estimator_sensor_bias__type_support.hpp\n'}
[1.907059] (px4_msgs) StdoutLine: {'line': b'-- Up-to-date symlink: /home/maxim/super_ws/install/px4_msgs/include/px4_msgs/px4_msgs/msg/detail/estimator_states__builder.hpp\n'}
[1.907136] (px4_msgs) StdoutLine: {'line': b'-- Up-to-date symlink: /home/maxim/super_ws/install/px4_msgs/include/px4_msgs/px4_msgs/msg/detail/estimator_states__struct.hpp\n'}
[1.907213] (px4_msgs) StdoutLine: {'line': b'-- Up-to-date symlink: /home/maxim/super_ws/install/px4_msgs/include/px4_msgs/px4_msgs/msg/detail/estimator_states__traits.hpp\n'}
[1.907290] (px4_msgs) StdoutLine: {'line': b'-- Up-to-date symlink: /home/maxim/super_ws/install/px4_msgs/include/px4_msgs/px4_msgs/msg/detail/estimator_states__type_support.hpp\n'}
[1.907366] (px4_msgs) StdoutLine: {'line': b'-- Up-to-date symlink: /home/maxim/super_ws/install/px4_msgs/include/px4_msgs/px4_msgs/msg/detail/estimator_status__builder.hpp\n'}
[1.907443] (px4_msgs) StdoutLine: {'line': b'-- Up-to-date symlink: /home/maxim/super_ws/install/px4_msgs/include/px4_msgs/px4_msgs/msg/detail/estimator_status__struct.hpp\n'}
[1.907519] (px4_msgs) StdoutLine: {'line': b'-- Up-to-date symlink: /home/maxim/super_ws/install/px4_msgs/include/px4_msgs/px4_msgs/msg/detail/estimator_status__traits.hpp\n'}
[1.907597] (px4_msgs) StdoutLine: {'line': b'-- Up-to-date symlink: /home/maxim/super_ws/install/px4_msgs/include/px4_msgs/px4_msgs/msg/detail/estimator_status__type_support.hpp\n'}
[1.907681] (px4_msgs) StdoutLine: {'line': b'-- Up-to-date symlink: /home/maxim/super_ws/install/px4_msgs/include/px4_msgs/px4_msgs/msg/detail/estimator_status_flags__builder.hpp\n'}
[1.907756] (px4_msgs) StdoutLine: {'line': b'-- Up-to-date symlink: /home/maxim/super_ws/install/px4_msgs/include/px4_msgs/px4_msgs/msg/detail/estimator_status_flags__struct.hpp\n'}
[1.907833] (px4_msgs) StdoutLine: {'line': b'-- Up-to-date symlink: /home/maxim/super_ws/install/px4_msgs/include/px4_msgs/px4_msgs/msg/detail/estimator_status_flags__traits.hpp\n'}
[1.907910] (px4_msgs) StdoutLine: {'line': b'-- Up-to-date symlink: /home/maxim/super_ws/install/px4_msgs/include/px4_msgs/px4_msgs/msg/detail/estimator_status_flags__type_support.hpp\n'}
[1.907989] (px4_msgs) StdoutLine: {'line': b'-- Up-to-date symlink: /home/maxim/super_ws/install/px4_msgs/include/px4_msgs/px4_msgs/msg/detail/event__builder.hpp\n'}
[1.908066] (px4_msgs) StdoutLine: {'line': b'-- Up-to-date symlink: /home/maxim/super_ws/install/px4_msgs/include/px4_msgs/px4_msgs/msg/detail/event__struct.hpp\n'}
[1.908144] (px4_msgs) StdoutLine: {'line': b'-- Up-to-date symlink: /home/maxim/super_ws/install/px4_msgs/include/px4_msgs/px4_msgs/msg/detail/event__traits.hpp\n'}
[1.908222] (px4_msgs) StdoutLine: {'line': b'-- Up-to-date symlink: /home/maxim/super_ws/install/px4_msgs/include/px4_msgs/px4_msgs/msg/detail/event__type_support.hpp\n'}
[1.908299] (px4_msgs) StdoutLine: {'line': b'-- Up-to-date symlink: /home/maxim/super_ws/install/px4_msgs/include/px4_msgs/px4_msgs/msg/detail/failsafe_flags__builder.hpp\n'}
[1.908377] (px4_msgs) StdoutLine: {'line': b'-- Up-to-date symlink: /home/maxim/super_ws/install/px4_msgs/include/px4_msgs/px4_msgs/msg/detail/failsafe_flags__struct.hpp\n'}
[1.908454] (px4_msgs) StdoutLine: {'line': b'-- Up-to-date symlink: /home/maxim/super_ws/install/px4_msgs/include/px4_msgs/px4_msgs/msg/detail/failsafe_flags__traits.hpp\n'}
[1.908531] (px4_msgs) StdoutLine: {'line': b'-- Up-to-date symlink: /home/maxim/super_ws/install/px4_msgs/include/px4_msgs/px4_msgs/msg/detail/failsafe_flags__type_support.hpp\n'}
[1.908609] (px4_msgs) StdoutLine: {'line': b'-- Up-to-date symlink: /home/maxim/super_ws/install/px4_msgs/include/px4_msgs/px4_msgs/msg/detail/failure_detector_status__builder.hpp\n'}
[1.908692] (px4_msgs) StdoutLine: {'line': b'-- Up-to-date symlink: /home/maxim/super_ws/install/px4_msgs/include/px4_msgs/px4_msgs/msg/detail/failure_detector_status__struct.hpp\n'}
[1.908768] (px4_msgs) StdoutLine: {'line': b'-- Up-to-date symlink: /home/maxim/super_ws/install/px4_msgs/include/px4_msgs/px4_msgs/msg/detail/failure_detector_status__traits.hpp\n'}
[1.908845] (px4_msgs) StdoutLine: {'line': b'-- Up-to-date symlink: /home/maxim/super_ws/install/px4_msgs/include/px4_msgs/px4_msgs/msg/detail/failure_detector_status__type_support.hpp\n'}
[1.908922] (px4_msgs) StdoutLine: {'line': b'-- Up-to-date symlink: /home/maxim/super_ws/install/px4_msgs/include/px4_msgs/px4_msgs/msg/detail/fiducial_marker_pos_report__builder.hpp\n'}
[1.908998] (px4_msgs) StdoutLine: {'line': b'-- Up-to-date symlink: /home/maxim/super_ws/install/px4_msgs/include/px4_msgs/px4_msgs/msg/detail/fiducial_marker_pos_report__struct.hpp\n'}
[1.909075] (px4_msgs) StdoutLine: {'line': b'-- Up-to-date symlink: /home/maxim/super_ws/install/px4_msgs/include/px4_msgs/px4_msgs/msg/detail/fiducial_marker_pos_report__traits.hpp\n'}
[1.909152] (px4_msgs) StdoutLine: {'line': b'-- Up-to-date symlink: /home/maxim/super_ws/install/px4_msgs/include/px4_msgs/px4_msgs/msg/detail/fiducial_marker_pos_report__type_support.hpp\n'}
[1.909230] (px4_msgs) StdoutLine: {'line': b'-- Up-to-date symlink: /home/maxim/super_ws/install/px4_msgs/include/px4_msgs/px4_msgs/msg/detail/fiducial_marker_yaw_report__builder.hpp\n'}
[1.909306] (px4_msgs) StdoutLine: {'line': b'-- Up-to-date symlink: /home/maxim/super_ws/install/px4_msgs/include/px4_msgs/px4_msgs/msg/detail/fiducial_marker_yaw_report__struct.hpp\n'}
[1.909383] (px4_msgs) StdoutLine: {'line': b'-- Up-to-date symlink: /home/maxim/super_ws/install/px4_msgs/include/px4_msgs/px4_msgs/msg/detail/fiducial_marker_yaw_report__traits.hpp\n'}
[1.909459] (px4_msgs) StdoutLine: {'line': b'-- Up-to-date symlink: /home/maxim/super_ws/install/px4_msgs/include/px4_msgs/px4_msgs/msg/detail/fiducial_marker_yaw_report__type_support.hpp\n'}
[1.909542] (px4_msgs) StdoutLine: {'line': b'-- Up-to-date symlink: /home/maxim/super_ws/install/px4_msgs/include/px4_msgs/px4_msgs/msg/detail/figure_eight_status__builder.hpp\n'}
[1.909617] (px4_msgs) StdoutLine: {'line': b'-- Up-to-date symlink: /home/maxim/super_ws/install/px4_msgs/include/px4_msgs/px4_msgs/msg/detail/figure_eight_status__struct.hpp\n'}
[1.909698] (px4_msgs) StdoutLine: {'line': b'-- Up-to-date symlink: /home/maxim/super_ws/install/px4_msgs/include/px4_msgs/px4_msgs/msg/detail/figure_eight_status__traits.hpp\n'}
[1.909779] (px4_msgs) StdoutLine: {'line': b'-- Up-to-date symlink: /home/maxim/super_ws/install/px4_msgs/include/px4_msgs/px4_msgs/msg/detail/figure_eight_status__type_support.hpp\n'}
[1.909853] (px4_msgs) StdoutLine: {'line': b'-- Up-to-date symlink: /home/maxim/super_ws/install/px4_msgs/include/px4_msgs/px4_msgs/msg/detail/fixed_wing_lateral_guidance_status__builder.hpp\n'}
[1.909955] (px4_msgs) StdoutLine: {'line': b'-- Up-to-date symlink: /home/maxim/super_ws/install/px4_msgs/include/px4_msgs/px4_msgs/msg/detail/fixed_wing_lateral_guidance_status__struct.hpp\n'}
[1.910032] (px4_msgs) StdoutLine: {'line': b'-- Up-to-date symlink: /home/maxim/super_ws/install/px4_msgs/include/px4_msgs/px4_msgs/msg/detail/fixed_wing_lateral_guidance_status__traits.hpp\n'}
[1.910114] (px4_msgs) StdoutLine: {'line': b'-- Up-to-date symlink: /home/maxim/super_ws/install/px4_msgs/include/px4_msgs/px4_msgs/msg/detail/fixed_wing_lateral_guidance_status__type_support.hpp\n'}
[1.910220] (px4_msgs) StdoutLine: {'line': b'-- Up-to-date symlink: /home/maxim/super_ws/install/px4_msgs/include/px4_msgs/px4_msgs/msg/detail/fixed_wing_lateral_setpoint__builder.hpp\n'}
[1.910312] (px4_msgs) StdoutLine: {'line': b'-- Up-to-date symlink: /home/maxim/super_ws/install/px4_msgs/include/px4_msgs/px4_msgs/msg/detail/fixed_wing_lateral_setpoint__struct.hpp\n'}
[1.910404] (px4_msgs) StdoutLine: {'line': b'-- Up-to-date symlink: /home/maxim/super_ws/install/px4_msgs/include/px4_msgs/px4_msgs/msg/detail/fixed_wing_lateral_setpoint__traits.hpp\n'}
[1.910498] (px4_msgs) StdoutLine: {'line': b'-- Up-to-date symlink: /home/maxim/super_ws/install/px4_msgs/include/px4_msgs/px4_msgs/msg/detail/fixed_wing_lateral_setpoint__type_support.hpp\n'}
[1.910583] (px4_msgs) StdoutLine: {'line': b'-- Up-to-date symlink: /home/maxim/super_ws/install/px4_msgs/include/px4_msgs/px4_msgs/msg/detail/fixed_wing_lateral_status__builder.hpp\n'}
[1.910650] (px4_msgs) StdoutLine: {'line': b'-- Up-to-date symlink: /home/maxim/super_ws/install/px4_msgs/include/px4_msgs/px4_msgs/msg/detail/fixed_wing_lateral_status__struct.hpp\n'}
[1.910736] (px4_msgs) StdoutLine: {'line': b'-- Up-to-date symlink: /home/maxim/super_ws/install/px4_msgs/include/px4_msgs/px4_msgs/msg/detail/fixed_wing_lateral_status__traits.hpp\n'}
[1.910796] (px4_msgs) StdoutLine: {'line': b'-- Up-to-date symlink: /home/maxim/super_ws/install/px4_msgs/include/px4_msgs/px4_msgs/msg/detail/fixed_wing_lateral_status__type_support.hpp\n'}
[1.910905] (px4_msgs) StdoutLine: {'line': b'-- Up-to-date symlink: /home/maxim/super_ws/install/px4_msgs/include/px4_msgs/px4_msgs/msg/detail/fixed_wing_longitudinal_setpoint__builder.hpp\n'}
[1.910999] (px4_msgs) StdoutLine: {'line': b'-- Up-to-date symlink: /home/maxim/super_ws/install/px4_msgs/include/px4_msgs/px4_msgs/msg/detail/fixed_wing_longitudinal_setpoint__struct.hpp\n'}
[1.911061] (px4_msgs) StdoutLine: {'line': b'-- Up-to-date symlink: /home/maxim/super_ws/install/px4_msgs/include/px4_msgs/px4_msgs/msg/detail/fixed_wing_longitudinal_setpoint__traits.hpp\n'}
[1.911147] (px4_msgs) StdoutLine: {'line': b'-- Up-to-date symlink: /home/maxim/super_ws/install/px4_msgs/include/px4_msgs/px4_msgs/msg/detail/fixed_wing_longitudinal_setpoint__type_support.hpp\n'}
[1.911209] (px4_msgs) StdoutLine: {'line': b'-- Up-to-date symlink: /home/maxim/super_ws/install/px4_msgs/include/px4_msgs/px4_msgs/msg/detail/fixed_wing_runway_control__builder.hpp\n'}
[1.911283] (px4_msgs) StdoutLine: {'line': b'-- Up-to-date symlink: /home/maxim/super_ws/install/px4_msgs/include/px4_msgs/px4_msgs/msg/detail/fixed_wing_runway_control__struct.hpp\n'}
[1.911364] (px4_msgs) StdoutLine: {'line': b'-- Up-to-date symlink: /home/maxim/super_ws/install/px4_msgs/include/px4_msgs/px4_msgs/msg/detail/fixed_wing_runway_control__traits.hpp\n'}
[1.911425] (px4_msgs) StdoutLine: {'line': b'-- Up-to-date symlink: /home/maxim/super_ws/install/px4_msgs/include/px4_msgs/px4_msgs/msg/detail/fixed_wing_runway_control__type_support.hpp\n'}
[1.911504] (px4_msgs) StdoutLine: {'line': b'-- Up-to-date symlink: /home/maxim/super_ws/install/px4_msgs/include/px4_msgs/px4_msgs/msg/detail/flight_phase_estimation__builder.hpp\n'}
[1.911595] (px4_msgs) StdoutLine: {'line': b'-- Up-to-date symlink: /home/maxim/super_ws/install/px4_msgs/include/px4_msgs/px4_msgs/msg/detail/flight_phase_estimation__struct.hpp\n'}
[1.911661] (px4_msgs) StdoutLine: {'line': b'-- Up-to-date symlink: /home/maxim/super_ws/install/px4_msgs/include/px4_msgs/px4_msgs/msg/detail/flight_phase_estimation__traits.hpp\n'}
[1.911738] (px4_msgs) StdoutLine: {'line': b'-- Up-to-date symlink: /home/maxim/super_ws/install/px4_msgs/include/px4_msgs/px4_msgs/msg/detail/flight_phase_estimation__type_support.hpp\n'}
[1.911817] (px4_msgs) StdoutLine: {'line': b'-- Up-to-date symlink: /home/maxim/super_ws/install/px4_msgs/include/px4_msgs/px4_msgs/msg/detail/follow_target__builder.hpp\n'}
[1.911888] (px4_msgs) StdoutLine: {'line': b'-- Up-to-date symlink: /home/maxim/super_ws/install/px4_msgs/include/px4_msgs/px4_msgs/msg/detail/follow_target__struct.hpp\n'}
[1.911959] (px4_msgs) StdoutLine: {'line': b'-- Up-to-date symlink: /home/maxim/super_ws/install/px4_msgs/include/px4_msgs/px4_msgs/msg/detail/follow_target__traits.hpp\n'}
[1.912031] (px4_msgs) StdoutLine: {'line': b'-- Up-to-date symlink: /home/maxim/super_ws/install/px4_msgs/include/px4_msgs/px4_msgs/msg/detail/follow_target__type_support.hpp\n'}
[1.912101] (px4_msgs) StdoutLine: {'line': b'-- Up-to-date symlink: /home/maxim/super_ws/install/px4_msgs/include/px4_msgs/px4_msgs/msg/detail/follow_target_estimator__builder.hpp\n'}
[1.912174] (px4_msgs) StdoutLine: {'line': b'-- Up-to-date symlink: /home/maxim/super_ws/install/px4_msgs/include/px4_msgs/px4_msgs/msg/detail/follow_target_estimator__struct.hpp\n'}
[1.912245] (px4_msgs) StdoutLine: {'line': b'-- Up-to-date symlink: /home/maxim/super_ws/install/px4_msgs/include/px4_msgs/px4_msgs/msg/detail/follow_target_estimator__traits.hpp\n'}
[1.912314] (px4_msgs) StdoutLine: {'line': b'-- Up-to-date symlink: /home/maxim/super_ws/install/px4_msgs/include/px4_msgs/px4_msgs/msg/detail/follow_target_estimator__type_support.hpp\n'}
[1.912387] (px4_msgs) StdoutLine: {'line': b'-- Up-to-date symlink: /home/maxim/super_ws/install/px4_msgs/include/px4_msgs/px4_msgs/msg/detail/follow_target_status__builder.hpp\n'}
[1.912463] (px4_msgs) StdoutLine: {'line': b'-- Up-to-date symlink: /home/maxim/super_ws/install/px4_msgs/include/px4_msgs/px4_msgs/msg/detail/follow_target_status__struct.hpp\n'}
[1.912536] (px4_msgs) StdoutLine: {'line': b'-- Up-to-date symlink: /home/maxim/super_ws/install/px4_msgs/include/px4_msgs/px4_msgs/msg/detail/follow_target_status__traits.hpp\n'}
[1.912605] (px4_msgs) StdoutLine: {'line': b'-- Up-to-date symlink: /home/maxim/super_ws/install/px4_msgs/include/px4_msgs/px4_msgs/msg/detail/follow_target_status__type_support.hpp\n'}
[1.912682] (px4_msgs) StdoutLine: {'line': b'-- Up-to-date symlink: /home/maxim/super_ws/install/px4_msgs/include/px4_msgs/px4_msgs/msg/detail/fuel_tank_status__builder.hpp\n'}
[1.912752] (px4_msgs) StdoutLine: {'line': b'-- Up-to-date symlink: /home/maxim/super_ws/install/px4_msgs/include/px4_msgs/px4_msgs/msg/detail/fuel_tank_status__struct.hpp\n'}
[1.912861] (px4_msgs) StdoutLine: {'line': b'-- Up-to-date symlink: /home/maxim/super_ws/install/px4_msgs/include/px4_msgs/px4_msgs/msg/detail/fuel_tank_status__traits.hpp\n'}
[1.912946] (px4_msgs) StdoutLine: {'line': b'-- Up-to-date symlink: /home/maxim/super_ws/install/px4_msgs/include/px4_msgs/px4_msgs/msg/detail/fuel_tank_status__type_support.hpp\n'}
[1.913032] (px4_msgs) StdoutLine: {'line': b'-- Up-to-date symlink: /home/maxim/super_ws/install/px4_msgs/include/px4_msgs/px4_msgs/msg/detail/gain_compression__builder.hpp\n'}
[1.913111] (px4_msgs) StdoutLine: {'line': b'-- Up-to-date symlink: /home/maxim/super_ws/install/px4_msgs/include/px4_msgs/px4_msgs/msg/detail/gain_compression__struct.hpp\n'}
[1.913181] (px4_msgs) StdoutLine: {'line': b'-- Up-to-date symlink: /home/maxim/super_ws/install/px4_msgs/include/px4_msgs/px4_msgs/msg/detail/gain_compression__traits.hpp\n'}
[1.913251] (px4_msgs) StdoutLine: {'line': b'-- Up-to-date symlink: /home/maxim/super_ws/install/px4_msgs/include/px4_msgs/px4_msgs/msg/detail/gain_compression__type_support.hpp\n'}
[1.913325] (px4_msgs) StdoutLine: {'line': b'-- Up-to-date symlink: /home/maxim/super_ws/install/px4_msgs/include/px4_msgs/px4_msgs/msg/detail/generator_status__builder.hpp\n'}
[1.913395] (px4_msgs) StdoutLine: {'line': b'-- Up-to-date symlink: /home/maxim/super_ws/install/px4_msgs/include/px4_msgs/px4_msgs/msg/detail/generator_status__struct.hpp\n'}
[1.913466] (px4_msgs) StdoutLine: {'line': b'-- Up-to-date symlink: /home/maxim/super_ws/install/px4_msgs/include/px4_msgs/px4_msgs/msg/detail/generator_status__traits.hpp\n'}
[1.913539] (px4_msgs) StdoutLine: {'line': b'-- Up-to-date symlink: /home/maxim/super_ws/install/px4_msgs/include/px4_msgs/px4_msgs/msg/detail/generator_status__type_support.hpp\n'}
[1.913610] (px4_msgs) StdoutLine: {'line': b'-- Up-to-date symlink: /home/maxim/super_ws/install/px4_msgs/include/px4_msgs/px4_msgs/msg/detail/geofence_result__builder.hpp\n'}
[1.913761] (px4_msgs) StdoutLine: {'line': b'-- Up-to-date symlink: /home/maxim/super_ws/install/px4_msgs/include/px4_msgs/px4_msgs/msg/detail/geofence_result__struct.hpp\n'}
[1.913838] (px4_msgs) StdoutLine: {'line': b'-- Up-to-date symlink: /home/maxim/super_ws/install/px4_msgs/include/px4_msgs/px4_msgs/msg/detail/geofence_result__traits.hpp\n'}
[1.913921] (px4_msgs) StdoutLine: {'line': b'-- Up-to-date symlink: /home/maxim/super_ws/install/px4_msgs/include/px4_msgs/px4_msgs/msg/detail/geofence_result__type_support.hpp\n'}
[1.913992] (px4_msgs) StdoutLine: {'line': b'-- Up-to-date symlink: /home/maxim/super_ws/install/px4_msgs/include/px4_msgs/px4_msgs/msg/detail/geofence_status__builder.hpp\n'}
[1.914064] (px4_msgs) StdoutLine: {'line': b'-- Up-to-date symlink: /home/maxim/super_ws/install/px4_msgs/include/px4_msgs/px4_msgs/msg/detail/geofence_status__struct.hpp\n'}
[1.914125] (px4_msgs) StdoutLine: {'line': b'-- Up-to-date symlink: /home/maxim/super_ws/install/px4_msgs/include/px4_msgs/px4_msgs/msg/detail/geofence_status__traits.hpp\n'}
[1.914197] (px4_msgs) StdoutLine: {'line': b'-- Up-to-date symlink: /home/maxim/super_ws/install/px4_msgs/include/px4_msgs/px4_msgs/msg/detail/geofence_status__type_support.hpp\n'}
[1.914278] (px4_msgs) StdoutLine: {'line': b'-- Up-to-date symlink: /home/maxim/super_ws/install/px4_msgs/include/px4_msgs/px4_msgs/msg/detail/gimbal_controls__builder.hpp\n'}
[1.914353] (px4_msgs) StdoutLine: {'line': b'-- Up-to-date symlink: /home/maxim/super_ws/install/px4_msgs/include/px4_msgs/px4_msgs/msg/detail/gimbal_controls__struct.hpp\n'}
[1.914424] (px4_msgs) StdoutLine: {'line': b'-- Up-to-date symlink: /home/maxim/super_ws/install/px4_msgs/include/px4_msgs/px4_msgs/msg/detail/gimbal_controls__traits.hpp\n'}
[1.914497] (px4_msgs) StdoutLine: {'line': b'-- Up-to-date symlink: /home/maxim/super_ws/install/px4_msgs/include/px4_msgs/px4_msgs/msg/detail/gimbal_controls__type_support.hpp\n'}
[1.914570] (px4_msgs) StdoutLine: {'line': b'-- Up-to-date symlink: /home/maxim/super_ws/install/px4_msgs/include/px4_msgs/px4_msgs/msg/detail/gimbal_device_attitude_status__builder.hpp\n'}
[1.914644] (px4_msgs) StdoutLine: {'line': b'-- Up-to-date symlink: /home/maxim/super_ws/install/px4_msgs/include/px4_msgs/px4_msgs/msg/detail/gimbal_device_attitude_status__struct.hpp\n'}
[1.914716] (px4_msgs) StdoutLine: {'line': b'-- Up-to-date symlink: /home/maxim/super_ws/install/px4_msgs/include/px4_msgs/px4_msgs/msg/detail/gimbal_device_attitude_status__traits.hpp\n'}
[1.914786] (px4_msgs) StdoutLine: {'line': b'-- Up-to-date symlink: /home/maxim/super_ws/install/px4_msgs/include/px4_msgs/px4_msgs/msg/detail/gimbal_device_attitude_status__type_support.hpp\n'}
[1.914859] (px4_msgs) StdoutLine: {'line': b'-- Up-to-date symlink: /home/maxim/super_ws/install/px4_msgs/include/px4_msgs/px4_msgs/msg/detail/gimbal_device_information__builder.hpp\n'}
[1.914933] (px4_msgs) StdoutLine: {'line': b'-- Up-to-date symlink: /home/maxim/super_ws/install/px4_msgs/include/px4_msgs/px4_msgs/msg/detail/gimbal_device_information__struct.hpp\n'}
[1.915004] (px4_msgs) StdoutLine: {'line': b'-- Up-to-date symlink: /home/maxim/super_ws/install/px4_msgs/include/px4_msgs/px4_msgs/msg/detail/gimbal_device_information__traits.hpp\n'}
[1.915073] (px4_msgs) StdoutLine: {'line': b'-- Up-to-date symlink: /home/maxim/super_ws/install/px4_msgs/include/px4_msgs/px4_msgs/msg/detail/gimbal_device_information__type_support.hpp\n'}
[1.915146] (px4_msgs) StdoutLine: {'line': b'-- Up-to-date symlink: /home/maxim/super_ws/install/px4_msgs/include/px4_msgs/px4_msgs/msg/detail/gimbal_device_set_attitude__builder.hpp\n'}
[1.915220] (px4_msgs) StdoutLine: {'line': b'-- Up-to-date symlink: /home/maxim/super_ws/install/px4_msgs/include/px4_msgs/px4_msgs/msg/detail/gimbal_device_set_attitude__struct.hpp\n'}
[1.915340] (px4_msgs) StdoutLine: {'line': b'-- Up-to-date symlink: /home/maxim/super_ws/install/px4_msgs/include/px4_msgs/px4_msgs/msg/detail/gimbal_device_set_attitude__traits.hpp\n'}
[1.915427] (px4_msgs) StdoutLine: {'line': b'-- Up-to-date symlink: /home/maxim/super_ws/install/px4_msgs/include/px4_msgs/px4_msgs/msg/detail/gimbal_device_set_attitude__type_support.hpp\n'}
[1.915513] (px4_msgs) StdoutLine: {'line': b'-- Up-to-date symlink: /home/maxim/super_ws/install/px4_msgs/include/px4_msgs/px4_msgs/msg/detail/gimbal_manager_information__builder.hpp\n'}
[1.915590] (px4_msgs) StdoutLine: {'line': b'-- Up-to-date symlink: /home/maxim/super_ws/install/px4_msgs/include/px4_msgs/px4_msgs/msg/detail/gimbal_manager_information__struct.hpp\n'}
[1.915666] (px4_msgs) StdoutLine: {'line': b'-- Up-to-date symlink: /home/maxim/super_ws/install/px4_msgs/include/px4_msgs/px4_msgs/msg/detail/gimbal_manager_information__traits.hpp\n'}
[1.915739] (px4_msgs) StdoutLine: {'line': b'-- Up-to-date symlink: /home/maxim/super_ws/install/px4_msgs/include/px4_msgs/px4_msgs/msg/detail/gimbal_manager_information__type_support.hpp\n'}
[1.915812] (px4_msgs) StdoutLine: {'line': b'-- Up-to-date symlink: /home/maxim/super_ws/install/px4_msgs/include/px4_msgs/px4_msgs/msg/detail/gimbal_manager_set_attitude__builder.hpp\n'}
[1.915883] (px4_msgs) StdoutLine: {'line': b'-- Up-to-date symlink: /home/maxim/super_ws/install/px4_msgs/include/px4_msgs/px4_msgs/msg/detail/gimbal_manager_set_attitude__struct.hpp\n'}
[1.915958] (px4_msgs) StdoutLine: {'line': b'-- Up-to-date symlink: /home/maxim/super_ws/install/px4_msgs/include/px4_msgs/px4_msgs/msg/detail/gimbal_manager_set_attitude__traits.hpp\n'}
[1.916035] (px4_msgs) StdoutLine: {'line': b'-- Up-to-date symlink: /home/maxim/super_ws/install/px4_msgs/include/px4_msgs/px4_msgs/msg/detail/gimbal_manager_set_attitude__type_support.hpp\n'}
[1.916108] (px4_msgs) StdoutLine: {'line': b'-- Up-to-date symlink: /home/maxim/super_ws/install/px4_msgs/include/px4_msgs/px4_msgs/msg/detail/gimbal_manager_set_manual_control__builder.hpp\n'}
[1.916177] (px4_msgs) StdoutLine: {'line': b'-- Up-to-date symlink: /home/maxim/super_ws/install/px4_msgs/include/px4_msgs/px4_msgs/msg/detail/gimbal_manager_set_manual_control__struct.hpp\n'}
[1.916246] (px4_msgs) StdoutLine: {'line': b'-- Up-to-date symlink: /home/maxim/super_ws/install/px4_msgs/include/px4_msgs/px4_msgs/msg/detail/gimbal_manager_set_manual_control__traits.hpp\n'}
[1.916315] (px4_msgs) StdoutLine: {'line': b'-- Up-to-date symlink: /home/maxim/super_ws/install/px4_msgs/include/px4_msgs/px4_msgs/msg/detail/gimbal_manager_set_manual_control__type_support.hpp\n'}
[1.916385] (px4_msgs) StdoutLine: {'line': b'-- Up-to-date symlink: /home/maxim/super_ws/install/px4_msgs/include/px4_msgs/px4_msgs/msg/detail/gimbal_manager_status__builder.hpp\n'}
[1.916502] (px4_msgs) StdoutLine: {'line': b'-- Up-to-date symlink: /home/maxim/super_ws/install/px4_msgs/include/px4_msgs/px4_msgs/msg/detail/gimbal_manager_status__struct.hpp\n'}
[1.916574] (px4_msgs) StdoutLine: {'line': b'-- Up-to-date symlink: /home/maxim/super_ws/install/px4_msgs/include/px4_msgs/px4_msgs/msg/detail/gimbal_manager_status__traits.hpp\n'}
[1.916652] (px4_msgs) StdoutLine: {'line': b'-- Up-to-date symlink: /home/maxim/super_ws/install/px4_msgs/include/px4_msgs/px4_msgs/msg/detail/gimbal_manager_status__type_support.hpp\n'}
[1.916741] (px4_msgs) StdoutLine: {'line': b'-- Up-to-date symlink: /home/maxim/super_ws/install/px4_msgs/include/px4_msgs/px4_msgs/msg/detail/goto_setpoint__builder.hpp\n'}
[1.916814] (px4_msgs) StdoutLine: {'line': b'-- Up-to-date symlink: /home/maxim/super_ws/install/px4_msgs/include/px4_msgs/px4_msgs/msg/detail/goto_setpoint__struct.hpp\n'}
[1.916890] (px4_msgs) StdoutLine: {'line': b'-- Up-to-date symlink: /home/maxim/super_ws/install/px4_msgs/include/px4_msgs/px4_msgs/msg/detail/goto_setpoint__traits.hpp\n'}
[1.916965] (px4_msgs) StdoutLine: {'line': b'-- Up-to-date symlink: /home/maxim/super_ws/install/px4_msgs/include/px4_msgs/px4_msgs/msg/detail/goto_setpoint__type_support.hpp\n'}
[1.917072] (px4_msgs) StdoutLine: {'line': b'-- Up-to-date symlink: /home/maxim/super_ws/install/px4_msgs/include/px4_msgs/px4_msgs/msg/detail/gpio_config__builder.hpp\n'}
[1.917157] (px4_msgs) StdoutLine: {'line': b'-- Up-to-date symlink: /home/maxim/super_ws/install/px4_msgs/include/px4_msgs/px4_msgs/msg/detail/gpio_config__struct.hpp\n'}
[1.917232] (px4_msgs) StdoutLine: {'line': b'-- Up-to-date symlink: /home/maxim/super_ws/install/px4_msgs/include/px4_msgs/px4_msgs/msg/detail/gpio_config__traits.hpp\n'}
[1.917316] (px4_msgs) StdoutLine: {'line': b'-- Up-to-date symlink: /home/maxim/super_ws/install/px4_msgs/include/px4_msgs/px4_msgs/msg/detail/gpio_config__type_support.hpp\n'}
[1.917426] (px4_msgs) StdoutLine: {'line': b'-- Up-to-date symlink: /home/maxim/super_ws/install/px4_msgs/include/px4_msgs/px4_msgs/msg/detail/gpio_in__builder.hpp\n'}
[1.917538] (px4_msgs) StdoutLine: {'line': b'-- Up-to-date symlink: /home/maxim/super_ws/install/px4_msgs/include/px4_msgs/px4_msgs/msg/detail/gpio_in__struct.hpp\n'}
[1.917624] (px4_msgs) StdoutLine: {'line': b'-- Up-to-date symlink: /home/maxim/super_ws/install/px4_msgs/include/px4_msgs/px4_msgs/msg/detail/gpio_in__traits.hpp\n'}
[1.917716] (px4_msgs) StdoutLine: {'line': b'-- Up-to-date symlink: /home/maxim/super_ws/install/px4_msgs/include/px4_msgs/px4_msgs/msg/detail/gpio_in__type_support.hpp\n'}
[1.917814] (px4_msgs) StdoutLine: {'line': b'-- Up-to-date symlink: /home/maxim/super_ws/install/px4_msgs/include/px4_msgs/px4_msgs/msg/detail/gpio_out__builder.hpp\n'}
[1.917879] (px4_msgs) StdoutLine: {'line': b'-- Up-to-date symlink: /home/maxim/super_ws/install/px4_msgs/include/px4_msgs/px4_msgs/msg/detail/gpio_out__struct.hpp\n'}
[1.917958] (px4_msgs) StdoutLine: {'line': b'-- Up-to-date symlink: /home/maxim/super_ws/install/px4_msgs/include/px4_msgs/px4_msgs/msg/detail/gpio_out__traits.hpp\n'}
[1.918045] (px4_msgs) StdoutLine: {'line': b'-- Up-to-date symlink: /home/maxim/super_ws/install/px4_msgs/include/px4_msgs/px4_msgs/msg/detail/gpio_out__type_support.hpp\n'}
[1.918108] (px4_msgs) StdoutLine: {'line': b'-- Up-to-date symlink: /home/maxim/super_ws/install/px4_msgs/include/px4_msgs/px4_msgs/msg/detail/gpio_request__builder.hpp\n'}
[1.918189] (px4_msgs) StdoutLine: {'line': b'-- Up-to-date symlink: /home/maxim/super_ws/install/px4_msgs/include/px4_msgs/px4_msgs/msg/detail/gpio_request__struct.hpp\n'}
[1.918249] (px4_msgs) StdoutLine: {'line': b'-- Up-to-date symlink: /home/maxim/super_ws/install/px4_msgs/include/px4_msgs/px4_msgs/msg/detail/gpio_request__traits.hpp\n'}
[1.918311] (px4_msgs) StdoutLine: {'line': b'-- Up-to-date symlink: /home/maxim/super_ws/install/px4_msgs/include/px4_msgs/px4_msgs/msg/detail/gpio_request__type_support.hpp\n'}
[1.918387] (px4_msgs) StdoutLine: {'line': b'-- Up-to-date symlink: /home/maxim/super_ws/install/px4_msgs/include/px4_msgs/px4_msgs/msg/detail/gps_dump__builder.hpp\n'}
[1.918458] (px4_msgs) StdoutLine: {'line': b'-- Up-to-date symlink: /home/maxim/super_ws/install/px4_msgs/include/px4_msgs/px4_msgs/msg/detail/gps_dump__struct.hpp\n'}
[1.918527] (px4_msgs) StdoutLine: {'line': b'-- Up-to-date symlink: /home/maxim/super_ws/install/px4_msgs/include/px4_msgs/px4_msgs/msg/detail/gps_dump__traits.hpp\n'}
[1.918587] (px4_msgs) StdoutLine: {'line': b'-- Up-to-date symlink: /home/maxim/super_ws/install/px4_msgs/include/px4_msgs/px4_msgs/msg/detail/gps_dump__type_support.hpp\n'}
[1.918669] (px4_msgs) StdoutLine: {'line': b'-- Up-to-date symlink: /home/maxim/super_ws/install/px4_msgs/include/px4_msgs/px4_msgs/msg/detail/gps_inject_data__builder.hpp\n'}
[1.918746] (px4_msgs) StdoutLine: {'line': b'-- Up-to-date symlink: /home/maxim/super_ws/install/px4_msgs/include/px4_msgs/px4_msgs/msg/detail/gps_inject_data__struct.hpp\n'}
[1.918821] (px4_msgs) StdoutLine: {'line': b'-- Up-to-date symlink: /home/maxim/super_ws/install/px4_msgs/include/px4_msgs/px4_msgs/msg/detail/gps_inject_data__traits.hpp\n'}
[1.918906] (px4_msgs) StdoutLine: {'line': b'-- Up-to-date symlink: /home/maxim/super_ws/install/px4_msgs/include/px4_msgs/px4_msgs/msg/detail/gps_inject_data__type_support.hpp\n'}
[1.918990] (px4_msgs) StdoutLine: {'line': b'-- Up-to-date symlink: /home/maxim/super_ws/install/px4_msgs/include/px4_msgs/px4_msgs/msg/detail/gripper__builder.hpp\n'}
[1.919051] (px4_msgs) StdoutLine: {'line': b'-- Up-to-date symlink: /home/maxim/super_ws/install/px4_msgs/include/px4_msgs/px4_msgs/msg/detail/gripper__struct.hpp\n'}
[1.919136] (px4_msgs) StdoutLine: {'line': b'-- Up-to-date symlink: /home/maxim/super_ws/install/px4_msgs/include/px4_msgs/px4_msgs/msg/detail/gripper__traits.hpp\n'}
[1.919205] (px4_msgs) StdoutLine: {'line': b'-- Up-to-date symlink: /home/maxim/super_ws/install/px4_msgs/include/px4_msgs/px4_msgs/msg/detail/gripper__type_support.hpp\n'}
[1.919278] (px4_msgs) StdoutLine: {'line': b'-- Up-to-date symlink: /home/maxim/super_ws/install/px4_msgs/include/px4_msgs/px4_msgs/msg/detail/health_report__builder.hpp\n'}
[1.919349] (px4_msgs) StdoutLine: {'line': b'-- Up-to-date symlink: /home/maxim/super_ws/install/px4_msgs/include/px4_msgs/px4_msgs/msg/detail/health_report__struct.hpp\n'}
[1.919408] (px4_msgs) StdoutLine: {'line': b'-- Up-to-date symlink: /home/maxim/super_ws/install/px4_msgs/include/px4_msgs/px4_msgs/msg/detail/health_report__traits.hpp\n'}
[1.919480] (px4_msgs) StdoutLine: {'line': b'-- Up-to-date symlink: /home/maxim/super_ws/install/px4_msgs/include/px4_msgs/px4_msgs/msg/detail/health_report__type_support.hpp\n'}
[1.919556] (px4_msgs) StdoutLine: {'line': b'-- Up-to-date symlink: /home/maxim/super_ws/install/px4_msgs/include/px4_msgs/px4_msgs/msg/detail/heater_status__builder.hpp\n'}
[1.919627] (px4_msgs) StdoutLine: {'line': b'-- Up-to-date symlink: /home/maxim/super_ws/install/px4_msgs/include/px4_msgs/px4_msgs/msg/detail/heater_status__struct.hpp\n'}
[1.919703] (px4_msgs) StdoutLine: {'line': b'-- Up-to-date symlink: /home/maxim/super_ws/install/px4_msgs/include/px4_msgs/px4_msgs/msg/detail/heater_status__traits.hpp\n'}
[1.919774] (px4_msgs) StdoutLine: {'line': b'-- Up-to-date symlink: /home/maxim/super_ws/install/px4_msgs/include/px4_msgs/px4_msgs/msg/detail/heater_status__type_support.hpp\n'}
[1.919845] (px4_msgs) StdoutLine: {'line': b'-- Up-to-date symlink: /home/maxim/super_ws/install/px4_msgs/include/px4_msgs/px4_msgs/msg/detail/home_position__builder.hpp\n'}
[1.919915] (px4_msgs) StdoutLine: {'line': b'-- Up-to-date symlink: /home/maxim/super_ws/install/px4_msgs/include/px4_msgs/px4_msgs/msg/detail/home_position__struct.hpp\n'}
[1.919987] (px4_msgs) StdoutLine: {'line': b'-- Up-to-date symlink: /home/maxim/super_ws/install/px4_msgs/include/px4_msgs/px4_msgs/msg/detail/home_position__traits.hpp\n'}
[1.920059] (px4_msgs) StdoutLine: {'line': b'-- Up-to-date symlink: /home/maxim/super_ws/install/px4_msgs/include/px4_msgs/px4_msgs/msg/detail/home_position__type_support.hpp\n'}
[1.920129] (px4_msgs) StdoutLine: {'line': b'-- Up-to-date symlink: /home/maxim/super_ws/install/px4_msgs/include/px4_msgs/px4_msgs/msg/detail/hover_thrust_estimate__builder.hpp\n'}
[1.920206] (px4_msgs) StdoutLine: {'line': b'-- Up-to-date symlink: /home/maxim/super_ws/install/px4_msgs/include/px4_msgs/px4_msgs/msg/detail/hover_thrust_estimate__struct.hpp\n'}
[1.920277] (px4_msgs) StdoutLine: {'line': b'-- Up-to-date symlink: /home/maxim/super_ws/install/px4_msgs/include/px4_msgs/px4_msgs/msg/detail/hover_thrust_estimate__traits.hpp\n'}
[1.920348] (px4_msgs) StdoutLine: {'line': b'-- Up-to-date symlink: /home/maxim/super_ws/install/px4_msgs/include/px4_msgs/px4_msgs/msg/detail/hover_thrust_estimate__type_support.hpp\n'}
[1.920443] (px4_msgs) StdoutLine: {'line': b'-- Up-to-date symlink: /home/maxim/super_ws/install/px4_msgs/include/px4_msgs/px4_msgs/msg/detail/input_rc__builder.hpp\n'}
[1.920513] (px4_msgs) StdoutLine: {'line': b'-- Up-to-date symlink: /home/maxim/super_ws/install/px4_msgs/include/px4_msgs/px4_msgs/msg/detail/input_rc__struct.hpp\n'}
[1.920583] (px4_msgs) StdoutLine: {'line': b'-- Up-to-date symlink: /home/maxim/super_ws/install/px4_msgs/include/px4_msgs/px4_msgs/msg/detail/input_rc__traits.hpp\n'}
[1.920656] (px4_msgs) StdoutLine: {'line': b'-- Up-to-date symlink: /home/maxim/super_ws/install/px4_msgs/include/px4_msgs/px4_msgs/msg/detail/input_rc__type_support.hpp\n'}
[1.920731] (px4_msgs) StdoutLine: {'line': b'-- Up-to-date symlink: /home/maxim/super_ws/install/px4_msgs/include/px4_msgs/px4_msgs/msg/detail/internal_combustion_engine_control__builder.hpp\n'}
[1.920807] (px4_msgs) StdoutLine: {'line': b'-- Up-to-date symlink: /home/maxim/super_ws/install/px4_msgs/include/px4_msgs/px4_msgs/msg/detail/internal_combustion_engine_control__struct.hpp\n'}
[1.920886] (px4_msgs) StdoutLine: {'line': b'-- Up-to-date symlink: /home/maxim/super_ws/install/px4_msgs/include/px4_msgs/px4_msgs/msg/detail/internal_combustion_engine_control__traits.hpp\n'}
[1.920965] (px4_msgs) StdoutLine: {'line': b'-- Up-to-date symlink: /home/maxim/super_ws/install/px4_msgs/include/px4_msgs/px4_msgs/msg/detail/internal_combustion_engine_control__type_support.hpp\n'}
[1.921045] (px4_msgs) StdoutLine: {'line': b'-- Up-to-date symlink: /home/maxim/super_ws/install/px4_msgs/include/px4_msgs/px4_msgs/msg/detail/internal_combustion_engine_status__builder.hpp\n'}
[1.921124] (px4_msgs) StdoutLine: {'line': b'-- Up-to-date symlink: /home/maxim/super_ws/install/px4_msgs/include/px4_msgs/px4_msgs/msg/detail/internal_combustion_engine_status__struct.hpp\n'}
[1.921207] (px4_msgs) StdoutLine: {'line': b'-- Up-to-date symlink: /home/maxim/super_ws/install/px4_msgs/include/px4_msgs/px4_msgs/msg/detail/internal_combustion_engine_status__traits.hpp\n'}
[1.921287] (px4_msgs) StdoutLine: {'line': b'-- Up-to-date symlink: /home/maxim/super_ws/install/px4_msgs/include/px4_msgs/px4_msgs/msg/detail/internal_combustion_engine_status__type_support.hpp\n'}
[1.921364] (px4_msgs) StdoutLine: {'line': b'-- Up-to-date symlink: /home/maxim/super_ws/install/px4_msgs/include/px4_msgs/px4_msgs/msg/detail/iridiumsbd_status__builder.hpp\n'}
[1.921486] (px4_msgs) StdoutLine: {'line': b'-- Up-to-date symlink: /home/maxim/super_ws/install/px4_msgs/include/px4_msgs/px4_msgs/msg/detail/iridiumsbd_status__struct.hpp\n'}
[1.921565] (px4_msgs) StdoutLine: {'line': b'-- Up-to-date symlink: /home/maxim/super_ws/install/px4_msgs/include/px4_msgs/px4_msgs/msg/detail/iridiumsbd_status__traits.hpp\n'}
[1.921644] (px4_msgs) StdoutLine: {'line': b'-- Up-to-date symlink: /home/maxim/super_ws/install/px4_msgs/include/px4_msgs/px4_msgs/msg/detail/iridiumsbd_status__type_support.hpp\n'}
[1.921715] (px4_msgs) StdoutLine: {'line': b'-- Up-to-date symlink: /home/maxim/super_ws/install/px4_msgs/include/px4_msgs/px4_msgs/msg/detail/irlock_report__builder.hpp\n'}
[1.921788] (px4_msgs) StdoutLine: {'line': b'-- Up-to-date symlink: /home/maxim/super_ws/install/px4_msgs/include/px4_msgs/px4_msgs/msg/detail/irlock_report__struct.hpp\n'}
[1.921862] (px4_msgs) StdoutLine: {'line': b'-- Up-to-date symlink: /home/maxim/super_ws/install/px4_msgs/include/px4_msgs/px4_msgs/msg/detail/irlock_report__traits.hpp\n'}
[1.921934] (px4_msgs) StdoutLine: {'line': b'-- Up-to-date symlink: /home/maxim/super_ws/install/px4_msgs/include/px4_msgs/px4_msgs/msg/detail/irlock_report__type_support.hpp\n'}
[1.922004] (px4_msgs) StdoutLine: {'line': b'-- Up-to-date symlink: /home/maxim/super_ws/install/px4_msgs/include/px4_msgs/px4_msgs/msg/detail/landing_gear__builder.hpp\n'}
[1.922077] (px4_msgs) StdoutLine: {'line': b'-- Up-to-date symlink: /home/maxim/super_ws/install/px4_msgs/include/px4_msgs/px4_msgs/msg/detail/landing_gear__struct.hpp\n'}
[1.922151] (px4_msgs) StdoutLine: {'line': b'-- Up-to-date symlink: /home/maxim/super_ws/install/px4_msgs/include/px4_msgs/px4_msgs/msg/detail/landing_gear__traits.hpp\n'}
[1.922226] (px4_msgs) StdoutLine: {'line': b'-- Up-to-date symlink: /home/maxim/super_ws/install/px4_msgs/include/px4_msgs/px4_msgs/msg/detail/landing_gear__type_support.hpp\n'}
[1.922301] (px4_msgs) StdoutLine: {'line': b'-- Up-to-date symlink: /home/maxim/super_ws/install/px4_msgs/include/px4_msgs/px4_msgs/msg/detail/landing_gear_wheel__builder.hpp\n'}
[1.922374] (px4_msgs) StdoutLine: {'line': b'-- Up-to-date symlink: /home/maxim/super_ws/install/px4_msgs/include/px4_msgs/px4_msgs/msg/detail/landing_gear_wheel__struct.hpp\n'}
[1.922450] (px4_msgs) StdoutLine: {'line': b'-- Up-to-date symlink: /home/maxim/super_ws/install/px4_msgs/include/px4_msgs/px4_msgs/msg/detail/landing_gear_wheel__traits.hpp\n'}
[1.922527] (px4_msgs) StdoutLine: {'line': b'-- Up-to-date symlink: /home/maxim/super_ws/install/px4_msgs/include/px4_msgs/px4_msgs/msg/detail/landing_gear_wheel__type_support.hpp\n'}
[1.922614] (px4_msgs) StdoutLine: {'line': b'-- Up-to-date symlink: /home/maxim/super_ws/install/px4_msgs/include/px4_msgs/px4_msgs/msg/detail/landing_target_innovations__builder.hpp\n'}
[1.922737] (px4_msgs) StdoutLine: {'line': b'-- Up-to-date symlink: /home/maxim/super_ws/install/px4_msgs/include/px4_msgs/px4_msgs/msg/detail/landing_target_innovations__struct.hpp\n'}
[1.922829] (px4_msgs) StdoutLine: {'line': b'-- Up-to-date symlink: /home/maxim/super_ws/install/px4_msgs/include/px4_msgs/px4_msgs/msg/detail/landing_target_innovations__traits.hpp\n'}
[1.922904] (px4_msgs) StdoutLine: {'line': b'-- Up-to-date symlink: /home/maxim/super_ws/install/px4_msgs/include/px4_msgs/px4_msgs/msg/detail/landing_target_innovations__type_support.hpp\n'}
[1.922978] (px4_msgs) StdoutLine: {'line': b'-- Up-to-date symlink: /home/maxim/super_ws/install/px4_msgs/include/px4_msgs/px4_msgs/msg/detail/landing_target_pose__builder.hpp\n'}
[1.923054] (px4_msgs) StdoutLine: {'line': b'-- Up-to-date symlink: /home/maxim/super_ws/install/px4_msgs/include/px4_msgs/px4_msgs/msg/detail/landing_target_pose__struct.hpp\n'}
[1.923128] (px4_msgs) StdoutLine: {'line': b'-- Up-to-date symlink: /home/maxim/super_ws/install/px4_msgs/include/px4_msgs/px4_msgs/msg/detail/landing_target_pose__traits.hpp\n'}
[1.923204] (px4_msgs) StdoutLine: {'line': b'-- Up-to-date symlink: /home/maxim/super_ws/install/px4_msgs/include/px4_msgs/px4_msgs/msg/detail/landing_target_pose__type_support.hpp\n'}
[1.923277] (px4_msgs) StdoutLine: {'line': b'-- Up-to-date symlink: /home/maxim/super_ws/install/px4_msgs/include/px4_msgs/px4_msgs/msg/detail/lateral_control_configuration__builder.hpp\n'}
[1.923350] (px4_msgs) StdoutLine: {'line': b'-- Up-to-date symlink: /home/maxim/super_ws/install/px4_msgs/include/px4_msgs/px4_msgs/msg/detail/lateral_control_configuration__struct.hpp\n'}
[1.923420] (px4_msgs) StdoutLine: {'line': b'-- Up-to-date symlink: /home/maxim/super_ws/install/px4_msgs/include/px4_msgs/px4_msgs/msg/detail/lateral_control_configuration__traits.hpp\n'}
[1.923490] (px4_msgs) StdoutLine: {'line': b'-- Up-to-date symlink: /home/maxim/super_ws/install/px4_msgs/include/px4_msgs/px4_msgs/msg/detail/lateral_control_configuration__type_support.hpp\n'}
[1.923565] (px4_msgs) StdoutLine: {'line': b'-- Up-to-date symlink: /home/maxim/super_ws/install/px4_msgs/include/px4_msgs/px4_msgs/msg/detail/launch_detection_status__builder.hpp\n'}
[1.923640] (px4_msgs) StdoutLine: {'line': b'-- Up-to-date symlink: /home/maxim/super_ws/install/px4_msgs/include/px4_msgs/px4_msgs/msg/detail/launch_detection_status__struct.hpp\n'}
[1.923712] (px4_msgs) StdoutLine: {'line': b'-- Up-to-date symlink: /home/maxim/super_ws/install/px4_msgs/include/px4_msgs/px4_msgs/msg/detail/launch_detection_status__traits.hpp\n'}
[1.923783] (px4_msgs) StdoutLine: {'line': b'-- Up-to-date symlink: /home/maxim/super_ws/install/px4_msgs/include/px4_msgs/px4_msgs/msg/detail/launch_detection_status__type_support.hpp\n'}
[1.923852] (px4_msgs) StdoutLine: {'line': b'-- Up-to-date symlink: /home/maxim/super_ws/install/px4_msgs/include/px4_msgs/px4_msgs/msg/detail/led_control__builder.hpp\n'}
[1.923929] (px4_msgs) StdoutLine: {'line': b'-- Up-to-date symlink: /home/maxim/super_ws/install/px4_msgs/include/px4_msgs/px4_msgs/msg/detail/led_control__struct.hpp\n'}
[1.924038] (px4_msgs) StdoutLine: {'line': b'-- Up-to-date symlink: /home/maxim/super_ws/install/px4_msgs/include/px4_msgs/px4_msgs/msg/detail/led_control__traits.hpp\n'}
[1.924120] (px4_msgs) StdoutLine: {'line': b'-- Up-to-date symlink: /home/maxim/super_ws/install/px4_msgs/include/px4_msgs/px4_msgs/msg/detail/led_control__type_support.hpp\n'}
[1.924196] (px4_msgs) StdoutLine: {'line': b'-- Up-to-date symlink: /home/maxim/super_ws/install/px4_msgs/include/px4_msgs/px4_msgs/msg/detail/log_message__builder.hpp\n'}
[1.924269] (px4_msgs) StdoutLine: {'line': b'-- Up-to-date symlink: /home/maxim/super_ws/install/px4_msgs/include/px4_msgs/px4_msgs/msg/detail/log_message__struct.hpp\n'}
[1.924342] (px4_msgs) StdoutLine: {'line': b'-- Up-to-date symlink: /home/maxim/super_ws/install/px4_msgs/include/px4_msgs/px4_msgs/msg/detail/log_message__traits.hpp\n'}
[1.924418] (px4_msgs) StdoutLine: {'line': b'-- Up-to-date symlink: /home/maxim/super_ws/install/px4_msgs/include/px4_msgs/px4_msgs/msg/detail/log_message__type_support.hpp\n'}
[1.924496] (px4_msgs) StdoutLine: {'line': b'-- Up-to-date symlink: /home/maxim/super_ws/install/px4_msgs/include/px4_msgs/px4_msgs/msg/detail/logger_status__builder.hpp\n'}
[1.924582] (px4_msgs) StdoutLine: {'line': b'-- Up-to-date symlink: /home/maxim/super_ws/install/px4_msgs/include/px4_msgs/px4_msgs/msg/detail/logger_status__struct.hpp\n'}
[1.924660] (px4_msgs) StdoutLine: {'line': b'-- Up-to-date symlink: /home/maxim/super_ws/install/px4_msgs/include/px4_msgs/px4_msgs/msg/detail/logger_status__traits.hpp\n'}
[1.924736] (px4_msgs) StdoutLine: {'line': b'-- Up-to-date symlink: /home/maxim/super_ws/install/px4_msgs/include/px4_msgs/px4_msgs/msg/detail/logger_status__type_support.hpp\n'}
[1.924809] (px4_msgs) StdoutLine: {'line': b'-- Up-to-date symlink: /home/maxim/super_ws/install/px4_msgs/include/px4_msgs/px4_msgs/msg/detail/longitudinal_control_configuration__builder.hpp\n'}
[1.924956] (px4_msgs) StdoutLine: {'line': b'-- Up-to-date symlink: /home/maxim/super_ws/install/px4_msgs/include/px4_msgs/px4_msgs/msg/detail/longitudinal_control_configuration__struct.hpp\n'}
[1.925065] (px4_msgs) StdoutLine: {'line': b'-- Up-to-date symlink: /home/maxim/super_ws/install/px4_msgs/include/px4_msgs/px4_msgs/msg/detail/longitudinal_control_configuration__traits.hpp\n'}
[1.925153] (px4_msgs) StdoutLine: {'line': b'-- Up-to-date symlink: /home/maxim/super_ws/install/px4_msgs/include/px4_msgs/px4_msgs/msg/detail/longitudinal_control_configuration__type_support.hpp\n'}
[1.925231] (px4_msgs) StdoutLine: {'line': b'-- Up-to-date symlink: /home/maxim/super_ws/install/px4_msgs/include/px4_msgs/px4_msgs/msg/detail/mag_worker_data__builder.hpp\n'}
[1.925312] (px4_msgs) StdoutLine: {'line': b'-- Up-to-date symlink: /home/maxim/super_ws/install/px4_msgs/include/px4_msgs/px4_msgs/msg/detail/mag_worker_data__struct.hpp\n'}
[1.925384] (px4_msgs) StdoutLine: {'line': b'-- Up-to-date symlink: /home/maxim/super_ws/install/px4_msgs/include/px4_msgs/px4_msgs/msg/detail/mag_worker_data__traits.hpp\n'}
[1.925462] (px4_msgs) StdoutLine: {'line': b'-- Up-to-date symlink: /home/maxim/super_ws/install/px4_msgs/include/px4_msgs/px4_msgs/msg/detail/mag_worker_data__type_support.hpp\n'}
[1.925547] (px4_msgs) StdoutLine: {'line': b'-- Up-to-date symlink: /home/maxim/super_ws/install/px4_msgs/include/px4_msgs/px4_msgs/msg/detail/magnetometer_bias_estimate__builder.hpp\n'}
[1.925617] (px4_msgs) StdoutLine: {'line': b'-- Up-to-date symlink: /home/maxim/super_ws/install/px4_msgs/include/px4_msgs/px4_msgs/msg/detail/magnetometer_bias_estimate__struct.hpp\n'}
[1.925693] (px4_msgs) StdoutLine: {'line': b'-- Up-to-date symlink: /home/maxim/super_ws/install/px4_msgs/include/px4_msgs/px4_msgs/msg/detail/magnetometer_bias_estimate__traits.hpp\n'}
[1.925766] (px4_msgs) StdoutLine: {'line': b'-- Up-to-date symlink: /home/maxim/super_ws/install/px4_msgs/include/px4_msgs/px4_msgs/msg/detail/magnetometer_bias_estimate__type_support.hpp\n'}
[1.925835] (px4_msgs) StdoutLine: {'line': b'-- Up-to-date symlink: /home/maxim/super_ws/install/px4_msgs/include/px4_msgs/px4_msgs/msg/detail/manual_control_setpoint__builder.hpp\n'}
[1.925895] (px4_msgs) StdoutLine: {'line': b'-- Up-to-date symlink: /home/maxim/super_ws/install/px4_msgs/include/px4_msgs/px4_msgs/msg/detail/manual_control_setpoint__struct.hpp\n'}
[1.926039] (px4_msgs) StdoutLine: {'line': b'-- Up-to-date symlink: /home/maxim/super_ws/install/px4_msgs/include/px4_msgs/px4_msgs/msg/detail/manual_control_setpoint__traits.hpp\n'}
[1.926130] (px4_msgs) StdoutLine: {'line': b'-- Up-to-date symlink: /home/maxim/super_ws/install/px4_msgs/include/px4_msgs/px4_msgs/msg/detail/manual_control_setpoint__type_support.hpp\n'}
[1.926259] (px4_msgs) StdoutLine: {'line': b'-- Up-to-date symlink: /home/maxim/super_ws/install/px4_msgs/include/px4_msgs/px4_msgs/msg/detail/manual_control_switches__builder.hpp\n'}
[1.926362] (px4_msgs) StdoutLine: {'line': b'-- Up-to-date symlink: /home/maxim/super_ws/install/px4_msgs/include/px4_msgs/px4_msgs/msg/detail/manual_control_switches__struct.hpp\n'}
[1.926444] (px4_msgs) StdoutLine: {'line': b'-- Up-to-date symlink: /home/maxim/super_ws/install/px4_msgs/include/px4_msgs/px4_msgs/msg/detail/manual_control_switches__traits.hpp\n'}
[1.926526] (px4_msgs) StdoutLine: {'line': b'-- Up-to-date symlink: /home/maxim/super_ws/install/px4_msgs/include/px4_msgs/px4_msgs/msg/detail/manual_control_switches__type_support.hpp\n'}
[1.926602] (px4_msgs) StdoutLine: {'line': b'-- Up-to-date symlink: /home/maxim/super_ws/install/px4_msgs/include/px4_msgs/px4_msgs/msg/detail/mavlink_log__builder.hpp\n'}
[1.926679] (px4_msgs) StdoutLine: {'line': b'-- Up-to-date symlink: /home/maxim/super_ws/install/px4_msgs/include/px4_msgs/px4_msgs/msg/detail/mavlink_log__struct.hpp\n'}
[1.926739] (px4_msgs) StdoutLine: {'line': b'-- Up-to-date symlink: /home/maxim/super_ws/install/px4_msgs/include/px4_msgs/px4_msgs/msg/detail/mavlink_log__traits.hpp\n'}
[1.926799] (px4_msgs) StdoutLine: {'line': b'-- Up-to-date symlink: /home/maxim/super_ws/install/px4_msgs/include/px4_msgs/px4_msgs/msg/detail/mavlink_log__type_support.hpp\n'}
[1.926882] (px4_msgs) StdoutLine: {'line': b'-- Up-to-date symlink: /home/maxim/super_ws/install/px4_msgs/include/px4_msgs/px4_msgs/msg/detail/mavlink_tunnel__builder.hpp\n'}
[1.926954] (px4_msgs) StdoutLine: {'line': b'-- Up-to-date symlink: /home/maxim/super_ws/install/px4_msgs/include/px4_msgs/px4_msgs/msg/detail/mavlink_tunnel__struct.hpp\n'}
[1.927026] (px4_msgs) StdoutLine: {'line': b'-- Up-to-date symlink: /home/maxim/super_ws/install/px4_msgs/include/px4_msgs/px4_msgs/msg/detail/mavlink_tunnel__traits.hpp\n'}
[1.927098] (px4_msgs) StdoutLine: {'line': b'-- Up-to-date symlink: /home/maxim/super_ws/install/px4_msgs/include/px4_msgs/px4_msgs/msg/detail/mavlink_tunnel__type_support.hpp\n'}
[1.927170] (px4_msgs) StdoutLine: {'line': b'-- Up-to-date symlink: /home/maxim/super_ws/install/px4_msgs/include/px4_msgs/px4_msgs/msg/detail/message_format_request__builder.hpp\n'}
[1.927240] (px4_msgs) StdoutLine: {'line': b'-- Up-to-date symlink: /home/maxim/super_ws/install/px4_msgs/include/px4_msgs/px4_msgs/msg/detail/message_format_request__struct.hpp\n'}
[1.927313] (px4_msgs) StdoutLine: {'line': b'-- Up-to-date symlink: /home/maxim/super_ws/install/px4_msgs/include/px4_msgs/px4_msgs/msg/detail/message_format_request__traits.hpp\n'}
[1.927376] (px4_msgs) StdoutLine: {'line': b'-- Up-to-date symlink: /home/maxim/super_ws/install/px4_msgs/include/px4_msgs/px4_msgs/msg/detail/message_format_request__type_support.hpp\n'}
[1.927456] (px4_msgs) StdoutLine: {'line': b'-- Up-to-date symlink: /home/maxim/super_ws/install/px4_msgs/include/px4_msgs/px4_msgs/msg/detail/message_format_response__builder.hpp\n'}
[1.927517] (px4_msgs) StdoutLine: {'line': b'-- Up-to-date symlink: /home/maxim/super_ws/install/px4_msgs/include/px4_msgs/px4_msgs/msg/detail/message_format_response__struct.hpp\n'}
[1.927597] (px4_msgs) StdoutLine: {'line': b'-- Up-to-date symlink: /home/maxim/super_ws/install/px4_msgs/include/px4_msgs/px4_msgs/msg/detail/message_format_response__traits.hpp\n'}
[1.927663] (px4_msgs) StdoutLine: {'line': b'-- Up-to-date symlink: /home/maxim/super_ws/install/px4_msgs/include/px4_msgs/px4_msgs/msg/detail/message_format_response__type_support.hpp\n'}
[1.927735] (px4_msgs) StdoutLine: {'line': b'-- Up-to-date symlink: /home/maxim/super_ws/install/px4_msgs/include/px4_msgs/px4_msgs/msg/detail/mission__builder.hpp\n'}
[1.927806] (px4_msgs) StdoutLine: {'line': b'-- Up-to-date symlink: /home/maxim/super_ws/install/px4_msgs/include/px4_msgs/px4_msgs/msg/detail/mission__struct.hpp\n'}
[1.927877] (px4_msgs) StdoutLine: {'line': b'-- Up-to-date symlink: /home/maxim/super_ws/install/px4_msgs/include/px4_msgs/px4_msgs/msg/detail/mission__traits.hpp\n'}
[1.927948] (px4_msgs) StdoutLine: {'line': b'-- Up-to-date symlink: /home/maxim/super_ws/install/px4_msgs/include/px4_msgs/px4_msgs/msg/detail/mission__type_support.hpp\n'}
[1.928023] (px4_msgs) StdoutLine: {'line': b'-- Up-to-date symlink: /home/maxim/super_ws/install/px4_msgs/include/px4_msgs/px4_msgs/msg/detail/mission_result__builder.hpp\n'}
[1.928095] (px4_msgs) StdoutLine: {'line': b'-- Up-to-date symlink: /home/maxim/super_ws/install/px4_msgs/include/px4_msgs/px4_msgs/msg/detail/mission_result__struct.hpp\n'}
[1.928164] (px4_msgs) StdoutLine: {'line': b'-- Up-to-date symlink: /home/maxim/super_ws/install/px4_msgs/include/px4_msgs/px4_msgs/msg/detail/mission_result__traits.hpp\n'}
[1.928236] (px4_msgs) StdoutLine: {'line': b'-- Up-to-date symlink: /home/maxim/super_ws/install/px4_msgs/include/px4_msgs/px4_msgs/msg/detail/mission_result__type_support.hpp\n'}
[1.928296] (px4_msgs) StdoutLine: {'line': b'-- Up-to-date symlink: /home/maxim/super_ws/install/px4_msgs/include/px4_msgs/px4_msgs/msg/detail/mode_completed__builder.hpp\n'}
[1.928366] (px4_msgs) StdoutLine: {'line': b'-- Up-to-date symlink: /home/maxim/super_ws/install/px4_msgs/include/px4_msgs/px4_msgs/msg/detail/mode_completed__struct.hpp\n'}
[1.928446] (px4_msgs) StdoutLine: {'line': b'-- Up-to-date symlink: /home/maxim/super_ws/install/px4_msgs/include/px4_msgs/px4_msgs/msg/detail/mode_completed__traits.hpp\n'}
[1.928515] (px4_msgs) StdoutLine: {'line': b'-- Up-to-date symlink: /home/maxim/super_ws/install/px4_msgs/include/px4_msgs/px4_msgs/msg/detail/mode_completed__type_support.hpp\n'}
[1.928575] (px4_msgs) StdoutLine: {'line': b'-- Up-to-date symlink: /home/maxim/super_ws/install/px4_msgs/include/px4_msgs/px4_msgs/msg/detail/mount_orientation__builder.hpp\n'}
[1.928650] (px4_msgs) StdoutLine: {'line': b'-- Up-to-date symlink: /home/maxim/super_ws/install/px4_msgs/include/px4_msgs/px4_msgs/msg/detail/mount_orientation__struct.hpp\n'}
[1.928719] (px4_msgs) StdoutLine: {'line': b'-- Up-to-date symlink: /home/maxim/super_ws/install/px4_msgs/include/px4_msgs/px4_msgs/msg/detail/mount_orientation__traits.hpp\n'}
[1.928786] (px4_msgs) StdoutLine: {'line': b'-- Up-to-date symlink: /home/maxim/super_ws/install/px4_msgs/include/px4_msgs/px4_msgs/msg/detail/mount_orientation__type_support.hpp\n'}
[1.928858] (px4_msgs) StdoutLine: {'line': b'-- Up-to-date symlink: /home/maxim/super_ws/install/px4_msgs/include/px4_msgs/px4_msgs/msg/detail/navigator_mission_item__builder.hpp\n'}
[1.928931] (px4_msgs) StdoutLine: {'line': b'-- Up-to-date symlink: /home/maxim/super_ws/install/px4_msgs/include/px4_msgs/px4_msgs/msg/detail/navigator_mission_item__struct.hpp\n'}
[1.929004] (px4_msgs) StdoutLine: {'line': b'-- Up-to-date symlink: /home/maxim/super_ws/install/px4_msgs/include/px4_msgs/px4_msgs/msg/detail/navigator_mission_item__traits.hpp\n'}
[1.929076] (px4_msgs) StdoutLine: {'line': b'-- Up-to-date symlink: /home/maxim/super_ws/install/px4_msgs/include/px4_msgs/px4_msgs/msg/detail/navigator_mission_item__type_support.hpp\n'}
[1.929146] (px4_msgs) StdoutLine: {'line': b'-- Up-to-date symlink: /home/maxim/super_ws/install/px4_msgs/include/px4_msgs/px4_msgs/msg/detail/navigator_status__builder.hpp\n'}
[1.929215] (px4_msgs) StdoutLine: {'line': b'-- Up-to-date symlink: /home/maxim/super_ws/install/px4_msgs/include/px4_msgs/px4_msgs/msg/detail/navigator_status__struct.hpp\n'}
[1.929283] (px4_msgs) StdoutLine: {'line': b'-- Up-to-date symlink: /home/maxim/super_ws/install/px4_msgs/include/px4_msgs/px4_msgs/msg/detail/navigator_status__traits.hpp\n'}
[1.929353] (px4_msgs) StdoutLine: {'line': b'-- Up-to-date symlink: /home/maxim/super_ws/install/px4_msgs/include/px4_msgs/px4_msgs/msg/detail/navigator_status__type_support.hpp\n'}
[1.929476] (px4_msgs) StdoutLine: {'line': b'-- Up-to-date symlink: /home/maxim/super_ws/install/px4_msgs/include/px4_msgs/px4_msgs/msg/detail/neural_control__builder.hpp\n'}
[1.929552] (px4_msgs) StdoutLine: {'line': b'-- Up-to-date symlink: /home/maxim/super_ws/install/px4_msgs/include/px4_msgs/px4_msgs/msg/detail/neural_control__struct.hpp\n'}
[1.929627] (px4_msgs) StdoutLine: {'line': b'-- Up-to-date symlink: /home/maxim/super_ws/install/px4_msgs/include/px4_msgs/px4_msgs/msg/detail/neural_control__traits.hpp\n'}
[1.929705] (px4_msgs) StdoutLine: {'line': b'-- Up-to-date symlink: /home/maxim/super_ws/install/px4_msgs/include/px4_msgs/px4_msgs/msg/detail/neural_control__type_support.hpp\n'}
[1.929780] (px4_msgs) StdoutLine: {'line': b'-- Up-to-date symlink: /home/maxim/super_ws/install/px4_msgs/include/px4_msgs/px4_msgs/msg/detail/normalized_unsigned_setpoint__builder.hpp\n'}
[1.929853] (px4_msgs) StdoutLine: {'line': b'-- Up-to-date symlink: /home/maxim/super_ws/install/px4_msgs/include/px4_msgs/px4_msgs/msg/detail/normalized_unsigned_setpoint__struct.hpp\n'}
[1.929933] (px4_msgs) StdoutLine: {'line': b'-- Up-to-date symlink: /home/maxim/super_ws/install/px4_msgs/include/px4_msgs/px4_msgs/msg/detail/normalized_unsigned_setpoint__traits.hpp\n'}
[1.930008] (px4_msgs) StdoutLine: {'line': b'-- Up-to-date symlink: /home/maxim/super_ws/install/px4_msgs/include/px4_msgs/px4_msgs/msg/detail/normalized_unsigned_setpoint__type_support.hpp\n'}
[1.930081] (px4_msgs) StdoutLine: {'line': b'-- Up-to-date symlink: /home/maxim/super_ws/install/px4_msgs/include/px4_msgs/px4_msgs/msg/detail/obstacle_distance__builder.hpp\n'}
[1.930153] (px4_msgs) StdoutLine: {'line': b'-- Up-to-date symlink: /home/maxim/super_ws/install/px4_msgs/include/px4_msgs/px4_msgs/msg/detail/obstacle_distance__struct.hpp\n'}
[1.930223] (px4_msgs) StdoutLine: {'line': b'-- Up-to-date symlink: /home/maxim/super_ws/install/px4_msgs/include/px4_msgs/px4_msgs/msg/detail/obstacle_distance__traits.hpp\n'}
[1.930293] (px4_msgs) StdoutLine: {'line': b'-- Up-to-date symlink: /home/maxim/super_ws/install/px4_msgs/include/px4_msgs/px4_msgs/msg/detail/obstacle_distance__type_support.hpp\n'}
[1.930366] (px4_msgs) StdoutLine: {'line': b'-- Up-to-date symlink: /home/maxim/super_ws/install/px4_msgs/include/px4_msgs/px4_msgs/msg/detail/offboard_control_mode__builder.hpp\n'}
[1.930477] (px4_msgs) StdoutLine: {'line': b'-- Up-to-date symlink: /home/maxim/super_ws/install/px4_msgs/include/px4_msgs/px4_msgs/msg/detail/offboard_control_mode__struct.hpp\n'}
[1.930551] (px4_msgs) StdoutLine: {'line': b'-- Up-to-date symlink: /home/maxim/super_ws/install/px4_msgs/include/px4_msgs/px4_msgs/msg/detail/offboard_control_mode__traits.hpp\n'}
[1.930626] (px4_msgs) StdoutLine: {'line': b'-- Up-to-date symlink: /home/maxim/super_ws/install/px4_msgs/include/px4_msgs/px4_msgs/msg/detail/offboard_control_mode__type_support.hpp\n'}
[1.930705] (px4_msgs) StdoutLine: {'line': b'-- Up-to-date symlink: /home/maxim/super_ws/install/px4_msgs/include/px4_msgs/px4_msgs/msg/detail/onboard_computer_status__builder.hpp\n'}
[1.930779] (px4_msgs) StdoutLine: {'line': b'-- Up-to-date symlink: /home/maxim/super_ws/install/px4_msgs/include/px4_msgs/px4_msgs/msg/detail/onboard_computer_status__struct.hpp\n'}
[1.930852] (px4_msgs) StdoutLine: {'line': b'-- Up-to-date symlink: /home/maxim/super_ws/install/px4_msgs/include/px4_msgs/px4_msgs/msg/detail/onboard_computer_status__traits.hpp\n'}
[1.930925] (px4_msgs) StdoutLine: {'line': b'-- Up-to-date symlink: /home/maxim/super_ws/install/px4_msgs/include/px4_msgs/px4_msgs/msg/detail/onboard_computer_status__type_support.hpp\n'}
[1.930999] (px4_msgs) StdoutLine: {'line': b'-- Up-to-date symlink: /home/maxim/super_ws/install/px4_msgs/include/px4_msgs/px4_msgs/msg/detail/open_drone_id_arm_status__builder.hpp\n'}
[1.931088] (px4_msgs) StdoutLine: {'line': b'-- Up-to-date symlink: /home/maxim/super_ws/install/px4_msgs/include/px4_msgs/px4_msgs/msg/detail/open_drone_id_arm_status__struct.hpp\n'}
[1.931169] (px4_msgs) StdoutLine: {'line': b'-- Up-to-date symlink: /home/maxim/super_ws/install/px4_msgs/include/px4_msgs/px4_msgs/msg/detail/open_drone_id_arm_status__traits.hpp\n'}
[1.931279] (px4_msgs) StdoutLine: {'line': b'-- Up-to-date symlink: /home/maxim/super_ws/install/px4_msgs/include/px4_msgs/px4_msgs/msg/detail/open_drone_id_arm_status__type_support.hpp\n'}
[1.931361] (px4_msgs) StdoutLine: {'line': b'-- Up-to-date symlink: /home/maxim/super_ws/install/px4_msgs/include/px4_msgs/px4_msgs/msg/detail/open_drone_id_operator_id__builder.hpp\n'}
[1.931443] (px4_msgs) StdoutLine: {'line': b'-- Up-to-date symlink: /home/maxim/super_ws/install/px4_msgs/include/px4_msgs/px4_msgs/msg/detail/open_drone_id_operator_id__struct.hpp\n'}
[1.931517] (px4_msgs) StdoutLine: {'line': b'-- Up-to-date symlink: /home/maxim/super_ws/install/px4_msgs/include/px4_msgs/px4_msgs/msg/detail/open_drone_id_operator_id__traits.hpp\n'}
[1.931592] (px4_msgs) StdoutLine: {'line': b'-- Up-to-date symlink: /home/maxim/super_ws/install/px4_msgs/include/px4_msgs/px4_msgs/msg/detail/open_drone_id_operator_id__type_support.hpp\n'}
[1.931670] (px4_msgs) StdoutLine: {'line': b'-- Up-to-date symlink: /home/maxim/super_ws/install/px4_msgs/include/px4_msgs/px4_msgs/msg/detail/open_drone_id_self_id__builder.hpp\n'}
[1.931745] (px4_msgs) StdoutLine: {'line': b'-- Up-to-date symlink: /home/maxim/super_ws/install/px4_msgs/include/px4_msgs/px4_msgs/msg/detail/open_drone_id_self_id__struct.hpp\n'}
[1.931818] (px4_msgs) StdoutLine: {'line': b'-- Up-to-date symlink: /home/maxim/super_ws/install/px4_msgs/include/px4_msgs/px4_msgs/msg/detail/open_drone_id_self_id__traits.hpp\n'}
[1.931890] (px4_msgs) StdoutLine: {'line': b'-- Up-to-date symlink: /home/maxim/super_ws/install/px4_msgs/include/px4_msgs/px4_msgs/msg/detail/open_drone_id_self_id__type_support.hpp\n'}
[1.931961] (px4_msgs) StdoutLine: {'line': b'-- Up-to-date symlink: /home/maxim/super_ws/install/px4_msgs/include/px4_msgs/px4_msgs/msg/detail/open_drone_id_system__builder.hpp\n'}
[1.932031] (px4_msgs) StdoutLine: {'line': b'-- Up-to-date symlink: /home/maxim/super_ws/install/px4_msgs/include/px4_msgs/px4_msgs/msg/detail/open_drone_id_system__struct.hpp\n'}
[1.932100] (px4_msgs) StdoutLine: {'line': b'-- Up-to-date symlink: /home/maxim/super_ws/install/px4_msgs/include/px4_msgs/px4_msgs/msg/detail/open_drone_id_system__traits.hpp\n'}
[1.932190] (px4_msgs) StdoutLine: {'line': b'-- Up-to-date symlink: /home/maxim/super_ws/install/px4_msgs/include/px4_msgs/px4_msgs/msg/detail/open_drone_id_system__type_support.hpp\n'}
[1.932271] (px4_msgs) StdoutLine: {'line': b'-- Up-to-date symlink: /home/maxim/super_ws/install/px4_msgs/include/px4_msgs/px4_msgs/msg/detail/orb_test__builder.hpp\n'}
[1.932343] (px4_msgs) StdoutLine: {'line': b'-- Up-to-date symlink: /home/maxim/super_ws/install/px4_msgs/include/px4_msgs/px4_msgs/msg/detail/orb_test__struct.hpp\n'}
[1.932414] (px4_msgs) StdoutLine: {'line': b'-- Up-to-date symlink: /home/maxim/super_ws/install/px4_msgs/include/px4_msgs/px4_msgs/msg/detail/orb_test__traits.hpp\n'}
[1.932483] (px4_msgs) StdoutLine: {'line': b'-- Up-to-date symlink: /home/maxim/super_ws/install/px4_msgs/include/px4_msgs/px4_msgs/msg/detail/orb_test__type_support.hpp\n'}
[1.932556] (px4_msgs) StdoutLine: {'line': b'-- Up-to-date symlink: /home/maxim/super_ws/install/px4_msgs/include/px4_msgs/px4_msgs/msg/detail/orb_test_large__builder.hpp\n'}
[1.932629] (px4_msgs) StdoutLine: {'line': b'-- Up-to-date symlink: /home/maxim/super_ws/install/px4_msgs/include/px4_msgs/px4_msgs/msg/detail/orb_test_large__struct.hpp\n'}
[1.932723] (px4_msgs) StdoutLine: {'line': b'-- Up-to-date symlink: /home/maxim/super_ws/install/px4_msgs/include/px4_msgs/px4_msgs/msg/detail/orb_test_large__traits.hpp\n'}
[1.932804] (px4_msgs) StdoutLine: {'line': b'-- Up-to-date symlink: /home/maxim/super_ws/install/px4_msgs/include/px4_msgs/px4_msgs/msg/detail/orb_test_large__type_support.hpp\n'}
[1.932880] (px4_msgs) StdoutLine: {'line': b'-- Up-to-date symlink: /home/maxim/super_ws/install/px4_msgs/include/px4_msgs/px4_msgs/msg/detail/orb_test_medium__builder.hpp\n'}
[1.932954] (px4_msgs) StdoutLine: {'line': b'-- Up-to-date symlink: /home/maxim/super_ws/install/px4_msgs/include/px4_msgs/px4_msgs/msg/detail/orb_test_medium__struct.hpp\n'}
[1.933026] (px4_msgs) StdoutLine: {'line': b'-- Up-to-date symlink: /home/maxim/super_ws/install/px4_msgs/include/px4_msgs/px4_msgs/msg/detail/orb_test_medium__traits.hpp\n'}
[1.933097] (px4_msgs) StdoutLine: {'line': b'-- Up-to-date symlink: /home/maxim/super_ws/install/px4_msgs/include/px4_msgs/px4_msgs/msg/detail/orb_test_medium__type_support.hpp\n'}
[1.933173] (px4_msgs) StdoutLine: {'line': b'-- Up-to-date symlink: /home/maxim/super_ws/install/px4_msgs/include/px4_msgs/px4_msgs/msg/detail/orbit_status__builder.hpp\n'}
[1.933248] (px4_msgs) StdoutLine: {'line': b'-- Up-to-date symlink: /home/maxim/super_ws/install/px4_msgs/include/px4_msgs/px4_msgs/msg/detail/orbit_status__struct.hpp\n'}
[1.933354] (px4_msgs) StdoutLine: {'line': b'-- Up-to-date symlink: /home/maxim/super_ws/install/px4_msgs/include/px4_msgs/px4_msgs/msg/detail/orbit_status__traits.hpp\n'}
[1.933442] (px4_msgs) StdoutLine: {'line': b'-- Up-to-date symlink: /home/maxim/super_ws/install/px4_msgs/include/px4_msgs/px4_msgs/msg/detail/orbit_status__type_support.hpp\n'}
[1.933519] (px4_msgs) StdoutLine: {'line': b'-- Up-to-date symlink: /home/maxim/super_ws/install/px4_msgs/include/px4_msgs/px4_msgs/msg/detail/parameter_reset_request__builder.hpp\n'}
[1.933591] (px4_msgs) StdoutLine: {'line': b'-- Up-to-date symlink: /home/maxim/super_ws/install/px4_msgs/include/px4_msgs/px4_msgs/msg/detail/parameter_reset_request__struct.hpp\n'}
[1.933667] (px4_msgs) StdoutLine: {'line': b'-- Up-to-date symlink: /home/maxim/super_ws/install/px4_msgs/include/px4_msgs/px4_msgs/msg/detail/parameter_reset_request__traits.hpp\n'}
[1.933743] (px4_msgs) StdoutLine: {'line': b'-- Up-to-date symlink: /home/maxim/super_ws/install/px4_msgs/include/px4_msgs/px4_msgs/msg/detail/parameter_reset_request__type_support.hpp\n'}
[1.933815] (px4_msgs) StdoutLine: {'line': b'-- Up-to-date symlink: /home/maxim/super_ws/install/px4_msgs/include/px4_msgs/px4_msgs/msg/detail/parameter_set_used_request__builder.hpp\n'}
[1.933890] (px4_msgs) StdoutLine: {'line': b'-- Up-to-date symlink: /home/maxim/super_ws/install/px4_msgs/include/px4_msgs/px4_msgs/msg/detail/parameter_set_used_request__struct.hpp\n'}
[1.933964] (px4_msgs) StdoutLine: {'line': b'-- Up-to-date symlink: /home/maxim/super_ws/install/px4_msgs/include/px4_msgs/px4_msgs/msg/detail/parameter_set_used_request__traits.hpp\n'}
[1.934042] (px4_msgs) StdoutLine: {'line': b'-- Up-to-date symlink: /home/maxim/super_ws/install/px4_msgs/include/px4_msgs/px4_msgs/msg/detail/parameter_set_used_request__type_support.hpp\n'}
[1.934161] (px4_msgs) StdoutLine: {'line': b'-- Up-to-date symlink: /home/maxim/super_ws/install/px4_msgs/include/px4_msgs/px4_msgs/msg/detail/parameter_set_value_request__builder.hpp\n'}
[1.934244] (px4_msgs) StdoutLine: {'line': b'-- Up-to-date symlink: /home/maxim/super_ws/install/px4_msgs/include/px4_msgs/px4_msgs/msg/detail/parameter_set_value_request__struct.hpp\n'}
[1.934322] (px4_msgs) StdoutLine: {'line': b'-- Up-to-date symlink: /home/maxim/super_ws/install/px4_msgs/include/px4_msgs/px4_msgs/msg/detail/parameter_set_value_request__traits.hpp\n'}
[1.934397] (px4_msgs) StdoutLine: {'line': b'-- Up-to-date symlink: /home/maxim/super_ws/install/px4_msgs/include/px4_msgs/px4_msgs/msg/detail/parameter_set_value_request__type_support.hpp\n'}
[1.934473] (px4_msgs) StdoutLine: {'line': b'-- Up-to-date symlink: /home/maxim/super_ws/install/px4_msgs/include/px4_msgs/px4_msgs/msg/detail/parameter_set_value_response__builder.hpp\n'}
[1.934544] (px4_msgs) StdoutLine: {'line': b'-- Up-to-date symlink: /home/maxim/super_ws/install/px4_msgs/include/px4_msgs/px4_msgs/msg/detail/parameter_set_value_response__struct.hpp\n'}
[1.934614] (px4_msgs) StdoutLine: {'line': b'-- Up-to-date symlink: /home/maxim/super_ws/install/px4_msgs/include/px4_msgs/px4_msgs/msg/detail/parameter_set_value_response__traits.hpp\n'}
[1.934703] (px4_msgs) StdoutLine: {'line': b'-- Up-to-date symlink: /home/maxim/super_ws/install/px4_msgs/include/px4_msgs/px4_msgs/msg/detail/parameter_set_value_response__type_support.hpp\n'}
[1.934811] (px4_msgs) StdoutLine: {'line': b'-- Up-to-date symlink: /home/maxim/super_ws/install/px4_msgs/include/px4_msgs/px4_msgs/msg/detail/parameter_update__builder.hpp\n'}
[1.934903] (px4_msgs) StdoutLine: {'line': b'-- Up-to-date symlink: /home/maxim/super_ws/install/px4_msgs/include/px4_msgs/px4_msgs/msg/detail/parameter_update__struct.hpp\n'}
[1.934982] (px4_msgs) StdoutLine: {'line': b'-- Up-to-date symlink: /home/maxim/super_ws/install/px4_msgs/include/px4_msgs/px4_msgs/msg/detail/parameter_update__traits.hpp\n'}
[1.935055] (px4_msgs) StdoutLine: {'line': b'-- Up-to-date symlink: /home/maxim/super_ws/install/px4_msgs/include/px4_msgs/px4_msgs/msg/detail/parameter_update__type_support.hpp\n'}
[1.935125] (px4_msgs) StdoutLine: {'line': b'-- Up-to-date symlink: /home/maxim/super_ws/install/px4_msgs/include/px4_msgs/px4_msgs/msg/detail/ping__builder.hpp\n'}
[1.935186] (px4_msgs) StdoutLine: {'line': b'-- Up-to-date symlink: /home/maxim/super_ws/install/px4_msgs/include/px4_msgs/px4_msgs/msg/detail/ping__struct.hpp\n'}
[1.935263] (px4_msgs) StdoutLine: {'line': b'-- Up-to-date symlink: /home/maxim/super_ws/install/px4_msgs/include/px4_msgs/px4_msgs/msg/detail/ping__traits.hpp\n'}
[1.935324] (px4_msgs) StdoutLine: {'line': b'-- Up-to-date symlink: /home/maxim/super_ws/install/px4_msgs/include/px4_msgs/px4_msgs/msg/detail/ping__type_support.hpp\n'}
[1.935396] (px4_msgs) StdoutLine: {'line': b'-- Up-to-date symlink: /home/maxim/super_ws/install/px4_msgs/include/px4_msgs/px4_msgs/msg/detail/position_controller_landing_status__builder.hpp\n'}
[1.935465] (px4_msgs) StdoutLine: {'line': b'-- Up-to-date symlink: /home/maxim/super_ws/install/px4_msgs/include/px4_msgs/px4_msgs/msg/detail/position_controller_landing_status__struct.hpp\n'}
[1.935534] (px4_msgs) StdoutLine: {'line': b'-- Up-to-date symlink: /home/maxim/super_ws/install/px4_msgs/include/px4_msgs/px4_msgs/msg/detail/position_controller_landing_status__traits.hpp\n'}
[1.935606] (px4_msgs) StdoutLine: {'line': b'-- Up-to-date symlink: /home/maxim/super_ws/install/px4_msgs/include/px4_msgs/px4_msgs/msg/detail/position_controller_landing_status__type_support.hpp\n'}
[1.935680] (px4_msgs) StdoutLine: {'line': b'-- Up-to-date symlink: /home/maxim/super_ws/install/px4_msgs/include/px4_msgs/px4_msgs/msg/detail/position_controller_status__builder.hpp\n'}
[1.935753] (px4_msgs) StdoutLine: {'line': b'-- Up-to-date symlink: /home/maxim/super_ws/install/px4_msgs/include/px4_msgs/px4_msgs/msg/detail/position_controller_status__struct.hpp\n'}
[1.935822] (px4_msgs) StdoutLine: {'line': b'-- Up-to-date symlink: /home/maxim/super_ws/install/px4_msgs/include/px4_msgs/px4_msgs/msg/detail/position_controller_status__traits.hpp\n'}
[1.935893] (px4_msgs) StdoutLine: {'line': b'-- Up-to-date symlink: /home/maxim/super_ws/install/px4_msgs/include/px4_msgs/px4_msgs/msg/detail/position_controller_status__type_support.hpp\n'}
[1.936014] (px4_msgs) StdoutLine: {'line': b'-- Up-to-date symlink: /home/maxim/super_ws/install/px4_msgs/include/px4_msgs/px4_msgs/msg/detail/position_setpoint__builder.hpp\n'}
[1.936106] (px4_msgs) StdoutLine: {'line': b'-- Up-to-date symlink: /home/maxim/super_ws/install/px4_msgs/include/px4_msgs/px4_msgs/msg/detail/position_setpoint__struct.hpp\n'}
[1.936191] (px4_msgs) StdoutLine: {'line': b'-- Up-to-date symlink: /home/maxim/super_ws/install/px4_msgs/include/px4_msgs/px4_msgs/msg/detail/position_setpoint__traits.hpp\n'}
[1.936264] (px4_msgs) StdoutLine: {'line': b'-- Up-to-date symlink: /home/maxim/super_ws/install/px4_msgs/include/px4_msgs/px4_msgs/msg/detail/position_setpoint__type_support.hpp\n'}
[1.936336] (px4_msgs) StdoutLine: {'line': b'-- Up-to-date symlink: /home/maxim/super_ws/install/px4_msgs/include/px4_msgs/px4_msgs/msg/detail/position_setpoint_triplet__builder.hpp\n'}
[1.936408] (px4_msgs) StdoutLine: {'line': b'-- Up-to-date symlink: /home/maxim/super_ws/install/px4_msgs/include/px4_msgs/px4_msgs/msg/detail/position_setpoint_triplet__struct.hpp\n'}
[1.936480] (px4_msgs) StdoutLine: {'line': b'-- Up-to-date symlink: /home/maxim/super_ws/install/px4_msgs/include/px4_msgs/px4_msgs/msg/detail/position_setpoint_triplet__traits.hpp\n'}
[1.936552] (px4_msgs) StdoutLine: {'line': b'-- Up-to-date symlink: /home/maxim/super_ws/install/px4_msgs/include/px4_msgs/px4_msgs/msg/detail/position_setpoint_triplet__type_support.hpp\n'}
[1.936624] (px4_msgs) StdoutLine: {'line': b'-- Up-to-date symlink: /home/maxim/super_ws/install/px4_msgs/include/px4_msgs/px4_msgs/msg/detail/power_button_state__builder.hpp\n'}
[1.936705] (px4_msgs) StdoutLine: {'line': b'-- Up-to-date symlink: /home/maxim/super_ws/install/px4_msgs/include/px4_msgs/px4_msgs/msg/detail/power_button_state__struct.hpp\n'}
[1.936777] (px4_msgs) StdoutLine: {'line': b'-- Up-to-date symlink: /home/maxim/super_ws/install/px4_msgs/include/px4_msgs/px4_msgs/msg/detail/power_button_state__traits.hpp\n'}
[1.936850] (px4_msgs) StdoutLine: {'line': b'-- Up-to-date symlink: /home/maxim/super_ws/install/px4_msgs/include/px4_msgs/px4_msgs/msg/detail/power_button_state__type_support.hpp\n'}
[1.936919] (px4_msgs) StdoutLine: {'line': b'-- Up-to-date symlink: /home/maxim/super_ws/install/px4_msgs/include/px4_msgs/px4_msgs/msg/detail/power_monitor__builder.hpp\n'}
[1.936989] (px4_msgs) StdoutLine: {'line': b'-- Up-to-date symlink: /home/maxim/super_ws/install/px4_msgs/include/px4_msgs/px4_msgs/msg/detail/power_monitor__struct.hpp\n'}
[1.937082] (px4_msgs) StdoutLine: {'line': b'-- Up-to-date symlink: /home/maxim/super_ws/install/px4_msgs/include/px4_msgs/px4_msgs/msg/detail/power_monitor__traits.hpp\n'}
[1.937153] (px4_msgs) StdoutLine: {'line': b'-- Up-to-date symlink: /home/maxim/super_ws/install/px4_msgs/include/px4_msgs/px4_msgs/msg/detail/power_monitor__type_support.hpp\n'}
[1.937223] (px4_msgs) StdoutLine: {'line': b'-- Up-to-date symlink: /home/maxim/super_ws/install/px4_msgs/include/px4_msgs/px4_msgs/msg/detail/pps_capture__builder.hpp\n'}
[1.937296] (px4_msgs) StdoutLine: {'line': b'-- Up-to-date symlink: /home/maxim/super_ws/install/px4_msgs/include/px4_msgs/px4_msgs/msg/detail/pps_capture__struct.hpp\n'}
[1.937370] (px4_msgs) StdoutLine: {'line': b'-- Up-to-date symlink: /home/maxim/super_ws/install/px4_msgs/include/px4_msgs/px4_msgs/msg/detail/pps_capture__traits.hpp\n'}
[1.937445] (px4_msgs) StdoutLine: {'line': b'-- Up-to-date symlink: /home/maxim/super_ws/install/px4_msgs/include/px4_msgs/px4_msgs/msg/detail/pps_capture__type_support.hpp\n'}
[1.937519] (px4_msgs) StdoutLine: {'line': b'-- Up-to-date symlink: /home/maxim/super_ws/install/px4_msgs/include/px4_msgs/px4_msgs/msg/detail/prec_land_status__builder.hpp\n'}
[1.937591] (px4_msgs) StdoutLine: {'line': b'-- Up-to-date symlink: /home/maxim/super_ws/install/px4_msgs/include/px4_msgs/px4_msgs/msg/detail/prec_land_status__struct.hpp\n'}
[1.937732] (px4_msgs) StdoutLine: {'line': b'-- Up-to-date symlink: /home/maxim/super_ws/install/px4_msgs/include/px4_msgs/px4_msgs/msg/detail/prec_land_status__traits.hpp\n'}
[1.937817] (px4_msgs) StdoutLine: {'line': b'-- Up-to-date symlink: /home/maxim/super_ws/install/px4_msgs/include/px4_msgs/px4_msgs/msg/detail/prec_land_status__type_support.hpp\n'}
[1.937890] (px4_msgs) StdoutLine: {'line': b'-- Up-to-date symlink: /home/maxim/super_ws/install/px4_msgs/include/px4_msgs/px4_msgs/msg/detail/pure_pursuit_status__builder.hpp\n'}
[1.937961] (px4_msgs) StdoutLine: {'line': b'-- Up-to-date symlink: /home/maxim/super_ws/install/px4_msgs/include/px4_msgs/px4_msgs/msg/detail/pure_pursuit_status__struct.hpp\n'}
[1.938034] (px4_msgs) StdoutLine: {'line': b'-- Up-to-date symlink: /home/maxim/super_ws/install/px4_msgs/include/px4_msgs/px4_msgs/msg/detail/pure_pursuit_status__traits.hpp\n'}
[1.938108] (px4_msgs) StdoutLine: {'line': b'-- Up-to-date symlink: /home/maxim/super_ws/install/px4_msgs/include/px4_msgs/px4_msgs/msg/detail/pure_pursuit_status__type_support.hpp\n'}
[1.938179] (px4_msgs) StdoutLine: {'line': b'-- Up-to-date symlink: /home/maxim/super_ws/install/px4_msgs/include/px4_msgs/px4_msgs/msg/detail/pwm_input__builder.hpp\n'}
[1.938247] (px4_msgs) StdoutLine: {'line': b'-- Up-to-date symlink: /home/maxim/super_ws/install/px4_msgs/include/px4_msgs/px4_msgs/msg/detail/pwm_input__struct.hpp\n'}
[1.938320] (px4_msgs) StdoutLine: {'line': b'-- Up-to-date symlink: /home/maxim/super_ws/install/px4_msgs/include/px4_msgs/px4_msgs/msg/detail/pwm_input__traits.hpp\n'}
[1.938395] (px4_msgs) StdoutLine: {'line': b'-- Up-to-date symlink: /home/maxim/super_ws/install/px4_msgs/include/px4_msgs/px4_msgs/msg/detail/pwm_input__type_support.hpp\n'}
[1.938518] (px4_msgs) StdoutLine: {'line': b'-- Up-to-date symlink: /home/maxim/super_ws/install/px4_msgs/include/px4_msgs/px4_msgs/msg/detail/px4io_status__builder.hpp\n'}
[1.938634] (px4_msgs) StdoutLine: {'line': b'-- Up-to-date symlink: /home/maxim/super_ws/install/px4_msgs/include/px4_msgs/px4_msgs/msg/detail/px4io_status__struct.hpp\n'}
[1.938707] (px4_msgs) StdoutLine: {'line': b'-- Up-to-date symlink: /home/maxim/super_ws/install/px4_msgs/include/px4_msgs/px4_msgs/msg/detail/px4io_status__traits.hpp\n'}
[1.938850] (px4_msgs) StdoutLine: {'line': b'-- Up-to-date symlink: /home/maxim/super_ws/install/px4_msgs/include/px4_msgs/px4_msgs/msg/detail/px4io_status__type_support.hpp\n'}
[1.938946] (px4_msgs) StdoutLine: {'line': b'-- Up-to-date symlink: /home/maxim/super_ws/install/px4_msgs/include/px4_msgs/px4_msgs/msg/detail/qshell_req__builder.hpp\n'}
[1.939012] (px4_msgs) StdoutLine: {'line': b'-- Up-to-date symlink: /home/maxim/super_ws/install/px4_msgs/include/px4_msgs/px4_msgs/msg/detail/qshell_req__struct.hpp\n'}
[1.939085] (px4_msgs) StdoutLine: {'line': b'-- Up-to-date symlink: /home/maxim/super_ws/install/px4_msgs/include/px4_msgs/px4_msgs/msg/detail/qshell_req__traits.hpp\n'}
[1.939152] (px4_msgs) StdoutLine: {'line': b'-- Up-to-date symlink: /home/maxim/super_ws/install/px4_msgs/include/px4_msgs/px4_msgs/msg/detail/qshell_req__type_support.hpp\n'}
[1.939240] (px4_msgs) StdoutLine: {'line': b'-- Up-to-date symlink: /home/maxim/super_ws/install/px4_msgs/include/px4_msgs/px4_msgs/msg/detail/qshell_retval__builder.hpp\n'}
[1.939301] (px4_msgs) StdoutLine: {'line': b'-- Up-to-date symlink: /home/maxim/super_ws/install/px4_msgs/include/px4_msgs/px4_msgs/msg/detail/qshell_retval__struct.hpp\n'}
[1.939374] (px4_msgs) StdoutLine: {'line': b'-- Up-to-date symlink: /home/maxim/super_ws/install/px4_msgs/include/px4_msgs/px4_msgs/msg/detail/qshell_retval__traits.hpp\n'}
[1.939435] (px4_msgs) StdoutLine: {'line': b'-- Up-to-date symlink: /home/maxim/super_ws/install/px4_msgs/include/px4_msgs/px4_msgs/msg/detail/qshell_retval__type_support.hpp\n'}
[1.939516] (px4_msgs) StdoutLine: {'line': b'-- Up-to-date symlink: /home/maxim/super_ws/install/px4_msgs/include/px4_msgs/px4_msgs/msg/detail/radio_status__builder.hpp\n'}
[1.939590] (px4_msgs) StdoutLine: {'line': b'-- Up-to-date symlink: /home/maxim/super_ws/install/px4_msgs/include/px4_msgs/px4_msgs/msg/detail/radio_status__struct.hpp\n'}
[1.939689] (px4_msgs) StdoutLine: {'line': b'-- Up-to-date symlink: /home/maxim/super_ws/install/px4_msgs/include/px4_msgs/px4_msgs/msg/detail/radio_status__traits.hpp\n'}
[1.939765] (px4_msgs) StdoutLine: {'line': b'-- Up-to-date symlink: /home/maxim/super_ws/install/px4_msgs/include/px4_msgs/px4_msgs/msg/detail/radio_status__type_support.hpp\n'}
[1.939837] (px4_msgs) StdoutLine: {'line': b'-- Up-to-date symlink: /home/maxim/super_ws/install/px4_msgs/include/px4_msgs/px4_msgs/msg/detail/ranging_beacon__builder.hpp\n'}
[1.939906] (px4_msgs) StdoutLine: {'line': b'-- Up-to-date symlink: /home/maxim/super_ws/install/px4_msgs/include/px4_msgs/px4_msgs/msg/detail/ranging_beacon__struct.hpp\n'}
[1.939975] (px4_msgs) StdoutLine: {'line': b'-- Up-to-date symlink: /home/maxim/super_ws/install/px4_msgs/include/px4_msgs/px4_msgs/msg/detail/ranging_beacon__traits.hpp\n'}
[1.940045] (px4_msgs) StdoutLine: {'line': b'-- Up-to-date symlink: /home/maxim/super_ws/install/px4_msgs/include/px4_msgs/px4_msgs/msg/detail/ranging_beacon__type_support.hpp\n'}
[1.940104] (px4_msgs) StdoutLine: {'line': b'-- Up-to-date symlink: /home/maxim/super_ws/install/px4_msgs/include/px4_msgs/px4_msgs/msg/detail/raptor_input__builder.hpp\n'}
[1.940173] (px4_msgs) StdoutLine: {'line': b'-- Up-to-date symlink: /home/maxim/super_ws/install/px4_msgs/include/px4_msgs/px4_msgs/msg/detail/raptor_input__struct.hpp\n'}
[1.940250] (px4_msgs) StdoutLine: {'line': b'-- Up-to-date symlink: /home/maxim/super_ws/install/px4_msgs/include/px4_msgs/px4_msgs/msg/detail/raptor_input__traits.hpp\n'}
[1.940310] (px4_msgs) StdoutLine: {'line': b'-- Up-to-date symlink: /home/maxim/super_ws/install/px4_msgs/include/px4_msgs/px4_msgs/msg/detail/raptor_input__type_support.hpp\n'}
[1.940380] (px4_msgs) StdoutLine: {'line': b'-- Up-to-date symlink: /home/maxim/super_ws/install/px4_msgs/include/px4_msgs/px4_msgs/msg/detail/raptor_status__builder.hpp\n'}
[1.940454] (px4_msgs) StdoutLine: {'line': b'-- Up-to-date symlink: /home/maxim/super_ws/install/px4_msgs/include/px4_msgs/px4_msgs/msg/detail/raptor_status__struct.hpp\n'}
[1.940522] (px4_msgs) StdoutLine: {'line': b'-- Up-to-date symlink: /home/maxim/super_ws/install/px4_msgs/include/px4_msgs/px4_msgs/msg/detail/raptor_status__traits.hpp\n'}
[1.940588] (px4_msgs) StdoutLine: {'line': b'-- Up-to-date symlink: /home/maxim/super_ws/install/px4_msgs/include/px4_msgs/px4_msgs/msg/detail/raptor_status__type_support.hpp\n'}
[1.940661] (px4_msgs) StdoutLine: {'line': b'-- Up-to-date symlink: /home/maxim/super_ws/install/px4_msgs/include/px4_msgs/px4_msgs/msg/detail/rate_ctrl_status__builder.hpp\n'}
[1.940733] (px4_msgs) StdoutLine: {'line': b'-- Up-to-date symlink: /home/maxim/super_ws/install/px4_msgs/include/px4_msgs/px4_msgs/msg/detail/rate_ctrl_status__struct.hpp\n'}
[1.940807] (px4_msgs) StdoutLine: {'line': b'-- Up-to-date symlink: /home/maxim/super_ws/install/px4_msgs/include/px4_msgs/px4_msgs/msg/detail/rate_ctrl_status__traits.hpp\n'}
[1.940925] (px4_msgs) StdoutLine: {'line': b'-- Up-to-date symlink: /home/maxim/super_ws/install/px4_msgs/include/px4_msgs/px4_msgs/msg/detail/rate_ctrl_status__type_support.hpp\n'}
[1.941013] (px4_msgs) StdoutLine: {'line': b'-- Up-to-date symlink: /home/maxim/super_ws/install/px4_msgs/include/px4_msgs/px4_msgs/msg/detail/rc_channels__builder.hpp\n'}
[1.941087] (px4_msgs) StdoutLine: {'line': b'-- Up-to-date symlink: /home/maxim/super_ws/install/px4_msgs/include/px4_msgs/px4_msgs/msg/detail/rc_channels__struct.hpp\n'}
[1.941158] (px4_msgs) StdoutLine: {'line': b'-- Up-to-date symlink: /home/maxim/super_ws/install/px4_msgs/include/px4_msgs/px4_msgs/msg/detail/rc_channels__traits.hpp\n'}
[1.941228] (px4_msgs) StdoutLine: {'line': b'-- Up-to-date symlink: /home/maxim/super_ws/install/px4_msgs/include/px4_msgs/px4_msgs/msg/detail/rc_channels__type_support.hpp\n'}
[1.941299] (px4_msgs) StdoutLine: {'line': b'-- Up-to-date symlink: /home/maxim/super_ws/install/px4_msgs/include/px4_msgs/px4_msgs/msg/detail/rc_parameter_map__builder.hpp\n'}
[1.941369] (px4_msgs) StdoutLine: {'line': b'-- Up-to-date symlink: /home/maxim/super_ws/install/px4_msgs/include/px4_msgs/px4_msgs/msg/detail/rc_parameter_map__struct.hpp\n'}
[1.941440] (px4_msgs) StdoutLine: {'line': b'-- Up-to-date symlink: /home/maxim/super_ws/install/px4_msgs/include/px4_msgs/px4_msgs/msg/detail/rc_parameter_map__traits.hpp\n'}
[1.941511] (px4_msgs) StdoutLine: {'line': b'-- Up-to-date symlink: /home/maxim/super_ws/install/px4_msgs/include/px4_msgs/px4_msgs/msg/detail/rc_parameter_map__type_support.hpp\n'}
[1.941586] (px4_msgs) StdoutLine: {'line': b'-- Up-to-date symlink: /home/maxim/super_ws/install/px4_msgs/include/px4_msgs/px4_msgs/msg/detail/register_ext_component_reply__builder.hpp\n'}
[1.941659] (px4_msgs) StdoutLine: {'line': b'-- Up-to-date symlink: /home/maxim/super_ws/install/px4_msgs/include/px4_msgs/px4_msgs/msg/detail/register_ext_component_reply__struct.hpp\n'}
[1.941733] (px4_msgs) StdoutLine: {'line': b'-- Up-to-date symlink: /home/maxim/super_ws/install/px4_msgs/include/px4_msgs/px4_msgs/msg/detail/register_ext_component_reply__traits.hpp\n'}
[1.941806] (px4_msgs) StdoutLine: {'line': b'-- Up-to-date symlink: /home/maxim/super_ws/install/px4_msgs/include/px4_msgs/px4_msgs/msg/detail/register_ext_component_reply__type_support.hpp\n'}
[1.941879] (px4_msgs) StdoutLine: {'line': b'-- Up-to-date symlink: /home/maxim/super_ws/install/px4_msgs/include/px4_msgs/px4_msgs/msg/detail/register_ext_component_request__builder.hpp\n'}
[1.941950] (px4_msgs) StdoutLine: {'line': b'-- Up-to-date symlink: /home/maxim/super_ws/install/px4_msgs/include/px4_msgs/px4_msgs/msg/detail/register_ext_component_request__struct.hpp\n'}
[1.942025] (px4_msgs) StdoutLine: {'line': b'-- Up-to-date symlink: /home/maxim/super_ws/install/px4_msgs/include/px4_msgs/px4_msgs/msg/detail/register_ext_component_request__traits.hpp\n'}
[1.942144] (px4_msgs) StdoutLine: {'line': b'-- Up-to-date symlink: /home/maxim/super_ws/install/px4_msgs/include/px4_msgs/px4_msgs/msg/detail/register_ext_component_request__type_support.hpp\n'}
[1.942238] (px4_msgs) StdoutLine: {'line': b'-- Up-to-date symlink: /home/maxim/super_ws/install/px4_msgs/include/px4_msgs/px4_msgs/msg/detail/rover_attitude_setpoint__builder.hpp\n'}
[1.942325] (px4_msgs) StdoutLine: {'line': b'-- Up-to-date symlink: /home/maxim/super_ws/install/px4_msgs/include/px4_msgs/px4_msgs/msg/detail/rover_attitude_setpoint__struct.hpp\n'}
[1.942396] (px4_msgs) StdoutLine: {'line': b'-- Up-to-date symlink: /home/maxim/super_ws/install/px4_msgs/include/px4_msgs/px4_msgs/msg/detail/rover_attitude_setpoint__traits.hpp\n'}
[1.942476] (px4_msgs) StdoutLine: {'line': b'-- Up-to-date symlink: /home/maxim/super_ws/install/px4_msgs/include/px4_msgs/px4_msgs/msg/detail/rover_attitude_setpoint__type_support.hpp\n'}
[1.942547] (px4_msgs) StdoutLine: {'line': b'-- Up-to-date symlink: /home/maxim/super_ws/install/px4_msgs/include/px4_msgs/px4_msgs/msg/detail/rover_attitude_status__builder.hpp\n'}
[1.942618] (px4_msgs) StdoutLine: {'line': b'-- Up-to-date symlink: /home/maxim/super_ws/install/px4_msgs/include/px4_msgs/px4_msgs/msg/detail/rover_attitude_status__struct.hpp\n'}
[1.942720] (px4_msgs) StdoutLine: {'line': b'-- Up-to-date symlink: /home/maxim/super_ws/install/px4_msgs/include/px4_msgs/px4_msgs/msg/detail/rover_attitude_status__traits.hpp\n'}
[1.942800] (px4_msgs) StdoutLine: {'line': b'-- Up-to-date symlink: /home/maxim/super_ws/install/px4_msgs/include/px4_msgs/px4_msgs/msg/detail/rover_attitude_status__type_support.hpp\n'}
[1.942872] (px4_msgs) StdoutLine: {'line': b'-- Up-to-date symlink: /home/maxim/super_ws/install/px4_msgs/include/px4_msgs/px4_msgs/msg/detail/rover_position_setpoint__builder.hpp\n'}
[1.942944] (px4_msgs) StdoutLine: {'line': b'-- Up-to-date symlink: /home/maxim/super_ws/install/px4_msgs/include/px4_msgs/px4_msgs/msg/detail/rover_position_setpoint__struct.hpp\n'}
[1.943012] (px4_msgs) StdoutLine: {'line': b'-- Up-to-date symlink: /home/maxim/super_ws/install/px4_msgs/include/px4_msgs/px4_msgs/msg/detail/rover_position_setpoint__traits.hpp\n'}
[1.943078] (px4_msgs) StdoutLine: {'line': b'-- Up-to-date symlink: /home/maxim/super_ws/install/px4_msgs/include/px4_msgs/px4_msgs/msg/detail/rover_position_setpoint__type_support.hpp\n'}
[1.943150] (px4_msgs) StdoutLine: {'line': b'-- Up-to-date symlink: /home/maxim/super_ws/install/px4_msgs/include/px4_msgs/px4_msgs/msg/detail/rover_rate_setpoint__builder.hpp\n'}
[1.943220] (px4_msgs) StdoutLine: {'line': b'-- Up-to-date symlink: /home/maxim/super_ws/install/px4_msgs/include/px4_msgs/px4_msgs/msg/detail/rover_rate_setpoint__struct.hpp\n'}
[1.943293] (px4_msgs) StdoutLine: {'line': b'-- Up-to-date symlink: /home/maxim/super_ws/install/px4_msgs/include/px4_msgs/px4_msgs/msg/detail/rover_rate_setpoint__traits.hpp\n'}
[1.943363] (px4_msgs) StdoutLine: {'line': b'-- Up-to-date symlink: /home/maxim/super_ws/install/px4_msgs/include/px4_msgs/px4_msgs/msg/detail/rover_rate_setpoint__type_support.hpp\n'}
[1.943431] (px4_msgs) StdoutLine: {'line': b'-- Up-to-date symlink: /home/maxim/super_ws/install/px4_msgs/include/px4_msgs/px4_msgs/msg/detail/rover_rate_status__builder.hpp\n'}
[1.943502] (px4_msgs) StdoutLine: {'line': b'-- Up-to-date symlink: /home/maxim/super_ws/install/px4_msgs/include/px4_msgs/px4_msgs/msg/detail/rover_rate_status__struct.hpp\n'}
[1.943576] (px4_msgs) StdoutLine: {'line': b'-- Up-to-date symlink: /home/maxim/super_ws/install/px4_msgs/include/px4_msgs/px4_msgs/msg/detail/rover_rate_status__traits.hpp\n'}
[1.943650] (px4_msgs) StdoutLine: {'line': b'-- Up-to-date symlink: /home/maxim/super_ws/install/px4_msgs/include/px4_msgs/px4_msgs/msg/detail/rover_rate_status__type_support.hpp\n'}
[1.943770] (px4_msgs) StdoutLine: {'line': b'-- Up-to-date symlink: /home/maxim/super_ws/install/px4_msgs/include/px4_msgs/px4_msgs/msg/detail/rover_speed_setpoint__builder.hpp\n'}
[1.943852] (px4_msgs) StdoutLine: {'line': b'-- Up-to-date symlink: /home/maxim/super_ws/install/px4_msgs/include/px4_msgs/px4_msgs/msg/detail/rover_speed_setpoint__struct.hpp\n'}
[1.943925] (px4_msgs) StdoutLine: {'line': b'-- Up-to-date symlink: /home/maxim/super_ws/install/px4_msgs/include/px4_msgs/px4_msgs/msg/detail/rover_speed_setpoint__traits.hpp\n'}
[1.943996] (px4_msgs) StdoutLine: {'line': b'-- Up-to-date symlink: /home/maxim/super_ws/install/px4_msgs/include/px4_msgs/px4_msgs/msg/detail/rover_speed_setpoint__type_support.hpp\n'}
[1.944066] (px4_msgs) StdoutLine: {'line': b'-- Up-to-date symlink: /home/maxim/super_ws/install/px4_msgs/include/px4_msgs/px4_msgs/msg/detail/rover_speed_status__builder.hpp\n'}
[1.944141] (px4_msgs) StdoutLine: {'line': b'-- Up-to-date symlink: /home/maxim/super_ws/install/px4_msgs/include/px4_msgs/px4_msgs/msg/detail/rover_speed_status__struct.hpp\n'}
[1.944212] (px4_msgs) StdoutLine: {'line': b'-- Up-to-date symlink: /home/maxim/super_ws/install/px4_msgs/include/px4_msgs/px4_msgs/msg/detail/rover_speed_status__traits.hpp\n'}
[1.944284] (px4_msgs) StdoutLine: {'line': b'-- Up-to-date symlink: /home/maxim/super_ws/install/px4_msgs/include/px4_msgs/px4_msgs/msg/detail/rover_speed_status__type_support.hpp\n'}
[1.944357] (px4_msgs) StdoutLine: {'line': b'-- Up-to-date symlink: /home/maxim/super_ws/install/px4_msgs/include/px4_msgs/px4_msgs/msg/detail/rover_steering_setpoint__builder.hpp\n'}
[1.944432] (px4_msgs) StdoutLine: {'line': b'-- Up-to-date symlink: /home/maxim/super_ws/install/px4_msgs/include/px4_msgs/px4_msgs/msg/detail/rover_steering_setpoint__struct.hpp\n'}
[1.944503] (px4_msgs) StdoutLine: {'line': b'-- Up-to-date symlink: /home/maxim/super_ws/install/px4_msgs/include/px4_msgs/px4_msgs/msg/detail/rover_steering_setpoint__traits.hpp\n'}
[1.944574] (px4_msgs) StdoutLine: {'line': b'-- Up-to-date symlink: /home/maxim/super_ws/install/px4_msgs/include/px4_msgs/px4_msgs/msg/detail/rover_steering_setpoint__type_support.hpp\n'}
[1.944668] (px4_msgs) StdoutLine: {'line': b'-- Up-to-date symlink: /home/maxim/super_ws/install/px4_msgs/include/px4_msgs/px4_msgs/msg/detail/rover_throttle_setpoint__builder.hpp\n'}
[1.944785] (px4_msgs) StdoutLine: {'line': b'-- Up-to-date symlink: /home/maxim/super_ws/install/px4_msgs/include/px4_msgs/px4_msgs/msg/detail/rover_throttle_setpoint__struct.hpp\n'}
[1.944917] (px4_msgs) StdoutLine: {'line': b'-- Up-to-date symlink: /home/maxim/super_ws/install/px4_msgs/include/px4_msgs/px4_msgs/msg/detail/rover_throttle_setpoint__traits.hpp\n'}
[1.945008] (px4_msgs) StdoutLine: {'line': b'-- Up-to-date symlink: /home/maxim/super_ws/install/px4_msgs/include/px4_msgs/px4_msgs/msg/detail/rover_throttle_setpoint__type_support.hpp\n'}
[1.945095] (px4_msgs) StdoutLine: {'line': b'-- Up-to-date symlink: /home/maxim/super_ws/install/px4_msgs/include/px4_msgs/px4_msgs/msg/detail/rpm__builder.hpp\n'}
[1.945171] (px4_msgs) StdoutLine: {'line': b'-- Up-to-date symlink: /home/maxim/super_ws/install/px4_msgs/include/px4_msgs/px4_msgs/msg/detail/rpm__struct.hpp\n'}
[1.945232] (px4_msgs) StdoutLine: {'line': b'-- Up-to-date symlink: /home/maxim/super_ws/install/px4_msgs/include/px4_msgs/px4_msgs/msg/detail/rpm__traits.hpp\n'}
[1.945313] (px4_msgs) StdoutLine: {'line': b'-- Up-to-date symlink: /home/maxim/super_ws/install/px4_msgs/include/px4_msgs/px4_msgs/msg/detail/rpm__type_support.hpp\n'}
[1.945375] (px4_msgs) StdoutLine: {'line': b'-- Up-to-date symlink: /home/maxim/super_ws/install/px4_msgs/include/px4_msgs/px4_msgs/msg/detail/rtl_status__builder.hpp\n'}
[1.945456] (px4_msgs) StdoutLine: {'line': b'-- Up-to-date symlink: /home/maxim/super_ws/install/px4_msgs/include/px4_msgs/px4_msgs/msg/detail/rtl_status__struct.hpp\n'}
[1.945515] (px4_msgs) StdoutLine: {'line': b'-- Up-to-date symlink: /home/maxim/super_ws/install/px4_msgs/include/px4_msgs/px4_msgs/msg/detail/rtl_status__traits.hpp\n'}
[1.945583] (px4_msgs) StdoutLine: {'line': b'-- Up-to-date symlink: /home/maxim/super_ws/install/px4_msgs/include/px4_msgs/px4_msgs/msg/detail/rtl_status__type_support.hpp\n'}
[1.945653] (px4_msgs) StdoutLine: {'line': b'-- Up-to-date symlink: /home/maxim/super_ws/install/px4_msgs/include/px4_msgs/px4_msgs/msg/detail/rtl_time_estimate__builder.hpp\n'}
[1.945720] (px4_msgs) StdoutLine: {'line': b'-- Up-to-date symlink: /home/maxim/super_ws/install/px4_msgs/include/px4_msgs/px4_msgs/msg/detail/rtl_time_estimate__struct.hpp\n'}
[1.945791] (px4_msgs) StdoutLine: {'line': b'-- Up-to-date symlink: /home/maxim/super_ws/install/px4_msgs/include/px4_msgs/px4_msgs/msg/detail/rtl_time_estimate__traits.hpp\n'}
[1.945905] (px4_msgs) StdoutLine: {'line': b'-- Up-to-date symlink: /home/maxim/super_ws/install/px4_msgs/include/px4_msgs/px4_msgs/msg/detail/rtl_time_estimate__type_support.hpp\n'}
[1.945980] (px4_msgs) StdoutLine: {'line': b'-- Up-to-date symlink: /home/maxim/super_ws/install/px4_msgs/include/px4_msgs/px4_msgs/msg/detail/satellite_info__builder.hpp\n'}
[1.946051] (px4_msgs) StdoutLine: {'line': b'-- Up-to-date symlink: /home/maxim/super_ws/install/px4_msgs/include/px4_msgs/px4_msgs/msg/detail/satellite_info__struct.hpp\n'}
[1.946122] (px4_msgs) StdoutLine: {'line': b'-- Up-to-date symlink: /home/maxim/super_ws/install/px4_msgs/include/px4_msgs/px4_msgs/msg/detail/satellite_info__traits.hpp\n'}
[1.946193] (px4_msgs) StdoutLine: {'line': b'-- Up-to-date symlink: /home/maxim/super_ws/install/px4_msgs/include/px4_msgs/px4_msgs/msg/detail/satellite_info__type_support.hpp\n'}
[1.946265] (px4_msgs) StdoutLine: {'line': b'-- Up-to-date symlink: /home/maxim/super_ws/install/px4_msgs/include/px4_msgs/px4_msgs/msg/detail/sensor_accel__builder.hpp\n'}
[1.946335] (px4_msgs) StdoutLine: {'line': b'-- Up-to-date symlink: /home/maxim/super_ws/install/px4_msgs/include/px4_msgs/px4_msgs/msg/detail/sensor_accel__struct.hpp\n'}
[1.946407] (px4_msgs) StdoutLine: {'line': b'-- Up-to-date symlink: /home/maxim/super_ws/install/px4_msgs/include/px4_msgs/px4_msgs/msg/detail/sensor_accel__traits.hpp\n'}
[1.946481] (px4_msgs) StdoutLine: {'line': b'-- Up-to-date symlink: /home/maxim/super_ws/install/px4_msgs/include/px4_msgs/px4_msgs/msg/detail/sensor_accel__type_support.hpp\n'}
[1.946552] (px4_msgs) StdoutLine: {'line': b'-- Up-to-date symlink: /home/maxim/super_ws/install/px4_msgs/include/px4_msgs/px4_msgs/msg/detail/sensor_accel_fifo__builder.hpp\n'}
[1.946625] (px4_msgs) StdoutLine: {'line': b'-- Up-to-date symlink: /home/maxim/super_ws/install/px4_msgs/include/px4_msgs/px4_msgs/msg/detail/sensor_accel_fifo__struct.hpp\n'}
[1.946702] (px4_msgs) StdoutLine: {'line': b'-- Up-to-date symlink: /home/maxim/super_ws/install/px4_msgs/include/px4_msgs/px4_msgs/msg/detail/sensor_accel_fifo__traits.hpp\n'}
[1.946776] (px4_msgs) StdoutLine: {'line': b'-- Up-to-date symlink: /home/maxim/super_ws/install/px4_msgs/include/px4_msgs/px4_msgs/msg/detail/sensor_accel_fifo__type_support.hpp\n'}
[1.946844] (px4_msgs) StdoutLine: {'line': b'-- Up-to-date symlink: /home/maxim/super_ws/install/px4_msgs/include/px4_msgs/px4_msgs/msg/detail/sensor_airflow__builder.hpp\n'}
[1.946923] (px4_msgs) StdoutLine: {'line': b'-- Up-to-date symlink: /home/maxim/super_ws/install/px4_msgs/include/px4_msgs/px4_msgs/msg/detail/sensor_airflow__struct.hpp\n'}
[1.946996] (px4_msgs) StdoutLine: {'line': b'-- Up-to-date symlink: /home/maxim/super_ws/install/px4_msgs/include/px4_msgs/px4_msgs/msg/detail/sensor_airflow__traits.hpp\n'}
[1.947110] (px4_msgs) StdoutLine: {'line': b'-- Up-to-date symlink: /home/maxim/super_ws/install/px4_msgs/include/px4_msgs/px4_msgs/msg/detail/sensor_airflow__type_support.hpp\n'}
[1.947192] (px4_msgs) StdoutLine: {'line': b'-- Up-to-date symlink: /home/maxim/super_ws/install/px4_msgs/include/px4_msgs/px4_msgs/msg/detail/sensor_baro__builder.hpp\n'}
[1.947273] (px4_msgs) StdoutLine: {'line': b'-- Up-to-date symlink: /home/maxim/super_ws/install/px4_msgs/include/px4_msgs/px4_msgs/msg/detail/sensor_baro__struct.hpp\n'}
[1.947347] (px4_msgs) StdoutLine: {'line': b'-- Up-to-date symlink: /home/maxim/super_ws/install/px4_msgs/include/px4_msgs/px4_msgs/msg/detail/sensor_baro__traits.hpp\n'}
[1.947421] (px4_msgs) StdoutLine: {'line': b'-- Up-to-date symlink: /home/maxim/super_ws/install/px4_msgs/include/px4_msgs/px4_msgs/msg/detail/sensor_baro__type_support.hpp\n'}
[1.947491] (px4_msgs) StdoutLine: {'line': b'-- Up-to-date symlink: /home/maxim/super_ws/install/px4_msgs/include/px4_msgs/px4_msgs/msg/detail/sensor_combined__builder.hpp\n'}
[1.947562] (px4_msgs) StdoutLine: {'line': b'-- Up-to-date symlink: /home/maxim/super_ws/install/px4_msgs/include/px4_msgs/px4_msgs/msg/detail/sensor_combined__struct.hpp\n'}
[1.947633] (px4_msgs) StdoutLine: {'line': b'-- Up-to-date symlink: /home/maxim/super_ws/install/px4_msgs/include/px4_msgs/px4_msgs/msg/detail/sensor_combined__traits.hpp\n'}
[1.947705] (px4_msgs) StdoutLine: {'line': b'-- Up-to-date symlink: /home/maxim/super_ws/install/px4_msgs/include/px4_msgs/px4_msgs/msg/detail/sensor_combined__type_support.hpp\n'}
[1.947807] (px4_msgs) StdoutLine: {'line': b'-- Up-to-date symlink: /home/maxim/super_ws/install/px4_msgs/include/px4_msgs/px4_msgs/msg/detail/sensor_correction__builder.hpp\n'}
[1.947879] (px4_msgs) StdoutLine: {'line': b'-- Up-to-date symlink: /home/maxim/super_ws/install/px4_msgs/include/px4_msgs/px4_msgs/msg/detail/sensor_correction__struct.hpp\n'}
[1.947965] (px4_msgs) StdoutLine: {'line': b'-- Up-to-date symlink: /home/maxim/super_ws/install/px4_msgs/include/px4_msgs/px4_msgs/msg/detail/sensor_correction__traits.hpp\n'}
[1.948035] (px4_msgs) StdoutLine: {'line': b'-- Up-to-date symlink: /home/maxim/super_ws/install/px4_msgs/include/px4_msgs/px4_msgs/msg/detail/sensor_correction__type_support.hpp\n'}
[1.948106] (px4_msgs) StdoutLine: {'line': b'-- Up-to-date symlink: /home/maxim/super_ws/install/px4_msgs/include/px4_msgs/px4_msgs/msg/detail/sensor_gnss_relative__builder.hpp\n'}
[1.948177] (px4_msgs) StdoutLine: {'line': b'-- Up-to-date symlink: /home/maxim/super_ws/install/px4_msgs/include/px4_msgs/px4_msgs/msg/detail/sensor_gnss_relative__struct.hpp\n'}
[1.948247] (px4_msgs) StdoutLine: {'line': b'-- Up-to-date symlink: /home/maxim/super_ws/install/px4_msgs/include/px4_msgs/px4_msgs/msg/detail/sensor_gnss_relative__traits.hpp\n'}
[1.948320] (px4_msgs) StdoutLine: {'line': b'-- Up-to-date symlink: /home/maxim/super_ws/install/px4_msgs/include/px4_msgs/px4_msgs/msg/detail/sensor_gnss_relative__type_support.hpp\n'}
[1.948392] (px4_msgs) StdoutLine: {'line': b'-- Up-to-date symlink: /home/maxim/super_ws/install/px4_msgs/include/px4_msgs/px4_msgs/msg/detail/sensor_gnss_status__builder.hpp\n'}
[1.948504] (px4_msgs) StdoutLine: {'line': b'-- Up-to-date symlink: /home/maxim/super_ws/install/px4_msgs/include/px4_msgs/px4_msgs/msg/detail/sensor_gnss_status__struct.hpp\n'}
[1.948577] (px4_msgs) StdoutLine: {'line': b'-- Up-to-date symlink: /home/maxim/super_ws/install/px4_msgs/include/px4_msgs/px4_msgs/msg/detail/sensor_gnss_status__traits.hpp\n'}
[1.948652] (px4_msgs) StdoutLine: {'line': b'-- Up-to-date symlink: /home/maxim/super_ws/install/px4_msgs/include/px4_msgs/px4_msgs/msg/detail/sensor_gnss_status__type_support.hpp\n'}
[1.948727] (px4_msgs) StdoutLine: {'line': b'-- Up-to-date symlink: /home/maxim/super_ws/install/px4_msgs/include/px4_msgs/px4_msgs/msg/detail/sensor_gps__builder.hpp\n'}
[1.948797] (px4_msgs) StdoutLine: {'line': b'-- Up-to-date symlink: /home/maxim/super_ws/install/px4_msgs/include/px4_msgs/px4_msgs/msg/detail/sensor_gps__struct.hpp\n'}
[1.948869] (px4_msgs) StdoutLine: {'line': b'-- Up-to-date symlink: /home/maxim/super_ws/install/px4_msgs/include/px4_msgs/px4_msgs/msg/detail/sensor_gps__traits.hpp\n'}
[1.948935] (px4_msgs) StdoutLine: {'line': b'-- Up-to-date symlink: /home/maxim/super_ws/install/px4_msgs/include/px4_msgs/px4_msgs/msg/detail/sensor_gps__type_support.hpp\n'}
[1.949006] (px4_msgs) StdoutLine: {'line': b'-- Up-to-date symlink: /home/maxim/super_ws/install/px4_msgs/include/px4_msgs/px4_msgs/msg/detail/sensor_gyro__builder.hpp\n'}
[1.949082] (px4_msgs) StdoutLine: {'line': b'-- Up-to-date symlink: /home/maxim/super_ws/install/px4_msgs/include/px4_msgs/px4_msgs/msg/detail/sensor_gyro__struct.hpp\n'}
[1.949160] (px4_msgs) StdoutLine: {'line': b'-- Up-to-date symlink: /home/maxim/super_ws/install/px4_msgs/include/px4_msgs/px4_msgs/msg/detail/sensor_gyro__traits.hpp\n'}
[1.949278] (px4_msgs) StdoutLine: {'line': b'-- Up-to-date symlink: /home/maxim/super_ws/install/px4_msgs/include/px4_msgs/px4_msgs/msg/detail/sensor_gyro__type_support.hpp\n'}
[1.949359] (px4_msgs) StdoutLine: {'line': b'-- Up-to-date symlink: /home/maxim/super_ws/install/px4_msgs/include/px4_msgs/px4_msgs/msg/detail/sensor_gyro_fft__builder.hpp\n'}
[1.949433] (px4_msgs) StdoutLine: {'line': b'-- Up-to-date symlink: /home/maxim/super_ws/install/px4_msgs/include/px4_msgs/px4_msgs/msg/detail/sensor_gyro_fft__struct.hpp\n'}
[1.949516] (px4_msgs) StdoutLine: {'line': b'-- Up-to-date symlink: /home/maxim/super_ws/install/px4_msgs/include/px4_msgs/px4_msgs/msg/detail/sensor_gyro_fft__traits.hpp\n'}
[1.949586] (px4_msgs) StdoutLine: {'line': b'-- Up-to-date symlink: /home/maxim/super_ws/install/px4_msgs/include/px4_msgs/px4_msgs/msg/detail/sensor_gyro_fft__type_support.hpp\n'}
[1.949662] (px4_msgs) StdoutLine: {'line': b'-- Up-to-date symlink: /home/maxim/super_ws/install/px4_msgs/include/px4_msgs/px4_msgs/msg/detail/sensor_gyro_fifo__builder.hpp\n'}
[1.949734] (px4_msgs) StdoutLine: {'line': b'-- Up-to-date symlink: /home/maxim/super_ws/install/px4_msgs/include/px4_msgs/px4_msgs/msg/detail/sensor_gyro_fifo__struct.hpp\n'}
[1.949805] (px4_msgs) StdoutLine: {'line': b'-- Up-to-date symlink: /home/maxim/super_ws/install/px4_msgs/include/px4_msgs/px4_msgs/msg/detail/sensor_gyro_fifo__traits.hpp\n'}
[1.949878] (px4_msgs) StdoutLine: {'line': b'-- Up-to-date symlink: /home/maxim/super_ws/install/px4_msgs/include/px4_msgs/px4_msgs/msg/detail/sensor_gyro_fifo__type_support.hpp\n'}
[1.949951] (px4_msgs) StdoutLine: {'line': b'-- Up-to-date symlink: /home/maxim/super_ws/install/px4_msgs/include/px4_msgs/px4_msgs/msg/detail/sensor_hygrometer__builder.hpp\n'}
[1.950020] (px4_msgs) StdoutLine: {'line': b'-- Up-to-date symlink: /home/maxim/super_ws/install/px4_msgs/include/px4_msgs/px4_msgs/msg/detail/sensor_hygrometer__struct.hpp\n'}
[1.950091] (px4_msgs) StdoutLine: {'line': b'-- Up-to-date symlink: /home/maxim/super_ws/install/px4_msgs/include/px4_msgs/px4_msgs/msg/detail/sensor_hygrometer__traits.hpp\n'}
[1.950190] (px4_msgs) StdoutLine: {'line': b'-- Up-to-date symlink: /home/maxim/super_ws/install/px4_msgs/include/px4_msgs/px4_msgs/msg/detail/sensor_hygrometer__type_support.hpp\n'}
[1.950265] (px4_msgs) StdoutLine: {'line': b'-- Up-to-date symlink: /home/maxim/super_ws/install/px4_msgs/include/px4_msgs/px4_msgs/msg/detail/sensor_mag__builder.hpp\n'}
[1.950342] (px4_msgs) StdoutLine: {'line': b'-- Up-to-date symlink: /home/maxim/super_ws/install/px4_msgs/include/px4_msgs/px4_msgs/msg/detail/sensor_mag__struct.hpp\n'}
[1.950415] (px4_msgs) StdoutLine: {'line': b'-- Up-to-date symlink: /home/maxim/super_ws/install/px4_msgs/include/px4_msgs/px4_msgs/msg/detail/sensor_mag__traits.hpp\n'}
[1.950485] (px4_msgs) StdoutLine: {'line': b'-- Up-to-date symlink: /home/maxim/super_ws/install/px4_msgs/include/px4_msgs/px4_msgs/msg/detail/sensor_mag__type_support.hpp\n'}
[1.950555] (px4_msgs) StdoutLine: {'line': b'-- Up-to-date symlink: /home/maxim/super_ws/install/px4_msgs/include/px4_msgs/px4_msgs/msg/detail/sensor_optical_flow__builder.hpp\n'}
[1.950627] (px4_msgs) StdoutLine: {'line': b'-- Up-to-date symlink: /home/maxim/super_ws/install/px4_msgs/include/px4_msgs/px4_msgs/msg/detail/sensor_optical_flow__struct.hpp\n'}
[1.950705] (px4_msgs) StdoutLine: {'line': b'-- Up-to-date symlink: /home/maxim/super_ws/install/px4_msgs/include/px4_msgs/px4_msgs/msg/detail/sensor_optical_flow__traits.hpp\n'}
[1.950781] (px4_msgs) StdoutLine: {'line': b'-- Up-to-date symlink: /home/maxim/super_ws/install/px4_msgs/include/px4_msgs/px4_msgs/msg/detail/sensor_optical_flow__type_support.hpp\n'}
[1.950861] (px4_msgs) StdoutLine: {'line': b'-- Up-to-date symlink: /home/maxim/super_ws/install/px4_msgs/include/px4_msgs/px4_msgs/msg/detail/sensor_preflight_mag__builder.hpp\n'}
[1.950938] (px4_msgs) StdoutLine: {'line': b'-- Up-to-date symlink: /home/maxim/super_ws/install/px4_msgs/include/px4_msgs/px4_msgs/msg/detail/sensor_preflight_mag__struct.hpp\n'}
[1.951013] (px4_msgs) StdoutLine: {'line': b'-- Up-to-date symlink: /home/maxim/super_ws/install/px4_msgs/include/px4_msgs/px4_msgs/msg/detail/sensor_preflight_mag__traits.hpp\n'}
[1.951090] (px4_msgs) StdoutLine: {'line': b'-- Up-to-date symlink: /home/maxim/super_ws/install/px4_msgs/include/px4_msgs/px4_msgs/msg/detail/sensor_preflight_mag__type_support.hpp\n'}
[1.951166] (px4_msgs) StdoutLine: {'line': b'-- Up-to-date symlink: /home/maxim/super_ws/install/px4_msgs/include/px4_msgs/px4_msgs/msg/detail/sensor_selection__builder.hpp\n'}
[1.951242] (px4_msgs) StdoutLine: {'line': b'-- Up-to-date symlink: /home/maxim/super_ws/install/px4_msgs/include/px4_msgs/px4_msgs/msg/detail/sensor_selection__struct.hpp\n'}
[1.951319] (px4_msgs) StdoutLine: {'line': b'-- Up-to-date symlink: /home/maxim/super_ws/install/px4_msgs/include/px4_msgs/px4_msgs/msg/detail/sensor_selection__traits.hpp\n'}
[1.951396] (px4_msgs) StdoutLine: {'line': b'-- Up-to-date symlink: /home/maxim/super_ws/install/px4_msgs/include/px4_msgs/px4_msgs/msg/detail/sensor_selection__type_support.hpp\n'}
[1.951473] (px4_msgs) StdoutLine: {'line': b'-- Up-to-date symlink: /home/maxim/super_ws/install/px4_msgs/include/px4_msgs/px4_msgs/msg/detail/sensor_temp__builder.hpp\n'}
[1.951549] (px4_msgs) StdoutLine: {'line': b'-- Up-to-date symlink: /home/maxim/super_ws/install/px4_msgs/include/px4_msgs/px4_msgs/msg/detail/sensor_temp__struct.hpp\n'}
[1.951627] (px4_msgs) StdoutLine: {'line': b'-- Up-to-date symlink: /home/maxim/super_ws/install/px4_msgs/include/px4_msgs/px4_msgs/msg/detail/sensor_temp__traits.hpp\n'}
[1.951710] (px4_msgs) StdoutLine: {'line': b'-- Up-to-date symlink: /home/maxim/super_ws/install/px4_msgs/include/px4_msgs/px4_msgs/msg/detail/sensor_temp__type_support.hpp\n'}
[1.951787] (px4_msgs) StdoutLine: {'line': b'-- Up-to-date symlink: /home/maxim/super_ws/install/px4_msgs/include/px4_msgs/px4_msgs/msg/detail/sensor_uwb__builder.hpp\n'}
[1.951866] (px4_msgs) StdoutLine: {'line': b'-- Up-to-date symlink: /home/maxim/super_ws/install/px4_msgs/include/px4_msgs/px4_msgs/msg/detail/sensor_uwb__struct.hpp\n'}
[1.951944] (px4_msgs) StdoutLine: {'line': b'-- Up-to-date symlink: /home/maxim/super_ws/install/px4_msgs/include/px4_msgs/px4_msgs/msg/detail/sensor_uwb__traits.hpp\n'}
[1.952063] (px4_msgs) StdoutLine: {'line': b'-- Up-to-date symlink: /home/maxim/super_ws/install/px4_msgs/include/px4_msgs/px4_msgs/msg/detail/sensor_uwb__type_support.hpp\n'}
[1.952144] (px4_msgs) StdoutLine: {'line': b'-- Up-to-date symlink: /home/maxim/super_ws/install/px4_msgs/include/px4_msgs/px4_msgs/msg/detail/sensors_status__builder.hpp\n'}
[1.952226] (px4_msgs) StdoutLine: {'line': b'-- Up-to-date symlink: /home/maxim/super_ws/install/px4_msgs/include/px4_msgs/px4_msgs/msg/detail/sensors_status__struct.hpp\n'}
[1.952301] (px4_msgs) StdoutLine: {'line': b'-- Up-to-date symlink: /home/maxim/super_ws/install/px4_msgs/include/px4_msgs/px4_msgs/msg/detail/sensors_status__traits.hpp\n'}
[1.952382] (px4_msgs) StdoutLine: {'line': b'-- Up-to-date symlink: /home/maxim/super_ws/install/px4_msgs/include/px4_msgs/px4_msgs/msg/detail/sensors_status__type_support.hpp\n'}
[1.952507] (px4_msgs) StdoutLine: {'line': b'-- Up-to-date symlink: /home/maxim/super_ws/install/px4_msgs/include/px4_msgs/px4_msgs/msg/detail/sensors_status_imu__builder.hpp\n'}
[1.952569] (px4_msgs) StdoutLine: {'line': b'-- Up-to-date symlink: /home/maxim/super_ws/install/px4_msgs/include/px4_msgs/px4_msgs/msg/detail/sensors_status_imu__struct.hpp\n'}
[1.952645] (px4_msgs) StdoutLine: {'line': b'-- Up-to-date symlink: /home/maxim/super_ws/install/px4_msgs/include/px4_msgs/px4_msgs/msg/detail/sensors_status_imu__traits.hpp\n'}
[1.952718] (px4_msgs) StdoutLine: {'line': b'-- Up-to-date symlink: /home/maxim/super_ws/install/px4_msgs/include/px4_msgs/px4_msgs/msg/detail/sensors_status_imu__type_support.hpp\n'}
[1.952789] (px4_msgs) StdoutLine: {'line': b'-- Up-to-date symlink: /home/maxim/super_ws/install/px4_msgs/include/px4_msgs/px4_msgs/msg/detail/system_power__builder.hpp\n'}
[1.952856] (px4_msgs) StdoutLine: {'line': b'-- Up-to-date symlink: /home/maxim/super_ws/install/px4_msgs/include/px4_msgs/px4_msgs/msg/detail/system_power__struct.hpp\n'}
[1.952927] (px4_msgs) StdoutLine: {'line': b'-- Up-to-date symlink: /home/maxim/super_ws/install/px4_msgs/include/px4_msgs/px4_msgs/msg/detail/system_power__traits.hpp\n'}
[1.952996] (px4_msgs) StdoutLine: {'line': b'-- Up-to-date symlink: /home/maxim/super_ws/install/px4_msgs/include/px4_msgs/px4_msgs/msg/detail/system_power__type_support.hpp\n'}
[1.953066] (px4_msgs) StdoutLine: {'line': b'-- Up-to-date symlink: /home/maxim/super_ws/install/px4_msgs/include/px4_msgs/px4_msgs/msg/detail/takeoff_status__builder.hpp\n'}
[1.953135] (px4_msgs) StdoutLine: {'line': b'-- Up-to-date symlink: /home/maxim/super_ws/install/px4_msgs/include/px4_msgs/px4_msgs/msg/detail/takeoff_status__struct.hpp\n'}
[1.953207] (px4_msgs) StdoutLine: {'line': b'-- Up-to-date symlink: /home/maxim/super_ws/install/px4_msgs/include/px4_msgs/px4_msgs/msg/detail/takeoff_status__traits.hpp\n'}
[1.953279] (px4_msgs) StdoutLine: {'line': b'-- Up-to-date symlink: /home/maxim/super_ws/install/px4_msgs/include/px4_msgs/px4_msgs/msg/detail/takeoff_status__type_support.hpp\n'}
[1.953350] (px4_msgs) StdoutLine: {'line': b'-- Up-to-date symlink: /home/maxim/super_ws/install/px4_msgs/include/px4_msgs/px4_msgs/msg/detail/target_gnss__builder.hpp\n'}
[1.953473] (px4_msgs) StdoutLine: {'line': b'-- Up-to-date symlink: /home/maxim/super_ws/install/px4_msgs/include/px4_msgs/px4_msgs/msg/detail/target_gnss__struct.hpp\n'}
[1.953551] (px4_msgs) StdoutLine: {'line': b'-- Up-to-date symlink: /home/maxim/super_ws/install/px4_msgs/include/px4_msgs/px4_msgs/msg/detail/target_gnss__traits.hpp\n'}
[1.953623] (px4_msgs) StdoutLine: {'line': b'-- Up-to-date symlink: /home/maxim/super_ws/install/px4_msgs/include/px4_msgs/px4_msgs/msg/detail/target_gnss__type_support.hpp\n'}
[1.953696] (px4_msgs) StdoutLine: {'line': b'-- Up-to-date symlink: /home/maxim/super_ws/install/px4_msgs/include/px4_msgs/px4_msgs/msg/detail/task_stack_info__builder.hpp\n'}
[1.953767] (px4_msgs) StdoutLine: {'line': b'-- Up-to-date symlink: /home/maxim/super_ws/install/px4_msgs/include/px4_msgs/px4_msgs/msg/detail/task_stack_info__struct.hpp\n'}
[1.953837] (px4_msgs) StdoutLine: {'line': b'-- Up-to-date symlink: /home/maxim/super_ws/install/px4_msgs/include/px4_msgs/px4_msgs/msg/detail/task_stack_info__traits.hpp\n'}
[1.953903] (px4_msgs) StdoutLine: {'line': b'-- Up-to-date symlink: /home/maxim/super_ws/install/px4_msgs/include/px4_msgs/px4_msgs/msg/detail/task_stack_info__type_support.hpp\n'}
[1.953975] (px4_msgs) StdoutLine: {'line': b'-- Up-to-date symlink: /home/maxim/super_ws/install/px4_msgs/include/px4_msgs/px4_msgs/msg/detail/tecs_status__builder.hpp\n'}
[1.954094] (px4_msgs) StdoutLine: {'line': b'-- Up-to-date symlink: /home/maxim/super_ws/install/px4_msgs/include/px4_msgs/px4_msgs/msg/detail/tecs_status__struct.hpp\n'}
[1.954173] (px4_msgs) StdoutLine: {'line': b'-- Up-to-date symlink: /home/maxim/super_ws/install/px4_msgs/include/px4_msgs/px4_msgs/msg/detail/tecs_status__traits.hpp\n'}
[1.954248] (px4_msgs) StdoutLine: {'line': b'-- Up-to-date symlink: /home/maxim/super_ws/install/px4_msgs/include/px4_msgs/px4_msgs/msg/detail/tecs_status__type_support.hpp\n'}
[1.954322] (px4_msgs) StdoutLine: {'line': b'-- Up-to-date symlink: /home/maxim/super_ws/install/px4_msgs/include/px4_msgs/px4_msgs/msg/detail/telemetry_status__builder.hpp\n'}
[1.954394] (px4_msgs) StdoutLine: {'line': b'-- Up-to-date symlink: /home/maxim/super_ws/install/px4_msgs/include/px4_msgs/px4_msgs/msg/detail/telemetry_status__struct.hpp\n'}
[1.954473] (px4_msgs) StdoutLine: {'line': b'-- Up-to-date symlink: /home/maxim/super_ws/install/px4_msgs/include/px4_msgs/px4_msgs/msg/detail/telemetry_status__traits.hpp\n'}
[1.954548] (px4_msgs) StdoutLine: {'line': b'-- Up-to-date symlink: /home/maxim/super_ws/install/px4_msgs/include/px4_msgs/px4_msgs/msg/detail/telemetry_status__type_support.hpp\n'}
[1.954626] (px4_msgs) StdoutLine: {'line': b'-- Up-to-date symlink: /home/maxim/super_ws/install/px4_msgs/include/px4_msgs/px4_msgs/msg/detail/tiltrotor_extra_controls__builder.hpp\n'}
[1.954712] (px4_msgs) StdoutLine: {'line': b'-- Up-to-date symlink: /home/maxim/super_ws/install/px4_msgs/include/px4_msgs/px4_msgs/msg/detail/tiltrotor_extra_controls__struct.hpp\n'}
[1.954783] (px4_msgs) StdoutLine: {'line': b'-- Up-to-date symlink: /home/maxim/super_ws/install/px4_msgs/include/px4_msgs/px4_msgs/msg/detail/tiltrotor_extra_controls__traits.hpp\n'}
[1.954855] (px4_msgs) StdoutLine: {'line': b'-- Up-to-date symlink: /home/maxim/super_ws/install/px4_msgs/include/px4_msgs/px4_msgs/msg/detail/tiltrotor_extra_controls__type_support.hpp\n'}
[1.954923] (px4_msgs) StdoutLine: {'line': b'-- Up-to-date symlink: /home/maxim/super_ws/install/px4_msgs/include/px4_msgs/px4_msgs/msg/detail/timesync_status__builder.hpp\n'}
[1.954995] (px4_msgs) StdoutLine: {'line': b'-- Up-to-date symlink: /home/maxim/super_ws/install/px4_msgs/include/px4_msgs/px4_msgs/msg/detail/timesync_status__struct.hpp\n'}
[1.955067] (px4_msgs) StdoutLine: {'line': b'-- Up-to-date symlink: /home/maxim/super_ws/install/px4_msgs/include/px4_msgs/px4_msgs/msg/detail/timesync_status__traits.hpp\n'}
[1.955141] (px4_msgs) StdoutLine: {'line': b'-- Up-to-date symlink: /home/maxim/super_ws/install/px4_msgs/include/px4_msgs/px4_msgs/msg/detail/timesync_status__type_support.hpp\n'}
[1.955238] (px4_msgs) StdoutLine: {'line': b'-- Up-to-date symlink: /home/maxim/super_ws/install/px4_msgs/include/px4_msgs/px4_msgs/msg/detail/trajectory_setpoint6dof__builder.hpp\n'}
[1.955315] (px4_msgs) StdoutLine: {'line': b'-- Up-to-date symlink: /home/maxim/super_ws/install/px4_msgs/include/px4_msgs/px4_msgs/msg/detail/trajectory_setpoint6dof__struct.hpp\n'}
[1.955385] (px4_msgs) StdoutLine: {'line': b'-- Up-to-date symlink: /home/maxim/super_ws/install/px4_msgs/include/px4_msgs/px4_msgs/msg/detail/trajectory_setpoint6dof__traits.hpp\n'}
[1.955454] (px4_msgs) StdoutLine: {'line': b'-- Up-to-date symlink: /home/maxim/super_ws/install/px4_msgs/include/px4_msgs/px4_msgs/msg/detail/trajectory_setpoint6dof__type_support.hpp\n'}
[1.955526] (px4_msgs) StdoutLine: {'line': b'-- Up-to-date symlink: /home/maxim/super_ws/install/px4_msgs/include/px4_msgs/px4_msgs/msg/detail/trajectory_setpoint__builder.hpp\n'}
[1.955597] (px4_msgs) StdoutLine: {'line': b'-- Up-to-date symlink: /home/maxim/super_ws/install/px4_msgs/include/px4_msgs/px4_msgs/msg/detail/trajectory_setpoint__struct.hpp\n'}
[1.955736] (px4_msgs) StdoutLine: {'line': b'-- Up-to-date symlink: /home/maxim/super_ws/install/px4_msgs/include/px4_msgs/px4_msgs/msg/detail/trajectory_setpoint__traits.hpp\n'}
[1.955806] (px4_msgs) StdoutLine: {'line': b'-- Up-to-date symlink: /home/maxim/super_ws/install/px4_msgs/include/px4_msgs/px4_msgs/msg/detail/trajectory_setpoint__type_support.hpp\n'}
[1.955881] (px4_msgs) StdoutLine: {'line': b'-- Up-to-date symlink: /home/maxim/super_ws/install/px4_msgs/include/px4_msgs/px4_msgs/msg/detail/transponder_report__builder.hpp\n'}
[1.955955] (px4_msgs) StdoutLine: {'line': b'-- Up-to-date symlink: /home/maxim/super_ws/install/px4_msgs/include/px4_msgs/px4_msgs/msg/detail/transponder_report__struct.hpp\n'}
[1.956024] (px4_msgs) StdoutLine: {'line': b'-- Up-to-date symlink: /home/maxim/super_ws/install/px4_msgs/include/px4_msgs/px4_msgs/msg/detail/transponder_report__traits.hpp\n'}
[1.956091] (px4_msgs) StdoutLine: {'line': b'-- Up-to-date symlink: /home/maxim/super_ws/install/px4_msgs/include/px4_msgs/px4_msgs/msg/detail/transponder_report__type_support.hpp\n'}
[1.956161] (px4_msgs) StdoutLine: {'line': b'-- Up-to-date symlink: /home/maxim/super_ws/install/px4_msgs/include/px4_msgs/px4_msgs/msg/detail/tune_control__builder.hpp\n'}
[1.956229] (px4_msgs) StdoutLine: {'line': b'-- Up-to-date symlink: /home/maxim/super_ws/install/px4_msgs/include/px4_msgs/px4_msgs/msg/detail/tune_control__struct.hpp\n'}
[1.956297] (px4_msgs) StdoutLine: {'line': b'-- Up-to-date symlink: /home/maxim/super_ws/install/px4_msgs/include/px4_msgs/px4_msgs/msg/detail/tune_control__traits.hpp\n'}
[1.956416] (px4_msgs) StdoutLine: {'line': b'-- Up-to-date symlink: /home/maxim/super_ws/install/px4_msgs/include/px4_msgs/px4_msgs/msg/detail/tune_control__type_support.hpp\n'}
[1.956489] (px4_msgs) StdoutLine: {'line': b'-- Up-to-date symlink: /home/maxim/super_ws/install/px4_msgs/include/px4_msgs/px4_msgs/msg/detail/uavcan_parameter_request__builder.hpp\n'}
[1.956560] (px4_msgs) StdoutLine: {'line': b'-- Up-to-date symlink: /home/maxim/super_ws/install/px4_msgs/include/px4_msgs/px4_msgs/msg/detail/uavcan_parameter_request__struct.hpp\n'}
[1.956630] (px4_msgs) StdoutLine: {'line': b'-- Up-to-date symlink: /home/maxim/super_ws/install/px4_msgs/include/px4_msgs/px4_msgs/msg/detail/uavcan_parameter_request__traits.hpp\n'}
[1.956727] (px4_msgs) StdoutLine: {'line': b'-- Up-to-date symlink: /home/maxim/super_ws/install/px4_msgs/include/px4_msgs/px4_msgs/msg/detail/uavcan_parameter_request__type_support.hpp\n'}
[1.956840] (px4_msgs) StdoutLine: {'line': b'-- Up-to-date symlink: /home/maxim/super_ws/install/px4_msgs/include/px4_msgs/px4_msgs/msg/detail/uavcan_parameter_value__builder.hpp\n'}
[1.956919] (px4_msgs) StdoutLine: {'line': b'-- Up-to-date symlink: /home/maxim/super_ws/install/px4_msgs/include/px4_msgs/px4_msgs/msg/detail/uavcan_parameter_value__struct.hpp\n'}
[1.957000] (px4_msgs) StdoutLine: {'line': b'-- Up-to-date symlink: /home/maxim/super_ws/install/px4_msgs/include/px4_msgs/px4_msgs/msg/detail/uavcan_parameter_value__traits.hpp\n'}
[1.957060] (px4_msgs) StdoutLine: {'line': b'-- Up-to-date symlink: /home/maxim/super_ws/install/px4_msgs/include/px4_msgs/px4_msgs/msg/detail/uavcan_parameter_value__type_support.hpp\n'}
[1.957132] (px4_msgs) StdoutLine: {'line': b'-- Up-to-date symlink: /home/maxim/super_ws/install/px4_msgs/include/px4_msgs/px4_msgs/msg/detail/ulog_stream__builder.hpp\n'}
[1.957203] (px4_msgs) StdoutLine: {'line': b'-- Up-to-date symlink: /home/maxim/super_ws/install/px4_msgs/include/px4_msgs/px4_msgs/msg/detail/ulog_stream__struct.hpp\n'}
[1.957273] (px4_msgs) StdoutLine: {'line': b'-- Up-to-date symlink: /home/maxim/super_ws/install/px4_msgs/include/px4_msgs/px4_msgs/msg/detail/ulog_stream__traits.hpp\n'}
[1.957342] (px4_msgs) StdoutLine: {'line': b'-- Up-to-date symlink: /home/maxim/super_ws/install/px4_msgs/include/px4_msgs/px4_msgs/msg/detail/ulog_stream__type_support.hpp\n'}
[1.957411] (px4_msgs) StdoutLine: {'line': b'-- Up-to-date symlink: /home/maxim/super_ws/install/px4_msgs/include/px4_msgs/px4_msgs/msg/detail/ulog_stream_ack__builder.hpp\n'}
[1.957480] (px4_msgs) StdoutLine: {'line': b'-- Up-to-date symlink: /home/maxim/super_ws/install/px4_msgs/include/px4_msgs/px4_msgs/msg/detail/ulog_stream_ack__struct.hpp\n'}
[1.957552] (px4_msgs) StdoutLine: {'line': b'-- Up-to-date symlink: /home/maxim/super_ws/install/px4_msgs/include/px4_msgs/px4_msgs/msg/detail/ulog_stream_ack__traits.hpp\n'}
[1.957620] (px4_msgs) StdoutLine: {'line': b'-- Up-to-date symlink: /home/maxim/super_ws/install/px4_msgs/include/px4_msgs/px4_msgs/msg/detail/ulog_stream_ack__type_support.hpp\n'}
[1.957697] (px4_msgs) StdoutLine: {'line': b'-- Up-to-date symlink: /home/maxim/super_ws/install/px4_msgs/include/px4_msgs/px4_msgs/msg/detail/unregister_ext_component__builder.hpp\n'}
[1.957769] (px4_msgs) StdoutLine: {'line': b'-- Up-to-date symlink: /home/maxim/super_ws/install/px4_msgs/include/px4_msgs/px4_msgs/msg/detail/unregister_ext_component__struct.hpp\n'}
[1.957842] (px4_msgs) StdoutLine: {'line': b'-- Up-to-date symlink: /home/maxim/super_ws/install/px4_msgs/include/px4_msgs/px4_msgs/msg/detail/unregister_ext_component__traits.hpp\n'}
[1.957919] (px4_msgs) StdoutLine: {'line': b'-- Up-to-date symlink: /home/maxim/super_ws/install/px4_msgs/include/px4_msgs/px4_msgs/msg/detail/unregister_ext_component__type_support.hpp\n'}
[1.958033] (px4_msgs) StdoutLine: {'line': b'-- Up-to-date symlink: /home/maxim/super_ws/install/px4_msgs/include/px4_msgs/px4_msgs/msg/detail/vehicle_acceleration__builder.hpp\n'}
[1.958120] (px4_msgs) StdoutLine: {'line': b'-- Up-to-date symlink: /home/maxim/super_ws/install/px4_msgs/include/px4_msgs/px4_msgs/msg/detail/vehicle_acceleration__struct.hpp\n'}
[1.958194] (px4_msgs) StdoutLine: {'line': b'-- Up-to-date symlink: /home/maxim/super_ws/install/px4_msgs/include/px4_msgs/px4_msgs/msg/detail/vehicle_acceleration__traits.hpp\n'}
[1.958264] (px4_msgs) StdoutLine: {'line': b'-- Up-to-date symlink: /home/maxim/super_ws/install/px4_msgs/include/px4_msgs/px4_msgs/msg/detail/vehicle_acceleration__type_support.hpp\n'}
[1.958335] (px4_msgs) StdoutLine: {'line': b'-- Up-to-date symlink: /home/maxim/super_ws/install/px4_msgs/include/px4_msgs/px4_msgs/msg/detail/vehicle_air_data__builder.hpp\n'}
[1.958405] (px4_msgs) StdoutLine: {'line': b'-- Up-to-date symlink: /home/maxim/super_ws/install/px4_msgs/include/px4_msgs/px4_msgs/msg/detail/vehicle_air_data__struct.hpp\n'}
[1.958476] (px4_msgs) StdoutLine: {'line': b'-- Up-to-date symlink: /home/maxim/super_ws/install/px4_msgs/include/px4_msgs/px4_msgs/msg/detail/vehicle_air_data__traits.hpp\n'}
[1.958584] (px4_msgs) StdoutLine: {'line': b'-- Up-to-date symlink: /home/maxim/super_ws/install/px4_msgs/include/px4_msgs/px4_msgs/msg/detail/vehicle_air_data__type_support.hpp\n'}
[1.958692] (px4_msgs) StdoutLine: {'line': b'-- Up-to-date symlink: /home/maxim/super_ws/install/px4_msgs/include/px4_msgs/px4_msgs/msg/detail/vehicle_angular_acceleration_setpoint__builder.hpp\n'}
[1.958780] (px4_msgs) StdoutLine: {'line': b'-- Up-to-date symlink: /home/maxim/super_ws/install/px4_msgs/include/px4_msgs/px4_msgs/msg/detail/vehicle_angular_acceleration_setpoint__struct.hpp\n'}
[1.958842] (px4_msgs) StdoutLine: {'line': b'-- Up-to-date symlink: /home/maxim/super_ws/install/px4_msgs/include/px4_msgs/px4_msgs/msg/detail/vehicle_angular_acceleration_setpoint__traits.hpp\n'}
[1.958918] (px4_msgs) StdoutLine: {'line': b'-- Up-to-date symlink: /home/maxim/super_ws/install/px4_msgs/include/px4_msgs/px4_msgs/msg/detail/vehicle_angular_acceleration_setpoint__type_support.hpp\n'}
[1.958993] (px4_msgs) StdoutLine: {'line': b'-- Up-to-date symlink: /home/maxim/super_ws/install/px4_msgs/include/px4_msgs/px4_msgs/msg/detail/vehicle_angular_velocity__builder.hpp\n'}
[1.959058] (px4_msgs) StdoutLine: {'line': b'-- Up-to-date symlink: /home/maxim/super_ws/install/px4_msgs/include/px4_msgs/px4_msgs/msg/detail/vehicle_angular_velocity__struct.hpp\n'}
[1.959128] (px4_msgs) StdoutLine: {'line': b'-- Up-to-date symlink: /home/maxim/super_ws/install/px4_msgs/include/px4_msgs/px4_msgs/msg/detail/vehicle_angular_velocity__traits.hpp\n'}
[1.959194] (px4_msgs) StdoutLine: {'line': b'-- Up-to-date symlink: /home/maxim/super_ws/install/px4_msgs/include/px4_msgs/px4_msgs/msg/detail/vehicle_angular_velocity__type_support.hpp\n'}
[1.959320] (px4_msgs) StdoutLine: {'line': b'-- Up-to-date symlink: /home/maxim/super_ws/install/px4_msgs/include/px4_msgs/px4_msgs/msg/detail/vehicle_attitude__builder.hpp\n'}
[1.959484] (px4_msgs) StdoutLine: {'line': b'-- Up-to-date symlink: /home/maxim/super_ws/install/px4_msgs/include/px4_msgs/px4_msgs/msg/detail/vehicle_attitude__struct.hpp\n'}
[1.959574] (px4_msgs) StdoutLine: {'line': b'-- Up-to-date symlink: /home/maxim/super_ws/install/px4_msgs/include/px4_msgs/px4_msgs/msg/detail/vehicle_attitude__traits.hpp\n'}
[1.959670] (px4_msgs) StdoutLine: {'line': b'-- Up-to-date symlink: /home/maxim/super_ws/install/px4_msgs/include/px4_msgs/px4_msgs/msg/detail/vehicle_attitude__type_support.hpp\n'}
[1.959749] (px4_msgs) StdoutLine: {'line': b'-- Up-to-date symlink: /home/maxim/super_ws/install/px4_msgs/include/px4_msgs/px4_msgs/msg/detail/vehicle_attitude_setpoint__builder.hpp\n'}
[1.959824] (px4_msgs) StdoutLine: {'line': b'-- Up-to-date symlink: /home/maxim/super_ws/install/px4_msgs/include/px4_msgs/px4_msgs/msg/detail/vehicle_attitude_setpoint__struct.hpp\n'}
[1.959904] (px4_msgs) StdoutLine: {'line': b'-- Up-to-date symlink: /home/maxim/super_ws/install/px4_msgs/include/px4_msgs/px4_msgs/msg/detail/vehicle_attitude_setpoint__traits.hpp\n'}
[1.959966] (px4_msgs) StdoutLine: {'line': b'-- Up-to-date symlink: /home/maxim/super_ws/install/px4_msgs/include/px4_msgs/px4_msgs/msg/detail/vehicle_attitude_setpoint__type_support.hpp\n'}
[1.960036] (px4_msgs) StdoutLine: {'line': b'-- Up-to-date symlink: /home/maxim/super_ws/install/px4_msgs/include/px4_msgs/px4_msgs/msg/detail/vehicle_command__builder.hpp\n'}
[1.960117] (px4_msgs) StdoutLine: {'line': b'-- Up-to-date symlink: /home/maxim/super_ws/install/px4_msgs/include/px4_msgs/px4_msgs/msg/detail/vehicle_command__struct.hpp\n'}
[1.960177] (px4_msgs) StdoutLine: {'line': b'-- Up-to-date symlink: /home/maxim/super_ws/install/px4_msgs/include/px4_msgs/px4_msgs/msg/detail/vehicle_command__traits.hpp\n'}
[1.960240] (px4_msgs) StdoutLine: {'line': b'-- Up-to-date symlink: /home/maxim/super_ws/install/px4_msgs/include/px4_msgs/px4_msgs/msg/detail/vehicle_command__type_support.hpp\n'}
[1.960317] (px4_msgs) StdoutLine: {'line': b'-- Up-to-date symlink: /home/maxim/super_ws/install/px4_msgs/include/px4_msgs/px4_msgs/msg/detail/vehicle_command_ack__builder.hpp\n'}
[1.960389] (px4_msgs) StdoutLine: {'line': b'-- Up-to-date symlink: /home/maxim/super_ws/install/px4_msgs/include/px4_msgs/px4_msgs/msg/detail/vehicle_command_ack__struct.hpp\n'}
[1.960456] (px4_msgs) StdoutLine: {'line': b'-- Up-to-date symlink: /home/maxim/super_ws/install/px4_msgs/include/px4_msgs/px4_msgs/msg/detail/vehicle_command_ack__traits.hpp\n'}
[1.960540] (px4_msgs) StdoutLine: {'line': b'-- Up-to-date symlink: /home/maxim/super_ws/install/px4_msgs/include/px4_msgs/px4_msgs/msg/detail/vehicle_command_ack__type_support.hpp\n'}
[1.960612] (px4_msgs) StdoutLine: {'line': b'-- Up-to-date symlink: /home/maxim/super_ws/install/px4_msgs/include/px4_msgs/px4_msgs/msg/detail/vehicle_constraints__builder.hpp\n'}
[1.960685] (px4_msgs) StdoutLine: {'line': b'-- Up-to-date symlink: /home/maxim/super_ws/install/px4_msgs/include/px4_msgs/px4_msgs/msg/detail/vehicle_constraints__struct.hpp\n'}
[1.960743] (px4_msgs) StdoutLine: {'line': b'-- Up-to-date symlink: /home/maxim/super_ws/install/px4_msgs/include/px4_msgs/px4_msgs/msg/detail/vehicle_constraints__traits.hpp\n'}
[1.960819] (px4_msgs) StdoutLine: {'line': b'-- Up-to-date symlink: /home/maxim/super_ws/install/px4_msgs/include/px4_msgs/px4_msgs/msg/detail/vehicle_constraints__type_support.hpp\n'}
[1.960899] (px4_msgs) StdoutLine: {'line': b'-- Up-to-date symlink: /home/maxim/super_ws/install/px4_msgs/include/px4_msgs/px4_msgs/msg/detail/vehicle_control_mode__builder.hpp\n'}
[1.960969] (px4_msgs) StdoutLine: {'line': b'-- Up-to-date symlink: /home/maxim/super_ws/install/px4_msgs/include/px4_msgs/px4_msgs/msg/detail/vehicle_control_mode__struct.hpp\n'}
[1.961058] (px4_msgs) StdoutLine: {'line': b'-- Up-to-date symlink: /home/maxim/super_ws/install/px4_msgs/include/px4_msgs/px4_msgs/msg/detail/vehicle_control_mode__traits.hpp\n'}
[1.961120] (px4_msgs) StdoutLine: {'line': b'-- Up-to-date symlink: /home/maxim/super_ws/install/px4_msgs/include/px4_msgs/px4_msgs/msg/detail/vehicle_control_mode__type_support.hpp\n'}
[1.961192] (px4_msgs) StdoutLine: {'line': b'-- Up-to-date symlink: /home/maxim/super_ws/install/px4_msgs/include/px4_msgs/px4_msgs/msg/detail/vehicle_global_position__builder.hpp\n'}
[1.961270] (px4_msgs) StdoutLine: {'line': b'-- Up-to-date symlink: /home/maxim/super_ws/install/px4_msgs/include/px4_msgs/px4_msgs/msg/detail/vehicle_global_position__struct.hpp\n'}
[1.961330] (px4_msgs) StdoutLine: {'line': b'-- Up-to-date symlink: /home/maxim/super_ws/install/px4_msgs/include/px4_msgs/px4_msgs/msg/detail/vehicle_global_position__traits.hpp\n'}
[1.961401] (px4_msgs) StdoutLine: {'line': b'-- Up-to-date symlink: /home/maxim/super_ws/install/px4_msgs/include/px4_msgs/px4_msgs/msg/detail/vehicle_global_position__type_support.hpp\n'}
[1.961470] (px4_msgs) StdoutLine: {'line': b'-- Up-to-date symlink: /home/maxim/super_ws/install/px4_msgs/include/px4_msgs/px4_msgs/msg/detail/vehicle_imu__builder.hpp\n'}
[1.961541] (px4_msgs) StdoutLine: {'line': b'-- Up-to-date symlink: /home/maxim/super_ws/install/px4_msgs/include/px4_msgs/px4_msgs/msg/detail/vehicle_imu__struct.hpp\n'}
[1.961614] (px4_msgs) StdoutLine: {'line': b'-- Up-to-date symlink: /home/maxim/super_ws/install/px4_msgs/include/px4_msgs/px4_msgs/msg/detail/vehicle_imu__traits.hpp\n'}
[1.961742] (px4_msgs) StdoutLine: {'line': b'-- Up-to-date symlink: /home/maxim/super_ws/install/px4_msgs/include/px4_msgs/px4_msgs/msg/detail/vehicle_imu__type_support.hpp\n'}
[1.961802] (px4_msgs) StdoutLine: {'line': b'-- Up-to-date symlink: /home/maxim/super_ws/install/px4_msgs/include/px4_msgs/px4_msgs/msg/detail/vehicle_imu_status__builder.hpp\n'}
[1.961895] (px4_msgs) StdoutLine: {'line': b'-- Up-to-date symlink: /home/maxim/super_ws/install/px4_msgs/include/px4_msgs/px4_msgs/msg/detail/vehicle_imu_status__struct.hpp\n'}
[1.961972] (px4_msgs) StdoutLine: {'line': b'-- Up-to-date symlink: /home/maxim/super_ws/install/px4_msgs/include/px4_msgs/px4_msgs/msg/detail/vehicle_imu_status__traits.hpp\n'}
[1.962054] (px4_msgs) StdoutLine: {'line': b'-- Up-to-date symlink: /home/maxim/super_ws/install/px4_msgs/include/px4_msgs/px4_msgs/msg/detail/vehicle_imu_status__type_support.hpp\n'}
[1.962114] (px4_msgs) StdoutLine: {'line': b'-- Up-to-date symlink: /home/maxim/super_ws/install/px4_msgs/include/px4_msgs/px4_msgs/msg/detail/vehicle_land_detected__builder.hpp\n'}
[1.962185] (px4_msgs) StdoutLine: {'line': b'-- Up-to-date symlink: /home/maxim/super_ws/install/px4_msgs/include/px4_msgs/px4_msgs/msg/detail/vehicle_land_detected__struct.hpp\n'}
[1.962255] (px4_msgs) StdoutLine: {'line': b'-- Up-to-date symlink: /home/maxim/super_ws/install/px4_msgs/include/px4_msgs/px4_msgs/msg/detail/vehicle_land_detected__traits.hpp\n'}
[1.962325] (px4_msgs) StdoutLine: {'line': b'-- Up-to-date symlink: /home/maxim/super_ws/install/px4_msgs/include/px4_msgs/px4_msgs/msg/detail/vehicle_land_detected__type_support.hpp\n'}
[1.962395] (px4_msgs) StdoutLine: {'line': b'-- Up-to-date symlink: /home/maxim/super_ws/install/px4_msgs/include/px4_msgs/px4_msgs/msg/detail/vehicle_local_position__builder.hpp\n'}
[1.962466] (px4_msgs) StdoutLine: {'line': b'-- Up-to-date symlink: /home/maxim/super_ws/install/px4_msgs/include/px4_msgs/px4_msgs/msg/detail/vehicle_local_position__struct.hpp\n'}
[1.962534] (px4_msgs) StdoutLine: {'line': b'-- Up-to-date symlink: /home/maxim/super_ws/install/px4_msgs/include/px4_msgs/px4_msgs/msg/detail/vehicle_local_position__traits.hpp\n'}
[1.962607] (px4_msgs) StdoutLine: {'line': b'-- Up-to-date symlink: /home/maxim/super_ws/install/px4_msgs/include/px4_msgs/px4_msgs/msg/detail/vehicle_local_position__type_support.hpp\n'}
[1.962677] (px4_msgs) StdoutLine: {'line': b'-- Up-to-date symlink: /home/maxim/super_ws/install/px4_msgs/include/px4_msgs/px4_msgs/msg/detail/vehicle_local_position_setpoint__builder.hpp\n'}
[1.962748] (px4_msgs) StdoutLine: {'line': b'-- Up-to-date symlink: /home/maxim/super_ws/install/px4_msgs/include/px4_msgs/px4_msgs/msg/detail/vehicle_local_position_setpoint__struct.hpp\n'}
[1.962823] (px4_msgs) StdoutLine: {'line': b'-- Up-to-date symlink: /home/maxim/super_ws/install/px4_msgs/include/px4_msgs/px4_msgs/msg/detail/vehicle_local_position_setpoint__traits.hpp\n'}
[1.962899] (px4_msgs) StdoutLine: {'line': b'-- Up-to-date symlink: /home/maxim/super_ws/install/px4_msgs/include/px4_msgs/px4_msgs/msg/detail/vehicle_local_position_setpoint__type_support.hpp\n'}
[1.962969] (px4_msgs) StdoutLine: {'line': b'-- Up-to-date symlink: /home/maxim/super_ws/install/px4_msgs/include/px4_msgs/px4_msgs/msg/detail/vehicle_magnetometer__builder.hpp\n'}
[1.963054] (px4_msgs) StdoutLine: {'line': b'-- Up-to-date symlink: /home/maxim/super_ws/install/px4_msgs/include/px4_msgs/px4_msgs/msg/detail/vehicle_magnetometer__struct.hpp\n'}
[1.963128] (px4_msgs) StdoutLine: {'line': b'-- Up-to-date symlink: /home/maxim/super_ws/install/px4_msgs/include/px4_msgs/px4_msgs/msg/detail/vehicle_magnetometer__traits.hpp\n'}
[1.963199] (px4_msgs) StdoutLine: {'line': b'-- Up-to-date symlink: /home/maxim/super_ws/install/px4_msgs/include/px4_msgs/px4_msgs/msg/detail/vehicle_magnetometer__type_support.hpp\n'}
[1.963284] (px4_msgs) StdoutLine: {'line': b'-- Up-to-date symlink: /home/maxim/super_ws/install/px4_msgs/include/px4_msgs/px4_msgs/msg/detail/vehicle_odometry__builder.hpp\n'}
[1.963359] (px4_msgs) StdoutLine: {'line': b'-- Up-to-date symlink: /home/maxim/super_ws/install/px4_msgs/include/px4_msgs/px4_msgs/msg/detail/vehicle_odometry__struct.hpp\n'}
[1.963432] (px4_msgs) StdoutLine: {'line': b'-- Up-to-date symlink: /home/maxim/super_ws/install/px4_msgs/include/px4_msgs/px4_msgs/msg/detail/vehicle_odometry__traits.hpp\n'}
[1.963506] (px4_msgs) StdoutLine: {'line': b'-- Up-to-date symlink: /home/maxim/super_ws/install/px4_msgs/include/px4_msgs/px4_msgs/msg/detail/vehicle_odometry__type_support.hpp\n'}
[1.963585] (px4_msgs) StdoutLine: {'line': b'-- Up-to-date symlink: /home/maxim/super_ws/install/px4_msgs/include/px4_msgs/px4_msgs/msg/detail/vehicle_optical_flow__builder.hpp\n'}
[1.963668] (px4_msgs) StdoutLine: {'line': b'-- Up-to-date symlink: /home/maxim/super_ws/install/px4_msgs/include/px4_msgs/px4_msgs/msg/detail/vehicle_optical_flow__struct.hpp\n'}
[1.963818] (px4_msgs) StdoutLine: {'line': b'-- Up-to-date symlink: /home/maxim/super_ws/install/px4_msgs/include/px4_msgs/px4_msgs/msg/detail/vehicle_optical_flow__traits.hpp\n'}
[1.963923] (px4_msgs) StdoutLine: {'line': b'-- Up-to-date symlink: /home/maxim/super_ws/install/px4_msgs/include/px4_msgs/px4_msgs/msg/detail/vehicle_optical_flow__type_support.hpp\n'}
[1.963983] (px4_msgs) StdoutLine: {'line': b'-- Up-to-date symlink: /home/maxim/super_ws/install/px4_msgs/include/px4_msgs/px4_msgs/msg/detail/vehicle_optical_flow_vel__builder.hpp\n'}
[1.964069] (px4_msgs) StdoutLine: {'line': b'-- Up-to-date symlink: /home/maxim/super_ws/install/px4_msgs/include/px4_msgs/px4_msgs/msg/detail/vehicle_optical_flow_vel__struct.hpp\n'}
[1.964157] (px4_msgs) StdoutLine: {'line': b'-- Up-to-date symlink: /home/maxim/super_ws/install/px4_msgs/include/px4_msgs/px4_msgs/msg/detail/vehicle_optical_flow_vel__traits.hpp\n'}
[1.964227] (px4_msgs) StdoutLine: {'line': b'-- Up-to-date symlink: /home/maxim/super_ws/install/px4_msgs/include/px4_msgs/px4_msgs/msg/detail/vehicle_optical_flow_vel__type_support.hpp\n'}
[1.964288] (px4_msgs) StdoutLine: {'line': b'-- Up-to-date symlink: /home/maxim/super_ws/install/px4_msgs/include/px4_msgs/px4_msgs/msg/detail/vehicle_rates_setpoint__builder.hpp\n'}
[1.964359] (px4_msgs) StdoutLine: {'line': b'-- Up-to-date symlink: /home/maxim/super_ws/install/px4_msgs/include/px4_msgs/px4_msgs/msg/detail/vehicle_rates_setpoint__struct.hpp\n'}
[1.964430] (px4_msgs) StdoutLine: {'line': b'-- Up-to-date symlink: /home/maxim/super_ws/install/px4_msgs/include/px4_msgs/px4_msgs/msg/detail/vehicle_rates_setpoint__traits.hpp\n'}
[1.964502] (px4_msgs) StdoutLine: {'line': b'-- Up-to-date symlink: /home/maxim/super_ws/install/px4_msgs/include/px4_msgs/px4_msgs/msg/detail/vehicle_rates_setpoint__type_support.hpp\n'}
[1.964574] (px4_msgs) StdoutLine: {'line': b'-- Up-to-date symlink: /home/maxim/super_ws/install/px4_msgs/include/px4_msgs/px4_msgs/msg/detail/vehicle_roi__builder.hpp\n'}
[1.964647] (px4_msgs) StdoutLine: {'line': b'-- Up-to-date symlink: /home/maxim/super_ws/install/px4_msgs/include/px4_msgs/px4_msgs/msg/detail/vehicle_roi__struct.hpp\n'}
[1.964718] (px4_msgs) StdoutLine: {'line': b'-- Up-to-date symlink: /home/maxim/super_ws/install/px4_msgs/include/px4_msgs/px4_msgs/msg/detail/vehicle_roi__traits.hpp\n'}
[1.964788] (px4_msgs) StdoutLine: {'line': b'-- Up-to-date symlink: /home/maxim/super_ws/install/px4_msgs/include/px4_msgs/px4_msgs/msg/detail/vehicle_roi__type_support.hpp\n'}
[1.964857] (px4_msgs) StdoutLine: {'line': b'-- Up-to-date symlink: /home/maxim/super_ws/install/px4_msgs/include/px4_msgs/px4_msgs/msg/detail/vehicle_status__builder.hpp\n'}
[1.964924] (px4_msgs) StdoutLine: {'line': b'-- Up-to-date symlink: /home/maxim/super_ws/install/px4_msgs/include/px4_msgs/px4_msgs/msg/detail/vehicle_status__struct.hpp\n'}
[1.964993] (px4_msgs) StdoutLine: {'line': b'-- Up-to-date symlink: /home/maxim/super_ws/install/px4_msgs/include/px4_msgs/px4_msgs/msg/detail/vehicle_status__traits.hpp\n'}
[1.965072] (px4_msgs) StdoutLine: {'line': b'-- Up-to-date symlink: /home/maxim/super_ws/install/px4_msgs/include/px4_msgs/px4_msgs/msg/detail/vehicle_status__type_support.hpp\n'}
[1.965150] (px4_msgs) StdoutLine: {'line': b'-- Up-to-date symlink: /home/maxim/super_ws/install/px4_msgs/include/px4_msgs/px4_msgs/msg/detail/vehicle_thrust_setpoint__builder.hpp\n'}
[1.965227] (px4_msgs) StdoutLine: {'line': b'-- Up-to-date symlink: /home/maxim/super_ws/install/px4_msgs/include/px4_msgs/px4_msgs/msg/detail/vehicle_thrust_setpoint__struct.hpp\n'}
[1.965304] (px4_msgs) StdoutLine: {'line': b'-- Up-to-date symlink: /home/maxim/super_ws/install/px4_msgs/include/px4_msgs/px4_msgs/msg/detail/vehicle_thrust_setpoint__traits.hpp\n'}
[1.965384] (px4_msgs) StdoutLine: {'line': b'-- Up-to-date symlink: /home/maxim/super_ws/install/px4_msgs/include/px4_msgs/px4_msgs/msg/detail/vehicle_thrust_setpoint__type_support.hpp\n'}
[1.965496] (px4_msgs) StdoutLine: {'line': b'-- Up-to-date symlink: /home/maxim/super_ws/install/px4_msgs/include/px4_msgs/px4_msgs/msg/detail/vehicle_torque_setpoint__builder.hpp\n'}
[1.965572] (px4_msgs) StdoutLine: {'line': b'-- Up-to-date symlink: /home/maxim/super_ws/install/px4_msgs/include/px4_msgs/px4_msgs/msg/detail/vehicle_torque_setpoint__struct.hpp\n'}
[1.965654] (px4_msgs) StdoutLine: {'line': b'-- Up-to-date symlink: /home/maxim/super_ws/install/px4_msgs/include/px4_msgs/px4_msgs/msg/detail/vehicle_torque_setpoint__traits.hpp\n'}
[1.965731] (px4_msgs) StdoutLine: {'line': b'-- Up-to-date symlink: /home/maxim/super_ws/install/px4_msgs/include/px4_msgs/px4_msgs/msg/detail/vehicle_torque_setpoint__type_support.hpp\n'}
[1.965825] (px4_msgs) StdoutLine: {'line': b'-- Up-to-date symlink: /home/maxim/super_ws/install/px4_msgs/include/px4_msgs/px4_msgs/msg/detail/velocity_limits__builder.hpp\n'}
[1.965906] (px4_msgs) StdoutLine: {'line': b'-- Up-to-date symlink: /home/maxim/super_ws/install/px4_msgs/include/px4_msgs/px4_msgs/msg/detail/velocity_limits__struct.hpp\n'}
[1.965984] (px4_msgs) StdoutLine: {'line': b'-- Up-to-date symlink: /home/maxim/super_ws/install/px4_msgs/include/px4_msgs/px4_msgs/msg/detail/velocity_limits__traits.hpp\n'}
[1.966057] (px4_msgs) StdoutLine: {'line': b'-- Up-to-date symlink: /home/maxim/super_ws/install/px4_msgs/include/px4_msgs/px4_msgs/msg/detail/velocity_limits__type_support.hpp\n'}
[1.966130] (px4_msgs) StdoutLine: {'line': b'-- Up-to-date symlink: /home/maxim/super_ws/install/px4_msgs/include/px4_msgs/px4_msgs/msg/detail/vte_aid_source1d__builder.hpp\n'}
[1.966206] (px4_msgs) StdoutLine: {'line': b'-- Up-to-date symlink: /home/maxim/super_ws/install/px4_msgs/include/px4_msgs/px4_msgs/msg/detail/vte_aid_source1d__struct.hpp\n'}
[1.966277] (px4_msgs) StdoutLine: {'line': b'-- Up-to-date symlink: /home/maxim/super_ws/install/px4_msgs/include/px4_msgs/px4_msgs/msg/detail/vte_aid_source1d__traits.hpp\n'}
[1.966357] (px4_msgs) StdoutLine: {'line': b'-- Up-to-date symlink: /home/maxim/super_ws/install/px4_msgs/include/px4_msgs/px4_msgs/msg/detail/vte_aid_source1d__type_support.hpp\n'}
[1.966431] (px4_msgs) StdoutLine: {'line': b'-- Up-to-date symlink: /home/maxim/super_ws/install/px4_msgs/include/px4_msgs/px4_msgs/msg/detail/vte_aid_source3d__builder.hpp\n'}
[1.966505] (px4_msgs) StdoutLine: {'line': b'-- Up-to-date symlink: /home/maxim/super_ws/install/px4_msgs/include/px4_msgs/px4_msgs/msg/detail/vte_aid_source3d__struct.hpp\n'}
[1.966577] (px4_msgs) StdoutLine: {'line': b'-- Up-to-date symlink: /home/maxim/super_ws/install/px4_msgs/include/px4_msgs/px4_msgs/msg/detail/vte_aid_source3d__traits.hpp\n'}
[1.966651] (px4_msgs) StdoutLine: {'line': b'-- Up-to-date symlink: /home/maxim/super_ws/install/px4_msgs/include/px4_msgs/px4_msgs/msg/detail/vte_aid_source3d__type_support.hpp\n'}
[1.966761] (px4_msgs) StdoutLine: {'line': b'-- Up-to-date symlink: /home/maxim/super_ws/install/px4_msgs/include/px4_msgs/px4_msgs/msg/detail/vte_bias_init_status__builder.hpp\n'}
[1.966846] (px4_msgs) StdoutLine: {'line': b'-- Up-to-date symlink: /home/maxim/super_ws/install/px4_msgs/include/px4_msgs/px4_msgs/msg/detail/vte_bias_init_status__struct.hpp\n'}
[1.966945] (px4_msgs) StdoutLine: {'line': b'-- Up-to-date symlink: /home/maxim/super_ws/install/px4_msgs/include/px4_msgs/px4_msgs/msg/detail/vte_bias_init_status__traits.hpp\n'}
[1.967015] (px4_msgs) StdoutLine: {'line': b'-- Up-to-date symlink: /home/maxim/super_ws/install/px4_msgs/include/px4_msgs/px4_msgs/msg/detail/vte_bias_init_status__type_support.hpp\n'}
[1.967082] (px4_msgs) StdoutLine: {'line': b'-- Up-to-date symlink: /home/maxim/super_ws/install/px4_msgs/include/px4_msgs/px4_msgs/msg/detail/vte_input__builder.hpp\n'}
[1.967150] (px4_msgs) StdoutLine: {'line': b'-- Up-to-date symlink: /home/maxim/super_ws/install/px4_msgs/include/px4_msgs/px4_msgs/msg/detail/vte_input__struct.hpp\n'}
[1.967223] (px4_msgs) StdoutLine: {'line': b'-- Up-to-date symlink: /home/maxim/super_ws/install/px4_msgs/include/px4_msgs/px4_msgs/msg/detail/vte_input__traits.hpp\n'}
[1.967294] (px4_msgs) StdoutLine: {'line': b'-- Up-to-date symlink: /home/maxim/super_ws/install/px4_msgs/include/px4_msgs/px4_msgs/msg/detail/vte_input__type_support.hpp\n'}
[1.967369] (px4_msgs) StdoutLine: {'line': b'-- Up-to-date symlink: /home/maxim/super_ws/install/px4_msgs/include/px4_msgs/px4_msgs/msg/detail/vte_orientation__builder.hpp\n'}
[1.967439] (px4_msgs) StdoutLine: {'line': b'-- Up-to-date symlink: /home/maxim/super_ws/install/px4_msgs/include/px4_msgs/px4_msgs/msg/detail/vte_orientation__struct.hpp\n'}
[1.967507] (px4_msgs) StdoutLine: {'line': b'-- Up-to-date symlink: /home/maxim/super_ws/install/px4_msgs/include/px4_msgs/px4_msgs/msg/detail/vte_orientation__traits.hpp\n'}
[1.967579] (px4_msgs) StdoutLine: {'line': b'-- Up-to-date symlink: /home/maxim/super_ws/install/px4_msgs/include/px4_msgs/px4_msgs/msg/detail/vte_orientation__type_support.hpp\n'}
[1.967655] (px4_msgs) StdoutLine: {'line': b'-- Up-to-date symlink: /home/maxim/super_ws/install/px4_msgs/include/px4_msgs/px4_msgs/msg/detail/vte_position__builder.hpp\n'}
[1.967727] (px4_msgs) StdoutLine: {'line': b'-- Up-to-date symlink: /home/maxim/super_ws/install/px4_msgs/include/px4_msgs/px4_msgs/msg/detail/vte_position__struct.hpp\n'}
[1.967800] (px4_msgs) StdoutLine: {'line': b'-- Up-to-date symlink: /home/maxim/super_ws/install/px4_msgs/include/px4_msgs/px4_msgs/msg/detail/vte_position__traits.hpp\n'}
[1.967877] (px4_msgs) StdoutLine: {'line': b'-- Up-to-date symlink: /home/maxim/super_ws/install/px4_msgs/include/px4_msgs/px4_msgs/msg/detail/vte_position__type_support.hpp\n'}
[1.967954] (px4_msgs) StdoutLine: {'line': b'-- Up-to-date symlink: /home/maxim/super_ws/install/px4_msgs/include/px4_msgs/px4_msgs/msg/detail/vtol_vehicle_status__builder.hpp\n'}
[1.968030] (px4_msgs) StdoutLine: {'line': b'-- Up-to-date symlink: /home/maxim/super_ws/install/px4_msgs/include/px4_msgs/px4_msgs/msg/detail/vtol_vehicle_status__struct.hpp\n'}
[1.968105] (px4_msgs) StdoutLine: {'line': b'-- Up-to-date symlink: /home/maxim/super_ws/install/px4_msgs/include/px4_msgs/px4_msgs/msg/detail/vtol_vehicle_status__traits.hpp\n'}
[1.968182] (px4_msgs) StdoutLine: {'line': b'-- Up-to-date symlink: /home/maxim/super_ws/install/px4_msgs/include/px4_msgs/px4_msgs/msg/detail/vtol_vehicle_status__type_support.hpp\n'}
[1.968259] (px4_msgs) StdoutLine: {'line': b'-- Up-to-date symlink: /home/maxim/super_ws/install/px4_msgs/include/px4_msgs/px4_msgs/msg/detail/vtx__builder.hpp\n'}
[1.968337] (px4_msgs) StdoutLine: {'line': b'-- Up-to-date symlink: /home/maxim/super_ws/install/px4_msgs/include/px4_msgs/px4_msgs/msg/detail/vtx__struct.hpp\n'}
[1.968413] (px4_msgs) StdoutLine: {'line': b'-- Up-to-date symlink: /home/maxim/super_ws/install/px4_msgs/include/px4_msgs/px4_msgs/msg/detail/vtx__traits.hpp\n'}
[1.968489] (px4_msgs) StdoutLine: {'line': b'-- Up-to-date symlink: /home/maxim/super_ws/install/px4_msgs/include/px4_msgs/px4_msgs/msg/detail/vtx__type_support.hpp\n'}
[1.968570] (px4_msgs) StdoutLine: {'line': b'-- Up-to-date symlink: /home/maxim/super_ws/install/px4_msgs/include/px4_msgs/px4_msgs/msg/detail/wheel_encoders__builder.hpp\n'}
[1.968690] (px4_msgs) StdoutLine: {'line': b'-- Up-to-date symlink: /home/maxim/super_ws/install/px4_msgs/include/px4_msgs/px4_msgs/msg/detail/wheel_encoders__struct.hpp\n'}
[1.968773] (px4_msgs) StdoutLine: {'line': b'-- Up-to-date symlink: /home/maxim/super_ws/install/px4_msgs/include/px4_msgs/px4_msgs/msg/detail/wheel_encoders__traits.hpp\n'}
[1.968917] (px4_msgs) StdoutLine: {'line': b'-- Up-to-date symlink: /home/maxim/super_ws/install/px4_msgs/include/px4_msgs/px4_msgs/msg/detail/wheel_encoders__type_support.hpp\n'}
[1.969008] (px4_msgs) StdoutLine: {'line': b'-- Up-to-date symlink: /home/maxim/super_ws/install/px4_msgs/include/px4_msgs/px4_msgs/msg/detail/wind__builder.hpp\n'}
[1.969076] (px4_msgs) StdoutLine: {'line': b'-- Up-to-date symlink: /home/maxim/super_ws/install/px4_msgs/include/px4_msgs/px4_msgs/msg/detail/wind__struct.hpp\n'}
[1.969154] (px4_msgs) StdoutLine: {'line': b'-- Up-to-date symlink: /home/maxim/super_ws/install/px4_msgs/include/px4_msgs/px4_msgs/msg/detail/wind__traits.hpp\n'}
[1.969238] (px4_msgs) StdoutLine: {'line': b'-- Up-to-date symlink: /home/maxim/super_ws/install/px4_msgs/include/px4_msgs/px4_msgs/msg/detail/wind__type_support.hpp\n'}
[1.969306] (px4_msgs) StdoutLine: {'line': b'-- Up-to-date symlink: /home/maxim/super_ws/install/px4_msgs/include/px4_msgs/px4_msgs/msg/detail/yaw_estimator_status__builder.hpp\n'}
[1.969376] (px4_msgs) StdoutLine: {'line': b'-- Up-to-date symlink: /home/maxim/super_ws/install/px4_msgs/include/px4_msgs/px4_msgs/msg/detail/yaw_estimator_status__struct.hpp\n'}
[1.969447] (px4_msgs) StdoutLine: {'line': b'-- Up-to-date symlink: /home/maxim/super_ws/install/px4_msgs/include/px4_msgs/px4_msgs/msg/detail/yaw_estimator_status__traits.hpp\n'}
[1.969514] (px4_msgs) StdoutLine: {'line': b'-- Up-to-date symlink: /home/maxim/super_ws/install/px4_msgs/include/px4_msgs/px4_msgs/msg/detail/yaw_estimator_status__type_support.hpp\n'}
[1.969574] (px4_msgs) StdoutLine: {'line': b'-- Up-to-date symlink: /home/maxim/super_ws/install/px4_msgs/include/px4_msgs/px4_msgs/msg/device_information.hpp\n'}
[1.969652] (px4_msgs) StdoutLine: {'line': b'-- Up-to-date symlink: /home/maxim/super_ws/install/px4_msgs/include/px4_msgs/px4_msgs/msg/differential_pressure.hpp\n'}
[1.969710] (px4_msgs) StdoutLine: {'line': b'-- Up-to-date symlink: /home/maxim/super_ws/install/px4_msgs/include/px4_msgs/px4_msgs/msg/distance_sensor.hpp\n'}
[1.969778] (px4_msgs) StdoutLine: {'line': b'-- Up-to-date symlink: /home/maxim/super_ws/install/px4_msgs/include/px4_msgs/px4_msgs/msg/distance_sensor_mode_change_request.hpp\n'}
[1.969858] (px4_msgs) StdoutLine: {'line': b'-- Up-to-date symlink: /home/maxim/super_ws/install/px4_msgs/include/px4_msgs/px4_msgs/msg/dronecan_node_status.hpp\n'}
[1.969930] (px4_msgs) StdoutLine: {'line': b'-- Up-to-date symlink: /home/maxim/super_ws/install/px4_msgs/include/px4_msgs/px4_msgs/msg/ekf2_timestamps.hpp\n'}
[1.970015] (px4_msgs) StdoutLine: {'line': b'-- Up-to-date symlink: /home/maxim/super_ws/install/px4_msgs/include/px4_msgs/px4_msgs/msg/esc_eeprom_read.hpp\n'}
[1.970084] (px4_msgs) StdoutLine: {'line': b'-- Up-to-date symlink: /home/maxim/super_ws/install/px4_msgs/include/px4_msgs/px4_msgs/msg/esc_eeprom_write.hpp\n'}
[1.970155] (px4_msgs) StdoutLine: {'line': b'-- Up-to-date symlink: /home/maxim/super_ws/install/px4_msgs/include/px4_msgs/px4_msgs/msg/esc_report.hpp\n'}
[1.970238] (px4_msgs) StdoutLine: {'line': b'-- Up-to-date symlink: /home/maxim/super_ws/install/px4_msgs/include/px4_msgs/px4_msgs/msg/esc_status.hpp\n'}
[1.970308] (px4_msgs) StdoutLine: {'line': b'-- Up-to-date symlink: /home/maxim/super_ws/install/px4_msgs/include/px4_msgs/px4_msgs/msg/estimator_aid_source1d.hpp\n'}
[1.970378] (px4_msgs) StdoutLine: {'line': b'-- Up-to-date symlink: /home/maxim/super_ws/install/px4_msgs/include/px4_msgs/px4_msgs/msg/estimator_aid_source2d.hpp\n'}
[1.970447] (px4_msgs) StdoutLine: {'line': b'-- Up-to-date symlink: /home/maxim/super_ws/install/px4_msgs/include/px4_msgs/px4_msgs/msg/estimator_aid_source3d.hpp\n'}
[1.970516] (px4_msgs) StdoutLine: {'line': b'-- Up-to-date symlink: /home/maxim/super_ws/install/px4_msgs/include/px4_msgs/px4_msgs/msg/estimator_bias.hpp\n'}
[1.970588] (px4_msgs) StdoutLine: {'line': b'-- Up-to-date symlink: /home/maxim/super_ws/install/px4_msgs/include/px4_msgs/px4_msgs/msg/estimator_bias3d.hpp\n'}
[1.970658] (px4_msgs) StdoutLine: {'line': b'-- Up-to-date symlink: /home/maxim/super_ws/install/px4_msgs/include/px4_msgs/px4_msgs/msg/estimator_event_flags.hpp\n'}
[1.970726] (px4_msgs) StdoutLine: {'line': b'-- Up-to-date symlink: /home/maxim/super_ws/install/px4_msgs/include/px4_msgs/px4_msgs/msg/estimator_fusion_control.hpp\n'}
[1.970798] (px4_msgs) StdoutLine: {'line': b'-- Up-to-date symlink: /home/maxim/super_ws/install/px4_msgs/include/px4_msgs/px4_msgs/msg/estimator_gps_status.hpp\n'}
[1.970872] (px4_msgs) StdoutLine: {'line': b'-- Up-to-date symlink: /home/maxim/super_ws/install/px4_msgs/include/px4_msgs/px4_msgs/msg/estimator_innovations.hpp\n'}
[1.970945] (px4_msgs) StdoutLine: {'line': b'-- Up-to-date symlink: /home/maxim/super_ws/install/px4_msgs/include/px4_msgs/px4_msgs/msg/estimator_selector_status.hpp\n'}
[1.971017] (px4_msgs) StdoutLine: {'line': b'-- Up-to-date symlink: /home/maxim/super_ws/install/px4_msgs/include/px4_msgs/px4_msgs/msg/estimator_sensor_bias.hpp\n'}
[1.971089] (px4_msgs) StdoutLine: {'line': b'-- Up-to-date symlink: /home/maxim/super_ws/install/px4_msgs/include/px4_msgs/px4_msgs/msg/estimator_states.hpp\n'}
[1.971162] (px4_msgs) StdoutLine: {'line': b'-- Up-to-date symlink: /home/maxim/super_ws/install/px4_msgs/include/px4_msgs/px4_msgs/msg/estimator_status.hpp\n'}
[1.971232] (px4_msgs) StdoutLine: {'line': b'-- Up-to-date symlink: /home/maxim/super_ws/install/px4_msgs/include/px4_msgs/px4_msgs/msg/estimator_status_flags.hpp\n'}
[1.971299] (px4_msgs) StdoutLine: {'line': b'-- Up-to-date symlink: /home/maxim/super_ws/install/px4_msgs/include/px4_msgs/px4_msgs/msg/event.hpp\n'}
[1.971371] (px4_msgs) StdoutLine: {'line': b'-- Up-to-date symlink: /home/maxim/super_ws/install/px4_msgs/include/px4_msgs/px4_msgs/msg/failsafe_flags.hpp\n'}
[1.971441] (px4_msgs) StdoutLine: {'line': b'-- Up-to-date symlink: /home/maxim/super_ws/install/px4_msgs/include/px4_msgs/px4_msgs/msg/failure_detector_status.hpp\n'}
[1.971515] (px4_msgs) StdoutLine: {'line': b'-- Up-to-date symlink: /home/maxim/super_ws/install/px4_msgs/include/px4_msgs/px4_msgs/msg/fiducial_marker_pos_report.hpp\n'}
[1.971593] (px4_msgs) StdoutLine: {'line': b'-- Up-to-date symlink: /home/maxim/super_ws/install/px4_msgs/include/px4_msgs/px4_msgs/msg/fiducial_marker_yaw_report.hpp\n'}
[1.971669] (px4_msgs) StdoutLine: {'line': b'-- Up-to-date symlink: /home/maxim/super_ws/install/px4_msgs/include/px4_msgs/px4_msgs/msg/figure_eight_status.hpp\n'}
[1.971770] (px4_msgs) StdoutLine: {'line': b'-- Up-to-date symlink: /home/maxim/super_ws/install/px4_msgs/include/px4_msgs/px4_msgs/msg/fixed_wing_lateral_guidance_status.hpp\n'}
[1.971865] (px4_msgs) StdoutLine: {'line': b'-- Up-to-date symlink: /home/maxim/super_ws/install/px4_msgs/include/px4_msgs/px4_msgs/msg/fixed_wing_lateral_setpoint.hpp\n'}
[1.971951] (px4_msgs) StdoutLine: {'line': b'-- Up-to-date symlink: /home/maxim/super_ws/install/px4_msgs/include/px4_msgs/px4_msgs/msg/fixed_wing_lateral_status.hpp\n'}
[1.972025] (px4_msgs) StdoutLine: {'line': b'-- Up-to-date symlink: /home/maxim/super_ws/install/px4_msgs/include/px4_msgs/px4_msgs/msg/fixed_wing_longitudinal_setpoint.hpp\n'}
[1.972095] (px4_msgs) StdoutLine: {'line': b'-- Up-to-date symlink: /home/maxim/super_ws/install/px4_msgs/include/px4_msgs/px4_msgs/msg/fixed_wing_runway_control.hpp\n'}
[1.972165] (px4_msgs) StdoutLine: {'line': b'-- Up-to-date symlink: /home/maxim/super_ws/install/px4_msgs/include/px4_msgs/px4_msgs/msg/flight_phase_estimation.hpp\n'}
[1.972234] (px4_msgs) StdoutLine: {'line': b'-- Up-to-date symlink: /home/maxim/super_ws/install/px4_msgs/include/px4_msgs/px4_msgs/msg/follow_target.hpp\n'}
[1.972305] (px4_msgs) StdoutLine: {'line': b'-- Up-to-date symlink: /home/maxim/super_ws/install/px4_msgs/include/px4_msgs/px4_msgs/msg/follow_target_estimator.hpp\n'}
[1.972375] (px4_msgs) StdoutLine: {'line': b'-- Up-to-date symlink: /home/maxim/super_ws/install/px4_msgs/include/px4_msgs/px4_msgs/msg/follow_target_status.hpp\n'}
[1.972454] (px4_msgs) StdoutLine: {'line': b'-- Up-to-date symlink: /home/maxim/super_ws/install/px4_msgs/include/px4_msgs/px4_msgs/msg/fuel_tank_status.hpp\n'}
[1.972525] (px4_msgs) StdoutLine: {'line': b'-- Up-to-date symlink: /home/maxim/super_ws/install/px4_msgs/include/px4_msgs/px4_msgs/msg/gain_compression.hpp\n'}
[1.972595] (px4_msgs) StdoutLine: {'line': b'-- Up-to-date symlink: /home/maxim/super_ws/install/px4_msgs/include/px4_msgs/px4_msgs/msg/generator_status.hpp\n'}
[1.972666] (px4_msgs) StdoutLine: {'line': b'-- Up-to-date symlink: /home/maxim/super_ws/install/px4_msgs/include/px4_msgs/px4_msgs/msg/geofence_result.hpp\n'}
[1.972736] (px4_msgs) StdoutLine: {'line': b'-- Up-to-date symlink: /home/maxim/super_ws/install/px4_msgs/include/px4_msgs/px4_msgs/msg/geofence_status.hpp\n'}
[1.972809] (px4_msgs) StdoutLine: {'line': b'-- Up-to-date symlink: /home/maxim/super_ws/install/px4_msgs/include/px4_msgs/px4_msgs/msg/gimbal_controls.hpp\n'}
[1.972916] (px4_msgs) StdoutLine: {'line': b'-- Up-to-date symlink: /home/maxim/super_ws/install/px4_msgs/include/px4_msgs/px4_msgs/msg/gimbal_device_attitude_status.hpp\n'}
[1.972995] (px4_msgs) StdoutLine: {'line': b'-- Up-to-date symlink: /home/maxim/super_ws/install/px4_msgs/include/px4_msgs/px4_msgs/msg/gimbal_device_information.hpp\n'}
[1.973073] (px4_msgs) StdoutLine: {'line': b'-- Up-to-date symlink: /home/maxim/super_ws/install/px4_msgs/include/px4_msgs/px4_msgs/msg/gimbal_device_set_attitude.hpp\n'}
[1.973206] (px4_msgs) StdoutLine: {'line': b'-- Up-to-date symlink: /home/maxim/super_ws/install/px4_msgs/include/px4_msgs/px4_msgs/msg/gimbal_manager_information.hpp\n'}
[1.973267] (px4_msgs) StdoutLine: {'line': b'-- Up-to-date symlink: /home/maxim/super_ws/install/px4_msgs/include/px4_msgs/px4_msgs/msg/gimbal_manager_set_attitude.hpp\n'}
[1.973359] (px4_msgs) StdoutLine: {'line': b'-- Up-to-date symlink: /home/maxim/super_ws/install/px4_msgs/include/px4_msgs/px4_msgs/msg/gimbal_manager_set_manual_control.hpp\n'}
[1.973418] (px4_msgs) StdoutLine: {'line': b'-- Up-to-date symlink: /home/maxim/super_ws/install/px4_msgs/include/px4_msgs/px4_msgs/msg/gimbal_manager_status.hpp\n'}
[1.973498] (px4_msgs) StdoutLine: {'line': b'-- Up-to-date symlink: /home/maxim/super_ws/install/px4_msgs/include/px4_msgs/px4_msgs/msg/goto_setpoint.hpp\n'}
[1.973567] (px4_msgs) StdoutLine: {'line': b'-- Up-to-date symlink: /home/maxim/super_ws/install/px4_msgs/include/px4_msgs/px4_msgs/msg/gpio_config.hpp\n'}
[1.973635] (px4_msgs) StdoutLine: {'line': b'-- Up-to-date symlink: /home/maxim/super_ws/install/px4_msgs/include/px4_msgs/px4_msgs/msg/gpio_in.hpp\n'}
[1.973711] (px4_msgs) StdoutLine: {'line': b'-- Up-to-date symlink: /home/maxim/super_ws/install/px4_msgs/include/px4_msgs/px4_msgs/msg/gpio_out.hpp\n'}
[1.973773] (px4_msgs) StdoutLine: {'line': b'-- Up-to-date symlink: /home/maxim/super_ws/install/px4_msgs/include/px4_msgs/px4_msgs/msg/gpio_request.hpp\n'}
[1.973891] (px4_msgs) StdoutLine: {'line': b'-- Up-to-date symlink: /home/maxim/super_ws/install/px4_msgs/include/px4_msgs/px4_msgs/msg/gps_dump.hpp\n'}
[1.973965] (px4_msgs) StdoutLine: {'line': b'-- Up-to-date symlink: /home/maxim/super_ws/install/px4_msgs/include/px4_msgs/px4_msgs/msg/gps_inject_data.hpp\n'}
[1.974036] (px4_msgs) StdoutLine: {'line': b'-- Up-to-date symlink: /home/maxim/super_ws/install/px4_msgs/include/px4_msgs/px4_msgs/msg/gripper.hpp\n'}
[1.974106] (px4_msgs) StdoutLine: {'line': b'-- Up-to-date symlink: /home/maxim/super_ws/install/px4_msgs/include/px4_msgs/px4_msgs/msg/health_report.hpp\n'}
[1.974177] (px4_msgs) StdoutLine: {'line': b'-- Up-to-date symlink: /home/maxim/super_ws/install/px4_msgs/include/px4_msgs/px4_msgs/msg/heater_status.hpp\n'}
[1.974247] (px4_msgs) StdoutLine: {'line': b'-- Up-to-date symlink: /home/maxim/super_ws/install/px4_msgs/include/px4_msgs/px4_msgs/msg/home_position.hpp\n'}
[1.974307] (px4_msgs) StdoutLine: {'line': b'-- Up-to-date symlink: /home/maxim/super_ws/install/px4_msgs/include/px4_msgs/px4_msgs/msg/hover_thrust_estimate.hpp\n'}
[1.974392] (px4_msgs) StdoutLine: {'line': b'-- Up-to-date symlink: /home/maxim/super_ws/install/px4_msgs/include/px4_msgs/px4_msgs/msg/input_rc.hpp\n'}
[1.974450] (px4_msgs) StdoutLine: {'line': b'-- Up-to-date symlink: /home/maxim/super_ws/install/px4_msgs/include/px4_msgs/px4_msgs/msg/internal_combustion_engine_control.hpp\n'}
[1.974539] (px4_msgs) StdoutLine: {'line': b'-- Up-to-date symlink: /home/maxim/super_ws/install/px4_msgs/include/px4_msgs/px4_msgs/msg/internal_combustion_engine_status.hpp\n'}
[1.974612] (px4_msgs) StdoutLine: {'line': b'-- Up-to-date symlink: /home/maxim/super_ws/install/px4_msgs/include/px4_msgs/px4_msgs/msg/iridiumsbd_status.hpp\n'}
[1.974693] (px4_msgs) StdoutLine: {'line': b'-- Up-to-date symlink: /home/maxim/super_ws/install/px4_msgs/include/px4_msgs/px4_msgs/msg/irlock_report.hpp\n'}
[1.974756] (px4_msgs) StdoutLine: {'line': b'-- Up-to-date symlink: /home/maxim/super_ws/install/px4_msgs/include/px4_msgs/px4_msgs/msg/landing_gear.hpp\n'}
[1.974826] (px4_msgs) StdoutLine: {'line': b'-- Up-to-date symlink: /home/maxim/super_ws/install/px4_msgs/include/px4_msgs/px4_msgs/msg/landing_gear_wheel.hpp\n'}
[1.974898] (px4_msgs) StdoutLine: {'line': b'-- Up-to-date symlink: /home/maxim/super_ws/install/px4_msgs/include/px4_msgs/px4_msgs/msg/landing_target_innovations.hpp\n'}
[1.974968] (px4_msgs) StdoutLine: {'line': b'-- Up-to-date symlink: /home/maxim/super_ws/install/px4_msgs/include/px4_msgs/px4_msgs/msg/landing_target_pose.hpp\n'}
[1.975037] (px4_msgs) StdoutLine: {'line': b'-- Up-to-date symlink: /home/maxim/super_ws/install/px4_msgs/include/px4_msgs/px4_msgs/msg/lateral_control_configuration.hpp\n'}
[1.975106] (px4_msgs) StdoutLine: {'line': b'-- Up-to-date symlink: /home/maxim/super_ws/install/px4_msgs/include/px4_msgs/px4_msgs/msg/launch_detection_status.hpp\n'}
[1.975175] (px4_msgs) StdoutLine: {'line': b'-- Up-to-date symlink: /home/maxim/super_ws/install/px4_msgs/include/px4_msgs/px4_msgs/msg/led_control.hpp\n'}
[1.975246] (px4_msgs) StdoutLine: {'line': b'-- Up-to-date symlink: /home/maxim/super_ws/install/px4_msgs/include/px4_msgs/px4_msgs/msg/log_message.hpp\n'}
[1.975315] (px4_msgs) StdoutLine: {'line': b'-- Up-to-date symlink: /home/maxim/super_ws/install/px4_msgs/include/px4_msgs/px4_msgs/msg/logger_status.hpp\n'}
[1.975385] (px4_msgs) StdoutLine: {'line': b'-- Up-to-date symlink: /home/maxim/super_ws/install/px4_msgs/include/px4_msgs/px4_msgs/msg/longitudinal_control_configuration.hpp\n'}
[1.975458] (px4_msgs) StdoutLine: {'line': b'-- Up-to-date symlink: /home/maxim/super_ws/install/px4_msgs/include/px4_msgs/px4_msgs/msg/mag_worker_data.hpp\n'}
[1.975529] (px4_msgs) StdoutLine: {'line': b'-- Up-to-date symlink: /home/maxim/super_ws/install/px4_msgs/include/px4_msgs/px4_msgs/msg/magnetometer_bias_estimate.hpp\n'}
[1.975647] (px4_msgs) StdoutLine: {'line': b'-- Up-to-date symlink: /home/maxim/super_ws/install/px4_msgs/include/px4_msgs/px4_msgs/msg/manual_control_setpoint.hpp\n'}
[1.975718] (px4_msgs) StdoutLine: {'line': b'-- Up-to-date symlink: /home/maxim/super_ws/install/px4_msgs/include/px4_msgs/px4_msgs/msg/manual_control_switches.hpp\n'}
[1.975878] (px4_msgs) StdoutLine: {'line': b'-- Up-to-date symlink: /home/maxim/super_ws/install/px4_msgs/include/px4_msgs/px4_msgs/msg/mavlink_log.hpp\n'}
[1.975939] (px4_msgs) StdoutLine: {'line': b'-- Up-to-date symlink: /home/maxim/super_ws/install/px4_msgs/include/px4_msgs/px4_msgs/msg/mavlink_tunnel.hpp\n'}
[1.976015] (px4_msgs) StdoutLine: {'line': b'-- Up-to-date symlink: /home/maxim/super_ws/install/px4_msgs/include/px4_msgs/px4_msgs/msg/message_format_request.hpp\n'}
[1.976075] (px4_msgs) StdoutLine: {'line': b'-- Up-to-date symlink: /home/maxim/super_ws/install/px4_msgs/include/px4_msgs/px4_msgs/msg/message_format_response.hpp\n'}
[1.976158] (px4_msgs) StdoutLine: {'line': b'-- Up-to-date symlink: /home/maxim/super_ws/install/px4_msgs/include/px4_msgs/px4_msgs/msg/mission.hpp\n'}
[1.976219] (px4_msgs) StdoutLine: {'line': b'-- Up-to-date symlink: /home/maxim/super_ws/install/px4_msgs/include/px4_msgs/px4_msgs/msg/mission_result.hpp\n'}
[1.976300] (px4_msgs) StdoutLine: {'line': b'-- Up-to-date symlink: /home/maxim/super_ws/install/px4_msgs/include/px4_msgs/px4_msgs/msg/mode_completed.hpp\n'}
[1.976371] (px4_msgs) StdoutLine: {'line': b'-- Up-to-date symlink: /home/maxim/super_ws/install/px4_msgs/include/px4_msgs/px4_msgs/msg/mount_orientation.hpp\n'}
[1.976440] (px4_msgs) StdoutLine: {'line': b'-- Up-to-date symlink: /home/maxim/super_ws/install/px4_msgs/include/px4_msgs/px4_msgs/msg/navigator_mission_item.hpp\n'}
[1.976508] (px4_msgs) StdoutLine: {'line': b'-- Up-to-date symlink: /home/maxim/super_ws/install/px4_msgs/include/px4_msgs/px4_msgs/msg/navigator_status.hpp\n'}
[1.976567] (px4_msgs) StdoutLine: {'line': b'-- Up-to-date symlink: /home/maxim/super_ws/install/px4_msgs/include/px4_msgs/px4_msgs/msg/neural_control.hpp\n'}
[1.976647] (px4_msgs) StdoutLine: {'line': b'-- Up-to-date symlink: /home/maxim/super_ws/install/px4_msgs/include/px4_msgs/px4_msgs/msg/normalized_unsigned_setpoint.hpp\n'}
[1.976707] (px4_msgs) StdoutLine: {'line': b'-- Up-to-date symlink: /home/maxim/super_ws/install/px4_msgs/include/px4_msgs/px4_msgs/msg/obstacle_distance.hpp\n'}
[1.976783] (px4_msgs) StdoutLine: {'line': b'-- Up-to-date symlink: /home/maxim/super_ws/install/px4_msgs/include/px4_msgs/px4_msgs/msg/offboard_control_mode.hpp\n'}
[1.976841] (px4_msgs) StdoutLine: {'line': b'-- Up-to-date symlink: /home/maxim/super_ws/install/px4_msgs/include/px4_msgs/px4_msgs/msg/onboard_computer_status.hpp\n'}
[1.976908] (px4_msgs) StdoutLine: {'line': b'-- Up-to-date symlink: /home/maxim/super_ws/install/px4_msgs/include/px4_msgs/px4_msgs/msg/open_drone_id_arm_status.hpp\n'}
[1.976990] (px4_msgs) StdoutLine: {'line': b'-- Up-to-date symlink: /home/maxim/super_ws/install/px4_msgs/include/px4_msgs/px4_msgs/msg/open_drone_id_operator_id.hpp\n'}
[1.977059] (px4_msgs) StdoutLine: {'line': b'-- Up-to-date symlink: /home/maxim/super_ws/install/px4_msgs/include/px4_msgs/px4_msgs/msg/open_drone_id_self_id.hpp\n'}
[1.977140] (px4_msgs) StdoutLine: {'line': b'-- Up-to-date symlink: /home/maxim/super_ws/install/px4_msgs/include/px4_msgs/px4_msgs/msg/open_drone_id_system.hpp\n'}
[1.977210] (px4_msgs) StdoutLine: {'line': b'-- Up-to-date symlink: /home/maxim/super_ws/install/px4_msgs/include/px4_msgs/px4_msgs/msg/orb_test.hpp\n'}
[1.977279] (px4_msgs) StdoutLine: {'line': b'-- Up-to-date symlink: /home/maxim/super_ws/install/px4_msgs/include/px4_msgs/px4_msgs/msg/orb_test_large.hpp\n'}
[1.977348] (px4_msgs) StdoutLine: {'line': b'-- Up-to-date symlink: /home/maxim/super_ws/install/px4_msgs/include/px4_msgs/px4_msgs/msg/orb_test_medium.hpp\n'}
[1.977417] (px4_msgs) StdoutLine: {'line': b'-- Up-to-date symlink: /home/maxim/super_ws/install/px4_msgs/include/px4_msgs/px4_msgs/msg/orbit_status.hpp\n'}
[1.977486] (px4_msgs) StdoutLine: {'line': b'-- Up-to-date symlink: /home/maxim/super_ws/install/px4_msgs/include/px4_msgs/px4_msgs/msg/parameter_reset_request.hpp\n'}
[1.977555] (px4_msgs) StdoutLine: {'line': b'-- Up-to-date symlink: /home/maxim/super_ws/install/px4_msgs/include/px4_msgs/px4_msgs/msg/parameter_set_used_request.hpp\n'}
[1.977626] (px4_msgs) StdoutLine: {'line': b'-- Up-to-date symlink: /home/maxim/super_ws/install/px4_msgs/include/px4_msgs/px4_msgs/msg/parameter_set_value_request.hpp\n'}
[1.977705] (px4_msgs) StdoutLine: {'line': b'-- Up-to-date symlink: /home/maxim/super_ws/install/px4_msgs/include/px4_msgs/px4_msgs/msg/parameter_set_value_response.hpp\n'}
[1.977774] (px4_msgs) StdoutLine: {'line': b'-- Up-to-date symlink: /home/maxim/super_ws/install/px4_msgs/include/px4_msgs/px4_msgs/msg/parameter_update.hpp\n'}
[1.977843] (px4_msgs) StdoutLine: {'line': b'-- Up-to-date symlink: /home/maxim/super_ws/install/px4_msgs/include/px4_msgs/px4_msgs/msg/ping.hpp\n'}
[1.977914] (px4_msgs) StdoutLine: {'line': b'-- Up-to-date symlink: /home/maxim/super_ws/install/px4_msgs/include/px4_msgs/px4_msgs/msg/position_controller_landing_status.hpp\n'}
[1.977980] (px4_msgs) StdoutLine: {'line': b'-- Up-to-date symlink: /home/maxim/super_ws/install/px4_msgs/include/px4_msgs/px4_msgs/msg/position_controller_status.hpp\n'}
[1.978055] (px4_msgs) StdoutLine: {'line': b'-- Up-to-date symlink: /home/maxim/super_ws/install/px4_msgs/include/px4_msgs/px4_msgs/msg/position_setpoint.hpp\n'}
[1.978128] (px4_msgs) StdoutLine: {'line': b'-- Up-to-date symlink: /home/maxim/super_ws/install/px4_msgs/include/px4_msgs/px4_msgs/msg/position_setpoint_triplet.hpp\n'}
[1.978209] (px4_msgs) StdoutLine: {'line': b'-- Up-to-date symlink: /home/maxim/super_ws/install/px4_msgs/include/px4_msgs/px4_msgs/msg/power_button_state.hpp\n'}
[1.978298] (px4_msgs) StdoutLine: {'line': b'-- Up-to-date symlink: /home/maxim/super_ws/install/px4_msgs/include/px4_msgs/px4_msgs/msg/power_monitor.hpp\n'}
[1.978369] (px4_msgs) StdoutLine: {'line': b'-- Up-to-date symlink: /home/maxim/super_ws/install/px4_msgs/include/px4_msgs/px4_msgs/msg/pps_capture.hpp\n'}
[1.978439] (px4_msgs) StdoutLine: {'line': b'-- Up-to-date symlink: /home/maxim/super_ws/install/px4_msgs/include/px4_msgs/px4_msgs/msg/prec_land_status.hpp\n'}
[1.978512] (px4_msgs) StdoutLine: {'line': b'-- Up-to-date symlink: /home/maxim/super_ws/install/px4_msgs/include/px4_msgs/px4_msgs/msg/pure_pursuit_status.hpp\n'}
[1.978586] (px4_msgs) StdoutLine: {'line': b'-- Up-to-date symlink: /home/maxim/super_ws/install/px4_msgs/include/px4_msgs/px4_msgs/msg/pwm_input.hpp\n'}
[1.978659] (px4_msgs) StdoutLine: {'line': b'-- Up-to-date symlink: /home/maxim/super_ws/install/px4_msgs/include/px4_msgs/px4_msgs/msg/px4io_status.hpp\n'}
[1.978731] (px4_msgs) StdoutLine: {'line': b'-- Up-to-date symlink: /home/maxim/super_ws/install/px4_msgs/include/px4_msgs/px4_msgs/msg/qshell_req.hpp\n'}
[1.978803] (px4_msgs) StdoutLine: {'line': b'-- Up-to-date symlink: /home/maxim/super_ws/install/px4_msgs/include/px4_msgs/px4_msgs/msg/qshell_retval.hpp\n'}
[1.978874] (px4_msgs) StdoutLine: {'line': b'-- Up-to-date symlink: /home/maxim/super_ws/install/px4_msgs/include/px4_msgs/px4_msgs/msg/radio_status.hpp\n'}
[1.978945] (px4_msgs) StdoutLine: {'line': b'-- Up-to-date symlink: /home/maxim/super_ws/install/px4_msgs/include/px4_msgs/px4_msgs/msg/ranging_beacon.hpp\n'}
[1.979019] (px4_msgs) StdoutLine: {'line': b'-- Up-to-date symlink: /home/maxim/super_ws/install/px4_msgs/include/px4_msgs/px4_msgs/msg/raptor_input.hpp\n'}
[1.979092] (px4_msgs) StdoutLine: {'line': b'-- Up-to-date symlink: /home/maxim/super_ws/install/px4_msgs/include/px4_msgs/px4_msgs/msg/raptor_status.hpp\n'}
[1.979167] (px4_msgs) StdoutLine: {'line': b'-- Up-to-date symlink: /home/maxim/super_ws/install/px4_msgs/include/px4_msgs/px4_msgs/msg/rate_ctrl_status.hpp\n'}
[1.979242] (px4_msgs) StdoutLine: {'line': b'-- Up-to-date symlink: /home/maxim/super_ws/install/px4_msgs/include/px4_msgs/px4_msgs/msg/rc_channels.hpp\n'}
[1.979317] (px4_msgs) StdoutLine: {'line': b'-- Up-to-date symlink: /home/maxim/super_ws/install/px4_msgs/include/px4_msgs/px4_msgs/msg/rc_parameter_map.hpp\n'}
[1.979391] (px4_msgs) StdoutLine: {'line': b'-- Up-to-date symlink: /home/maxim/super_ws/install/px4_msgs/include/px4_msgs/px4_msgs/msg/register_ext_component_reply.hpp\n'}
[1.979505] (px4_msgs) StdoutLine: {'line': b'-- Up-to-date symlink: /home/maxim/super_ws/install/px4_msgs/include/px4_msgs/px4_msgs/msg/register_ext_component_request.hpp\n'}
[1.979582] (px4_msgs) StdoutLine: {'line': b'-- Up-to-date symlink: /home/maxim/super_ws/install/px4_msgs/include/px4_msgs/px4_msgs/msg/rosidl_generator_cpp__visibility_control.hpp\n'}
[1.979661] (px4_msgs) StdoutLine: {'line': b'-- Up-to-date symlink: /home/maxim/super_ws/install/px4_msgs/include/px4_msgs/px4_msgs/msg/rover_attitude_setpoint.hpp\n'}
[1.979736] (px4_msgs) StdoutLine: {'line': b'-- Up-to-date symlink: /home/maxim/super_ws/install/px4_msgs/include/px4_msgs/px4_msgs/msg/rover_attitude_status.hpp\n'}
[1.979815] (px4_msgs) StdoutLine: {'line': b'-- Up-to-date symlink: /home/maxim/super_ws/install/px4_msgs/include/px4_msgs/px4_msgs/msg/rover_position_setpoint.hpp\n'}
[1.979887] (px4_msgs) StdoutLine: {'line': b'-- Up-to-date symlink: /home/maxim/super_ws/install/px4_msgs/include/px4_msgs/px4_msgs/msg/rover_rate_setpoint.hpp\n'}
[1.979966] (px4_msgs) StdoutLine: {'line': b'-- Up-to-date symlink: /home/maxim/super_ws/install/px4_msgs/include/px4_msgs/px4_msgs/msg/rover_rate_status.hpp\n'}
[1.980041] (px4_msgs) StdoutLine: {'line': b'-- Up-to-date symlink: /home/maxim/super_ws/install/px4_msgs/include/px4_msgs/px4_msgs/msg/rover_speed_setpoint.hpp\n'}
[1.980113] (px4_msgs) StdoutLine: {'line': b'-- Up-to-date symlink: /home/maxim/super_ws/install/px4_msgs/include/px4_msgs/px4_msgs/msg/rover_speed_status.hpp\n'}
[1.980183] (px4_msgs) StdoutLine: {'line': b'-- Up-to-date symlink: /home/maxim/super_ws/install/px4_msgs/include/px4_msgs/px4_msgs/msg/rover_steering_setpoint.hpp\n'}
[1.980255] (px4_msgs) StdoutLine: {'line': b'-- Up-to-date symlink: /home/maxim/super_ws/install/px4_msgs/include/px4_msgs/px4_msgs/msg/rover_throttle_setpoint.hpp\n'}
[1.980330] (px4_msgs) StdoutLine: {'line': b'-- Up-to-date symlink: /home/maxim/super_ws/install/px4_msgs/include/px4_msgs/px4_msgs/msg/rpm.hpp\n'}
[1.980400] (px4_msgs) StdoutLine: {'line': b'-- Up-to-date symlink: /home/maxim/super_ws/install/px4_msgs/include/px4_msgs/px4_msgs/msg/rtl_status.hpp\n'}
[1.980470] (px4_msgs) StdoutLine: {'line': b'-- Up-to-date symlink: /home/maxim/super_ws/install/px4_msgs/include/px4_msgs/px4_msgs/msg/rtl_time_estimate.hpp\n'}
[1.980539] (px4_msgs) StdoutLine: {'line': b'-- Up-to-date symlink: /home/maxim/super_ws/install/px4_msgs/include/px4_msgs/px4_msgs/msg/satellite_info.hpp\n'}
[1.980611] (px4_msgs) StdoutLine: {'line': b'-- Up-to-date symlink: /home/maxim/super_ws/install/px4_msgs/include/px4_msgs/px4_msgs/msg/sensor_accel.hpp\n'}
[1.980683] (px4_msgs) StdoutLine: {'line': b'-- Up-to-date symlink: /home/maxim/super_ws/install/px4_msgs/include/px4_msgs/px4_msgs/msg/sensor_accel_fifo.hpp\n'}
[1.980772] (px4_msgs) StdoutLine: {'line': b'-- Up-to-date symlink: /home/maxim/super_ws/install/px4_msgs/include/px4_msgs/px4_msgs/msg/sensor_airflow.hpp\n'}
[1.980844] (px4_msgs) StdoutLine: {'line': b'-- Up-to-date symlink: /home/maxim/super_ws/install/px4_msgs/include/px4_msgs/px4_msgs/msg/sensor_baro.hpp\n'}
[1.980913] (px4_msgs) StdoutLine: {'line': b'-- Up-to-date symlink: /home/maxim/super_ws/install/px4_msgs/include/px4_msgs/px4_msgs/msg/sensor_combined.hpp\n'}
[1.980980] (px4_msgs) StdoutLine: {'line': b'-- Up-to-date symlink: /home/maxim/super_ws/install/px4_msgs/include/px4_msgs/px4_msgs/msg/sensor_correction.hpp\n'}
[1.981051] (px4_msgs) StdoutLine: {'line': b'-- Up-to-date symlink: /home/maxim/super_ws/install/px4_msgs/include/px4_msgs/px4_msgs/msg/sensor_gnss_relative.hpp\n'}
[1.981127] (px4_msgs) StdoutLine: {'line': b'-- Up-to-date symlink: /home/maxim/super_ws/install/px4_msgs/include/px4_msgs/px4_msgs/msg/sensor_gnss_status.hpp\n'}
[1.981200] (px4_msgs) StdoutLine: {'line': b'-- Up-to-date symlink: /home/maxim/super_ws/install/px4_msgs/include/px4_msgs/px4_msgs/msg/sensor_gps.hpp\n'}
[1.981273] (px4_msgs) StdoutLine: {'line': b'-- Up-to-date symlink: /home/maxim/super_ws/install/px4_msgs/include/px4_msgs/px4_msgs/msg/sensor_gyro.hpp\n'}
[1.981343] (px4_msgs) StdoutLine: {'line': b'-- Up-to-date symlink: /home/maxim/super_ws/install/px4_msgs/include/px4_msgs/px4_msgs/msg/sensor_gyro_fft.hpp\n'}
[1.981417] (px4_msgs) StdoutLine: {'line': b'-- Up-to-date symlink: /home/maxim/super_ws/install/px4_msgs/include/px4_msgs/px4_msgs/msg/sensor_gyro_fifo.hpp\n'}
[1.981491] (px4_msgs) StdoutLine: {'line': b'-- Up-to-date symlink: /home/maxim/super_ws/install/px4_msgs/include/px4_msgs/px4_msgs/msg/sensor_hygrometer.hpp\n'}
[1.981566] (px4_msgs) StdoutLine: {'line': b'-- Up-to-date symlink: /home/maxim/super_ws/install/px4_msgs/include/px4_msgs/px4_msgs/msg/sensor_mag.hpp\n'}
[1.981644] (px4_msgs) StdoutLine: {'line': b'-- Up-to-date symlink: /home/maxim/super_ws/install/px4_msgs/include/px4_msgs/px4_msgs/msg/sensor_optical_flow.hpp\n'}
[1.981721] (px4_msgs) StdoutLine: {'line': b'-- Up-to-date symlink: /home/maxim/super_ws/install/px4_msgs/include/px4_msgs/px4_msgs/msg/sensor_preflight_mag.hpp\n'}
[1.981799] (px4_msgs) StdoutLine: {'line': b'-- Up-to-date symlink: /home/maxim/super_ws/install/px4_msgs/include/px4_msgs/px4_msgs/msg/sensor_selection.hpp\n'}
[1.981872] (px4_msgs) StdoutLine: {'line': b'-- Up-to-date symlink: /home/maxim/super_ws/install/px4_msgs/include/px4_msgs/px4_msgs/msg/sensor_temp.hpp\n'}
[1.981944] (px4_msgs) StdoutLine: {'line': b'-- Up-to-date symlink: /home/maxim/super_ws/install/px4_msgs/include/px4_msgs/px4_msgs/msg/sensor_uwb.hpp\n'}
[1.982017] (px4_msgs) StdoutLine: {'line': b'-- Up-to-date symlink: /home/maxim/super_ws/install/px4_msgs/include/px4_msgs/px4_msgs/msg/sensors_status.hpp\n'}
[1.982091] (px4_msgs) StdoutLine: {'line': b'-- Up-to-date symlink: /home/maxim/super_ws/install/px4_msgs/include/px4_msgs/px4_msgs/msg/sensors_status_imu.hpp\n'}
[1.982206] (px4_msgs) StdoutLine: {'line': b'-- Up-to-date symlink: /home/maxim/super_ws/install/px4_msgs/include/px4_msgs/px4_msgs/msg/system_power.hpp\n'}
[1.982291] (px4_msgs) StdoutLine: {'line': b'-- Up-to-date symlink: /home/maxim/super_ws/install/px4_msgs/include/px4_msgs/px4_msgs/msg/takeoff_status.hpp\n'}
[1.982365] (px4_msgs) StdoutLine: {'line': b'-- Up-to-date symlink: /home/maxim/super_ws/install/px4_msgs/include/px4_msgs/px4_msgs/msg/target_gnss.hpp\n'}
[1.982438] (px4_msgs) StdoutLine: {'line': b'-- Up-to-date symlink: /home/maxim/super_ws/install/px4_msgs/include/px4_msgs/px4_msgs/msg/task_stack_info.hpp\n'}
[1.982552] (px4_msgs) StdoutLine: {'line': b'-- Up-to-date symlink: /home/maxim/super_ws/install/px4_msgs/include/px4_msgs/px4_msgs/msg/tecs_status.hpp\n'}
[1.982615] (px4_msgs) StdoutLine: {'line': b'-- Up-to-date symlink: /home/maxim/super_ws/install/px4_msgs/include/px4_msgs/px4_msgs/msg/telemetry_status.hpp\n'}
[1.982714] (px4_msgs) StdoutLine: {'line': b'-- Up-to-date symlink: /home/maxim/super_ws/install/px4_msgs/include/px4_msgs/px4_msgs/msg/tiltrotor_extra_controls.hpp\n'}
[1.982774] (px4_msgs) StdoutLine: {'line': b'-- Up-to-date symlink: /home/maxim/super_ws/install/px4_msgs/include/px4_msgs/px4_msgs/msg/timesync_status.hpp\n'}
[1.982855] (px4_msgs) StdoutLine: {'line': b'-- Up-to-date symlink: /home/maxim/super_ws/install/px4_msgs/include/px4_msgs/px4_msgs/msg/trajectory_setpoint.hpp\n'}
[1.982916] (px4_msgs) StdoutLine: {'line': b'-- Up-to-date symlink: /home/maxim/super_ws/install/px4_msgs/include/px4_msgs/px4_msgs/msg/trajectory_setpoint6dof.hpp\n'}
[1.982984] (px4_msgs) StdoutLine: {'line': b'-- Up-to-date symlink: /home/maxim/super_ws/install/px4_msgs/include/px4_msgs/px4_msgs/msg/transponder_report.hpp\n'}
[1.983054] (px4_msgs) StdoutLine: {'line': b'-- Up-to-date symlink: /home/maxim/super_ws/install/px4_msgs/include/px4_msgs/px4_msgs/msg/tune_control.hpp\n'}
[1.983122] (px4_msgs) StdoutLine: {'line': b'-- Up-to-date symlink: /home/maxim/super_ws/install/px4_msgs/include/px4_msgs/px4_msgs/msg/uavcan_parameter_request.hpp\n'}
[1.983191] (px4_msgs) StdoutLine: {'line': b'-- Up-to-date symlink: /home/maxim/super_ws/install/px4_msgs/include/px4_msgs/px4_msgs/msg/uavcan_parameter_value.hpp\n'}
[1.983261] (px4_msgs) StdoutLine: {'line': b'-- Up-to-date symlink: /home/maxim/super_ws/install/px4_msgs/include/px4_msgs/px4_msgs/msg/ulog_stream.hpp\n'}
[1.983330] (px4_msgs) StdoutLine: {'line': b'-- Up-to-date symlink: /home/maxim/super_ws/install/px4_msgs/include/px4_msgs/px4_msgs/msg/ulog_stream_ack.hpp\n'}
[1.983400] (px4_msgs) StdoutLine: {'line': b'-- Up-to-date symlink: /home/maxim/super_ws/install/px4_msgs/include/px4_msgs/px4_msgs/msg/unregister_ext_component.hpp\n'}
[1.983467] (px4_msgs) StdoutLine: {'line': b'-- Up-to-date symlink: /home/maxim/super_ws/install/px4_msgs/include/px4_msgs/px4_msgs/msg/vehicle_acceleration.hpp\n'}
[1.983538] (px4_msgs) StdoutLine: {'line': b'-- Up-to-date symlink: /home/maxim/super_ws/install/px4_msgs/include/px4_msgs/px4_msgs/msg/vehicle_air_data.hpp\n'}
[1.983612] (px4_msgs) StdoutLine: {'line': b'-- Up-to-date symlink: /home/maxim/super_ws/install/px4_msgs/include/px4_msgs/px4_msgs/msg/vehicle_angular_acceleration_setpoint.hpp\n'}
[1.983692] (px4_msgs) StdoutLine: {'line': b'-- Up-to-date symlink: /home/maxim/super_ws/install/px4_msgs/include/px4_msgs/px4_msgs/msg/vehicle_angular_velocity.hpp\n'}
[1.983766] (px4_msgs) StdoutLine: {'line': b'-- Up-to-date symlink: /home/maxim/super_ws/install/px4_msgs/include/px4_msgs/px4_msgs/msg/vehicle_attitude.hpp\n'}
[1.983836] (px4_msgs) StdoutLine: {'line': b'-- Up-to-date symlink: /home/maxim/super_ws/install/px4_msgs/include/px4_msgs/px4_msgs/msg/vehicle_attitude_setpoint.hpp\n'}
[1.983904] (px4_msgs) StdoutLine: {'line': b'-- Up-to-date symlink: /home/maxim/super_ws/install/px4_msgs/include/px4_msgs/px4_msgs/msg/vehicle_command.hpp\n'}
[1.983988] (px4_msgs) StdoutLine: {'line': b'-- Up-to-date symlink: /home/maxim/super_ws/install/px4_msgs/include/px4_msgs/px4_msgs/msg/vehicle_command_ack.hpp\n'}
[1.984057] (px4_msgs) StdoutLine: {'line': b'-- Up-to-date symlink: /home/maxim/super_ws/install/px4_msgs/include/px4_msgs/px4_msgs/msg/vehicle_constraints.hpp\n'}
[1.984130] (px4_msgs) StdoutLine: {'line': b'-- Up-to-date symlink: /home/maxim/super_ws/install/px4_msgs/include/px4_msgs/px4_msgs/msg/vehicle_control_mode.hpp\n'}
[1.984216] (px4_msgs) StdoutLine: {'line': b'-- Up-to-date symlink: /home/maxim/super_ws/install/px4_msgs/include/px4_msgs/px4_msgs/msg/vehicle_global_position.hpp\n'}
[1.984287] (px4_msgs) StdoutLine: {'line': b'-- Up-to-date symlink: /home/maxim/super_ws/install/px4_msgs/include/px4_msgs/px4_msgs/msg/vehicle_imu.hpp\n'}
[1.984357] (px4_msgs) StdoutLine: {'line': b'-- Up-to-date symlink: /home/maxim/super_ws/install/px4_msgs/include/px4_msgs/px4_msgs/msg/vehicle_imu_status.hpp\n'}
[1.984425] (px4_msgs) StdoutLine: {'line': b'-- Up-to-date symlink: /home/maxim/super_ws/install/px4_msgs/include/px4_msgs/px4_msgs/msg/vehicle_land_detected.hpp\n'}
[1.984494] (px4_msgs) StdoutLine: {'line': b'-- Up-to-date symlink: /home/maxim/super_ws/install/px4_msgs/include/px4_msgs/px4_msgs/msg/vehicle_local_position.hpp\n'}
[1.984562] (px4_msgs) StdoutLine: {'line': b'-- Up-to-date symlink: /home/maxim/super_ws/install/px4_msgs/include/px4_msgs/px4_msgs/msg/vehicle_local_position_setpoint.hpp\n'}
[1.984633] (px4_msgs) StdoutLine: {'line': b'-- Up-to-date symlink: /home/maxim/super_ws/install/px4_msgs/include/px4_msgs/px4_msgs/msg/vehicle_magnetometer.hpp\n'}
[1.984749] (px4_msgs) StdoutLine: {'line': b'-- Up-to-date symlink: /home/maxim/super_ws/install/px4_msgs/include/px4_msgs/px4_msgs/msg/vehicle_odometry.hpp\n'}
[1.984833] (px4_msgs) StdoutLine: {'line': b'-- Up-to-date symlink: /home/maxim/super_ws/install/px4_msgs/include/px4_msgs/px4_msgs/msg/vehicle_optical_flow.hpp\n'}
[1.984927] (px4_msgs) StdoutLine: {'line': b'-- Up-to-date symlink: /home/maxim/super_ws/install/px4_msgs/include/px4_msgs/px4_msgs/msg/vehicle_optical_flow_vel.hpp\n'}
[1.985000] (px4_msgs) StdoutLine: {'line': b'-- Up-to-date symlink: /home/maxim/super_ws/install/px4_msgs/include/px4_msgs/px4_msgs/msg/vehicle_rates_setpoint.hpp\n'}
[1.985076] (px4_msgs) StdoutLine: {'line': b'-- Up-to-date symlink: /home/maxim/super_ws/install/px4_msgs/include/px4_msgs/px4_msgs/msg/vehicle_roi.hpp\n'}
[1.985147] (px4_msgs) StdoutLine: {'line': b'-- Up-to-date symlink: /home/maxim/super_ws/install/px4_msgs/include/px4_msgs/px4_msgs/msg/vehicle_status.hpp\n'}
[1.985219] (px4_msgs) StdoutLine: {'line': b'-- Up-to-date symlink: /home/maxim/super_ws/install/px4_msgs/include/px4_msgs/px4_msgs/msg/vehicle_thrust_setpoint.hpp\n'}
[1.985288] (px4_msgs) StdoutLine: {'line': b'-- Up-to-date symlink: /home/maxim/super_ws/install/px4_msgs/include/px4_msgs/px4_msgs/msg/vehicle_torque_setpoint.hpp\n'}
[1.985355] (px4_msgs) StdoutLine: {'line': b'-- Up-to-date symlink: /home/maxim/super_ws/install/px4_msgs/include/px4_msgs/px4_msgs/msg/velocity_limits.hpp\n'}
[1.985427] (px4_msgs) StdoutLine: {'line': b'-- Up-to-date symlink: /home/maxim/super_ws/install/px4_msgs/include/px4_msgs/px4_msgs/msg/vte_aid_source1d.hpp\n'}
[1.985496] (px4_msgs) StdoutLine: {'line': b'-- Up-to-date symlink: /home/maxim/super_ws/install/px4_msgs/include/px4_msgs/px4_msgs/msg/vte_aid_source3d.hpp\n'}
[1.985567] (px4_msgs) StdoutLine: {'line': b'-- Up-to-date symlink: /home/maxim/super_ws/install/px4_msgs/include/px4_msgs/px4_msgs/msg/vte_bias_init_status.hpp\n'}
[1.985645] (px4_msgs) StdoutLine: {'line': b'-- Up-to-date symlink: /home/maxim/super_ws/install/px4_msgs/include/px4_msgs/px4_msgs/msg/vte_input.hpp\n'}
[1.985719] (px4_msgs) StdoutLine: {'line': b'-- Up-to-date symlink: /home/maxim/super_ws/install/px4_msgs/include/px4_msgs/px4_msgs/msg/vte_orientation.hpp\n'}
[1.985790] (px4_msgs) StdoutLine: {'line': b'-- Up-to-date symlink: /home/maxim/super_ws/install/px4_msgs/include/px4_msgs/px4_msgs/msg/vte_position.hpp\n'}
[1.985864] (px4_msgs) StdoutLine: {'line': b'-- Up-to-date symlink: /home/maxim/super_ws/install/px4_msgs/include/px4_msgs/px4_msgs/msg/vtol_vehicle_status.hpp\n'}
[1.985935] (px4_msgs) StdoutLine: {'line': b'-- Up-to-date symlink: /home/maxim/super_ws/install/px4_msgs/include/px4_msgs/px4_msgs/msg/vtx.hpp\n'}
[1.986004] (px4_msgs) StdoutLine: {'line': b'-- Up-to-date symlink: /home/maxim/super_ws/install/px4_msgs/include/px4_msgs/px4_msgs/msg/wheel_encoders.hpp\n'}
[1.986071] (px4_msgs) StdoutLine: {'line': b'-- Up-to-date symlink: /home/maxim/super_ws/install/px4_msgs/include/px4_msgs/px4_msgs/msg/wind.hpp\n'}
[1.986137] (px4_msgs) StdoutLine: {'line': b'-- Up-to-date symlink: /home/maxim/super_ws/install/px4_msgs/include/px4_msgs/px4_msgs/msg/yaw_estimator_status.hpp\n'}
[1.986211] (px4_msgs) StdoutLine: {'line': b'-- Up-to-date symlink: /home/maxim/super_ws/install/px4_msgs/include/px4_msgs/px4_msgs/srv/detail/vehicle_command__builder.hpp\n'}
[1.986288] (px4_msgs) StdoutLine: {'line': b'-- Up-to-date symlink: /home/maxim/super_ws/install/px4_msgs/include/px4_msgs/px4_msgs/srv/detail/vehicle_command__struct.hpp\n'}
[1.986365] (px4_msgs) StdoutLine: {'line': b'-- Up-to-date symlink: /home/maxim/super_ws/install/px4_msgs/include/px4_msgs/px4_msgs/srv/detail/vehicle_command__traits.hpp\n'}
[1.986444] (px4_msgs) StdoutLine: {'line': b'-- Up-to-date symlink: /home/maxim/super_ws/install/px4_msgs/include/px4_msgs/px4_msgs/srv/detail/vehicle_command__type_support.hpp\n'}
[1.986520] (px4_msgs) StdoutLine: {'line': b'-- Up-to-date symlink: /home/maxim/super_ws/install/px4_msgs/include/px4_msgs/px4_msgs/srv/vehicle_command.hpp\n'}
[1.991872] (px4_msgs) StdoutLine: {'line': b'-- Up-to-date symlink: /home/maxim/super_ws/install/px4_msgs/include/px4_msgs/px4_msgs/msg/detail/action_request__rosidl_typesupport_fastrtps_cpp.hpp\n'}
[1.992047] (px4_msgs) StdoutLine: {'line': b'-- Up-to-date symlink: /home/maxim/super_ws/install/px4_msgs/include/px4_msgs/px4_msgs/msg/detail/actuator_armed__rosidl_typesupport_fastrtps_cpp.hpp\n'}
[1.992200] (px4_msgs) StdoutLine: {'line': b'-- Up-to-date symlink: /home/maxim/super_ws/install/px4_msgs/include/px4_msgs/px4_msgs/msg/detail/actuator_controls_status__rosidl_typesupport_fastrtps_cpp.hpp\n'}
[1.992283] (px4_msgs) StdoutLine: {'line': b'-- Up-to-date symlink: /home/maxim/super_ws/install/px4_msgs/include/px4_msgs/px4_msgs/msg/detail/actuator_motors__rosidl_typesupport_fastrtps_cpp.hpp\n'}
[1.992364] (px4_msgs) StdoutLine: {'line': b'-- Up-to-date symlink: /home/maxim/super_ws/install/px4_msgs/include/px4_msgs/px4_msgs/msg/detail/actuator_outputs__rosidl_typesupport_fastrtps_cpp.hpp\n'}
[1.992423] (px4_msgs) StdoutLine: {'line': b'-- Up-to-date symlink: /home/maxim/super_ws/install/px4_msgs/include/px4_msgs/px4_msgs/msg/detail/actuator_servos__rosidl_typesupport_fastrtps_cpp.hpp\n'}
[1.992537] (px4_msgs) StdoutLine: {'line': b'-- Up-to-date symlink: /home/maxim/super_ws/install/px4_msgs/include/px4_msgs/px4_msgs/msg/detail/actuator_servos_trim__rosidl_typesupport_fastrtps_cpp.hpp\n'}
[1.992610] (px4_msgs) StdoutLine: {'line': b'-- Up-to-date symlink: /home/maxim/super_ws/install/px4_msgs/include/px4_msgs/px4_msgs/msg/detail/actuator_test__rosidl_typesupport_fastrtps_cpp.hpp\n'}
[1.992685] (px4_msgs) StdoutLine: {'line': b'-- Up-to-date symlink: /home/maxim/super_ws/install/px4_msgs/include/px4_msgs/px4_msgs/msg/detail/adc_report__rosidl_typesupport_fastrtps_cpp.hpp\n'}
[1.992756] (px4_msgs) StdoutLine: {'line': b'-- Up-to-date symlink: /home/maxim/super_ws/install/px4_msgs/include/px4_msgs/px4_msgs/msg/detail/airspeed__rosidl_typesupport_fastrtps_cpp.hpp\n'}
[1.992830] (px4_msgs) StdoutLine: {'line': b'-- Up-to-date symlink: /home/maxim/super_ws/install/px4_msgs/include/px4_msgs/px4_msgs/msg/detail/airspeed_validated__rosidl_typesupport_fastrtps_cpp.hpp\n'}
[1.992888] (px4_msgs) StdoutLine: {'line': b'-- Up-to-date symlink: /home/maxim/super_ws/install/px4_msgs/include/px4_msgs/px4_msgs/msg/detail/airspeed_wind__rosidl_typesupport_fastrtps_cpp.hpp\n'}
[1.992961] (px4_msgs) StdoutLine: {'line': b'-- Up-to-date symlink: /home/maxim/super_ws/install/px4_msgs/include/px4_msgs/px4_msgs/msg/detail/arming_check_reply__rosidl_typesupport_fastrtps_cpp.hpp\n'}
[1.993043] (px4_msgs) StdoutLine: {'line': b'-- Up-to-date symlink: /home/maxim/super_ws/install/px4_msgs/include/px4_msgs/px4_msgs/msg/detail/arming_check_request__rosidl_typesupport_fastrtps_cpp.hpp\n'}
[1.993102] (px4_msgs) StdoutLine: {'line': b'-- Up-to-date symlink: /home/maxim/super_ws/install/px4_msgs/include/px4_msgs/px4_msgs/msg/detail/autotune_attitude_control_status__rosidl_typesupport_fastrtps_cpp.hpp\n'}
[1.993163] (px4_msgs) StdoutLine: {'line': b'-- Up-to-date symlink: /home/maxim/super_ws/install/px4_msgs/include/px4_msgs/px4_msgs/msg/detail/aux_global_position__rosidl_typesupport_fastrtps_cpp.hpp\n'}
[1.993239] (px4_msgs) StdoutLine: {'line': b'-- Up-to-date symlink: /home/maxim/super_ws/install/px4_msgs/include/px4_msgs/px4_msgs/msg/detail/battery_info__rosidl_typesupport_fastrtps_cpp.hpp\n'}
[1.993307] (px4_msgs) StdoutLine: {'line': b'-- Up-to-date symlink: /home/maxim/super_ws/install/px4_msgs/include/px4_msgs/px4_msgs/msg/detail/battery_status__rosidl_typesupport_fastrtps_cpp.hpp\n'}
[1.993365] (px4_msgs) StdoutLine: {'line': b'-- Up-to-date symlink: /home/maxim/super_ws/install/px4_msgs/include/px4_msgs/px4_msgs/msg/detail/button_event__rosidl_typesupport_fastrtps_cpp.hpp\n'}
[1.993443] (px4_msgs) StdoutLine: {'line': b'-- Up-to-date symlink: /home/maxim/super_ws/install/px4_msgs/include/px4_msgs/px4_msgs/msg/detail/camera_capture__rosidl_typesupport_fastrtps_cpp.hpp\n'}
[1.993502] (px4_msgs) StdoutLine: {'line': b'-- Up-to-date symlink: /home/maxim/super_ws/install/px4_msgs/include/px4_msgs/px4_msgs/msg/detail/camera_status__rosidl_typesupport_fastrtps_cpp.hpp\n'}
[1.993574] (px4_msgs) StdoutLine: {'line': b'-- Up-to-date symlink: /home/maxim/super_ws/install/px4_msgs/include/px4_msgs/px4_msgs/msg/detail/camera_trigger__rosidl_typesupport_fastrtps_cpp.hpp\n'}
[1.993647] (px4_msgs) StdoutLine: {'line': b'-- Up-to-date symlink: /home/maxim/super_ws/install/px4_msgs/include/px4_msgs/px4_msgs/msg/detail/can_interface_status__rosidl_typesupport_fastrtps_cpp.hpp\n'}
[1.993704] (px4_msgs) StdoutLine: {'line': b'-- Up-to-date symlink: /home/maxim/super_ws/install/px4_msgs/include/px4_msgs/px4_msgs/msg/detail/cellular_status__rosidl_typesupport_fastrtps_cpp.hpp\n'}
[1.993785] (px4_msgs) StdoutLine: {'line': b'-- Up-to-date symlink: /home/maxim/super_ws/install/px4_msgs/include/px4_msgs/px4_msgs/msg/detail/collision_constraints__rosidl_typesupport_fastrtps_cpp.hpp\n'}
[1.993858] (px4_msgs) StdoutLine: {'line': b'-- Up-to-date symlink: /home/maxim/super_ws/install/px4_msgs/include/px4_msgs/px4_msgs/msg/detail/config_overrides__rosidl_typesupport_fastrtps_cpp.hpp\n'}
[1.993971] (px4_msgs) StdoutLine: {'line': b'-- Up-to-date symlink: /home/maxim/super_ws/install/px4_msgs/include/px4_msgs/px4_msgs/msg/detail/control_allocator_status__rosidl_typesupport_fastrtps_cpp.hpp\n'}
[1.994062] (px4_msgs) StdoutLine: {'line': b'-- Up-to-date symlink: /home/maxim/super_ws/install/px4_msgs/include/px4_msgs/px4_msgs/msg/detail/cpuload__rosidl_typesupport_fastrtps_cpp.hpp\n'}
[1.994184] (px4_msgs) StdoutLine: {'line': b'-- Up-to-date symlink: /home/maxim/super_ws/install/px4_msgs/include/px4_msgs/px4_msgs/msg/detail/dataman_request__rosidl_typesupport_fastrtps_cpp.hpp\n'}
[1.994406] (px4_msgs) StdoutLine: {'line': b'-- Up-to-date symlink: /home/maxim/super_ws/install/px4_msgs/include/px4_msgs/px4_msgs/msg/detail/dataman_response__rosidl_typesupport_fastrtps_cpp.hpp\n'}
[1.994511] (px4_msgs) StdoutLine: {'line': b'-- Up-to-date symlink: /home/maxim/super_ws/install/px4_msgs/include/px4_msgs/px4_msgs/msg/detail/debug_array__rosidl_typesupport_fastrtps_cpp.hpp\n'}
[1.994591] (px4_msgs) StdoutLine: {'line': b'-- Up-to-date symlink: /home/maxim/super_ws/install/px4_msgs/include/px4_msgs/px4_msgs/msg/detail/debug_key_value__rosidl_typesupport_fastrtps_cpp.hpp\n'}
[1.994671] (px4_msgs) StdoutLine: {'line': b'-- Up-to-date symlink: /home/maxim/super_ws/install/px4_msgs/include/px4_msgs/px4_msgs/msg/detail/debug_value__rosidl_typesupport_fastrtps_cpp.hpp\n'}
[1.994744] (px4_msgs) StdoutLine: {'line': b'-- Up-to-date symlink: /home/maxim/super_ws/install/px4_msgs/include/px4_msgs/px4_msgs/msg/detail/debug_vect__rosidl_typesupport_fastrtps_cpp.hpp\n'}
[1.994805] (px4_msgs) StdoutLine: {'line': b'-- Up-to-date symlink: /home/maxim/super_ws/install/px4_msgs/include/px4_msgs/px4_msgs/msg/detail/device_information__rosidl_typesupport_fastrtps_cpp.hpp\n'}
[1.994876] (px4_msgs) StdoutLine: {'line': b'-- Up-to-date symlink: /home/maxim/super_ws/install/px4_msgs/include/px4_msgs/px4_msgs/msg/detail/differential_pressure__rosidl_typesupport_fastrtps_cpp.hpp\n'}
[1.994947] (px4_msgs) StdoutLine: {'line': b'-- Up-to-date symlink: /home/maxim/super_ws/install/px4_msgs/include/px4_msgs/px4_msgs/msg/detail/distance_sensor__rosidl_typesupport_fastrtps_cpp.hpp\n'}
[1.995029] (px4_msgs) StdoutLine: {'line': b'-- Up-to-date symlink: /home/maxim/super_ws/install/px4_msgs/include/px4_msgs/px4_msgs/msg/detail/distance_sensor_mode_change_request__rosidl_typesupport_fastrtps_cpp.hpp\n'}
[1.995090] (px4_msgs) StdoutLine: {'line': b'-- Up-to-date symlink: /home/maxim/super_ws/install/px4_msgs/include/px4_msgs/px4_msgs/msg/detail/dronecan_node_status__rosidl_typesupport_fastrtps_cpp.hpp\n'}
[1.995172] (px4_msgs) StdoutLine: {'line': b'-- Up-to-date symlink: /home/maxim/super_ws/install/px4_msgs/include/px4_msgs/px4_msgs/msg/detail/ekf2_timestamps__rosidl_typesupport_fastrtps_cpp.hpp\n'}
[1.995250] (px4_msgs) StdoutLine: {'line': b'-- Up-to-date symlink: /home/maxim/super_ws/install/px4_msgs/include/px4_msgs/px4_msgs/msg/detail/esc_eeprom_read__rosidl_typesupport_fastrtps_cpp.hpp\n'}
[1.995329] (px4_msgs) StdoutLine: {'line': b'-- Up-to-date symlink: /home/maxim/super_ws/install/px4_msgs/include/px4_msgs/px4_msgs/msg/detail/esc_eeprom_write__rosidl_typesupport_fastrtps_cpp.hpp\n'}
[1.995408] (px4_msgs) StdoutLine: {'line': b'-- Up-to-date symlink: /home/maxim/super_ws/install/px4_msgs/include/px4_msgs/px4_msgs/msg/detail/esc_report__rosidl_typesupport_fastrtps_cpp.hpp\n'}
[1.995477] (px4_msgs) StdoutLine: {'line': b'-- Up-to-date symlink: /home/maxim/super_ws/install/px4_msgs/include/px4_msgs/px4_msgs/msg/detail/esc_status__rosidl_typesupport_fastrtps_cpp.hpp\n'}
[1.995543] (px4_msgs) StdoutLine: {'line': b'-- Up-to-date symlink: /home/maxim/super_ws/install/px4_msgs/include/px4_msgs/px4_msgs/msg/detail/estimator_aid_source1d__rosidl_typesupport_fastrtps_cpp.hpp\n'}
[1.995612] (px4_msgs) StdoutLine: {'line': b'-- Up-to-date symlink: /home/maxim/super_ws/install/px4_msgs/include/px4_msgs/px4_msgs/msg/detail/estimator_aid_source2d__rosidl_typesupport_fastrtps_cpp.hpp\n'}
[1.995685] (px4_msgs) StdoutLine: {'line': b'-- Up-to-date symlink: /home/maxim/super_ws/install/px4_msgs/include/px4_msgs/px4_msgs/msg/detail/estimator_aid_source3d__rosidl_typesupport_fastrtps_cpp.hpp\n'}
[1.995753] (px4_msgs) StdoutLine: {'line': b'-- Up-to-date symlink: /home/maxim/super_ws/install/px4_msgs/include/px4_msgs/px4_msgs/msg/detail/estimator_bias3d__rosidl_typesupport_fastrtps_cpp.hpp\n'}
[1.995813] (px4_msgs) StdoutLine: {'line': b'-- Up-to-date symlink: /home/maxim/super_ws/install/px4_msgs/include/px4_msgs/px4_msgs/msg/detail/estimator_bias__rosidl_typesupport_fastrtps_cpp.hpp\n'}
[1.995882] (px4_msgs) StdoutLine: {'line': b'-- Up-to-date symlink: /home/maxim/super_ws/install/px4_msgs/include/px4_msgs/px4_msgs/msg/detail/estimator_event_flags__rosidl_typesupport_fastrtps_cpp.hpp\n'}
[1.995953] (px4_msgs) StdoutLine: {'line': b'-- Up-to-date symlink: /home/maxim/super_ws/install/px4_msgs/include/px4_msgs/px4_msgs/msg/detail/estimator_fusion_control__rosidl_typesupport_fastrtps_cpp.hpp\n'}
[1.996022] (px4_msgs) StdoutLine: {'line': b'-- Up-to-date symlink: /home/maxim/super_ws/install/px4_msgs/include/px4_msgs/px4_msgs/msg/detail/estimator_gps_status__rosidl_typesupport_fastrtps_cpp.hpp\n'}
[1.996091] (px4_msgs) StdoutLine: {'line': b'-- Up-to-date symlink: /home/maxim/super_ws/install/px4_msgs/include/px4_msgs/px4_msgs/msg/detail/estimator_innovations__rosidl_typesupport_fastrtps_cpp.hpp\n'}
[1.996158] (px4_msgs) StdoutLine: {'line': b'-- Up-to-date symlink: /home/maxim/super_ws/install/px4_msgs/include/px4_msgs/px4_msgs/msg/detail/estimator_selector_status__rosidl_typesupport_fastrtps_cpp.hpp\n'}
[1.996218] (px4_msgs) StdoutLine: {'line': b'-- Up-to-date symlink: /home/maxim/super_ws/install/px4_msgs/include/px4_msgs/px4_msgs/msg/detail/estimator_sensor_bias__rosidl_typesupport_fastrtps_cpp.hpp\n'}
[1.996289] (px4_msgs) StdoutLine: {'line': b'-- Up-to-date symlink: /home/maxim/super_ws/install/px4_msgs/include/px4_msgs/px4_msgs/msg/detail/estimator_states__rosidl_typesupport_fastrtps_cpp.hpp\n'}
[1.996357] (px4_msgs) StdoutLine: {'line': b'-- Up-to-date symlink: /home/maxim/super_ws/install/px4_msgs/include/px4_msgs/px4_msgs/msg/detail/estimator_status__rosidl_typesupport_fastrtps_cpp.hpp\n'}
[1.996426] (px4_msgs) StdoutLine: {'line': b'-- Up-to-date symlink: /home/maxim/super_ws/install/px4_msgs/include/px4_msgs/px4_msgs/msg/detail/estimator_status_flags__rosidl_typesupport_fastrtps_cpp.hpp\n'}
[1.996494] (px4_msgs) StdoutLine: {'line': b'-- Up-to-date symlink: /home/maxim/super_ws/install/px4_msgs/include/px4_msgs/px4_msgs/msg/detail/event__rosidl_typesupport_fastrtps_cpp.hpp\n'}
[1.996565] (px4_msgs) StdoutLine: {'line': b'-- Up-to-date symlink: /home/maxim/super_ws/install/px4_msgs/include/px4_msgs/px4_msgs/msg/detail/failsafe_flags__rosidl_typesupport_fastrtps_cpp.hpp\n'}
[1.996634] (px4_msgs) StdoutLine: {'line': b'-- Up-to-date symlink: /home/maxim/super_ws/install/px4_msgs/include/px4_msgs/px4_msgs/msg/detail/failure_detector_status__rosidl_typesupport_fastrtps_cpp.hpp\n'}
[1.996698] (px4_msgs) StdoutLine: {'line': b'-- Up-to-date symlink: /home/maxim/super_ws/install/px4_msgs/include/px4_msgs/px4_msgs/msg/detail/fiducial_marker_pos_report__rosidl_typesupport_fastrtps_cpp.hpp\n'}
[1.996775] (px4_msgs) StdoutLine: {'line': b'-- Up-to-date symlink: /home/maxim/super_ws/install/px4_msgs/include/px4_msgs/px4_msgs/msg/detail/fiducial_marker_yaw_report__rosidl_typesupport_fastrtps_cpp.hpp\n'}
[1.996863] (px4_msgs) StdoutLine: {'line': b'-- Up-to-date symlink: /home/maxim/super_ws/install/px4_msgs/include/px4_msgs/px4_msgs/msg/detail/figure_eight_status__rosidl_typesupport_fastrtps_cpp.hpp\n'}
[1.996924] (px4_msgs) StdoutLine: {'line': b'-- Up-to-date symlink: /home/maxim/super_ws/install/px4_msgs/include/px4_msgs/px4_msgs/msg/detail/fixed_wing_lateral_guidance_status__rosidl_typesupport_fastrtps_cpp.hpp\n'}
[1.997008] (px4_msgs) StdoutLine: {'line': b'-- Up-to-date symlink: /home/maxim/super_ws/install/px4_msgs/include/px4_msgs/px4_msgs/msg/detail/fixed_wing_lateral_setpoint__rosidl_typesupport_fastrtps_cpp.hpp\n'}
[1.997067] (px4_msgs) StdoutLine: {'line': b'-- Up-to-date symlink: /home/maxim/super_ws/install/px4_msgs/include/px4_msgs/px4_msgs/msg/detail/fixed_wing_lateral_status__rosidl_typesupport_fastrtps_cpp.hpp\n'}
[1.997136] (px4_msgs) StdoutLine: {'line': b'-- Up-to-date symlink: /home/maxim/super_ws/install/px4_msgs/include/px4_msgs/px4_msgs/msg/detail/fixed_wing_longitudinal_setpoint__rosidl_typesupport_fastrtps_cpp.hpp\n'}
[1.997205] (px4_msgs) StdoutLine: {'line': b'-- Up-to-date symlink: /home/maxim/super_ws/install/px4_msgs/include/px4_msgs/px4_msgs/msg/detail/fixed_wing_runway_control__rosidl_typesupport_fastrtps_cpp.hpp\n'}
[1.997273] (px4_msgs) StdoutLine: {'line': b'-- Up-to-date symlink: /home/maxim/super_ws/install/px4_msgs/include/px4_msgs/px4_msgs/msg/detail/flight_phase_estimation__rosidl_typesupport_fastrtps_cpp.hpp\n'}
[1.997348] (px4_msgs) StdoutLine: {'line': b'-- Up-to-date symlink: /home/maxim/super_ws/install/px4_msgs/include/px4_msgs/px4_msgs/msg/detail/follow_target__rosidl_typesupport_fastrtps_cpp.hpp\n'}
[1.997418] (px4_msgs) StdoutLine: {'line': b'-- Up-to-date symlink: /home/maxim/super_ws/install/px4_msgs/include/px4_msgs/px4_msgs/msg/detail/follow_target_estimator__rosidl_typesupport_fastrtps_cpp.hpp\n'}
[1.997492] (px4_msgs) StdoutLine: {'line': b'-- Up-to-date symlink: /home/maxim/super_ws/install/px4_msgs/include/px4_msgs/px4_msgs/msg/detail/follow_target_status__rosidl_typesupport_fastrtps_cpp.hpp\n'}
[1.997561] (px4_msgs) StdoutLine: {'line': b'-- Up-to-date symlink: /home/maxim/super_ws/install/px4_msgs/include/px4_msgs/px4_msgs/msg/detail/fuel_tank_status__rosidl_typesupport_fastrtps_cpp.hpp\n'}
[1.997629] (px4_msgs) StdoutLine: {'line': b'-- Up-to-date symlink: /home/maxim/super_ws/install/px4_msgs/include/px4_msgs/px4_msgs/msg/detail/gain_compression__rosidl_typesupport_fastrtps_cpp.hpp\n'}
[1.997745] (px4_msgs) StdoutLine: {'line': b'-- Up-to-date symlink: /home/maxim/super_ws/install/px4_msgs/include/px4_msgs/px4_msgs/msg/detail/generator_status__rosidl_typesupport_fastrtps_cpp.hpp\n'}
[1.997828] (px4_msgs) StdoutLine: {'line': b'-- Up-to-date symlink: /home/maxim/super_ws/install/px4_msgs/include/px4_msgs/px4_msgs/msg/detail/geofence_result__rosidl_typesupport_fastrtps_cpp.hpp\n'}
[1.997905] (px4_msgs) StdoutLine: {'line': b'-- Up-to-date symlink: /home/maxim/super_ws/install/px4_msgs/include/px4_msgs/px4_msgs/msg/detail/geofence_status__rosidl_typesupport_fastrtps_cpp.hpp\n'}
[1.997979] (px4_msgs) StdoutLine: {'line': b'-- Up-to-date symlink: /home/maxim/super_ws/install/px4_msgs/include/px4_msgs/px4_msgs/msg/detail/gimbal_controls__rosidl_typesupport_fastrtps_cpp.hpp\n'}
[1.998051] (px4_msgs) StdoutLine: {'line': b'-- Up-to-date symlink: /home/maxim/super_ws/install/px4_msgs/include/px4_msgs/px4_msgs/msg/detail/gimbal_device_attitude_status__rosidl_typesupport_fastrtps_cpp.hpp\n'}
[1.998126] (px4_msgs) StdoutLine: {'line': b'-- Up-to-date symlink: /home/maxim/super_ws/install/px4_msgs/include/px4_msgs/px4_msgs/msg/detail/gimbal_device_information__rosidl_typesupport_fastrtps_cpp.hpp\n'}
[1.998201] (px4_msgs) StdoutLine: {'line': b'-- Up-to-date symlink: /home/maxim/super_ws/install/px4_msgs/include/px4_msgs/px4_msgs/msg/detail/gimbal_device_set_attitude__rosidl_typesupport_fastrtps_cpp.hpp\n'}
[1.998276] (px4_msgs) StdoutLine: {'line': b'-- Up-to-date symlink: /home/maxim/super_ws/install/px4_msgs/include/px4_msgs/px4_msgs/msg/detail/gimbal_manager_information__rosidl_typesupport_fastrtps_cpp.hpp\n'}
[1.998350] (px4_msgs) StdoutLine: {'line': b'-- Up-to-date symlink: /home/maxim/super_ws/install/px4_msgs/include/px4_msgs/px4_msgs/msg/detail/gimbal_manager_set_attitude__rosidl_typesupport_fastrtps_cpp.hpp\n'}
[1.998419] (px4_msgs) StdoutLine: {'line': b'-- Up-to-date symlink: /home/maxim/super_ws/install/px4_msgs/include/px4_msgs/px4_msgs/msg/detail/gimbal_manager_set_manual_control__rosidl_typesupport_fastrtps_cpp.hpp\n'}
[1.998493] (px4_msgs) StdoutLine: {'line': b'-- Up-to-date symlink: /home/maxim/super_ws/install/px4_msgs/include/px4_msgs/px4_msgs/msg/detail/gimbal_manager_status__rosidl_typesupport_fastrtps_cpp.hpp\n'}
[1.998566] (px4_msgs) StdoutLine: {'line': b'-- Up-to-date symlink: /home/maxim/super_ws/install/px4_msgs/include/px4_msgs/px4_msgs/msg/detail/goto_setpoint__rosidl_typesupport_fastrtps_cpp.hpp\n'}
[1.998645] (px4_msgs) StdoutLine: {'line': b'-- Up-to-date symlink: /home/maxim/super_ws/install/px4_msgs/include/px4_msgs/px4_msgs/msg/detail/gpio_config__rosidl_typesupport_fastrtps_cpp.hpp\n'}
[1.998727] (px4_msgs) StdoutLine: {'line': b'-- Up-to-date symlink: /home/maxim/super_ws/install/px4_msgs/include/px4_msgs/px4_msgs/msg/detail/gpio_in__rosidl_typesupport_fastrtps_cpp.hpp\n'}
[1.998807] (px4_msgs) StdoutLine: {'line': b'-- Up-to-date symlink: /home/maxim/super_ws/install/px4_msgs/include/px4_msgs/px4_msgs/msg/detail/gpio_out__rosidl_typesupport_fastrtps_cpp.hpp\n'}
[1.998886] (px4_msgs) StdoutLine: {'line': b'-- Up-to-date symlink: /home/maxim/super_ws/install/px4_msgs/include/px4_msgs/px4_msgs/msg/detail/gpio_request__rosidl_typesupport_fastrtps_cpp.hpp\n'}
[1.998966] (px4_msgs) StdoutLine: {'line': b'-- Up-to-date symlink: /home/maxim/super_ws/install/px4_msgs/include/px4_msgs/px4_msgs/msg/detail/gps_dump__rosidl_typesupport_fastrtps_cpp.hpp\n'}
[1.999044] (px4_msgs) StdoutLine: {'line': b'-- Up-to-date symlink: /home/maxim/super_ws/install/px4_msgs/include/px4_msgs/px4_msgs/msg/detail/gps_inject_data__rosidl_typesupport_fastrtps_cpp.hpp\n'}
[1.999122] (px4_msgs) StdoutLine: {'line': b'-- Up-to-date symlink: /home/maxim/super_ws/install/px4_msgs/include/px4_msgs/px4_msgs/msg/detail/gripper__rosidl_typesupport_fastrtps_cpp.hpp\n'}
[1.999202] (px4_msgs) StdoutLine: {'line': b'-- Up-to-date symlink: /home/maxim/super_ws/install/px4_msgs/include/px4_msgs/px4_msgs/msg/detail/health_report__rosidl_typesupport_fastrtps_cpp.hpp\n'}
[1.999278] (px4_msgs) StdoutLine: {'line': b'-- Up-to-date symlink: /home/maxim/super_ws/install/px4_msgs/include/px4_msgs/px4_msgs/msg/detail/heater_status__rosidl_typesupport_fastrtps_cpp.hpp\n'}
[1.999357] (px4_msgs) StdoutLine: {'line': b'-- Up-to-date symlink: /home/maxim/super_ws/install/px4_msgs/include/px4_msgs/px4_msgs/msg/detail/home_position__rosidl_typesupport_fastrtps_cpp.hpp\n'}
[1.999434] (px4_msgs) StdoutLine: {'line': b'-- Up-to-date symlink: /home/maxim/super_ws/install/px4_msgs/include/px4_msgs/px4_msgs/msg/detail/hover_thrust_estimate__rosidl_typesupport_fastrtps_cpp.hpp\n'}
[1.999513] (px4_msgs) StdoutLine: {'line': b'-- Up-to-date symlink: /home/maxim/super_ws/install/px4_msgs/include/px4_msgs/px4_msgs/msg/detail/input_rc__rosidl_typesupport_fastrtps_cpp.hpp\n'}
[1.999593] (px4_msgs) StdoutLine: {'line': b'-- Up-to-date symlink: /home/maxim/super_ws/install/px4_msgs/include/px4_msgs/px4_msgs/msg/detail/internal_combustion_engine_control__rosidl_typesupport_fastrtps_cpp.hpp\n'}
[1.999679] (px4_msgs) StdoutLine: {'line': b'-- Up-to-date symlink: /home/maxim/super_ws/install/px4_msgs/include/px4_msgs/px4_msgs/msg/detail/internal_combustion_engine_status__rosidl_typesupport_fastrtps_cpp.hpp\n'}
[1.999755] (px4_msgs) StdoutLine: {'line': b'-- Up-to-date symlink: /home/maxim/super_ws/install/px4_msgs/include/px4_msgs/px4_msgs/msg/detail/iridiumsbd_status__rosidl_typesupport_fastrtps_cpp.hpp\n'}
[1.999835] (px4_msgs) StdoutLine: {'line': b'-- Up-to-date symlink: /home/maxim/super_ws/install/px4_msgs/include/px4_msgs/px4_msgs/msg/detail/irlock_report__rosidl_typesupport_fastrtps_cpp.hpp\n'}
[1.999911] (px4_msgs) StdoutLine: {'line': b'-- Up-to-date symlink: /home/maxim/super_ws/install/px4_msgs/include/px4_msgs/px4_msgs/msg/detail/landing_gear__rosidl_typesupport_fastrtps_cpp.hpp\n'}
[1.999989] (px4_msgs) StdoutLine: {'line': b'-- Up-to-date symlink: /home/maxim/super_ws/install/px4_msgs/include/px4_msgs/px4_msgs/msg/detail/landing_gear_wheel__rosidl_typesupport_fastrtps_cpp.hpp\n'}
[2.000067] (px4_msgs) StdoutLine: {'line': b'-- Up-to-date symlink: /home/maxim/super_ws/install/px4_msgs/include/px4_msgs/px4_msgs/msg/detail/landing_target_innovations__rosidl_typesupport_fastrtps_cpp.hpp\n'}
[2.000146] (px4_msgs) StdoutLine: {'line': b'-- Up-to-date symlink: /home/maxim/super_ws/install/px4_msgs/include/px4_msgs/px4_msgs/msg/detail/landing_target_pose__rosidl_typesupport_fastrtps_cpp.hpp\n'}
[2.000268] (px4_msgs) StdoutLine: {'line': b'-- Up-to-date symlink: /home/maxim/super_ws/install/px4_msgs/include/px4_msgs/px4_msgs/msg/detail/lateral_control_configuration__rosidl_typesupport_fastrtps_cpp.hpp\n'}
[2.000351] (px4_msgs) StdoutLine: {'line': b'-- Up-to-date symlink: /home/maxim/super_ws/install/px4_msgs/include/px4_msgs/px4_msgs/msg/detail/launch_detection_status__rosidl_typesupport_fastrtps_cpp.hpp\n'}
[2.000490] (px4_msgs) StdoutLine: {'line': b'-- Up-to-date symlink: /home/maxim/super_ws/install/px4_msgs/include/px4_msgs/px4_msgs/msg/detail/led_control__rosidl_typesupport_fastrtps_cpp.hpp\n'}
[2.000578] (px4_msgs) StdoutLine: {'line': b'-- Up-to-date symlink: /home/maxim/super_ws/install/px4_msgs/include/px4_msgs/px4_msgs/msg/detail/log_message__rosidl_typesupport_fastrtps_cpp.hpp\n'}
[2.000641] (px4_msgs) StdoutLine: {'line': b'-- Up-to-date symlink: /home/maxim/super_ws/install/px4_msgs/include/px4_msgs/px4_msgs/msg/detail/logger_status__rosidl_typesupport_fastrtps_cpp.hpp\n'}
[2.000714] (px4_msgs) StdoutLine: {'line': b'-- Up-to-date symlink: /home/maxim/super_ws/install/px4_msgs/include/px4_msgs/px4_msgs/msg/detail/longitudinal_control_configuration__rosidl_typesupport_fastrtps_cpp.hpp\n'}
[2.000784] (px4_msgs) StdoutLine: {'line': b'-- Up-to-date symlink: /home/maxim/super_ws/install/px4_msgs/include/px4_msgs/px4_msgs/msg/detail/mag_worker_data__rosidl_typesupport_fastrtps_cpp.hpp\n'}
[2.000855] (px4_msgs) StdoutLine: {'line': b'-- Up-to-date symlink: /home/maxim/super_ws/install/px4_msgs/include/px4_msgs/px4_msgs/msg/detail/magnetometer_bias_estimate__rosidl_typesupport_fastrtps_cpp.hpp\n'}
[2.000925] (px4_msgs) StdoutLine: {'line': b'-- Up-to-date symlink: /home/maxim/super_ws/install/px4_msgs/include/px4_msgs/px4_msgs/msg/detail/manual_control_setpoint__rosidl_typesupport_fastrtps_cpp.hpp\n'}
[2.000995] (px4_msgs) StdoutLine: {'line': b'-- Up-to-date symlink: /home/maxim/super_ws/install/px4_msgs/include/px4_msgs/px4_msgs/msg/detail/manual_control_switches__rosidl_typesupport_fastrtps_cpp.hpp\n'}
[2.001064] (px4_msgs) StdoutLine: {'line': b'-- Up-to-date symlink: /home/maxim/super_ws/install/px4_msgs/include/px4_msgs/px4_msgs/msg/detail/mavlink_log__rosidl_typesupport_fastrtps_cpp.hpp\n'}
[2.001137] (px4_msgs) StdoutLine: {'line': b'-- Up-to-date symlink: /home/maxim/super_ws/install/px4_msgs/include/px4_msgs/px4_msgs/msg/detail/mavlink_tunnel__rosidl_typesupport_fastrtps_cpp.hpp\n'}
[2.001228] (px4_msgs) StdoutLine: {'line': b'-- Up-to-date symlink: /home/maxim/super_ws/install/px4_msgs/include/px4_msgs/px4_msgs/msg/detail/message_format_request__rosidl_typesupport_fastrtps_cpp.hpp\n'}
[2.001299] (px4_msgs) StdoutLine: {'line': b'-- Up-to-date symlink: /home/maxim/super_ws/install/px4_msgs/include/px4_msgs/px4_msgs/msg/detail/message_format_response__rosidl_typesupport_fastrtps_cpp.hpp\n'}
[2.001373] (px4_msgs) StdoutLine: {'line': b'-- Up-to-date symlink: /home/maxim/super_ws/install/px4_msgs/include/px4_msgs/px4_msgs/msg/detail/mission__rosidl_typesupport_fastrtps_cpp.hpp\n'}
[2.001471] (px4_msgs) StdoutLine: {'line': b'-- Up-to-date symlink: /home/maxim/super_ws/install/px4_msgs/include/px4_msgs/px4_msgs/msg/detail/mission_result__rosidl_typesupport_fastrtps_cpp.hpp\n'}
[2.001546] (px4_msgs) StdoutLine: {'line': b'-- Up-to-date symlink: /home/maxim/super_ws/install/px4_msgs/include/px4_msgs/px4_msgs/msg/detail/mode_completed__rosidl_typesupport_fastrtps_cpp.hpp\n'}
[2.001618] (px4_msgs) StdoutLine: {'line': b'-- Up-to-date symlink: /home/maxim/super_ws/install/px4_msgs/include/px4_msgs/px4_msgs/msg/detail/mount_orientation__rosidl_typesupport_fastrtps_cpp.hpp\n'}
[2.001693] (px4_msgs) StdoutLine: {'line': b'-- Up-to-date symlink: /home/maxim/super_ws/install/px4_msgs/include/px4_msgs/px4_msgs/msg/detail/navigator_mission_item__rosidl_typesupport_fastrtps_cpp.hpp\n'}
[2.001763] (px4_msgs) StdoutLine: {'line': b'-- Up-to-date symlink: /home/maxim/super_ws/install/px4_msgs/include/px4_msgs/px4_msgs/msg/detail/navigator_status__rosidl_typesupport_fastrtps_cpp.hpp\n'}
[2.001835] (px4_msgs) StdoutLine: {'line': b'-- Up-to-date symlink: /home/maxim/super_ws/install/px4_msgs/include/px4_msgs/px4_msgs/msg/detail/neural_control__rosidl_typesupport_fastrtps_cpp.hpp\n'}
[2.001957] (px4_msgs) StdoutLine: {'line': b'-- Up-to-date symlink: /home/maxim/super_ws/install/px4_msgs/include/px4_msgs/px4_msgs/msg/detail/normalized_unsigned_setpoint__rosidl_typesupport_fastrtps_cpp.hpp\n'}
[2.002038] (px4_msgs) StdoutLine: {'line': b'-- Up-to-date symlink: /home/maxim/super_ws/install/px4_msgs/include/px4_msgs/px4_msgs/msg/detail/obstacle_distance__rosidl_typesupport_fastrtps_cpp.hpp\n'}
[2.002118] (px4_msgs) StdoutLine: {'line': b'-- Up-to-date symlink: /home/maxim/super_ws/install/px4_msgs/include/px4_msgs/px4_msgs/msg/detail/offboard_control_mode__rosidl_typesupport_fastrtps_cpp.hpp\n'}
[2.002193] (px4_msgs) StdoutLine: {'line': b'-- Up-to-date symlink: /home/maxim/super_ws/install/px4_msgs/include/px4_msgs/px4_msgs/msg/detail/onboard_computer_status__rosidl_typesupport_fastrtps_cpp.hpp\n'}
[2.002264] (px4_msgs) StdoutLine: {'line': b'-- Up-to-date symlink: /home/maxim/super_ws/install/px4_msgs/include/px4_msgs/px4_msgs/msg/detail/open_drone_id_arm_status__rosidl_typesupport_fastrtps_cpp.hpp\n'}
[2.002336] (px4_msgs) StdoutLine: {'line': b'-- Up-to-date symlink: /home/maxim/super_ws/install/px4_msgs/include/px4_msgs/px4_msgs/msg/detail/open_drone_id_operator_id__rosidl_typesupport_fastrtps_cpp.hpp\n'}
[2.002404] (px4_msgs) StdoutLine: {'line': b'-- Up-to-date symlink: /home/maxim/super_ws/install/px4_msgs/include/px4_msgs/px4_msgs/msg/detail/open_drone_id_self_id__rosidl_typesupport_fastrtps_cpp.hpp\n'}
[2.002471] (px4_msgs) StdoutLine: {'line': b'-- Up-to-date symlink: /home/maxim/super_ws/install/px4_msgs/include/px4_msgs/px4_msgs/msg/detail/open_drone_id_system__rosidl_typesupport_fastrtps_cpp.hpp\n'}
[2.002542] (px4_msgs) StdoutLine: {'line': b'-- Up-to-date symlink: /home/maxim/super_ws/install/px4_msgs/include/px4_msgs/px4_msgs/msg/detail/orb_test__rosidl_typesupport_fastrtps_cpp.hpp\n'}
[2.002613] (px4_msgs) StdoutLine: {'line': b'-- Up-to-date symlink: /home/maxim/super_ws/install/px4_msgs/include/px4_msgs/px4_msgs/msg/detail/orb_test_large__rosidl_typesupport_fastrtps_cpp.hpp\n'}
[2.002687] (px4_msgs) StdoutLine: {'line': b'-- Up-to-date symlink: /home/maxim/super_ws/install/px4_msgs/include/px4_msgs/px4_msgs/msg/detail/orb_test_medium__rosidl_typesupport_fastrtps_cpp.hpp\n'}
[2.002756] (px4_msgs) StdoutLine: {'line': b'-- Up-to-date symlink: /home/maxim/super_ws/install/px4_msgs/include/px4_msgs/px4_msgs/msg/detail/orbit_status__rosidl_typesupport_fastrtps_cpp.hpp\n'}
[2.002828] (px4_msgs) StdoutLine: {'line': b'-- Up-to-date symlink: /home/maxim/super_ws/install/px4_msgs/include/px4_msgs/px4_msgs/msg/detail/parameter_reset_request__rosidl_typesupport_fastrtps_cpp.hpp\n'}
[2.002902] (px4_msgs) StdoutLine: {'line': b'-- Up-to-date symlink: /home/maxim/super_ws/install/px4_msgs/include/px4_msgs/px4_msgs/msg/detail/parameter_set_used_request__rosidl_typesupport_fastrtps_cpp.hpp\n'}
[2.002979] (px4_msgs) StdoutLine: {'line': b'-- Up-to-date symlink: /home/maxim/super_ws/install/px4_msgs/include/px4_msgs/px4_msgs/msg/detail/parameter_set_value_request__rosidl_typesupport_fastrtps_cpp.hpp\n'}
[2.003039] (-) TimerEvent: {}
[2.003108] (px4_msgs) StdoutLine: {'line': b'-- Up-to-date symlink: /home/maxim/super_ws/install/px4_msgs/include/px4_msgs/px4_msgs/msg/detail/parameter_set_value_response__rosidl_typesupport_fastrtps_cpp.hpp\n'}
[2.003189] (px4_msgs) StdoutLine: {'line': b'-- Up-to-date symlink: /home/maxim/super_ws/install/px4_msgs/include/px4_msgs/px4_msgs/msg/detail/parameter_update__rosidl_typesupport_fastrtps_cpp.hpp\n'}
[2.003261] (px4_msgs) StdoutLine: {'line': b'-- Up-to-date symlink: /home/maxim/super_ws/install/px4_msgs/include/px4_msgs/px4_msgs/msg/detail/ping__rosidl_typesupport_fastrtps_cpp.hpp\n'}
[2.003331] (px4_msgs) StdoutLine: {'line': b'-- Up-to-date symlink: /home/maxim/super_ws/install/px4_msgs/include/px4_msgs/px4_msgs/msg/detail/position_controller_landing_status__rosidl_typesupport_fastrtps_cpp.hpp\n'}
[2.003406] (px4_msgs) StdoutLine: {'line': b'-- Up-to-date symlink: /home/maxim/super_ws/install/px4_msgs/include/px4_msgs/px4_msgs/msg/detail/position_controller_status__rosidl_typesupport_fastrtps_cpp.hpp\n'}
[2.003480] (px4_msgs) StdoutLine: {'line': b'-- Up-to-date symlink: /home/maxim/super_ws/install/px4_msgs/include/px4_msgs/px4_msgs/msg/detail/position_setpoint__rosidl_typesupport_fastrtps_cpp.hpp\n'}
[2.003549] (px4_msgs) StdoutLine: {'line': b'-- Up-to-date symlink: /home/maxim/super_ws/install/px4_msgs/include/px4_msgs/px4_msgs/msg/detail/position_setpoint_triplet__rosidl_typesupport_fastrtps_cpp.hpp\n'}
[2.003625] (px4_msgs) StdoutLine: {'line': b'-- Up-to-date symlink: /home/maxim/super_ws/install/px4_msgs/include/px4_msgs/px4_msgs/msg/detail/power_button_state__rosidl_typesupport_fastrtps_cpp.hpp\n'}
[2.003730] (px4_msgs) StdoutLine: {'line': b'-- Up-to-date symlink: /home/maxim/super_ws/install/px4_msgs/include/px4_msgs/px4_msgs/msg/detail/power_monitor__rosidl_typesupport_fastrtps_cpp.hpp\n'}
[2.003810] (px4_msgs) StdoutLine: {'line': b'-- Up-to-date symlink: /home/maxim/super_ws/install/px4_msgs/include/px4_msgs/px4_msgs/msg/detail/pps_capture__rosidl_typesupport_fastrtps_cpp.hpp\n'}
[2.003886] (px4_msgs) StdoutLine: {'line': b'-- Up-to-date symlink: /home/maxim/super_ws/install/px4_msgs/include/px4_msgs/px4_msgs/msg/detail/prec_land_status__rosidl_typesupport_fastrtps_cpp.hpp\n'}
[2.003958] (px4_msgs) StdoutLine: {'line': b'-- Up-to-date symlink: /home/maxim/super_ws/install/px4_msgs/include/px4_msgs/px4_msgs/msg/detail/pure_pursuit_status__rosidl_typesupport_fastrtps_cpp.hpp\n'}
[2.004029] (px4_msgs) StdoutLine: {'line': b'-- Up-to-date symlink: /home/maxim/super_ws/install/px4_msgs/include/px4_msgs/px4_msgs/msg/detail/pwm_input__rosidl_typesupport_fastrtps_cpp.hpp\n'}
[2.004101] (px4_msgs) StdoutLine: {'line': b'-- Up-to-date symlink: /home/maxim/super_ws/install/px4_msgs/include/px4_msgs/px4_msgs/msg/detail/px4io_status__rosidl_typesupport_fastrtps_cpp.hpp\n'}
[2.004173] (px4_msgs) StdoutLine: {'line': b'-- Up-to-date symlink: /home/maxim/super_ws/install/px4_msgs/include/px4_msgs/px4_msgs/msg/detail/qshell_req__rosidl_typesupport_fastrtps_cpp.hpp\n'}
[2.004246] (px4_msgs) StdoutLine: {'line': b'-- Up-to-date symlink: /home/maxim/super_ws/install/px4_msgs/include/px4_msgs/px4_msgs/msg/detail/qshell_retval__rosidl_typesupport_fastrtps_cpp.hpp\n'}
[2.004323] (px4_msgs) StdoutLine: {'line': b'-- Up-to-date symlink: /home/maxim/super_ws/install/px4_msgs/include/px4_msgs/px4_msgs/msg/detail/radio_status__rosidl_typesupport_fastrtps_cpp.hpp\n'}
[2.004401] (px4_msgs) StdoutLine: {'line': b'-- Up-to-date symlink: /home/maxim/super_ws/install/px4_msgs/include/px4_msgs/px4_msgs/msg/detail/ranging_beacon__rosidl_typesupport_fastrtps_cpp.hpp\n'}
[2.004478] (px4_msgs) StdoutLine: {'line': b'-- Up-to-date symlink: /home/maxim/super_ws/install/px4_msgs/include/px4_msgs/px4_msgs/msg/detail/raptor_input__rosidl_typesupport_fastrtps_cpp.hpp\n'}
[2.004555] (px4_msgs) StdoutLine: {'line': b'-- Up-to-date symlink: /home/maxim/super_ws/install/px4_msgs/include/px4_msgs/px4_msgs/msg/detail/raptor_status__rosidl_typesupport_fastrtps_cpp.hpp\n'}
[2.004633] (px4_msgs) StdoutLine: {'line': b'-- Up-to-date symlink: /home/maxim/super_ws/install/px4_msgs/include/px4_msgs/px4_msgs/msg/detail/rate_ctrl_status__rosidl_typesupport_fastrtps_cpp.hpp\n'}
[2.004727] (px4_msgs) StdoutLine: {'line': b'-- Up-to-date symlink: /home/maxim/super_ws/install/px4_msgs/include/px4_msgs/px4_msgs/msg/detail/rc_channels__rosidl_typesupport_fastrtps_cpp.hpp\n'}
[2.004800] (px4_msgs) StdoutLine: {'line': b'-- Up-to-date symlink: /home/maxim/super_ws/install/px4_msgs/include/px4_msgs/px4_msgs/msg/detail/rc_parameter_map__rosidl_typesupport_fastrtps_cpp.hpp\n'}
[2.004870] (px4_msgs) StdoutLine: {'line': b'-- Up-to-date symlink: /home/maxim/super_ws/install/px4_msgs/include/px4_msgs/px4_msgs/msg/detail/register_ext_component_reply__rosidl_typesupport_fastrtps_cpp.hpp\n'}
[2.004949] (px4_msgs) StdoutLine: {'line': b'-- Up-to-date symlink: /home/maxim/super_ws/install/px4_msgs/include/px4_msgs/px4_msgs/msg/detail/register_ext_component_request__rosidl_typesupport_fastrtps_cpp.hpp\n'}
[2.005027] (px4_msgs) StdoutLine: {'line': b'-- Up-to-date symlink: /home/maxim/super_ws/install/px4_msgs/include/px4_msgs/px4_msgs/msg/detail/rover_attitude_setpoint__rosidl_typesupport_fastrtps_cpp.hpp\n'}
[2.005106] (px4_msgs) StdoutLine: {'line': b'-- Up-to-date symlink: /home/maxim/super_ws/install/px4_msgs/include/px4_msgs/px4_msgs/msg/detail/rover_attitude_status__rosidl_typesupport_fastrtps_cpp.hpp\n'}
[2.005182] (px4_msgs) StdoutLine: {'line': b'-- Up-to-date symlink: /home/maxim/super_ws/install/px4_msgs/include/px4_msgs/px4_msgs/msg/detail/rover_position_setpoint__rosidl_typesupport_fastrtps_cpp.hpp\n'}
[2.005265] (px4_msgs) StdoutLine: {'line': b'-- Up-to-date symlink: /home/maxim/super_ws/install/px4_msgs/include/px4_msgs/px4_msgs/msg/detail/rover_rate_setpoint__rosidl_typesupport_fastrtps_cpp.hpp\n'}
[2.005337] (px4_msgs) StdoutLine: {'line': b'-- Up-to-date symlink: /home/maxim/super_ws/install/px4_msgs/include/px4_msgs/px4_msgs/msg/detail/rover_rate_status__rosidl_typesupport_fastrtps_cpp.hpp\n'}
[2.005414] (px4_msgs) StdoutLine: {'line': b'-- Up-to-date symlink: /home/maxim/super_ws/install/px4_msgs/include/px4_msgs/px4_msgs/msg/detail/rover_speed_setpoint__rosidl_typesupport_fastrtps_cpp.hpp\n'}
[2.005491] (px4_msgs) StdoutLine: {'line': b'-- Up-to-date symlink: /home/maxim/super_ws/install/px4_msgs/include/px4_msgs/px4_msgs/msg/detail/rover_speed_status__rosidl_typesupport_fastrtps_cpp.hpp\n'}
[2.005568] (px4_msgs) StdoutLine: {'line': b'-- Up-to-date symlink: /home/maxim/super_ws/install/px4_msgs/include/px4_msgs/px4_msgs/msg/detail/rover_steering_setpoint__rosidl_typesupport_fastrtps_cpp.hpp\n'}
[2.005651] (px4_msgs) StdoutLine: {'line': b'-- Up-to-date symlink: /home/maxim/super_ws/install/px4_msgs/include/px4_msgs/px4_msgs/msg/detail/rover_throttle_setpoint__rosidl_typesupport_fastrtps_cpp.hpp\n'}
[2.005732] (px4_msgs) StdoutLine: {'line': b'-- Up-to-date symlink: /home/maxim/super_ws/install/px4_msgs/include/px4_msgs/px4_msgs/msg/detail/rpm__rosidl_typesupport_fastrtps_cpp.hpp\n'}
[2.005811] (px4_msgs) StdoutLine: {'line': b'-- Up-to-date symlink: /home/maxim/super_ws/install/px4_msgs/include/px4_msgs/px4_msgs/msg/detail/rtl_status__rosidl_typesupport_fastrtps_cpp.hpp\n'}
[2.005890] (px4_msgs) StdoutLine: {'line': b'-- Up-to-date symlink: /home/maxim/super_ws/install/px4_msgs/include/px4_msgs/px4_msgs/msg/detail/rtl_time_estimate__rosidl_typesupport_fastrtps_cpp.hpp\n'}
[2.005966] (px4_msgs) StdoutLine: {'line': b'-- Up-to-date symlink: /home/maxim/super_ws/install/px4_msgs/include/px4_msgs/px4_msgs/msg/detail/satellite_info__rosidl_typesupport_fastrtps_cpp.hpp\n'}
[2.006045] (px4_msgs) StdoutLine: {'line': b'-- Up-to-date symlink: /home/maxim/super_ws/install/px4_msgs/include/px4_msgs/px4_msgs/msg/detail/sensor_accel__rosidl_typesupport_fastrtps_cpp.hpp\n'}
[2.006120] (px4_msgs) StdoutLine: {'line': b'-- Up-to-date symlink: /home/maxim/super_ws/install/px4_msgs/include/px4_msgs/px4_msgs/msg/detail/sensor_accel_fifo__rosidl_typesupport_fastrtps_cpp.hpp\n'}
[2.006198] (px4_msgs) StdoutLine: {'line': b'-- Up-to-date symlink: /home/maxim/super_ws/install/px4_msgs/include/px4_msgs/px4_msgs/msg/detail/sensor_airflow__rosidl_typesupport_fastrtps_cpp.hpp\n'}
[2.006275] (px4_msgs) StdoutLine: {'line': b'-- Up-to-date symlink: /home/maxim/super_ws/install/px4_msgs/include/px4_msgs/px4_msgs/msg/detail/sensor_baro__rosidl_typesupport_fastrtps_cpp.hpp\n'}
[2.006352] (px4_msgs) StdoutLine: {'line': b'-- Up-to-date symlink: /home/maxim/super_ws/install/px4_msgs/include/px4_msgs/px4_msgs/msg/detail/sensor_combined__rosidl_typesupport_fastrtps_cpp.hpp\n'}
[2.006429] (px4_msgs) StdoutLine: {'line': b'-- Up-to-date symlink: /home/maxim/super_ws/install/px4_msgs/include/px4_msgs/px4_msgs/msg/detail/sensor_correction__rosidl_typesupport_fastrtps_cpp.hpp\n'}
[2.006506] (px4_msgs) StdoutLine: {'line': b'-- Up-to-date symlink: /home/maxim/super_ws/install/px4_msgs/include/px4_msgs/px4_msgs/msg/detail/sensor_gnss_relative__rosidl_typesupport_fastrtps_cpp.hpp\n'}
[2.006584] (px4_msgs) StdoutLine: {'line': b'-- Up-to-date symlink: /home/maxim/super_ws/install/px4_msgs/include/px4_msgs/px4_msgs/msg/detail/sensor_gnss_status__rosidl_typesupport_fastrtps_cpp.hpp\n'}
[2.006667] (px4_msgs) StdoutLine: {'line': b'-- Up-to-date symlink: /home/maxim/super_ws/install/px4_msgs/include/px4_msgs/px4_msgs/msg/detail/sensor_gps__rosidl_typesupport_fastrtps_cpp.hpp\n'}
[2.006745] (px4_msgs) StdoutLine: {'line': b'-- Up-to-date symlink: /home/maxim/super_ws/install/px4_msgs/include/px4_msgs/px4_msgs/msg/detail/sensor_gyro__rosidl_typesupport_fastrtps_cpp.hpp\n'}
[2.006823] (px4_msgs) StdoutLine: {'line': b'-- Up-to-date symlink: /home/maxim/super_ws/install/px4_msgs/include/px4_msgs/px4_msgs/msg/detail/sensor_gyro_fft__rosidl_typesupport_fastrtps_cpp.hpp\n'}
[2.006900] (px4_msgs) StdoutLine: {'line': b'-- Up-to-date symlink: /home/maxim/super_ws/install/px4_msgs/include/px4_msgs/px4_msgs/msg/detail/sensor_gyro_fifo__rosidl_typesupport_fastrtps_cpp.hpp\n'}
[2.006977] (px4_msgs) StdoutLine: {'line': b'-- Up-to-date symlink: /home/maxim/super_ws/install/px4_msgs/include/px4_msgs/px4_msgs/msg/detail/sensor_hygrometer__rosidl_typesupport_fastrtps_cpp.hpp\n'}
[2.007056] (px4_msgs) StdoutLine: {'line': b'-- Up-to-date symlink: /home/maxim/super_ws/install/px4_msgs/include/px4_msgs/px4_msgs/msg/detail/sensor_mag__rosidl_typesupport_fastrtps_cpp.hpp\n'}
[2.007135] (px4_msgs) StdoutLine: {'line': b'-- Up-to-date symlink: /home/maxim/super_ws/install/px4_msgs/include/px4_msgs/px4_msgs/msg/detail/sensor_optical_flow__rosidl_typesupport_fastrtps_cpp.hpp\n'}
[2.007212] (px4_msgs) StdoutLine: {'line': b'-- Up-to-date symlink: /home/maxim/super_ws/install/px4_msgs/include/px4_msgs/px4_msgs/msg/detail/sensor_preflight_mag__rosidl_typesupport_fastrtps_cpp.hpp\n'}
[2.007291] (px4_msgs) StdoutLine: {'line': b'-- Up-to-date symlink: /home/maxim/super_ws/install/px4_msgs/include/px4_msgs/px4_msgs/msg/detail/sensor_selection__rosidl_typesupport_fastrtps_cpp.hpp\n'}
[2.007367] (px4_msgs) StdoutLine: {'line': b'-- Up-to-date symlink: /home/maxim/super_ws/install/px4_msgs/include/px4_msgs/px4_msgs/msg/detail/sensor_temp__rosidl_typesupport_fastrtps_cpp.hpp\n'}
[2.007446] (px4_msgs) StdoutLine: {'line': b'-- Up-to-date symlink: /home/maxim/super_ws/install/px4_msgs/include/px4_msgs/px4_msgs/msg/detail/sensor_uwb__rosidl_typesupport_fastrtps_cpp.hpp\n'}
[2.007524] (px4_msgs) StdoutLine: {'line': b'-- Up-to-date symlink: /home/maxim/super_ws/install/px4_msgs/include/px4_msgs/px4_msgs/msg/detail/sensors_status__rosidl_typesupport_fastrtps_cpp.hpp\n'}
[2.007602] (px4_msgs) StdoutLine: {'line': b'-- Up-to-date symlink: /home/maxim/super_ws/install/px4_msgs/include/px4_msgs/px4_msgs/msg/detail/sensors_status_imu__rosidl_typesupport_fastrtps_cpp.hpp\n'}
[2.007718] (px4_msgs) StdoutLine: {'line': b'-- Up-to-date symlink: /home/maxim/super_ws/install/px4_msgs/include/px4_msgs/px4_msgs/msg/detail/system_power__rosidl_typesupport_fastrtps_cpp.hpp\n'}
[2.007882] (px4_msgs) StdoutLine: {'line': b'-- Up-to-date symlink: /home/maxim/super_ws/install/px4_msgs/include/px4_msgs/px4_msgs/msg/detail/takeoff_status__rosidl_typesupport_fastrtps_cpp.hpp\n'}
[2.008035] (px4_msgs) StdoutLine: {'line': b'-- Up-to-date symlink: /home/maxim/super_ws/install/px4_msgs/include/px4_msgs/px4_msgs/msg/detail/target_gnss__rosidl_typesupport_fastrtps_cpp.hpp\n'}
[2.008185] (px4_msgs) StdoutLine: {'line': b'-- Up-to-date symlink: /home/maxim/super_ws/install/px4_msgs/include/px4_msgs/px4_msgs/msg/detail/task_stack_info__rosidl_typesupport_fastrtps_cpp.hpp\n'}
[2.008286] (px4_msgs) StdoutLine: {'line': b'-- Up-to-date symlink: /home/maxim/super_ws/install/px4_msgs/include/px4_msgs/px4_msgs/msg/detail/tecs_status__rosidl_typesupport_fastrtps_cpp.hpp\n'}
[2.008371] (px4_msgs) StdoutLine: {'line': b'-- Up-to-date symlink: /home/maxim/super_ws/install/px4_msgs/include/px4_msgs/px4_msgs/msg/detail/telemetry_status__rosidl_typesupport_fastrtps_cpp.hpp\n'}
[2.008451] (px4_msgs) StdoutLine: {'line': b'-- Up-to-date symlink: /home/maxim/super_ws/install/px4_msgs/include/px4_msgs/px4_msgs/msg/detail/tiltrotor_extra_controls__rosidl_typesupport_fastrtps_cpp.hpp\n'}
[2.008514] (px4_msgs) StdoutLine: {'line': b'-- Up-to-date symlink: /home/maxim/super_ws/install/px4_msgs/include/px4_msgs/px4_msgs/msg/detail/timesync_status__rosidl_typesupport_fastrtps_cpp.hpp\n'}
[2.008597] (px4_msgs) StdoutLine: {'line': b'-- Up-to-date symlink: /home/maxim/super_ws/install/px4_msgs/include/px4_msgs/px4_msgs/msg/detail/trajectory_setpoint6dof__rosidl_typesupport_fastrtps_cpp.hpp\n'}
[2.008663] (px4_msgs) StdoutLine: {'line': b'-- Up-to-date symlink: /home/maxim/super_ws/install/px4_msgs/include/px4_msgs/px4_msgs/msg/detail/trajectory_setpoint__rosidl_typesupport_fastrtps_cpp.hpp\n'}
[2.008731] (px4_msgs) StdoutLine: {'line': b'-- Up-to-date symlink: /home/maxim/super_ws/install/px4_msgs/include/px4_msgs/px4_msgs/msg/detail/transponder_report__rosidl_typesupport_fastrtps_cpp.hpp\n'}
[2.008812] (px4_msgs) StdoutLine: {'line': b'-- Up-to-date symlink: /home/maxim/super_ws/install/px4_msgs/include/px4_msgs/px4_msgs/msg/detail/tune_control__rosidl_typesupport_fastrtps_cpp.hpp\n'}
[2.008882] (px4_msgs) StdoutLine: {'line': b'-- Up-to-date symlink: /home/maxim/super_ws/install/px4_msgs/include/px4_msgs/px4_msgs/msg/detail/uavcan_parameter_request__rosidl_typesupport_fastrtps_cpp.hpp\n'}
[2.008942] (px4_msgs) StdoutLine: {'line': b'-- Up-to-date symlink: /home/maxim/super_ws/install/px4_msgs/include/px4_msgs/px4_msgs/msg/detail/uavcan_parameter_value__rosidl_typesupport_fastrtps_cpp.hpp\n'}
[2.009015] (px4_msgs) StdoutLine: {'line': b'-- Up-to-date symlink: /home/maxim/super_ws/install/px4_msgs/include/px4_msgs/px4_msgs/msg/detail/ulog_stream__rosidl_typesupport_fastrtps_cpp.hpp\n'}
[2.009085] (px4_msgs) StdoutLine: {'line': b'-- Up-to-date symlink: /home/maxim/super_ws/install/px4_msgs/include/px4_msgs/px4_msgs/msg/detail/ulog_stream_ack__rosidl_typesupport_fastrtps_cpp.hpp\n'}
[2.009156] (px4_msgs) StdoutLine: {'line': b'-- Up-to-date symlink: /home/maxim/super_ws/install/px4_msgs/include/px4_msgs/px4_msgs/msg/detail/unregister_ext_component__rosidl_typesupport_fastrtps_cpp.hpp\n'}
[2.009234] (px4_msgs) StdoutLine: {'line': b'-- Up-to-date symlink: /home/maxim/super_ws/install/px4_msgs/include/px4_msgs/px4_msgs/msg/detail/vehicle_acceleration__rosidl_typesupport_fastrtps_cpp.hpp\n'}
[2.009311] (px4_msgs) StdoutLine: {'line': b'-- Up-to-date symlink: /home/maxim/super_ws/install/px4_msgs/include/px4_msgs/px4_msgs/msg/detail/vehicle_air_data__rosidl_typesupport_fastrtps_cpp.hpp\n'}
[2.009388] (px4_msgs) StdoutLine: {'line': b'-- Up-to-date symlink: /home/maxim/super_ws/install/px4_msgs/include/px4_msgs/px4_msgs/msg/detail/vehicle_angular_acceleration_setpoint__rosidl_typesupport_fastrtps_cpp.hpp\n'}
[2.009453] (px4_msgs) StdoutLine: {'line': b'-- Up-to-date symlink: /home/maxim/super_ws/install/px4_msgs/include/px4_msgs/px4_msgs/msg/detail/vehicle_angular_velocity__rosidl_typesupport_fastrtps_cpp.hpp\n'}
[2.009513] (px4_msgs) StdoutLine: {'line': b'-- Up-to-date symlink: /home/maxim/super_ws/install/px4_msgs/include/px4_msgs/px4_msgs/msg/detail/vehicle_attitude__rosidl_typesupport_fastrtps_cpp.hpp\n'}
[2.009599] (px4_msgs) StdoutLine: {'line': b'-- Up-to-date symlink: /home/maxim/super_ws/install/px4_msgs/include/px4_msgs/px4_msgs/msg/detail/vehicle_attitude_setpoint__rosidl_typesupport_fastrtps_cpp.hpp\n'}
[2.009679] (px4_msgs) StdoutLine: {'line': b'-- Up-to-date symlink: /home/maxim/super_ws/install/px4_msgs/include/px4_msgs/px4_msgs/msg/detail/vehicle_command__rosidl_typesupport_fastrtps_cpp.hpp\n'}
[2.009748] (px4_msgs) StdoutLine: {'line': b'-- Up-to-date symlink: /home/maxim/super_ws/install/px4_msgs/include/px4_msgs/px4_msgs/msg/detail/vehicle_command_ack__rosidl_typesupport_fastrtps_cpp.hpp\n'}
[2.009809] (px4_msgs) StdoutLine: {'line': b'-- Up-to-date symlink: /home/maxim/super_ws/install/px4_msgs/include/px4_msgs/px4_msgs/msg/detail/vehicle_constraints__rosidl_typesupport_fastrtps_cpp.hpp\n'}
[2.009880] (px4_msgs) StdoutLine: {'line': b'-- Up-to-date symlink: /home/maxim/super_ws/install/px4_msgs/include/px4_msgs/px4_msgs/msg/detail/vehicle_control_mode__rosidl_typesupport_fastrtps_cpp.hpp\n'}
[2.009951] (px4_msgs) StdoutLine: {'line': b'-- Up-to-date symlink: /home/maxim/super_ws/install/px4_msgs/include/px4_msgs/px4_msgs/msg/detail/vehicle_global_position__rosidl_typesupport_fastrtps_cpp.hpp\n'}
[2.010020] (px4_msgs) StdoutLine: {'line': b'-- Up-to-date symlink: /home/maxim/super_ws/install/px4_msgs/include/px4_msgs/px4_msgs/msg/detail/vehicle_imu__rosidl_typesupport_fastrtps_cpp.hpp\n'}
[2.010087] (px4_msgs) StdoutLine: {'line': b'-- Up-to-date symlink: /home/maxim/super_ws/install/px4_msgs/include/px4_msgs/px4_msgs/msg/detail/vehicle_imu_status__rosidl_typesupport_fastrtps_cpp.hpp\n'}
[2.010162] (px4_msgs) StdoutLine: {'line': b'-- Up-to-date symlink: /home/maxim/super_ws/install/px4_msgs/include/px4_msgs/px4_msgs/msg/detail/vehicle_land_detected__rosidl_typesupport_fastrtps_cpp.hpp\n'}
[2.010231] (px4_msgs) StdoutLine: {'line': b'-- Up-to-date symlink: /home/maxim/super_ws/install/px4_msgs/include/px4_msgs/px4_msgs/msg/detail/vehicle_local_position__rosidl_typesupport_fastrtps_cpp.hpp\n'}
[2.010290] (px4_msgs) StdoutLine: {'line': b'-- Up-to-date symlink: /home/maxim/super_ws/install/px4_msgs/include/px4_msgs/px4_msgs/msg/detail/vehicle_local_position_setpoint__rosidl_typesupport_fastrtps_cpp.hpp\n'}
[2.010367] (px4_msgs) StdoutLine: {'line': b'-- Up-to-date symlink: /home/maxim/super_ws/install/px4_msgs/include/px4_msgs/px4_msgs/msg/detail/vehicle_magnetometer__rosidl_typesupport_fastrtps_cpp.hpp\n'}
[2.010428] (px4_msgs) StdoutLine: {'line': b'-- Up-to-date symlink: /home/maxim/super_ws/install/px4_msgs/include/px4_msgs/px4_msgs/msg/detail/vehicle_odometry__rosidl_typesupport_fastrtps_cpp.hpp\n'}
[2.010499] (px4_msgs) StdoutLine: {'line': b'-- Up-to-date symlink: /home/maxim/super_ws/install/px4_msgs/include/px4_msgs/px4_msgs/msg/detail/vehicle_optical_flow__rosidl_typesupport_fastrtps_cpp.hpp\n'}
[2.010570] (px4_msgs) StdoutLine: {'line': b'-- Up-to-date symlink: /home/maxim/super_ws/install/px4_msgs/include/px4_msgs/px4_msgs/msg/detail/vehicle_optical_flow_vel__rosidl_typesupport_fastrtps_cpp.hpp\n'}
[2.010645] (px4_msgs) StdoutLine: {'line': b'-- Up-to-date symlink: /home/maxim/super_ws/install/px4_msgs/include/px4_msgs/px4_msgs/msg/detail/vehicle_rates_setpoint__rosidl_typesupport_fastrtps_cpp.hpp\n'}
[2.010732] (px4_msgs) StdoutLine: {'line': b'-- Up-to-date symlink: /home/maxim/super_ws/install/px4_msgs/include/px4_msgs/px4_msgs/msg/detail/vehicle_roi__rosidl_typesupport_fastrtps_cpp.hpp\n'}
[2.010819] (px4_msgs) StdoutLine: {'line': b'-- Up-to-date symlink: /home/maxim/super_ws/install/px4_msgs/include/px4_msgs/px4_msgs/msg/detail/vehicle_status__rosidl_typesupport_fastrtps_cpp.hpp\n'}
[2.010891] (px4_msgs) StdoutLine: {'line': b'-- Up-to-date symlink: /home/maxim/super_ws/install/px4_msgs/include/px4_msgs/px4_msgs/msg/detail/vehicle_thrust_setpoint__rosidl_typesupport_fastrtps_cpp.hpp\n'}
[2.010962] (px4_msgs) StdoutLine: {'line': b'-- Up-to-date symlink: /home/maxim/super_ws/install/px4_msgs/include/px4_msgs/px4_msgs/msg/detail/vehicle_torque_setpoint__rosidl_typesupport_fastrtps_cpp.hpp\n'}
[2.011036] (px4_msgs) StdoutLine: {'line': b'-- Up-to-date symlink: /home/maxim/super_ws/install/px4_msgs/include/px4_msgs/px4_msgs/msg/detail/velocity_limits__rosidl_typesupport_fastrtps_cpp.hpp\n'}
[2.011107] (px4_msgs) StdoutLine: {'line': b'-- Up-to-date symlink: /home/maxim/super_ws/install/px4_msgs/include/px4_msgs/px4_msgs/msg/detail/vte_aid_source1d__rosidl_typesupport_fastrtps_cpp.hpp\n'}
[2.011177] (px4_msgs) StdoutLine: {'line': b'-- Up-to-date symlink: /home/maxim/super_ws/install/px4_msgs/include/px4_msgs/px4_msgs/msg/detail/vte_aid_source3d__rosidl_typesupport_fastrtps_cpp.hpp\n'}
[2.011246] (px4_msgs) StdoutLine: {'line': b'-- Up-to-date symlink: /home/maxim/super_ws/install/px4_msgs/include/px4_msgs/px4_msgs/msg/detail/vte_bias_init_status__rosidl_typesupport_fastrtps_cpp.hpp\n'}
[2.011317] (px4_msgs) StdoutLine: {'line': b'-- Up-to-date symlink: /home/maxim/super_ws/install/px4_msgs/include/px4_msgs/px4_msgs/msg/detail/vte_input__rosidl_typesupport_fastrtps_cpp.hpp\n'}
[2.011386] (px4_msgs) StdoutLine: {'line': b'-- Up-to-date symlink: /home/maxim/super_ws/install/px4_msgs/include/px4_msgs/px4_msgs/msg/detail/vte_orientation__rosidl_typesupport_fastrtps_cpp.hpp\n'}
[2.011458] (px4_msgs) StdoutLine: {'line': b'-- Up-to-date symlink: /home/maxim/super_ws/install/px4_msgs/include/px4_msgs/px4_msgs/msg/detail/vte_position__rosidl_typesupport_fastrtps_cpp.hpp\n'}
[2.011539] (px4_msgs) StdoutLine: {'line': b'-- Up-to-date symlink: /home/maxim/super_ws/install/px4_msgs/include/px4_msgs/px4_msgs/msg/detail/vtol_vehicle_status__rosidl_typesupport_fastrtps_cpp.hpp\n'}
[2.011616] (px4_msgs) StdoutLine: {'line': b'-- Up-to-date symlink: /home/maxim/super_ws/install/px4_msgs/include/px4_msgs/px4_msgs/msg/detail/vtx__rosidl_typesupport_fastrtps_cpp.hpp\n'}
[2.011694] (px4_msgs) StdoutLine: {'line': b'-- Up-to-date symlink: /home/maxim/super_ws/install/px4_msgs/include/px4_msgs/px4_msgs/msg/detail/wheel_encoders__rosidl_typesupport_fastrtps_cpp.hpp\n'}
[2.011773] (px4_msgs) StdoutLine: {'line': b'-- Up-to-date symlink: /home/maxim/super_ws/install/px4_msgs/include/px4_msgs/px4_msgs/msg/detail/wind__rosidl_typesupport_fastrtps_cpp.hpp\n'}
[2.011849] (px4_msgs) StdoutLine: {'line': b'-- Up-to-date symlink: /home/maxim/super_ws/install/px4_msgs/include/px4_msgs/px4_msgs/msg/detail/yaw_estimator_status__rosidl_typesupport_fastrtps_cpp.hpp\n'}
[2.011926] (px4_msgs) StdoutLine: {'line': b'-- Up-to-date symlink: /home/maxim/super_ws/install/px4_msgs/include/px4_msgs/px4_msgs/msg/rosidl_typesupport_fastrtps_cpp__visibility_control.h\n'}
[2.012005] (px4_msgs) StdoutLine: {'line': b'-- Up-to-date symlink: /home/maxim/super_ws/install/px4_msgs/include/px4_msgs/px4_msgs/srv/detail/vehicle_command__rosidl_typesupport_fastrtps_cpp.hpp\n'}
[2.014532] (px4_msgs) StdoutLine: {'line': b'-- Up-to-date symlink: /home/maxim/super_ws/install/px4_msgs/include/px4_msgs/px4_msgs/msg/detail/action_request__rosidl_typesupport_introspection_c.h\n'}
[2.014632] (px4_msgs) StdoutLine: {'line': b'-- Up-to-date symlink: /home/maxim/super_ws/install/px4_msgs/include/px4_msgs/px4_msgs/msg/detail/actuator_armed__rosidl_typesupport_introspection_c.h\n'}
[2.014726] (px4_msgs) StdoutLine: {'line': b'-- Up-to-date symlink: /home/maxim/super_ws/install/px4_msgs/include/px4_msgs/px4_msgs/msg/detail/actuator_controls_status__rosidl_typesupport_introspection_c.h\n'}
[2.014811] (px4_msgs) StdoutLine: {'line': b'-- Up-to-date symlink: /home/maxim/super_ws/install/px4_msgs/include/px4_msgs/px4_msgs/msg/detail/actuator_motors__rosidl_typesupport_introspection_c.h\n'}
[2.014896] (px4_msgs) StdoutLine: {'line': b'-- Up-to-date symlink: /home/maxim/super_ws/install/px4_msgs/include/px4_msgs/px4_msgs/msg/detail/actuator_outputs__rosidl_typesupport_introspection_c.h\n'}
[2.014960] (px4_msgs) StdoutLine: {'line': b'-- Up-to-date symlink: /home/maxim/super_ws/install/px4_msgs/include/px4_msgs/px4_msgs/msg/detail/actuator_servos__rosidl_typesupport_introspection_c.h\n'}
[2.015037] (px4_msgs) StdoutLine: {'line': b'-- Up-to-date symlink: /home/maxim/super_ws/install/px4_msgs/include/px4_msgs/px4_msgs/msg/detail/actuator_servos_trim__rosidl_typesupport_introspection_c.h\n'}
[2.015202] (px4_msgs) StdoutLine: {'line': b'-- Up-to-date symlink: /home/maxim/super_ws/install/px4_msgs/include/px4_msgs/px4_msgs/msg/detail/actuator_test__rosidl_typesupport_introspection_c.h\n'}
[2.015311] (px4_msgs) StdoutLine: {'line': b'-- Up-to-date symlink: /home/maxim/super_ws/install/px4_msgs/include/px4_msgs/px4_msgs/msg/detail/adc_report__rosidl_typesupport_introspection_c.h\n'}
[2.015391] (px4_msgs) StdoutLine: {'line': b'-- Up-to-date symlink: /home/maxim/super_ws/install/px4_msgs/include/px4_msgs/px4_msgs/msg/detail/airspeed__rosidl_typesupport_introspection_c.h\n'}
[2.015468] (px4_msgs) StdoutLine: {'line': b'-- Up-to-date symlink: /home/maxim/super_ws/install/px4_msgs/include/px4_msgs/px4_msgs/msg/detail/airspeed_validated__rosidl_typesupport_introspection_c.h\n'}
[2.015541] (px4_msgs) StdoutLine: {'line': b'-- Up-to-date symlink: /home/maxim/super_ws/install/px4_msgs/include/px4_msgs/px4_msgs/msg/detail/airspeed_wind__rosidl_typesupport_introspection_c.h\n'}
[2.015608] (px4_msgs) StdoutLine: {'line': b'-- Up-to-date symlink: /home/maxim/super_ws/install/px4_msgs/include/px4_msgs/px4_msgs/msg/detail/arming_check_reply__rosidl_typesupport_introspection_c.h\n'}
[2.015683] (px4_msgs) StdoutLine: {'line': b'-- Up-to-date symlink: /home/maxim/super_ws/install/px4_msgs/include/px4_msgs/px4_msgs/msg/detail/arming_check_request__rosidl_typesupport_introspection_c.h\n'}
[2.015748] (px4_msgs) StdoutLine: {'line': b'-- Up-to-date symlink: /home/maxim/super_ws/install/px4_msgs/include/px4_msgs/px4_msgs/msg/detail/autotune_attitude_control_status__rosidl_typesupport_introspection_c.h\n'}
[2.015822] (px4_msgs) StdoutLine: {'line': b'-- Up-to-date symlink: /home/maxim/super_ws/install/px4_msgs/include/px4_msgs/px4_msgs/msg/detail/aux_global_position__rosidl_typesupport_introspection_c.h\n'}
[2.015892] (px4_msgs) StdoutLine: {'line': b'-- Up-to-date symlink: /home/maxim/super_ws/install/px4_msgs/include/px4_msgs/px4_msgs/msg/detail/battery_info__rosidl_typesupport_introspection_c.h\n'}
[2.015957] (px4_msgs) StdoutLine: {'line': b'-- Up-to-date symlink: /home/maxim/super_ws/install/px4_msgs/include/px4_msgs/px4_msgs/msg/detail/battery_status__rosidl_typesupport_introspection_c.h\n'}
[2.016029] (px4_msgs) StdoutLine: {'line': b'-- Up-to-date symlink: /home/maxim/super_ws/install/px4_msgs/include/px4_msgs/px4_msgs/msg/detail/button_event__rosidl_typesupport_introspection_c.h\n'}
[2.016088] (px4_msgs) StdoutLine: {'line': b'-- Up-to-date symlink: /home/maxim/super_ws/install/px4_msgs/include/px4_msgs/px4_msgs/msg/detail/camera_capture__rosidl_typesupport_introspection_c.h\n'}
[2.016169] (px4_msgs) StdoutLine: {'line': b'-- Up-to-date symlink: /home/maxim/super_ws/install/px4_msgs/include/px4_msgs/px4_msgs/msg/detail/camera_status__rosidl_typesupport_introspection_c.h\n'}
[2.016236] (px4_msgs) StdoutLine: {'line': b'-- Up-to-date symlink: /home/maxim/super_ws/install/px4_msgs/include/px4_msgs/px4_msgs/msg/detail/camera_trigger__rosidl_typesupport_introspection_c.h\n'}
[2.016296] (px4_msgs) StdoutLine: {'line': b'-- Up-to-date symlink: /home/maxim/super_ws/install/px4_msgs/include/px4_msgs/px4_msgs/msg/detail/can_interface_status__rosidl_typesupport_introspection_c.h\n'}
[2.016396] (px4_msgs) StdoutLine: {'line': b'-- Up-to-date symlink: /home/maxim/super_ws/install/px4_msgs/include/px4_msgs/px4_msgs/msg/detail/cellular_status__rosidl_typesupport_introspection_c.h\n'}
[2.016488] (px4_msgs) StdoutLine: {'line': b'-- Up-to-date symlink: /home/maxim/super_ws/install/px4_msgs/include/px4_msgs/px4_msgs/msg/detail/collision_constraints__rosidl_typesupport_introspection_c.h\n'}
[2.016550] (px4_msgs) StdoutLine: {'line': b'-- Up-to-date symlink: /home/maxim/super_ws/install/px4_msgs/include/px4_msgs/px4_msgs/msg/detail/config_overrides__rosidl_typesupport_introspection_c.h\n'}
[2.016632] (px4_msgs) StdoutLine: {'line': b'-- Up-to-date symlink: /home/maxim/super_ws/install/px4_msgs/include/px4_msgs/px4_msgs/msg/detail/control_allocator_status__rosidl_typesupport_introspection_c.h\n'}
[2.016696] (px4_msgs) StdoutLine: {'line': b'-- Up-to-date symlink: /home/maxim/super_ws/install/px4_msgs/include/px4_msgs/px4_msgs/msg/detail/cpuload__rosidl_typesupport_introspection_c.h\n'}
[2.016764] (px4_msgs) StdoutLine: {'line': b'-- Up-to-date symlink: /home/maxim/super_ws/install/px4_msgs/include/px4_msgs/px4_msgs/msg/detail/dataman_request__rosidl_typesupport_introspection_c.h\n'}
[2.016833] (px4_msgs) StdoutLine: {'line': b'-- Up-to-date symlink: /home/maxim/super_ws/install/px4_msgs/include/px4_msgs/px4_msgs/msg/detail/dataman_response__rosidl_typesupport_introspection_c.h\n'}
[2.016913] (px4_msgs) StdoutLine: {'line': b'-- Up-to-date symlink: /home/maxim/super_ws/install/px4_msgs/include/px4_msgs/px4_msgs/msg/detail/debug_array__rosidl_typesupport_introspection_c.h\n'}
[2.017032] (px4_msgs) StdoutLine: {'line': b'-- Up-to-date symlink: /home/maxim/super_ws/install/px4_msgs/include/px4_msgs/px4_msgs/msg/detail/debug_key_value__rosidl_typesupport_introspection_c.h\n'}
[2.017117] (px4_msgs) StdoutLine: {'line': b'-- Up-to-date symlink: /home/maxim/super_ws/install/px4_msgs/include/px4_msgs/px4_msgs/msg/detail/debug_value__rosidl_typesupport_introspection_c.h\n'}
[2.017186] (px4_msgs) StdoutLine: {'line': b'-- Up-to-date symlink: /home/maxim/super_ws/install/px4_msgs/include/px4_msgs/px4_msgs/msg/detail/debug_vect__rosidl_typesupport_introspection_c.h\n'}
[2.017245] (px4_msgs) StdoutLine: {'line': b'-- Up-to-date symlink: /home/maxim/super_ws/install/px4_msgs/include/px4_msgs/px4_msgs/msg/detail/device_information__rosidl_typesupport_introspection_c.h\n'}
[2.017321] (px4_msgs) StdoutLine: {'line': b'-- Up-to-date symlink: /home/maxim/super_ws/install/px4_msgs/include/px4_msgs/px4_msgs/msg/detail/differential_pressure__rosidl_typesupport_introspection_c.h\n'}
[2.017390] (px4_msgs) StdoutLine: {'line': b'-- Up-to-date symlink: /home/maxim/super_ws/install/px4_msgs/include/px4_msgs/px4_msgs/msg/detail/distance_sensor__rosidl_typesupport_introspection_c.h\n'}
[2.017461] (px4_msgs) StdoutLine: {'line': b'-- Up-to-date symlink: /home/maxim/super_ws/install/px4_msgs/include/px4_msgs/px4_msgs/msg/detail/distance_sensor_mode_change_request__rosidl_typesupport_introspection_c.h\n'}
[2.017533] (px4_msgs) StdoutLine: {'line': b'-- Up-to-date symlink: /home/maxim/super_ws/install/px4_msgs/include/px4_msgs/px4_msgs/msg/detail/dronecan_node_status__rosidl_typesupport_introspection_c.h\n'}
[2.017602] (px4_msgs) StdoutLine: {'line': b'-- Up-to-date symlink: /home/maxim/super_ws/install/px4_msgs/include/px4_msgs/px4_msgs/msg/detail/ekf2_timestamps__rosidl_typesupport_introspection_c.h\n'}
[2.017674] (px4_msgs) StdoutLine: {'line': b'-- Up-to-date symlink: /home/maxim/super_ws/install/px4_msgs/include/px4_msgs/px4_msgs/msg/detail/esc_eeprom_read__rosidl_typesupport_introspection_c.h\n'}
[2.017756] (px4_msgs) StdoutLine: {'line': b'-- Up-to-date symlink: /home/maxim/super_ws/install/px4_msgs/include/px4_msgs/px4_msgs/msg/detail/esc_eeprom_write__rosidl_typesupport_introspection_c.h\n'}
[2.017858] (px4_msgs) StdoutLine: {'line': b'-- Up-to-date symlink: /home/maxim/super_ws/install/px4_msgs/include/px4_msgs/px4_msgs/msg/detail/esc_report__rosidl_typesupport_introspection_c.h\n'}
[2.017930] (px4_msgs) StdoutLine: {'line': b'-- Up-to-date symlink: /home/maxim/super_ws/install/px4_msgs/include/px4_msgs/px4_msgs/msg/detail/esc_status__rosidl_typesupport_introspection_c.h\n'}
[2.018002] (px4_msgs) StdoutLine: {'line': b'-- Up-to-date symlink: /home/maxim/super_ws/install/px4_msgs/include/px4_msgs/px4_msgs/msg/detail/estimator_aid_source1d__rosidl_typesupport_introspection_c.h\n'}
[2.018073] (px4_msgs) StdoutLine: {'line': b'-- Up-to-date symlink: /home/maxim/super_ws/install/px4_msgs/include/px4_msgs/px4_msgs/msg/detail/estimator_aid_source2d__rosidl_typesupport_introspection_c.h\n'}
[2.018144] (px4_msgs) StdoutLine: {'line': b'-- Up-to-date symlink: /home/maxim/super_ws/install/px4_msgs/include/px4_msgs/px4_msgs/msg/detail/estimator_aid_source3d__rosidl_typesupport_introspection_c.h\n'}
[2.018219] (px4_msgs) StdoutLine: {'line': b'-- Up-to-date symlink: /home/maxim/super_ws/install/px4_msgs/include/px4_msgs/px4_msgs/msg/detail/estimator_bias3d__rosidl_typesupport_introspection_c.h\n'}
[2.018289] (px4_msgs) StdoutLine: {'line': b'-- Up-to-date symlink: /home/maxim/super_ws/install/px4_msgs/include/px4_msgs/px4_msgs/msg/detail/estimator_bias__rosidl_typesupport_introspection_c.h\n'}
[2.018360] (px4_msgs) StdoutLine: {'line': b'-- Up-to-date symlink: /home/maxim/super_ws/install/px4_msgs/include/px4_msgs/px4_msgs/msg/detail/estimator_event_flags__rosidl_typesupport_introspection_c.h\n'}
[2.018465] (px4_msgs) StdoutLine: {'line': b'-- Up-to-date symlink: /home/maxim/super_ws/install/px4_msgs/include/px4_msgs/px4_msgs/msg/detail/estimator_fusion_control__rosidl_typesupport_introspection_c.h\n'}
[2.018537] (px4_msgs) StdoutLine: {'line': b'-- Up-to-date symlink: /home/maxim/super_ws/install/px4_msgs/include/px4_msgs/px4_msgs/msg/detail/estimator_gps_status__rosidl_typesupport_introspection_c.h\n'}
[2.018608] (px4_msgs) StdoutLine: {'line': b'-- Up-to-date symlink: /home/maxim/super_ws/install/px4_msgs/include/px4_msgs/px4_msgs/msg/detail/estimator_innovations__rosidl_typesupport_introspection_c.h\n'}
[2.018740] (px4_msgs) StdoutLine: {'line': b'-- Up-to-date symlink: /home/maxim/super_ws/install/px4_msgs/include/px4_msgs/px4_msgs/msg/detail/estimator_selector_status__rosidl_typesupport_introspection_c.h\n'}
[2.018818] (px4_msgs) StdoutLine: {'line': b'-- Up-to-date symlink: /home/maxim/super_ws/install/px4_msgs/include/px4_msgs/px4_msgs/msg/detail/estimator_sensor_bias__rosidl_typesupport_introspection_c.h\n'}
[2.018897] (px4_msgs) StdoutLine: {'line': b'-- Up-to-date symlink: /home/maxim/super_ws/install/px4_msgs/include/px4_msgs/px4_msgs/msg/detail/estimator_states__rosidl_typesupport_introspection_c.h\n'}
[2.018967] (px4_msgs) StdoutLine: {'line': b'-- Up-to-date symlink: /home/maxim/super_ws/install/px4_msgs/include/px4_msgs/px4_msgs/msg/detail/estimator_status__rosidl_typesupport_introspection_c.h\n'}
[2.019038] (px4_msgs) StdoutLine: {'line': b'-- Up-to-date symlink: /home/maxim/super_ws/install/px4_msgs/include/px4_msgs/px4_msgs/msg/detail/estimator_status_flags__rosidl_typesupport_introspection_c.h\n'}
[2.019108] (px4_msgs) StdoutLine: {'line': b'-- Up-to-date symlink: /home/maxim/super_ws/install/px4_msgs/include/px4_msgs/px4_msgs/msg/detail/event__rosidl_typesupport_introspection_c.h\n'}
[2.019181] (px4_msgs) StdoutLine: {'line': b'-- Up-to-date symlink: /home/maxim/super_ws/install/px4_msgs/include/px4_msgs/px4_msgs/msg/detail/failsafe_flags__rosidl_typesupport_introspection_c.h\n'}
[2.019257] (px4_msgs) StdoutLine: {'line': b'-- Up-to-date symlink: /home/maxim/super_ws/install/px4_msgs/include/px4_msgs/px4_msgs/msg/detail/failure_detector_status__rosidl_typesupport_introspection_c.h\n'}
[2.019330] (px4_msgs) StdoutLine: {'line': b'-- Up-to-date symlink: /home/maxim/super_ws/install/px4_msgs/include/px4_msgs/px4_msgs/msg/detail/fiducial_marker_pos_report__rosidl_typesupport_introspection_c.h\n'}
[2.019397] (px4_msgs) StdoutLine: {'line': b'-- Up-to-date symlink: /home/maxim/super_ws/install/px4_msgs/include/px4_msgs/px4_msgs/msg/detail/fiducial_marker_yaw_report__rosidl_typesupport_introspection_c.h\n'}
[2.019469] (px4_msgs) StdoutLine: {'line': b'-- Up-to-date symlink: /home/maxim/super_ws/install/px4_msgs/include/px4_msgs/px4_msgs/msg/detail/figure_eight_status__rosidl_typesupport_introspection_c.h\n'}
[2.019541] (px4_msgs) StdoutLine: {'line': b'-- Up-to-date symlink: /home/maxim/super_ws/install/px4_msgs/include/px4_msgs/px4_msgs/msg/detail/fixed_wing_lateral_guidance_status__rosidl_typesupport_introspection_c.h\n'}
[2.019616] (px4_msgs) StdoutLine: {'line': b'-- Up-to-date symlink: /home/maxim/super_ws/install/px4_msgs/include/px4_msgs/px4_msgs/msg/detail/fixed_wing_lateral_setpoint__rosidl_typesupport_introspection_c.h\n'}
[2.019737] (px4_msgs) StdoutLine: {'line': b'-- Up-to-date symlink: /home/maxim/super_ws/install/px4_msgs/include/px4_msgs/px4_msgs/msg/detail/fixed_wing_lateral_status__rosidl_typesupport_introspection_c.h\n'}
[2.019819] (px4_msgs) StdoutLine: {'line': b'-- Up-to-date symlink: /home/maxim/super_ws/install/px4_msgs/include/px4_msgs/px4_msgs/msg/detail/fixed_wing_longitudinal_setpoint__rosidl_typesupport_introspection_c.h\n'}
[2.019889] (px4_msgs) StdoutLine: {'line': b'-- Up-to-date symlink: /home/maxim/super_ws/install/px4_msgs/include/px4_msgs/px4_msgs/msg/detail/fixed_wing_runway_control__rosidl_typesupport_introspection_c.h\n'}
[2.019965] (px4_msgs) StdoutLine: {'line': b'-- Up-to-date symlink: /home/maxim/super_ws/install/px4_msgs/include/px4_msgs/px4_msgs/msg/detail/flight_phase_estimation__rosidl_typesupport_introspection_c.h\n'}
[2.020037] (px4_msgs) StdoutLine: {'line': b'-- Up-to-date symlink: /home/maxim/super_ws/install/px4_msgs/include/px4_msgs/px4_msgs/msg/detail/follow_target__rosidl_typesupport_introspection_c.h\n'}
[2.020110] (px4_msgs) StdoutLine: {'line': b'-- Up-to-date symlink: /home/maxim/super_ws/install/px4_msgs/include/px4_msgs/px4_msgs/msg/detail/follow_target_estimator__rosidl_typesupport_introspection_c.h\n'}
[2.020182] (px4_msgs) StdoutLine: {'line': b'-- Up-to-date symlink: /home/maxim/super_ws/install/px4_msgs/include/px4_msgs/px4_msgs/msg/detail/follow_target_status__rosidl_typesupport_introspection_c.h\n'}
[2.020263] (px4_msgs) StdoutLine: {'line': b'-- Up-to-date symlink: /home/maxim/super_ws/install/px4_msgs/include/px4_msgs/px4_msgs/msg/detail/fuel_tank_status__rosidl_typesupport_introspection_c.h\n'}
[2.020337] (px4_msgs) StdoutLine: {'line': b'-- Up-to-date symlink: /home/maxim/super_ws/install/px4_msgs/include/px4_msgs/px4_msgs/msg/detail/gain_compression__rosidl_typesupport_introspection_c.h\n'}
[2.020446] (px4_msgs) StdoutLine: {'line': b'-- Up-to-date symlink: /home/maxim/super_ws/install/px4_msgs/include/px4_msgs/px4_msgs/msg/detail/generator_status__rosidl_typesupport_introspection_c.h\n'}
[2.020518] (px4_msgs) StdoutLine: {'line': b'-- Up-to-date symlink: /home/maxim/super_ws/install/px4_msgs/include/px4_msgs/px4_msgs/msg/detail/geofence_result__rosidl_typesupport_introspection_c.h\n'}
[2.020590] (px4_msgs) StdoutLine: {'line': b'-- Up-to-date symlink: /home/maxim/super_ws/install/px4_msgs/include/px4_msgs/px4_msgs/msg/detail/geofence_status__rosidl_typesupport_introspection_c.h\n'}
[2.020669] (px4_msgs) StdoutLine: {'line': b'-- Up-to-date symlink: /home/maxim/super_ws/install/px4_msgs/include/px4_msgs/px4_msgs/msg/detail/gimbal_controls__rosidl_typesupport_introspection_c.h\n'}
[2.020742] (px4_msgs) StdoutLine: {'line': b'-- Up-to-date symlink: /home/maxim/super_ws/install/px4_msgs/include/px4_msgs/px4_msgs/msg/detail/gimbal_device_attitude_status__rosidl_typesupport_introspection_c.h\n'}
[2.020815] (px4_msgs) StdoutLine: {'line': b'-- Up-to-date symlink: /home/maxim/super_ws/install/px4_msgs/include/px4_msgs/px4_msgs/msg/detail/gimbal_device_information__rosidl_typesupport_introspection_c.h\n'}
[2.020884] (px4_msgs) StdoutLine: {'line': b'-- Up-to-date symlink: /home/maxim/super_ws/install/px4_msgs/include/px4_msgs/px4_msgs/msg/detail/gimbal_device_set_attitude__rosidl_typesupport_introspection_c.h\n'}
[2.020955] (px4_msgs) StdoutLine: {'line': b'-- Up-to-date symlink: /home/maxim/super_ws/install/px4_msgs/include/px4_msgs/px4_msgs/msg/detail/gimbal_manager_information__rosidl_typesupport_introspection_c.h\n'}
[2.021032] (px4_msgs) StdoutLine: {'line': b'-- Up-to-date symlink: /home/maxim/super_ws/install/px4_msgs/include/px4_msgs/px4_msgs/msg/detail/gimbal_manager_set_attitude__rosidl_typesupport_introspection_c.h\n'}
[2.021110] (px4_msgs) StdoutLine: {'line': b'-- Up-to-date symlink: /home/maxim/super_ws/install/px4_msgs/include/px4_msgs/px4_msgs/msg/detail/gimbal_manager_set_manual_control__rosidl_typesupport_introspection_c.h\n'}
[2.021198] (px4_msgs) StdoutLine: {'line': b'-- Up-to-date symlink: /home/maxim/super_ws/install/px4_msgs/include/px4_msgs/px4_msgs/msg/detail/gimbal_manager_status__rosidl_typesupport_introspection_c.h\n'}
[2.021341] (px4_msgs) StdoutLine: {'line': b'-- Up-to-date symlink: /home/maxim/super_ws/install/px4_msgs/include/px4_msgs/px4_msgs/msg/detail/goto_setpoint__rosidl_typesupport_introspection_c.h\n'}
[2.021427] (px4_msgs) StdoutLine: {'line': b'-- Up-to-date symlink: /home/maxim/super_ws/install/px4_msgs/include/px4_msgs/px4_msgs/msg/detail/gpio_config__rosidl_typesupport_introspection_c.h\n'}
[2.021510] (px4_msgs) StdoutLine: {'line': b'-- Up-to-date symlink: /home/maxim/super_ws/install/px4_msgs/include/px4_msgs/px4_msgs/msg/detail/gpio_in__rosidl_typesupport_introspection_c.h\n'}
[2.021593] (px4_msgs) StdoutLine: {'line': b'-- Up-to-date symlink: /home/maxim/super_ws/install/px4_msgs/include/px4_msgs/px4_msgs/msg/detail/gpio_out__rosidl_typesupport_introspection_c.h\n'}
[2.021659] (px4_msgs) StdoutLine: {'line': b'-- Up-to-date symlink: /home/maxim/super_ws/install/px4_msgs/include/px4_msgs/px4_msgs/msg/detail/gpio_request__rosidl_typesupport_introspection_c.h\n'}
[2.021730] (px4_msgs) StdoutLine: {'line': b'-- Up-to-date symlink: /home/maxim/super_ws/install/px4_msgs/include/px4_msgs/px4_msgs/msg/detail/gps_dump__rosidl_typesupport_introspection_c.h\n'}
[2.021807] (px4_msgs) StdoutLine: {'line': b'-- Up-to-date symlink: /home/maxim/super_ws/install/px4_msgs/include/px4_msgs/px4_msgs/msg/detail/gps_inject_data__rosidl_typesupport_introspection_c.h\n'}
[2.021882] (px4_msgs) StdoutLine: {'line': b'-- Up-to-date symlink: /home/maxim/super_ws/install/px4_msgs/include/px4_msgs/px4_msgs/msg/detail/gripper__rosidl_typesupport_introspection_c.h\n'}
[2.021957] (px4_msgs) StdoutLine: {'line': b'-- Up-to-date symlink: /home/maxim/super_ws/install/px4_msgs/include/px4_msgs/px4_msgs/msg/detail/health_report__rosidl_typesupport_introspection_c.h\n'}
[2.022025] (px4_msgs) StdoutLine: {'line': b'-- Up-to-date symlink: /home/maxim/super_ws/install/px4_msgs/include/px4_msgs/px4_msgs/msg/detail/heater_status__rosidl_typesupport_introspection_c.h\n'}
[2.022097] (px4_msgs) StdoutLine: {'line': b'-- Up-to-date symlink: /home/maxim/super_ws/install/px4_msgs/include/px4_msgs/px4_msgs/msg/detail/home_position__rosidl_typesupport_introspection_c.h\n'}
[2.022172] (px4_msgs) StdoutLine: {'line': b'-- Up-to-date symlink: /home/maxim/super_ws/install/px4_msgs/include/px4_msgs/px4_msgs/msg/detail/hover_thrust_estimate__rosidl_typesupport_introspection_c.h\n'}
[2.022247] (px4_msgs) StdoutLine: {'line': b'-- Up-to-date symlink: /home/maxim/super_ws/install/px4_msgs/include/px4_msgs/px4_msgs/msg/detail/input_rc__rosidl_typesupport_introspection_c.h\n'}
[2.022318] (px4_msgs) StdoutLine: {'line': b'-- Up-to-date symlink: /home/maxim/super_ws/install/px4_msgs/include/px4_msgs/px4_msgs/msg/detail/internal_combustion_engine_control__rosidl_typesupport_introspection_c.h\n'}
[2.022386] (px4_msgs) StdoutLine: {'line': b'-- Up-to-date symlink: /home/maxim/super_ws/install/px4_msgs/include/px4_msgs/px4_msgs/msg/detail/internal_combustion_engine_status__rosidl_typesupport_introspection_c.h\n'}
[2.022457] (px4_msgs) StdoutLine: {'line': b'-- Up-to-date symlink: /home/maxim/super_ws/install/px4_msgs/include/px4_msgs/px4_msgs/msg/detail/iridiumsbd_status__rosidl_typesupport_introspection_c.h\n'}
[2.022535] (px4_msgs) StdoutLine: {'line': b'-- Up-to-date symlink: /home/maxim/super_ws/install/px4_msgs/include/px4_msgs/px4_msgs/msg/detail/irlock_report__rosidl_typesupport_introspection_c.h\n'}
[2.022613] (px4_msgs) StdoutLine: {'line': b'-- Up-to-date symlink: /home/maxim/super_ws/install/px4_msgs/include/px4_msgs/px4_msgs/msg/detail/landing_gear__rosidl_typesupport_introspection_c.h\n'}
[2.022742] (px4_msgs) StdoutLine: {'line': b'-- Up-to-date symlink: /home/maxim/super_ws/install/px4_msgs/include/px4_msgs/px4_msgs/msg/detail/landing_gear_wheel__rosidl_typesupport_introspection_c.h\n'}
[2.022816] (px4_msgs) StdoutLine: {'line': b'-- Up-to-date symlink: /home/maxim/super_ws/install/px4_msgs/include/px4_msgs/px4_msgs/msg/detail/landing_target_innovations__rosidl_typesupport_introspection_c.h\n'}
[2.022920] (px4_msgs) StdoutLine: {'line': b'-- Up-to-date symlink: /home/maxim/super_ws/install/px4_msgs/include/px4_msgs/px4_msgs/msg/detail/landing_target_pose__rosidl_typesupport_introspection_c.h\n'}
[2.022993] (px4_msgs) StdoutLine: {'line': b'-- Up-to-date symlink: /home/maxim/super_ws/install/px4_msgs/include/px4_msgs/px4_msgs/msg/detail/lateral_control_configuration__rosidl_typesupport_introspection_c.h\n'}
[2.023061] (px4_msgs) StdoutLine: {'line': b'-- Up-to-date symlink: /home/maxim/super_ws/install/px4_msgs/include/px4_msgs/px4_msgs/msg/detail/launch_detection_status__rosidl_typesupport_introspection_c.h\n'}
[2.023133] (px4_msgs) StdoutLine: {'line': b'-- Up-to-date symlink: /home/maxim/super_ws/install/px4_msgs/include/px4_msgs/px4_msgs/msg/detail/led_control__rosidl_typesupport_introspection_c.h\n'}
[2.023208] (px4_msgs) StdoutLine: {'line': b'-- Up-to-date symlink: /home/maxim/super_ws/install/px4_msgs/include/px4_msgs/px4_msgs/msg/detail/log_message__rosidl_typesupport_introspection_c.h\n'}
[2.023280] (px4_msgs) StdoutLine: {'line': b'-- Up-to-date symlink: /home/maxim/super_ws/install/px4_msgs/include/px4_msgs/px4_msgs/msg/detail/logger_status__rosidl_typesupport_introspection_c.h\n'}
[2.023355] (px4_msgs) StdoutLine: {'line': b'-- Up-to-date symlink: /home/maxim/super_ws/install/px4_msgs/include/px4_msgs/px4_msgs/msg/detail/longitudinal_control_configuration__rosidl_typesupport_introspection_c.h\n'}
[2.023426] (px4_msgs) StdoutLine: {'line': b'-- Up-to-date symlink: /home/maxim/super_ws/install/px4_msgs/include/px4_msgs/px4_msgs/msg/detail/mag_worker_data__rosidl_typesupport_introspection_c.h\n'}
[2.023499] (px4_msgs) StdoutLine: {'line': b'-- Up-to-date symlink: /home/maxim/super_ws/install/px4_msgs/include/px4_msgs/px4_msgs/msg/detail/magnetometer_bias_estimate__rosidl_typesupport_introspection_c.h\n'}
[2.023571] (px4_msgs) StdoutLine: {'line': b'-- Up-to-date symlink: /home/maxim/super_ws/install/px4_msgs/include/px4_msgs/px4_msgs/msg/detail/manual_control_setpoint__rosidl_typesupport_introspection_c.h\n'}
[2.023644] (px4_msgs) StdoutLine: {'line': b'-- Up-to-date symlink: /home/maxim/super_ws/install/px4_msgs/include/px4_msgs/px4_msgs/msg/detail/manual_control_switches__rosidl_typesupport_introspection_c.h\n'}
[2.023725] (px4_msgs) StdoutLine: {'line': b'-- Up-to-date symlink: /home/maxim/super_ws/install/px4_msgs/include/px4_msgs/px4_msgs/msg/detail/mavlink_log__rosidl_typesupport_introspection_c.h\n'}
[2.023804] (px4_msgs) StdoutLine: {'line': b'-- Up-to-date symlink: /home/maxim/super_ws/install/px4_msgs/include/px4_msgs/px4_msgs/msg/detail/mavlink_tunnel__rosidl_typesupport_introspection_c.h\n'}
[2.023882] (px4_msgs) StdoutLine: {'line': b'-- Up-to-date symlink: /home/maxim/super_ws/install/px4_msgs/include/px4_msgs/px4_msgs/msg/detail/message_format_request__rosidl_typesupport_introspection_c.h\n'}
[2.023960] (px4_msgs) StdoutLine: {'line': b'-- Up-to-date symlink: /home/maxim/super_ws/install/px4_msgs/include/px4_msgs/px4_msgs/msg/detail/message_format_response__rosidl_typesupport_introspection_c.h\n'}
[2.024043] (px4_msgs) StdoutLine: {'line': b'-- Up-to-date symlink: /home/maxim/super_ws/install/px4_msgs/include/px4_msgs/px4_msgs/msg/detail/mission__rosidl_typesupport_introspection_c.h\n'}
[2.024118] (px4_msgs) StdoutLine: {'line': b'-- Up-to-date symlink: /home/maxim/super_ws/install/px4_msgs/include/px4_msgs/px4_msgs/msg/detail/mission_result__rosidl_typesupport_introspection_c.h\n'}
[2.024216] (px4_msgs) StdoutLine: {'line': b'-- Up-to-date symlink: /home/maxim/super_ws/install/px4_msgs/include/px4_msgs/px4_msgs/msg/detail/mode_completed__rosidl_typesupport_introspection_c.h\n'}
[2.024291] (px4_msgs) StdoutLine: {'line': b'-- Up-to-date symlink: /home/maxim/super_ws/install/px4_msgs/include/px4_msgs/px4_msgs/msg/detail/mount_orientation__rosidl_typesupport_introspection_c.h\n'}
[2.024366] (px4_msgs) StdoutLine: {'line': b'-- Up-to-date symlink: /home/maxim/super_ws/install/px4_msgs/include/px4_msgs/px4_msgs/msg/detail/navigator_mission_item__rosidl_typesupport_introspection_c.h\n'}
[2.024450] (px4_msgs) StdoutLine: {'line': b'-- Up-to-date symlink: /home/maxim/super_ws/install/px4_msgs/include/px4_msgs/px4_msgs/msg/detail/navigator_status__rosidl_typesupport_introspection_c.h\n'}
[2.024519] (px4_msgs) StdoutLine: {'line': b'-- Up-to-date symlink: /home/maxim/super_ws/install/px4_msgs/include/px4_msgs/px4_msgs/msg/detail/neural_control__rosidl_typesupport_introspection_c.h\n'}
[2.024593] (px4_msgs) StdoutLine: {'line': b'-- Up-to-date symlink: /home/maxim/super_ws/install/px4_msgs/include/px4_msgs/px4_msgs/msg/detail/normalized_unsigned_setpoint__rosidl_typesupport_introspection_c.h\n'}
[2.024719] (px4_msgs) StdoutLine: {'line': b'-- Up-to-date symlink: /home/maxim/super_ws/install/px4_msgs/include/px4_msgs/px4_msgs/msg/detail/obstacle_distance__rosidl_typesupport_introspection_c.h\n'}
[2.024793] (px4_msgs) StdoutLine: {'line': b'-- Up-to-date symlink: /home/maxim/super_ws/install/px4_msgs/include/px4_msgs/px4_msgs/msg/detail/offboard_control_mode__rosidl_typesupport_introspection_c.h\n'}
[2.024860] (px4_msgs) StdoutLine: {'line': b'-- Up-to-date symlink: /home/maxim/super_ws/install/px4_msgs/include/px4_msgs/px4_msgs/msg/detail/onboard_computer_status__rosidl_typesupport_introspection_c.h\n'}
[2.024929] (px4_msgs) StdoutLine: {'line': b'-- Up-to-date symlink: /home/maxim/super_ws/install/px4_msgs/include/px4_msgs/px4_msgs/msg/detail/open_drone_id_arm_status__rosidl_typesupport_introspection_c.h\n'}
[2.025000] (px4_msgs) StdoutLine: {'line': b'-- Up-to-date symlink: /home/maxim/super_ws/install/px4_msgs/include/px4_msgs/px4_msgs/msg/detail/open_drone_id_operator_id__rosidl_typesupport_introspection_c.h\n'}
[2.025075] (px4_msgs) StdoutLine: {'line': b'-- Up-to-date symlink: /home/maxim/super_ws/install/px4_msgs/include/px4_msgs/px4_msgs/msg/detail/open_drone_id_self_id__rosidl_typesupport_introspection_c.h\n'}
[2.025146] (px4_msgs) StdoutLine: {'line': b'-- Up-to-date symlink: /home/maxim/super_ws/install/px4_msgs/include/px4_msgs/px4_msgs/msg/detail/open_drone_id_system__rosidl_typesupport_introspection_c.h\n'}
[2.025219] (px4_msgs) StdoutLine: {'line': b'-- Up-to-date symlink: /home/maxim/super_ws/install/px4_msgs/include/px4_msgs/px4_msgs/msg/detail/orb_test__rosidl_typesupport_introspection_c.h\n'}
[2.025294] (px4_msgs) StdoutLine: {'line': b'-- Up-to-date symlink: /home/maxim/super_ws/install/px4_msgs/include/px4_msgs/px4_msgs/msg/detail/orb_test_large__rosidl_typesupport_introspection_c.h\n'}
[2.025372] (px4_msgs) StdoutLine: {'line': b'-- Up-to-date symlink: /home/maxim/super_ws/install/px4_msgs/include/px4_msgs/px4_msgs/msg/detail/orb_test_medium__rosidl_typesupport_introspection_c.h\n'}
[2.025449] (px4_msgs) StdoutLine: {'line': b'-- Up-to-date symlink: /home/maxim/super_ws/install/px4_msgs/include/px4_msgs/px4_msgs/msg/detail/orbit_status__rosidl_typesupport_introspection_c.h\n'}
[2.025528] (px4_msgs) StdoutLine: {'line': b'-- Up-to-date symlink: /home/maxim/super_ws/install/px4_msgs/include/px4_msgs/px4_msgs/msg/detail/parameter_reset_request__rosidl_typesupport_introspection_c.h\n'}
[2.025608] (px4_msgs) StdoutLine: {'line': b'-- Up-to-date symlink: /home/maxim/super_ws/install/px4_msgs/include/px4_msgs/px4_msgs/msg/detail/parameter_set_used_request__rosidl_typesupport_introspection_c.h\n'}
[2.025729] (px4_msgs) StdoutLine: {'line': b'-- Up-to-date symlink: /home/maxim/super_ws/install/px4_msgs/include/px4_msgs/px4_msgs/msg/detail/parameter_set_value_request__rosidl_typesupport_introspection_c.h\n'}
[2.025803] (px4_msgs) StdoutLine: {'line': b'-- Up-to-date symlink: /home/maxim/super_ws/install/px4_msgs/include/px4_msgs/px4_msgs/msg/detail/parameter_set_value_response__rosidl_typesupport_introspection_c.h\n'}
[2.025878] (px4_msgs) StdoutLine: {'line': b'-- Up-to-date symlink: /home/maxim/super_ws/install/px4_msgs/include/px4_msgs/px4_msgs/msg/detail/parameter_update__rosidl_typesupport_introspection_c.h\n'}
[2.025959] (px4_msgs) StdoutLine: {'line': b'-- Up-to-date symlink: /home/maxim/super_ws/install/px4_msgs/include/px4_msgs/px4_msgs/msg/detail/ping__rosidl_typesupport_introspection_c.h\n'}
[2.026031] (px4_msgs) StdoutLine: {'line': b'-- Up-to-date symlink: /home/maxim/super_ws/install/px4_msgs/include/px4_msgs/px4_msgs/msg/detail/position_controller_landing_status__rosidl_typesupport_introspection_c.h\n'}
[2.026103] (px4_msgs) StdoutLine: {'line': b'-- Up-to-date symlink: /home/maxim/super_ws/install/px4_msgs/include/px4_msgs/px4_msgs/msg/detail/position_controller_status__rosidl_typesupport_introspection_c.h\n'}
[2.026170] (px4_msgs) StdoutLine: {'line': b'-- Up-to-date symlink: /home/maxim/super_ws/install/px4_msgs/include/px4_msgs/px4_msgs/msg/detail/position_setpoint__rosidl_typesupport_introspection_c.h\n'}
[2.026242] (px4_msgs) StdoutLine: {'line': b'-- Up-to-date symlink: /home/maxim/super_ws/install/px4_msgs/include/px4_msgs/px4_msgs/msg/detail/position_setpoint_triplet__rosidl_typesupport_introspection_c.h\n'}
[2.026320] (px4_msgs) StdoutLine: {'line': b'-- Up-to-date symlink: /home/maxim/super_ws/install/px4_msgs/include/px4_msgs/px4_msgs/msg/detail/power_button_state__rosidl_typesupport_introspection_c.h\n'}
[2.026398] (px4_msgs) StdoutLine: {'line': b'-- Up-to-date symlink: /home/maxim/super_ws/install/px4_msgs/include/px4_msgs/px4_msgs/msg/detail/power_monitor__rosidl_typesupport_introspection_c.h\n'}
[2.026482] (px4_msgs) StdoutLine: {'line': b'-- Up-to-date symlink: /home/maxim/super_ws/install/px4_msgs/include/px4_msgs/px4_msgs/msg/detail/pps_capture__rosidl_typesupport_introspection_c.h\n'}
[2.026557] (px4_msgs) StdoutLine: {'line': b'-- Up-to-date symlink: /home/maxim/super_ws/install/px4_msgs/include/px4_msgs/px4_msgs/msg/detail/prec_land_status__rosidl_typesupport_introspection_c.h\n'}
[2.026634] (px4_msgs) StdoutLine: {'line': b'-- Up-to-date symlink: /home/maxim/super_ws/install/px4_msgs/include/px4_msgs/px4_msgs/msg/detail/pure_pursuit_status__rosidl_typesupport_introspection_c.h\n'}
[2.026715] (px4_msgs) StdoutLine: {'line': b'-- Up-to-date symlink: /home/maxim/super_ws/install/px4_msgs/include/px4_msgs/px4_msgs/msg/detail/pwm_input__rosidl_typesupport_introspection_c.h\n'}
[2.026792] (px4_msgs) StdoutLine: {'line': b'-- Up-to-date symlink: /home/maxim/super_ws/install/px4_msgs/include/px4_msgs/px4_msgs/msg/detail/px4io_status__rosidl_typesupport_introspection_c.h\n'}
[2.026870] (px4_msgs) StdoutLine: {'line': b'-- Up-to-date symlink: /home/maxim/super_ws/install/px4_msgs/include/px4_msgs/px4_msgs/msg/detail/qshell_req__rosidl_typesupport_introspection_c.h\n'}
[2.026948] (px4_msgs) StdoutLine: {'line': b'-- Up-to-date symlink: /home/maxim/super_ws/install/px4_msgs/include/px4_msgs/px4_msgs/msg/detail/qshell_retval__rosidl_typesupport_introspection_c.h\n'}
[2.027025] (px4_msgs) StdoutLine: {'line': b'-- Up-to-date symlink: /home/maxim/super_ws/install/px4_msgs/include/px4_msgs/px4_msgs/msg/detail/radio_status__rosidl_typesupport_introspection_c.h\n'}
[2.027103] (px4_msgs) StdoutLine: {'line': b'-- Up-to-date symlink: /home/maxim/super_ws/install/px4_msgs/include/px4_msgs/px4_msgs/msg/detail/ranging_beacon__rosidl_typesupport_introspection_c.h\n'}
[2.027180] (px4_msgs) StdoutLine: {'line': b'-- Up-to-date symlink: /home/maxim/super_ws/install/px4_msgs/include/px4_msgs/px4_msgs/msg/detail/raptor_input__rosidl_typesupport_introspection_c.h\n'}
[2.027257] (px4_msgs) StdoutLine: {'line': b'-- Up-to-date symlink: /home/maxim/super_ws/install/px4_msgs/include/px4_msgs/px4_msgs/msg/detail/raptor_status__rosidl_typesupport_introspection_c.h\n'}
[2.027336] (px4_msgs) StdoutLine: {'line': b'-- Up-to-date symlink: /home/maxim/super_ws/install/px4_msgs/include/px4_msgs/px4_msgs/msg/detail/rate_ctrl_status__rosidl_typesupport_introspection_c.h\n'}
[2.027415] (px4_msgs) StdoutLine: {'line': b'-- Up-to-date symlink: /home/maxim/super_ws/install/px4_msgs/include/px4_msgs/px4_msgs/msg/detail/rc_channels__rosidl_typesupport_introspection_c.h\n'}
[2.027491] (px4_msgs) StdoutLine: {'line': b'-- Up-to-date symlink: /home/maxim/super_ws/install/px4_msgs/include/px4_msgs/px4_msgs/msg/detail/rc_parameter_map__rosidl_typesupport_introspection_c.h\n'}
[2.027571] (px4_msgs) StdoutLine: {'line': b'-- Up-to-date symlink: /home/maxim/super_ws/install/px4_msgs/include/px4_msgs/px4_msgs/msg/detail/register_ext_component_reply__rosidl_typesupport_introspection_c.h\n'}
[2.027660] (px4_msgs) StdoutLine: {'line': b'-- Up-to-date symlink: /home/maxim/super_ws/install/px4_msgs/include/px4_msgs/px4_msgs/msg/detail/register_ext_component_request__rosidl_typesupport_introspection_c.h\n'}
[2.027781] (px4_msgs) StdoutLine: {'line': b'-- Up-to-date symlink: /home/maxim/super_ws/install/px4_msgs/include/px4_msgs/px4_msgs/msg/detail/rover_attitude_setpoint__rosidl_typesupport_introspection_c.h\n'}
[2.027854] (px4_msgs) StdoutLine: {'line': b'-- Up-to-date symlink: /home/maxim/super_ws/install/px4_msgs/include/px4_msgs/px4_msgs/msg/detail/rover_attitude_status__rosidl_typesupport_introspection_c.h\n'}
[2.027927] (px4_msgs) StdoutLine: {'line': b'-- Up-to-date symlink: /home/maxim/super_ws/install/px4_msgs/include/px4_msgs/px4_msgs/msg/detail/rover_position_setpoint__rosidl_typesupport_introspection_c.h\n'}
[2.028004] (px4_msgs) StdoutLine: {'line': b'-- Up-to-date symlink: /home/maxim/super_ws/install/px4_msgs/include/px4_msgs/px4_msgs/msg/detail/rover_rate_setpoint__rosidl_typesupport_introspection_c.h\n'}
[2.028080] (px4_msgs) StdoutLine: {'line': b'-- Up-to-date symlink: /home/maxim/super_ws/install/px4_msgs/include/px4_msgs/px4_msgs/msg/detail/rover_rate_status__rosidl_typesupport_introspection_c.h\n'}
[2.028151] (px4_msgs) StdoutLine: {'line': b'-- Up-to-date symlink: /home/maxim/super_ws/install/px4_msgs/include/px4_msgs/px4_msgs/msg/detail/rover_speed_setpoint__rosidl_typesupport_introspection_c.h\n'}
[2.028224] (px4_msgs) StdoutLine: {'line': b'-- Up-to-date symlink: /home/maxim/super_ws/install/px4_msgs/include/px4_msgs/px4_msgs/msg/detail/rover_speed_status__rosidl_typesupport_introspection_c.h\n'}
[2.028299] (px4_msgs) StdoutLine: {'line': b'-- Up-to-date symlink: /home/maxim/super_ws/install/px4_msgs/include/px4_msgs/px4_msgs/msg/detail/rover_steering_setpoint__rosidl_typesupport_introspection_c.h\n'}
[2.028372] (px4_msgs) StdoutLine: {'line': b'-- Up-to-date symlink: /home/maxim/super_ws/install/px4_msgs/include/px4_msgs/px4_msgs/msg/detail/rover_throttle_setpoint__rosidl_typesupport_introspection_c.h\n'}
[2.028520] (px4_msgs) StdoutLine: {'line': b'-- Up-to-date symlink: /home/maxim/super_ws/install/px4_msgs/include/px4_msgs/px4_msgs/msg/detail/rpm__rosidl_typesupport_introspection_c.h\n'}
[2.028651] (px4_msgs) StdoutLine: {'line': b'-- Up-to-date symlink: /home/maxim/super_ws/install/px4_msgs/include/px4_msgs/px4_msgs/msg/detail/rtl_status__rosidl_typesupport_introspection_c.h\n'}
[2.028720] (px4_msgs) StdoutLine: {'line': b'-- Up-to-date symlink: /home/maxim/super_ws/install/px4_msgs/include/px4_msgs/px4_msgs/msg/detail/rtl_time_estimate__rosidl_typesupport_introspection_c.h\n'}
[2.028915] (px4_msgs) StdoutLine: {'line': b'-- Up-to-date symlink: /home/maxim/super_ws/install/px4_msgs/include/px4_msgs/px4_msgs/msg/detail/satellite_info__rosidl_typesupport_introspection_c.h\n'}
[2.029012] (px4_msgs) StdoutLine: {'line': b'-- Up-to-date symlink: /home/maxim/super_ws/install/px4_msgs/include/px4_msgs/px4_msgs/msg/detail/sensor_accel__rosidl_typesupport_introspection_c.h\n'}
[2.029096] (px4_msgs) StdoutLine: {'line': b'-- Up-to-date symlink: /home/maxim/super_ws/install/px4_msgs/include/px4_msgs/px4_msgs/msg/detail/sensor_accel_fifo__rosidl_typesupport_introspection_c.h\n'}
[2.029231] (px4_msgs) StdoutLine: {'line': b'-- Up-to-date symlink: /home/maxim/super_ws/install/px4_msgs/include/px4_msgs/px4_msgs/msg/detail/sensor_airflow__rosidl_typesupport_introspection_c.h\n'}
[2.029315] (px4_msgs) StdoutLine: {'line': b'-- Up-to-date symlink: /home/maxim/super_ws/install/px4_msgs/include/px4_msgs/px4_msgs/msg/detail/sensor_baro__rosidl_typesupport_introspection_c.h\n'}
[2.029384] (px4_msgs) StdoutLine: {'line': b'-- Up-to-date symlink: /home/maxim/super_ws/install/px4_msgs/include/px4_msgs/px4_msgs/msg/detail/sensor_combined__rosidl_typesupport_introspection_c.h\n'}
[2.029448] (px4_msgs) StdoutLine: {'line': b'-- Up-to-date symlink: /home/maxim/super_ws/install/px4_msgs/include/px4_msgs/px4_msgs/msg/detail/sensor_correction__rosidl_typesupport_introspection_c.h\n'}
[2.029510] (px4_msgs) StdoutLine: {'line': b'-- Up-to-date symlink: /home/maxim/super_ws/install/px4_msgs/include/px4_msgs/px4_msgs/msg/detail/sensor_gnss_relative__rosidl_typesupport_introspection_c.h\n'}
[2.029602] (px4_msgs) StdoutLine: {'line': b'-- Up-to-date symlink: /home/maxim/super_ws/install/px4_msgs/include/px4_msgs/px4_msgs/msg/detail/sensor_gnss_status__rosidl_typesupport_introspection_c.h\n'}
[2.029686] (px4_msgs) StdoutLine: {'line': b'-- Up-to-date symlink: /home/maxim/super_ws/install/px4_msgs/include/px4_msgs/px4_msgs/msg/detail/sensor_gps__rosidl_typesupport_introspection_c.h\n'}
[2.029766] (px4_msgs) StdoutLine: {'line': b'-- Up-to-date symlink: /home/maxim/super_ws/install/px4_msgs/include/px4_msgs/px4_msgs/msg/detail/sensor_gyro__rosidl_typesupport_introspection_c.h\n'}
[2.029840] (px4_msgs) StdoutLine: {'line': b'-- Up-to-date symlink: /home/maxim/super_ws/install/px4_msgs/include/px4_msgs/px4_msgs/msg/detail/sensor_gyro_fft__rosidl_typesupport_introspection_c.h\n'}
[2.029897] (px4_msgs) StdoutLine: {'line': b'-- Up-to-date symlink: /home/maxim/super_ws/install/px4_msgs/include/px4_msgs/px4_msgs/msg/detail/sensor_gyro_fifo__rosidl_typesupport_introspection_c.h\n'}
[2.029961] (px4_msgs) StdoutLine: {'line': b'-- Up-to-date symlink: /home/maxim/super_ws/install/px4_msgs/include/px4_msgs/px4_msgs/msg/detail/sensor_hygrometer__rosidl_typesupport_introspection_c.h\n'}
[2.030024] (px4_msgs) StdoutLine: {'line': b'-- Up-to-date symlink: /home/maxim/super_ws/install/px4_msgs/include/px4_msgs/px4_msgs/msg/detail/sensor_mag__rosidl_typesupport_introspection_c.h\n'}
[2.030111] (px4_msgs) StdoutLine: {'line': b'-- Up-to-date symlink: /home/maxim/super_ws/install/px4_msgs/include/px4_msgs/px4_msgs/msg/detail/sensor_optical_flow__rosidl_typesupport_introspection_c.h\n'}
[2.030201] (px4_msgs) StdoutLine: {'line': b'-- Up-to-date symlink: /home/maxim/super_ws/install/px4_msgs/include/px4_msgs/px4_msgs/msg/detail/sensor_preflight_mag__rosidl_typesupport_introspection_c.h\n'}
[2.030278] (px4_msgs) StdoutLine: {'line': b'-- Up-to-date symlink: /home/maxim/super_ws/install/px4_msgs/include/px4_msgs/px4_msgs/msg/detail/sensor_selection__rosidl_typesupport_introspection_c.h\n'}
[2.030353] (px4_msgs) StdoutLine: {'line': b'-- Up-to-date symlink: /home/maxim/super_ws/install/px4_msgs/include/px4_msgs/px4_msgs/msg/detail/sensor_temp__rosidl_typesupport_introspection_c.h\n'}
[2.030435] (px4_msgs) StdoutLine: {'line': b'-- Up-to-date symlink: /home/maxim/super_ws/install/px4_msgs/include/px4_msgs/px4_msgs/msg/detail/sensor_uwb__rosidl_typesupport_introspection_c.h\n'}
[2.030496] (px4_msgs) StdoutLine: {'line': b'-- Up-to-date symlink: /home/maxim/super_ws/install/px4_msgs/include/px4_msgs/px4_msgs/msg/detail/sensors_status__rosidl_typesupport_introspection_c.h\n'}
[2.030569] (px4_msgs) StdoutLine: {'line': b'-- Up-to-date symlink: /home/maxim/super_ws/install/px4_msgs/include/px4_msgs/px4_msgs/msg/detail/sensors_status_imu__rosidl_typesupport_introspection_c.h\n'}
[2.030645] (px4_msgs) StdoutLine: {'line': b'-- Up-to-date symlink: /home/maxim/super_ws/install/px4_msgs/include/px4_msgs/px4_msgs/msg/detail/system_power__rosidl_typesupport_introspection_c.h\n'}
[2.030719] (px4_msgs) StdoutLine: {'line': b'-- Up-to-date symlink: /home/maxim/super_ws/install/px4_msgs/include/px4_msgs/px4_msgs/msg/detail/takeoff_status__rosidl_typesupport_introspection_c.h\n'}
[2.030791] (px4_msgs) StdoutLine: {'line': b'-- Up-to-date symlink: /home/maxim/super_ws/install/px4_msgs/include/px4_msgs/px4_msgs/msg/detail/target_gnss__rosidl_typesupport_introspection_c.h\n'}
[2.030862] (px4_msgs) StdoutLine: {'line': b'-- Up-to-date symlink: /home/maxim/super_ws/install/px4_msgs/include/px4_msgs/px4_msgs/msg/detail/task_stack_info__rosidl_typesupport_introspection_c.h\n'}
[2.030933] (px4_msgs) StdoutLine: {'line': b'-- Up-to-date symlink: /home/maxim/super_ws/install/px4_msgs/include/px4_msgs/px4_msgs/msg/detail/tecs_status__rosidl_typesupport_introspection_c.h\n'}
[2.030993] (px4_msgs) StdoutLine: {'line': b'-- Up-to-date symlink: /home/maxim/super_ws/install/px4_msgs/include/px4_msgs/px4_msgs/msg/detail/telemetry_status__rosidl_typesupport_introspection_c.h\n'}
[2.031074] (px4_msgs) StdoutLine: {'line': b'-- Up-to-date symlink: /home/maxim/super_ws/install/px4_msgs/include/px4_msgs/px4_msgs/msg/detail/tiltrotor_extra_controls__rosidl_typesupport_introspection_c.h\n'}
[2.031144] (px4_msgs) StdoutLine: {'line': b'-- Up-to-date symlink: /home/maxim/super_ws/install/px4_msgs/include/px4_msgs/px4_msgs/msg/detail/timesync_status__rosidl_typesupport_introspection_c.h\n'}
[2.031215] (px4_msgs) StdoutLine: {'line': b'-- Up-to-date symlink: /home/maxim/super_ws/install/px4_msgs/include/px4_msgs/px4_msgs/msg/detail/trajectory_setpoint6dof__rosidl_typesupport_introspection_c.h\n'}
[2.031276] (px4_msgs) StdoutLine: {'line': b'-- Up-to-date symlink: /home/maxim/super_ws/install/px4_msgs/include/px4_msgs/px4_msgs/msg/detail/trajectory_setpoint__rosidl_typesupport_introspection_c.h\n'}
[2.031347] (px4_msgs) StdoutLine: {'line': b'-- Up-to-date symlink: /home/maxim/super_ws/install/px4_msgs/include/px4_msgs/px4_msgs/msg/detail/transponder_report__rosidl_typesupport_introspection_c.h\n'}
[2.031419] (px4_msgs) StdoutLine: {'line': b'-- Up-to-date symlink: /home/maxim/super_ws/install/px4_msgs/include/px4_msgs/px4_msgs/msg/detail/tune_control__rosidl_typesupport_introspection_c.h\n'}
[2.031490] (px4_msgs) StdoutLine: {'line': b'-- Up-to-date symlink: /home/maxim/super_ws/install/px4_msgs/include/px4_msgs/px4_msgs/msg/detail/uavcan_parameter_request__rosidl_typesupport_introspection_c.h\n'}
[2.031567] (px4_msgs) StdoutLine: {'line': b'-- Up-to-date symlink: /home/maxim/super_ws/install/px4_msgs/include/px4_msgs/px4_msgs/msg/detail/uavcan_parameter_value__rosidl_typesupport_introspection_c.h\n'}
[2.031642] (px4_msgs) StdoutLine: {'line': b'-- Up-to-date symlink: /home/maxim/super_ws/install/px4_msgs/include/px4_msgs/px4_msgs/msg/detail/ulog_stream__rosidl_typesupport_introspection_c.h\n'}
[2.031713] (px4_msgs) StdoutLine: {'line': b'-- Up-to-date symlink: /home/maxim/super_ws/install/px4_msgs/include/px4_msgs/px4_msgs/msg/detail/ulog_stream_ack__rosidl_typesupport_introspection_c.h\n'}
[2.031771] (px4_msgs) StdoutLine: {'line': b'-- Up-to-date symlink: /home/maxim/super_ws/install/px4_msgs/include/px4_msgs/px4_msgs/msg/detail/unregister_ext_component__rosidl_typesupport_introspection_c.h\n'}
[2.031844] (px4_msgs) StdoutLine: {'line': b'-- Up-to-date symlink: /home/maxim/super_ws/install/px4_msgs/include/px4_msgs/px4_msgs/msg/detail/vehicle_acceleration__rosidl_typesupport_introspection_c.h\n'}
[2.031914] (px4_msgs) StdoutLine: {'line': b'-- Up-to-date symlink: /home/maxim/super_ws/install/px4_msgs/include/px4_msgs/px4_msgs/msg/detail/vehicle_air_data__rosidl_typesupport_introspection_c.h\n'}
[2.031985] (px4_msgs) StdoutLine: {'line': b'-- Up-to-date symlink: /home/maxim/super_ws/install/px4_msgs/include/px4_msgs/px4_msgs/msg/detail/vehicle_angular_acceleration_setpoint__rosidl_typesupport_introspection_c.h\n'}
[2.032055] (px4_msgs) StdoutLine: {'line': b'-- Up-to-date symlink: /home/maxim/super_ws/install/px4_msgs/include/px4_msgs/px4_msgs/msg/detail/vehicle_angular_velocity__rosidl_typesupport_introspection_c.h\n'}
[2.032124] (px4_msgs) StdoutLine: {'line': b'-- Up-to-date symlink: /home/maxim/super_ws/install/px4_msgs/include/px4_msgs/px4_msgs/msg/detail/vehicle_attitude__rosidl_typesupport_introspection_c.h\n'}
[2.032192] (px4_msgs) StdoutLine: {'line': b'-- Up-to-date symlink: /home/maxim/super_ws/install/px4_msgs/include/px4_msgs/px4_msgs/msg/detail/vehicle_attitude_setpoint__rosidl_typesupport_introspection_c.h\n'}
[2.032264] (px4_msgs) StdoutLine: {'line': b'-- Up-to-date symlink: /home/maxim/super_ws/install/px4_msgs/include/px4_msgs/px4_msgs/msg/detail/vehicle_command__rosidl_typesupport_introspection_c.h\n'}
[2.032334] (px4_msgs) StdoutLine: {'line': b'-- Up-to-date symlink: /home/maxim/super_ws/install/px4_msgs/include/px4_msgs/px4_msgs/msg/detail/vehicle_command_ack__rosidl_typesupport_introspection_c.h\n'}
[2.032408] (px4_msgs) StdoutLine: {'line': b'-- Up-to-date symlink: /home/maxim/super_ws/install/px4_msgs/include/px4_msgs/px4_msgs/msg/detail/vehicle_constraints__rosidl_typesupport_introspection_c.h\n'}
[2.032482] (px4_msgs) StdoutLine: {'line': b'-- Up-to-date symlink: /home/maxim/super_ws/install/px4_msgs/include/px4_msgs/px4_msgs/msg/detail/vehicle_control_mode__rosidl_typesupport_introspection_c.h\n'}
[2.032552] (px4_msgs) StdoutLine: {'line': b'-- Up-to-date symlink: /home/maxim/super_ws/install/px4_msgs/include/px4_msgs/px4_msgs/msg/detail/vehicle_global_position__rosidl_typesupport_introspection_c.h\n'}
[2.032621] (px4_msgs) StdoutLine: {'line': b'-- Up-to-date symlink: /home/maxim/super_ws/install/px4_msgs/include/px4_msgs/px4_msgs/msg/detail/vehicle_imu__rosidl_typesupport_introspection_c.h\n'}
[2.032697] (px4_msgs) StdoutLine: {'line': b'-- Up-to-date symlink: /home/maxim/super_ws/install/px4_msgs/include/px4_msgs/px4_msgs/msg/detail/vehicle_imu_status__rosidl_typesupport_introspection_c.h\n'}
[2.032779] (px4_msgs) StdoutLine: {'line': b'-- Up-to-date symlink: /home/maxim/super_ws/install/px4_msgs/include/px4_msgs/px4_msgs/msg/detail/vehicle_land_detected__rosidl_typesupport_introspection_c.h\n'}
[2.032899] (px4_msgs) StdoutLine: {'line': b'-- Up-to-date symlink: /home/maxim/super_ws/install/px4_msgs/include/px4_msgs/px4_msgs/msg/detail/vehicle_local_position__rosidl_typesupport_introspection_c.h\n'}
[2.032975] (px4_msgs) StdoutLine: {'line': b'-- Up-to-date symlink: /home/maxim/super_ws/install/px4_msgs/include/px4_msgs/px4_msgs/msg/detail/vehicle_local_position_setpoint__rosidl_typesupport_introspection_c.h\n'}
[2.033062] (px4_msgs) StdoutLine: {'line': b'-- Up-to-date symlink: /home/maxim/super_ws/install/px4_msgs/include/px4_msgs/px4_msgs/msg/detail/vehicle_magnetometer__rosidl_typesupport_introspection_c.h\n'}
[2.033139] (px4_msgs) StdoutLine: {'line': b'-- Up-to-date symlink: /home/maxim/super_ws/install/px4_msgs/include/px4_msgs/px4_msgs/msg/detail/vehicle_odometry__rosidl_typesupport_introspection_c.h\n'}
[2.033210] (px4_msgs) StdoutLine: {'line': b'-- Up-to-date symlink: /home/maxim/super_ws/install/px4_msgs/include/px4_msgs/px4_msgs/msg/detail/vehicle_optical_flow__rosidl_typesupport_introspection_c.h\n'}
[2.033283] (px4_msgs) StdoutLine: {'line': b'-- Up-to-date symlink: /home/maxim/super_ws/install/px4_msgs/include/px4_msgs/px4_msgs/msg/detail/vehicle_optical_flow_vel__rosidl_typesupport_introspection_c.h\n'}
[2.033359] (px4_msgs) StdoutLine: {'line': b'-- Up-to-date symlink: /home/maxim/super_ws/install/px4_msgs/include/px4_msgs/px4_msgs/msg/detail/vehicle_rates_setpoint__rosidl_typesupport_introspection_c.h\n'}
[2.033437] (px4_msgs) StdoutLine: {'line': b'-- Up-to-date symlink: /home/maxim/super_ws/install/px4_msgs/include/px4_msgs/px4_msgs/msg/detail/vehicle_roi__rosidl_typesupport_introspection_c.h\n'}
[2.033511] (px4_msgs) StdoutLine: {'line': b'-- Up-to-date symlink: /home/maxim/super_ws/install/px4_msgs/include/px4_msgs/px4_msgs/msg/detail/vehicle_status__rosidl_typesupport_introspection_c.h\n'}
[2.033583] (px4_msgs) StdoutLine: {'line': b'-- Up-to-date symlink: /home/maxim/super_ws/install/px4_msgs/include/px4_msgs/px4_msgs/msg/detail/vehicle_thrust_setpoint__rosidl_typesupport_introspection_c.h\n'}
[2.033657] (px4_msgs) StdoutLine: {'line': b'-- Up-to-date symlink: /home/maxim/super_ws/install/px4_msgs/include/px4_msgs/px4_msgs/msg/detail/vehicle_torque_setpoint__rosidl_typesupport_introspection_c.h\n'}
[2.033734] (px4_msgs) StdoutLine: {'line': b'-- Up-to-date symlink: /home/maxim/super_ws/install/px4_msgs/include/px4_msgs/px4_msgs/msg/detail/velocity_limits__rosidl_typesupport_introspection_c.h\n'}
[2.033810] (px4_msgs) StdoutLine: {'line': b'-- Up-to-date symlink: /home/maxim/super_ws/install/px4_msgs/include/px4_msgs/px4_msgs/msg/detail/vte_aid_source1d__rosidl_typesupport_introspection_c.h\n'}
[2.033883] (px4_msgs) StdoutLine: {'line': b'-- Up-to-date symlink: /home/maxim/super_ws/install/px4_msgs/include/px4_msgs/px4_msgs/msg/detail/vte_aid_source3d__rosidl_typesupport_introspection_c.h\n'}
[2.033956] (px4_msgs) StdoutLine: {'line': b'-- Up-to-date symlink: /home/maxim/super_ws/install/px4_msgs/include/px4_msgs/px4_msgs/msg/detail/vte_bias_init_status__rosidl_typesupport_introspection_c.h\n'}
[2.034031] (px4_msgs) StdoutLine: {'line': b'-- Up-to-date symlink: /home/maxim/super_ws/install/px4_msgs/include/px4_msgs/px4_msgs/msg/detail/vte_input__rosidl_typesupport_introspection_c.h\n'}
[2.034146] (px4_msgs) StdoutLine: {'line': b'-- Up-to-date symlink: /home/maxim/super_ws/install/px4_msgs/include/px4_msgs/px4_msgs/msg/detail/vte_orientation__rosidl_typesupport_introspection_c.h\n'}
[2.034230] (px4_msgs) StdoutLine: {'line': b'-- Up-to-date symlink: /home/maxim/super_ws/install/px4_msgs/include/px4_msgs/px4_msgs/msg/detail/vte_position__rosidl_typesupport_introspection_c.h\n'}
[2.034312] (px4_msgs) StdoutLine: {'line': b'-- Up-to-date symlink: /home/maxim/super_ws/install/px4_msgs/include/px4_msgs/px4_msgs/msg/detail/vtol_vehicle_status__rosidl_typesupport_introspection_c.h\n'}
[2.034388] (px4_msgs) StdoutLine: {'line': b'-- Up-to-date symlink: /home/maxim/super_ws/install/px4_msgs/include/px4_msgs/px4_msgs/msg/detail/vtx__rosidl_typesupport_introspection_c.h\n'}
[2.034460] (px4_msgs) StdoutLine: {'line': b'-- Up-to-date symlink: /home/maxim/super_ws/install/px4_msgs/include/px4_msgs/px4_msgs/msg/detail/wheel_encoders__rosidl_typesupport_introspection_c.h\n'}
[2.034534] (px4_msgs) StdoutLine: {'line': b'-- Up-to-date symlink: /home/maxim/super_ws/install/px4_msgs/include/px4_msgs/px4_msgs/msg/detail/wind__rosidl_typesupport_introspection_c.h\n'}
[2.034611] (px4_msgs) StdoutLine: {'line': b'-- Up-to-date symlink: /home/maxim/super_ws/install/px4_msgs/include/px4_msgs/px4_msgs/msg/detail/yaw_estimator_status__rosidl_typesupport_introspection_c.h\n'}
[2.034688] (px4_msgs) StdoutLine: {'line': b'-- Up-to-date symlink: /home/maxim/super_ws/install/px4_msgs/include/px4_msgs/px4_msgs/msg/rosidl_typesupport_introspection_c__visibility_control.h\n'}
[2.034760] (px4_msgs) StdoutLine: {'line': b'-- Up-to-date symlink: /home/maxim/super_ws/install/px4_msgs/include/px4_msgs/px4_msgs/srv/detail/vehicle_command__rosidl_typesupport_introspection_c.h\n'}
[2.037285] (px4_msgs) StdoutLine: {'line': b'-- Up-to-date symlink: /home/maxim/super_ws/install/px4_msgs/include/px4_msgs/px4_msgs/msg/detail/action_request__rosidl_typesupport_introspection_cpp.hpp\n'}
[2.037516] (px4_msgs) StdoutLine: {'line': b'-- Up-to-date symlink: /home/maxim/super_ws/install/px4_msgs/include/px4_msgs/px4_msgs/msg/detail/actuator_armed__rosidl_typesupport_introspection_cpp.hpp\n'}
[2.037616] (px4_msgs) StdoutLine: {'line': b'-- Up-to-date symlink: /home/maxim/super_ws/install/px4_msgs/include/px4_msgs/px4_msgs/msg/detail/actuator_controls_status__rosidl_typesupport_introspection_cpp.hpp\n'}
[2.037689] (px4_msgs) StdoutLine: {'line': b'-- Up-to-date symlink: /home/maxim/super_ws/install/px4_msgs/include/px4_msgs/px4_msgs/msg/detail/actuator_motors__rosidl_typesupport_introspection_cpp.hpp\n'}
[2.037783] (px4_msgs) StdoutLine: {'line': b'-- Up-to-date symlink: /home/maxim/super_ws/install/px4_msgs/include/px4_msgs/px4_msgs/msg/detail/actuator_outputs__rosidl_typesupport_introspection_cpp.hpp\n'}
[2.037858] (px4_msgs) StdoutLine: {'line': b'-- Up-to-date symlink: /home/maxim/super_ws/install/px4_msgs/include/px4_msgs/px4_msgs/msg/detail/actuator_servos__rosidl_typesupport_introspection_cpp.hpp\n'}
[2.037927] (px4_msgs) StdoutLine: {'line': b'-- Up-to-date symlink: /home/maxim/super_ws/install/px4_msgs/include/px4_msgs/px4_msgs/msg/detail/actuator_servos_trim__rosidl_typesupport_introspection_cpp.hpp\n'}
[2.037994] (px4_msgs) StdoutLine: {'line': b'-- Up-to-date symlink: /home/maxim/super_ws/install/px4_msgs/include/px4_msgs/px4_msgs/msg/detail/actuator_test__rosidl_typesupport_introspection_cpp.hpp\n'}
[2.038058] (px4_msgs) StdoutLine: {'line': b'-- Up-to-date symlink: /home/maxim/super_ws/install/px4_msgs/include/px4_msgs/px4_msgs/msg/detail/adc_report__rosidl_typesupport_introspection_cpp.hpp\n'}
[2.038140] (px4_msgs) StdoutLine: {'line': b'-- Up-to-date symlink: /home/maxim/super_ws/install/px4_msgs/include/px4_msgs/px4_msgs/msg/detail/airspeed__rosidl_typesupport_introspection_cpp.hpp\n'}
[2.038211] (px4_msgs) StdoutLine: {'line': b'-- Up-to-date symlink: /home/maxim/super_ws/install/px4_msgs/include/px4_msgs/px4_msgs/msg/detail/airspeed_validated__rosidl_typesupport_introspection_cpp.hpp\n'}
[2.038282] (px4_msgs) StdoutLine: {'line': b'-- Up-to-date symlink: /home/maxim/super_ws/install/px4_msgs/include/px4_msgs/px4_msgs/msg/detail/airspeed_wind__rosidl_typesupport_introspection_cpp.hpp\n'}
[2.038352] (px4_msgs) StdoutLine: {'line': b'-- Up-to-date symlink: /home/maxim/super_ws/install/px4_msgs/include/px4_msgs/px4_msgs/msg/detail/arming_check_reply__rosidl_typesupport_introspection_cpp.hpp\n'}
[2.038415] (px4_msgs) StdoutLine: {'line': b'-- Up-to-date symlink: /home/maxim/super_ws/install/px4_msgs/include/px4_msgs/px4_msgs/msg/detail/arming_check_request__rosidl_typesupport_introspection_cpp.hpp\n'}
[2.038494] (px4_msgs) StdoutLine: {'line': b'-- Up-to-date symlink: /home/maxim/super_ws/install/px4_msgs/include/px4_msgs/px4_msgs/msg/detail/autotune_attitude_control_status__rosidl_typesupport_introspection_cpp.hpp\n'}
[2.038554] (px4_msgs) StdoutLine: {'line': b'-- Up-to-date symlink: /home/maxim/super_ws/install/px4_msgs/include/px4_msgs/px4_msgs/msg/detail/aux_global_position__rosidl_typesupport_introspection_cpp.hpp\n'}
[2.038624] (px4_msgs) StdoutLine: {'line': b'-- Up-to-date symlink: /home/maxim/super_ws/install/px4_msgs/include/px4_msgs/px4_msgs/msg/detail/battery_info__rosidl_typesupport_introspection_cpp.hpp\n'}
[2.038700] (px4_msgs) StdoutLine: {'line': b'-- Up-to-date symlink: /home/maxim/super_ws/install/px4_msgs/include/px4_msgs/px4_msgs/msg/detail/battery_status__rosidl_typesupport_introspection_cpp.hpp\n'}
[2.038771] (px4_msgs) StdoutLine: {'line': b'-- Up-to-date symlink: /home/maxim/super_ws/install/px4_msgs/include/px4_msgs/px4_msgs/msg/detail/button_event__rosidl_typesupport_introspection_cpp.hpp\n'}
[2.038841] (px4_msgs) StdoutLine: {'line': b'-- Up-to-date symlink: /home/maxim/super_ws/install/px4_msgs/include/px4_msgs/px4_msgs/msg/detail/camera_capture__rosidl_typesupport_introspection_cpp.hpp\n'}
[2.038911] (px4_msgs) StdoutLine: {'line': b'-- Up-to-date symlink: /home/maxim/super_ws/install/px4_msgs/include/px4_msgs/px4_msgs/msg/detail/camera_status__rosidl_typesupport_introspection_cpp.hpp\n'}
[2.038982] (px4_msgs) StdoutLine: {'line': b'-- Up-to-date symlink: /home/maxim/super_ws/install/px4_msgs/include/px4_msgs/px4_msgs/msg/detail/camera_trigger__rosidl_typesupport_introspection_cpp.hpp\n'}
[2.039042] (px4_msgs) StdoutLine: {'line': b'-- Up-to-date symlink: /home/maxim/super_ws/install/px4_msgs/include/px4_msgs/px4_msgs/msg/detail/can_interface_status__rosidl_typesupport_introspection_cpp.hpp\n'}
[2.039122] (px4_msgs) StdoutLine: {'line': b'-- Up-to-date symlink: /home/maxim/super_ws/install/px4_msgs/include/px4_msgs/px4_msgs/msg/detail/cellular_status__rosidl_typesupport_introspection_cpp.hpp\n'}
[2.039193] (px4_msgs) StdoutLine: {'line': b'-- Up-to-date symlink: /home/maxim/super_ws/install/px4_msgs/include/px4_msgs/px4_msgs/msg/detail/collision_constraints__rosidl_typesupport_introspection_cpp.hpp\n'}
[2.039253] (px4_msgs) StdoutLine: {'line': b'-- Up-to-date symlink: /home/maxim/super_ws/install/px4_msgs/include/px4_msgs/px4_msgs/msg/detail/config_overrides__rosidl_typesupport_introspection_cpp.hpp\n'}
[2.039330] (px4_msgs) StdoutLine: {'line': b'-- Up-to-date symlink: /home/maxim/super_ws/install/px4_msgs/include/px4_msgs/px4_msgs/msg/detail/control_allocator_status__rosidl_typesupport_introspection_cpp.hpp\n'}
[2.039401] (px4_msgs) StdoutLine: {'line': b'-- Up-to-date symlink: /home/maxim/super_ws/install/px4_msgs/include/px4_msgs/px4_msgs/msg/detail/cpuload__rosidl_typesupport_introspection_cpp.hpp\n'}
[2.039467] (px4_msgs) StdoutLine: {'line': b'-- Up-to-date symlink: /home/maxim/super_ws/install/px4_msgs/include/px4_msgs/px4_msgs/msg/detail/dataman_request__rosidl_typesupport_introspection_cpp.hpp\n'}
[2.039552] (px4_msgs) StdoutLine: {'line': b'-- Up-to-date symlink: /home/maxim/super_ws/install/px4_msgs/include/px4_msgs/px4_msgs/msg/detail/dataman_response__rosidl_typesupport_introspection_cpp.hpp\n'}
[2.039628] (px4_msgs) StdoutLine: {'line': b'-- Up-to-date symlink: /home/maxim/super_ws/install/px4_msgs/include/px4_msgs/px4_msgs/msg/detail/debug_array__rosidl_typesupport_introspection_cpp.hpp\n'}
[2.039707] (px4_msgs) StdoutLine: {'line': b'-- Up-to-date symlink: /home/maxim/super_ws/install/px4_msgs/include/px4_msgs/px4_msgs/msg/detail/debug_key_value__rosidl_typesupport_introspection_cpp.hpp\n'}
[2.039794] (px4_msgs) StdoutLine: {'line': b'-- Up-to-date symlink: /home/maxim/super_ws/install/px4_msgs/include/px4_msgs/px4_msgs/msg/detail/debug_value__rosidl_typesupport_introspection_cpp.hpp\n'}
[2.039870] (px4_msgs) StdoutLine: {'line': b'-- Up-to-date symlink: /home/maxim/super_ws/install/px4_msgs/include/px4_msgs/px4_msgs/msg/detail/debug_vect__rosidl_typesupport_introspection_cpp.hpp\n'}
[2.039945] (px4_msgs) StdoutLine: {'line': b'-- Up-to-date symlink: /home/maxim/super_ws/install/px4_msgs/include/px4_msgs/px4_msgs/msg/detail/device_information__rosidl_typesupport_introspection_cpp.hpp\n'}
[2.040023] (px4_msgs) StdoutLine: {'line': b'-- Up-to-date symlink: /home/maxim/super_ws/install/px4_msgs/include/px4_msgs/px4_msgs/msg/detail/differential_pressure__rosidl_typesupport_introspection_cpp.hpp\n'}
[2.040099] (px4_msgs) StdoutLine: {'line': b'-- Up-to-date symlink: /home/maxim/super_ws/install/px4_msgs/include/px4_msgs/px4_msgs/msg/detail/distance_sensor__rosidl_typesupport_introspection_cpp.hpp\n'}
[2.040176] (px4_msgs) StdoutLine: {'line': b'-- Up-to-date symlink: /home/maxim/super_ws/install/px4_msgs/include/px4_msgs/px4_msgs/msg/detail/distance_sensor_mode_change_request__rosidl_typesupport_introspection_cpp.hpp\n'}
[2.040249] (px4_msgs) StdoutLine: {'line': b'-- Up-to-date symlink: /home/maxim/super_ws/install/px4_msgs/include/px4_msgs/px4_msgs/msg/detail/dronecan_node_status__rosidl_typesupport_introspection_cpp.hpp\n'}
[2.040321] (px4_msgs) StdoutLine: {'line': b'-- Up-to-date symlink: /home/maxim/super_ws/install/px4_msgs/include/px4_msgs/px4_msgs/msg/detail/ekf2_timestamps__rosidl_typesupport_introspection_cpp.hpp\n'}
[2.040392] (px4_msgs) StdoutLine: {'line': b'-- Up-to-date symlink: /home/maxim/super_ws/install/px4_msgs/include/px4_msgs/px4_msgs/msg/detail/esc_eeprom_read__rosidl_typesupport_introspection_cpp.hpp\n'}
[2.040470] (px4_msgs) StdoutLine: {'line': b'-- Up-to-date symlink: /home/maxim/super_ws/install/px4_msgs/include/px4_msgs/px4_msgs/msg/detail/esc_eeprom_write__rosidl_typesupport_introspection_cpp.hpp\n'}
[2.040541] (px4_msgs) StdoutLine: {'line': b'-- Up-to-date symlink: /home/maxim/super_ws/install/px4_msgs/include/px4_msgs/px4_msgs/msg/detail/esc_report__rosidl_typesupport_introspection_cpp.hpp\n'}
[2.040617] (px4_msgs) StdoutLine: {'line': b'-- Up-to-date symlink: /home/maxim/super_ws/install/px4_msgs/include/px4_msgs/px4_msgs/msg/detail/esc_status__rosidl_typesupport_introspection_cpp.hpp\n'}
[2.040728] (px4_msgs) StdoutLine: {'line': b'-- Up-to-date symlink: /home/maxim/super_ws/install/px4_msgs/include/px4_msgs/px4_msgs/msg/detail/estimator_aid_source1d__rosidl_typesupport_introspection_cpp.hpp\n'}
[2.040814] (px4_msgs) StdoutLine: {'line': b'-- Up-to-date symlink: /home/maxim/super_ws/install/px4_msgs/include/px4_msgs/px4_msgs/msg/detail/estimator_aid_source2d__rosidl_typesupport_introspection_cpp.hpp\n'}
[2.040889] (px4_msgs) StdoutLine: {'line': b'-- Up-to-date symlink: /home/maxim/super_ws/install/px4_msgs/include/px4_msgs/px4_msgs/msg/detail/estimator_aid_source3d__rosidl_typesupport_introspection_cpp.hpp\n'}
[2.040960] (px4_msgs) StdoutLine: {'line': b'-- Up-to-date symlink: /home/maxim/super_ws/install/px4_msgs/include/px4_msgs/px4_msgs/msg/detail/estimator_bias3d__rosidl_typesupport_introspection_cpp.hpp\n'}
[2.041033] (px4_msgs) StdoutLine: {'line': b'-- Up-to-date symlink: /home/maxim/super_ws/install/px4_msgs/include/px4_msgs/px4_msgs/msg/detail/estimator_bias__rosidl_typesupport_introspection_cpp.hpp\n'}
[2.041112] (px4_msgs) StdoutLine: {'line': b'-- Up-to-date symlink: /home/maxim/super_ws/install/px4_msgs/include/px4_msgs/px4_msgs/msg/detail/estimator_event_flags__rosidl_typesupport_introspection_cpp.hpp\n'}
[2.041186] (px4_msgs) StdoutLine: {'line': b'-- Up-to-date symlink: /home/maxim/super_ws/install/px4_msgs/include/px4_msgs/px4_msgs/msg/detail/estimator_fusion_control__rosidl_typesupport_introspection_cpp.hpp\n'}
[2.041256] (px4_msgs) StdoutLine: {'line': b'-- Up-to-date symlink: /home/maxim/super_ws/install/px4_msgs/include/px4_msgs/px4_msgs/msg/detail/estimator_gps_status__rosidl_typesupport_introspection_cpp.hpp\n'}
[2.041331] (px4_msgs) StdoutLine: {'line': b'-- Up-to-date symlink: /home/maxim/super_ws/install/px4_msgs/include/px4_msgs/px4_msgs/msg/detail/estimator_innovations__rosidl_typesupport_introspection_cpp.hpp\n'}
[2.041402] (px4_msgs) StdoutLine: {'line': b'-- Up-to-date symlink: /home/maxim/super_ws/install/px4_msgs/include/px4_msgs/px4_msgs/msg/detail/estimator_selector_status__rosidl_typesupport_introspection_cpp.hpp\n'}
[2.041475] (px4_msgs) StdoutLine: {'line': b'-- Up-to-date symlink: /home/maxim/super_ws/install/px4_msgs/include/px4_msgs/px4_msgs/msg/detail/estimator_sensor_bias__rosidl_typesupport_introspection_cpp.hpp\n'}
[2.041553] (px4_msgs) StdoutLine: {'line': b'-- Up-to-date symlink: /home/maxim/super_ws/install/px4_msgs/include/px4_msgs/px4_msgs/msg/detail/estimator_states__rosidl_typesupport_introspection_cpp.hpp\n'}
[2.041630] (px4_msgs) StdoutLine: {'line': b'-- Up-to-date symlink: /home/maxim/super_ws/install/px4_msgs/include/px4_msgs/px4_msgs/msg/detail/estimator_status__rosidl_typesupport_introspection_cpp.hpp\n'}
[2.041753] (px4_msgs) StdoutLine: {'line': b'-- Up-to-date symlink: /home/maxim/super_ws/install/px4_msgs/include/px4_msgs/px4_msgs/msg/detail/estimator_status_flags__rosidl_typesupport_introspection_cpp.hpp\n'}
[2.041829] (px4_msgs) StdoutLine: {'line': b'-- Up-to-date symlink: /home/maxim/super_ws/install/px4_msgs/include/px4_msgs/px4_msgs/msg/detail/event__rosidl_typesupport_introspection_cpp.hpp\n'}
[2.041905] (px4_msgs) StdoutLine: {'line': b'-- Up-to-date symlink: /home/maxim/super_ws/install/px4_msgs/include/px4_msgs/px4_msgs/msg/detail/failsafe_flags__rosidl_typesupport_introspection_cpp.hpp\n'}
[2.041976] (px4_msgs) StdoutLine: {'line': b'-- Up-to-date symlink: /home/maxim/super_ws/install/px4_msgs/include/px4_msgs/px4_msgs/msg/detail/failure_detector_status__rosidl_typesupport_introspection_cpp.hpp\n'}
[2.042049] (px4_msgs) StdoutLine: {'line': b'-- Up-to-date symlink: /home/maxim/super_ws/install/px4_msgs/include/px4_msgs/px4_msgs/msg/detail/fiducial_marker_pos_report__rosidl_typesupport_introspection_cpp.hpp\n'}
[2.042121] (px4_msgs) StdoutLine: {'line': b'-- Up-to-date symlink: /home/maxim/super_ws/install/px4_msgs/include/px4_msgs/px4_msgs/msg/detail/fiducial_marker_yaw_report__rosidl_typesupport_introspection_cpp.hpp\n'}
[2.042195] (px4_msgs) StdoutLine: {'line': b'-- Up-to-date symlink: /home/maxim/super_ws/install/px4_msgs/include/px4_msgs/px4_msgs/msg/detail/figure_eight_status__rosidl_typesupport_introspection_cpp.hpp\n'}
[2.042269] (px4_msgs) StdoutLine: {'line': b'-- Up-to-date symlink: /home/maxim/super_ws/install/px4_msgs/include/px4_msgs/px4_msgs/msg/detail/fixed_wing_lateral_guidance_status__rosidl_typesupport_introspection_cpp.hpp\n'}
[2.042425] (px4_msgs) StdoutLine: {'line': b'-- Up-to-date symlink: /home/maxim/super_ws/install/px4_msgs/include/px4_msgs/px4_msgs/msg/detail/fixed_wing_lateral_setpoint__rosidl_typesupport_introspection_cpp.hpp\n'}
[2.042544] (px4_msgs) StdoutLine: {'line': b'-- Up-to-date symlink: /home/maxim/super_ws/install/px4_msgs/include/px4_msgs/px4_msgs/msg/detail/fixed_wing_lateral_status__rosidl_typesupport_introspection_cpp.hpp\n'}
[2.042647] (px4_msgs) StdoutLine: {'line': b'-- Up-to-date symlink: /home/maxim/super_ws/install/px4_msgs/include/px4_msgs/px4_msgs/msg/detail/fixed_wing_longitudinal_setpoint__rosidl_typesupport_introspection_cpp.hpp\n'}
[2.042730] (px4_msgs) StdoutLine: {'line': b'-- Up-to-date symlink: /home/maxim/super_ws/install/px4_msgs/include/px4_msgs/px4_msgs/msg/detail/fixed_wing_runway_control__rosidl_typesupport_introspection_cpp.hpp\n'}
[2.042810] (px4_msgs) StdoutLine: {'line': b'-- Up-to-date symlink: /home/maxim/super_ws/install/px4_msgs/include/px4_msgs/px4_msgs/msg/detail/flight_phase_estimation__rosidl_typesupport_introspection_cpp.hpp\n'}
[2.042872] (px4_msgs) StdoutLine: {'line': b'-- Up-to-date symlink: /home/maxim/super_ws/install/px4_msgs/include/px4_msgs/px4_msgs/msg/detail/follow_target__rosidl_typesupport_introspection_cpp.hpp\n'}
[2.042985] (px4_msgs) StdoutLine: {'line': b'-- Up-to-date symlink: /home/maxim/super_ws/install/px4_msgs/include/px4_msgs/px4_msgs/msg/detail/follow_target_estimator__rosidl_typesupport_introspection_cpp.hpp\n'}
[2.043050] (px4_msgs) StdoutLine: {'line': b'-- Up-to-date symlink: /home/maxim/super_ws/install/px4_msgs/include/px4_msgs/px4_msgs/msg/detail/follow_target_status__rosidl_typesupport_introspection_cpp.hpp\n'}
[2.043124] (px4_msgs) StdoutLine: {'line': b'-- Up-to-date symlink: /home/maxim/super_ws/install/px4_msgs/include/px4_msgs/px4_msgs/msg/detail/fuel_tank_status__rosidl_typesupport_introspection_cpp.hpp\n'}
[2.043196] (px4_msgs) StdoutLine: {'line': b'-- Up-to-date symlink: /home/maxim/super_ws/install/px4_msgs/include/px4_msgs/px4_msgs/msg/detail/gain_compression__rosidl_typesupport_introspection_cpp.hpp\n'}
[2.043270] (px4_msgs) StdoutLine: {'line': b'-- Up-to-date symlink: /home/maxim/super_ws/install/px4_msgs/include/px4_msgs/px4_msgs/msg/detail/generator_status__rosidl_typesupport_introspection_cpp.hpp\n'}
[2.043338] (px4_msgs) StdoutLine: {'line': b'-- Up-to-date symlink: /home/maxim/super_ws/install/px4_msgs/include/px4_msgs/px4_msgs/msg/detail/geofence_result__rosidl_typesupport_introspection_cpp.hpp\n'}
[2.043398] (px4_msgs) StdoutLine: {'line': b'-- Up-to-date symlink: /home/maxim/super_ws/install/px4_msgs/include/px4_msgs/px4_msgs/msg/detail/geofence_status__rosidl_typesupport_introspection_cpp.hpp\n'}
[2.043485] (px4_msgs) StdoutLine: {'line': b'-- Up-to-date symlink: /home/maxim/super_ws/install/px4_msgs/include/px4_msgs/px4_msgs/msg/detail/gimbal_controls__rosidl_typesupport_introspection_cpp.hpp\n'}
[2.043565] (px4_msgs) StdoutLine: {'line': b'-- Up-to-date symlink: /home/maxim/super_ws/install/px4_msgs/include/px4_msgs/px4_msgs/msg/detail/gimbal_device_attitude_status__rosidl_typesupport_introspection_cpp.hpp\n'}
[2.043646] (px4_msgs) StdoutLine: {'line': b'-- Up-to-date symlink: /home/maxim/super_ws/install/px4_msgs/include/px4_msgs/px4_msgs/msg/detail/gimbal_device_information__rosidl_typesupport_introspection_cpp.hpp\n'}
[2.043710] (px4_msgs) StdoutLine: {'line': b'-- Up-to-date symlink: /home/maxim/super_ws/install/px4_msgs/include/px4_msgs/px4_msgs/msg/detail/gimbal_device_set_attitude__rosidl_typesupport_introspection_cpp.hpp\n'}
[2.043794] (px4_msgs) StdoutLine: {'line': b'-- Up-to-date symlink: /home/maxim/super_ws/install/px4_msgs/include/px4_msgs/px4_msgs/msg/detail/gimbal_manager_information__rosidl_typesupport_introspection_cpp.hpp\n'}
[2.043865] (px4_msgs) StdoutLine: {'line': b'-- Up-to-date symlink: /home/maxim/super_ws/install/px4_msgs/include/px4_msgs/px4_msgs/msg/detail/gimbal_manager_set_attitude__rosidl_typesupport_introspection_cpp.hpp\n'}
[2.043937] (px4_msgs) StdoutLine: {'line': b'-- Up-to-date symlink: /home/maxim/super_ws/install/px4_msgs/include/px4_msgs/px4_msgs/msg/detail/gimbal_manager_set_manual_control__rosidl_typesupport_introspection_cpp.hpp\n'}
[2.043998] (px4_msgs) StdoutLine: {'line': b'-- Up-to-date symlink: /home/maxim/super_ws/install/px4_msgs/include/px4_msgs/px4_msgs/msg/detail/gimbal_manager_status__rosidl_typesupport_introspection_cpp.hpp\n'}
[2.044067] (px4_msgs) StdoutLine: {'line': b'-- Up-to-date symlink: /home/maxim/super_ws/install/px4_msgs/include/px4_msgs/px4_msgs/msg/detail/goto_setpoint__rosidl_typesupport_introspection_cpp.hpp\n'}
[2.044136] (px4_msgs) StdoutLine: {'line': b'-- Up-to-date symlink: /home/maxim/super_ws/install/px4_msgs/include/px4_msgs/px4_msgs/msg/detail/gpio_config__rosidl_typesupport_introspection_cpp.hpp\n'}
[2.044209] (px4_msgs) StdoutLine: {'line': b'-- Up-to-date symlink: /home/maxim/super_ws/install/px4_msgs/include/px4_msgs/px4_msgs/msg/detail/gpio_in__rosidl_typesupport_introspection_cpp.hpp\n'}
[2.044279] (px4_msgs) StdoutLine: {'line': b'-- Up-to-date symlink: /home/maxim/super_ws/install/px4_msgs/include/px4_msgs/px4_msgs/msg/detail/gpio_out__rosidl_typesupport_introspection_cpp.hpp\n'}
[2.044347] (px4_msgs) StdoutLine: {'line': b'-- Up-to-date symlink: /home/maxim/super_ws/install/px4_msgs/include/px4_msgs/px4_msgs/msg/detail/gpio_request__rosidl_typesupport_introspection_cpp.hpp\n'}
[2.044421] (px4_msgs) StdoutLine: {'line': b'-- Up-to-date symlink: /home/maxim/super_ws/install/px4_msgs/include/px4_msgs/px4_msgs/msg/detail/gps_dump__rosidl_typesupport_introspection_cpp.hpp\n'}
[2.044492] (px4_msgs) StdoutLine: {'line': b'-- Up-to-date symlink: /home/maxim/super_ws/install/px4_msgs/include/px4_msgs/px4_msgs/msg/detail/gps_inject_data__rosidl_typesupport_introspection_cpp.hpp\n'}
[2.044558] (px4_msgs) StdoutLine: {'line': b'-- Up-to-date symlink: /home/maxim/super_ws/install/px4_msgs/include/px4_msgs/px4_msgs/msg/detail/gripper__rosidl_typesupport_introspection_cpp.hpp\n'}
[2.044630] (px4_msgs) StdoutLine: {'line': b'-- Up-to-date symlink: /home/maxim/super_ws/install/px4_msgs/include/px4_msgs/px4_msgs/msg/detail/health_report__rosidl_typesupport_introspection_cpp.hpp\n'}
[2.044750] (px4_msgs) StdoutLine: {'line': b'-- Up-to-date symlink: /home/maxim/super_ws/install/px4_msgs/include/px4_msgs/px4_msgs/msg/detail/heater_status__rosidl_typesupport_introspection_cpp.hpp\n'}
[2.044841] (px4_msgs) StdoutLine: {'line': b'-- Up-to-date symlink: /home/maxim/super_ws/install/px4_msgs/include/px4_msgs/px4_msgs/msg/detail/home_position__rosidl_typesupport_introspection_cpp.hpp\n'}
[2.044919] (px4_msgs) StdoutLine: {'line': b'-- Up-to-date symlink: /home/maxim/super_ws/install/px4_msgs/include/px4_msgs/px4_msgs/msg/detail/hover_thrust_estimate__rosidl_typesupport_introspection_cpp.hpp\n'}
[2.044996] (px4_msgs) StdoutLine: {'line': b'-- Up-to-date symlink: /home/maxim/super_ws/install/px4_msgs/include/px4_msgs/px4_msgs/msg/detail/input_rc__rosidl_typesupport_introspection_cpp.hpp\n'}
[2.045070] (px4_msgs) StdoutLine: {'line': b'-- Up-to-date symlink: /home/maxim/super_ws/install/px4_msgs/include/px4_msgs/px4_msgs/msg/detail/internal_combustion_engine_control__rosidl_typesupport_introspection_cpp.hpp\n'}
[2.045140] (px4_msgs) StdoutLine: {'line': b'-- Up-to-date symlink: /home/maxim/super_ws/install/px4_msgs/include/px4_msgs/px4_msgs/msg/detail/internal_combustion_engine_status__rosidl_typesupport_introspection_cpp.hpp\n'}
[2.045213] (px4_msgs) StdoutLine: {'line': b'-- Up-to-date symlink: /home/maxim/super_ws/install/px4_msgs/include/px4_msgs/px4_msgs/msg/detail/iridiumsbd_status__rosidl_typesupport_introspection_cpp.hpp\n'}
[2.045289] (px4_msgs) StdoutLine: {'line': b'-- Up-to-date symlink: /home/maxim/super_ws/install/px4_msgs/include/px4_msgs/px4_msgs/msg/detail/irlock_report__rosidl_typesupport_introspection_cpp.hpp\n'}
[2.045407] (px4_msgs) StdoutLine: {'line': b'-- Up-to-date symlink: /home/maxim/super_ws/install/px4_msgs/include/px4_msgs/px4_msgs/msg/detail/landing_gear__rosidl_typesupport_introspection_cpp.hpp\n'}
[2.045494] (px4_msgs) StdoutLine: {'line': b'-- Up-to-date symlink: /home/maxim/super_ws/install/px4_msgs/include/px4_msgs/px4_msgs/msg/detail/landing_gear_wheel__rosidl_typesupport_introspection_cpp.hpp\n'}
[2.045578] (px4_msgs) StdoutLine: {'line': b'-- Up-to-date symlink: /home/maxim/super_ws/install/px4_msgs/include/px4_msgs/px4_msgs/msg/detail/landing_target_innovations__rosidl_typesupport_introspection_cpp.hpp\n'}
[2.045656] (px4_msgs) StdoutLine: {'line': b'-- Up-to-date symlink: /home/maxim/super_ws/install/px4_msgs/include/px4_msgs/px4_msgs/msg/detail/landing_target_pose__rosidl_typesupport_introspection_cpp.hpp\n'}
[2.045741] (px4_msgs) StdoutLine: {'line': b'-- Up-to-date symlink: /home/maxim/super_ws/install/px4_msgs/include/px4_msgs/px4_msgs/msg/detail/lateral_control_configuration__rosidl_typesupport_introspection_cpp.hpp\n'}
[2.045804] (px4_msgs) StdoutLine: {'line': b'-- Up-to-date symlink: /home/maxim/super_ws/install/px4_msgs/include/px4_msgs/px4_msgs/msg/detail/launch_detection_status__rosidl_typesupport_introspection_cpp.hpp\n'}
[2.045877] (px4_msgs) StdoutLine: {'line': b'-- Up-to-date symlink: /home/maxim/super_ws/install/px4_msgs/include/px4_msgs/px4_msgs/msg/detail/led_control__rosidl_typesupport_introspection_cpp.hpp\n'}
[2.045949] (px4_msgs) StdoutLine: {'line': b'-- Up-to-date symlink: /home/maxim/super_ws/install/px4_msgs/include/px4_msgs/px4_msgs/msg/detail/log_message__rosidl_typesupport_introspection_cpp.hpp\n'}
[2.046022] (px4_msgs) StdoutLine: {'line': b'-- Up-to-date symlink: /home/maxim/super_ws/install/px4_msgs/include/px4_msgs/px4_msgs/msg/detail/logger_status__rosidl_typesupport_introspection_cpp.hpp\n'}
[2.046092] (px4_msgs) StdoutLine: {'line': b'-- Up-to-date symlink: /home/maxim/super_ws/install/px4_msgs/include/px4_msgs/px4_msgs/msg/detail/longitudinal_control_configuration__rosidl_typesupport_introspection_cpp.hpp\n'}
[2.046166] (px4_msgs) StdoutLine: {'line': b'-- Up-to-date symlink: /home/maxim/super_ws/install/px4_msgs/include/px4_msgs/px4_msgs/msg/detail/mag_worker_data__rosidl_typesupport_introspection_cpp.hpp\n'}
[2.046237] (px4_msgs) StdoutLine: {'line': b'-- Up-to-date symlink: /home/maxim/super_ws/install/px4_msgs/include/px4_msgs/px4_msgs/msg/detail/magnetometer_bias_estimate__rosidl_typesupport_introspection_cpp.hpp\n'}
[2.046309] (px4_msgs) StdoutLine: {'line': b'-- Up-to-date symlink: /home/maxim/super_ws/install/px4_msgs/include/px4_msgs/px4_msgs/msg/detail/manual_control_setpoint__rosidl_typesupport_introspection_cpp.hpp\n'}
[2.046382] (px4_msgs) StdoutLine: {'line': b'-- Up-to-date symlink: /home/maxim/super_ws/install/px4_msgs/include/px4_msgs/px4_msgs/msg/detail/manual_control_switches__rosidl_typesupport_introspection_cpp.hpp\n'}
[2.046453] (px4_msgs) StdoutLine: {'line': b'-- Up-to-date symlink: /home/maxim/super_ws/install/px4_msgs/include/px4_msgs/px4_msgs/msg/detail/mavlink_log__rosidl_typesupport_introspection_cpp.hpp\n'}
[2.046527] (px4_msgs) StdoutLine: {'line': b'-- Up-to-date symlink: /home/maxim/super_ws/install/px4_msgs/include/px4_msgs/px4_msgs/msg/detail/mavlink_tunnel__rosidl_typesupport_introspection_cpp.hpp\n'}
[2.046614] (px4_msgs) StdoutLine: {'line': b'-- Up-to-date symlink: /home/maxim/super_ws/install/px4_msgs/include/px4_msgs/px4_msgs/msg/detail/message_format_request__rosidl_typesupport_introspection_cpp.hpp\n'}
[2.046723] (px4_msgs) StdoutLine: {'line': b'-- Up-to-date symlink: /home/maxim/super_ws/install/px4_msgs/include/px4_msgs/px4_msgs/msg/detail/message_format_response__rosidl_typesupport_introspection_cpp.hpp\n'}
[2.046806] (px4_msgs) StdoutLine: {'line': b'-- Up-to-date symlink: /home/maxim/super_ws/install/px4_msgs/include/px4_msgs/px4_msgs/msg/detail/mission__rosidl_typesupport_introspection_cpp.hpp\n'}
[2.046883] (px4_msgs) StdoutLine: {'line': b'-- Up-to-date symlink: /home/maxim/super_ws/install/px4_msgs/include/px4_msgs/px4_msgs/msg/detail/mission_result__rosidl_typesupport_introspection_cpp.hpp\n'}
[2.046955] (px4_msgs) StdoutLine: {'line': b'-- Up-to-date symlink: /home/maxim/super_ws/install/px4_msgs/include/px4_msgs/px4_msgs/msg/detail/mode_completed__rosidl_typesupport_introspection_cpp.hpp\n'}
[2.047028] (px4_msgs) StdoutLine: {'line': b'-- Up-to-date symlink: /home/maxim/super_ws/install/px4_msgs/include/px4_msgs/px4_msgs/msg/detail/mount_orientation__rosidl_typesupport_introspection_cpp.hpp\n'}
[2.047101] (px4_msgs) StdoutLine: {'line': b'-- Up-to-date symlink: /home/maxim/super_ws/install/px4_msgs/include/px4_msgs/px4_msgs/msg/detail/navigator_mission_item__rosidl_typesupport_introspection_cpp.hpp\n'}
[2.047172] (px4_msgs) StdoutLine: {'line': b'-- Up-to-date symlink: /home/maxim/super_ws/install/px4_msgs/include/px4_msgs/px4_msgs/msg/detail/navigator_status__rosidl_typesupport_introspection_cpp.hpp\n'}
[2.047243] (px4_msgs) StdoutLine: {'line': b'-- Up-to-date symlink: /home/maxim/super_ws/install/px4_msgs/include/px4_msgs/px4_msgs/msg/detail/neural_control__rosidl_typesupport_introspection_cpp.hpp\n'}
[2.047314] (px4_msgs) StdoutLine: {'line': b'-- Up-to-date symlink: /home/maxim/super_ws/install/px4_msgs/include/px4_msgs/px4_msgs/msg/detail/normalized_unsigned_setpoint__rosidl_typesupport_introspection_cpp.hpp\n'}
[2.047395] (px4_msgs) StdoutLine: {'line': b'-- Up-to-date symlink: /home/maxim/super_ws/install/px4_msgs/include/px4_msgs/px4_msgs/msg/detail/obstacle_distance__rosidl_typesupport_introspection_cpp.hpp\n'}
[2.047501] (px4_msgs) StdoutLine: {'line': b'-- Up-to-date symlink: /home/maxim/super_ws/install/px4_msgs/include/px4_msgs/px4_msgs/msg/detail/offboard_control_mode__rosidl_typesupport_introspection_cpp.hpp\n'}
[2.047577] (px4_msgs) StdoutLine: {'line': b'-- Up-to-date symlink: /home/maxim/super_ws/install/px4_msgs/include/px4_msgs/px4_msgs/msg/detail/onboard_computer_status__rosidl_typesupport_introspection_cpp.hpp\n'}
[2.047652] (px4_msgs) StdoutLine: {'line': b'-- Up-to-date symlink: /home/maxim/super_ws/install/px4_msgs/include/px4_msgs/px4_msgs/msg/detail/open_drone_id_arm_status__rosidl_typesupport_introspection_cpp.hpp\n'}
[2.047725] (px4_msgs) StdoutLine: {'line': b'-- Up-to-date symlink: /home/maxim/super_ws/install/px4_msgs/include/px4_msgs/px4_msgs/msg/detail/open_drone_id_operator_id__rosidl_typesupport_introspection_cpp.hpp\n'}
[2.047795] (px4_msgs) StdoutLine: {'line': b'-- Up-to-date symlink: /home/maxim/super_ws/install/px4_msgs/include/px4_msgs/px4_msgs/msg/detail/open_drone_id_self_id__rosidl_typesupport_introspection_cpp.hpp\n'}
[2.047874] (px4_msgs) StdoutLine: {'line': b'-- Up-to-date symlink: /home/maxim/super_ws/install/px4_msgs/include/px4_msgs/px4_msgs/msg/detail/open_drone_id_system__rosidl_typesupport_introspection_cpp.hpp\n'}
[2.047972] (px4_msgs) StdoutLine: {'line': b'-- Up-to-date symlink: /home/maxim/super_ws/install/px4_msgs/include/px4_msgs/px4_msgs/msg/detail/orb_test__rosidl_typesupport_introspection_cpp.hpp\n'}
[2.048061] (px4_msgs) StdoutLine: {'line': b'-- Up-to-date symlink: /home/maxim/super_ws/install/px4_msgs/include/px4_msgs/px4_msgs/msg/detail/orb_test_large__rosidl_typesupport_introspection_cpp.hpp\n'}
[2.048138] (px4_msgs) StdoutLine: {'line': b'-- Up-to-date symlink: /home/maxim/super_ws/install/px4_msgs/include/px4_msgs/px4_msgs/msg/detail/orb_test_medium__rosidl_typesupport_introspection_cpp.hpp\n'}
[2.048210] (px4_msgs) StdoutLine: {'line': b'-- Up-to-date symlink: /home/maxim/super_ws/install/px4_msgs/include/px4_msgs/px4_msgs/msg/detail/orbit_status__rosidl_typesupport_introspection_cpp.hpp\n'}
[2.048280] (px4_msgs) StdoutLine: {'line': b'-- Up-to-date symlink: /home/maxim/super_ws/install/px4_msgs/include/px4_msgs/px4_msgs/msg/detail/parameter_reset_request__rosidl_typesupport_introspection_cpp.hpp\n'}
[2.048354] (px4_msgs) StdoutLine: {'line': b'-- Up-to-date symlink: /home/maxim/super_ws/install/px4_msgs/include/px4_msgs/px4_msgs/msg/detail/parameter_set_used_request__rosidl_typesupport_introspection_cpp.hpp\n'}
[2.048428] (px4_msgs) StdoutLine: {'line': b'-- Up-to-date symlink: /home/maxim/super_ws/install/px4_msgs/include/px4_msgs/px4_msgs/msg/detail/parameter_set_value_request__rosidl_typesupport_introspection_cpp.hpp\n'}
[2.048499] (px4_msgs) StdoutLine: {'line': b'-- Up-to-date symlink: /home/maxim/super_ws/install/px4_msgs/include/px4_msgs/px4_msgs/msg/detail/parameter_set_value_response__rosidl_typesupport_introspection_cpp.hpp\n'}
[2.048569] (px4_msgs) StdoutLine: {'line': b'-- Up-to-date symlink: /home/maxim/super_ws/install/px4_msgs/include/px4_msgs/px4_msgs/msg/detail/parameter_update__rosidl_typesupport_introspection_cpp.hpp\n'}
[2.048644] (px4_msgs) StdoutLine: {'line': b'-- Up-to-date symlink: /home/maxim/super_ws/install/px4_msgs/include/px4_msgs/px4_msgs/msg/detail/ping__rosidl_typesupport_introspection_cpp.hpp\n'}
[2.048720] (px4_msgs) StdoutLine: {'line': b'-- Up-to-date symlink: /home/maxim/super_ws/install/px4_msgs/include/px4_msgs/px4_msgs/msg/detail/position_controller_landing_status__rosidl_typesupport_introspection_cpp.hpp\n'}
[2.048837] (px4_msgs) StdoutLine: {'line': b'-- Up-to-date symlink: /home/maxim/super_ws/install/px4_msgs/include/px4_msgs/px4_msgs/msg/detail/position_controller_status__rosidl_typesupport_introspection_cpp.hpp\n'}
[2.048910] (px4_msgs) StdoutLine: {'line': b'-- Up-to-date symlink: /home/maxim/super_ws/install/px4_msgs/include/px4_msgs/px4_msgs/msg/detail/position_setpoint__rosidl_typesupport_introspection_cpp.hpp\n'}
[2.048993] (px4_msgs) StdoutLine: {'line': b'-- Up-to-date symlink: /home/maxim/super_ws/install/px4_msgs/include/px4_msgs/px4_msgs/msg/detail/position_setpoint_triplet__rosidl_typesupport_introspection_cpp.hpp\n'}
[2.049068] (px4_msgs) StdoutLine: {'line': b'-- Up-to-date symlink: /home/maxim/super_ws/install/px4_msgs/include/px4_msgs/px4_msgs/msg/detail/power_button_state__rosidl_typesupport_introspection_cpp.hpp\n'}
[2.049145] (px4_msgs) StdoutLine: {'line': b'-- Up-to-date symlink: /home/maxim/super_ws/install/px4_msgs/include/px4_msgs/px4_msgs/msg/detail/power_monitor__rosidl_typesupport_introspection_cpp.hpp\n'}
[2.049218] (px4_msgs) StdoutLine: {'line': b'-- Up-to-date symlink: /home/maxim/super_ws/install/px4_msgs/include/px4_msgs/px4_msgs/msg/detail/pps_capture__rosidl_typesupport_introspection_cpp.hpp\n'}
[2.049290] (px4_msgs) StdoutLine: {'line': b'-- Up-to-date symlink: /home/maxim/super_ws/install/px4_msgs/include/px4_msgs/px4_msgs/msg/detail/prec_land_status__rosidl_typesupport_introspection_cpp.hpp\n'}
[2.049378] (px4_msgs) StdoutLine: {'line': b'-- Up-to-date symlink: /home/maxim/super_ws/install/px4_msgs/include/px4_msgs/px4_msgs/msg/detail/pure_pursuit_status__rosidl_typesupport_introspection_cpp.hpp\n'}
[2.049463] (px4_msgs) StdoutLine: {'line': b'-- Up-to-date symlink: /home/maxim/super_ws/install/px4_msgs/include/px4_msgs/px4_msgs/msg/detail/pwm_input__rosidl_typesupport_introspection_cpp.hpp\n'}
[2.049539] (px4_msgs) StdoutLine: {'line': b'-- Up-to-date symlink: /home/maxim/super_ws/install/px4_msgs/include/px4_msgs/px4_msgs/msg/detail/px4io_status__rosidl_typesupport_introspection_cpp.hpp\n'}
[2.049618] (px4_msgs) StdoutLine: {'line': b'-- Up-to-date symlink: /home/maxim/super_ws/install/px4_msgs/include/px4_msgs/px4_msgs/msg/detail/qshell_req__rosidl_typesupport_introspection_cpp.hpp\n'}
[2.049714] (px4_msgs) StdoutLine: {'line': b'-- Up-to-date symlink: /home/maxim/super_ws/install/px4_msgs/include/px4_msgs/px4_msgs/msg/detail/qshell_retval__rosidl_typesupport_introspection_cpp.hpp\n'}
[2.049829] (px4_msgs) StdoutLine: {'line': b'-- Up-to-date symlink: /home/maxim/super_ws/install/px4_msgs/include/px4_msgs/px4_msgs/msg/detail/radio_status__rosidl_typesupport_introspection_cpp.hpp\n'}
[2.049892] (px4_msgs) StdoutLine: {'line': b'-- Up-to-date symlink: /home/maxim/super_ws/install/px4_msgs/include/px4_msgs/px4_msgs/msg/detail/ranging_beacon__rosidl_typesupport_introspection_cpp.hpp\n'}
[2.049966] (px4_msgs) StdoutLine: {'line': b'-- Up-to-date symlink: /home/maxim/super_ws/install/px4_msgs/include/px4_msgs/px4_msgs/msg/detail/raptor_input__rosidl_typesupport_introspection_cpp.hpp\n'}
[2.050036] (px4_msgs) StdoutLine: {'line': b'-- Up-to-date symlink: /home/maxim/super_ws/install/px4_msgs/include/px4_msgs/px4_msgs/msg/detail/raptor_status__rosidl_typesupport_introspection_cpp.hpp\n'}
[2.050105] (px4_msgs) StdoutLine: {'line': b'-- Up-to-date symlink: /home/maxim/super_ws/install/px4_msgs/include/px4_msgs/px4_msgs/msg/detail/rate_ctrl_status__rosidl_typesupport_introspection_cpp.hpp\n'}
[2.050180] (px4_msgs) StdoutLine: {'line': b'-- Up-to-date symlink: /home/maxim/super_ws/install/px4_msgs/include/px4_msgs/px4_msgs/msg/detail/rc_channels__rosidl_typesupport_introspection_cpp.hpp\n'}
[2.050250] (px4_msgs) StdoutLine: {'line': b'-- Up-to-date symlink: /home/maxim/super_ws/install/px4_msgs/include/px4_msgs/px4_msgs/msg/detail/rc_parameter_map__rosidl_typesupport_introspection_cpp.hpp\n'}
[2.050324] (px4_msgs) StdoutLine: {'line': b'-- Up-to-date symlink: /home/maxim/super_ws/install/px4_msgs/include/px4_msgs/px4_msgs/msg/detail/register_ext_component_reply__rosidl_typesupport_introspection_cpp.hpp\n'}
[2.050395] (px4_msgs) StdoutLine: {'line': b'-- Up-to-date symlink: /home/maxim/super_ws/install/px4_msgs/include/px4_msgs/px4_msgs/msg/detail/register_ext_component_request__rosidl_typesupport_introspection_cpp.hpp\n'}
[2.050464] (px4_msgs) StdoutLine: {'line': b'-- Up-to-date symlink: /home/maxim/super_ws/install/px4_msgs/include/px4_msgs/px4_msgs/msg/detail/rover_attitude_setpoint__rosidl_typesupport_introspection_cpp.hpp\n'}
[2.050560] (px4_msgs) StdoutLine: {'line': b'-- Up-to-date symlink: /home/maxim/super_ws/install/px4_msgs/include/px4_msgs/px4_msgs/msg/detail/rover_attitude_status__rosidl_typesupport_introspection_cpp.hpp\n'}
[2.050635] (px4_msgs) StdoutLine: {'line': b'-- Up-to-date symlink: /home/maxim/super_ws/install/px4_msgs/include/px4_msgs/px4_msgs/msg/detail/rover_position_setpoint__rosidl_typesupport_introspection_cpp.hpp\n'}
[2.050733] (px4_msgs) StdoutLine: {'line': b'-- Up-to-date symlink: /home/maxim/super_ws/install/px4_msgs/include/px4_msgs/px4_msgs/msg/detail/rover_rate_setpoint__rosidl_typesupport_introspection_cpp.hpp\n'}
[2.050830] (px4_msgs) StdoutLine: {'line': b'-- Up-to-date symlink: /home/maxim/super_ws/install/px4_msgs/include/px4_msgs/px4_msgs/msg/detail/rover_rate_status__rosidl_typesupport_introspection_cpp.hpp\n'}
[2.050911] (px4_msgs) StdoutLine: {'line': b'-- Up-to-date symlink: /home/maxim/super_ws/install/px4_msgs/include/px4_msgs/px4_msgs/msg/detail/rover_speed_setpoint__rosidl_typesupport_introspection_cpp.hpp\n'}
[2.050996] (px4_msgs) StdoutLine: {'line': b'-- Up-to-date symlink: /home/maxim/super_ws/install/px4_msgs/include/px4_msgs/px4_msgs/msg/detail/rover_speed_status__rosidl_typesupport_introspection_cpp.hpp\n'}
[2.051074] (px4_msgs) StdoutLine: {'line': b'-- Up-to-date symlink: /home/maxim/super_ws/install/px4_msgs/include/px4_msgs/px4_msgs/msg/detail/rover_steering_setpoint__rosidl_typesupport_introspection_cpp.hpp\n'}
[2.051147] (px4_msgs) StdoutLine: {'line': b'-- Up-to-date symlink: /home/maxim/super_ws/install/px4_msgs/include/px4_msgs/px4_msgs/msg/detail/rover_throttle_setpoint__rosidl_typesupport_introspection_cpp.hpp\n'}
[2.051222] (px4_msgs) StdoutLine: {'line': b'-- Up-to-date symlink: /home/maxim/super_ws/install/px4_msgs/include/px4_msgs/px4_msgs/msg/detail/rpm__rosidl_typesupport_introspection_cpp.hpp\n'}
[2.051300] (px4_msgs) StdoutLine: {'line': b'-- Up-to-date symlink: /home/maxim/super_ws/install/px4_msgs/include/px4_msgs/px4_msgs/msg/detail/rtl_status__rosidl_typesupport_introspection_cpp.hpp\n'}
[2.051373] (px4_msgs) StdoutLine: {'line': b'-- Up-to-date symlink: /home/maxim/super_ws/install/px4_msgs/include/px4_msgs/px4_msgs/msg/detail/rtl_time_estimate__rosidl_typesupport_introspection_cpp.hpp\n'}
[2.051446] (px4_msgs) StdoutLine: {'line': b'-- Up-to-date symlink: /home/maxim/super_ws/install/px4_msgs/include/px4_msgs/px4_msgs/msg/detail/satellite_info__rosidl_typesupport_introspection_cpp.hpp\n'}
[2.051521] (px4_msgs) StdoutLine: {'line': b'-- Up-to-date symlink: /home/maxim/super_ws/install/px4_msgs/include/px4_msgs/px4_msgs/msg/detail/sensor_accel__rosidl_typesupport_introspection_cpp.hpp\n'}
[2.051595] (px4_msgs) StdoutLine: {'line': b'-- Up-to-date symlink: /home/maxim/super_ws/install/px4_msgs/include/px4_msgs/px4_msgs/msg/detail/sensor_accel_fifo__rosidl_typesupport_introspection_cpp.hpp\n'}
[2.051670] (px4_msgs) StdoutLine: {'line': b'-- Up-to-date symlink: /home/maxim/super_ws/install/px4_msgs/include/px4_msgs/px4_msgs/msg/detail/sensor_airflow__rosidl_typesupport_introspection_cpp.hpp\n'}
[2.051744] (px4_msgs) StdoutLine: {'line': b'-- Up-to-date symlink: /home/maxim/super_ws/install/px4_msgs/include/px4_msgs/px4_msgs/msg/detail/sensor_baro__rosidl_typesupport_introspection_cpp.hpp\n'}
[2.051817] (px4_msgs) StdoutLine: {'line': b'-- Up-to-date symlink: /home/maxim/super_ws/install/px4_msgs/include/px4_msgs/px4_msgs/msg/detail/sensor_combined__rosidl_typesupport_introspection_cpp.hpp\n'}
[2.051888] (px4_msgs) StdoutLine: {'line': b'-- Up-to-date symlink: /home/maxim/super_ws/install/px4_msgs/include/px4_msgs/px4_msgs/msg/detail/sensor_correction__rosidl_typesupport_introspection_cpp.hpp\n'}
[2.051999] (px4_msgs) StdoutLine: {'line': b'-- Up-to-date symlink: /home/maxim/super_ws/install/px4_msgs/include/px4_msgs/px4_msgs/msg/detail/sensor_gnss_relative__rosidl_typesupport_introspection_cpp.hpp\n'}
[2.052072] (px4_msgs) StdoutLine: {'line': b'-- Up-to-date symlink: /home/maxim/super_ws/install/px4_msgs/include/px4_msgs/px4_msgs/msg/detail/sensor_gnss_status__rosidl_typesupport_introspection_cpp.hpp\n'}
[2.052141] (px4_msgs) StdoutLine: {'line': b'-- Up-to-date symlink: /home/maxim/super_ws/install/px4_msgs/include/px4_msgs/px4_msgs/msg/detail/sensor_gps__rosidl_typesupport_introspection_cpp.hpp\n'}
[2.052217] (px4_msgs) StdoutLine: {'line': b'-- Up-to-date symlink: /home/maxim/super_ws/install/px4_msgs/include/px4_msgs/px4_msgs/msg/detail/sensor_gyro__rosidl_typesupport_introspection_cpp.hpp\n'}
[2.052293] (px4_msgs) StdoutLine: {'line': b'-- Up-to-date symlink: /home/maxim/super_ws/install/px4_msgs/include/px4_msgs/px4_msgs/msg/detail/sensor_gyro_fft__rosidl_typesupport_introspection_cpp.hpp\n'}
[2.052365] (px4_msgs) StdoutLine: {'line': b'-- Up-to-date symlink: /home/maxim/super_ws/install/px4_msgs/include/px4_msgs/px4_msgs/msg/detail/sensor_gyro_fifo__rosidl_typesupport_introspection_cpp.hpp\n'}
[2.052483] (px4_msgs) StdoutLine: {'line': b'-- Up-to-date symlink: /home/maxim/super_ws/install/px4_msgs/include/px4_msgs/px4_msgs/msg/detail/sensor_hygrometer__rosidl_typesupport_introspection_cpp.hpp\n'}
[2.052558] (px4_msgs) StdoutLine: {'line': b'-- Up-to-date symlink: /home/maxim/super_ws/install/px4_msgs/include/px4_msgs/px4_msgs/msg/detail/sensor_mag__rosidl_typesupport_introspection_cpp.hpp\n'}
[2.052628] (px4_msgs) StdoutLine: {'line': b'-- Up-to-date symlink: /home/maxim/super_ws/install/px4_msgs/include/px4_msgs/px4_msgs/msg/detail/sensor_optical_flow__rosidl_typesupport_introspection_cpp.hpp\n'}
[2.052703] (px4_msgs) StdoutLine: {'line': b'-- Up-to-date symlink: /home/maxim/super_ws/install/px4_msgs/include/px4_msgs/px4_msgs/msg/detail/sensor_preflight_mag__rosidl_typesupport_introspection_cpp.hpp\n'}
[2.052778] (px4_msgs) StdoutLine: {'line': b'-- Up-to-date symlink: /home/maxim/super_ws/install/px4_msgs/include/px4_msgs/px4_msgs/msg/detail/sensor_selection__rosidl_typesupport_introspection_cpp.hpp\n'}
[2.052850] (px4_msgs) StdoutLine: {'line': b'-- Up-to-date symlink: /home/maxim/super_ws/install/px4_msgs/include/px4_msgs/px4_msgs/msg/detail/sensor_temp__rosidl_typesupport_introspection_cpp.hpp\n'}
[2.052924] (px4_msgs) StdoutLine: {'line': b'-- Up-to-date symlink: /home/maxim/super_ws/install/px4_msgs/include/px4_msgs/px4_msgs/msg/detail/sensor_uwb__rosidl_typesupport_introspection_cpp.hpp\n'}
[2.052998] (px4_msgs) StdoutLine: {'line': b'-- Up-to-date symlink: /home/maxim/super_ws/install/px4_msgs/include/px4_msgs/px4_msgs/msg/detail/sensors_status__rosidl_typesupport_introspection_cpp.hpp\n'}
[2.053071] (px4_msgs) StdoutLine: {'line': b'-- Up-to-date symlink: /home/maxim/super_ws/install/px4_msgs/include/px4_msgs/px4_msgs/msg/detail/sensors_status_imu__rosidl_typesupport_introspection_cpp.hpp\n'}
[2.053143] (px4_msgs) StdoutLine: {'line': b'-- Up-to-date symlink: /home/maxim/super_ws/install/px4_msgs/include/px4_msgs/px4_msgs/msg/detail/system_power__rosidl_typesupport_introspection_cpp.hpp\n'}
[2.053216] (px4_msgs) StdoutLine: {'line': b'-- Up-to-date symlink: /home/maxim/super_ws/install/px4_msgs/include/px4_msgs/px4_msgs/msg/detail/takeoff_status__rosidl_typesupport_introspection_cpp.hpp\n'}
[2.053292] (px4_msgs) StdoutLine: {'line': b'-- Up-to-date symlink: /home/maxim/super_ws/install/px4_msgs/include/px4_msgs/px4_msgs/msg/detail/target_gnss__rosidl_typesupport_introspection_cpp.hpp\n'}
[2.053363] (px4_msgs) StdoutLine: {'line': b'-- Up-to-date symlink: /home/maxim/super_ws/install/px4_msgs/include/px4_msgs/px4_msgs/msg/detail/task_stack_info__rosidl_typesupport_introspection_cpp.hpp\n'}
[2.053436] (px4_msgs) StdoutLine: {'line': b'-- Up-to-date symlink: /home/maxim/super_ws/install/px4_msgs/include/px4_msgs/px4_msgs/msg/detail/tecs_status__rosidl_typesupport_introspection_cpp.hpp\n'}
[2.053517] (px4_msgs) StdoutLine: {'line': b'-- Up-to-date symlink: /home/maxim/super_ws/install/px4_msgs/include/px4_msgs/px4_msgs/msg/detail/telemetry_status__rosidl_typesupport_introspection_cpp.hpp\n'}
[2.053591] (px4_msgs) StdoutLine: {'line': b'-- Up-to-date symlink: /home/maxim/super_ws/install/px4_msgs/include/px4_msgs/px4_msgs/msg/detail/tiltrotor_extra_controls__rosidl_typesupport_introspection_cpp.hpp\n'}
[2.053719] (px4_msgs) StdoutLine: {'line': b'-- Up-to-date symlink: /home/maxim/super_ws/install/px4_msgs/include/px4_msgs/px4_msgs/msg/detail/timesync_status__rosidl_typesupport_introspection_cpp.hpp\n'}
[2.053807] (px4_msgs) StdoutLine: {'line': b'-- Up-to-date symlink: /home/maxim/super_ws/install/px4_msgs/include/px4_msgs/px4_msgs/msg/detail/trajectory_setpoint6dof__rosidl_typesupport_introspection_cpp.hpp\n'}
[2.053884] (px4_msgs) StdoutLine: {'line': b'-- Up-to-date symlink: /home/maxim/super_ws/install/px4_msgs/include/px4_msgs/px4_msgs/msg/detail/trajectory_setpoint__rosidl_typesupport_introspection_cpp.hpp\n'}
[2.053958] (px4_msgs) StdoutLine: {'line': b'-- Up-to-date symlink: /home/maxim/super_ws/install/px4_msgs/include/px4_msgs/px4_msgs/msg/detail/transponder_report__rosidl_typesupport_introspection_cpp.hpp\n'}
[2.054030] (px4_msgs) StdoutLine: {'line': b'-- Up-to-date symlink: /home/maxim/super_ws/install/px4_msgs/include/px4_msgs/px4_msgs/msg/detail/tune_control__rosidl_typesupport_introspection_cpp.hpp\n'}
[2.054102] (px4_msgs) StdoutLine: {'line': b'-- Up-to-date symlink: /home/maxim/super_ws/install/px4_msgs/include/px4_msgs/px4_msgs/msg/detail/uavcan_parameter_request__rosidl_typesupport_introspection_cpp.hpp\n'}
[2.054183] (px4_msgs) StdoutLine: {'line': b'-- Up-to-date symlink: /home/maxim/super_ws/install/px4_msgs/include/px4_msgs/px4_msgs/msg/detail/uavcan_parameter_value__rosidl_typesupport_introspection_cpp.hpp\n'}
[2.054257] (px4_msgs) StdoutLine: {'line': b'-- Up-to-date symlink: /home/maxim/super_ws/install/px4_msgs/include/px4_msgs/px4_msgs/msg/detail/ulog_stream__rosidl_typesupport_introspection_cpp.hpp\n'}
[2.054329] (px4_msgs) StdoutLine: {'line': b'-- Up-to-date symlink: /home/maxim/super_ws/install/px4_msgs/include/px4_msgs/px4_msgs/msg/detail/ulog_stream_ack__rosidl_typesupport_introspection_cpp.hpp\n'}
[2.054400] (px4_msgs) StdoutLine: {'line': b'-- Up-to-date symlink: /home/maxim/super_ws/install/px4_msgs/include/px4_msgs/px4_msgs/msg/detail/unregister_ext_component__rosidl_typesupport_introspection_cpp.hpp\n'}
[2.054476] (px4_msgs) StdoutLine: {'line': b'-- Up-to-date symlink: /home/maxim/super_ws/install/px4_msgs/include/px4_msgs/px4_msgs/msg/detail/vehicle_acceleration__rosidl_typesupport_introspection_cpp.hpp\n'}
[2.054546] (px4_msgs) StdoutLine: {'line': b'-- Up-to-date symlink: /home/maxim/super_ws/install/px4_msgs/include/px4_msgs/px4_msgs/msg/detail/vehicle_air_data__rosidl_typesupport_introspection_cpp.hpp\n'}
[2.054618] (px4_msgs) StdoutLine: {'line': b'-- Up-to-date symlink: /home/maxim/super_ws/install/px4_msgs/include/px4_msgs/px4_msgs/msg/detail/vehicle_angular_acceleration_setpoint__rosidl_typesupport_introspection_cpp.hpp\n'}
[2.054745] (px4_msgs) StdoutLine: {'line': b'-- Up-to-date symlink: /home/maxim/super_ws/install/px4_msgs/include/px4_msgs/px4_msgs/msg/detail/vehicle_angular_velocity__rosidl_typesupport_introspection_cpp.hpp\n'}
[2.054828] (px4_msgs) StdoutLine: {'line': b'-- Up-to-date symlink: /home/maxim/super_ws/install/px4_msgs/include/px4_msgs/px4_msgs/msg/detail/vehicle_attitude__rosidl_typesupport_introspection_cpp.hpp\n'}
[2.054905] (px4_msgs) StdoutLine: {'line': b'-- Up-to-date symlink: /home/maxim/super_ws/install/px4_msgs/include/px4_msgs/px4_msgs/msg/detail/vehicle_attitude_setpoint__rosidl_typesupport_introspection_cpp.hpp\n'}
[2.054977] (px4_msgs) StdoutLine: {'line': b'-- Up-to-date symlink: /home/maxim/super_ws/install/px4_msgs/include/px4_msgs/px4_msgs/msg/detail/vehicle_command__rosidl_typesupport_introspection_cpp.hpp\n'}
[2.055047] (px4_msgs) StdoutLine: {'line': b'-- Up-to-date symlink: /home/maxim/super_ws/install/px4_msgs/include/px4_msgs/px4_msgs/msg/detail/vehicle_command_ack__rosidl_typesupport_introspection_cpp.hpp\n'}
[2.055121] (px4_msgs) StdoutLine: {'line': b'-- Up-to-date symlink: /home/maxim/super_ws/install/px4_msgs/include/px4_msgs/px4_msgs/msg/detail/vehicle_constraints__rosidl_typesupport_introspection_cpp.hpp\n'}
[2.055190] (px4_msgs) StdoutLine: {'line': b'-- Up-to-date symlink: /home/maxim/super_ws/install/px4_msgs/include/px4_msgs/px4_msgs/msg/detail/vehicle_control_mode__rosidl_typesupport_introspection_cpp.hpp\n'}
[2.055259] (px4_msgs) StdoutLine: {'line': b'-- Up-to-date symlink: /home/maxim/super_ws/install/px4_msgs/include/px4_msgs/px4_msgs/msg/detail/vehicle_global_position__rosidl_typesupport_introspection_cpp.hpp\n'}
[2.055334] (px4_msgs) StdoutLine: {'line': b'-- Up-to-date symlink: /home/maxim/super_ws/install/px4_msgs/include/px4_msgs/px4_msgs/msg/detail/vehicle_imu__rosidl_typesupport_introspection_cpp.hpp\n'}
[2.055409] (px4_msgs) StdoutLine: {'line': b'-- Up-to-date symlink: /home/maxim/super_ws/install/px4_msgs/include/px4_msgs/px4_msgs/msg/detail/vehicle_imu_status__rosidl_typesupport_introspection_cpp.hpp\n'}
[2.055523] (px4_msgs) StdoutLine: {'line': b'-- Up-to-date symlink: /home/maxim/super_ws/install/px4_msgs/include/px4_msgs/px4_msgs/msg/detail/vehicle_land_detected__rosidl_typesupport_introspection_cpp.hpp\n'}
[2.055597] (px4_msgs) StdoutLine: {'line': b'-- Up-to-date symlink: /home/maxim/super_ws/install/px4_msgs/include/px4_msgs/px4_msgs/msg/detail/vehicle_local_position__rosidl_typesupport_introspection_cpp.hpp\n'}
[2.055678] (px4_msgs) StdoutLine: {'line': b'-- Up-to-date symlink: /home/maxim/super_ws/install/px4_msgs/include/px4_msgs/px4_msgs/msg/detail/vehicle_local_position_setpoint__rosidl_typesupport_introspection_cpp.hpp\n'}
[2.055761] (px4_msgs) StdoutLine: {'line': b'-- Up-to-date symlink: /home/maxim/super_ws/install/px4_msgs/include/px4_msgs/px4_msgs/msg/detail/vehicle_magnetometer__rosidl_typesupport_introspection_cpp.hpp\n'}
[2.055877] (px4_msgs) StdoutLine: {'line': b'-- Up-to-date symlink: /home/maxim/super_ws/install/px4_msgs/include/px4_msgs/px4_msgs/msg/detail/vehicle_odometry__rosidl_typesupport_introspection_cpp.hpp\n'}
[2.056109] (px4_msgs) StdoutLine: {'line': b'-- Up-to-date symlink: /home/maxim/super_ws/install/px4_msgs/include/px4_msgs/px4_msgs/msg/detail/vehicle_optical_flow__rosidl_typesupport_introspection_cpp.hpp\n'}
[2.056201] (px4_msgs) StdoutLine: {'line': b'-- Up-to-date symlink: /home/maxim/super_ws/install/px4_msgs/include/px4_msgs/px4_msgs/msg/detail/vehicle_optical_flow_vel__rosidl_typesupport_introspection_cpp.hpp\n'}
[2.056268] (px4_msgs) StdoutLine: {'line': b'-- Up-to-date symlink: /home/maxim/super_ws/install/px4_msgs/include/px4_msgs/px4_msgs/msg/detail/vehicle_rates_setpoint__rosidl_typesupport_introspection_cpp.hpp\n'}
[2.056356] (px4_msgs) StdoutLine: {'line': b'-- Up-to-date symlink: /home/maxim/super_ws/install/px4_msgs/include/px4_msgs/px4_msgs/msg/detail/vehicle_roi__rosidl_typesupport_introspection_cpp.hpp\n'}
[2.056431] (px4_msgs) StdoutLine: {'line': b'-- Up-to-date symlink: /home/maxim/super_ws/install/px4_msgs/include/px4_msgs/px4_msgs/msg/detail/vehicle_status__rosidl_typesupport_introspection_cpp.hpp\n'}
[2.056504] (px4_msgs) StdoutLine: {'line': b'-- Up-to-date symlink: /home/maxim/super_ws/install/px4_msgs/include/px4_msgs/px4_msgs/msg/detail/vehicle_thrust_setpoint__rosidl_typesupport_introspection_cpp.hpp\n'}
[2.056576] (px4_msgs) StdoutLine: {'line': b'-- Up-to-date symlink: /home/maxim/super_ws/install/px4_msgs/include/px4_msgs/px4_msgs/msg/detail/vehicle_torque_setpoint__rosidl_typesupport_introspection_cpp.hpp\n'}
[2.056651] (px4_msgs) StdoutLine: {'line': b'-- Up-to-date symlink: /home/maxim/super_ws/install/px4_msgs/include/px4_msgs/px4_msgs/msg/detail/velocity_limits__rosidl_typesupport_introspection_cpp.hpp\n'}
[2.056708] (px4_msgs) StdoutLine: {'line': b'-- Up-to-date symlink: /home/maxim/super_ws/install/px4_msgs/include/px4_msgs/px4_msgs/msg/detail/vte_aid_source1d__rosidl_typesupport_introspection_cpp.hpp\n'}
[2.056768] (px4_msgs) StdoutLine: {'line': b'-- Up-to-date symlink: /home/maxim/super_ws/install/px4_msgs/include/px4_msgs/px4_msgs/msg/detail/vte_aid_source3d__rosidl_typesupport_introspection_cpp.hpp\n'}
[2.056848] (px4_msgs) StdoutLine: {'line': b'-- Up-to-date symlink: /home/maxim/super_ws/install/px4_msgs/include/px4_msgs/px4_msgs/msg/detail/vte_bias_init_status__rosidl_typesupport_introspection_cpp.hpp\n'}
[2.056934] (px4_msgs) StdoutLine: {'line': b'-- Up-to-date symlink: /home/maxim/super_ws/install/px4_msgs/include/px4_msgs/px4_msgs/msg/detail/vte_input__rosidl_typesupport_introspection_cpp.hpp\n'}
[2.056997] (px4_msgs) StdoutLine: {'line': b'-- Up-to-date symlink: /home/maxim/super_ws/install/px4_msgs/include/px4_msgs/px4_msgs/msg/detail/vte_orientation__rosidl_typesupport_introspection_cpp.hpp\n'}
[2.057068] (px4_msgs) StdoutLine: {'line': b'-- Up-to-date symlink: /home/maxim/super_ws/install/px4_msgs/include/px4_msgs/px4_msgs/msg/detail/vte_position__rosidl_typesupport_introspection_cpp.hpp\n'}
[2.057146] (px4_msgs) StdoutLine: {'line': b'-- Up-to-date symlink: /home/maxim/super_ws/install/px4_msgs/include/px4_msgs/px4_msgs/msg/detail/vtol_vehicle_status__rosidl_typesupport_introspection_cpp.hpp\n'}
[2.057217] (px4_msgs) StdoutLine: {'line': b'-- Up-to-date symlink: /home/maxim/super_ws/install/px4_msgs/include/px4_msgs/px4_msgs/msg/detail/vtx__rosidl_typesupport_introspection_cpp.hpp\n'}
[2.057286] (px4_msgs) StdoutLine: {'line': b'-- Up-to-date symlink: /home/maxim/super_ws/install/px4_msgs/include/px4_msgs/px4_msgs/msg/detail/wheel_encoders__rosidl_typesupport_introspection_cpp.hpp\n'}
[2.057363] (px4_msgs) StdoutLine: {'line': b'-- Up-to-date symlink: /home/maxim/super_ws/install/px4_msgs/include/px4_msgs/px4_msgs/msg/detail/wind__rosidl_typesupport_introspection_cpp.hpp\n'}
[2.057433] (px4_msgs) StdoutLine: {'line': b'-- Up-to-date symlink: /home/maxim/super_ws/install/px4_msgs/include/px4_msgs/px4_msgs/msg/detail/yaw_estimator_status__rosidl_typesupport_introspection_cpp.hpp\n'}
[2.057492] (px4_msgs) StdoutLine: {'line': b'-- Up-to-date symlink: /home/maxim/super_ws/install/px4_msgs/include/px4_msgs/px4_msgs/srv/detail/vehicle_command__rosidl_typesupport_introspection_cpp.hpp\n'}
[2.057561] (px4_msgs) StdoutLine: {'line': b'-- Up-to-date symlink: /home/maxim/super_ws/install/px4_msgs/share/px4_msgs/environment/pythonpath.sh\n'}
[2.057639] (px4_msgs) StdoutLine: {'line': b'-- Up-to-date symlink: /home/maxim/super_ws/install/px4_msgs/share/px4_msgs/environment/pythonpath.dsv\n'}
[2.057982] (px4_msgs) StdoutLine: {'line': b'-- Up-to-date symlink: /home/maxim/super_ws/install/px4_msgs/lib/python3.12/site-packages/px4_msgs-2.0.1-py3.12.egg-info/PKG-INFO\n'}
[2.058134] (px4_msgs) StdoutLine: {'line': b'-- Up-to-date symlink: /home/maxim/super_ws/install/px4_msgs/lib/python3.12/site-packages/px4_msgs-2.0.1-py3.12.egg-info/SOURCES.txt\n'}
[2.058225] (px4_msgs) StdoutLine: {'line': b'-- Up-to-date symlink: /home/maxim/super_ws/install/px4_msgs/lib/python3.12/site-packages/px4_msgs-2.0.1-py3.12.egg-info/dependency_links.txt\n'}
[2.058370] (px4_msgs) StdoutLine: {'line': b'-- Up-to-date symlink: /home/maxim/super_ws/install/px4_msgs/lib/python3.12/site-packages/px4_msgs-2.0.1-py3.12.egg-info/top_level.txt\n'}
[2.063463] (px4_msgs) StdoutLine: {'line': b'-- Up-to-date symlink: /home/maxim/super_ws/install/px4_msgs/lib/python3.12/site-packages/px4_msgs/__init__.py\n'}
[2.063591] (px4_msgs) StdoutLine: {'line': b'-- Up-to-date symlink: /home/maxim/super_ws/install/px4_msgs/lib/python3.12/site-packages/px4_msgs/_px4_msgs_s.ep.rosidl_typesupport_c.c\n'}
[2.063687] (px4_msgs) StdoutLine: {'line': b'-- Up-to-date symlink: /home/maxim/super_ws/install/px4_msgs/lib/python3.12/site-packages/px4_msgs/_px4_msgs_s.ep.rosidl_typesupport_fastrtps_c.c\n'}
[2.063751] (px4_msgs) StdoutLine: {'line': b'-- Up-to-date symlink: /home/maxim/super_ws/install/px4_msgs/lib/python3.12/site-packages/px4_msgs/_px4_msgs_s.ep.rosidl_typesupport_introspection_c.c\n'}
[2.063815] (px4_msgs) StdoutLine: {'line': b'-- Up-to-date symlink: /home/maxim/super_ws/install/px4_msgs/lib/python3.12/site-packages/px4_msgs/msg/__init__.py\n'}
[2.063957] (px4_msgs) StdoutLine: {'line': b'-- Up-to-date symlink: /home/maxim/super_ws/install/px4_msgs/lib/python3.12/site-packages/px4_msgs/msg/_action_request.py\n'}
[2.064041] (px4_msgs) StdoutLine: {'line': b'-- Up-to-date symlink: /home/maxim/super_ws/install/px4_msgs/lib/python3.12/site-packages/px4_msgs/msg/_action_request_s.c\n'}
[2.064135] (px4_msgs) StdoutLine: {'line': b'-- Up-to-date symlink: /home/maxim/super_ws/install/px4_msgs/lib/python3.12/site-packages/px4_msgs/msg/_actuator_armed.py\n'}
[2.064211] (px4_msgs) StdoutLine: {'line': b'-- Up-to-date symlink: /home/maxim/super_ws/install/px4_msgs/lib/python3.12/site-packages/px4_msgs/msg/_actuator_armed_s.c\n'}
[2.064284] (px4_msgs) StdoutLine: {'line': b'-- Up-to-date symlink: /home/maxim/super_ws/install/px4_msgs/lib/python3.12/site-packages/px4_msgs/msg/_actuator_controls_status.py\n'}
[2.064346] (px4_msgs) StdoutLine: {'line': b'-- Up-to-date symlink: /home/maxim/super_ws/install/px4_msgs/lib/python3.12/site-packages/px4_msgs/msg/_actuator_controls_status_s.c\n'}
[2.064428] (px4_msgs) StdoutLine: {'line': b'-- Up-to-date symlink: /home/maxim/super_ws/install/px4_msgs/lib/python3.12/site-packages/px4_msgs/msg/_actuator_motors.py\n'}
[2.064490] (px4_msgs) StdoutLine: {'line': b'-- Up-to-date symlink: /home/maxim/super_ws/install/px4_msgs/lib/python3.12/site-packages/px4_msgs/msg/_actuator_motors_s.c\n'}
[2.064573] (px4_msgs) StdoutLine: {'line': b'-- Up-to-date symlink: /home/maxim/super_ws/install/px4_msgs/lib/python3.12/site-packages/px4_msgs/msg/_actuator_outputs.py\n'}
[2.064663] (px4_msgs) StdoutLine: {'line': b'-- Up-to-date symlink: /home/maxim/super_ws/install/px4_msgs/lib/python3.12/site-packages/px4_msgs/msg/_actuator_outputs_s.c\n'}
[2.064736] (px4_msgs) StdoutLine: {'line': b'-- Up-to-date symlink: /home/maxim/super_ws/install/px4_msgs/lib/python3.12/site-packages/px4_msgs/msg/_actuator_servos.py\n'}
[2.064812] (px4_msgs) StdoutLine: {'line': b'-- Up-to-date symlink: /home/maxim/super_ws/install/px4_msgs/lib/python3.12/site-packages/px4_msgs/msg/_actuator_servos_s.c\n'}
[2.064874] (px4_msgs) StdoutLine: {'line': b'-- Up-to-date symlink: /home/maxim/super_ws/install/px4_msgs/lib/python3.12/site-packages/px4_msgs/msg/_actuator_servos_trim.py\n'}
[2.064933] (px4_msgs) StdoutLine: {'line': b'-- Up-to-date symlink: /home/maxim/super_ws/install/px4_msgs/lib/python3.12/site-packages/px4_msgs/msg/_actuator_servos_trim_s.c\n'}
[2.065022] (px4_msgs) StdoutLine: {'line': b'-- Up-to-date symlink: /home/maxim/super_ws/install/px4_msgs/lib/python3.12/site-packages/px4_msgs/msg/_actuator_test.py\n'}
[2.065092] (px4_msgs) StdoutLine: {'line': b'-- Up-to-date symlink: /home/maxim/super_ws/install/px4_msgs/lib/python3.12/site-packages/px4_msgs/msg/_actuator_test_s.c\n'}
[2.065163] (px4_msgs) StdoutLine: {'line': b'-- Up-to-date symlink: /home/maxim/super_ws/install/px4_msgs/lib/python3.12/site-packages/px4_msgs/msg/_adc_report.py\n'}
[2.065232] (px4_msgs) StdoutLine: {'line': b'-- Up-to-date symlink: /home/maxim/super_ws/install/px4_msgs/lib/python3.12/site-packages/px4_msgs/msg/_adc_report_s.c\n'}
[2.065291] (px4_msgs) StdoutLine: {'line': b'-- Up-to-date symlink: /home/maxim/super_ws/install/px4_msgs/lib/python3.12/site-packages/px4_msgs/msg/_airspeed.py\n'}
[2.065371] (px4_msgs) StdoutLine: {'line': b'-- Up-to-date symlink: /home/maxim/super_ws/install/px4_msgs/lib/python3.12/site-packages/px4_msgs/msg/_airspeed_s.c\n'}
[2.065433] (px4_msgs) StdoutLine: {'line': b'-- Up-to-date symlink: /home/maxim/super_ws/install/px4_msgs/lib/python3.12/site-packages/px4_msgs/msg/_airspeed_validated.py\n'}
[2.065505] (px4_msgs) StdoutLine: {'line': b'-- Up-to-date symlink: /home/maxim/super_ws/install/px4_msgs/lib/python3.12/site-packages/px4_msgs/msg/_airspeed_validated_s.c\n'}
[2.065578] (px4_msgs) StdoutLine: {'line': b'-- Up-to-date symlink: /home/maxim/super_ws/install/px4_msgs/lib/python3.12/site-packages/px4_msgs/msg/_airspeed_wind.py\n'}
[2.065662] (px4_msgs) StdoutLine: {'line': b'-- Up-to-date symlink: /home/maxim/super_ws/install/px4_msgs/lib/python3.12/site-packages/px4_msgs/msg/_airspeed_wind_s.c\n'}
[2.065724] (px4_msgs) StdoutLine: {'line': b'-- Up-to-date symlink: /home/maxim/super_ws/install/px4_msgs/lib/python3.12/site-packages/px4_msgs/msg/_arming_check_reply.py\n'}
[2.065793] (px4_msgs) StdoutLine: {'line': b'-- Up-to-date symlink: /home/maxim/super_ws/install/px4_msgs/lib/python3.12/site-packages/px4_msgs/msg/_arming_check_reply_s.c\n'}
[2.065864] (px4_msgs) StdoutLine: {'line': b'-- Up-to-date symlink: /home/maxim/super_ws/install/px4_msgs/lib/python3.12/site-packages/px4_msgs/msg/_arming_check_request.py\n'}
[2.065925] (px4_msgs) StdoutLine: {'line': b'-- Up-to-date symlink: /home/maxim/super_ws/install/px4_msgs/lib/python3.12/site-packages/px4_msgs/msg/_arming_check_request_s.c\n'}
[2.066004] (px4_msgs) StdoutLine: {'line': b'-- Up-to-date symlink: /home/maxim/super_ws/install/px4_msgs/lib/python3.12/site-packages/px4_msgs/msg/_autotune_attitude_control_status.py\n'}
[2.066074] (px4_msgs) StdoutLine: {'line': b'-- Up-to-date symlink: /home/maxim/super_ws/install/px4_msgs/lib/python3.12/site-packages/px4_msgs/msg/_autotune_attitude_control_status_s.c\n'}
[2.066133] (px4_msgs) StdoutLine: {'line': b'-- Up-to-date symlink: /home/maxim/super_ws/install/px4_msgs/lib/python3.12/site-packages/px4_msgs/msg/_aux_global_position.py\n'}
[2.066204] (px4_msgs) StdoutLine: {'line': b'-- Up-to-date symlink: /home/maxim/super_ws/install/px4_msgs/lib/python3.12/site-packages/px4_msgs/msg/_aux_global_position_s.c\n'}
[2.066276] (px4_msgs) StdoutLine: {'line': b'-- Up-to-date symlink: /home/maxim/super_ws/install/px4_msgs/lib/python3.12/site-packages/px4_msgs/msg/_battery_info.py\n'}
[2.066346] (px4_msgs) StdoutLine: {'line': b'-- Up-to-date symlink: /home/maxim/super_ws/install/px4_msgs/lib/python3.12/site-packages/px4_msgs/msg/_battery_info_s.c\n'}
[2.066415] (px4_msgs) StdoutLine: {'line': b'-- Up-to-date symlink: /home/maxim/super_ws/install/px4_msgs/lib/python3.12/site-packages/px4_msgs/msg/_battery_status.py\n'}
[2.066486] (px4_msgs) StdoutLine: {'line': b'-- Up-to-date symlink: /home/maxim/super_ws/install/px4_msgs/lib/python3.12/site-packages/px4_msgs/msg/_battery_status_s.c\n'}
[2.066556] (px4_msgs) StdoutLine: {'line': b'-- Up-to-date symlink: /home/maxim/super_ws/install/px4_msgs/lib/python3.12/site-packages/px4_msgs/msg/_button_event.py\n'}
[2.066627] (px4_msgs) StdoutLine: {'line': b'-- Up-to-date symlink: /home/maxim/super_ws/install/px4_msgs/lib/python3.12/site-packages/px4_msgs/msg/_button_event_s.c\n'}
[2.066700] (px4_msgs) StdoutLine: {'line': b'-- Up-to-date symlink: /home/maxim/super_ws/install/px4_msgs/lib/python3.12/site-packages/px4_msgs/msg/_camera_capture.py\n'}
[2.066771] (px4_msgs) StdoutLine: {'line': b'-- Up-to-date symlink: /home/maxim/super_ws/install/px4_msgs/lib/python3.12/site-packages/px4_msgs/msg/_camera_capture_s.c\n'}
[2.066842] (px4_msgs) StdoutLine: {'line': b'-- Up-to-date symlink: /home/maxim/super_ws/install/px4_msgs/lib/python3.12/site-packages/px4_msgs/msg/_camera_status.py\n'}
[2.066911] (px4_msgs) StdoutLine: {'line': b'-- Up-to-date symlink: /home/maxim/super_ws/install/px4_msgs/lib/python3.12/site-packages/px4_msgs/msg/_camera_status_s.c\n'}
[2.066984] (px4_msgs) StdoutLine: {'line': b'-- Up-to-date symlink: /home/maxim/super_ws/install/px4_msgs/lib/python3.12/site-packages/px4_msgs/msg/_camera_trigger.py\n'}
[2.067057] (px4_msgs) StdoutLine: {'line': b'-- Up-to-date symlink: /home/maxim/super_ws/install/px4_msgs/lib/python3.12/site-packages/px4_msgs/msg/_camera_trigger_s.c\n'}
[2.067129] (px4_msgs) StdoutLine: {'line': b'-- Up-to-date symlink: /home/maxim/super_ws/install/px4_msgs/lib/python3.12/site-packages/px4_msgs/msg/_can_interface_status.py\n'}
[2.067228] (px4_msgs) StdoutLine: {'line': b'-- Up-to-date symlink: /home/maxim/super_ws/install/px4_msgs/lib/python3.12/site-packages/px4_msgs/msg/_can_interface_status_s.c\n'}
[2.067304] (px4_msgs) StdoutLine: {'line': b'-- Up-to-date symlink: /home/maxim/super_ws/install/px4_msgs/lib/python3.12/site-packages/px4_msgs/msg/_cellular_status.py\n'}
[2.067376] (px4_msgs) StdoutLine: {'line': b'-- Up-to-date symlink: /home/maxim/super_ws/install/px4_msgs/lib/python3.12/site-packages/px4_msgs/msg/_cellular_status_s.c\n'}
[2.067447] (px4_msgs) StdoutLine: {'line': b'-- Up-to-date symlink: /home/maxim/super_ws/install/px4_msgs/lib/python3.12/site-packages/px4_msgs/msg/_collision_constraints.py\n'}
[2.067519] (px4_msgs) StdoutLine: {'line': b'-- Up-to-date symlink: /home/maxim/super_ws/install/px4_msgs/lib/python3.12/site-packages/px4_msgs/msg/_collision_constraints_s.c\n'}
[2.067590] (px4_msgs) StdoutLine: {'line': b'-- Up-to-date symlink: /home/maxim/super_ws/install/px4_msgs/lib/python3.12/site-packages/px4_msgs/msg/_config_overrides.py\n'}
[2.067670] (px4_msgs) StdoutLine: {'line': b'-- Up-to-date symlink: /home/maxim/super_ws/install/px4_msgs/lib/python3.12/site-packages/px4_msgs/msg/_config_overrides_s.c\n'}
[2.067743] (px4_msgs) StdoutLine: {'line': b'-- Up-to-date symlink: /home/maxim/super_ws/install/px4_msgs/lib/python3.12/site-packages/px4_msgs/msg/_control_allocator_status.py\n'}
[2.067818] (px4_msgs) StdoutLine: {'line': b'-- Up-to-date symlink: /home/maxim/super_ws/install/px4_msgs/lib/python3.12/site-packages/px4_msgs/msg/_control_allocator_status_s.c\n'}
[2.067891] (px4_msgs) StdoutLine: {'line': b'-- Up-to-date symlink: /home/maxim/super_ws/install/px4_msgs/lib/python3.12/site-packages/px4_msgs/msg/_cpuload.py\n'}
[2.067962] (px4_msgs) StdoutLine: {'line': b'-- Up-to-date symlink: /home/maxim/super_ws/install/px4_msgs/lib/python3.12/site-packages/px4_msgs/msg/_cpuload_s.c\n'}
[2.068043] (px4_msgs) StdoutLine: {'line': b'-- Up-to-date symlink: /home/maxim/super_ws/install/px4_msgs/lib/python3.12/site-packages/px4_msgs/msg/_dataman_request.py\n'}
[2.068116] (px4_msgs) StdoutLine: {'line': b'-- Up-to-date symlink: /home/maxim/super_ws/install/px4_msgs/lib/python3.12/site-packages/px4_msgs/msg/_dataman_request_s.c\n'}
[2.068188] (px4_msgs) StdoutLine: {'line': b'-- Up-to-date symlink: /home/maxim/super_ws/install/px4_msgs/lib/python3.12/site-packages/px4_msgs/msg/_dataman_response.py\n'}
[2.068259] (px4_msgs) StdoutLine: {'line': b'-- Up-to-date symlink: /home/maxim/super_ws/install/px4_msgs/lib/python3.12/site-packages/px4_msgs/msg/_dataman_response_s.c\n'}
[2.068329] (px4_msgs) StdoutLine: {'line': b'-- Up-to-date symlink: /home/maxim/super_ws/install/px4_msgs/lib/python3.12/site-packages/px4_msgs/msg/_debug_array.py\n'}
[2.068400] (px4_msgs) StdoutLine: {'line': b'-- Up-to-date symlink: /home/maxim/super_ws/install/px4_msgs/lib/python3.12/site-packages/px4_msgs/msg/_debug_array_s.c\n'}
[2.068474] (px4_msgs) StdoutLine: {'line': b'-- Up-to-date symlink: /home/maxim/super_ws/install/px4_msgs/lib/python3.12/site-packages/px4_msgs/msg/_debug_key_value.py\n'}
[2.068547] (px4_msgs) StdoutLine: {'line': b'-- Up-to-date symlink: /home/maxim/super_ws/install/px4_msgs/lib/python3.12/site-packages/px4_msgs/msg/_debug_key_value_s.c\n'}
[2.068621] (px4_msgs) StdoutLine: {'line': b'-- Up-to-date symlink: /home/maxim/super_ws/install/px4_msgs/lib/python3.12/site-packages/px4_msgs/msg/_debug_value.py\n'}
[2.068741] (px4_msgs) StdoutLine: {'line': b'-- Up-to-date symlink: /home/maxim/super_ws/install/px4_msgs/lib/python3.12/site-packages/px4_msgs/msg/_debug_value_s.c\n'}
[2.068819] (px4_msgs) StdoutLine: {'line': b'-- Up-to-date symlink: /home/maxim/super_ws/install/px4_msgs/lib/python3.12/site-packages/px4_msgs/msg/_debug_vect.py\n'}
[2.068896] (px4_msgs) StdoutLine: {'line': b'-- Up-to-date symlink: /home/maxim/super_ws/install/px4_msgs/lib/python3.12/site-packages/px4_msgs/msg/_debug_vect_s.c\n'}
[2.068967] (px4_msgs) StdoutLine: {'line': b'-- Up-to-date symlink: /home/maxim/super_ws/install/px4_msgs/lib/python3.12/site-packages/px4_msgs/msg/_device_information.py\n'}
[2.069037] (px4_msgs) StdoutLine: {'line': b'-- Up-to-date symlink: /home/maxim/super_ws/install/px4_msgs/lib/python3.12/site-packages/px4_msgs/msg/_device_information_s.c\n'}
[2.069110] (px4_msgs) StdoutLine: {'line': b'-- Up-to-date symlink: /home/maxim/super_ws/install/px4_msgs/lib/python3.12/site-packages/px4_msgs/msg/_differential_pressure.py\n'}
[2.069186] (px4_msgs) StdoutLine: {'line': b'-- Up-to-date symlink: /home/maxim/super_ws/install/px4_msgs/lib/python3.12/site-packages/px4_msgs/msg/_differential_pressure_s.c\n'}
[2.069259] (px4_msgs) StdoutLine: {'line': b'-- Up-to-date symlink: /home/maxim/super_ws/install/px4_msgs/lib/python3.12/site-packages/px4_msgs/msg/_distance_sensor.py\n'}
[2.069329] (px4_msgs) StdoutLine: {'line': b'-- Up-to-date symlink: /home/maxim/super_ws/install/px4_msgs/lib/python3.12/site-packages/px4_msgs/msg/_distance_sensor_mode_change_request.py\n'}
[2.069398] (px4_msgs) StdoutLine: {'line': b'-- Up-to-date symlink: /home/maxim/super_ws/install/px4_msgs/lib/python3.12/site-packages/px4_msgs/msg/_distance_sensor_mode_change_request_s.c\n'}
[2.069469] (px4_msgs) StdoutLine: {'line': b'-- Up-to-date symlink: /home/maxim/super_ws/install/px4_msgs/lib/python3.12/site-packages/px4_msgs/msg/_distance_sensor_s.c\n'}
[2.069541] (px4_msgs) StdoutLine: {'line': b'-- Up-to-date symlink: /home/maxim/super_ws/install/px4_msgs/lib/python3.12/site-packages/px4_msgs/msg/_dronecan_node_status.py\n'}
[2.069615] (px4_msgs) StdoutLine: {'line': b'-- Up-to-date symlink: /home/maxim/super_ws/install/px4_msgs/lib/python3.12/site-packages/px4_msgs/msg/_dronecan_node_status_s.c\n'}
[2.069721] (px4_msgs) StdoutLine: {'line': b'-- Up-to-date symlink: /home/maxim/super_ws/install/px4_msgs/lib/python3.12/site-packages/px4_msgs/msg/_ekf2_timestamps.py\n'}
[2.069806] (px4_msgs) StdoutLine: {'line': b'-- Up-to-date symlink: /home/maxim/super_ws/install/px4_msgs/lib/python3.12/site-packages/px4_msgs/msg/_ekf2_timestamps_s.c\n'}
[2.069888] (px4_msgs) StdoutLine: {'line': b'-- Up-to-date symlink: /home/maxim/super_ws/install/px4_msgs/lib/python3.12/site-packages/px4_msgs/msg/_esc_eeprom_read.py\n'}
[2.069964] (px4_msgs) StdoutLine: {'line': b'-- Up-to-date symlink: /home/maxim/super_ws/install/px4_msgs/lib/python3.12/site-packages/px4_msgs/msg/_esc_eeprom_read_s.c\n'}
[2.070036] (px4_msgs) StdoutLine: {'line': b'-- Up-to-date symlink: /home/maxim/super_ws/install/px4_msgs/lib/python3.12/site-packages/px4_msgs/msg/_esc_eeprom_write.py\n'}
[2.070107] (px4_msgs) StdoutLine: {'line': b'-- Up-to-date symlink: /home/maxim/super_ws/install/px4_msgs/lib/python3.12/site-packages/px4_msgs/msg/_esc_eeprom_write_s.c\n'}
[2.070178] (px4_msgs) StdoutLine: {'line': b'-- Up-to-date symlink: /home/maxim/super_ws/install/px4_msgs/lib/python3.12/site-packages/px4_msgs/msg/_esc_report.py\n'}
[2.070274] (px4_msgs) StdoutLine: {'line': b'-- Up-to-date symlink: /home/maxim/super_ws/install/px4_msgs/lib/python3.12/site-packages/px4_msgs/msg/_esc_report_s.c\n'}
[2.070357] (px4_msgs) StdoutLine: {'line': b'-- Up-to-date symlink: /home/maxim/super_ws/install/px4_msgs/lib/python3.12/site-packages/px4_msgs/msg/_esc_status.py\n'}
[2.070433] (px4_msgs) StdoutLine: {'line': b'-- Up-to-date symlink: /home/maxim/super_ws/install/px4_msgs/lib/python3.12/site-packages/px4_msgs/msg/_esc_status_s.c\n'}
[2.070521] (px4_msgs) StdoutLine: {'line': b'-- Up-to-date symlink: /home/maxim/super_ws/install/px4_msgs/lib/python3.12/site-packages/px4_msgs/msg/_estimator_aid_source1d.py\n'}
[2.070605] (px4_msgs) StdoutLine: {'line': b'-- Up-to-date symlink: /home/maxim/super_ws/install/px4_msgs/lib/python3.12/site-packages/px4_msgs/msg/_estimator_aid_source1d_s.c\n'}
[2.070695] (px4_msgs) StdoutLine: {'line': b'-- Up-to-date symlink: /home/maxim/super_ws/install/px4_msgs/lib/python3.12/site-packages/px4_msgs/msg/_estimator_aid_source2d.py\n'}
[2.070773] (px4_msgs) StdoutLine: {'line': b'-- Up-to-date symlink: /home/maxim/super_ws/install/px4_msgs/lib/python3.12/site-packages/px4_msgs/msg/_estimator_aid_source2d_s.c\n'}
[2.070860] (px4_msgs) StdoutLine: {'line': b'-- Up-to-date symlink: /home/maxim/super_ws/install/px4_msgs/lib/python3.12/site-packages/px4_msgs/msg/_estimator_aid_source3d.py\n'}
[2.070936] (px4_msgs) StdoutLine: {'line': b'-- Up-to-date symlink: /home/maxim/super_ws/install/px4_msgs/lib/python3.12/site-packages/px4_msgs/msg/_estimator_aid_source3d_s.c\n'}
[2.071027] (px4_msgs) StdoutLine: {'line': b'-- Up-to-date symlink: /home/maxim/super_ws/install/px4_msgs/lib/python3.12/site-packages/px4_msgs/msg/_estimator_bias.py\n'}
[2.071097] (px4_msgs) StdoutLine: {'line': b'-- Up-to-date symlink: /home/maxim/super_ws/install/px4_msgs/lib/python3.12/site-packages/px4_msgs/msg/_estimator_bias3d.py\n'}
[2.071158] (px4_msgs) StdoutLine: {'line': b'-- Up-to-date symlink: /home/maxim/super_ws/install/px4_msgs/lib/python3.12/site-packages/px4_msgs/msg/_estimator_bias3d_s.c\n'}
[2.071240] (px4_msgs) StdoutLine: {'line': b'-- Up-to-date symlink: /home/maxim/super_ws/install/px4_msgs/lib/python3.12/site-packages/px4_msgs/msg/_estimator_bias_s.c\n'}
[2.071309] (px4_msgs) StdoutLine: {'line': b'-- Up-to-date symlink: /home/maxim/super_ws/install/px4_msgs/lib/python3.12/site-packages/px4_msgs/msg/_estimator_event_flags.py\n'}
[2.071370] (px4_msgs) StdoutLine: {'line': b'-- Up-to-date symlink: /home/maxim/super_ws/install/px4_msgs/lib/python3.12/site-packages/px4_msgs/msg/_estimator_event_flags_s.c\n'}
[2.071441] (px4_msgs) StdoutLine: {'line': b'-- Up-to-date symlink: /home/maxim/super_ws/install/px4_msgs/lib/python3.12/site-packages/px4_msgs/msg/_estimator_fusion_control.py\n'}
[2.071515] (px4_msgs) StdoutLine: {'line': b'-- Up-to-date symlink: /home/maxim/super_ws/install/px4_msgs/lib/python3.12/site-packages/px4_msgs/msg/_estimator_fusion_control_s.c\n'}
[2.071587] (px4_msgs) StdoutLine: {'line': b'-- Up-to-date symlink: /home/maxim/super_ws/install/px4_msgs/lib/python3.12/site-packages/px4_msgs/msg/_estimator_gps_status.py\n'}
[2.071670] (px4_msgs) StdoutLine: {'line': b'-- Up-to-date symlink: /home/maxim/super_ws/install/px4_msgs/lib/python3.12/site-packages/px4_msgs/msg/_estimator_gps_status_s.c\n'}
[2.071743] (px4_msgs) StdoutLine: {'line': b'-- Up-to-date symlink: /home/maxim/super_ws/install/px4_msgs/lib/python3.12/site-packages/px4_msgs/msg/_estimator_innovations.py\n'}
[2.071817] (px4_msgs) StdoutLine: {'line': b'-- Up-to-date symlink: /home/maxim/super_ws/install/px4_msgs/lib/python3.12/site-packages/px4_msgs/msg/_estimator_innovations_s.c\n'}
[2.071889] (px4_msgs) StdoutLine: {'line': b'-- Up-to-date symlink: /home/maxim/super_ws/install/px4_msgs/lib/python3.12/site-packages/px4_msgs/msg/_estimator_selector_status.py\n'}
[2.071961] (px4_msgs) StdoutLine: {'line': b'-- Up-to-date symlink: /home/maxim/super_ws/install/px4_msgs/lib/python3.12/site-packages/px4_msgs/msg/_estimator_selector_status_s.c\n'}
[2.072036] (px4_msgs) StdoutLine: {'line': b'-- Up-to-date symlink: /home/maxim/super_ws/install/px4_msgs/lib/python3.12/site-packages/px4_msgs/msg/_estimator_sensor_bias.py\n'}
[2.072109] (px4_msgs) StdoutLine: {'line': b'-- Up-to-date symlink: /home/maxim/super_ws/install/px4_msgs/lib/python3.12/site-packages/px4_msgs/msg/_estimator_sensor_bias_s.c\n'}
[2.072177] (px4_msgs) StdoutLine: {'line': b'-- Up-to-date symlink: /home/maxim/super_ws/install/px4_msgs/lib/python3.12/site-packages/px4_msgs/msg/_estimator_states.py\n'}
[2.072250] (px4_msgs) StdoutLine: {'line': b'-- Up-to-date symlink: /home/maxim/super_ws/install/px4_msgs/lib/python3.12/site-packages/px4_msgs/msg/_estimator_states_s.c\n'}
[2.072327] (px4_msgs) StdoutLine: {'line': b'-- Up-to-date symlink: /home/maxim/super_ws/install/px4_msgs/lib/python3.12/site-packages/px4_msgs/msg/_estimator_status.py\n'}
[2.072404] (px4_msgs) StdoutLine: {'line': b'-- Up-to-date symlink: /home/maxim/super_ws/install/px4_msgs/lib/python3.12/site-packages/px4_msgs/msg/_estimator_status_flags.py\n'}
[2.072477] (px4_msgs) StdoutLine: {'line': b'-- Up-to-date symlink: /home/maxim/super_ws/install/px4_msgs/lib/python3.12/site-packages/px4_msgs/msg/_estimator_status_flags_s.c\n'}
[2.072551] (px4_msgs) StdoutLine: {'line': b'-- Up-to-date symlink: /home/maxim/super_ws/install/px4_msgs/lib/python3.12/site-packages/px4_msgs/msg/_estimator_status_s.c\n'}
[2.072624] (px4_msgs) StdoutLine: {'line': b'-- Up-to-date symlink: /home/maxim/super_ws/install/px4_msgs/lib/python3.12/site-packages/px4_msgs/msg/_event.py\n'}
[2.072701] (px4_msgs) StdoutLine: {'line': b'-- Up-to-date symlink: /home/maxim/super_ws/install/px4_msgs/lib/python3.12/site-packages/px4_msgs/msg/_event_s.c\n'}
[2.072772] (px4_msgs) StdoutLine: {'line': b'-- Up-to-date symlink: /home/maxim/super_ws/install/px4_msgs/lib/python3.12/site-packages/px4_msgs/msg/_failsafe_flags.py\n'}
[2.072846] (px4_msgs) StdoutLine: {'line': b'-- Up-to-date symlink: /home/maxim/super_ws/install/px4_msgs/lib/python3.12/site-packages/px4_msgs/msg/_failsafe_flags_s.c\n'}
[2.072919] (px4_msgs) StdoutLine: {'line': b'-- Up-to-date symlink: /home/maxim/super_ws/install/px4_msgs/lib/python3.12/site-packages/px4_msgs/msg/_failure_detector_status.py\n'}
[2.072996] (px4_msgs) StdoutLine: {'line': b'-- Up-to-date symlink: /home/maxim/super_ws/install/px4_msgs/lib/python3.12/site-packages/px4_msgs/msg/_failure_detector_status_s.c\n'}
[2.073071] (px4_msgs) StdoutLine: {'line': b'-- Up-to-date symlink: /home/maxim/super_ws/install/px4_msgs/lib/python3.12/site-packages/px4_msgs/msg/_fiducial_marker_pos_report.py\n'}
[2.073146] (px4_msgs) StdoutLine: {'line': b'-- Up-to-date symlink: /home/maxim/super_ws/install/px4_msgs/lib/python3.12/site-packages/px4_msgs/msg/_fiducial_marker_pos_report_s.c\n'}
[2.073220] (px4_msgs) StdoutLine: {'line': b'-- Up-to-date symlink: /home/maxim/super_ws/install/px4_msgs/lib/python3.12/site-packages/px4_msgs/msg/_fiducial_marker_yaw_report.py\n'}
[2.073295] (px4_msgs) StdoutLine: {'line': b'-- Up-to-date symlink: /home/maxim/super_ws/install/px4_msgs/lib/python3.12/site-packages/px4_msgs/msg/_fiducial_marker_yaw_report_s.c\n'}
[2.073372] (px4_msgs) StdoutLine: {'line': b'-- Up-to-date symlink: /home/maxim/super_ws/install/px4_msgs/lib/python3.12/site-packages/px4_msgs/msg/_figure_eight_status.py\n'}
[2.073486] (px4_msgs) StdoutLine: {'line': b'-- Up-to-date symlink: /home/maxim/super_ws/install/px4_msgs/lib/python3.12/site-packages/px4_msgs/msg/_figure_eight_status_s.c\n'}
[2.073563] (px4_msgs) StdoutLine: {'line': b'-- Up-to-date symlink: /home/maxim/super_ws/install/px4_msgs/lib/python3.12/site-packages/px4_msgs/msg/_fixed_wing_lateral_guidance_status.py\n'}
[2.073635] (px4_msgs) StdoutLine: {'line': b'-- Up-to-date symlink: /home/maxim/super_ws/install/px4_msgs/lib/python3.12/site-packages/px4_msgs/msg/_fixed_wing_lateral_guidance_status_s.c\n'}
[2.073715] (px4_msgs) StdoutLine: {'line': b'-- Up-to-date symlink: /home/maxim/super_ws/install/px4_msgs/lib/python3.12/site-packages/px4_msgs/msg/_fixed_wing_lateral_setpoint.py\n'}
[2.073788] (px4_msgs) StdoutLine: {'line': b'-- Up-to-date symlink: /home/maxim/super_ws/install/px4_msgs/lib/python3.12/site-packages/px4_msgs/msg/_fixed_wing_lateral_setpoint_s.c\n'}
[2.073861] (px4_msgs) StdoutLine: {'line': b'-- Up-to-date symlink: /home/maxim/super_ws/install/px4_msgs/lib/python3.12/site-packages/px4_msgs/msg/_fixed_wing_lateral_status.py\n'}
[2.073934] (px4_msgs) StdoutLine: {'line': b'-- Up-to-date symlink: /home/maxim/super_ws/install/px4_msgs/lib/python3.12/site-packages/px4_msgs/msg/_fixed_wing_lateral_status_s.c\n'}
[2.074012] (px4_msgs) StdoutLine: {'line': b'-- Up-to-date symlink: /home/maxim/super_ws/install/px4_msgs/lib/python3.12/site-packages/px4_msgs/msg/_fixed_wing_longitudinal_setpoint.py\n'}
[2.074085] (px4_msgs) StdoutLine: {'line': b'-- Up-to-date symlink: /home/maxim/super_ws/install/px4_msgs/lib/python3.12/site-packages/px4_msgs/msg/_fixed_wing_longitudinal_setpoint_s.c\n'}
[2.074157] (px4_msgs) StdoutLine: {'line': b'-- Up-to-date symlink: /home/maxim/super_ws/install/px4_msgs/lib/python3.12/site-packages/px4_msgs/msg/_fixed_wing_runway_control.py\n'}
[2.074232] (px4_msgs) StdoutLine: {'line': b'-- Up-to-date symlink: /home/maxim/super_ws/install/px4_msgs/lib/python3.12/site-packages/px4_msgs/msg/_fixed_wing_runway_control_s.c\n'}
[2.074311] (px4_msgs) StdoutLine: {'line': b'-- Up-to-date symlink: /home/maxim/super_ws/install/px4_msgs/lib/python3.12/site-packages/px4_msgs/msg/_flight_phase_estimation.py\n'}
[2.074389] (px4_msgs) StdoutLine: {'line': b'-- Up-to-date symlink: /home/maxim/super_ws/install/px4_msgs/lib/python3.12/site-packages/px4_msgs/msg/_flight_phase_estimation_s.c\n'}
[2.074463] (px4_msgs) StdoutLine: {'line': b'-- Up-to-date symlink: /home/maxim/super_ws/install/px4_msgs/lib/python3.12/site-packages/px4_msgs/msg/_follow_target.py\n'}
[2.074541] (px4_msgs) StdoutLine: {'line': b'-- Up-to-date symlink: /home/maxim/super_ws/install/px4_msgs/lib/python3.12/site-packages/px4_msgs/msg/_follow_target_estimator.py\n'}
[2.074618] (px4_msgs) StdoutLine: {'line': b'-- Up-to-date symlink: /home/maxim/super_ws/install/px4_msgs/lib/python3.12/site-packages/px4_msgs/msg/_follow_target_estimator_s.c\n'}
[2.074696] (px4_msgs) StdoutLine: {'line': b'-- Up-to-date symlink: /home/maxim/super_ws/install/px4_msgs/lib/python3.12/site-packages/px4_msgs/msg/_follow_target_s.c\n'}
[2.074768] (px4_msgs) StdoutLine: {'line': b'-- Up-to-date symlink: /home/maxim/super_ws/install/px4_msgs/lib/python3.12/site-packages/px4_msgs/msg/_follow_target_status.py\n'}
[2.074836] (px4_msgs) StdoutLine: {'line': b'-- Up-to-date symlink: /home/maxim/super_ws/install/px4_msgs/lib/python3.12/site-packages/px4_msgs/msg/_follow_target_status_s.c\n'}
[2.074909] (px4_msgs) StdoutLine: {'line': b'-- Up-to-date symlink: /home/maxim/super_ws/install/px4_msgs/lib/python3.12/site-packages/px4_msgs/msg/_fuel_tank_status.py\n'}
[2.074985] (px4_msgs) StdoutLine: {'line': b'-- Up-to-date symlink: /home/maxim/super_ws/install/px4_msgs/lib/python3.12/site-packages/px4_msgs/msg/_fuel_tank_status_s.c\n'}
[2.075062] (px4_msgs) StdoutLine: {'line': b'-- Up-to-date symlink: /home/maxim/super_ws/install/px4_msgs/lib/python3.12/site-packages/px4_msgs/msg/_gain_compression.py\n'}
[2.075145] (px4_msgs) StdoutLine: {'line': b'-- Up-to-date symlink: /home/maxim/super_ws/install/px4_msgs/lib/python3.12/site-packages/px4_msgs/msg/_gain_compression_s.c\n'}
[2.075235] (px4_msgs) StdoutLine: {'line': b'-- Up-to-date symlink: /home/maxim/super_ws/install/px4_msgs/lib/python3.12/site-packages/px4_msgs/msg/_generator_status.py\n'}
[2.075310] (px4_msgs) StdoutLine: {'line': b'-- Up-to-date symlink: /home/maxim/super_ws/install/px4_msgs/lib/python3.12/site-packages/px4_msgs/msg/_generator_status_s.c\n'}
[2.075387] (px4_msgs) StdoutLine: {'line': b'-- Up-to-date symlink: /home/maxim/super_ws/install/px4_msgs/lib/python3.12/site-packages/px4_msgs/msg/_geofence_result.py\n'}
[2.075456] (px4_msgs) StdoutLine: {'line': b'-- Up-to-date symlink: /home/maxim/super_ws/install/px4_msgs/lib/python3.12/site-packages/px4_msgs/msg/_geofence_result_s.c\n'}
[2.075526] (px4_msgs) StdoutLine: {'line': b'-- Up-to-date symlink: /home/maxim/super_ws/install/px4_msgs/lib/python3.12/site-packages/px4_msgs/msg/_geofence_status.py\n'}
[2.075601] (px4_msgs) StdoutLine: {'line': b'-- Up-to-date symlink: /home/maxim/super_ws/install/px4_msgs/lib/python3.12/site-packages/px4_msgs/msg/_geofence_status_s.c\n'}
[2.075683] (px4_msgs) StdoutLine: {'line': b'-- Up-to-date symlink: /home/maxim/super_ws/install/px4_msgs/lib/python3.12/site-packages/px4_msgs/msg/_gimbal_controls.py\n'}
[2.075759] (px4_msgs) StdoutLine: {'line': b'-- Up-to-date symlink: /home/maxim/super_ws/install/px4_msgs/lib/python3.12/site-packages/px4_msgs/msg/_gimbal_controls_s.c\n'}
[2.075834] (px4_msgs) StdoutLine: {'line': b'-- Up-to-date symlink: /home/maxim/super_ws/install/px4_msgs/lib/python3.12/site-packages/px4_msgs/msg/_gimbal_device_attitude_status.py\n'}
[2.075909] (px4_msgs) StdoutLine: {'line': b'-- Up-to-date symlink: /home/maxim/super_ws/install/px4_msgs/lib/python3.12/site-packages/px4_msgs/msg/_gimbal_device_attitude_status_s.c\n'}
[2.075978] (px4_msgs) StdoutLine: {'line': b'-- Up-to-date symlink: /home/maxim/super_ws/install/px4_msgs/lib/python3.12/site-packages/px4_msgs/msg/_gimbal_device_information.py\n'}
[2.076051] (px4_msgs) StdoutLine: {'line': b'-- Up-to-date symlink: /home/maxim/super_ws/install/px4_msgs/lib/python3.12/site-packages/px4_msgs/msg/_gimbal_device_information_s.c\n'}
[2.076134] (px4_msgs) StdoutLine: {'line': b'-- Up-to-date symlink: /home/maxim/super_ws/install/px4_msgs/lib/python3.12/site-packages/px4_msgs/msg/_gimbal_device_set_attitude.py\n'}
[2.076215] (px4_msgs) StdoutLine: {'line': b'-- Up-to-date symlink: /home/maxim/super_ws/install/px4_msgs/lib/python3.12/site-packages/px4_msgs/msg/_gimbal_device_set_attitude_s.c\n'}
[2.076289] (px4_msgs) StdoutLine: {'line': b'-- Up-to-date symlink: /home/maxim/super_ws/install/px4_msgs/lib/python3.12/site-packages/px4_msgs/msg/_gimbal_manager_information.py\n'}
[2.076367] (px4_msgs) StdoutLine: {'line': b'-- Up-to-date symlink: /home/maxim/super_ws/install/px4_msgs/lib/python3.12/site-packages/px4_msgs/msg/_gimbal_manager_information_s.c\n'}
[2.076443] (px4_msgs) StdoutLine: {'line': b'-- Up-to-date symlink: /home/maxim/super_ws/install/px4_msgs/lib/python3.12/site-packages/px4_msgs/msg/_gimbal_manager_set_attitude.py\n'}
[2.076518] (px4_msgs) StdoutLine: {'line': b'-- Up-to-date symlink: /home/maxim/super_ws/install/px4_msgs/lib/python3.12/site-packages/px4_msgs/msg/_gimbal_manager_set_attitude_s.c\n'}
[2.076593] (px4_msgs) StdoutLine: {'line': b'-- Up-to-date symlink: /home/maxim/super_ws/install/px4_msgs/lib/python3.12/site-packages/px4_msgs/msg/_gimbal_manager_set_manual_control.py\n'}
[2.076675] (px4_msgs) StdoutLine: {'line': b'-- Up-to-date symlink: /home/maxim/super_ws/install/px4_msgs/lib/python3.12/site-packages/px4_msgs/msg/_gimbal_manager_set_manual_control_s.c\n'}
[2.076784] (px4_msgs) StdoutLine: {'line': b'-- Up-to-date symlink: /home/maxim/super_ws/install/px4_msgs/lib/python3.12/site-packages/px4_msgs/msg/_gimbal_manager_status.py\n'}
[2.076913] (px4_msgs) StdoutLine: {'line': b'-- Up-to-date symlink: /home/maxim/super_ws/install/px4_msgs/lib/python3.12/site-packages/px4_msgs/msg/_gimbal_manager_status_s.c\n'}
[2.077002] (px4_msgs) StdoutLine: {'line': b'-- Up-to-date symlink: /home/maxim/super_ws/install/px4_msgs/lib/python3.12/site-packages/px4_msgs/msg/_goto_setpoint.py\n'}
[2.077139] (px4_msgs) StdoutLine: {'line': b'-- Up-to-date symlink: /home/maxim/super_ws/install/px4_msgs/lib/python3.12/site-packages/px4_msgs/msg/_goto_setpoint_s.c\n'}
[2.077224] (px4_msgs) StdoutLine: {'line': b'-- Up-to-date symlink: /home/maxim/super_ws/install/px4_msgs/lib/python3.12/site-packages/px4_msgs/msg/_gpio_config.py\n'}
[2.077314] (px4_msgs) StdoutLine: {'line': b'-- Up-to-date symlink: /home/maxim/super_ws/install/px4_msgs/lib/python3.12/site-packages/px4_msgs/msg/_gpio_config_s.c\n'}
[2.077385] (px4_msgs) StdoutLine: {'line': b'-- Up-to-date symlink: /home/maxim/super_ws/install/px4_msgs/lib/python3.12/site-packages/px4_msgs/msg/_gpio_in.py\n'}
[2.077446] (px4_msgs) StdoutLine: {'line': b'-- Up-to-date symlink: /home/maxim/super_ws/install/px4_msgs/lib/python3.12/site-packages/px4_msgs/msg/_gpio_in_s.c\n'}
[2.077521] (px4_msgs) StdoutLine: {'line': b'-- Up-to-date symlink: /home/maxim/super_ws/install/px4_msgs/lib/python3.12/site-packages/px4_msgs/msg/_gpio_out.py\n'}
[2.077604] (px4_msgs) StdoutLine: {'line': b'-- Up-to-date symlink: /home/maxim/super_ws/install/px4_msgs/lib/python3.12/site-packages/px4_msgs/msg/_gpio_out_s.c\n'}
[2.077682] (px4_msgs) StdoutLine: {'line': b'-- Up-to-date symlink: /home/maxim/super_ws/install/px4_msgs/lib/python3.12/site-packages/px4_msgs/msg/_gpio_request.py\n'}
[2.077754] (px4_msgs) StdoutLine: {'line': b'-- Up-to-date symlink: /home/maxim/super_ws/install/px4_msgs/lib/python3.12/site-packages/px4_msgs/msg/_gpio_request_s.c\n'}
[2.077826] (px4_msgs) StdoutLine: {'line': b'-- Up-to-date symlink: /home/maxim/super_ws/install/px4_msgs/lib/python3.12/site-packages/px4_msgs/msg/_gps_dump.py\n'}
[2.077886] (px4_msgs) StdoutLine: {'line': b'-- Up-to-date symlink: /home/maxim/super_ws/install/px4_msgs/lib/python3.12/site-packages/px4_msgs/msg/_gps_dump_s.c\n'}
[2.077963] (px4_msgs) StdoutLine: {'line': b'-- Up-to-date symlink: /home/maxim/super_ws/install/px4_msgs/lib/python3.12/site-packages/px4_msgs/msg/_gps_inject_data.py\n'}
[2.078042] (px4_msgs) StdoutLine: {'line': b'-- Up-to-date symlink: /home/maxim/super_ws/install/px4_msgs/lib/python3.12/site-packages/px4_msgs/msg/_gps_inject_data_s.c\n'}
[2.078113] (px4_msgs) StdoutLine: {'line': b'-- Up-to-date symlink: /home/maxim/super_ws/install/px4_msgs/lib/python3.12/site-packages/px4_msgs/msg/_gripper.py\n'}
[2.078175] (px4_msgs) StdoutLine: {'line': b'-- Up-to-date symlink: /home/maxim/super_ws/install/px4_msgs/lib/python3.12/site-packages/px4_msgs/msg/_gripper_s.c\n'}
[2.078246] (px4_msgs) StdoutLine: {'line': b'-- Up-to-date symlink: /home/maxim/super_ws/install/px4_msgs/lib/python3.12/site-packages/px4_msgs/msg/_health_report.py\n'}
[2.078306] (px4_msgs) StdoutLine: {'line': b'-- Up-to-date symlink: /home/maxim/super_ws/install/px4_msgs/lib/python3.12/site-packages/px4_msgs/msg/_health_report_s.c\n'}
[2.078383] (px4_msgs) StdoutLine: {'line': b'-- Up-to-date symlink: /home/maxim/super_ws/install/px4_msgs/lib/python3.12/site-packages/px4_msgs/msg/_heater_status.py\n'}
[2.078453] (px4_msgs) StdoutLine: {'line': b'-- Up-to-date symlink: /home/maxim/super_ws/install/px4_msgs/lib/python3.12/site-packages/px4_msgs/msg/_heater_status_s.c\n'}
[2.078526] (px4_msgs) StdoutLine: {'line': b'-- Up-to-date symlink: /home/maxim/super_ws/install/px4_msgs/lib/python3.12/site-packages/px4_msgs/msg/_home_position.py\n'}
[2.078599] (px4_msgs) StdoutLine: {'line': b'-- Up-to-date symlink: /home/maxim/super_ws/install/px4_msgs/lib/python3.12/site-packages/px4_msgs/msg/_home_position_s.c\n'}
[2.078673] (px4_msgs) StdoutLine: {'line': b'-- Up-to-date symlink: /home/maxim/super_ws/install/px4_msgs/lib/python3.12/site-packages/px4_msgs/msg/_hover_thrust_estimate.py\n'}
[2.078739] (px4_msgs) StdoutLine: {'line': b'-- Up-to-date symlink: /home/maxim/super_ws/install/px4_msgs/lib/python3.12/site-packages/px4_msgs/msg/_hover_thrust_estimate_s.c\n'}
[2.078819] (px4_msgs) StdoutLine: {'line': b'-- Up-to-date symlink: /home/maxim/super_ws/install/px4_msgs/lib/python3.12/site-packages/px4_msgs/msg/_input_rc.py\n'}
[2.078889] (px4_msgs) StdoutLine: {'line': b'-- Up-to-date symlink: /home/maxim/super_ws/install/px4_msgs/lib/python3.12/site-packages/px4_msgs/msg/_input_rc_s.c\n'}
[2.078957] (px4_msgs) StdoutLine: {'line': b'-- Up-to-date symlink: /home/maxim/super_ws/install/px4_msgs/lib/python3.12/site-packages/px4_msgs/msg/_internal_combustion_engine_control.py\n'}
[2.079026] (px4_msgs) StdoutLine: {'line': b'-- Up-to-date symlink: /home/maxim/super_ws/install/px4_msgs/lib/python3.12/site-packages/px4_msgs/msg/_internal_combustion_engine_control_s.c\n'}
[2.079086] (px4_msgs) StdoutLine: {'line': b'-- Up-to-date symlink: /home/maxim/super_ws/install/px4_msgs/lib/python3.12/site-packages/px4_msgs/msg/_internal_combustion_engine_status.py\n'}
[2.079156] (px4_msgs) StdoutLine: {'line': b'-- Up-to-date symlink: /home/maxim/super_ws/install/px4_msgs/lib/python3.12/site-packages/px4_msgs/msg/_internal_combustion_engine_status_s.c\n'}
[2.079238] (px4_msgs) StdoutLine: {'line': b'-- Up-to-date symlink: /home/maxim/super_ws/install/px4_msgs/lib/python3.12/site-packages/px4_msgs/msg/_iridiumsbd_status.py\n'}
[2.079312] (px4_msgs) StdoutLine: {'line': b'-- Up-to-date symlink: /home/maxim/super_ws/install/px4_msgs/lib/python3.12/site-packages/px4_msgs/msg/_iridiumsbd_status_s.c\n'}
[2.079388] (px4_msgs) StdoutLine: {'line': b'-- Up-to-date symlink: /home/maxim/super_ws/install/px4_msgs/lib/python3.12/site-packages/px4_msgs/msg/_irlock_report.py\n'}
[2.079460] (px4_msgs) StdoutLine: {'line': b'-- Up-to-date symlink: /home/maxim/super_ws/install/px4_msgs/lib/python3.12/site-packages/px4_msgs/msg/_irlock_report_s.c\n'}
[2.079532] (px4_msgs) StdoutLine: {'line': b'-- Up-to-date symlink: /home/maxim/super_ws/install/px4_msgs/lib/python3.12/site-packages/px4_msgs/msg/_landing_gear.py\n'}
[2.079604] (px4_msgs) StdoutLine: {'line': b'-- Up-to-date symlink: /home/maxim/super_ws/install/px4_msgs/lib/python3.12/site-packages/px4_msgs/msg/_landing_gear_s.c\n'}
[2.079682] (px4_msgs) StdoutLine: {'line': b'-- Up-to-date symlink: /home/maxim/super_ws/install/px4_msgs/lib/python3.12/site-packages/px4_msgs/msg/_landing_gear_wheel.py\n'}
[2.079755] (px4_msgs) StdoutLine: {'line': b'-- Up-to-date symlink: /home/maxim/super_ws/install/px4_msgs/lib/python3.12/site-packages/px4_msgs/msg/_landing_gear_wheel_s.c\n'}
[2.079826] (px4_msgs) StdoutLine: {'line': b'-- Up-to-date symlink: /home/maxim/super_ws/install/px4_msgs/lib/python3.12/site-packages/px4_msgs/msg/_landing_target_innovations.py\n'}
[2.079901] (px4_msgs) StdoutLine: {'line': b'-- Up-to-date symlink: /home/maxim/super_ws/install/px4_msgs/lib/python3.12/site-packages/px4_msgs/msg/_landing_target_innovations_s.c\n'}
[2.079968] (px4_msgs) StdoutLine: {'line': b'-- Up-to-date symlink: /home/maxim/super_ws/install/px4_msgs/lib/python3.12/site-packages/px4_msgs/msg/_landing_target_pose.py\n'}
[2.080041] (px4_msgs) StdoutLine: {'line': b'-- Up-to-date symlink: /home/maxim/super_ws/install/px4_msgs/lib/python3.12/site-packages/px4_msgs/msg/_landing_target_pose_s.c\n'}
[2.080111] (px4_msgs) StdoutLine: {'line': b'-- Up-to-date symlink: /home/maxim/super_ws/install/px4_msgs/lib/python3.12/site-packages/px4_msgs/msg/_lateral_control_configuration.py\n'}
[2.080180] (px4_msgs) StdoutLine: {'line': b'-- Up-to-date symlink: /home/maxim/super_ws/install/px4_msgs/lib/python3.12/site-packages/px4_msgs/msg/_lateral_control_configuration_s.c\n'}
[2.080255] (px4_msgs) StdoutLine: {'line': b'-- Up-to-date symlink: /home/maxim/super_ws/install/px4_msgs/lib/python3.12/site-packages/px4_msgs/msg/_launch_detection_status.py\n'}
[2.080333] (px4_msgs) StdoutLine: {'line': b'-- Up-to-date symlink: /home/maxim/super_ws/install/px4_msgs/lib/python3.12/site-packages/px4_msgs/msg/_launch_detection_status_s.c\n'}
[2.080407] (px4_msgs) StdoutLine: {'line': b'-- Up-to-date symlink: /home/maxim/super_ws/install/px4_msgs/lib/python3.12/site-packages/px4_msgs/msg/_led_control.py\n'}
[2.080478] (px4_msgs) StdoutLine: {'line': b'-- Up-to-date symlink: /home/maxim/super_ws/install/px4_msgs/lib/python3.12/site-packages/px4_msgs/msg/_led_control_s.c\n'}
[2.080547] (px4_msgs) StdoutLine: {'line': b'-- Up-to-date symlink: /home/maxim/super_ws/install/px4_msgs/lib/python3.12/site-packages/px4_msgs/msg/_log_message.py\n'}
[2.080618] (px4_msgs) StdoutLine: {'line': b'-- Up-to-date symlink: /home/maxim/super_ws/install/px4_msgs/lib/python3.12/site-packages/px4_msgs/msg/_log_message_s.c\n'}
[2.080737] (px4_msgs) StdoutLine: {'line': b'-- Up-to-date symlink: /home/maxim/super_ws/install/px4_msgs/lib/python3.12/site-packages/px4_msgs/msg/_logger_status.py\n'}
[2.080817] (px4_msgs) StdoutLine: {'line': b'-- Up-to-date symlink: /home/maxim/super_ws/install/px4_msgs/lib/python3.12/site-packages/px4_msgs/msg/_logger_status_s.c\n'}
[2.080891] (px4_msgs) StdoutLine: {'line': b'-- Up-to-date symlink: /home/maxim/super_ws/install/px4_msgs/lib/python3.12/site-packages/px4_msgs/msg/_longitudinal_control_configuration.py\n'}
[2.080963] (px4_msgs) StdoutLine: {'line': b'-- Up-to-date symlink: /home/maxim/super_ws/install/px4_msgs/lib/python3.12/site-packages/px4_msgs/msg/_longitudinal_control_configuration_s.c\n'}
[2.081032] (px4_msgs) StdoutLine: {'line': b'-- Up-to-date symlink: /home/maxim/super_ws/install/px4_msgs/lib/python3.12/site-packages/px4_msgs/msg/_mag_worker_data.py\n'}
[2.081106] (px4_msgs) StdoutLine: {'line': b'-- Up-to-date symlink: /home/maxim/super_ws/install/px4_msgs/lib/python3.12/site-packages/px4_msgs/msg/_mag_worker_data_s.c\n'}
[2.081178] (px4_msgs) StdoutLine: {'line': b'-- Up-to-date symlink: /home/maxim/super_ws/install/px4_msgs/lib/python3.12/site-packages/px4_msgs/msg/_magnetometer_bias_estimate.py\n'}
[2.081251] (px4_msgs) StdoutLine: {'line': b'-- Up-to-date symlink: /home/maxim/super_ws/install/px4_msgs/lib/python3.12/site-packages/px4_msgs/msg/_magnetometer_bias_estimate_s.c\n'}
[2.081325] (px4_msgs) StdoutLine: {'line': b'-- Up-to-date symlink: /home/maxim/super_ws/install/px4_msgs/lib/python3.12/site-packages/px4_msgs/msg/_manual_control_setpoint.py\n'}
[2.081400] (px4_msgs) StdoutLine: {'line': b'-- Up-to-date symlink: /home/maxim/super_ws/install/px4_msgs/lib/python3.12/site-packages/px4_msgs/msg/_manual_control_setpoint_s.c\n'}
[2.081472] (px4_msgs) StdoutLine: {'line': b'-- Up-to-date symlink: /home/maxim/super_ws/install/px4_msgs/lib/python3.12/site-packages/px4_msgs/msg/_manual_control_switches.py\n'}
[2.081547] (px4_msgs) StdoutLine: {'line': b'-- Up-to-date symlink: /home/maxim/super_ws/install/px4_msgs/lib/python3.12/site-packages/px4_msgs/msg/_manual_control_switches_s.c\n'}
[2.081619] (px4_msgs) StdoutLine: {'line': b'-- Up-to-date symlink: /home/maxim/super_ws/install/px4_msgs/lib/python3.12/site-packages/px4_msgs/msg/_mavlink_log.py\n'}
[2.081697] (px4_msgs) StdoutLine: {'line': b'-- Up-to-date symlink: /home/maxim/super_ws/install/px4_msgs/lib/python3.12/site-packages/px4_msgs/msg/_mavlink_log_s.c\n'}
[2.081772] (px4_msgs) StdoutLine: {'line': b'-- Up-to-date symlink: /home/maxim/super_ws/install/px4_msgs/lib/python3.12/site-packages/px4_msgs/msg/_mavlink_tunnel.py\n'}
[2.081881] (px4_msgs) StdoutLine: {'line': b'-- Up-to-date symlink: /home/maxim/super_ws/install/px4_msgs/lib/python3.12/site-packages/px4_msgs/msg/_mavlink_tunnel_s.c\n'}
[2.081959] (px4_msgs) StdoutLine: {'line': b'-- Up-to-date symlink: /home/maxim/super_ws/install/px4_msgs/lib/python3.12/site-packages/px4_msgs/msg/_message_format_request.py\n'}
[2.082037] (px4_msgs) StdoutLine: {'line': b'-- Up-to-date symlink: /home/maxim/super_ws/install/px4_msgs/lib/python3.12/site-packages/px4_msgs/msg/_message_format_request_s.c\n'}
[2.082112] (px4_msgs) StdoutLine: {'line': b'-- Up-to-date symlink: /home/maxim/super_ws/install/px4_msgs/lib/python3.12/site-packages/px4_msgs/msg/_message_format_response.py\n'}
[2.082183] (px4_msgs) StdoutLine: {'line': b'-- Up-to-date symlink: /home/maxim/super_ws/install/px4_msgs/lib/python3.12/site-packages/px4_msgs/msg/_message_format_response_s.c\n'}
[2.082259] (px4_msgs) StdoutLine: {'line': b'-- Up-to-date symlink: /home/maxim/super_ws/install/px4_msgs/lib/python3.12/site-packages/px4_msgs/msg/_mission.py\n'}
[2.082332] (px4_msgs) StdoutLine: {'line': b'-- Up-to-date symlink: /home/maxim/super_ws/install/px4_msgs/lib/python3.12/site-packages/px4_msgs/msg/_mission_result.py\n'}
[2.082405] (px4_msgs) StdoutLine: {'line': b'-- Up-to-date symlink: /home/maxim/super_ws/install/px4_msgs/lib/python3.12/site-packages/px4_msgs/msg/_mission_result_s.c\n'}
[2.082478] (px4_msgs) StdoutLine: {'line': b'-- Up-to-date symlink: /home/maxim/super_ws/install/px4_msgs/lib/python3.12/site-packages/px4_msgs/msg/_mission_s.c\n'}
[2.082549] (px4_msgs) StdoutLine: {'line': b'-- Up-to-date symlink: /home/maxim/super_ws/install/px4_msgs/lib/python3.12/site-packages/px4_msgs/msg/_mode_completed.py\n'}
[2.082622] (px4_msgs) StdoutLine: {'line': b'-- Up-to-date symlink: /home/maxim/super_ws/install/px4_msgs/lib/python3.12/site-packages/px4_msgs/msg/_mode_completed_s.c\n'}
[2.082695] (px4_msgs) StdoutLine: {'line': b'-- Up-to-date symlink: /home/maxim/super_ws/install/px4_msgs/lib/python3.12/site-packages/px4_msgs/msg/_mount_orientation.py\n'}
[2.082769] (px4_msgs) StdoutLine: {'line': b'-- Up-to-date symlink: /home/maxim/super_ws/install/px4_msgs/lib/python3.12/site-packages/px4_msgs/msg/_mount_orientation_s.c\n'}
[2.082848] (px4_msgs) StdoutLine: {'line': b'-- Up-to-date symlink: /home/maxim/super_ws/install/px4_msgs/lib/python3.12/site-packages/px4_msgs/msg/_navigator_mission_item.py\n'}
[2.082920] (px4_msgs) StdoutLine: {'line': b'-- Up-to-date symlink: /home/maxim/super_ws/install/px4_msgs/lib/python3.12/site-packages/px4_msgs/msg/_navigator_mission_item_s.c\n'}
[2.082996] (px4_msgs) StdoutLine: {'line': b'-- Up-to-date symlink: /home/maxim/super_ws/install/px4_msgs/lib/python3.12/site-packages/px4_msgs/msg/_navigator_status.py\n'}
[2.083066] (px4_msgs) StdoutLine: {'line': b'-- Up-to-date symlink: /home/maxim/super_ws/install/px4_msgs/lib/python3.12/site-packages/px4_msgs/msg/_navigator_status_s.c\n'}
[2.083138] (px4_msgs) StdoutLine: {'line': b'-- Up-to-date symlink: /home/maxim/super_ws/install/px4_msgs/lib/python3.12/site-packages/px4_msgs/msg/_neural_control.py\n'}
[2.083213] (px4_msgs) StdoutLine: {'line': b'-- Up-to-date symlink: /home/maxim/super_ws/install/px4_msgs/lib/python3.12/site-packages/px4_msgs/msg/_neural_control_s.c\n'}
[2.083288] (px4_msgs) StdoutLine: {'line': b'-- Up-to-date symlink: /home/maxim/super_ws/install/px4_msgs/lib/python3.12/site-packages/px4_msgs/msg/_normalized_unsigned_setpoint.py\n'}
[2.083397] (px4_msgs) StdoutLine: {'line': b'-- Up-to-date symlink: /home/maxim/super_ws/install/px4_msgs/lib/python3.12/site-packages/px4_msgs/msg/_normalized_unsigned_setpoint_s.c\n'}
[2.083484] (px4_msgs) StdoutLine: {'line': b'-- Up-to-date symlink: /home/maxim/super_ws/install/px4_msgs/lib/python3.12/site-packages/px4_msgs/msg/_obstacle_distance.py\n'}
[2.083561] (px4_msgs) StdoutLine: {'line': b'-- Up-to-date symlink: /home/maxim/super_ws/install/px4_msgs/lib/python3.12/site-packages/px4_msgs/msg/_obstacle_distance_s.c\n'}
[2.083634] (px4_msgs) StdoutLine: {'line': b'-- Up-to-date symlink: /home/maxim/super_ws/install/px4_msgs/lib/python3.12/site-packages/px4_msgs/msg/_offboard_control_mode.py\n'}
[2.083711] (px4_msgs) StdoutLine: {'line': b'-- Up-to-date symlink: /home/maxim/super_ws/install/px4_msgs/lib/python3.12/site-packages/px4_msgs/msg/_offboard_control_mode_s.c\n'}
[2.083783] (px4_msgs) StdoutLine: {'line': b'-- Up-to-date symlink: /home/maxim/super_ws/install/px4_msgs/lib/python3.12/site-packages/px4_msgs/msg/_onboard_computer_status.py\n'}
[2.083855] (px4_msgs) StdoutLine: {'line': b'-- Up-to-date symlink: /home/maxim/super_ws/install/px4_msgs/lib/python3.12/site-packages/px4_msgs/msg/_onboard_computer_status_s.c\n'}
[2.083923] (px4_msgs) StdoutLine: {'line': b'-- Up-to-date symlink: /home/maxim/super_ws/install/px4_msgs/lib/python3.12/site-packages/px4_msgs/msg/_open_drone_id_arm_status.py\n'}
[2.084004] (px4_msgs) StdoutLine: {'line': b'-- Up-to-date symlink: /home/maxim/super_ws/install/px4_msgs/lib/python3.12/site-packages/px4_msgs/msg/_open_drone_id_arm_status_s.c\n'}
[2.084090] (px4_msgs) StdoutLine: {'line': b'-- Up-to-date symlink: /home/maxim/super_ws/install/px4_msgs/lib/python3.12/site-packages/px4_msgs/msg/_open_drone_id_operator_id.py\n'}
[2.084169] (px4_msgs) StdoutLine: {'line': b'-- Up-to-date symlink: /home/maxim/super_ws/install/px4_msgs/lib/python3.12/site-packages/px4_msgs/msg/_open_drone_id_operator_id_s.c\n'}
[2.084245] (px4_msgs) StdoutLine: {'line': b'-- Up-to-date symlink: /home/maxim/super_ws/install/px4_msgs/lib/python3.12/site-packages/px4_msgs/msg/_open_drone_id_self_id.py\n'}
[2.084321] (px4_msgs) StdoutLine: {'line': b'-- Up-to-date symlink: /home/maxim/super_ws/install/px4_msgs/lib/python3.12/site-packages/px4_msgs/msg/_open_drone_id_self_id_s.c\n'}
[2.084394] (px4_msgs) StdoutLine: {'line': b'-- Up-to-date symlink: /home/maxim/super_ws/install/px4_msgs/lib/python3.12/site-packages/px4_msgs/msg/_open_drone_id_system.py\n'}
[2.084466] (px4_msgs) StdoutLine: {'line': b'-- Up-to-date symlink: /home/maxim/super_ws/install/px4_msgs/lib/python3.12/site-packages/px4_msgs/msg/_open_drone_id_system_s.c\n'}
[2.084546] (px4_msgs) StdoutLine: {'line': b'-- Up-to-date symlink: /home/maxim/super_ws/install/px4_msgs/lib/python3.12/site-packages/px4_msgs/msg/_orb_test.py\n'}
[2.084622] (px4_msgs) StdoutLine: {'line': b'-- Up-to-date symlink: /home/maxim/super_ws/install/px4_msgs/lib/python3.12/site-packages/px4_msgs/msg/_orb_test_large.py\n'}
[2.084696] (px4_msgs) StdoutLine: {'line': b'-- Up-to-date symlink: /home/maxim/super_ws/install/px4_msgs/lib/python3.12/site-packages/px4_msgs/msg/_orb_test_large_s.c\n'}
[2.084769] (px4_msgs) StdoutLine: {'line': b'-- Up-to-date symlink: /home/maxim/super_ws/install/px4_msgs/lib/python3.12/site-packages/px4_msgs/msg/_orb_test_medium.py\n'}
[2.084844] (px4_msgs) StdoutLine: {'line': b'-- Up-to-date symlink: /home/maxim/super_ws/install/px4_msgs/lib/python3.12/site-packages/px4_msgs/msg/_orb_test_medium_s.c\n'}
[2.084963] (px4_msgs) StdoutLine: {'line': b'-- Up-to-date symlink: /home/maxim/super_ws/install/px4_msgs/lib/python3.12/site-packages/px4_msgs/msg/_orb_test_s.c\n'}
[2.085026] (px4_msgs) StdoutLine: {'line': b'-- Up-to-date symlink: /home/maxim/super_ws/install/px4_msgs/lib/python3.12/site-packages/px4_msgs/msg/_orbit_status.py\n'}
[2.085096] (px4_msgs) StdoutLine: {'line': b'-- Up-to-date symlink: /home/maxim/super_ws/install/px4_msgs/lib/python3.12/site-packages/px4_msgs/msg/_orbit_status_s.c\n'}
[2.085185] (px4_msgs) StdoutLine: {'line': b'-- Up-to-date symlink: /home/maxim/super_ws/install/px4_msgs/lib/python3.12/site-packages/px4_msgs/msg/_parameter_reset_request.py\n'}
[2.085262] (px4_msgs) StdoutLine: {'line': b'-- Up-to-date symlink: /home/maxim/super_ws/install/px4_msgs/lib/python3.12/site-packages/px4_msgs/msg/_parameter_reset_request_s.c\n'}
[2.085353] (px4_msgs) StdoutLine: {'line': b'-- Up-to-date symlink: /home/maxim/super_ws/install/px4_msgs/lib/python3.12/site-packages/px4_msgs/msg/_parameter_set_used_request.py\n'}
[2.085418] (px4_msgs) StdoutLine: {'line': b'-- Up-to-date symlink: /home/maxim/super_ws/install/px4_msgs/lib/python3.12/site-packages/px4_msgs/msg/_parameter_set_used_request_s.c\n'}
[2.085493] (px4_msgs) StdoutLine: {'line': b'-- Up-to-date symlink: /home/maxim/super_ws/install/px4_msgs/lib/python3.12/site-packages/px4_msgs/msg/_parameter_set_value_request.py\n'}
[2.085564] (px4_msgs) StdoutLine: {'line': b'-- Up-to-date symlink: /home/maxim/super_ws/install/px4_msgs/lib/python3.12/site-packages/px4_msgs/msg/_parameter_set_value_request_s.c\n'}
[2.085635] (px4_msgs) StdoutLine: {'line': b'-- Up-to-date symlink: /home/maxim/super_ws/install/px4_msgs/lib/python3.12/site-packages/px4_msgs/msg/_parameter_set_value_response.py\n'}
[2.085711] (px4_msgs) StdoutLine: {'line': b'-- Up-to-date symlink: /home/maxim/super_ws/install/px4_msgs/lib/python3.12/site-packages/px4_msgs/msg/_parameter_set_value_response_s.c\n'}
[2.085793] (px4_msgs) StdoutLine: {'line': b'-- Up-to-date symlink: /home/maxim/super_ws/install/px4_msgs/lib/python3.12/site-packages/px4_msgs/msg/_parameter_update.py\n'}
[2.085865] (px4_msgs) StdoutLine: {'line': b'-- Up-to-date symlink: /home/maxim/super_ws/install/px4_msgs/lib/python3.12/site-packages/px4_msgs/msg/_parameter_update_s.c\n'}
[2.085979] (px4_msgs) StdoutLine: {'line': b'-- Up-to-date symlink: /home/maxim/super_ws/install/px4_msgs/lib/python3.12/site-packages/px4_msgs/msg/_ping.py\n'}
[2.086042] (px4_msgs) StdoutLine: {'line': b'-- Up-to-date symlink: /home/maxim/super_ws/install/px4_msgs/lib/python3.12/site-packages/px4_msgs/msg/_ping_s.c\n'}
[2.086126] (px4_msgs) StdoutLine: {'line': b'-- Up-to-date symlink: /home/maxim/super_ws/install/px4_msgs/lib/python3.12/site-packages/px4_msgs/msg/_position_controller_landing_status.py\n'}
[2.086198] (px4_msgs) StdoutLine: {'line': b'-- Up-to-date symlink: /home/maxim/super_ws/install/px4_msgs/lib/python3.12/site-packages/px4_msgs/msg/_position_controller_landing_status_s.c\n'}
[2.086259] (px4_msgs) StdoutLine: {'line': b'-- Up-to-date symlink: /home/maxim/super_ws/install/px4_msgs/lib/python3.12/site-packages/px4_msgs/msg/_position_controller_status.py\n'}
[2.086332] (px4_msgs) StdoutLine: {'line': b'-- Up-to-date symlink: /home/maxim/super_ws/install/px4_msgs/lib/python3.12/site-packages/px4_msgs/msg/_position_controller_status_s.c\n'}
[2.086405] (px4_msgs) StdoutLine: {'line': b'-- Up-to-date symlink: /home/maxim/super_ws/install/px4_msgs/lib/python3.12/site-packages/px4_msgs/msg/_position_setpoint.py\n'}
[2.086476] (px4_msgs) StdoutLine: {'line': b'-- Up-to-date symlink: /home/maxim/super_ws/install/px4_msgs/lib/python3.12/site-packages/px4_msgs/msg/_position_setpoint_s.c\n'}
[2.086549] (px4_msgs) StdoutLine: {'line': b'-- Up-to-date symlink: /home/maxim/super_ws/install/px4_msgs/lib/python3.12/site-packages/px4_msgs/msg/_position_setpoint_triplet.py\n'}
[2.086623] (px4_msgs) StdoutLine: {'line': b'-- Up-to-date symlink: /home/maxim/super_ws/install/px4_msgs/lib/python3.12/site-packages/px4_msgs/msg/_position_setpoint_triplet_s.c\n'}
[2.086698] (px4_msgs) StdoutLine: {'line': b'-- Up-to-date symlink: /home/maxim/super_ws/install/px4_msgs/lib/python3.12/site-packages/px4_msgs/msg/_power_button_state.py\n'}
[2.086770] (px4_msgs) StdoutLine: {'line': b'-- Up-to-date symlink: /home/maxim/super_ws/install/px4_msgs/lib/python3.12/site-packages/px4_msgs/msg/_power_button_state_s.c\n'}
[2.086839] (px4_msgs) StdoutLine: {'line': b'-- Up-to-date symlink: /home/maxim/super_ws/install/px4_msgs/lib/python3.12/site-packages/px4_msgs/msg/_power_monitor.py\n'}
[2.086915] (px4_msgs) StdoutLine: {'line': b'-- Up-to-date symlink: /home/maxim/super_ws/install/px4_msgs/lib/python3.12/site-packages/px4_msgs/msg/_power_monitor_s.c\n'}
[2.087010] (px4_msgs) StdoutLine: {'line': b'-- Up-to-date symlink: /home/maxim/super_ws/install/px4_msgs/lib/python3.12/site-packages/px4_msgs/msg/_pps_capture.py\n'}
[2.087083] (px4_msgs) StdoutLine: {'line': b'-- Up-to-date symlink: /home/maxim/super_ws/install/px4_msgs/lib/python3.12/site-packages/px4_msgs/msg/_pps_capture_s.c\n'}
[2.087160] (px4_msgs) StdoutLine: {'line': b'-- Up-to-date symlink: /home/maxim/super_ws/install/px4_msgs/lib/python3.12/site-packages/px4_msgs/msg/_prec_land_status.py\n'}
[2.087234] (px4_msgs) StdoutLine: {'line': b'-- Up-to-date symlink: /home/maxim/super_ws/install/px4_msgs/lib/python3.12/site-packages/px4_msgs/msg/_prec_land_status_s.c\n'}
[2.087307] (px4_msgs) StdoutLine: {'line': b'-- Up-to-date symlink: /home/maxim/super_ws/install/px4_msgs/lib/python3.12/site-packages/px4_msgs/msg/_pure_pursuit_status.py\n'}
[2.087377] (px4_msgs) StdoutLine: {'line': b'-- Up-to-date symlink: /home/maxim/super_ws/install/px4_msgs/lib/python3.12/site-packages/px4_msgs/msg/_pure_pursuit_status_s.c\n'}
[2.087446] (px4_msgs) StdoutLine: {'line': b'-- Up-to-date symlink: /home/maxim/super_ws/install/px4_msgs/lib/python3.12/site-packages/px4_msgs/msg/_pwm_input.py\n'}
[2.087522] (px4_msgs) StdoutLine: {'line': b'-- Up-to-date symlink: /home/maxim/super_ws/install/px4_msgs/lib/python3.12/site-packages/px4_msgs/msg/_pwm_input_s.c\n'}
[2.087595] (px4_msgs) StdoutLine: {'line': b'-- Up-to-date symlink: /home/maxim/super_ws/install/px4_msgs/lib/python3.12/site-packages/px4_msgs/msg/_px4io_status.py\n'}
[2.087674] (px4_msgs) StdoutLine: {'line': b'-- Up-to-date symlink: /home/maxim/super_ws/install/px4_msgs/lib/python3.12/site-packages/px4_msgs/msg/_px4io_status_s.c\n'}
[2.087752] (px4_msgs) StdoutLine: {'line': b'-- Up-to-date symlink: /home/maxim/super_ws/install/px4_msgs/lib/python3.12/site-packages/px4_msgs/msg/_qshell_req.py\n'}
[2.087826] (px4_msgs) StdoutLine: {'line': b'-- Up-to-date symlink: /home/maxim/super_ws/install/px4_msgs/lib/python3.12/site-packages/px4_msgs/msg/_qshell_req_s.c\n'}
[2.087898] (px4_msgs) StdoutLine: {'line': b'-- Up-to-date symlink: /home/maxim/super_ws/install/px4_msgs/lib/python3.12/site-packages/px4_msgs/msg/_qshell_retval.py\n'}
[2.087970] (px4_msgs) StdoutLine: {'line': b'-- Up-to-date symlink: /home/maxim/super_ws/install/px4_msgs/lib/python3.12/site-packages/px4_msgs/msg/_qshell_retval_s.c\n'}
[2.088044] (px4_msgs) StdoutLine: {'line': b'-- Up-to-date symlink: /home/maxim/super_ws/install/px4_msgs/lib/python3.12/site-packages/px4_msgs/msg/_radio_status.py\n'}
[2.088114] (px4_msgs) StdoutLine: {'line': b'-- Up-to-date symlink: /home/maxim/super_ws/install/px4_msgs/lib/python3.12/site-packages/px4_msgs/msg/_radio_status_s.c\n'}
[2.088185] (px4_msgs) StdoutLine: {'line': b'-- Up-to-date symlink: /home/maxim/super_ws/install/px4_msgs/lib/python3.12/site-packages/px4_msgs/msg/_ranging_beacon.py\n'}
[2.088256] (px4_msgs) StdoutLine: {'line': b'-- Up-to-date symlink: /home/maxim/super_ws/install/px4_msgs/lib/python3.12/site-packages/px4_msgs/msg/_ranging_beacon_s.c\n'}
[2.088330] (px4_msgs) StdoutLine: {'line': b'-- Up-to-date symlink: /home/maxim/super_ws/install/px4_msgs/lib/python3.12/site-packages/px4_msgs/msg/_raptor_input.py\n'}
[2.088405] (px4_msgs) StdoutLine: {'line': b'-- Up-to-date symlink: /home/maxim/super_ws/install/px4_msgs/lib/python3.12/site-packages/px4_msgs/msg/_raptor_input_s.c\n'}
[2.088479] (px4_msgs) StdoutLine: {'line': b'-- Up-to-date symlink: /home/maxim/super_ws/install/px4_msgs/lib/python3.12/site-packages/px4_msgs/msg/_raptor_status.py\n'}
[2.088554] (px4_msgs) StdoutLine: {'line': b'-- Up-to-date symlink: /home/maxim/super_ws/install/px4_msgs/lib/python3.12/site-packages/px4_msgs/msg/_raptor_status_s.c\n'}
[2.088630] (px4_msgs) StdoutLine: {'line': b'-- Up-to-date symlink: /home/maxim/super_ws/install/px4_msgs/lib/python3.12/site-packages/px4_msgs/msg/_rate_ctrl_status.py\n'}
[2.088712] (px4_msgs) StdoutLine: {'line': b'-- Up-to-date symlink: /home/maxim/super_ws/install/px4_msgs/lib/python3.12/site-packages/px4_msgs/msg/_rate_ctrl_status_s.c\n'}
[2.088787] (px4_msgs) StdoutLine: {'line': b'-- Up-to-date symlink: /home/maxim/super_ws/install/px4_msgs/lib/python3.12/site-packages/px4_msgs/msg/_rc_channels.py\n'}
[2.088861] (px4_msgs) StdoutLine: {'line': b'-- Up-to-date symlink: /home/maxim/super_ws/install/px4_msgs/lib/python3.12/site-packages/px4_msgs/msg/_rc_channels_s.c\n'}
[2.088936] (px4_msgs) StdoutLine: {'line': b'-- Up-to-date symlink: /home/maxim/super_ws/install/px4_msgs/lib/python3.12/site-packages/px4_msgs/msg/_rc_parameter_map.py\n'}
[2.089011] (px4_msgs) StdoutLine: {'line': b'-- Up-to-date symlink: /home/maxim/super_ws/install/px4_msgs/lib/python3.12/site-packages/px4_msgs/msg/_rc_parameter_map_s.c\n'}
[2.089083] (px4_msgs) StdoutLine: {'line': b'-- Up-to-date symlink: /home/maxim/super_ws/install/px4_msgs/lib/python3.12/site-packages/px4_msgs/msg/_register_ext_component_reply.py\n'}
[2.089159] (px4_msgs) StdoutLine: {'line': b'-- Up-to-date symlink: /home/maxim/super_ws/install/px4_msgs/lib/python3.12/site-packages/px4_msgs/msg/_register_ext_component_reply_s.c\n'}
[2.089235] (px4_msgs) StdoutLine: {'line': b'-- Up-to-date symlink: /home/maxim/super_ws/install/px4_msgs/lib/python3.12/site-packages/px4_msgs/msg/_register_ext_component_request.py\n'}
[2.089317] (px4_msgs) StdoutLine: {'line': b'-- Up-to-date symlink: /home/maxim/super_ws/install/px4_msgs/lib/python3.12/site-packages/px4_msgs/msg/_register_ext_component_request_s.c\n'}
[2.089391] (px4_msgs) StdoutLine: {'line': b'-- Up-to-date symlink: /home/maxim/super_ws/install/px4_msgs/lib/python3.12/site-packages/px4_msgs/msg/_rover_attitude_setpoint.py\n'}
[2.089467] (px4_msgs) StdoutLine: {'line': b'-- Up-to-date symlink: /home/maxim/super_ws/install/px4_msgs/lib/python3.12/site-packages/px4_msgs/msg/_rover_attitude_setpoint_s.c\n'}
[2.089542] (px4_msgs) StdoutLine: {'line': b'-- Up-to-date symlink: /home/maxim/super_ws/install/px4_msgs/lib/python3.12/site-packages/px4_msgs/msg/_rover_attitude_status.py\n'}
[2.089617] (px4_msgs) StdoutLine: {'line': b'-- Up-to-date symlink: /home/maxim/super_ws/install/px4_msgs/lib/python3.12/site-packages/px4_msgs/msg/_rover_attitude_status_s.c\n'}
[2.089735] (px4_msgs) StdoutLine: {'line': b'-- Up-to-date symlink: /home/maxim/super_ws/install/px4_msgs/lib/python3.12/site-packages/px4_msgs/msg/_rover_position_setpoint.py\n'}
[2.089812] (px4_msgs) StdoutLine: {'line': b'-- Up-to-date symlink: /home/maxim/super_ws/install/px4_msgs/lib/python3.12/site-packages/px4_msgs/msg/_rover_position_setpoint_s.c\n'}
[2.089887] (px4_msgs) StdoutLine: {'line': b'-- Up-to-date symlink: /home/maxim/super_ws/install/px4_msgs/lib/python3.12/site-packages/px4_msgs/msg/_rover_rate_setpoint.py\n'}
[2.089960] (px4_msgs) StdoutLine: {'line': b'-- Up-to-date symlink: /home/maxim/super_ws/install/px4_msgs/lib/python3.12/site-packages/px4_msgs/msg/_rover_rate_setpoint_s.c\n'}
[2.090036] (px4_msgs) StdoutLine: {'line': b'-- Up-to-date symlink: /home/maxim/super_ws/install/px4_msgs/lib/python3.12/site-packages/px4_msgs/msg/_rover_rate_status.py\n'}
[2.090109] (px4_msgs) StdoutLine: {'line': b'-- Up-to-date symlink: /home/maxim/super_ws/install/px4_msgs/lib/python3.12/site-packages/px4_msgs/msg/_rover_rate_status_s.c\n'}
[2.090184] (px4_msgs) StdoutLine: {'line': b'-- Up-to-date symlink: /home/maxim/super_ws/install/px4_msgs/lib/python3.12/site-packages/px4_msgs/msg/_rover_speed_setpoint.py\n'}
[2.090261] (px4_msgs) StdoutLine: {'line': b'-- Up-to-date symlink: /home/maxim/super_ws/install/px4_msgs/lib/python3.12/site-packages/px4_msgs/msg/_rover_speed_setpoint_s.c\n'}
[2.090348] (px4_msgs) StdoutLine: {'line': b'-- Up-to-date symlink: /home/maxim/super_ws/install/px4_msgs/lib/python3.12/site-packages/px4_msgs/msg/_rover_speed_status.py\n'}
[2.090433] (px4_msgs) StdoutLine: {'line': b'-- Up-to-date symlink: /home/maxim/super_ws/install/px4_msgs/lib/python3.12/site-packages/px4_msgs/msg/_rover_speed_status_s.c\n'}
[2.090517] (px4_msgs) StdoutLine: {'line': b'-- Up-to-date symlink: /home/maxim/super_ws/install/px4_msgs/lib/python3.12/site-packages/px4_msgs/msg/_rover_steering_setpoint.py\n'}
[2.090594] (px4_msgs) StdoutLine: {'line': b'-- Up-to-date symlink: /home/maxim/super_ws/install/px4_msgs/lib/python3.12/site-packages/px4_msgs/msg/_rover_steering_setpoint_s.c\n'}
[2.090673] (px4_msgs) StdoutLine: {'line': b'-- Up-to-date symlink: /home/maxim/super_ws/install/px4_msgs/lib/python3.12/site-packages/px4_msgs/msg/_rover_throttle_setpoint.py\n'}
[2.090744] (px4_msgs) StdoutLine: {'line': b'-- Up-to-date symlink: /home/maxim/super_ws/install/px4_msgs/lib/python3.12/site-packages/px4_msgs/msg/_rover_throttle_setpoint_s.c\n'}
[2.090811] (px4_msgs) StdoutLine: {'line': b'-- Up-to-date symlink: /home/maxim/super_ws/install/px4_msgs/lib/python3.12/site-packages/px4_msgs/msg/_rpm.py\n'}
[2.090889] (px4_msgs) StdoutLine: {'line': b'-- Up-to-date symlink: /home/maxim/super_ws/install/px4_msgs/lib/python3.12/site-packages/px4_msgs/msg/_rpm_s.c\n'}
[2.090991] (px4_msgs) StdoutLine: {'line': b'-- Up-to-date symlink: /home/maxim/super_ws/install/px4_msgs/lib/python3.12/site-packages/px4_msgs/msg/_rtl_status.py\n'}
[2.091068] (px4_msgs) StdoutLine: {'line': b'-- Up-to-date symlink: /home/maxim/super_ws/install/px4_msgs/lib/python3.12/site-packages/px4_msgs/msg/_rtl_status_s.c\n'}
[2.091156] (px4_msgs) StdoutLine: {'line': b'-- Up-to-date symlink: /home/maxim/super_ws/install/px4_msgs/lib/python3.12/site-packages/px4_msgs/msg/_rtl_time_estimate.py\n'}
[2.091219] (px4_msgs) StdoutLine: {'line': b'-- Up-to-date symlink: /home/maxim/super_ws/install/px4_msgs/lib/python3.12/site-packages/px4_msgs/msg/_rtl_time_estimate_s.c\n'}
[2.091291] (px4_msgs) StdoutLine: {'line': b'-- Up-to-date symlink: /home/maxim/super_ws/install/px4_msgs/lib/python3.12/site-packages/px4_msgs/msg/_satellite_info.py\n'}
[2.091364] (px4_msgs) StdoutLine: {'line': b'-- Up-to-date symlink: /home/maxim/super_ws/install/px4_msgs/lib/python3.12/site-packages/px4_msgs/msg/_satellite_info_s.c\n'}
[2.091438] (px4_msgs) StdoutLine: {'line': b'-- Up-to-date symlink: /home/maxim/super_ws/install/px4_msgs/lib/python3.12/site-packages/px4_msgs/msg/_sensor_accel.py\n'}
[2.091510] (px4_msgs) StdoutLine: {'line': b'-- Up-to-date symlink: /home/maxim/super_ws/install/px4_msgs/lib/python3.12/site-packages/px4_msgs/msg/_sensor_accel_fifo.py\n'}
[2.091582] (px4_msgs) StdoutLine: {'line': b'-- Up-to-date symlink: /home/maxim/super_ws/install/px4_msgs/lib/python3.12/site-packages/px4_msgs/msg/_sensor_accel_fifo_s.c\n'}
[2.091656] (px4_msgs) StdoutLine: {'line': b'-- Up-to-date symlink: /home/maxim/super_ws/install/px4_msgs/lib/python3.12/site-packages/px4_msgs/msg/_sensor_accel_s.c\n'}
[2.091725] (px4_msgs) StdoutLine: {'line': b'-- Up-to-date symlink: /home/maxim/super_ws/install/px4_msgs/lib/python3.12/site-packages/px4_msgs/msg/_sensor_airflow.py\n'}
[2.091798] (px4_msgs) StdoutLine: {'line': b'-- Up-to-date symlink: /home/maxim/super_ws/install/px4_msgs/lib/python3.12/site-packages/px4_msgs/msg/_sensor_airflow_s.c\n'}
[2.091868] (px4_msgs) StdoutLine: {'line': b'-- Up-to-date symlink: /home/maxim/super_ws/install/px4_msgs/lib/python3.12/site-packages/px4_msgs/msg/_sensor_baro.py\n'}
[2.091940] (px4_msgs) StdoutLine: {'line': b'-- Up-to-date symlink: /home/maxim/super_ws/install/px4_msgs/lib/python3.12/site-packages/px4_msgs/msg/_sensor_baro_s.c\n'}
[2.092013] (px4_msgs) StdoutLine: {'line': b'-- Up-to-date symlink: /home/maxim/super_ws/install/px4_msgs/lib/python3.12/site-packages/px4_msgs/msg/_sensor_combined.py\n'}
[2.092084] (px4_msgs) StdoutLine: {'line': b'-- Up-to-date symlink: /home/maxim/super_ws/install/px4_msgs/lib/python3.12/site-packages/px4_msgs/msg/_sensor_combined_s.c\n'}
[2.092155] (px4_msgs) StdoutLine: {'line': b'-- Up-to-date symlink: /home/maxim/super_ws/install/px4_msgs/lib/python3.12/site-packages/px4_msgs/msg/_sensor_correction.py\n'}
[2.092224] (px4_msgs) StdoutLine: {'line': b'-- Up-to-date symlink: /home/maxim/super_ws/install/px4_msgs/lib/python3.12/site-packages/px4_msgs/msg/_sensor_correction_s.c\n'}
[2.092295] (px4_msgs) StdoutLine: {'line': b'-- Up-to-date symlink: /home/maxim/super_ws/install/px4_msgs/lib/python3.12/site-packages/px4_msgs/msg/_sensor_gnss_relative.py\n'}
[2.092399] (px4_msgs) StdoutLine: {'line': b'-- Up-to-date symlink: /home/maxim/super_ws/install/px4_msgs/lib/python3.12/site-packages/px4_msgs/msg/_sensor_gnss_relative_s.c\n'}
[2.092513] (px4_msgs) StdoutLine: {'line': b'-- Up-to-date symlink: /home/maxim/super_ws/install/px4_msgs/lib/python3.12/site-packages/px4_msgs/msg/_sensor_gnss_status.py\n'}
[2.092580] (px4_msgs) StdoutLine: {'line': b'-- Up-to-date symlink: /home/maxim/super_ws/install/px4_msgs/lib/python3.12/site-packages/px4_msgs/msg/_sensor_gnss_status_s.c\n'}
[2.092657] (px4_msgs) StdoutLine: {'line': b'-- Up-to-date symlink: /home/maxim/super_ws/install/px4_msgs/lib/python3.12/site-packages/px4_msgs/msg/_sensor_gps.py\n'}
[2.092735] (px4_msgs) StdoutLine: {'line': b'-- Up-to-date symlink: /home/maxim/super_ws/install/px4_msgs/lib/python3.12/site-packages/px4_msgs/msg/_sensor_gps_s.c\n'}
[2.092813] (px4_msgs) StdoutLine: {'line': b'-- Up-to-date symlink: /home/maxim/super_ws/install/px4_msgs/lib/python3.12/site-packages/px4_msgs/msg/_sensor_gyro.py\n'}
[2.092889] (px4_msgs) StdoutLine: {'line': b'-- Up-to-date symlink: /home/maxim/super_ws/install/px4_msgs/lib/python3.12/site-packages/px4_msgs/msg/_sensor_gyro_fft.py\n'}
[2.092961] (px4_msgs) StdoutLine: {'line': b'-- Up-to-date symlink: /home/maxim/super_ws/install/px4_msgs/lib/python3.12/site-packages/px4_msgs/msg/_sensor_gyro_fft_s.c\n'}
[2.093038] (px4_msgs) StdoutLine: {'line': b'-- Up-to-date symlink: /home/maxim/super_ws/install/px4_msgs/lib/python3.12/site-packages/px4_msgs/msg/_sensor_gyro_fifo.py\n'}
[2.093110] (px4_msgs) StdoutLine: {'line': b'-- Up-to-date symlink: /home/maxim/super_ws/install/px4_msgs/lib/python3.12/site-packages/px4_msgs/msg/_sensor_gyro_fifo_s.c\n'}
[2.093178] (px4_msgs) StdoutLine: {'line': b'-- Up-to-date symlink: /home/maxim/super_ws/install/px4_msgs/lib/python3.12/site-packages/px4_msgs/msg/_sensor_gyro_s.c\n'}
[2.093256] (px4_msgs) StdoutLine: {'line': b'-- Up-to-date symlink: /home/maxim/super_ws/install/px4_msgs/lib/python3.12/site-packages/px4_msgs/msg/_sensor_hygrometer.py\n'}
[2.093332] (px4_msgs) StdoutLine: {'line': b'-- Up-to-date symlink: /home/maxim/super_ws/install/px4_msgs/lib/python3.12/site-packages/px4_msgs/msg/_sensor_hygrometer_s.c\n'}
[2.093405] (px4_msgs) StdoutLine: {'line': b'-- Up-to-date symlink: /home/maxim/super_ws/install/px4_msgs/lib/python3.12/site-packages/px4_msgs/msg/_sensor_mag.py\n'}
[2.093475] (px4_msgs) StdoutLine: {'line': b'-- Up-to-date symlink: /home/maxim/super_ws/install/px4_msgs/lib/python3.12/site-packages/px4_msgs/msg/_sensor_mag_s.c\n'}
[2.093544] (px4_msgs) StdoutLine: {'line': b'-- Up-to-date symlink: /home/maxim/super_ws/install/px4_msgs/lib/python3.12/site-packages/px4_msgs/msg/_sensor_optical_flow.py\n'}
[2.093612] (px4_msgs) StdoutLine: {'line': b'-- Up-to-date symlink: /home/maxim/super_ws/install/px4_msgs/lib/python3.12/site-packages/px4_msgs/msg/_sensor_optical_flow_s.c\n'}
[2.093691] (px4_msgs) StdoutLine: {'line': b'-- Up-to-date symlink: /home/maxim/super_ws/install/px4_msgs/lib/python3.12/site-packages/px4_msgs/msg/_sensor_preflight_mag.py\n'}
[2.093764] (px4_msgs) StdoutLine: {'line': b'-- Up-to-date symlink: /home/maxim/super_ws/install/px4_msgs/lib/python3.12/site-packages/px4_msgs/msg/_sensor_preflight_mag_s.c\n'}
[2.093834] (px4_msgs) StdoutLine: {'line': b'-- Up-to-date symlink: /home/maxim/super_ws/install/px4_msgs/lib/python3.12/site-packages/px4_msgs/msg/_sensor_selection.py\n'}
[2.093907] (px4_msgs) StdoutLine: {'line': b'-- Up-to-date symlink: /home/maxim/super_ws/install/px4_msgs/lib/python3.12/site-packages/px4_msgs/msg/_sensor_selection_s.c\n'}
[2.093982] (px4_msgs) StdoutLine: {'line': b'-- Up-to-date symlink: /home/maxim/super_ws/install/px4_msgs/lib/python3.12/site-packages/px4_msgs/msg/_sensor_temp.py\n'}
[2.094058] (px4_msgs) StdoutLine: {'line': b'-- Up-to-date symlink: /home/maxim/super_ws/install/px4_msgs/lib/python3.12/site-packages/px4_msgs/msg/_sensor_temp_s.c\n'}
[2.094129] (px4_msgs) StdoutLine: {'line': b'-- Up-to-date symlink: /home/maxim/super_ws/install/px4_msgs/lib/python3.12/site-packages/px4_msgs/msg/_sensor_uwb.py\n'}
[2.094205] (px4_msgs) StdoutLine: {'line': b'-- Up-to-date symlink: /home/maxim/super_ws/install/px4_msgs/lib/python3.12/site-packages/px4_msgs/msg/_sensor_uwb_s.c\n'}
[2.094276] (px4_msgs) StdoutLine: {'line': b'-- Up-to-date symlink: /home/maxim/super_ws/install/px4_msgs/lib/python3.12/site-packages/px4_msgs/msg/_sensors_status.py\n'}
[2.094347] (px4_msgs) StdoutLine: {'line': b'-- Up-to-date symlink: /home/maxim/super_ws/install/px4_msgs/lib/python3.12/site-packages/px4_msgs/msg/_sensors_status_imu.py\n'}
[2.094416] (px4_msgs) StdoutLine: {'line': b'-- Up-to-date symlink: /home/maxim/super_ws/install/px4_msgs/lib/python3.12/site-packages/px4_msgs/msg/_sensors_status_imu_s.c\n'}
[2.094487] (px4_msgs) StdoutLine: {'line': b'-- Up-to-date symlink: /home/maxim/super_ws/install/px4_msgs/lib/python3.12/site-packages/px4_msgs/msg/_sensors_status_s.c\n'}
[2.094559] (px4_msgs) StdoutLine: {'line': b'-- Up-to-date symlink: /home/maxim/super_ws/install/px4_msgs/lib/python3.12/site-packages/px4_msgs/msg/_system_power.py\n'}
[2.094636] (px4_msgs) StdoutLine: {'line': b'-- Up-to-date symlink: /home/maxim/super_ws/install/px4_msgs/lib/python3.12/site-packages/px4_msgs/msg/_system_power_s.c\n'}
[2.094748] (px4_msgs) StdoutLine: {'line': b'-- Up-to-date symlink: /home/maxim/super_ws/install/px4_msgs/lib/python3.12/site-packages/px4_msgs/msg/_takeoff_status.py\n'}
[2.094827] (px4_msgs) StdoutLine: {'line': b'-- Up-to-date symlink: /home/maxim/super_ws/install/px4_msgs/lib/python3.12/site-packages/px4_msgs/msg/_takeoff_status_s.c\n'}
[2.094904] (px4_msgs) StdoutLine: {'line': b'-- Up-to-date symlink: /home/maxim/super_ws/install/px4_msgs/lib/python3.12/site-packages/px4_msgs/msg/_target_gnss.py\n'}
[2.094977] (px4_msgs) StdoutLine: {'line': b'-- Up-to-date symlink: /home/maxim/super_ws/install/px4_msgs/lib/python3.12/site-packages/px4_msgs/msg/_target_gnss_s.c\n'}
[2.095049] (px4_msgs) StdoutLine: {'line': b'-- Up-to-date symlink: /home/maxim/super_ws/install/px4_msgs/lib/python3.12/site-packages/px4_msgs/msg/_task_stack_info.py\n'}
[2.095122] (px4_msgs) StdoutLine: {'line': b'-- Up-to-date symlink: /home/maxim/super_ws/install/px4_msgs/lib/python3.12/site-packages/px4_msgs/msg/_task_stack_info_s.c\n'}
[2.095192] (px4_msgs) StdoutLine: {'line': b'-- Up-to-date symlink: /home/maxim/super_ws/install/px4_msgs/lib/python3.12/site-packages/px4_msgs/msg/_tecs_status.py\n'}
[2.095281] (px4_msgs) StdoutLine: {'line': b'-- Up-to-date symlink: /home/maxim/super_ws/install/px4_msgs/lib/python3.12/site-packages/px4_msgs/msg/_tecs_status_s.c\n'}
[2.095367] (px4_msgs) StdoutLine: {'line': b'-- Up-to-date symlink: /home/maxim/super_ws/install/px4_msgs/lib/python3.12/site-packages/px4_msgs/msg/_telemetry_status.py\n'}
[2.095453] (px4_msgs) StdoutLine: {'line': b'-- Up-to-date symlink: /home/maxim/super_ws/install/px4_msgs/lib/python3.12/site-packages/px4_msgs/msg/_telemetry_status_s.c\n'}
[2.095527] (px4_msgs) StdoutLine: {'line': b'-- Up-to-date symlink: /home/maxim/super_ws/install/px4_msgs/lib/python3.12/site-packages/px4_msgs/msg/_tiltrotor_extra_controls.py\n'}
[2.095599] (px4_msgs) StdoutLine: {'line': b'-- Up-to-date symlink: /home/maxim/super_ws/install/px4_msgs/lib/python3.12/site-packages/px4_msgs/msg/_tiltrotor_extra_controls_s.c\n'}
[2.095676] (px4_msgs) StdoutLine: {'line': b'-- Up-to-date symlink: /home/maxim/super_ws/install/px4_msgs/lib/python3.12/site-packages/px4_msgs/msg/_timesync_status.py\n'}
[2.095746] (px4_msgs) StdoutLine: {'line': b'-- Up-to-date symlink: /home/maxim/super_ws/install/px4_msgs/lib/python3.12/site-packages/px4_msgs/msg/_timesync_status_s.c\n'}
[2.095815] (px4_msgs) StdoutLine: {'line': b'-- Up-to-date symlink: /home/maxim/super_ws/install/px4_msgs/lib/python3.12/site-packages/px4_msgs/msg/_trajectory_setpoint.py\n'}
[2.095899] (px4_msgs) StdoutLine: {'line': b'-- Up-to-date symlink: /home/maxim/super_ws/install/px4_msgs/lib/python3.12/site-packages/px4_msgs/msg/_trajectory_setpoint6dof.py\n'}
[2.095976] (px4_msgs) StdoutLine: {'line': b'-- Up-to-date symlink: /home/maxim/super_ws/install/px4_msgs/lib/python3.12/site-packages/px4_msgs/msg/_trajectory_setpoint6dof_s.c\n'}
[2.096046] (px4_msgs) StdoutLine: {'line': b'-- Up-to-date symlink: /home/maxim/super_ws/install/px4_msgs/lib/python3.12/site-packages/px4_msgs/msg/_trajectory_setpoint_s.c\n'}
[2.096114] (px4_msgs) StdoutLine: {'line': b'-- Up-to-date symlink: /home/maxim/super_ws/install/px4_msgs/lib/python3.12/site-packages/px4_msgs/msg/_transponder_report.py\n'}
[2.096186] (px4_msgs) StdoutLine: {'line': b'-- Up-to-date symlink: /home/maxim/super_ws/install/px4_msgs/lib/python3.12/site-packages/px4_msgs/msg/_transponder_report_s.c\n'}
[2.096255] (px4_msgs) StdoutLine: {'line': b'-- Up-to-date symlink: /home/maxim/super_ws/install/px4_msgs/lib/python3.12/site-packages/px4_msgs/msg/_tune_control.py\n'}
[2.096327] (px4_msgs) StdoutLine: {'line': b'-- Up-to-date symlink: /home/maxim/super_ws/install/px4_msgs/lib/python3.12/site-packages/px4_msgs/msg/_tune_control_s.c\n'}
[2.096399] (px4_msgs) StdoutLine: {'line': b'-- Up-to-date symlink: /home/maxim/super_ws/install/px4_msgs/lib/python3.12/site-packages/px4_msgs/msg/_uavcan_parameter_request.py\n'}
[2.096470] (px4_msgs) StdoutLine: {'line': b'-- Up-to-date symlink: /home/maxim/super_ws/install/px4_msgs/lib/python3.12/site-packages/px4_msgs/msg/_uavcan_parameter_request_s.c\n'}
[2.096549] (px4_msgs) StdoutLine: {'line': b'-- Up-to-date symlink: /home/maxim/super_ws/install/px4_msgs/lib/python3.12/site-packages/px4_msgs/msg/_uavcan_parameter_value.py\n'}
[2.096621] (px4_msgs) StdoutLine: {'line': b'-- Up-to-date symlink: /home/maxim/super_ws/install/px4_msgs/lib/python3.12/site-packages/px4_msgs/msg/_uavcan_parameter_value_s.c\n'}
[2.096700] (px4_msgs) StdoutLine: {'line': b'-- Up-to-date symlink: /home/maxim/super_ws/install/px4_msgs/lib/python3.12/site-packages/px4_msgs/msg/_ulog_stream.py\n'}
[2.096771] (px4_msgs) StdoutLine: {'line': b'-- Up-to-date symlink: /home/maxim/super_ws/install/px4_msgs/lib/python3.12/site-packages/px4_msgs/msg/_ulog_stream_ack.py\n'}
[2.096842] (px4_msgs) StdoutLine: {'line': b'-- Up-to-date symlink: /home/maxim/super_ws/install/px4_msgs/lib/python3.12/site-packages/px4_msgs/msg/_ulog_stream_ack_s.c\n'}
[2.096917] (px4_msgs) StdoutLine: {'line': b'-- Up-to-date symlink: /home/maxim/super_ws/install/px4_msgs/lib/python3.12/site-packages/px4_msgs/msg/_ulog_stream_s.c\n'}
[2.096990] (px4_msgs) StdoutLine: {'line': b'-- Up-to-date symlink: /home/maxim/super_ws/install/px4_msgs/lib/python3.12/site-packages/px4_msgs/msg/_unregister_ext_component.py\n'}
[2.097066] (px4_msgs) StdoutLine: {'line': b'-- Up-to-date symlink: /home/maxim/super_ws/install/px4_msgs/lib/python3.12/site-packages/px4_msgs/msg/_unregister_ext_component_s.c\n'}
[2.097138] (px4_msgs) StdoutLine: {'line': b'-- Up-to-date symlink: /home/maxim/super_ws/install/px4_msgs/lib/python3.12/site-packages/px4_msgs/msg/_vehicle_acceleration.py\n'}
[2.097212] (px4_msgs) StdoutLine: {'line': b'-- Up-to-date symlink: /home/maxim/super_ws/install/px4_msgs/lib/python3.12/site-packages/px4_msgs/msg/_vehicle_acceleration_s.c\n'}
[2.097286] (px4_msgs) StdoutLine: {'line': b'-- Up-to-date symlink: /home/maxim/super_ws/install/px4_msgs/lib/python3.12/site-packages/px4_msgs/msg/_vehicle_air_data.py\n'}
[2.097360] (px4_msgs) StdoutLine: {'line': b'-- Up-to-date symlink: /home/maxim/super_ws/install/px4_msgs/lib/python3.12/site-packages/px4_msgs/msg/_vehicle_air_data_s.c\n'}
[2.097435] (px4_msgs) StdoutLine: {'line': b'-- Up-to-date symlink: /home/maxim/super_ws/install/px4_msgs/lib/python3.12/site-packages/px4_msgs/msg/_vehicle_angular_acceleration_setpoint.py\n'}
[2.097552] (px4_msgs) StdoutLine: {'line': b'-- Up-to-date symlink: /home/maxim/super_ws/install/px4_msgs/lib/python3.12/site-packages/px4_msgs/msg/_vehicle_angular_acceleration_setpoint_s.c\n'}
[2.097627] (px4_msgs) StdoutLine: {'line': b'-- Up-to-date symlink: /home/maxim/super_ws/install/px4_msgs/lib/python3.12/site-packages/px4_msgs/msg/_vehicle_angular_velocity.py\n'}
[2.097740] (px4_msgs) StdoutLine: {'line': b'-- Up-to-date symlink: /home/maxim/super_ws/install/px4_msgs/lib/python3.12/site-packages/px4_msgs/msg/_vehicle_angular_velocity_s.c\n'}
[2.097826] (px4_msgs) StdoutLine: {'line': b'-- Up-to-date symlink: /home/maxim/super_ws/install/px4_msgs/lib/python3.12/site-packages/px4_msgs/msg/_vehicle_attitude.py\n'}
[2.097920] (px4_msgs) StdoutLine: {'line': b'-- Up-to-date symlink: /home/maxim/super_ws/install/px4_msgs/lib/python3.12/site-packages/px4_msgs/msg/_vehicle_attitude_s.c\n'}
[2.098000] (px4_msgs) StdoutLine: {'line': b'-- Up-to-date symlink: /home/maxim/super_ws/install/px4_msgs/lib/python3.12/site-packages/px4_msgs/msg/_vehicle_attitude_setpoint.py\n'}
[2.098077] (px4_msgs) StdoutLine: {'line': b'-- Up-to-date symlink: /home/maxim/super_ws/install/px4_msgs/lib/python3.12/site-packages/px4_msgs/msg/_vehicle_attitude_setpoint_s.c\n'}
[2.098163] (px4_msgs) StdoutLine: {'line': b'-- Up-to-date symlink: /home/maxim/super_ws/install/px4_msgs/lib/python3.12/site-packages/px4_msgs/msg/_vehicle_command.py\n'}
[2.098221] (px4_msgs) StdoutLine: {'line': b'-- Up-to-date symlink: /home/maxim/super_ws/install/px4_msgs/lib/python3.12/site-packages/px4_msgs/msg/_vehicle_command_ack.py\n'}
[2.098290] (px4_msgs) StdoutLine: {'line': b'-- Up-to-date symlink: /home/maxim/super_ws/install/px4_msgs/lib/python3.12/site-packages/px4_msgs/msg/_vehicle_command_ack_s.c\n'}
[2.098373] (px4_msgs) StdoutLine: {'line': b'-- Up-to-date symlink: /home/maxim/super_ws/install/px4_msgs/lib/python3.12/site-packages/px4_msgs/msg/_vehicle_command_s.c\n'}
[2.098436] (px4_msgs) StdoutLine: {'line': b'-- Up-to-date symlink: /home/maxim/super_ws/install/px4_msgs/lib/python3.12/site-packages/px4_msgs/msg/_vehicle_constraints.py\n'}
[2.098509] (px4_msgs) StdoutLine: {'line': b'-- Up-to-date symlink: /home/maxim/super_ws/install/px4_msgs/lib/python3.12/site-packages/px4_msgs/msg/_vehicle_constraints_s.c\n'}
[2.098583] (px4_msgs) StdoutLine: {'line': b'-- Up-to-date symlink: /home/maxim/super_ws/install/px4_msgs/lib/python3.12/site-packages/px4_msgs/msg/_vehicle_control_mode.py\n'}
[2.098661] (px4_msgs) StdoutLine: {'line': b'-- Up-to-date symlink: /home/maxim/super_ws/install/px4_msgs/lib/python3.12/site-packages/px4_msgs/msg/_vehicle_control_mode_s.c\n'}
[2.098735] (px4_msgs) StdoutLine: {'line': b'-- Up-to-date symlink: /home/maxim/super_ws/install/px4_msgs/lib/python3.12/site-packages/px4_msgs/msg/_vehicle_global_position.py\n'}
[2.098807] (px4_msgs) StdoutLine: {'line': b'-- Up-to-date symlink: /home/maxim/super_ws/install/px4_msgs/lib/python3.12/site-packages/px4_msgs/msg/_vehicle_global_position_s.c\n'}
[2.098883] (px4_msgs) StdoutLine: {'line': b'-- Up-to-date symlink: /home/maxim/super_ws/install/px4_msgs/lib/python3.12/site-packages/px4_msgs/msg/_vehicle_imu.py\n'}
[2.098953] (px4_msgs) StdoutLine: {'line': b'-- Up-to-date symlink: /home/maxim/super_ws/install/px4_msgs/lib/python3.12/site-packages/px4_msgs/msg/_vehicle_imu_s.c\n'}
[2.099028] (px4_msgs) StdoutLine: {'line': b'-- Up-to-date symlink: /home/maxim/super_ws/install/px4_msgs/lib/python3.12/site-packages/px4_msgs/msg/_vehicle_imu_status.py\n'}
[2.099101] (px4_msgs) StdoutLine: {'line': b'-- Up-to-date symlink: /home/maxim/super_ws/install/px4_msgs/lib/python3.12/site-packages/px4_msgs/msg/_vehicle_imu_status_s.c\n'}
[2.099172] (px4_msgs) StdoutLine: {'line': b'-- Up-to-date symlink: /home/maxim/super_ws/install/px4_msgs/lib/python3.12/site-packages/px4_msgs/msg/_vehicle_land_detected.py\n'}
[2.099242] (px4_msgs) StdoutLine: {'line': b'-- Up-to-date symlink: /home/maxim/super_ws/install/px4_msgs/lib/python3.12/site-packages/px4_msgs/msg/_vehicle_land_detected_s.c\n'}
[2.099316] (px4_msgs) StdoutLine: {'line': b'-- Up-to-date symlink: /home/maxim/super_ws/install/px4_msgs/lib/python3.12/site-packages/px4_msgs/msg/_vehicle_local_position.py\n'}
[2.099389] (px4_msgs) StdoutLine: {'line': b'-- Up-to-date symlink: /home/maxim/super_ws/install/px4_msgs/lib/python3.12/site-packages/px4_msgs/msg/_vehicle_local_position_s.c\n'}
[2.099462] (px4_msgs) StdoutLine: {'line': b'-- Up-to-date symlink: /home/maxim/super_ws/install/px4_msgs/lib/python3.12/site-packages/px4_msgs/msg/_vehicle_local_position_setpoint.py\n'}
[2.099535] (px4_msgs) StdoutLine: {'line': b'-- Up-to-date symlink: /home/maxim/super_ws/install/px4_msgs/lib/python3.12/site-packages/px4_msgs/msg/_vehicle_local_position_setpoint_s.c\n'}
[2.099609] (px4_msgs) StdoutLine: {'line': b'-- Up-to-date symlink: /home/maxim/super_ws/install/px4_msgs/lib/python3.12/site-packages/px4_msgs/msg/_vehicle_magnetometer.py\n'}
[2.099688] (px4_msgs) StdoutLine: {'line': b'-- Up-to-date symlink: /home/maxim/super_ws/install/px4_msgs/lib/python3.12/site-packages/px4_msgs/msg/_vehicle_magnetometer_s.c\n'}
[2.099755] (px4_msgs) StdoutLine: {'line': b'-- Up-to-date symlink: /home/maxim/super_ws/install/px4_msgs/lib/python3.12/site-packages/px4_msgs/msg/_vehicle_odometry.py\n'}
[2.099834] (px4_msgs) StdoutLine: {'line': b'-- Up-to-date symlink: /home/maxim/super_ws/install/px4_msgs/lib/python3.12/site-packages/px4_msgs/msg/_vehicle_odometry_s.c\n'}
[2.099925] (px4_msgs) StdoutLine: {'line': b'-- Up-to-date symlink: /home/maxim/super_ws/install/px4_msgs/lib/python3.12/site-packages/px4_msgs/msg/_vehicle_optical_flow.py\n'}
[2.100007] (px4_msgs) StdoutLine: {'line': b'-- Up-to-date symlink: /home/maxim/super_ws/install/px4_msgs/lib/python3.12/site-packages/px4_msgs/msg/_vehicle_optical_flow_s.c\n'}
[2.100087] (px4_msgs) StdoutLine: {'line': b'-- Up-to-date symlink: /home/maxim/super_ws/install/px4_msgs/lib/python3.12/site-packages/px4_msgs/msg/_vehicle_optical_flow_vel.py\n'}
[2.100163] (px4_msgs) StdoutLine: {'line': b'-- Up-to-date symlink: /home/maxim/super_ws/install/px4_msgs/lib/python3.12/site-packages/px4_msgs/msg/_vehicle_optical_flow_vel_s.c\n'}
[2.100235] (px4_msgs) StdoutLine: {'line': b'-- Up-to-date symlink: /home/maxim/super_ws/install/px4_msgs/lib/python3.12/site-packages/px4_msgs/msg/_vehicle_rates_setpoint.py\n'}
[2.100309] (px4_msgs) StdoutLine: {'line': b'-- Up-to-date symlink: /home/maxim/super_ws/install/px4_msgs/lib/python3.12/site-packages/px4_msgs/msg/_vehicle_rates_setpoint_s.c\n'}
[2.100381] (px4_msgs) StdoutLine: {'line': b'-- Up-to-date symlink: /home/maxim/super_ws/install/px4_msgs/lib/python3.12/site-packages/px4_msgs/msg/_vehicle_roi.py\n'}
[2.100452] (px4_msgs) StdoutLine: {'line': b'-- Up-to-date symlink: /home/maxim/super_ws/install/px4_msgs/lib/python3.12/site-packages/px4_msgs/msg/_vehicle_roi_s.c\n'}
[2.100525] (px4_msgs) StdoutLine: {'line': b'-- Up-to-date symlink: /home/maxim/super_ws/install/px4_msgs/lib/python3.12/site-packages/px4_msgs/msg/_vehicle_status.py\n'}
[2.100601] (px4_msgs) StdoutLine: {'line': b'-- Up-to-date symlink: /home/maxim/super_ws/install/px4_msgs/lib/python3.12/site-packages/px4_msgs/msg/_vehicle_status_s.c\n'}
[2.100681] (px4_msgs) StdoutLine: {'line': b'-- Up-to-date symlink: /home/maxim/super_ws/install/px4_msgs/lib/python3.12/site-packages/px4_msgs/msg/_vehicle_thrust_setpoint.py\n'}
[2.100754] (px4_msgs) StdoutLine: {'line': b'-- Up-to-date symlink: /home/maxim/super_ws/install/px4_msgs/lib/python3.12/site-packages/px4_msgs/msg/_vehicle_thrust_setpoint_s.c\n'}
[2.100829] (px4_msgs) StdoutLine: {'line': b'-- Up-to-date symlink: /home/maxim/super_ws/install/px4_msgs/lib/python3.12/site-packages/px4_msgs/msg/_vehicle_torque_setpoint.py\n'}
[2.100905] (px4_msgs) StdoutLine: {'line': b'-- Up-to-date symlink: /home/maxim/super_ws/install/px4_msgs/lib/python3.12/site-packages/px4_msgs/msg/_vehicle_torque_setpoint_s.c\n'}
[2.100981] (px4_msgs) StdoutLine: {'line': b'-- Up-to-date symlink: /home/maxim/super_ws/install/px4_msgs/lib/python3.12/site-packages/px4_msgs/msg/_velocity_limits.py\n'}
[2.101055] (px4_msgs) StdoutLine: {'line': b'-- Up-to-date symlink: /home/maxim/super_ws/install/px4_msgs/lib/python3.12/site-packages/px4_msgs/msg/_velocity_limits_s.c\n'}
[2.101131] (px4_msgs) StdoutLine: {'line': b'-- Up-to-date symlink: /home/maxim/super_ws/install/px4_msgs/lib/python3.12/site-packages/px4_msgs/msg/_vte_aid_source1d.py\n'}
[2.101201] (px4_msgs) StdoutLine: {'line': b'-- Up-to-date symlink: /home/maxim/super_ws/install/px4_msgs/lib/python3.12/site-packages/px4_msgs/msg/_vte_aid_source1d_s.c\n'}
[2.101283] (px4_msgs) StdoutLine: {'line': b'-- Up-to-date symlink: /home/maxim/super_ws/install/px4_msgs/lib/python3.12/site-packages/px4_msgs/msg/_vte_aid_source3d.py\n'}
[2.101356] (px4_msgs) StdoutLine: {'line': b'-- Up-to-date symlink: /home/maxim/super_ws/install/px4_msgs/lib/python3.12/site-packages/px4_msgs/msg/_vte_aid_source3d_s.c\n'}
[2.101431] (px4_msgs) StdoutLine: {'line': b'-- Up-to-date symlink: /home/maxim/super_ws/install/px4_msgs/lib/python3.12/site-packages/px4_msgs/msg/_vte_bias_init_status.py\n'}
[2.101504] (px4_msgs) StdoutLine: {'line': b'-- Up-to-date symlink: /home/maxim/super_ws/install/px4_msgs/lib/python3.12/site-packages/px4_msgs/msg/_vte_bias_init_status_s.c\n'}
[2.101575] (px4_msgs) StdoutLine: {'line': b'-- Up-to-date symlink: /home/maxim/super_ws/install/px4_msgs/lib/python3.12/site-packages/px4_msgs/msg/_vte_input.py\n'}
[2.101649] (px4_msgs) StdoutLine: {'line': b'-- Up-to-date symlink: /home/maxim/super_ws/install/px4_msgs/lib/python3.12/site-packages/px4_msgs/msg/_vte_input_s.c\n'}
[2.101721] (px4_msgs) StdoutLine: {'line': b'-- Up-to-date symlink: /home/maxim/super_ws/install/px4_msgs/lib/python3.12/site-packages/px4_msgs/msg/_vte_orientation.py\n'}
[2.101798] (px4_msgs) StdoutLine: {'line': b'-- Up-to-date symlink: /home/maxim/super_ws/install/px4_msgs/lib/python3.12/site-packages/px4_msgs/msg/_vte_orientation_s.c\n'}
[2.101872] (px4_msgs) StdoutLine: {'line': b'-- Up-to-date symlink: /home/maxim/super_ws/install/px4_msgs/lib/python3.12/site-packages/px4_msgs/msg/_vte_position.py\n'}
[2.101947] (px4_msgs) StdoutLine: {'line': b'-- Up-to-date symlink: /home/maxim/super_ws/install/px4_msgs/lib/python3.12/site-packages/px4_msgs/msg/_vte_position_s.c\n'}
[2.102041] (px4_msgs) StdoutLine: {'line': b'-- Up-to-date symlink: /home/maxim/super_ws/install/px4_msgs/lib/python3.12/site-packages/px4_msgs/msg/_vtol_vehicle_status.py\n'}
[2.102113] (px4_msgs) StdoutLine: {'line': b'-- Up-to-date symlink: /home/maxim/super_ws/install/px4_msgs/lib/python3.12/site-packages/px4_msgs/msg/_vtol_vehicle_status_s.c\n'}
[2.102188] (px4_msgs) StdoutLine: {'line': b'-- Up-to-date symlink: /home/maxim/super_ws/install/px4_msgs/lib/python3.12/site-packages/px4_msgs/msg/_vtx.py\n'}
[2.102259] (px4_msgs) StdoutLine: {'line': b'-- Up-to-date symlink: /home/maxim/super_ws/install/px4_msgs/lib/python3.12/site-packages/px4_msgs/msg/_vtx_s.c\n'}
[2.102333] (px4_msgs) StdoutLine: {'line': b'-- Up-to-date symlink: /home/maxim/super_ws/install/px4_msgs/lib/python3.12/site-packages/px4_msgs/msg/_wheel_encoders.py\n'}
[2.102404] (px4_msgs) StdoutLine: {'line': b'-- Up-to-date symlink: /home/maxim/super_ws/install/px4_msgs/lib/python3.12/site-packages/px4_msgs/msg/_wheel_encoders_s.c\n'}
[2.102473] (px4_msgs) StdoutLine: {'line': b'-- Up-to-date symlink: /home/maxim/super_ws/install/px4_msgs/lib/python3.12/site-packages/px4_msgs/msg/_wind.py\n'}
[2.102546] (px4_msgs) StdoutLine: {'line': b'-- Up-to-date symlink: /home/maxim/super_ws/install/px4_msgs/lib/python3.12/site-packages/px4_msgs/msg/_wind_s.c\n'}
[2.102627] (px4_msgs) StdoutLine: {'line': b'-- Up-to-date symlink: /home/maxim/super_ws/install/px4_msgs/lib/python3.12/site-packages/px4_msgs/msg/_yaw_estimator_status.py\n'}
[2.102745] (px4_msgs) StdoutLine: {'line': b'-- Up-to-date symlink: /home/maxim/super_ws/install/px4_msgs/lib/python3.12/site-packages/px4_msgs/msg/_yaw_estimator_status_s.c\n'}
[2.102822] (px4_msgs) StdoutLine: {'line': b'-- Up-to-date symlink: /home/maxim/super_ws/install/px4_msgs/lib/python3.12/site-packages/px4_msgs/px4_msgs_s__rosidl_typesupport_c.so\n'}
[2.102906] (px4_msgs) StdoutLine: {'line': b'-- Up-to-date symlink: /home/maxim/super_ws/install/px4_msgs/lib/python3.12/site-packages/px4_msgs/px4_msgs_s__rosidl_typesupport_fastrtps_c.so\n'}
[2.102978] (px4_msgs) StdoutLine: {'line': b'-- Up-to-date symlink: /home/maxim/super_ws/install/px4_msgs/lib/python3.12/site-packages/px4_msgs/px4_msgs_s__rosidl_typesupport_introspection_c.so\n'}
[2.103047] (-) TimerEvent: {}
[2.103118] (px4_msgs) StdoutLine: {'line': b'-- Up-to-date symlink: /home/maxim/super_ws/install/px4_msgs/lib/python3.12/site-packages/px4_msgs/srv/__init__.py\n'}
[2.103198] (px4_msgs) StdoutLine: {'line': b'-- Up-to-date symlink: /home/maxim/super_ws/install/px4_msgs/lib/python3.12/site-packages/px4_msgs/srv/_vehicle_command.py\n'}
[2.103253] (px4_msgs) StdoutLine: {'line': b'-- Up-to-date symlink: /home/maxim/super_ws/install/px4_msgs/lib/python3.12/site-packages/px4_msgs/srv/_vehicle_command_s.c\n'}
[2.103374] (px4_msgs) StdoutLine: {'line': b'-- Up-to-date symlink: /home/maxim/super_ws/install/px4_msgs/lib/python3.12/site-packages/px4_msgs/px4_msgs_s__rosidl_typesupport_fastrtps_c.so\n'}
[2.103594] (px4_msgs) StdoutLine: {'line': b'-- Up-to-date symlink: /home/maxim/super_ws/install/px4_msgs/lib/python3.12/site-packages/px4_msgs/px4_msgs_s__rosidl_typesupport_introspection_c.so\n'}
[2.103819] (px4_msgs) StdoutLine: {'line': b'-- Up-to-date symlink: /home/maxim/super_ws/install/px4_msgs/lib/python3.12/site-packages/px4_msgs/px4_msgs_s__rosidl_typesupport_c.so\n'}
[2.103949] (px4_msgs) StdoutLine: {'line': b'-- Up-to-date symlink: /home/maxim/super_ws/install/px4_msgs/share/ament_index/resource_index/rust_packages/px4_msgs\n'}
[2.104283] (px4_msgs) StdoutLine: {'line': b'-- Up-to-date symlink: /home/maxim/super_ws/install/px4_msgs/share/px4_msgs/rust/Cargo.toml\n'}
[2.104452] (px4_msgs) StdoutLine: {'line': b'-- Up-to-date symlink: /home/maxim/super_ws/install/px4_msgs/share/px4_msgs/rust/build.rs\n'}
[2.104550] (px4_msgs) StdoutLine: {'line': b'-- Up-to-date symlink: /home/maxim/super_ws/install/px4_msgs/share/px4_msgs/rust/src/lib.rs\n'}
[2.104629] (px4_msgs) StdoutLine: {'line': b'-- Up-to-date symlink: /home/maxim/super_ws/install/px4_msgs/share/px4_msgs/rust/src/msg.rs\n'}
[2.104698] (px4_msgs) StdoutLine: {'line': b'-- Up-to-date symlink: /home/maxim/super_ws/install/px4_msgs/share/px4_msgs/rust/src/msg/rmw.rs\n'}
[2.104765] (px4_msgs) StdoutLine: {'line': b'-- Up-to-date symlink: /home/maxim/super_ws/install/px4_msgs/share/px4_msgs/rust/src/srv.rs\n'}
[2.104888] (px4_msgs) StdoutLine: {'line': b'-- Up-to-date symlink: /home/maxim/super_ws/install/px4_msgs/share/px4_msgs/rust/src/srv/rmw.rs\n'}
[2.104991] (px4_msgs) StdoutLine: {'line': b'-- Up-to-date symlink: /home/maxim/super_ws/install/px4_msgs/share/px4_msgs/msg/ActionRequest.idl\n'}
[2.105072] (px4_msgs) StdoutLine: {'line': b'-- Up-to-date symlink: /home/maxim/super_ws/install/px4_msgs/share/px4_msgs/msg/ActuatorArmed.idl\n'}
[2.105135] (px4_msgs) StdoutLine: {'line': b'-- Up-to-date symlink: /home/maxim/super_ws/install/px4_msgs/share/px4_msgs/msg/ActuatorControlsStatus.idl\n'}
[2.105280] (px4_msgs) StdoutLine: {'line': b'-- Up-to-date symlink: /home/maxim/super_ws/install/px4_msgs/share/px4_msgs/msg/ActuatorMotors.idl\n'}
[2.105379] (px4_msgs) StdoutLine: {'line': b'-- Up-to-date symlink: /home/maxim/super_ws/install/px4_msgs/share/px4_msgs/msg/ActuatorOutputs.idl\n'}
[2.105444] (px4_msgs) StdoutLine: {'line': b'-- Up-to-date symlink: /home/maxim/super_ws/install/px4_msgs/share/px4_msgs/msg/ActuatorServos.idl\n'}
[2.105525] (px4_msgs) StdoutLine: {'line': b'-- Up-to-date symlink: /home/maxim/super_ws/install/px4_msgs/share/px4_msgs/msg/ActuatorServosTrim.idl\n'}
[2.105605] (px4_msgs) StdoutLine: {'line': b'-- Up-to-date symlink: /home/maxim/super_ws/install/px4_msgs/share/px4_msgs/msg/ActuatorTest.idl\n'}
[2.105717] (px4_msgs) StdoutLine: {'line': b'-- Up-to-date symlink: /home/maxim/super_ws/install/px4_msgs/share/px4_msgs/msg/AdcReport.idl\n'}
[2.105835] (px4_msgs) StdoutLine: {'line': b'-- Up-to-date symlink: /home/maxim/super_ws/install/px4_msgs/share/px4_msgs/msg/Airspeed.idl\n'}
[2.105950] (px4_msgs) StdoutLine: {'line': b'-- Up-to-date symlink: /home/maxim/super_ws/install/px4_msgs/share/px4_msgs/msg/AirspeedValidated.idl\n'}
[2.106100] (px4_msgs) StdoutLine: {'line': b'-- Up-to-date symlink: /home/maxim/super_ws/install/px4_msgs/share/px4_msgs/msg/AirspeedWind.idl\n'}
[2.106201] (px4_msgs) StdoutLine: {'line': b'-- Up-to-date symlink: /home/maxim/super_ws/install/px4_msgs/share/px4_msgs/msg/ArmingCheckReply.idl\n'}
[2.106316] (px4_msgs) StdoutLine: {'line': b'-- Up-to-date symlink: /home/maxim/super_ws/install/px4_msgs/share/px4_msgs/msg/ArmingCheckRequest.idl\n'}
[2.106405] (px4_msgs) StdoutLine: {'line': b'-- Up-to-date symlink: /home/maxim/super_ws/install/px4_msgs/share/px4_msgs/msg/AutotuneAttitudeControlStatus.idl\n'}
[2.106542] (px4_msgs) StdoutLine: {'line': b'-- Up-to-date symlink: /home/maxim/super_ws/install/px4_msgs/share/px4_msgs/msg/AuxGlobalPosition.idl\n'}
[2.106616] (px4_msgs) StdoutLine: {'line': b'-- Up-to-date symlink: /home/maxim/super_ws/install/px4_msgs/share/px4_msgs/msg/BatteryInfo.idl\n'}
[2.106816] (px4_msgs) StdoutLine: {'line': b'-- Up-to-date symlink: /home/maxim/super_ws/install/px4_msgs/share/px4_msgs/msg/BatteryStatus.idl\n'}
[2.106968] (px4_msgs) StdoutLine: {'line': b'-- Up-to-date symlink: /home/maxim/super_ws/install/px4_msgs/share/px4_msgs/msg/ButtonEvent.idl\n'}
[2.107038] (px4_msgs) StdoutLine: {'line': b'-- Up-to-date symlink: /home/maxim/super_ws/install/px4_msgs/share/px4_msgs/msg/CameraCapture.idl\n'}
[2.107119] (px4_msgs) StdoutLine: {'line': b'-- Up-to-date symlink: /home/maxim/super_ws/install/px4_msgs/share/px4_msgs/msg/CameraStatus.idl\n'}
[2.107202] (px4_msgs) StdoutLine: {'line': b'-- Up-to-date symlink: /home/maxim/super_ws/install/px4_msgs/share/px4_msgs/msg/CameraTrigger.idl\n'}
[2.107299] (px4_msgs) StdoutLine: {'line': b'-- Up-to-date symlink: /home/maxim/super_ws/install/px4_msgs/share/px4_msgs/msg/CanInterfaceStatus.idl\n'}
[2.107451] (px4_msgs) StdoutLine: {'line': b'-- Up-to-date symlink: /home/maxim/super_ws/install/px4_msgs/share/px4_msgs/msg/CellularStatus.idl\n'}
[2.107532] (px4_msgs) StdoutLine: {'line': b'-- Up-to-date symlink: /home/maxim/super_ws/install/px4_msgs/share/px4_msgs/msg/CollisionConstraints.idl\n'}
[2.107613] (px4_msgs) StdoutLine: {'line': b'-- Up-to-date symlink: /home/maxim/super_ws/install/px4_msgs/share/px4_msgs/msg/ConfigOverrides.idl\n'}
[2.107764] (px4_msgs) StdoutLine: {'line': b'-- Up-to-date symlink: /home/maxim/super_ws/install/px4_msgs/share/px4_msgs/msg/ControlAllocatorStatus.idl\n'}
[2.107869] (px4_msgs) StdoutLine: {'line': b'-- Up-to-date symlink: /home/maxim/super_ws/install/px4_msgs/share/px4_msgs/msg/Cpuload.idl\n'}
[2.108015] (px4_msgs) StdoutLine: {'line': b'-- Up-to-date symlink: /home/maxim/super_ws/install/px4_msgs/share/px4_msgs/msg/DatamanRequest.idl\n'}
[2.108191] (px4_msgs) StdoutLine: {'line': b'-- Up-to-date symlink: /home/maxim/super_ws/install/px4_msgs/share/px4_msgs/msg/DatamanResponse.idl\n'}
[2.108298] (px4_msgs) StdoutLine: {'line': b'-- Up-to-date symlink: /home/maxim/super_ws/install/px4_msgs/share/px4_msgs/msg/DebugArray.idl\n'}
[2.108366] (px4_msgs) StdoutLine: {'line': b'-- Up-to-date symlink: /home/maxim/super_ws/install/px4_msgs/share/px4_msgs/msg/DebugKeyValue.idl\n'}
[2.108438] (px4_msgs) StdoutLine: {'line': b'-- Up-to-date symlink: /home/maxim/super_ws/install/px4_msgs/share/px4_msgs/msg/DebugValue.idl\n'}
[2.108514] (px4_msgs) StdoutLine: {'line': b'-- Up-to-date symlink: /home/maxim/super_ws/install/px4_msgs/share/px4_msgs/msg/DebugVect.idl\n'}
[2.108616] (px4_msgs) StdoutLine: {'line': b'-- Up-to-date symlink: /home/maxim/super_ws/install/px4_msgs/share/px4_msgs/msg/DeviceInformation.idl\n'}
[2.108778] (px4_msgs) StdoutLine: {'line': b'-- Up-to-date symlink: /home/maxim/super_ws/install/px4_msgs/share/px4_msgs/msg/DifferentialPressure.idl\n'}
[2.108891] (px4_msgs) StdoutLine: {'line': b'-- Up-to-date symlink: /home/maxim/super_ws/install/px4_msgs/share/px4_msgs/msg/DistanceSensor.idl\n'}
[2.108993] (px4_msgs) StdoutLine: {'line': b'-- Up-to-date symlink: /home/maxim/super_ws/install/px4_msgs/share/px4_msgs/msg/DistanceSensorModeChangeRequest.idl\n'}
[2.109132] (px4_msgs) StdoutLine: {'line': b'-- Up-to-date symlink: /home/maxim/super_ws/install/px4_msgs/share/px4_msgs/msg/DronecanNodeStatus.idl\n'}
[2.109202] (px4_msgs) StdoutLine: {'line': b'-- Up-to-date symlink: /home/maxim/super_ws/install/px4_msgs/share/px4_msgs/msg/Ekf2Timestamps.idl\n'}
[2.109359] (px4_msgs) StdoutLine: {'line': b'-- Up-to-date symlink: /home/maxim/super_ws/install/px4_msgs/share/px4_msgs/msg/EscEepromRead.idl\n'}
[2.109480] (px4_msgs) StdoutLine: {'line': b'-- Up-to-date symlink: /home/maxim/super_ws/install/px4_msgs/share/px4_msgs/msg/EscEepromWrite.idl\n'}
[2.109557] (px4_msgs) StdoutLine: {'line': b'-- Up-to-date symlink: /home/maxim/super_ws/install/px4_msgs/share/px4_msgs/msg/EscReport.idl\n'}
[2.109636] (px4_msgs) StdoutLine: {'line': b'-- Up-to-date symlink: /home/maxim/super_ws/install/px4_msgs/share/px4_msgs/msg/EscStatus.idl\n'}
[2.109757] (px4_msgs) StdoutLine: {'line': b'-- Up-to-date symlink: /home/maxim/super_ws/install/px4_msgs/share/px4_msgs/msg/EstimatorAidSource1d.idl\n'}
[2.109900] (px4_msgs) StdoutLine: {'line': b'-- Up-to-date symlink: /home/maxim/super_ws/install/px4_msgs/share/px4_msgs/msg/EstimatorAidSource2d.idl\n'}
[2.109977] (px4_msgs) StdoutLine: {'line': b'-- Up-to-date symlink: /home/maxim/super_ws/install/px4_msgs/share/px4_msgs/msg/EstimatorAidSource3d.idl\n'}
[2.110122] (px4_msgs) StdoutLine: {'line': b'-- Up-to-date symlink: /home/maxim/super_ws/install/px4_msgs/share/px4_msgs/msg/EstimatorBias.idl\n'}
[2.110256] (px4_msgs) StdoutLine: {'line': b'-- Up-to-date symlink: /home/maxim/super_ws/install/px4_msgs/share/px4_msgs/msg/EstimatorBias3d.idl\n'}
[2.110371] (px4_msgs) StdoutLine: {'line': b'-- Up-to-date symlink: /home/maxim/super_ws/install/px4_msgs/share/px4_msgs/msg/EstimatorEventFlags.idl\n'}
[2.110455] (px4_msgs) StdoutLine: {'line': b'-- Up-to-date symlink: /home/maxim/super_ws/install/px4_msgs/share/px4_msgs/msg/EstimatorFusionControl.idl\n'}
[2.110534] (px4_msgs) StdoutLine: {'line': b'-- Up-to-date symlink: /home/maxim/super_ws/install/px4_msgs/share/px4_msgs/msg/EstimatorGpsStatus.idl\n'}
[2.110648] (px4_msgs) StdoutLine: {'line': b'-- Up-to-date symlink: /home/maxim/super_ws/install/px4_msgs/share/px4_msgs/msg/EstimatorInnovations.idl\n'}
[2.110764] (px4_msgs) StdoutLine: {'line': b'-- Up-to-date symlink: /home/maxim/super_ws/install/px4_msgs/share/px4_msgs/msg/EstimatorSelectorStatus.idl\n'}
[2.110880] (px4_msgs) StdoutLine: {'line': b'-- Up-to-date symlink: /home/maxim/super_ws/install/px4_msgs/share/px4_msgs/msg/EstimatorSensorBias.idl\n'}
[2.111020] (px4_msgs) StdoutLine: {'line': b'-- Up-to-date symlink: /home/maxim/super_ws/install/px4_msgs/share/px4_msgs/msg/EstimatorStates.idl\n'}
[2.111132] (px4_msgs) StdoutLine: {'line': b'-- Up-to-date symlink: /home/maxim/super_ws/install/px4_msgs/share/px4_msgs/msg/EstimatorStatus.idl\n'}
[2.111241] (px4_msgs) StdoutLine: {'line': b'-- Up-to-date symlink: /home/maxim/super_ws/install/px4_msgs/share/px4_msgs/msg/EstimatorStatusFlags.idl\n'}
[2.111355] (px4_msgs) StdoutLine: {'line': b'-- Up-to-date symlink: /home/maxim/super_ws/install/px4_msgs/share/px4_msgs/msg/Event.idl\n'}
[2.111462] (px4_msgs) StdoutLine: {'line': b'-- Up-to-date symlink: /home/maxim/super_ws/install/px4_msgs/share/px4_msgs/msg/FailsafeFlags.idl\n'}
[2.111552] (px4_msgs) StdoutLine: {'line': b'-- Up-to-date symlink: /home/maxim/super_ws/install/px4_msgs/share/px4_msgs/msg/FailureDetectorStatus.idl\n'}
[2.111669] (px4_msgs) StdoutLine: {'line': b'-- Up-to-date symlink: /home/maxim/super_ws/install/px4_msgs/share/px4_msgs/msg/FiducialMarkerPosReport.idl\n'}
[2.111782] (px4_msgs) StdoutLine: {'line': b'-- Up-to-date symlink: /home/maxim/super_ws/install/px4_msgs/share/px4_msgs/msg/FiducialMarkerYawReport.idl\n'}
[2.111895] (px4_msgs) StdoutLine: {'line': b'-- Up-to-date symlink: /home/maxim/super_ws/install/px4_msgs/share/px4_msgs/msg/FigureEightStatus.idl\n'}
[2.112017] (px4_msgs) StdoutLine: {'line': b'-- Up-to-date symlink: /home/maxim/super_ws/install/px4_msgs/share/px4_msgs/msg/FixedWingLateralGuidanceStatus.idl\n'}
[2.112169] (px4_msgs) StdoutLine: {'line': b'-- Up-to-date symlink: /home/maxim/super_ws/install/px4_msgs/share/px4_msgs/msg/FixedWingLateralSetpoint.idl\n'}
[2.112278] (px4_msgs) StdoutLine: {'line': b'-- Up-to-date symlink: /home/maxim/super_ws/install/px4_msgs/share/px4_msgs/msg/FixedWingLateralStatus.idl\n'}
[2.112437] (px4_msgs) StdoutLine: {'line': b'-- Up-to-date symlink: /home/maxim/super_ws/install/px4_msgs/share/px4_msgs/msg/FixedWingLongitudinalSetpoint.idl\n'}
[2.112533] (px4_msgs) StdoutLine: {'line': b'-- Up-to-date symlink: /home/maxim/super_ws/install/px4_msgs/share/px4_msgs/msg/FixedWingRunwayControl.idl\n'}
[2.112610] (px4_msgs) StdoutLine: {'line': b'-- Up-to-date symlink: /home/maxim/super_ws/install/px4_msgs/share/px4_msgs/msg/FlightPhaseEstimation.idl\n'}
[2.112732] (px4_msgs) StdoutLine: {'line': b'-- Up-to-date symlink: /home/maxim/super_ws/install/px4_msgs/share/px4_msgs/msg/FollowTarget.idl\n'}
[2.112829] (px4_msgs) StdoutLine: {'line': b'-- Up-to-date symlink: /home/maxim/super_ws/install/px4_msgs/share/px4_msgs/msg/FollowTargetEstimator.idl\n'}
[2.112920] (px4_msgs) StdoutLine: {'line': b'-- Up-to-date symlink: /home/maxim/super_ws/install/px4_msgs/share/px4_msgs/msg/FollowTargetStatus.idl\n'}
[2.113069] (px4_msgs) StdoutLine: {'line': b'-- Up-to-date symlink: /home/maxim/super_ws/install/px4_msgs/share/px4_msgs/msg/FuelTankStatus.idl\n'}
[2.113174] (px4_msgs) StdoutLine: {'line': b'-- Up-to-date symlink: /home/maxim/super_ws/install/px4_msgs/share/px4_msgs/msg/GainCompression.idl\n'}
[2.113304] (px4_msgs) StdoutLine: {'line': b'-- Up-to-date symlink: /home/maxim/super_ws/install/px4_msgs/share/px4_msgs/msg/GeneratorStatus.idl\n'}
[2.113393] (px4_msgs) StdoutLine: {'line': b'-- Up-to-date symlink: /home/maxim/super_ws/install/px4_msgs/share/px4_msgs/msg/GeofenceResult.idl\n'}
[2.113516] (px4_msgs) StdoutLine: {'line': b'-- Up-to-date symlink: /home/maxim/super_ws/install/px4_msgs/share/px4_msgs/msg/GeofenceStatus.idl\n'}
[2.113592] (px4_msgs) StdoutLine: {'line': b'-- Up-to-date symlink: /home/maxim/super_ws/install/px4_msgs/share/px4_msgs/msg/GimbalControls.idl\n'}
[2.113743] (px4_msgs) StdoutLine: {'line': b'-- Up-to-date symlink: /home/maxim/super_ws/install/px4_msgs/share/px4_msgs/msg/GimbalDeviceAttitudeStatus.idl\n'}
[2.113885] (px4_msgs) StdoutLine: {'line': b'-- Up-to-date symlink: /home/maxim/super_ws/install/px4_msgs/share/px4_msgs/msg/GimbalDeviceInformation.idl\n'}
[2.114018] (px4_msgs) StdoutLine: {'line': b'-- Up-to-date symlink: /home/maxim/super_ws/install/px4_msgs/share/px4_msgs/msg/GimbalDeviceSetAttitude.idl\n'}
[2.114100] (px4_msgs) StdoutLine: {'line': b'-- Up-to-date symlink: /home/maxim/super_ws/install/px4_msgs/share/px4_msgs/msg/GimbalManagerInformation.idl\n'}
[2.114173] (px4_msgs) StdoutLine: {'line': b'-- Up-to-date symlink: /home/maxim/super_ws/install/px4_msgs/share/px4_msgs/msg/GimbalManagerSetAttitude.idl\n'}
[2.114260] (px4_msgs) StdoutLine: {'line': b'-- Up-to-date symlink: /home/maxim/super_ws/install/px4_msgs/share/px4_msgs/msg/GimbalManagerSetManualControl.idl\n'}
[2.114373] (px4_msgs) StdoutLine: {'line': b'-- Up-to-date symlink: /home/maxim/super_ws/install/px4_msgs/share/px4_msgs/msg/GimbalManagerStatus.idl\n'}
[2.114521] (px4_msgs) StdoutLine: {'line': b'-- Up-to-date symlink: /home/maxim/super_ws/install/px4_msgs/share/px4_msgs/msg/GotoSetpoint.idl\n'}
[2.114600] (px4_msgs) StdoutLine: {'line': b'-- Up-to-date symlink: /home/maxim/super_ws/install/px4_msgs/share/px4_msgs/msg/GpioConfig.idl\n'}
[2.114724] (px4_msgs) StdoutLine: {'line': b'-- Up-to-date symlink: /home/maxim/super_ws/install/px4_msgs/share/px4_msgs/msg/GpioIn.idl\n'}
[2.114866] (px4_msgs) StdoutLine: {'line': b'-- Up-to-date symlink: /home/maxim/super_ws/install/px4_msgs/share/px4_msgs/msg/GpioOut.idl\n'}
[2.114968] (px4_msgs) StdoutLine: {'line': b'-- Up-to-date symlink: /home/maxim/super_ws/install/px4_msgs/share/px4_msgs/msg/GpioRequest.idl\n'}
[2.115114] (px4_msgs) StdoutLine: {'line': b'-- Up-to-date symlink: /home/maxim/super_ws/install/px4_msgs/share/px4_msgs/msg/GpsDump.idl\n'}
[2.115198] (px4_msgs) StdoutLine: {'line': b'-- Up-to-date symlink: /home/maxim/super_ws/install/px4_msgs/share/px4_msgs/msg/GpsInjectData.idl\n'}
[2.115311] (px4_msgs) StdoutLine: {'line': b'-- Up-to-date symlink: /home/maxim/super_ws/install/px4_msgs/share/px4_msgs/msg/Gripper.idl\n'}
[2.115386] (px4_msgs) StdoutLine: {'line': b'-- Up-to-date symlink: /home/maxim/super_ws/install/px4_msgs/share/px4_msgs/msg/HealthReport.idl\n'}
[2.115518] (px4_msgs) StdoutLine: {'line': b'-- Up-to-date symlink: /home/maxim/super_ws/install/px4_msgs/share/px4_msgs/msg/HeaterStatus.idl\n'}
[2.115600] (px4_msgs) StdoutLine: {'line': b'-- Up-to-date symlink: /home/maxim/super_ws/install/px4_msgs/share/px4_msgs/msg/HomePosition.idl\n'}
[2.115760] (px4_msgs) StdoutLine: {'line': b'-- Up-to-date symlink: /home/maxim/super_ws/install/px4_msgs/share/px4_msgs/msg/HoverThrustEstimate.idl\n'}
[2.115900] (px4_msgs) StdoutLine: {'line': b'-- Up-to-date symlink: /home/maxim/super_ws/install/px4_msgs/share/px4_msgs/msg/InputRc.idl\n'}
[2.116001] (px4_msgs) StdoutLine: {'line': b'-- Up-to-date symlink: /home/maxim/super_ws/install/px4_msgs/share/px4_msgs/msg/InternalCombustionEngineControl.idl\n'}
[2.116109] (px4_msgs) StdoutLine: {'line': b'-- Up-to-date symlink: /home/maxim/super_ws/install/px4_msgs/share/px4_msgs/msg/InternalCombustionEngineStatus.idl\n'}
[2.116197] (px4_msgs) StdoutLine: {'line': b'-- Up-to-date symlink: /home/maxim/super_ws/install/px4_msgs/share/px4_msgs/msg/IridiumsbdStatus.idl\n'}
[2.116289] (px4_msgs) StdoutLine: {'line': b'-- Up-to-date symlink: /home/maxim/super_ws/install/px4_msgs/share/px4_msgs/msg/IrlockReport.idl\n'}
[2.116387] (px4_msgs) StdoutLine: {'line': b'-- Up-to-date symlink: /home/maxim/super_ws/install/px4_msgs/share/px4_msgs/msg/LandingGear.idl\n'}
[2.116500] (px4_msgs) StdoutLine: {'line': b'-- Up-to-date symlink: /home/maxim/super_ws/install/px4_msgs/share/px4_msgs/msg/LandingGearWheel.idl\n'}
[2.116613] (px4_msgs) StdoutLine: {'line': b'-- Up-to-date symlink: /home/maxim/super_ws/install/px4_msgs/share/px4_msgs/msg/LandingTargetInnovations.idl\n'}
[2.116787] (px4_msgs) StdoutLine: {'line': b'-- Up-to-date symlink: /home/maxim/super_ws/install/px4_msgs/share/px4_msgs/msg/LandingTargetPose.idl\n'}
[2.116900] (px4_msgs) StdoutLine: {'line': b'-- Up-to-date symlink: /home/maxim/super_ws/install/px4_msgs/share/px4_msgs/msg/LateralControlConfiguration.idl\n'}
[2.116988] (px4_msgs) StdoutLine: {'line': b'-- Up-to-date symlink: /home/maxim/super_ws/install/px4_msgs/share/px4_msgs/msg/LaunchDetectionStatus.idl\n'}
[2.117100] (px4_msgs) StdoutLine: {'line': b'-- Up-to-date symlink: /home/maxim/super_ws/install/px4_msgs/share/px4_msgs/msg/LedControl.idl\n'}
[2.117210] (px4_msgs) StdoutLine: {'line': b'-- Up-to-date symlink: /home/maxim/super_ws/install/px4_msgs/share/px4_msgs/msg/LogMessage.idl\n'}
[2.117297] (px4_msgs) StdoutLine: {'line': b'-- Up-to-date symlink: /home/maxim/super_ws/install/px4_msgs/share/px4_msgs/msg/LoggerStatus.idl\n'}
[2.117409] (px4_msgs) StdoutLine: {'line': b'-- Up-to-date symlink: /home/maxim/super_ws/install/px4_msgs/share/px4_msgs/msg/LongitudinalControlConfiguration.idl\n'}
[2.117521] (px4_msgs) StdoutLine: {'line': b'-- Up-to-date symlink: /home/maxim/super_ws/install/px4_msgs/share/px4_msgs/msg/MagWorkerData.idl\n'}
[2.117635] (px4_msgs) StdoutLine: {'line': b'-- Up-to-date symlink: /home/maxim/super_ws/install/px4_msgs/share/px4_msgs/msg/MagnetometerBiasEstimate.idl\n'}
[2.117777] (px4_msgs) StdoutLine: {'line': b'-- Up-to-date symlink: /home/maxim/super_ws/install/px4_msgs/share/px4_msgs/msg/ManualControlSetpoint.idl\n'}
[2.117865] (px4_msgs) StdoutLine: {'line': b'-- Up-to-date symlink: /home/maxim/super_ws/install/px4_msgs/share/px4_msgs/msg/ManualControlSwitches.idl\n'}
[2.117975] (px4_msgs) StdoutLine: {'line': b'-- Up-to-date symlink: /home/maxim/super_ws/install/px4_msgs/share/px4_msgs/msg/MavlinkLog.idl\n'}
[2.118088] (px4_msgs) StdoutLine: {'line': b'-- Up-to-date symlink: /home/maxim/super_ws/install/px4_msgs/share/px4_msgs/msg/MavlinkTunnel.idl\n'}
[2.118207] (px4_msgs) StdoutLine: {'line': b'-- Up-to-date symlink: /home/maxim/super_ws/install/px4_msgs/share/px4_msgs/msg/MessageFormatRequest.idl\n'}
[2.118368] (px4_msgs) StdoutLine: {'line': b'-- Up-to-date symlink: /home/maxim/super_ws/install/px4_msgs/share/px4_msgs/msg/MessageFormatResponse.idl\n'}
[2.118478] (px4_msgs) StdoutLine: {'line': b'-- Up-to-date symlink: /home/maxim/super_ws/install/px4_msgs/share/px4_msgs/msg/Mission.idl\n'}
[2.118578] (px4_msgs) StdoutLine: {'line': b'-- Up-to-date symlink: /home/maxim/super_ws/install/px4_msgs/share/px4_msgs/msg/MissionResult.idl\n'}
[2.118739] (px4_msgs) StdoutLine: {'line': b'-- Up-to-date symlink: /home/maxim/super_ws/install/px4_msgs/share/px4_msgs/msg/ModeCompleted.idl\n'}
[2.118830] (px4_msgs) StdoutLine: {'line': b'-- Up-to-date symlink: /home/maxim/super_ws/install/px4_msgs/share/px4_msgs/msg/MountOrientation.idl\n'}
[2.118927] (px4_msgs) StdoutLine: {'line': b'-- Up-to-date symlink: /home/maxim/super_ws/install/px4_msgs/share/px4_msgs/msg/NavigatorMissionItem.idl\n'}
[2.119025] (px4_msgs) StdoutLine: {'line': b'-- Up-to-date symlink: /home/maxim/super_ws/install/px4_msgs/share/px4_msgs/msg/NavigatorStatus.idl\n'}
[2.119136] (px4_msgs) StdoutLine: {'line': b'-- Up-to-date symlink: /home/maxim/super_ws/install/px4_msgs/share/px4_msgs/msg/NeuralControl.idl\n'}
[2.119291] (px4_msgs) StdoutLine: {'line': b'-- Up-to-date symlink: /home/maxim/super_ws/install/px4_msgs/share/px4_msgs/msg/NormalizedUnsignedSetpoint.idl\n'}
[2.119368] (px4_msgs) StdoutLine: {'line': b'-- Up-to-date symlink: /home/maxim/super_ws/install/px4_msgs/share/px4_msgs/msg/ObstacleDistance.idl\n'}
[2.119496] (px4_msgs) StdoutLine: {'line': b'-- Up-to-date symlink: /home/maxim/super_ws/install/px4_msgs/share/px4_msgs/msg/OffboardControlMode.idl\n'}
[2.119572] (px4_msgs) StdoutLine: {'line': b'-- Up-to-date symlink: /home/maxim/super_ws/install/px4_msgs/share/px4_msgs/msg/OnboardComputerStatus.idl\n'}
[2.119674] (px4_msgs) StdoutLine: {'line': b'-- Up-to-date symlink: /home/maxim/super_ws/install/px4_msgs/share/px4_msgs/msg/OpenDroneIdArmStatus.idl\n'}
[2.119809] (px4_msgs) StdoutLine: {'line': b'-- Up-to-date symlink: /home/maxim/super_ws/install/px4_msgs/share/px4_msgs/msg/OpenDroneIdOperatorId.idl\n'}
[2.119953] (px4_msgs) StdoutLine: {'line': b'-- Up-to-date symlink: /home/maxim/super_ws/install/px4_msgs/share/px4_msgs/msg/OpenDroneIdSelfId.idl\n'}
[2.120102] (px4_msgs) StdoutLine: {'line': b'-- Up-to-date symlink: /home/maxim/super_ws/install/px4_msgs/share/px4_msgs/msg/OpenDroneIdSystem.idl\n'}
[2.120257] (px4_msgs) StdoutLine: {'line': b'-- Up-to-date symlink: /home/maxim/super_ws/install/px4_msgs/share/px4_msgs/msg/OrbTest.idl\n'}
[2.120343] (px4_msgs) StdoutLine: {'line': b'-- Up-to-date symlink: /home/maxim/super_ws/install/px4_msgs/share/px4_msgs/msg/OrbTestLarge.idl\n'}
[2.120486] (px4_msgs) StdoutLine: {'line': b'-- Up-to-date symlink: /home/maxim/super_ws/install/px4_msgs/share/px4_msgs/msg/OrbTestMedium.idl\n'}
[2.120591] (px4_msgs) StdoutLine: {'line': b'-- Up-to-date symlink: /home/maxim/super_ws/install/px4_msgs/share/px4_msgs/msg/OrbitStatus.idl\n'}
[2.120662] (px4_msgs) StdoutLine: {'line': b'-- Up-to-date symlink: /home/maxim/super_ws/install/px4_msgs/share/px4_msgs/msg/ParameterResetRequest.idl\n'}
[2.120741] (px4_msgs) StdoutLine: {'line': b'-- Up-to-date symlink: /home/maxim/super_ws/install/px4_msgs/share/px4_msgs/msg/ParameterSetUsedRequest.idl\n'}
[2.120823] (px4_msgs) StdoutLine: {'line': b'-- Up-to-date symlink: /home/maxim/super_ws/install/px4_msgs/share/px4_msgs/msg/ParameterSetValueRequest.idl\n'}
[2.120965] (px4_msgs) StdoutLine: {'line': b'-- Up-to-date symlink: /home/maxim/super_ws/install/px4_msgs/share/px4_msgs/msg/ParameterSetValueResponse.idl\n'}
[2.121070] (px4_msgs) StdoutLine: {'line': b'-- Up-to-date symlink: /home/maxim/super_ws/install/px4_msgs/share/px4_msgs/msg/ParameterUpdate.idl\n'}
[2.121150] (px4_msgs) StdoutLine: {'line': b'-- Up-to-date symlink: /home/maxim/super_ws/install/px4_msgs/share/px4_msgs/msg/Ping.idl\n'}
[2.121237] (px4_msgs) StdoutLine: {'line': b'-- Up-to-date symlink: /home/maxim/super_ws/install/px4_msgs/share/px4_msgs/msg/PositionControllerLandingStatus.idl\n'}
[2.121350] (px4_msgs) StdoutLine: {'line': b'-- Up-to-date symlink: /home/maxim/super_ws/install/px4_msgs/share/px4_msgs/msg/PositionControllerStatus.idl\n'}
[2.121509] (px4_msgs) StdoutLine: {'line': b'-- Up-to-date symlink: /home/maxim/super_ws/install/px4_msgs/share/px4_msgs/msg/PositionSetpoint.idl\n'}
[2.121583] (px4_msgs) StdoutLine: {'line': b'-- Up-to-date symlink: /home/maxim/super_ws/install/px4_msgs/share/px4_msgs/msg/PositionSetpointTriplet.idl\n'}
[2.121710] (px4_msgs) StdoutLine: {'line': b'-- Up-to-date symlink: /home/maxim/super_ws/install/px4_msgs/share/px4_msgs/msg/PowerButtonState.idl\n'}
[2.121834] (px4_msgs) StdoutLine: {'line': b'-- Up-to-date symlink: /home/maxim/super_ws/install/px4_msgs/share/px4_msgs/msg/PowerMonitor.idl\n'}
[2.121942] (px4_msgs) StdoutLine: {'line': b'-- Up-to-date symlink: /home/maxim/super_ws/install/px4_msgs/share/px4_msgs/msg/PpsCapture.idl\n'}
[2.122081] (px4_msgs) StdoutLine: {'line': b'-- Up-to-date symlink: /home/maxim/super_ws/install/px4_msgs/share/px4_msgs/msg/PrecLandStatus.idl\n'}
[2.122196] (px4_msgs) StdoutLine: {'line': b'-- Up-to-date symlink: /home/maxim/super_ws/install/px4_msgs/share/px4_msgs/msg/PurePursuitStatus.idl\n'}
[2.122297] (px4_msgs) StdoutLine: {'line': b'-- Up-to-date symlink: /home/maxim/super_ws/install/px4_msgs/share/px4_msgs/msg/PwmInput.idl\n'}
[2.122382] (px4_msgs) StdoutLine: {'line': b'-- Up-to-date symlink: /home/maxim/super_ws/install/px4_msgs/share/px4_msgs/msg/Px4ioStatus.idl\n'}
[2.122492] (px4_msgs) StdoutLine: {'line': b'-- Up-to-date symlink: /home/maxim/super_ws/install/px4_msgs/share/px4_msgs/msg/QshellReq.idl\n'}
[2.122583] (px4_msgs) StdoutLine: {'line': b'-- Up-to-date symlink: /home/maxim/super_ws/install/px4_msgs/share/px4_msgs/msg/QshellRetval.idl\n'}
[2.122703] (px4_msgs) StdoutLine: {'line': b'-- Up-to-date symlink: /home/maxim/super_ws/install/px4_msgs/share/px4_msgs/msg/RadioStatus.idl\n'}
[2.122813] (px4_msgs) StdoutLine: {'line': b'-- Up-to-date symlink: /home/maxim/super_ws/install/px4_msgs/share/px4_msgs/msg/RangingBeacon.idl\n'}
[2.122948] (px4_msgs) StdoutLine: {'line': b'-- Up-to-date symlink: /home/maxim/super_ws/install/px4_msgs/share/px4_msgs/msg/RaptorInput.idl\n'}
[2.123058] (px4_msgs) StdoutLine: {'line': b'-- Up-to-date symlink: /home/maxim/super_ws/install/px4_msgs/share/px4_msgs/msg/RaptorStatus.idl\n'}
[2.123170] (px4_msgs) StdoutLine: {'line': b'-- Up-to-date symlink: /home/maxim/super_ws/install/px4_msgs/share/px4_msgs/msg/RateCtrlStatus.idl\n'}
[2.123256] (px4_msgs) StdoutLine: {'line': b'-- Up-to-date symlink: /home/maxim/super_ws/install/px4_msgs/share/px4_msgs/msg/RcChannels.idl\n'}
[2.123368] (px4_msgs) StdoutLine: {'line': b'-- Up-to-date symlink: /home/maxim/super_ws/install/px4_msgs/share/px4_msgs/msg/RcParameterMap.idl\n'}
[2.123505] (px4_msgs) StdoutLine: {'line': b'-- Up-to-date symlink: /home/maxim/super_ws/install/px4_msgs/share/px4_msgs/msg/RegisterExtComponentReply.idl\n'}
[2.123593] (px4_msgs) StdoutLine: {'line': b'-- Up-to-date symlink: /home/maxim/super_ws/install/px4_msgs/share/px4_msgs/msg/RegisterExtComponentRequest.idl\n'}
[2.123712] (px4_msgs) StdoutLine: {'line': b'-- Up-to-date symlink: /home/maxim/super_ws/install/px4_msgs/share/px4_msgs/msg/RoverAttitudeSetpoint.idl\n'}
[2.123823] (px4_msgs) StdoutLine: {'line': b'-- Up-to-date symlink: /home/maxim/super_ws/install/px4_msgs/share/px4_msgs/msg/RoverAttitudeStatus.idl\n'}
[2.123935] (px4_msgs) StdoutLine: {'line': b'-- Up-to-date symlink: /home/maxim/super_ws/install/px4_msgs/share/px4_msgs/msg/RoverPositionSetpoint.idl\n'}
[2.124047] (px4_msgs) StdoutLine: {'line': b'-- Up-to-date symlink: /home/maxim/super_ws/install/px4_msgs/share/px4_msgs/msg/RoverRateSetpoint.idl\n'}
[2.124181] (px4_msgs) StdoutLine: {'line': b'-- Up-to-date symlink: /home/maxim/super_ws/install/px4_msgs/share/px4_msgs/msg/RoverRateStatus.idl\n'}
[2.124299] (px4_msgs) StdoutLine: {'line': b'-- Up-to-date symlink: /home/maxim/super_ws/install/px4_msgs/share/px4_msgs/msg/RoverSpeedSetpoint.idl\n'}
[2.124381] (px4_msgs) StdoutLine: {'line': b'-- Up-to-date symlink: /home/maxim/super_ws/install/px4_msgs/share/px4_msgs/msg/RoverSpeedStatus.idl\n'}
[2.124518] (px4_msgs) StdoutLine: {'line': b'-- Up-to-date symlink: /home/maxim/super_ws/install/px4_msgs/share/px4_msgs/msg/RoverSteeringSetpoint.idl\n'}
[2.124606] (px4_msgs) StdoutLine: {'line': b'-- Up-to-date symlink: /home/maxim/super_ws/install/px4_msgs/share/px4_msgs/msg/RoverThrottleSetpoint.idl\n'}
[2.124725] (px4_msgs) StdoutLine: {'line': b'-- Up-to-date symlink: /home/maxim/super_ws/install/px4_msgs/share/px4_msgs/msg/Rpm.idl\n'}
[2.124836] (px4_msgs) StdoutLine: {'line': b'-- Up-to-date symlink: /home/maxim/super_ws/install/px4_msgs/share/px4_msgs/msg/RtlStatus.idl\n'}
[2.124946] (px4_msgs) StdoutLine: {'line': b'-- Up-to-date symlink: /home/maxim/super_ws/install/px4_msgs/share/px4_msgs/msg/RtlTimeEstimate.idl\n'}
[2.125059] (px4_msgs) StdoutLine: {'line': b'-- Up-to-date symlink: /home/maxim/super_ws/install/px4_msgs/share/px4_msgs/msg/SatelliteInfo.idl\n'}
[2.125170] (px4_msgs) StdoutLine: {'line': b'-- Up-to-date symlink: /home/maxim/super_ws/install/px4_msgs/share/px4_msgs/msg/SensorAccel.idl\n'}
[2.125283] (px4_msgs) StdoutLine: {'line': b'-- Up-to-date symlink: /home/maxim/super_ws/install/px4_msgs/share/px4_msgs/msg/SensorAccelFifo.idl\n'}
[2.125392] (px4_msgs) StdoutLine: {'line': b'-- Up-to-date symlink: /home/maxim/super_ws/install/px4_msgs/share/px4_msgs/msg/SensorAirflow.idl\n'}
[2.125505] (px4_msgs) StdoutLine: {'line': b'-- Up-to-date symlink: /home/maxim/super_ws/install/px4_msgs/share/px4_msgs/msg/SensorBaro.idl\n'}
[2.125626] (px4_msgs) StdoutLine: {'line': b'-- Up-to-date symlink: /home/maxim/super_ws/install/px4_msgs/share/px4_msgs/msg/SensorCombined.idl\n'}
[2.125768] (px4_msgs) StdoutLine: {'line': b'-- Up-to-date symlink: /home/maxim/super_ws/install/px4_msgs/share/px4_msgs/msg/SensorCorrection.idl\n'}
[2.125884] (px4_msgs) StdoutLine: {'line': b'-- Up-to-date symlink: /home/maxim/super_ws/install/px4_msgs/share/px4_msgs/msg/SensorGnssRelative.idl\n'}
[2.125969] (px4_msgs) StdoutLine: {'line': b'-- Up-to-date symlink: /home/maxim/super_ws/install/px4_msgs/share/px4_msgs/msg/SensorGnssStatus.idl\n'}
[2.126071] (px4_msgs) StdoutLine: {'line': b'-- Up-to-date symlink: /home/maxim/super_ws/install/px4_msgs/share/px4_msgs/msg/SensorGps.idl\n'}
[2.126179] (px4_msgs) StdoutLine: {'line': b'-- Up-to-date symlink: /home/maxim/super_ws/install/px4_msgs/share/px4_msgs/msg/SensorGyro.idl\n'}
[2.126291] (px4_msgs) StdoutLine: {'line': b'-- Up-to-date symlink: /home/maxim/super_ws/install/px4_msgs/share/px4_msgs/msg/SensorGyroFft.idl\n'}
[2.126440] (px4_msgs) StdoutLine: {'line': b'-- Up-to-date symlink: /home/maxim/super_ws/install/px4_msgs/share/px4_msgs/msg/SensorGyroFifo.idl\n'}
[2.126513] (px4_msgs) StdoutLine: {'line': b'-- Up-to-date symlink: /home/maxim/super_ws/install/px4_msgs/share/px4_msgs/msg/SensorHygrometer.idl\n'}
[2.126623] (px4_msgs) StdoutLine: {'line': b'-- Up-to-date symlink: /home/maxim/super_ws/install/px4_msgs/share/px4_msgs/msg/SensorMag.idl\n'}
[2.126744] (px4_msgs) StdoutLine: {'line': b'-- Up-to-date symlink: /home/maxim/super_ws/install/px4_msgs/share/px4_msgs/msg/SensorOpticalFlow.idl\n'}
[2.126853] (px4_msgs) StdoutLine: {'line': b'-- Up-to-date symlink: /home/maxim/super_ws/install/px4_msgs/share/px4_msgs/msg/SensorPreflightMag.idl\n'}
[2.127001] (px4_msgs) StdoutLine: {'line': b'-- Up-to-date symlink: /home/maxim/super_ws/install/px4_msgs/share/px4_msgs/msg/SensorSelection.idl\n'}
[2.127076] (px4_msgs) StdoutLine: {'line': b'-- Up-to-date symlink: /home/maxim/super_ws/install/px4_msgs/share/px4_msgs/msg/SensorTemp.idl\n'}
[2.127184] (px4_msgs) StdoutLine: {'line': b'-- Up-to-date symlink: /home/maxim/super_ws/install/px4_msgs/share/px4_msgs/msg/SensorUwb.idl\n'}
[2.127295] (px4_msgs) StdoutLine: {'line': b'-- Up-to-date symlink: /home/maxim/super_ws/install/px4_msgs/share/px4_msgs/msg/SensorsStatus.idl\n'}
[2.127406] (px4_msgs) StdoutLine: {'line': b'-- Up-to-date symlink: /home/maxim/super_ws/install/px4_msgs/share/px4_msgs/msg/SensorsStatusImu.idl\n'}
[2.127516] (px4_msgs) StdoutLine: {'line': b'-- Up-to-date symlink: /home/maxim/super_ws/install/px4_msgs/share/px4_msgs/msg/SystemPower.idl\n'}
[2.127628] (px4_msgs) StdoutLine: {'line': b'-- Up-to-date symlink: /home/maxim/super_ws/install/px4_msgs/share/px4_msgs/msg/TakeoffStatus.idl\n'}
[2.127744] (px4_msgs) StdoutLine: {'line': b'-- Up-to-date symlink: /home/maxim/super_ws/install/px4_msgs/share/px4_msgs/msg/TargetGnss.idl\n'}
[2.127854] (px4_msgs) StdoutLine: {'line': b'-- Up-to-date symlink: /home/maxim/super_ws/install/px4_msgs/share/px4_msgs/msg/TaskStackInfo.idl\n'}
[2.127966] (px4_msgs) StdoutLine: {'line': b'-- Up-to-date symlink: /home/maxim/super_ws/install/px4_msgs/share/px4_msgs/msg/TecsStatus.idl\n'}
[2.128076] (px4_msgs) StdoutLine: {'line': b'-- Up-to-date symlink: /home/maxim/super_ws/install/px4_msgs/share/px4_msgs/msg/TelemetryStatus.idl\n'}
[2.128189] (px4_msgs) StdoutLine: {'line': b'-- Up-to-date symlink: /home/maxim/super_ws/install/px4_msgs/share/px4_msgs/msg/TiltrotorExtraControls.idl\n'}
[2.128300] (px4_msgs) StdoutLine: {'line': b'-- Up-to-date symlink: /home/maxim/super_ws/install/px4_msgs/share/px4_msgs/msg/TimesyncStatus.idl\n'}
[2.128418] (px4_msgs) StdoutLine: {'line': b'-- Up-to-date symlink: /home/maxim/super_ws/install/px4_msgs/share/px4_msgs/msg/TrajectorySetpoint.idl\n'}
[2.128539] (px4_msgs) StdoutLine: {'line': b'-- Up-to-date symlink: /home/maxim/super_ws/install/px4_msgs/share/px4_msgs/msg/TrajectorySetpoint6dof.idl\n'}
[2.128643] (px4_msgs) StdoutLine: {'line': b'-- Up-to-date symlink: /home/maxim/super_ws/install/px4_msgs/share/px4_msgs/msg/TransponderReport.idl\n'}
[2.128756] (px4_msgs) StdoutLine: {'line': b'-- Up-to-date symlink: /home/maxim/super_ws/install/px4_msgs/share/px4_msgs/msg/TuneControl.idl\n'}
[2.128906] (px4_msgs) StdoutLine: {'line': b'-- Up-to-date symlink: /home/maxim/super_ws/install/px4_msgs/share/px4_msgs/msg/UavcanParameterRequest.idl\n'}
[2.129017] (px4_msgs) StdoutLine: {'line': b'-- Up-to-date symlink: /home/maxim/super_ws/install/px4_msgs/share/px4_msgs/msg/UavcanParameterValue.idl\n'}
[2.129130] (px4_msgs) StdoutLine: {'line': b'-- Up-to-date symlink: /home/maxim/super_ws/install/px4_msgs/share/px4_msgs/msg/UlogStream.idl\n'}
[2.129245] (px4_msgs) StdoutLine: {'line': b'-- Up-to-date symlink: /home/maxim/super_ws/install/px4_msgs/share/px4_msgs/msg/UlogStreamAck.idl\n'}
[2.129352] (px4_msgs) StdoutLine: {'line': b'-- Up-to-date symlink: /home/maxim/super_ws/install/px4_msgs/share/px4_msgs/msg/UnregisterExtComponent.idl\n'}
[2.129468] (px4_msgs) StdoutLine: {'line': b'-- Up-to-date symlink: /home/maxim/super_ws/install/px4_msgs/share/px4_msgs/msg/VehicleAcceleration.idl\n'}
[2.129545] (px4_msgs) StdoutLine: {'line': b'-- Up-to-date symlink: /home/maxim/super_ws/install/px4_msgs/share/px4_msgs/msg/VehicleAirData.idl\n'}
[2.129655] (px4_msgs) StdoutLine: {'line': b'-- Up-to-date symlink: /home/maxim/super_ws/install/px4_msgs/share/px4_msgs/msg/VehicleAngularAccelerationSetpoint.idl\n'}
[2.129781] (px4_msgs) StdoutLine: {'line': b'-- Up-to-date symlink: /home/maxim/super_ws/install/px4_msgs/share/px4_msgs/msg/VehicleAngularVelocity.idl\n'}
[2.129925] (px4_msgs) StdoutLine: {'line': b'-- Up-to-date symlink: /home/maxim/super_ws/install/px4_msgs/share/px4_msgs/msg/VehicleAttitude.idl\n'}
[2.130061] (px4_msgs) StdoutLine: {'line': b'-- Up-to-date symlink: /home/maxim/super_ws/install/px4_msgs/share/px4_msgs/msg/VehicleAttitudeSetpoint.idl\n'}
[2.130171] (px4_msgs) StdoutLine: {'line': b'-- Up-to-date symlink: /home/maxim/super_ws/install/px4_msgs/share/px4_msgs/msg/VehicleCommand.idl\n'}
[2.130256] (px4_msgs) StdoutLine: {'line': b'-- Up-to-date symlink: /home/maxim/super_ws/install/px4_msgs/share/px4_msgs/msg/VehicleCommandAck.idl\n'}
[2.130334] (px4_msgs) StdoutLine: {'line': b'-- Up-to-date symlink: /home/maxim/super_ws/install/px4_msgs/share/px4_msgs/msg/VehicleConstraints.idl\n'}
[2.130433] (px4_msgs) StdoutLine: {'line': b'-- Up-to-date symlink: /home/maxim/super_ws/install/px4_msgs/share/px4_msgs/msg/VehicleControlMode.idl\n'}
[2.130546] (px4_msgs) StdoutLine: {'line': b'-- Up-to-date symlink: /home/maxim/super_ws/install/px4_msgs/share/px4_msgs/msg/VehicleGlobalPosition.idl\n'}
[2.130729] (px4_msgs) StdoutLine: {'line': b'-- Up-to-date symlink: /home/maxim/super_ws/install/px4_msgs/share/px4_msgs/msg/VehicleImu.idl\n'}
[2.130811] (px4_msgs) StdoutLine: {'line': b'-- Up-to-date symlink: /home/maxim/super_ws/install/px4_msgs/share/px4_msgs/msg/VehicleImuStatus.idl\n'}
[2.130911] (px4_msgs) StdoutLine: {'line': b'-- Up-to-date symlink: /home/maxim/super_ws/install/px4_msgs/share/px4_msgs/msg/VehicleLandDetected.idl\n'}
[2.131022] (px4_msgs) StdoutLine: {'line': b'-- Up-to-date symlink: /home/maxim/super_ws/install/px4_msgs/share/px4_msgs/msg/VehicleLocalPosition.idl\n'}
[2.131135] (px4_msgs) StdoutLine: {'line': b'-- Up-to-date symlink: /home/maxim/super_ws/install/px4_msgs/share/px4_msgs/msg/VehicleLocalPositionSetpoint.idl\n'}
[2.131221] (px4_msgs) StdoutLine: {'line': b'-- Up-to-date symlink: /home/maxim/super_ws/install/px4_msgs/share/px4_msgs/msg/VehicleMagnetometer.idl\n'}
[2.131330] (px4_msgs) StdoutLine: {'line': b'-- Up-to-date symlink: /home/maxim/super_ws/install/px4_msgs/share/px4_msgs/msg/VehicleOdometry.idl\n'}
[2.131440] (px4_msgs) StdoutLine: {'line': b'-- Up-to-date symlink: /home/maxim/super_ws/install/px4_msgs/share/px4_msgs/msg/VehicleOpticalFlow.idl\n'}
[2.131552] (px4_msgs) StdoutLine: {'line': b'-- Up-to-date symlink: /home/maxim/super_ws/install/px4_msgs/share/px4_msgs/msg/VehicleOpticalFlowVel.idl\n'}
[2.131672] (px4_msgs) StdoutLine: {'line': b'-- Up-to-date symlink: /home/maxim/super_ws/install/px4_msgs/share/px4_msgs/msg/VehicleRatesSetpoint.idl\n'}
[2.131781] (px4_msgs) StdoutLine: {'line': b'-- Up-to-date symlink: /home/maxim/super_ws/install/px4_msgs/share/px4_msgs/msg/VehicleRoi.idl\n'}
[2.131894] (px4_msgs) StdoutLine: {'line': b'-- Up-to-date symlink: /home/maxim/super_ws/install/px4_msgs/share/px4_msgs/msg/VehicleStatus.idl\n'}
[2.132007] (px4_msgs) StdoutLine: {'line': b'-- Up-to-date symlink: /home/maxim/super_ws/install/px4_msgs/share/px4_msgs/msg/VehicleThrustSetpoint.idl\n'}
[2.132117] (px4_msgs) StdoutLine: {'line': b'-- Up-to-date symlink: /home/maxim/super_ws/install/px4_msgs/share/px4_msgs/msg/VehicleTorqueSetpoint.idl\n'}
[2.132228] (px4_msgs) StdoutLine: {'line': b'-- Up-to-date symlink: /home/maxim/super_ws/install/px4_msgs/share/px4_msgs/msg/VelocityLimits.idl\n'}
[2.132341] (px4_msgs) StdoutLine: {'line': b'-- Up-to-date symlink: /home/maxim/super_ws/install/px4_msgs/share/px4_msgs/msg/VteAidSource1d.idl\n'}
[2.132450] (px4_msgs) StdoutLine: {'line': b'-- Up-to-date symlink: /home/maxim/super_ws/install/px4_msgs/share/px4_msgs/msg/VteAidSource3d.idl\n'}
[2.132613] (px4_msgs) StdoutLine: {'line': b'-- Up-to-date symlink: /home/maxim/super_ws/install/px4_msgs/share/px4_msgs/msg/VteBiasInitStatus.idl\n'}
[2.132768] (px4_msgs) StdoutLine: {'line': b'-- Up-to-date symlink: /home/maxim/super_ws/install/px4_msgs/share/px4_msgs/msg/VteInput.idl\n'}
[2.132925] (px4_msgs) StdoutLine: {'line': b'-- Up-to-date symlink: /home/maxim/super_ws/install/px4_msgs/share/px4_msgs/msg/VteOrientation.idl\n'}
[2.133044] (px4_msgs) StdoutLine: {'line': b'-- Up-to-date symlink: /home/maxim/super_ws/install/px4_msgs/share/px4_msgs/msg/VtePosition.idl\n'}
[2.133120] (px4_msgs) StdoutLine: {'line': b'-- Up-to-date symlink: /home/maxim/super_ws/install/px4_msgs/share/px4_msgs/msg/VtolVehicleStatus.idl\n'}
[2.133188] (px4_msgs) StdoutLine: {'line': b'-- Up-to-date symlink: /home/maxim/super_ws/install/px4_msgs/share/px4_msgs/msg/Vtx.idl\n'}
[2.133304] (px4_msgs) StdoutLine: {'line': b'-- Up-to-date symlink: /home/maxim/super_ws/install/px4_msgs/share/px4_msgs/msg/WheelEncoders.idl\n'}
[2.133399] (px4_msgs) StdoutLine: {'line': b'-- Up-to-date symlink: /home/maxim/super_ws/install/px4_msgs/share/px4_msgs/msg/Wind.idl\n'}
[2.133543] (px4_msgs) StdoutLine: {'line': b'-- Up-to-date symlink: /home/maxim/super_ws/install/px4_msgs/share/px4_msgs/msg/YawEstimatorStatus.idl\n'}
[2.133620] (px4_msgs) StdoutLine: {'line': b'-- Up-to-date symlink: /home/maxim/super_ws/install/px4_msgs/share/px4_msgs/srv/VehicleCommand.idl\n'}
[2.133743] (px4_msgs) StdoutLine: {'line': b'-- Up-to-date symlink: /home/maxim/super_ws/install/px4_msgs/share/px4_msgs/msg/ActionRequest.msg\n'}
[2.133917] (px4_msgs) StdoutLine: {'line': b'-- Up-to-date symlink: /home/maxim/super_ws/install/px4_msgs/share/px4_msgs/msg/ActuatorArmed.msg\n'}
[2.134040] (px4_msgs) StdoutLine: {'line': b'-- Up-to-date symlink: /home/maxim/super_ws/install/px4_msgs/share/px4_msgs/msg/ActuatorControlsStatus.msg\n'}
[2.134156] (px4_msgs) StdoutLine: {'line': b'-- Up-to-date symlink: /home/maxim/super_ws/install/px4_msgs/share/px4_msgs/msg/ActuatorMotors.msg\n'}
[2.134251] (px4_msgs) StdoutLine: {'line': b'-- Up-to-date symlink: /home/maxim/super_ws/install/px4_msgs/share/px4_msgs/msg/ActuatorOutputs.msg\n'}
[2.134310] (px4_msgs) StdoutLine: {'line': b'-- Up-to-date symlink: /home/maxim/super_ws/install/px4_msgs/share/px4_msgs/msg/ActuatorServos.msg\n'}
[2.134383] (px4_msgs) StdoutLine: {'line': b'-- Up-to-date symlink: /home/maxim/super_ws/install/px4_msgs/share/px4_msgs/msg/ActuatorServosTrim.msg\n'}
[2.134462] (px4_msgs) StdoutLine: {'line': b'-- Up-to-date symlink: /home/maxim/super_ws/install/px4_msgs/share/px4_msgs/msg/ActuatorTest.msg\n'}
[2.134568] (px4_msgs) StdoutLine: {'line': b'-- Up-to-date symlink: /home/maxim/super_ws/install/px4_msgs/share/px4_msgs/msg/AdcReport.msg\n'}
[2.134726] (px4_msgs) StdoutLine: {'line': b'-- Up-to-date symlink: /home/maxim/super_ws/install/px4_msgs/share/px4_msgs/msg/Airspeed.msg\n'}
[2.134825] (px4_msgs) StdoutLine: {'line': b'-- Up-to-date symlink: /home/maxim/super_ws/install/px4_msgs/share/px4_msgs/msg/AirspeedValidated.msg\n'}
[2.134937] (px4_msgs) StdoutLine: {'line': b'-- Up-to-date symlink: /home/maxim/super_ws/install/px4_msgs/share/px4_msgs/msg/AirspeedWind.msg\n'}
[2.135070] (px4_msgs) StdoutLine: {'line': b'-- Up-to-date symlink: /home/maxim/super_ws/install/px4_msgs/share/px4_msgs/msg/ArmingCheckReply.msg\n'}
[2.135213] (px4_msgs) StdoutLine: {'line': b'-- Up-to-date symlink: /home/maxim/super_ws/install/px4_msgs/share/px4_msgs/msg/ArmingCheckRequest.msg\n'}
[2.135361] (px4_msgs) StdoutLine: {'line': b'-- Up-to-date symlink: /home/maxim/super_ws/install/px4_msgs/share/px4_msgs/msg/AutotuneAttitudeControlStatus.msg\n'}
[2.135429] (px4_msgs) StdoutLine: {'line': b'-- Up-to-date symlink: /home/maxim/super_ws/install/px4_msgs/share/px4_msgs/msg/AuxGlobalPosition.msg\n'}
[2.135520] (px4_msgs) StdoutLine: {'line': b'-- Up-to-date symlink: /home/maxim/super_ws/install/px4_msgs/share/px4_msgs/msg/BatteryInfo.msg\n'}
[2.135590] (px4_msgs) StdoutLine: {'line': b'-- Up-to-date symlink: /home/maxim/super_ws/install/px4_msgs/share/px4_msgs/msg/BatteryStatus.msg\n'}
[2.135666] (px4_msgs) StdoutLine: {'line': b'-- Up-to-date symlink: /home/maxim/super_ws/install/px4_msgs/share/px4_msgs/msg/ButtonEvent.msg\n'}
[2.135762] (px4_msgs) StdoutLine: {'line': b'-- Up-to-date symlink: /home/maxim/super_ws/install/px4_msgs/share/px4_msgs/msg/CameraCapture.msg\n'}
[2.135937] (px4_msgs) StdoutLine: {'line': b'-- Up-to-date symlink: /home/maxim/super_ws/install/px4_msgs/share/px4_msgs/msg/CameraStatus.msg\n'}
[2.136022] (px4_msgs) StdoutLine: {'line': b'-- Up-to-date symlink: /home/maxim/super_ws/install/px4_msgs/share/px4_msgs/msg/CameraTrigger.msg\n'}
[2.136140] (px4_msgs) StdoutLine: {'line': b'-- Up-to-date symlink: /home/maxim/super_ws/install/px4_msgs/share/px4_msgs/msg/CanInterfaceStatus.msg\n'}
[2.136242] (px4_msgs) StdoutLine: {'line': b'-- Up-to-date symlink: /home/maxim/super_ws/install/px4_msgs/share/px4_msgs/msg/CellularStatus.msg\n'}
[2.136325] (px4_msgs) StdoutLine: {'line': b'-- Up-to-date symlink: /home/maxim/super_ws/install/px4_msgs/share/px4_msgs/msg/CollisionConstraints.msg\n'}
[2.136402] (px4_msgs) StdoutLine: {'line': b'-- Up-to-date symlink: /home/maxim/super_ws/install/px4_msgs/share/px4_msgs/msg/ConfigOverrides.msg\n'}
[2.136511] (px4_msgs) StdoutLine: {'line': b'-- Up-to-date symlink: /home/maxim/super_ws/install/px4_msgs/share/px4_msgs/msg/ControlAllocatorStatus.msg\n'}
[2.136617] (px4_msgs) StdoutLine: {'line': b'-- Up-to-date symlink: /home/maxim/super_ws/install/px4_msgs/share/px4_msgs/msg/Cpuload.msg\n'}
[2.136734] (px4_msgs) StdoutLine: {'line': b'-- Up-to-date symlink: /home/maxim/super_ws/install/px4_msgs/share/px4_msgs/msg/DatamanRequest.msg\n'}
[2.136834] (px4_msgs) StdoutLine: {'line': b'-- Up-to-date symlink: /home/maxim/super_ws/install/px4_msgs/share/px4_msgs/msg/DatamanResponse.msg\n'}
[2.136942] (px4_msgs) StdoutLine: {'line': b'-- Up-to-date symlink: /home/maxim/super_ws/install/px4_msgs/share/px4_msgs/msg/DebugArray.msg\n'}
[2.137048] (px4_msgs) StdoutLine: {'line': b'-- Up-to-date symlink: /home/maxim/super_ws/install/px4_msgs/share/px4_msgs/msg/DebugKeyValue.msg\n'}
[2.137154] (px4_msgs) StdoutLine: {'line': b'-- Up-to-date symlink: /home/maxim/super_ws/install/px4_msgs/share/px4_msgs/msg/DebugValue.msg\n'}
[2.137260] (px4_msgs) StdoutLine: {'line': b'-- Up-to-date symlink: /home/maxim/super_ws/install/px4_msgs/share/px4_msgs/msg/DebugVect.msg\n'}
[2.137366] (px4_msgs) StdoutLine: {'line': b'-- Up-to-date symlink: /home/maxim/super_ws/install/px4_msgs/share/px4_msgs/msg/DeviceInformation.msg\n'}
[2.137475] (px4_msgs) StdoutLine: {'line': b'-- Up-to-date symlink: /home/maxim/super_ws/install/px4_msgs/share/px4_msgs/msg/DifferentialPressure.msg\n'}
[2.137582] (px4_msgs) StdoutLine: {'line': b'-- Up-to-date symlink: /home/maxim/super_ws/install/px4_msgs/share/px4_msgs/msg/DistanceSensor.msg\n'}
[2.137695] (px4_msgs) StdoutLine: {'line': b'-- Up-to-date symlink: /home/maxim/super_ws/install/px4_msgs/share/px4_msgs/msg/DistanceSensorModeChangeRequest.msg\n'}
[2.137805] (px4_msgs) StdoutLine: {'line': b'-- Up-to-date symlink: /home/maxim/super_ws/install/px4_msgs/share/px4_msgs/msg/DronecanNodeStatus.msg\n'}
[2.137911] (px4_msgs) StdoutLine: {'line': b'-- Up-to-date symlink: /home/maxim/super_ws/install/px4_msgs/share/px4_msgs/msg/Ekf2Timestamps.msg\n'}
[2.138016] (px4_msgs) StdoutLine: {'line': b'-- Up-to-date symlink: /home/maxim/super_ws/install/px4_msgs/share/px4_msgs/msg/EscEepromRead.msg\n'}
[2.138122] (px4_msgs) StdoutLine: {'line': b'-- Up-to-date symlink: /home/maxim/super_ws/install/px4_msgs/share/px4_msgs/msg/EscEepromWrite.msg\n'}
[2.138230] (px4_msgs) StdoutLine: {'line': b'-- Up-to-date symlink: /home/maxim/super_ws/install/px4_msgs/share/px4_msgs/msg/EscReport.msg\n'}
[2.138334] (px4_msgs) StdoutLine: {'line': b'-- Up-to-date symlink: /home/maxim/super_ws/install/px4_msgs/share/px4_msgs/msg/EscStatus.msg\n'}
[2.138443] (px4_msgs) StdoutLine: {'line': b'-- Up-to-date symlink: /home/maxim/super_ws/install/px4_msgs/share/px4_msgs/msg/EstimatorAidSource1d.msg\n'}
[2.138552] (px4_msgs) StdoutLine: {'line': b'-- Up-to-date symlink: /home/maxim/super_ws/install/px4_msgs/share/px4_msgs/msg/EstimatorAidSource2d.msg\n'}
[2.138665] (px4_msgs) StdoutLine: {'line': b'-- Up-to-date symlink: /home/maxim/super_ws/install/px4_msgs/share/px4_msgs/msg/EstimatorAidSource3d.msg\n'}
[2.138772] (px4_msgs) StdoutLine: {'line': b'-- Up-to-date symlink: /home/maxim/super_ws/install/px4_msgs/share/px4_msgs/msg/EstimatorBias.msg\n'}
[2.138878] (px4_msgs) StdoutLine: {'line': b'-- Up-to-date symlink: /home/maxim/super_ws/install/px4_msgs/share/px4_msgs/msg/EstimatorBias3d.msg\n'}
[2.138984] (px4_msgs) StdoutLine: {'line': b'-- Up-to-date symlink: /home/maxim/super_ws/install/px4_msgs/share/px4_msgs/msg/EstimatorEventFlags.msg\n'}
[2.139092] (px4_msgs) StdoutLine: {'line': b'-- Up-to-date symlink: /home/maxim/super_ws/install/px4_msgs/share/px4_msgs/msg/EstimatorFusionControl.msg\n'}
[2.139198] (px4_msgs) StdoutLine: {'line': b'-- Up-to-date symlink: /home/maxim/super_ws/install/px4_msgs/share/px4_msgs/msg/EstimatorGpsStatus.msg\n'}
[2.139305] (px4_msgs) StdoutLine: {'line': b'-- Up-to-date symlink: /home/maxim/super_ws/install/px4_msgs/share/px4_msgs/msg/EstimatorInnovations.msg\n'}
[2.139414] (px4_msgs) StdoutLine: {'line': b'-- Up-to-date symlink: /home/maxim/super_ws/install/px4_msgs/share/px4_msgs/msg/EstimatorSelectorStatus.msg\n'}
[2.139521] (px4_msgs) StdoutLine: {'line': b'-- Up-to-date symlink: /home/maxim/super_ws/install/px4_msgs/share/px4_msgs/msg/EstimatorSensorBias.msg\n'}
[2.139674] (px4_msgs) StdoutLine: {'line': b'-- Up-to-date symlink: /home/maxim/super_ws/install/px4_msgs/share/px4_msgs/msg/EstimatorStates.msg\n'}
[2.139771] (px4_msgs) StdoutLine: {'line': b'-- Up-to-date symlink: /home/maxim/super_ws/install/px4_msgs/share/px4_msgs/msg/EstimatorStatus.msg\n'}
[2.139850] (px4_msgs) StdoutLine: {'line': b'-- Up-to-date symlink: /home/maxim/super_ws/install/px4_msgs/share/px4_msgs/msg/EstimatorStatusFlags.msg\n'}
[2.139964] (px4_msgs) StdoutLine: {'line': b'-- Up-to-date symlink: /home/maxim/super_ws/install/px4_msgs/share/px4_msgs/msg/Event.msg\n'}
[2.140120] (px4_msgs) StdoutLine: {'line': b'-- Up-to-date symlink: /home/maxim/super_ws/install/px4_msgs/share/px4_msgs/msg/FailsafeFlags.msg\n'}
[2.140196] (px4_msgs) StdoutLine: {'line': b'-- Up-to-date symlink: /home/maxim/super_ws/install/px4_msgs/share/px4_msgs/msg/FailureDetectorStatus.msg\n'}
[2.140287] (px4_msgs) StdoutLine: {'line': b'-- Up-to-date symlink: /home/maxim/super_ws/install/px4_msgs/share/px4_msgs/msg/FiducialMarkerPosReport.msg\n'}
[2.140394] (px4_msgs) StdoutLine: {'line': b'-- Up-to-date symlink: /home/maxim/super_ws/install/px4_msgs/share/px4_msgs/msg/FiducialMarkerYawReport.msg\n'}
[2.140501] (px4_msgs) StdoutLine: {'line': b'-- Up-to-date symlink: /home/maxim/super_ws/install/px4_msgs/share/px4_msgs/msg/FigureEightStatus.msg\n'}
[2.140613] (px4_msgs) StdoutLine: {'line': b'-- Up-to-date symlink: /home/maxim/super_ws/install/px4_msgs/share/px4_msgs/msg/FixedWingLateralGuidanceStatus.msg\n'}
[2.140766] (px4_msgs) StdoutLine: {'line': b'-- Up-to-date symlink: /home/maxim/super_ws/install/px4_msgs/share/px4_msgs/msg/FixedWingLateralSetpoint.msg\n'}
[2.140874] (px4_msgs) StdoutLine: {'line': b'-- Up-to-date symlink: /home/maxim/super_ws/install/px4_msgs/share/px4_msgs/msg/FixedWingLateralStatus.msg\n'}
[2.140984] (px4_msgs) StdoutLine: {'line': b'-- Up-to-date symlink: /home/maxim/super_ws/install/px4_msgs/share/px4_msgs/msg/FixedWingLongitudinalSetpoint.msg\n'}
[2.141092] (px4_msgs) StdoutLine: {'line': b'-- Up-to-date symlink: /home/maxim/super_ws/install/px4_msgs/share/px4_msgs/msg/FixedWingRunwayControl.msg\n'}
[2.141197] (px4_msgs) StdoutLine: {'line': b'-- Up-to-date symlink: /home/maxim/super_ws/install/px4_msgs/share/px4_msgs/msg/FlightPhaseEstimation.msg\n'}
[2.141308] (px4_msgs) StdoutLine: {'line': b'-- Up-to-date symlink: /home/maxim/super_ws/install/px4_msgs/share/px4_msgs/msg/FollowTarget.msg\n'}
[2.141380] (px4_msgs) StdoutLine: {'line': b'-- Up-to-date symlink: /home/maxim/super_ws/install/px4_msgs/share/px4_msgs/msg/FollowTargetEstimator.msg\n'}
[2.141485] (px4_msgs) StdoutLine: {'line': b'-- Up-to-date symlink: /home/maxim/super_ws/install/px4_msgs/share/px4_msgs/msg/FollowTargetStatus.msg\n'}
[2.141590] (px4_msgs) StdoutLine: {'line': b'-- Up-to-date symlink: /home/maxim/super_ws/install/px4_msgs/share/px4_msgs/msg/FuelTankStatus.msg\n'}
[2.141703] (px4_msgs) StdoutLine: {'line': b'-- Up-to-date symlink: /home/maxim/super_ws/install/px4_msgs/share/px4_msgs/msg/GainCompression.msg\n'}
[2.141809] (px4_msgs) StdoutLine: {'line': b'-- Up-to-date symlink: /home/maxim/super_ws/install/px4_msgs/share/px4_msgs/msg/GeneratorStatus.msg\n'}
[2.141952] (px4_msgs) StdoutLine: {'line': b'-- Up-to-date symlink: /home/maxim/super_ws/install/px4_msgs/share/px4_msgs/msg/GeofenceResult.msg\n'}
[2.142027] (px4_msgs) StdoutLine: {'line': b'-- Up-to-date symlink: /home/maxim/super_ws/install/px4_msgs/share/px4_msgs/msg/GeofenceStatus.msg\n'}
[2.142167] (px4_msgs) StdoutLine: {'line': b'-- Up-to-date symlink: /home/maxim/super_ws/install/px4_msgs/share/px4_msgs/msg/GimbalControls.msg\n'}
[2.142284] (px4_msgs) StdoutLine: {'line': b'-- Up-to-date symlink: /home/maxim/super_ws/install/px4_msgs/share/px4_msgs/msg/GimbalDeviceAttitudeStatus.msg\n'}
[2.142405] (px4_msgs) StdoutLine: {'line': b'-- Up-to-date symlink: /home/maxim/super_ws/install/px4_msgs/share/px4_msgs/msg/GimbalDeviceInformation.msg\n'}
[2.142494] (px4_msgs) StdoutLine: {'line': b'-- Up-to-date symlink: /home/maxim/super_ws/install/px4_msgs/share/px4_msgs/msg/GimbalDeviceSetAttitude.msg\n'}
[2.142567] (px4_msgs) StdoutLine: {'line': b'-- Up-to-date symlink: /home/maxim/super_ws/install/px4_msgs/share/px4_msgs/msg/GimbalManagerInformation.msg\n'}
[2.142709] (px4_msgs) StdoutLine: {'line': b'-- Up-to-date symlink: /home/maxim/super_ws/install/px4_msgs/share/px4_msgs/msg/GimbalManagerSetAttitude.msg\n'}
[2.142878] (px4_msgs) StdoutLine: {'line': b'-- Up-to-date symlink: /home/maxim/super_ws/install/px4_msgs/share/px4_msgs/msg/GimbalManagerSetManualControl.msg\n'}
[2.142994] (px4_msgs) StdoutLine: {'line': b'-- Up-to-date symlink: /home/maxim/super_ws/install/px4_msgs/share/px4_msgs/msg/GimbalManagerStatus.msg\n'}
[2.143073] (px4_msgs) StdoutLine: {'line': b'-- Up-to-date symlink: /home/maxim/super_ws/install/px4_msgs/share/px4_msgs/msg/GotoSetpoint.msg\n'}
[2.143143] (px4_msgs) StdoutLine: {'line': b'-- Up-to-date symlink: /home/maxim/super_ws/install/px4_msgs/share/px4_msgs/msg/GpioConfig.msg\n'}
[2.143217] (px4_msgs) StdoutLine: {'line': b'-- Up-to-date symlink: /home/maxim/super_ws/install/px4_msgs/share/px4_msgs/msg/GpioIn.msg\n'}
[2.143312] (px4_msgs) StdoutLine: {'line': b'-- Up-to-date symlink: /home/maxim/super_ws/install/px4_msgs/share/px4_msgs/msg/GpioOut.msg\n'}
[2.143466] (px4_msgs) StdoutLine: {'line': b'-- Up-to-date symlink: /home/maxim/super_ws/install/px4_msgs/share/px4_msgs/msg/GpioRequest.msg\n'}
[2.143551] (px4_msgs) StdoutLine: {'line': b'-- Up-to-date symlink: /home/maxim/super_ws/install/px4_msgs/share/px4_msgs/msg/GpsDump.msg\n'}
[2.143629] (px4_msgs) StdoutLine: {'line': b'-- Up-to-date symlink: /home/maxim/super_ws/install/px4_msgs/share/px4_msgs/msg/GpsInjectData.msg\n'}
[2.143772] (px4_msgs) StdoutLine: {'line': b'-- Up-to-date symlink: /home/maxim/super_ws/install/px4_msgs/share/px4_msgs/msg/Gripper.msg\n'}
[2.143846] (px4_msgs) StdoutLine: {'line': b'-- Up-to-date symlink: /home/maxim/super_ws/install/px4_msgs/share/px4_msgs/msg/HealthReport.msg\n'}
[2.143952] (px4_msgs) StdoutLine: {'line': b'-- Up-to-date symlink: /home/maxim/super_ws/install/px4_msgs/share/px4_msgs/msg/HeaterStatus.msg\n'}
[2.144058] (px4_msgs) StdoutLine: {'line': b'-- Up-to-date symlink: /home/maxim/super_ws/install/px4_msgs/share/px4_msgs/msg/HomePosition.msg\n'}
[2.144166] (px4_msgs) StdoutLine: {'line': b'-- Up-to-date symlink: /home/maxim/super_ws/install/px4_msgs/share/px4_msgs/msg/HoverThrustEstimate.msg\n'}
[2.144271] (px4_msgs) StdoutLine: {'line': b'-- Up-to-date symlink: /home/maxim/super_ws/install/px4_msgs/share/px4_msgs/msg/InputRc.msg\n'}
[2.144381] (px4_msgs) StdoutLine: {'line': b'-- Up-to-date symlink: /home/maxim/super_ws/install/px4_msgs/share/px4_msgs/msg/InternalCombustionEngineControl.msg\n'}
[2.144490] (px4_msgs) StdoutLine: {'line': b'-- Up-to-date symlink: /home/maxim/super_ws/install/px4_msgs/share/px4_msgs/msg/InternalCombustionEngineStatus.msg\n'}
[2.144598] (px4_msgs) StdoutLine: {'line': b'-- Up-to-date symlink: /home/maxim/super_ws/install/px4_msgs/share/px4_msgs/msg/IridiumsbdStatus.msg\n'}
[2.144712] (px4_msgs) StdoutLine: {'line': b'-- Up-to-date symlink: /home/maxim/super_ws/install/px4_msgs/share/px4_msgs/msg/IrlockReport.msg\n'}
[2.144817] (px4_msgs) StdoutLine: {'line': b'-- Up-to-date symlink: /home/maxim/super_ws/install/px4_msgs/share/px4_msgs/msg/LandingGear.msg\n'}
[2.144925] (px4_msgs) StdoutLine: {'line': b'-- Up-to-date symlink: /home/maxim/super_ws/install/px4_msgs/share/px4_msgs/msg/LandingGearWheel.msg\n'}
[2.145033] (px4_msgs) StdoutLine: {'line': b'-- Up-to-date symlink: /home/maxim/super_ws/install/px4_msgs/share/px4_msgs/msg/LandingTargetInnovations.msg\n'}
[2.145139] (px4_msgs) StdoutLine: {'line': b'-- Up-to-date symlink: /home/maxim/super_ws/install/px4_msgs/share/px4_msgs/msg/LandingTargetPose.msg\n'}
[2.145248] (px4_msgs) StdoutLine: {'line': b'-- Up-to-date symlink: /home/maxim/super_ws/install/px4_msgs/share/px4_msgs/msg/LateralControlConfiguration.msg\n'}
[2.145356] (px4_msgs) StdoutLine: {'line': b'-- Up-to-date symlink: /home/maxim/super_ws/install/px4_msgs/share/px4_msgs/msg/LaunchDetectionStatus.msg\n'}
[2.145464] (px4_msgs) StdoutLine: {'line': b'-- Up-to-date symlink: /home/maxim/super_ws/install/px4_msgs/share/px4_msgs/msg/LedControl.msg\n'}
[2.145569] (px4_msgs) StdoutLine: {'line': b'-- Up-to-date symlink: /home/maxim/super_ws/install/px4_msgs/share/px4_msgs/msg/LogMessage.msg\n'}
[2.145684] (px4_msgs) StdoutLine: {'line': b'-- Up-to-date symlink: /home/maxim/super_ws/install/px4_msgs/share/px4_msgs/msg/LoggerStatus.msg\n'}
[2.145795] (px4_msgs) StdoutLine: {'line': b'-- Up-to-date symlink: /home/maxim/super_ws/install/px4_msgs/share/px4_msgs/msg/LongitudinalControlConfiguration.msg\n'}
[2.145901] (px4_msgs) StdoutLine: {'line': b'-- Up-to-date symlink: /home/maxim/super_ws/install/px4_msgs/share/px4_msgs/msg/MagWorkerData.msg\n'}
[2.146011] (px4_msgs) StdoutLine: {'line': b'-- Up-to-date symlink: /home/maxim/super_ws/install/px4_msgs/share/px4_msgs/msg/MagnetometerBiasEstimate.msg\n'}
[2.146152] (px4_msgs) StdoutLine: {'line': b'-- Up-to-date symlink: /home/maxim/super_ws/install/px4_msgs/share/px4_msgs/msg/ManualControlSetpoint.msg\n'}
[2.146259] (px4_msgs) StdoutLine: {'line': b'-- Up-to-date symlink: /home/maxim/super_ws/install/px4_msgs/share/px4_msgs/msg/ManualControlSwitches.msg\n'}
[2.146361] (px4_msgs) StdoutLine: {'line': b'-- Up-to-date symlink: /home/maxim/super_ws/install/px4_msgs/share/px4_msgs/msg/MavlinkLog.msg\n'}
[2.146470] (px4_msgs) StdoutLine: {'line': b'-- Up-to-date symlink: /home/maxim/super_ws/install/px4_msgs/share/px4_msgs/msg/MavlinkTunnel.msg\n'}
[2.146618] (px4_msgs) StdoutLine: {'line': b'-- Up-to-date symlink: /home/maxim/super_ws/install/px4_msgs/share/px4_msgs/msg/MessageFormatRequest.msg\n'}
[2.146722] (px4_msgs) StdoutLine: {'line': b'-- Up-to-date symlink: /home/maxim/super_ws/install/px4_msgs/share/px4_msgs/msg/MessageFormatResponse.msg\n'}
[2.146816] (px4_msgs) StdoutLine: {'line': b'-- Up-to-date symlink: /home/maxim/super_ws/install/px4_msgs/share/px4_msgs/msg/Mission.msg\n'}
[2.146952] (px4_msgs) StdoutLine: {'line': b'-- Up-to-date symlink: /home/maxim/super_ws/install/px4_msgs/share/px4_msgs/msg/MissionResult.msg\n'}
[2.147060] (px4_msgs) StdoutLine: {'line': b'-- Up-to-date symlink: /home/maxim/super_ws/install/px4_msgs/share/px4_msgs/msg/ModeCompleted.msg\n'}
[2.147165] (px4_msgs) StdoutLine: {'line': b'-- Up-to-date symlink: /home/maxim/super_ws/install/px4_msgs/share/px4_msgs/msg/MountOrientation.msg\n'}
[2.147254] (px4_msgs) StdoutLine: {'line': b'-- Up-to-date symlink: /home/maxim/super_ws/install/px4_msgs/share/px4_msgs/msg/NavigatorMissionItem.msg\n'}
[2.147341] (px4_msgs) StdoutLine: {'line': b'-- Up-to-date symlink: /home/maxim/super_ws/install/px4_msgs/share/px4_msgs/msg/NavigatorStatus.msg\n'}
[2.147418] (px4_msgs) StdoutLine: {'line': b'-- Up-to-date symlink: /home/maxim/super_ws/install/px4_msgs/share/px4_msgs/msg/NeuralControl.msg\n'}
[2.147558] (px4_msgs) StdoutLine: {'line': b'-- Up-to-date symlink: /home/maxim/super_ws/install/px4_msgs/share/px4_msgs/msg/NormalizedUnsignedSetpoint.msg\n'}
[2.147636] (px4_msgs) StdoutLine: {'line': b'-- Up-to-date symlink: /home/maxim/super_ws/install/px4_msgs/share/px4_msgs/msg/ObstacleDistance.msg\n'}
[2.147790] (px4_msgs) StdoutLine: {'line': b'-- Up-to-date symlink: /home/maxim/super_ws/install/px4_msgs/share/px4_msgs/msg/OffboardControlMode.msg\n'}
[2.147914] (px4_msgs) StdoutLine: {'line': b'-- Up-to-date symlink: /home/maxim/super_ws/install/px4_msgs/share/px4_msgs/msg/OnboardComputerStatus.msg\n'}
[2.148006] (px4_msgs) StdoutLine: {'line': b'-- Up-to-date symlink: /home/maxim/super_ws/install/px4_msgs/share/px4_msgs/msg/OpenDroneIdArmStatus.msg\n'}
[2.148109] (px4_msgs) StdoutLine: {'line': b'-- Up-to-date symlink: /home/maxim/super_ws/install/px4_msgs/share/px4_msgs/msg/OpenDroneIdOperatorId.msg\n'}
[2.148223] (px4_msgs) StdoutLine: {'line': b'-- Up-to-date symlink: /home/maxim/super_ws/install/px4_msgs/share/px4_msgs/msg/OpenDroneIdSelfId.msg\n'}
[2.148323] (px4_msgs) StdoutLine: {'line': b'-- Up-to-date symlink: /home/maxim/super_ws/install/px4_msgs/share/px4_msgs/msg/OpenDroneIdSystem.msg\n'}
[2.148430] (px4_msgs) StdoutLine: {'line': b'-- Up-to-date symlink: /home/maxim/super_ws/install/px4_msgs/share/px4_msgs/msg/OrbTest.msg\n'}
[2.148532] (px4_msgs) StdoutLine: {'line': b'-- Up-to-date symlink: /home/maxim/super_ws/install/px4_msgs/share/px4_msgs/msg/OrbTestLarge.msg\n'}
[2.148608] (px4_msgs) StdoutLine: {'line': b'-- Up-to-date symlink: /home/maxim/super_ws/install/px4_msgs/share/px4_msgs/msg/OrbTestMedium.msg\n'}
[2.148712] (px4_msgs) StdoutLine: {'line': b'-- Up-to-date symlink: /home/maxim/super_ws/install/px4_msgs/share/px4_msgs/msg/OrbitStatus.msg\n'}
[2.148819] (px4_msgs) StdoutLine: {'line': b'-- Up-to-date symlink: /home/maxim/super_ws/install/px4_msgs/share/px4_msgs/msg/ParameterResetRequest.msg\n'}
[2.148927] (px4_msgs) StdoutLine: {'line': b'-- Up-to-date symlink: /home/maxim/super_ws/install/px4_msgs/share/px4_msgs/msg/ParameterSetUsedRequest.msg\n'}
[2.149036] (px4_msgs) StdoutLine: {'line': b'-- Up-to-date symlink: /home/maxim/super_ws/install/px4_msgs/share/px4_msgs/msg/ParameterSetValueRequest.msg\n'}
[2.149143] (px4_msgs) StdoutLine: {'line': b'-- Up-to-date symlink: /home/maxim/super_ws/install/px4_msgs/share/px4_msgs/msg/ParameterSetValueResponse.msg\n'}
[2.149289] (px4_msgs) StdoutLine: {'line': b'-- Up-to-date symlink: /home/maxim/super_ws/install/px4_msgs/share/px4_msgs/msg/ParameterUpdate.msg\n'}
[2.149383] (px4_msgs) StdoutLine: {'line': b'-- Up-to-date symlink: /home/maxim/super_ws/install/px4_msgs/share/px4_msgs/msg/Ping.msg\n'}
[2.149471] (px4_msgs) StdoutLine: {'line': b'-- Up-to-date symlink: /home/maxim/super_ws/install/px4_msgs/share/px4_msgs/msg/PositionControllerLandingStatus.msg\n'}
[2.149579] (px4_msgs) StdoutLine: {'line': b'-- Up-to-date symlink: /home/maxim/super_ws/install/px4_msgs/share/px4_msgs/msg/PositionControllerStatus.msg\n'}
[2.149694] (px4_msgs) StdoutLine: {'line': b'-- Up-to-date symlink: /home/maxim/super_ws/install/px4_msgs/share/px4_msgs/msg/PositionSetpoint.msg\n'}
[2.149841] (px4_msgs) StdoutLine: {'line': b'-- Up-to-date symlink: /home/maxim/super_ws/install/px4_msgs/share/px4_msgs/msg/PositionSetpointTriplet.msg\n'}
[2.149946] (px4_msgs) StdoutLine: {'line': b'-- Up-to-date symlink: /home/maxim/super_ws/install/px4_msgs/share/px4_msgs/msg/PowerButtonState.msg\n'}
[2.150052] (px4_msgs) StdoutLine: {'line': b'-- Up-to-date symlink: /home/maxim/super_ws/install/px4_msgs/share/px4_msgs/msg/PowerMonitor.msg\n'}
[2.150161] (px4_msgs) StdoutLine: {'line': b'-- Up-to-date symlink: /home/maxim/super_ws/install/px4_msgs/share/px4_msgs/msg/PpsCapture.msg\n'}
[2.150236] (px4_msgs) StdoutLine: {'line': b'-- Up-to-date symlink: /home/maxim/super_ws/install/px4_msgs/share/px4_msgs/msg/PrecLandStatus.msg\n'}
[2.150333] (px4_msgs) StdoutLine: {'line': b'-- Up-to-date symlink: /home/maxim/super_ws/install/px4_msgs/share/px4_msgs/msg/PurePursuitStatus.msg\n'}
[2.150441] (px4_msgs) StdoutLine: {'line': b'-- Up-to-date symlink: /home/maxim/super_ws/install/px4_msgs/share/px4_msgs/msg/PwmInput.msg\n'}
[2.150548] (px4_msgs) StdoutLine: {'line': b'-- Up-to-date symlink: /home/maxim/super_ws/install/px4_msgs/share/px4_msgs/msg/Px4ioStatus.msg\n'}
[2.150700] (px4_msgs) StdoutLine: {'line': b'-- Up-to-date symlink: /home/maxim/super_ws/install/px4_msgs/share/px4_msgs/msg/QshellReq.msg\n'}
[2.150805] (px4_msgs) StdoutLine: {'line': b'-- Up-to-date symlink: /home/maxim/super_ws/install/px4_msgs/share/px4_msgs/msg/QshellRetval.msg\n'}
[2.150919] (px4_msgs) StdoutLine: {'line': b'-- Up-to-date symlink: /home/maxim/super_ws/install/px4_msgs/share/px4_msgs/msg/RadioStatus.msg\n'}
[2.151018] (px4_msgs) StdoutLine: {'line': b'-- Up-to-date symlink: /home/maxim/super_ws/install/px4_msgs/share/px4_msgs/msg/RangingBeacon.msg\n'}
[2.151111] (px4_msgs) StdoutLine: {'line': b'-- Up-to-date symlink: /home/maxim/super_ws/install/px4_msgs/share/px4_msgs/msg/RaptorInput.msg\n'}
[2.151191] (px4_msgs) StdoutLine: {'line': b'-- Up-to-date symlink: /home/maxim/super_ws/install/px4_msgs/share/px4_msgs/msg/RaptorStatus.msg\n'}
[2.151300] (px4_msgs) StdoutLine: {'line': b'-- Up-to-date symlink: /home/maxim/super_ws/install/px4_msgs/share/px4_msgs/msg/RateCtrlStatus.msg\n'}
[2.151407] (px4_msgs) StdoutLine: {'line': b'-- Up-to-date symlink: /home/maxim/super_ws/install/px4_msgs/share/px4_msgs/msg/RcChannels.msg\n'}
[2.151515] (px4_msgs) StdoutLine: {'line': b'-- Up-to-date symlink: /home/maxim/super_ws/install/px4_msgs/share/px4_msgs/msg/RcParameterMap.msg\n'}
[2.151623] (px4_msgs) StdoutLine: {'line': b'-- Up-to-date symlink: /home/maxim/super_ws/install/px4_msgs/share/px4_msgs/msg/RegisterExtComponentReply.msg\n'}
[2.151765] (px4_msgs) StdoutLine: {'line': b'-- Up-to-date symlink: /home/maxim/super_ws/install/px4_msgs/share/px4_msgs/msg/RegisterExtComponentRequest.msg\n'}
[2.151846] (px4_msgs) StdoutLine: {'line': b'-- Up-to-date symlink: /home/maxim/super_ws/install/px4_msgs/share/px4_msgs/msg/RoverAttitudeSetpoint.msg\n'}
[2.151954] (px4_msgs) StdoutLine: {'line': b'-- Up-to-date symlink: /home/maxim/super_ws/install/px4_msgs/share/px4_msgs/msg/RoverAttitudeStatus.msg\n'}
[2.152062] (px4_msgs) StdoutLine: {'line': b'-- Up-to-date symlink: /home/maxim/super_ws/install/px4_msgs/share/px4_msgs/msg/RoverPositionSetpoint.msg\n'}
[2.152168] (px4_msgs) StdoutLine: {'line': b'-- Up-to-date symlink: /home/maxim/super_ws/install/px4_msgs/share/px4_msgs/msg/RoverRateSetpoint.msg\n'}
[2.152274] (px4_msgs) StdoutLine: {'line': b'-- Up-to-date symlink: /home/maxim/super_ws/install/px4_msgs/share/px4_msgs/msg/RoverRateStatus.msg\n'}
[2.152381] (px4_msgs) StdoutLine: {'line': b'-- Up-to-date symlink: /home/maxim/super_ws/install/px4_msgs/share/px4_msgs/msg/RoverSpeedSetpoint.msg\n'}
[2.152486] (px4_msgs) StdoutLine: {'line': b'-- Up-to-date symlink: /home/maxim/super_ws/install/px4_msgs/share/px4_msgs/msg/RoverSpeedStatus.msg\n'}
[2.152596] (px4_msgs) StdoutLine: {'line': b'-- Up-to-date symlink: /home/maxim/super_ws/install/px4_msgs/share/px4_msgs/msg/RoverSteeringSetpoint.msg\n'}
[2.152709] (px4_msgs) StdoutLine: {'line': b'-- Up-to-date symlink: /home/maxim/super_ws/install/px4_msgs/share/px4_msgs/msg/RoverThrottleSetpoint.msg\n'}
[2.152815] (px4_msgs) StdoutLine: {'line': b'-- Up-to-date symlink: /home/maxim/super_ws/install/px4_msgs/share/px4_msgs/msg/Rpm.msg\n'}
[2.152921] (px4_msgs) StdoutLine: {'line': b'-- Up-to-date symlink: /home/maxim/super_ws/install/px4_msgs/share/px4_msgs/msg/RtlStatus.msg\n'}
[2.153028] (px4_msgs) StdoutLine: {'line': b'-- Up-to-date symlink: /home/maxim/super_ws/install/px4_msgs/share/px4_msgs/msg/RtlTimeEstimate.msg\n'}
[2.153137] (px4_msgs) StdoutLine: {'line': b'-- Up-to-date symlink: /home/maxim/super_ws/install/px4_msgs/share/px4_msgs/msg/SatelliteInfo.msg\n'}
[2.153241] (px4_msgs) StdoutLine: {'line': b'-- Up-to-date symlink: /home/maxim/super_ws/install/px4_msgs/share/px4_msgs/msg/SensorAccel.msg\n'}
[2.153347] (px4_msgs) StdoutLine: {'line': b'-- Up-to-date symlink: /home/maxim/super_ws/install/px4_msgs/share/px4_msgs/msg/SensorAccelFifo.msg\n'}
[2.153456] (px4_msgs) StdoutLine: {'line': b'-- Up-to-date symlink: /home/maxim/super_ws/install/px4_msgs/share/px4_msgs/msg/SensorAirflow.msg\n'}
[2.153606] (px4_msgs) StdoutLine: {'line': b'-- Up-to-date symlink: /home/maxim/super_ws/install/px4_msgs/share/px4_msgs/msg/SensorBaro.msg\n'}
[2.153701] (px4_msgs) StdoutLine: {'line': b'-- Up-to-date symlink: /home/maxim/super_ws/install/px4_msgs/share/px4_msgs/msg/SensorCombined.msg\n'}
[2.153822] (px4_msgs) StdoutLine: {'line': b'-- Up-to-date symlink: /home/maxim/super_ws/install/px4_msgs/share/px4_msgs/msg/SensorCorrection.msg\n'}
[2.153942] (px4_msgs) StdoutLine: {'line': b'-- Up-to-date symlink: /home/maxim/super_ws/install/px4_msgs/share/px4_msgs/msg/SensorGnssRelative.msg\n'}
[2.154072] (px4_msgs) StdoutLine: {'line': b'-- Up-to-date symlink: /home/maxim/super_ws/install/px4_msgs/share/px4_msgs/msg/SensorGnssStatus.msg\n'}
[2.154149] (px4_msgs) StdoutLine: {'line': b'-- Up-to-date symlink: /home/maxim/super_ws/install/px4_msgs/share/px4_msgs/msg/SensorGps.msg\n'}
[2.154284] (px4_msgs) StdoutLine: {'line': b'-- Up-to-date symlink: /home/maxim/super_ws/install/px4_msgs/share/px4_msgs/msg/SensorGyro.msg\n'}
[2.154386] (px4_msgs) StdoutLine: {'line': b'-- Up-to-date symlink: /home/maxim/super_ws/install/px4_msgs/share/px4_msgs/msg/SensorGyroFft.msg\n'}
[2.154497] (px4_msgs) StdoutLine: {'line': b'-- Up-to-date symlink: /home/maxim/super_ws/install/px4_msgs/share/px4_msgs/msg/SensorGyroFifo.msg\n'}
[2.154578] (px4_msgs) StdoutLine: {'line': b'-- Up-to-date symlink: /home/maxim/super_ws/install/px4_msgs/share/px4_msgs/msg/SensorHygrometer.msg\n'}
[2.154650] (px4_msgs) StdoutLine: {'line': b'-- Up-to-date symlink: /home/maxim/super_ws/install/px4_msgs/share/px4_msgs/msg/SensorMag.msg\n'}
[2.154755] (px4_msgs) StdoutLine: {'line': b'-- Up-to-date symlink: /home/maxim/super_ws/install/px4_msgs/share/px4_msgs/msg/SensorOpticalFlow.msg\n'}
[2.154905] (px4_msgs) StdoutLine: {'line': b'-- Up-to-date symlink: /home/maxim/super_ws/install/px4_msgs/share/px4_msgs/msg/SensorPreflightMag.msg\n'}
[2.154979] (px4_msgs) StdoutLine: {'line': b'-- Up-to-date symlink: /home/maxim/super_ws/install/px4_msgs/share/px4_msgs/msg/SensorSelection.msg\n'}
[2.155074] (px4_msgs) StdoutLine: {'line': b'-- Up-to-date symlink: /home/maxim/super_ws/install/px4_msgs/share/px4_msgs/msg/SensorTemp.msg\n'}
[2.155248] (px4_msgs) StdoutLine: {'line': b'-- Up-to-date symlink: /home/maxim/super_ws/install/px4_msgs/share/px4_msgs/msg/SensorUwb.msg\n'}
[2.155356] (px4_msgs) StdoutLine: {'line': b'-- Up-to-date symlink: /home/maxim/super_ws/install/px4_msgs/share/px4_msgs/msg/SensorsStatus.msg\n'}
[2.155436] (px4_msgs) StdoutLine: {'line': b'-- Up-to-date symlink: /home/maxim/super_ws/install/px4_msgs/share/px4_msgs/msg/SensorsStatusImu.msg\n'}
[2.155505] (px4_msgs) StdoutLine: {'line': b'-- Up-to-date symlink: /home/maxim/super_ws/install/px4_msgs/share/px4_msgs/msg/SystemPower.msg\n'}
[2.155603] (px4_msgs) StdoutLine: {'line': b'-- Up-to-date symlink: /home/maxim/super_ws/install/px4_msgs/share/px4_msgs/msg/TakeoffStatus.msg\n'}
[2.155754] (px4_msgs) StdoutLine: {'line': b'-- Up-to-date symlink: /home/maxim/super_ws/install/px4_msgs/share/px4_msgs/msg/TargetGnss.msg\n'}
[2.155852] (px4_msgs) StdoutLine: {'line': b'-- Up-to-date symlink: /home/maxim/super_ws/install/px4_msgs/share/px4_msgs/msg/TaskStackInfo.msg\n'}
[2.155956] (px4_msgs) StdoutLine: {'line': b'-- Up-to-date symlink: /home/maxim/super_ws/install/px4_msgs/share/px4_msgs/msg/TecsStatus.msg\n'}
[2.156088] (px4_msgs) StdoutLine: {'line': b'-- Up-to-date symlink: /home/maxim/super_ws/install/px4_msgs/share/px4_msgs/msg/TelemetryStatus.msg\n'}
[2.156209] (px4_msgs) StdoutLine: {'line': b'-- Up-to-date symlink: /home/maxim/super_ws/install/px4_msgs/share/px4_msgs/msg/TiltrotorExtraControls.msg\n'}
[2.156287] (px4_msgs) StdoutLine: {'line': b'-- Up-to-date symlink: /home/maxim/super_ws/install/px4_msgs/share/px4_msgs/msg/TimesyncStatus.msg\n'}
[2.156401] (px4_msgs) StdoutLine: {'line': b'-- Up-to-date symlink: /home/maxim/super_ws/install/px4_msgs/share/px4_msgs/msg/TrajectorySetpoint.msg\n'}
[2.156500] (px4_msgs) StdoutLine: {'line': b'-- Up-to-date symlink: /home/maxim/super_ws/install/px4_msgs/share/px4_msgs/msg/TrajectorySetpoint6dof.msg\n'}
[2.156597] (px4_msgs) StdoutLine: {'line': b'-- Up-to-date symlink: /home/maxim/super_ws/install/px4_msgs/share/px4_msgs/msg/TransponderReport.msg\n'}
[2.156747] (px4_msgs) StdoutLine: {'line': b'-- Up-to-date symlink: /home/maxim/super_ws/install/px4_msgs/share/px4_msgs/msg/TuneControl.msg\n'}
[2.156857] (px4_msgs) StdoutLine: {'line': b'-- Up-to-date symlink: /home/maxim/super_ws/install/px4_msgs/share/px4_msgs/msg/UavcanParameterRequest.msg\n'}
[2.156965] (px4_msgs) StdoutLine: {'line': b'-- Up-to-date symlink: /home/maxim/super_ws/install/px4_msgs/share/px4_msgs/msg/UavcanParameterValue.msg\n'}
[2.157040] (px4_msgs) StdoutLine: {'line': b'-- Up-to-date symlink: /home/maxim/super_ws/install/px4_msgs/share/px4_msgs/msg/UlogStream.msg\n'}
[2.157118] (px4_msgs) StdoutLine: {'line': b'-- Up-to-date symlink: /home/maxim/super_ws/install/px4_msgs/share/px4_msgs/msg/UlogStreamAck.msg\n'}
[2.157227] (px4_msgs) StdoutLine: {'line': b'-- Up-to-date symlink: /home/maxim/super_ws/install/px4_msgs/share/px4_msgs/msg/UnregisterExtComponent.msg\n'}
[2.157365] (px4_msgs) StdoutLine: {'line': b'-- Up-to-date symlink: /home/maxim/super_ws/install/px4_msgs/share/px4_msgs/msg/VehicleAcceleration.msg\n'}
[2.157443] (px4_msgs) StdoutLine: {'line': b'-- Up-to-date symlink: /home/maxim/super_ws/install/px4_msgs/share/px4_msgs/msg/VehicleAirData.msg\n'}
[2.157554] (px4_msgs) StdoutLine: {'line': b'-- Up-to-date symlink: /home/maxim/super_ws/install/px4_msgs/share/px4_msgs/msg/VehicleAngularAccelerationSetpoint.msg\n'}
[2.157711] (px4_msgs) StdoutLine: {'line': b'-- Up-to-date symlink: /home/maxim/super_ws/install/px4_msgs/share/px4_msgs/msg/VehicleAngularVelocity.msg\n'}
[2.157859] (px4_msgs) StdoutLine: {'line': b'-- Up-to-date symlink: /home/maxim/super_ws/install/px4_msgs/share/px4_msgs/msg/VehicleAttitude.msg\n'}
[2.157970] (px4_msgs) StdoutLine: {'line': b'-- Up-to-date symlink: /home/maxim/super_ws/install/px4_msgs/share/px4_msgs/msg/VehicleAttitudeSetpoint.msg\n'}
[2.158078] (px4_msgs) StdoutLine: {'line': b'-- Up-to-date symlink: /home/maxim/super_ws/install/px4_msgs/share/px4_msgs/msg/VehicleCommand.msg\n'}
[2.158158] (px4_msgs) StdoutLine: {'line': b'-- Up-to-date symlink: /home/maxim/super_ws/install/px4_msgs/share/px4_msgs/msg/VehicleCommandAck.msg\n'}
[2.158230] (px4_msgs) StdoutLine: {'line': b'-- Up-to-date symlink: /home/maxim/super_ws/install/px4_msgs/share/px4_msgs/msg/VehicleConstraints.msg\n'}
[2.158312] (px4_msgs) StdoutLine: {'line': b'-- Up-to-date symlink: /home/maxim/super_ws/install/px4_msgs/share/px4_msgs/msg/VehicleControlMode.msg\n'}
[2.158419] (px4_msgs) StdoutLine: {'line': b'-- Up-to-date symlink: /home/maxim/super_ws/install/px4_msgs/share/px4_msgs/msg/VehicleGlobalPosition.msg\n'}
[2.158564] (px4_msgs) StdoutLine: {'line': b'-- Up-to-date symlink: /home/maxim/super_ws/install/px4_msgs/share/px4_msgs/msg/VehicleImu.msg\n'}
[2.158642] (px4_msgs) StdoutLine: {'line': b'-- Up-to-date symlink: /home/maxim/super_ws/install/px4_msgs/share/px4_msgs/msg/VehicleImuStatus.msg\n'}
[2.158784] (px4_msgs) StdoutLine: {'line': b'-- Up-to-date symlink: /home/maxim/super_ws/install/px4_msgs/share/px4_msgs/msg/VehicleLandDetected.msg\n'}
[2.158857] (px4_msgs) StdoutLine: {'line': b'-- Up-to-date symlink: /home/maxim/super_ws/install/px4_msgs/share/px4_msgs/msg/VehicleLocalPosition.msg\n'}
[2.158963] (px4_msgs) StdoutLine: {'line': b'-- Up-to-date symlink: /home/maxim/super_ws/install/px4_msgs/share/px4_msgs/msg/VehicleLocalPositionSetpoint.msg\n'}
[2.159112] (px4_msgs) StdoutLine: {'line': b'-- Up-to-date symlink: /home/maxim/super_ws/install/px4_msgs/share/px4_msgs/msg/VehicleMagnetometer.msg\n'}
[2.159188] (px4_msgs) StdoutLine: {'line': b'-- Up-to-date symlink: /home/maxim/super_ws/install/px4_msgs/share/px4_msgs/msg/VehicleOdometry.msg\n'}
[2.159323] (px4_msgs) StdoutLine: {'line': b'-- Up-to-date symlink: /home/maxim/super_ws/install/px4_msgs/share/px4_msgs/msg/VehicleOpticalFlow.msg\n'}
[2.159398] (px4_msgs) StdoutLine: {'line': b'-- Up-to-date symlink: /home/maxim/super_ws/install/px4_msgs/share/px4_msgs/msg/VehicleOpticalFlowVel.msg\n'}
[2.159539] (px4_msgs) StdoutLine: {'line': b'-- Up-to-date symlink: /home/maxim/super_ws/install/px4_msgs/share/px4_msgs/msg/VehicleRatesSetpoint.msg\n'}
[2.159613] (px4_msgs) StdoutLine: {'line': b'-- Up-to-date symlink: /home/maxim/super_ws/install/px4_msgs/share/px4_msgs/msg/VehicleRoi.msg\n'}
[2.159761] (px4_msgs) StdoutLine: {'line': b'-- Up-to-date symlink: /home/maxim/super_ws/install/px4_msgs/share/px4_msgs/msg/VehicleStatus.msg\n'}
[2.159835] (px4_msgs) StdoutLine: {'line': b'-- Up-to-date symlink: /home/maxim/super_ws/install/px4_msgs/share/px4_msgs/msg/VehicleThrustSetpoint.msg\n'}
[2.159939] (px4_msgs) StdoutLine: {'line': b'-- Up-to-date symlink: /home/maxim/super_ws/install/px4_msgs/share/px4_msgs/msg/VehicleTorqueSetpoint.msg\n'}
[2.160081] (px4_msgs) StdoutLine: {'line': b'-- Up-to-date symlink: /home/maxim/super_ws/install/px4_msgs/share/px4_msgs/msg/VelocityLimits.msg\n'}
[2.160193] (px4_msgs) StdoutLine: {'line': b'-- Up-to-date symlink: /home/maxim/super_ws/install/px4_msgs/share/px4_msgs/msg/VteAidSource1d.msg\n'}
[2.160361] (px4_msgs) StdoutLine: {'line': b'-- Up-to-date symlink: /home/maxim/super_ws/install/px4_msgs/share/px4_msgs/msg/VteAidSource3d.msg\n'}
[2.160476] (px4_msgs) StdoutLine: {'line': b'-- Up-to-date symlink: /home/maxim/super_ws/install/px4_msgs/share/px4_msgs/msg/VteBiasInitStatus.msg\n'}
[2.160562] (px4_msgs) StdoutLine: {'line': b'-- Up-to-date symlink: /home/maxim/super_ws/install/px4_msgs/share/px4_msgs/msg/VteInput.msg\n'}
[2.160636] (px4_msgs) StdoutLine: {'line': b'-- Up-to-date symlink: /home/maxim/super_ws/install/px4_msgs/share/px4_msgs/msg/VteOrientation.msg\n'}
[2.160769] (px4_msgs) StdoutLine: {'line': b'-- Up-to-date symlink: /home/maxim/super_ws/install/px4_msgs/share/px4_msgs/msg/VtePosition.msg\n'}
[2.160850] (px4_msgs) StdoutLine: {'line': b'-- Up-to-date symlink: /home/maxim/super_ws/install/px4_msgs/share/px4_msgs/msg/VtolVehicleStatus.msg\n'}
[2.160925] (px4_msgs) StdoutLine: {'line': b'-- Up-to-date symlink: /home/maxim/super_ws/install/px4_msgs/share/px4_msgs/msg/Vtx.msg\n'}
[2.161043] (px4_msgs) StdoutLine: {'line': b'-- Up-to-date symlink: /home/maxim/super_ws/install/px4_msgs/share/px4_msgs/msg/WheelEncoders.msg\n'}
[2.161187] (px4_msgs) StdoutLine: {'line': b'-- Up-to-date symlink: /home/maxim/super_ws/install/px4_msgs/share/px4_msgs/msg/Wind.msg\n'}
[2.161288] (px4_msgs) StdoutLine: {'line': b'-- Up-to-date symlink: /home/maxim/super_ws/install/px4_msgs/share/px4_msgs/msg/YawEstimatorStatus.msg\n'}
[2.161382] (px4_msgs) StdoutLine: {'line': b'-- Up-to-date symlink: /home/maxim/super_ws/install/px4_msgs/share/px4_msgs/srv/VehicleCommand.srv\n'}
[2.161521] (px4_msgs) StdoutLine: {'line': b'-- Up-to-date symlink: /home/maxim/super_ws/install/px4_msgs/share/ament_index/resource_index/package_run_dependencies/px4_msgs\n'}
[2.161598] (px4_msgs) StdoutLine: {'line': b'-- Up-to-date symlink: /home/maxim/super_ws/install/px4_msgs/share/ament_index/resource_index/parent_prefix_path/px4_msgs\n'}
[2.161704] (px4_msgs) StdoutLine: {'line': b'-- Up-to-date symlink: /home/maxim/super_ws/install/px4_msgs/share/px4_msgs/environment/ament_prefix_path.sh\n'}
[2.161814] (px4_msgs) StdoutLine: {'line': b'-- Up-to-date symlink: /home/maxim/super_ws/install/px4_msgs/share/px4_msgs/environment/ament_prefix_path.dsv\n'}
[2.161929] (px4_msgs) StdoutLine: {'line': b'-- Up-to-date symlink: /home/maxim/super_ws/install/px4_msgs/share/px4_msgs/environment/path.sh\n'}
[2.162078] (px4_msgs) StdoutLine: {'line': b'-- Up-to-date symlink: /home/maxim/super_ws/install/px4_msgs/share/px4_msgs/environment/path.dsv\n'}
[2.162243] (px4_msgs) StdoutLine: {'line': b'-- Up-to-date symlink: /home/maxim/super_ws/install/px4_msgs/share/px4_msgs/local_setup.bash\n'}
[2.162364] (px4_msgs) StdoutLine: {'line': b'-- Up-to-date symlink: /home/maxim/super_ws/install/px4_msgs/share/px4_msgs/local_setup.sh\n'}
[2.162448] (px4_msgs) StdoutLine: {'line': b'-- Up-to-date symlink: /home/maxim/super_ws/install/px4_msgs/share/px4_msgs/local_setup.zsh\n'}
[2.162527] (px4_msgs) StdoutLine: {'line': b'-- Up-to-date symlink: /home/maxim/super_ws/install/px4_msgs/share/px4_msgs/local_setup.dsv\n'}
[2.162604] (px4_msgs) StdoutLine: {'line': b'-- Symlinking: /home/maxim/super_ws/install/px4_msgs/share/px4_msgs/package.dsv\n'}
[2.169455] (px4_msgs) StdoutLine: {'line': b'-- Up-to-date symlink: /home/maxim/super_ws/install/px4_msgs/share/ament_index/resource_index/packages/px4_msgs\n'}
[2.169621] (px4_msgs) StdoutLine: {'line': b'-- Up-to-date symlink: /home/maxim/super_ws/install/px4_msgs/share/px4_msgs/cmake/rosidl_cmake-extras.cmake\n'}
[2.169694] (px4_msgs) StdoutLine: {'line': b'-- Up-to-date symlink: /home/maxim/super_ws/install/px4_msgs/share/px4_msgs/cmake/ament_cmake_export_dependencies-extras.cmake\n'}
[2.169816] (px4_msgs) StdoutLine: {'line': b'-- Up-to-date symlink: /home/maxim/super_ws/install/px4_msgs/share/px4_msgs/cmake/ament_cmake_export_include_directories-extras.cmake\n'}
[2.169921] (px4_msgs) StdoutLine: {'line': b'-- Up-to-date symlink: /home/maxim/super_ws/install/px4_msgs/share/px4_msgs/cmake/ament_cmake_export_libraries-extras.cmake\n'}
[2.170051] (px4_msgs) StdoutLine: {'line': b'-- Up-to-date symlink: /home/maxim/super_ws/install/px4_msgs/share/px4_msgs/cmake/ament_cmake_export_targets-extras.cmake\n'}
[2.170174] (px4_msgs) StdoutLine: {'line': b'-- Up-to-date symlink: /home/maxim/super_ws/install/px4_msgs/share/px4_msgs/cmake/rosidl_cmake_export_typesupport_targets-extras.cmake\n'}
[2.170242] (px4_msgs) StdoutLine: {'line': b'-- Up-to-date symlink: /home/maxim/super_ws/install/px4_msgs/share/px4_msgs/cmake/rosidl_cmake_export_typesupport_libraries-extras.cmake\n'}
[2.170357] (px4_msgs) StdoutLine: {'line': b'-- Up-to-date symlink: /home/maxim/super_ws/install/px4_msgs/share/px4_msgs/cmake/px4_msgsConfig.cmake\n'}
[2.170437] (px4_msgs) StdoutLine: {'line': b'-- Up-to-date symlink: /home/maxim/super_ws/install/px4_msgs/share/px4_msgs/cmake/px4_msgsConfig-version.cmake\n'}
[2.170513] (px4_msgs) StdoutLine: {'line': b'-- Up-to-date symlink: /home/maxim/super_ws/install/px4_msgs/share/px4_msgs/package.xml\n'}
[2.170863] (px4_msgs) StdoutLine: {'line': b'-- Up-to-date: /home/maxim/super_ws/install/px4_msgs/lib/libpx4_msgs__rosidl_generator_c.so\n'}
[2.171061] (px4_msgs) StdoutLine: {'line': b'-- Up-to-date: /home/maxim/super_ws/install/px4_msgs/lib/libpx4_msgs__rosidl_typesupport_fastrtps_c.so\n'}
[2.171291] (px4_msgs) StdoutLine: {'line': b'-- Up-to-date: /home/maxim/super_ws/install/px4_msgs/lib/libpx4_msgs__rosidl_typesupport_fastrtps_cpp.so\n'}
[2.171447] (px4_msgs) StdoutLine: {'line': b'-- Up-to-date: /home/maxim/super_ws/install/px4_msgs/lib/libpx4_msgs__rosidl_typesupport_introspection_c.so\n'}
[2.171547] (px4_msgs) StdoutLine: {'line': b'-- Up-to-date: /home/maxim/super_ws/install/px4_msgs/lib/libpx4_msgs__rosidl_typesupport_c.so\n'}
[2.171722] (px4_msgs) StdoutLine: {'line': b'-- Up-to-date: /home/maxim/super_ws/install/px4_msgs/lib/libpx4_msgs__rosidl_typesupport_introspection_cpp.so\n'}
[2.171910] (px4_msgs) StdoutLine: {'line': b'-- Up-to-date: /home/maxim/super_ws/install/px4_msgs/lib/libpx4_msgs__rosidl_typesupport_cpp.so\n'}
[2.203159] (-) TimerEvent: {}
[2.208309] (px4_msgs) StdoutLine: {'line': b"Listing '/home/maxim/super_ws/install/px4_msgs/lib/python3.12/site-packages/px4_msgs'...\n"}
[2.208437] (px4_msgs) StdoutLine: {'line': b"Listing '/home/maxim/super_ws/install/px4_msgs/lib/python3.12/site-packages/px4_msgs/msg'...\n"}
[2.208500] (px4_msgs) StdoutLine: {'line': b"Listing '/home/maxim/super_ws/install/px4_msgs/lib/python3.12/site-packages/px4_msgs/srv'...\n"}
[2.212942] (px4_msgs) StdoutLine: {'line': b'-- Up-to-date: /home/maxim/super_ws/install/px4_msgs/lib/libpx4_msgs__rosidl_generator_py.so\n'}
[2.213135] (px4_msgs) StdoutLine: {'line': b'-- Up-to-date: /home/maxim/super_ws/install/px4_msgs/share/px4_msgs/cmake/export_px4_msgs__rosidl_generator_cExport.cmake\n'}
[2.213218] (px4_msgs) StdoutLine: {'line': b'-- Up-to-date: /home/maxim/super_ws/install/px4_msgs/share/px4_msgs/cmake/export_px4_msgs__rosidl_generator_cExport-noconfig.cmake\n'}
[2.213281] (px4_msgs) StdoutLine: {'line': b'-- Up-to-date: /home/maxim/super_ws/install/px4_msgs/share/px4_msgs/cmake/export_px4_msgs__rosidl_typesupport_fastrtps_cExport.cmake\n'}
[2.213342] (px4_msgs) StdoutLine: {'line': b'-- Up-to-date: /home/maxim/super_ws/install/px4_msgs/share/px4_msgs/cmake/export_px4_msgs__rosidl_typesupport_fastrtps_cExport-noconfig.cmake\n'}
[2.213471] (px4_msgs) StdoutLine: {'line': b'-- Up-to-date: /home/maxim/super_ws/install/px4_msgs/share/px4_msgs/cmake/export_px4_msgs__rosidl_generator_cppExport.cmake\n'}
[2.213571] (px4_msgs) StdoutLine: {'line': b'-- Up-to-date: /home/maxim/super_ws/install/px4_msgs/share/px4_msgs/cmake/export_px4_msgs__rosidl_typesupport_fastrtps_cppExport.cmake\n'}
[2.213648] (px4_msgs) StdoutLine: {'line': b'-- Up-to-date: /home/maxim/super_ws/install/px4_msgs/share/px4_msgs/cmake/export_px4_msgs__rosidl_typesupport_fastrtps_cppExport-noconfig.cmake\n'}
[2.213711] (px4_msgs) StdoutLine: {'line': b'-- Up-to-date: /home/maxim/super_ws/install/px4_msgs/share/px4_msgs/cmake/px4_msgs__rosidl_typesupport_introspection_cExport.cmake\n'}
[2.213771] (px4_msgs) StdoutLine: {'line': b'-- Up-to-date: /home/maxim/super_ws/install/px4_msgs/share/px4_msgs/cmake/px4_msgs__rosidl_typesupport_introspection_cExport-noconfig.cmake\n'}
[2.213829] (px4_msgs) StdoutLine: {'line': b'-- Up-to-date: /home/maxim/super_ws/install/px4_msgs/share/px4_msgs/cmake/px4_msgs__rosidl_typesupport_cExport.cmake\n'}
[2.213886] (px4_msgs) StdoutLine: {'line': b'-- Up-to-date: /home/maxim/super_ws/install/px4_msgs/share/px4_msgs/cmake/px4_msgs__rosidl_typesupport_cExport-noconfig.cmake\n'}
[2.213942] (px4_msgs) StdoutLine: {'line': b'-- Up-to-date: /home/maxim/super_ws/install/px4_msgs/share/px4_msgs/cmake/px4_msgs__rosidl_typesupport_introspection_cppExport.cmake\n'}
[2.213998] (px4_msgs) StdoutLine: {'line': b'-- Up-to-date: /home/maxim/super_ws/install/px4_msgs/share/px4_msgs/cmake/px4_msgs__rosidl_typesupport_introspection_cppExport-noconfig.cmake\n'}
[2.214071] (px4_msgs) StdoutLine: {'line': b'-- Up-to-date: /home/maxim/super_ws/install/px4_msgs/share/px4_msgs/cmake/px4_msgs__rosidl_typesupport_cppExport.cmake\n'}
[2.214131] (px4_msgs) StdoutLine: {'line': b'-- Up-to-date: /home/maxim/super_ws/install/px4_msgs/share/px4_msgs/cmake/px4_msgs__rosidl_typesupport_cppExport-noconfig.cmake\n'}
[2.214206] (px4_msgs) StdoutLine: {'line': b'-- Up-to-date: /home/maxim/super_ws/install/px4_msgs/share/px4_msgs/cmake/export_px4_msgs__rosidl_generator_pyExport.cmake\n'}
[2.214259] (px4_msgs) StdoutLine: {'line': b'-- Up-to-date: /home/maxim/super_ws/install/px4_msgs/share/px4_msgs/cmake/export_px4_msgs__rosidl_generator_pyExport-noconfig.cmake\n'}
[2.215170] (px4_msgs) CommandEnded: {'returncode': 0}
[2.261514] (px4_msgs) JobEnded: {'identifier': 'px4_msgs', 'rc': 0}
[2.262149] (flight_control_node) JobStarted: {'identifier': 'flight_control_node'}
[2.303268] (-) TimerEvent: {}
[2.403440] (-) TimerEvent: {}
[2.503661] (-) TimerEvent: {}
[2.603843] (-) TimerEvent: {}
[2.704049] (-) TimerEvent: {}
[2.804247] (-) TimerEvent: {}
[2.904449] (-) TimerEvent: {}
[2.993123] (flight_control_node) Command: {'cmd': ['/usr/bin/python3', '-W', 'ignore:setup.py install is deprecated', '-W', 'ignore:easy_install command is deprecated', 'setup.py', 'develop', '--editable', '--build-directory', '/home/maxim/super_ws/build/flight_control_node/build', '--no-deps', 'symlink_data'], 'cwd': '/home/maxim/super_ws/build/flight_control_node', 'env': {'LESSOPEN': '| /usr/bin/lesspipe %s', 'GZ_SIM_RESOURCE_PATH': '/opt/ros/jazzy/share', 'USER': 'maxim', 'GZ_CONFIG_PATH': '/opt/ros/jazzy/opt/gz_sim_vendor/share/gz:/opt/ros/jazzy/opt/sdformat_vendor/share/gz:/opt/ros/jazzy/opt/gz_gui_vendor/share/gz:/opt/ros/jazzy/opt/gz_transport_vendor/share/gz:/opt/ros/jazzy/opt/gz_rendering_vendor/share/gz:/opt/ros/jazzy/opt/gz_plugin_vendor/share/gz:/opt/ros/jazzy/opt/gz_fuel_tools_vendor/share/gz:/opt/ros/jazzy/opt/gz_msgs_vendor/share/gz:/opt/ros/jazzy/opt/gz_common_vendor/share/gz', 'XDG_SESSION_TYPE': 'x11', 'CLUTTER_DISABLE_MIPMAPPED_TEXT': '1', 'SHLVL': '1', 'LD_LIBRARY_PATH': '/home/maxim/super_ws/install/px4_msgs/lib:/opt/ros/jazzy/opt/gz_sim_vendor/lib:/opt/ros/jazzy/opt/gz_sensors_vendor/lib:/opt/ros/jazzy/opt/gz_physics_vendor/lib:/opt/ros/jazzy/opt/sdformat_vendor/lib:/opt/ros/jazzy/opt/rviz_ogre_vendor/lib:/opt/ros/jazzy/lib/x86_64-linux-gnu:/opt/ros/jazzy/opt/gz_gui_vendor/lib:/opt/ros/jazzy/opt/gz_transport_vendor/lib:/opt/ros/jazzy/opt/gz_rendering_vendor/lib:/opt/ros/jazzy/opt/gz_plugin_vendor/lib:/opt/ros/jazzy/opt/gz_fuel_tools_vendor/lib:/opt/ros/jazzy/opt/gz_msgs_vendor/lib:/opt/ros/jazzy/opt/gz_common_vendor/lib:/opt/ros/jazzy/opt/gz_math_vendor/lib:/opt/ros/jazzy/opt/gz_utils_vendor/lib:/opt/ros/jazzy/opt/gz_tools_vendor/lib:/opt/ros/jazzy/opt/gz_ogre_next_vendor/lib:/opt/ros/jazzy/opt/gz_dartsim_vendor/lib:/opt/ros/jazzy/opt/gz_cmake_vendor/lib:/opt/ros/jazzy/lib', 'HOME': '/home/maxim', 'OLDPWD': '/home/maxim/super_ws', 'DESKTOP_SESSION': 'ubuntu', 'ROS_PYTHON_VERSION': '3', 'GNOME_SHELL_SESSION_MODE': 'ubuntu', 'GTK_MODULES': 'gail:atk-bridge', 'PS1': '(.local) \\[\\e]0;\\u@\\h: \\w\\a\\]${debian_chroot:+($debian_chroot)}\\[\\033[01;35m\\]\\u@\\h\\[\\033[00m\\]:\\[\\033[01;34m\\]\\w\\[\\033[00m\\]\\$', 'SYSTEMD_EXEC_PID': '1834', 'GSM_SKIP_SSH_AGENT_WORKAROUND': 'true', 'DBUS_SESSION_BUS_ADDRESS': 'unix:path=/run/user/1000/bus', 'COLORTERM': 'truecolor', '_colcon_cd_root': '/opt/ros/jazzy/', 'DEBUGINFOD_URLS': 'https://debuginfod.ubuntu.com', 'COLCON_PREFIX_PATH': '/home/maxim/super_ws/install', 'ROS_DISTRO': 'jazzy', 'LOGNAME': 'maxim', '_': '/usr/bin/colcon', 'ROS_VERSION': '2', 'MEMORY_PRESSURE_WATCH': '/sys/fs/cgroup/user.slice/user-1000.slice/user@1000.service/session.slice/org.gnome.Shell@x11.service/memory.pressure', 'XDG_SESSION_CLASS': 'user', 'USERNAME': 'maxim', 'TERM': 'xterm-256color', 'GNOME_DESKTOP_SESSION_ID': 'this-is-deprecated', 'WINDOWPATH': '2', 'PATH': '/opt/ros/jazzy/opt/gz_msgs_vendor/bin:/opt/ros/jazzy/opt/gz_tools_vendor/bin:/opt/ros/jazzy/opt/gz_ogre_next_vendor/bin:/opt/ros/jazzy/bin:/home/maxim/.local/bin:/home/maxim/.local/bin:/usr/local/sbin:/usr/local/bin:/usr/sbin:/usr/bin:/sbin:/bin:/usr/games:/usr/local/games:/snap/bin:/snap/bin:/opt/xtensa-esp-elf/bin/', 'SESSION_MANAGER': 'local/akula:@/tmp/.ICE-unix/1790,unix/akula:/tmp/.ICE-unix/1790', 'XDG_MENU_PREFIX': 'gnome-', 'GNOME_TERMINAL_SCREEN': '/org/gnome/Terminal/screen/b6ec89e8_8214_49fd_b0fe_9010775e6d22', 'XDG_RUNTIME_DIR': '/run/user/1000', 'DISPLAY': ':0', 'LANG': 'en_US.UTF-8', 'XDG_CURRENT_DESKTOP': 'ubuntu:GNOME', 'VIRTUAL_ENV_PROMPT': '(.local)', 'XMODIFIERS': '@im=ibus', 'XDG_SESSION_DESKTOP': 'ubuntu', 'XAUTHORITY': '/run/user/1000/gdm/Xauthority', 'LS_COLORS': 'rs=0:di=01;34:ln=01;36:mh=00:pi=40;33:so=01;35:do=01;35:bd=40;33;01:cd=40;33;01:or=40;31;01:mi=00:su=37;41:sg=30;43:ca=00:tw=30;42:ow=34;42:st=37;44:ex=01;32:*.tar=01;31:*.tgz=01;31:*.arc=01;31:*.arj=01;31:*.taz=01;31:*.lha=01;31:*.lz4=01;31:*.lzh=01;31:*.lzma=01;31:*.tlz=01;31:*.txz=01;31:*.tzo=01;31:*.t7z=01;31:*.zip=01;31:*.z=01;31:*.dz=01;31:*.gz=01;31:*.lrz=01;31:*.lz=01;31:*.lzo=01;31:*.xz=01;31:*.zst=01;31:*.tzst=01;31:*.bz2=01;31:*.bz=01;31:*.tbz=01;31:*.tbz2=01;31:*.tz=01;31:*.deb=01;31:*.rpm=01;31:*.jar=01;31:*.war=01;31:*.ear=01;31:*.sar=01;31:*.rar=01;31:*.alz=01;31:*.ace=01;31:*.zoo=01;31:*.cpio=01;31:*.7z=01;31:*.rz=01;31:*.cab=01;31:*.wim=01;31:*.swm=01;31:*.dwm=01;31:*.esd=01;31:*.avif=01;35:*.jpg=01;35:*.jpeg=01;35:*.mjpg=01;35:*.mjpeg=01;35:*.gif=01;35:*.bmp=01;35:*.pbm=01;35:*.pgm=01;35:*.ppm=01;35:*.tga=01;35:*.xbm=01;35:*.xpm=01;35:*.tif=01;35:*.tiff=01;35:*.png=01;35:*.svg=01;35:*.svgz=01;35:*.mng=01;35:*.pcx=01;35:*.mov=01;35:*.mpg=01;35:*.mpeg=01;35:*.m2v=01;35:*.mkv=01;35:*.webm=01;35:*.webp=01;35:*.ogm=01;35:*.mp4=01;35:*.m4v=01;35:*.mp4v=01;35:*.vob=01;35:*.qt=01;35:*.nuv=01;35:*.wmv=01;35:*.asf=01;35:*.rm=01;35:*.rmvb=01;35:*.flc=01;35:*.avi=01;35:*.fli=01;35:*.flv=01;35:*.gl=01;35:*.dl=01;35:*.xcf=01;35:*.xwd=01;35:*.yuv=01;35:*.cgm=01;35:*.emf=01;35:*.ogv=01;35:*.ogx=01;35:*.aac=00;36:*.au=00;36:*.flac=00;36:*.m4a=00;36:*.mid=00;36:*.midi=00;36:*.mka=00;36:*.mp3=00;36:*.mpc=00;36:*.ogg=00;36:*.ra=00;36:*.wav=00;36:*.oga=00;36:*.opus=00;36:*.spx=00;36:*.xspf=00;36:*~=00;90:*#=00;90:*.bak=00;90:*.crdownload=00;90:*.dpkg-dist=00;90:*.dpkg-new=00;90:*.dpkg-old=00;90:*.dpkg-tmp=00;90:*.old=00;90:*.orig=00;90:*.part=00;90:*.rej=00;90:*.rpmnew=00;90:*.rpmorig=00;90:*.rpmsave=00;90:*.swp=00;90:*.tmp=00;90:*.ucf-dist=00;90:*.ucf-new=00;90:*.ucf-old=00;90:', 'GNOME_TERMINAL_SERVICE': ':1.122', 'SSH_AUTH_SOCK': '/run/user/1000/keyring/ssh', 'AMENT_PREFIX_PATH': '/opt/ros/jazzy:/home/maxim/super_ws/install/flight_control_node:/home/maxim/super_ws/install/px4_msgs', 'SHELL': '/bin/bash', 'QT_ACCESSIBILITY': '1', 'GDMSESSION': 'ubuntu', 'LESSCLOSE': '/usr/bin/lesspipe %s %s', 'GPG_AGENT_INFO': '/run/user/1000/gnupg/S.gpg-agent:0:1', 'VIRTUAL_ENV': '/home/maxim/.local', 'ROS_AUTOMATIC_DISCOVERY_RANGE': 'SUBNET', 'QT_IM_MODULE': 'ibus', 'PWD': '/home/maxim/super_ws/build/flight_control_node', 'QT_QPA_PLATFORM': 'xcb', 'XDG_CONFIG_DIRS': '/etc/xdg/xdg-ubuntu:/etc/xdg', 'XDG_DATA_DIRS': '/usr/share/ubuntu:/usr/share/gnome:/usr/local/share/:/usr/share/:/var/lib/snapd/desktop', 'PYTHONPATH': '/home/maxim/super_ws/build/flight_control_node/prefix_override:/usr/lib/python3/dist-packages/colcon_core/task/python/colcon_distutils_commands:/home/maxim/super_ws/install/flight_control_node/lib/python3.12/site-packages:/home/maxim/super_ws/install/px4_msgs/lib/python3.12/site-packages:/opt/ros/jazzy/lib/python3.12/site-packages:/home/maxim/super_ws/build/flight_control_node:/home/maxim/super_ws/install/flight_control_node/lib/python3.12/site-packages', 'COLCON': '1', 'MEMORY_PRESSURE_WRITE': 'c29tZSAyMDAwMDAgMjAwMDAwMAA=', 'VTE_VERSION': '7600', 'CMAKE_PREFIX_PATH': '/home/maxim/super_ws/install/px4_msgs:/opt/ros/jazzy/opt/gz_sim_vendor:/opt/ros/jazzy/opt/gz_sensors_vendor:/opt/ros/jazzy/opt/gz_physics_vendor:/opt/ros/jazzy/opt/sdformat_vendor:/opt/ros/jazzy/opt/gz_gui_vendor:/opt/ros/jazzy/opt/gz_transport_vendor:/opt/ros/jazzy/opt/gz_rendering_vendor:/opt/ros/jazzy/opt/gz_plugin_vendor:/opt/ros/jazzy/opt/gz_fuel_tools_vendor:/opt/ros/jazzy/opt/gz_msgs_vendor:/opt/ros/jazzy/opt/gz_common_vendor:/opt/ros/jazzy/opt/gz_math_vendor:/opt/ros/jazzy/opt/gz_utils_vendor:/opt/ros/jazzy/opt/gz_tools_vendor:/opt/ros/jazzy/opt/gz_ogre_next_vendor:/opt/ros/jazzy/opt/gz_dartsim_vendor:/opt/ros/jazzy/opt/gz_cmake_vendor'}, 'shell': False}
[3.004557] (-) TimerEvent: {}
[3.104709] (-) TimerEvent: {}
[3.204883] (-) TimerEvent: {}
[3.288847] (flight_control_node) StdoutLine: {'line': b'running develop\n'}
[3.304999] (-) TimerEvent: {}
[3.405206] (-) TimerEvent: {}
[3.486031] (flight_control_node) StdoutLine: {'line': b'running egg_info\n'}
[3.505308] (-) TimerEvent: {}
[3.507853] (flight_control_node) StdoutLine: {'line': b'writing flight_control_node.egg-info/PKG-INFO\n'}
[3.508281] (flight_control_node) StdoutLine: {'line': b'writing dependency_links to flight_control_node.egg-info/dependency_links.txt\n'}
[3.508413] (flight_control_node) StdoutLine: {'line': b'writing entry points to flight_control_node.egg-info/entry_points.txt\n'}
[3.508588] (flight_control_node) StdoutLine: {'line': b'writing requirements to flight_control_node.egg-info/requires.txt\n'}
[3.508659] (flight_control_node) StdoutLine: {'line': b'writing top-level names to flight_control_node.egg-info/top_level.txt\n'}
[3.553303] (flight_control_node) StdoutLine: {'line': b"reading manifest file 'flight_control_node.egg-info/SOURCES.txt'\n"}
[3.554080] (flight_control_node) StdoutLine: {'line': b"writing manifest file 'flight_control_node.egg-info/SOURCES.txt'\n"}
[3.576711] (flight_control_node) StdoutLine: {'line': b'running build_ext\n'}
[3.576829] (flight_control_node) StdoutLine: {'line': b'Creating /home/maxim/super_ws/install/flight_control_node/lib/python3.12/site-packages/flight-control-node.egg-link (link to .)\n'}
[3.577287] (flight_control_node) StdoutLine: {'line': b'Installing start_flight script to /home/maxim/super_ws/install/flight_control_node/lib/flight_control_node\n'}
[3.577506] (flight_control_node) StdoutLine: {'line': b'\n'}
[3.577592] (flight_control_node) StdoutLine: {'line': b'Installed /home/maxim/super_ws/build/flight_control_node\n'}
[3.577717] (flight_control_node) StdoutLine: {'line': b'running symlink_data\n'}
[3.602612] (flight_control_node) CommandEnded: {'returncode': 0}
[3.605377] (-) TimerEvent: {}
[3.608567] (flight_control_node) JobEnded: {'identifier': 'flight_control_node', 'rc': 0}
[3.608848] (-) EventReactorShutdown: {}
