[0.000000] (-) TimerEvent: {}
[0.000293] (px4_msgs) JobQueued: {'identifier': 'px4_msgs', 'dependencies': OrderedDict()}
[0.000320] (flight_control_node) JobQueued: {'identifier': 'flight_control_node', 'dependencies': OrderedDict({'px4_msgs': '/home/maxim/super_ws/install/px4_msgs'})}
[0.000344] (px4_msgs) JobStarted: {'identifier': 'px4_msgs'}
[0.004704] (px4_msgs) JobProgress: {'identifier': 'px4_msgs', 'progress': 'cmake'}
[0.005869] (px4_msgs) JobProgress: {'identifier': 'px4_msgs', 'progress': 'build'}
[0.005896] (px4_msgs) Command: {'cmd': ['/usr/bin/cmake', '--build', '/home/maxim/super_ws/build/px4_msgs', '--', '-j8', '-l8'], 'cwd': '/home/maxim/super_ws/build/px4_msgs', 'env': OrderedDict({'GJS_DEBUG_TOPICS': 'JS ERROR;JS LOG', 'XDG_ACTIVATION_TOKEN': 'gnome-shell/Terminator/1878-2-akula_TIME994393', 'LESSOPEN': '| /usr/bin/lesspipe %s', 'USER': 'maxim', 'XDG_SESSION_TYPE': 'x11', 'CLUTTER_DISABLE_MIPMAPPED_TEXT': '1', 'SHLVL': '1', 'HOME': '/home/maxim', 'OLDPWD': '/home/maxim', 'DESKTOP_SESSION': 'ubuntu', 'GIO_LAUNCHED_DESKTOP_FILE': '/usr/share/applications/terminator.desktop', 'GNOME_SHELL_SESSION_MODE': 'ubuntu', 'GTK_MODULES': 'gail:atk-bridge', 'PS1': '(.local) \\[\\e]0;\\u@\\h: \\w\\a\\]${debian_chroot:+($debian_chroot)}\\[\\033[01;35m\\]\\u@\\h\\[\\033[00m\\]:\\[\\033[01;34m\\]\\w\\[\\033[00m\\]\\$', 'MANAGERPID': '1451', 'SYSTEMD_EXEC_PID': '1878', 'GSM_SKIP_SSH_AGENT_WORKAROUND': 'true', 'DBUS_SESSION_BUS_ADDRESS': 'unix:path=/run/user/1000/bus', 'COLORTERM': 'truecolor', 'TERMINATOR_DBUS_NAME': 'net.tenshu.Terminator21a9d5db22c73a993ff0b42f64b396873', 'GIO_LAUNCHED_DESKTOP_FILE_PID': '33306', '_colcon_cd_root': '/opt/ros/jazzy/', 'DEBUGINFOD_URLS': 'https://debuginfod.ubuntu.com', 'LOGNAME': 'maxim', 'JOURNAL_STREAM': '9:18990', '_': '/usr/bin/colcon', 'MEMORY_PRESSURE_WATCH': '/sys/fs/cgroup/user.slice/user-1000.slice/user@1000.service/session.slice/org.gnome.Shell@x11.service/memory.pressure', 'XDG_SESSION_CLASS': 'user', 'USERNAME': 'maxim', 'TERM': 'xterm-256color', 'GNOME_DESKTOP_SESSION_ID': 'this-is-deprecated', 'WINDOWPATH': '2', 'PATH': '/home/maxim/.local/bin:/home/maxim/.local/bin:/usr/local/sbin:/usr/local/bin:/usr/sbin:/usr/bin:/sbin:/bin:/usr/games:/usr/local/games:/snap/bin:/snap/bin:/opt/xtensa-esp-elf/bin/', 'SESSION_MANAGER': 'local/akula:@/tmp/.ICE-unix/1833,unix/akula:/tmp/.ICE-unix/1833', 'INVOCATION_ID': 'f2401b29c7284bafa3b57a5abd2edac0', 'XDG_MENU_PREFIX': 'gnome-', 'XDG_RUNTIME_DIR': '/run/user/1000', 'DISPLAY': ':0', 'TERMINATOR_DBUS_PATH': '/net/tenshu/Terminator2', 'LANG': 'en_US.UTF-8', 'XDG_CURRENT_DESKTOP': 'ubuntu:GNOME', 'VIRTUAL_ENV_PROMPT': '(.local)', 'XMODIFIERS': '@im=ibus', 'XDG_SESSION_DESKTOP': 'ubuntu', 'XAUTHORITY': '/run/user/1000/gdm/Xauthority', 'LS_COLORS': 'rs=0:di=01;34:ln=01;36:mh=00:pi=40;33:so=01;35:do=01;35:bd=40;33;01:cd=40;33;01:or=40;31;01:mi=00:su=37;41:sg=30;43:ca=00:tw=30;42:ow=34;42:st=37;44:ex=01;32:*.tar=01;31:*.tgz=01;31:*.arc=01;31:*.arj=01;31:*.taz=01;31:*.lha=01;31:*.lz4=01;31:*.lzh=01;31:*.lzma=01;31:*.tlz=01;31:*.txz=01;31:*.tzo=01;31:*.t7z=01;31:*.zip=01;31:*.z=01;31:*.dz=01;31:*.gz=01;31:*.lrz=01;31:*.lz=01;31:*.lzo=01;31:*.xz=01;31:*.zst=01;31:*.tzst=01;31:*.bz2=01;31:*.bz=01;31:*.tbz=01;31:*.tbz2=01;31:*.tz=01;31:*.deb=01;31:*.rpm=01;31:*.jar=01;31:*.war=01;31:*.ear=01;31:*.sar=01;31:*.rar=01;31:*.alz=01;31:*.ace=01;31:*.zoo=01;31:*.cpio=01;31:*.7z=01;31:*.rz=01;31:*.cab=01;31:*.wim=01;31:*.swm=01;31:*.dwm=01;31:*.esd=01;31:*.avif=01;35:*.jpg=01;35:*.jpeg=01;35:*.mjpg=01;35:*.mjpeg=01;35:*.gif=01;35:*.bmp=01;35:*.pbm=01;35:*.pgm=01;35:*.ppm=01;35:*.tga=01;35:*.xbm=01;35:*.xpm=01;35:*.tif=01;35:*.tiff=01;35:*.png=01;35:*.svg=01;35:*.svgz=01;35:*.mng=01;35:*.pcx=01;35:*.mov=01;35:*.mpg=01;35:*.mpeg=01;35:*.m2v=01;35:*.mkv=01;35:*.webm=01;35:*.webp=01;35:*.ogm=01;35:*.mp4=01;35:*.m4v=01;35:*.mp4v=01;35:*.vob=01;35:*.qt=01;35:*.nuv=01;35:*.wmv=01;35:*.asf=01;35:*.rm=01;35:*.rmvb=01;35:*.flc=01;35:*.avi=01;35:*.fli=01;35:*.flv=01;35:*.gl=01;35:*.dl=01;35:*.xcf=01;35:*.xwd=01;35:*.yuv=01;35:*.cgm=01;35:*.emf=01;35:*.ogv=01;35:*.ogx=01;35:*.aac=00;36:*.au=00;36:*.flac=00;36:*.m4a=00;36:*.mid=00;36:*.midi=00;36:*.mka=00;36:*.mp3=00;36:*.mpc=00;36:*.ogg=00;36:*.ra=00;36:*.wav=00;36:*.oga=00;36:*.opus=00;36:*.spx=00;36:*.xspf=00;36:*~=00;90:*#=00;90:*.bak=00;90:*.crdownload=00;90:*.dpkg-dist=00;90:*.dpkg-new=00;90:*.dpkg-old=00;90:*.dpkg-tmp=00;90:*.old=00;90:*.orig=00;90:*.part=00;90:*.rej=00;90:*.rpmnew=00;90:*.rpmorig=00;90:*.rpmsave=00;90:*.swp=00;90:*.tmp=00;90:*.ucf-dist=00;90:*.ucf-new=00;90:*.ucf-old=00;90:', 'SSH_AUTH_SOCK': '/run/user/1000/keyring/ssh', 'SHELL': '/bin/bash', 'TERMINATOR_UUID': 'urn:uuid:b72b14b7-8241-40b0-b85d-97e5d905c368', 'QT_ACCESSIBILITY': '1', 'GDMSESSION': 'ubuntu', 'LESSCLOSE': '/usr/bin/lesspipe %s %s', 'GPG_AGENT_INFO': '/run/user/1000/gnupg/S.gpg-agent:0:1', 'GJS_DEBUG_OUTPUT': 'stderr', 'VIRTUAL_ENV': '/home/maxim/.local', 'QT_IM_MODULE': 'ibus', 'PWD': '/home/maxim/super_ws/build/px4_msgs', 'QT_QPA_PLATFORM': 'xcb', 'XDG_CONFIG_DIRS': '/etc/xdg/xdg-ubuntu:/etc/xdg', 'XDG_DATA_DIRS': '/usr/share/ubuntu:/usr/share/gnome:/usr/local/share/:/usr/share/:/var/lib/snapd/desktop', 'COLCON': '1', 'MEMORY_PRESSURE_WRITE': 'c29tZSAyMDAwMDAgMjAwMDAwMAA=', 'VTE_VERSION': '7600'}), 'shell': False}
[0.099820] (-) TimerEvent: {}
[0.200043] (-) TimerEvent: {}
[0.300242] (-) TimerEvent: {}
[0.400462] (-) TimerEvent: {}
[0.500683] (-) TimerEvent: {}
[0.600903] (-) TimerEvent: {}
[0.701120] (-) TimerEvent: {}
[0.801335] (-) TimerEvent: {}
[0.901558] (-) TimerEvent: {}
[1.001747] (-) TimerEvent: {}
[1.101966] (-) TimerEvent: {}
[1.202131] (-) TimerEvent: {}
[1.302349] (-) TimerEvent: {}
[1.371064] (px4_msgs) StdoutLine: {'line': b'[  0%] Built target px4_msgs__rs\n'}
[1.373339] (px4_msgs) StdoutLine: {'line': b'[  0%] Built target ament_cmake_python_symlink_px4_msgs\n'}
[1.374888] (px4_msgs) StdoutLine: {'line': b'[  0%] Built target px4_msgs__rosidl_generator_type_description\n'}
[1.402454] (-) TimerEvent: {}
[1.426210] (px4_msgs) StdoutLine: {'line': b'[  0%] Built target px4_msgs__cpp\n'}
[1.502560] (-) TimerEvent: {}
[1.547343] (px4_msgs) StdoutLine: {'line': b'running egg_info\n'}
[1.556867] (px4_msgs) StdoutLine: {'line': b'[ 29%] Built target px4_msgs__rosidl_generator_c\n'}
[1.563134] (px4_msgs) StdoutLine: {'line': b'writing px4_msgs.egg-info/PKG-INFO\n'}
[1.563261] (px4_msgs) StdoutLine: {'line': b'writing dependency_links to px4_msgs.egg-info/dependency_links.txt\n'}
[1.563321] (px4_msgs) StdoutLine: {'line': b'writing top-level names to px4_msgs.egg-info/top_level.txt\n'}
[1.602678] (-) TimerEvent: {}
[1.607891] (px4_msgs) StdoutLine: {'line': b"reading manifest file 'px4_msgs.egg-info/SOURCES.txt'\n"}
[1.613308] (px4_msgs) StdoutLine: {'line': b"writing manifest file 'px4_msgs.egg-info/SOURCES.txt'\n"}
[1.635536] (px4_msgs) StdoutLine: {'line': b'[ 39%] Built target px4_msgs__rosidl_typesupport_c\n'}
[1.645028] (px4_msgs) StdoutLine: {'line': b'[ 40%] Built target ament_cmake_python_build_px4_msgs_egg\n'}
[1.645224] (px4_msgs) StdoutLine: {'line': b'[ 49%] Built target px4_msgs__rosidl_typesupport_introspection_c\n'}
[1.669698] (px4_msgs) StdoutLine: {'line': b'[ 59%] Built target px4_msgs__rosidl_typesupport_cpp\n'}
[1.681087] (px4_msgs) StdoutLine: {'line': b'[ 69%] Built target px4_msgs__rosidl_typesupport_introspection_cpp\n'}
[1.691014] (px4_msgs) StdoutLine: {'line': b'[ 79%] Built target px4_msgs__rosidl_typesupport_fastrtps_c\n'}
[1.697872] (px4_msgs) StdoutLine: {'line': b'[ 89%] Built target px4_msgs__rosidl_typesupport_fastrtps_cpp\n'}
[1.702781] (-) TimerEvent: {}
[1.712093] (px4_msgs) StdoutLine: {'line': b'[ 89%] Built target px4_msgs\n'}
[1.737909] (px4_msgs) StdoutLine: {'line': b'[ 89%] Built target px4_msgs__py\n'}
[1.802899] (-) TimerEvent: {}
[1.853924] (px4_msgs) StdoutLine: {'line': b'[ 99%] Built target px4_msgs__rosidl_generator_py\n'}
[1.874229] (px4_msgs) StdoutLine: {'line': b'[100%] Built target px4_msgs_s__rosidl_typesupport_c\n'}
[1.874364] (px4_msgs) StdoutLine: {'line': b'[100%] Built target px4_msgs_s__rosidl_typesupport_fastrtps_c\n'}
[1.874425] (px4_msgs) StdoutLine: {'line': b'[100%] Built target px4_msgs_s__rosidl_typesupport_introspection_c\n'}
[1.882863] (px4_msgs) CommandEnded: {'returncode': 0}
[1.883946] (px4_msgs) JobProgress: {'identifier': 'px4_msgs', 'progress': 'install'}
[1.890233] (px4_msgs) Command: {'cmd': ['/usr/bin/cmake', '--install', '/home/maxim/super_ws/build/px4_msgs'], 'cwd': '/home/maxim/super_ws/build/px4_msgs', 'env': OrderedDict({'GJS_DEBUG_TOPICS': 'JS ERROR;JS LOG', 'XDG_ACTIVATION_TOKEN': 'gnome-shell/Terminator/1878-2-akula_TIME994393', 'LESSOPEN': '| /usr/bin/lesspipe %s', 'USER': 'maxim', 'XDG_SESSION_TYPE': 'x11', 'CLUTTER_DISABLE_MIPMAPPED_TEXT': '1', 'SHLVL': '1', 'HOME': '/home/maxim', 'OLDPWD': '/home/maxim', 'DESKTOP_SESSION': 'ubuntu', 'GIO_LAUNCHED_DESKTOP_FILE': '/usr/share/applications/terminator.desktop', 'GNOME_SHELL_SESSION_MODE': 'ubuntu', 'GTK_MODULES': 'gail:atk-bridge', 'PS1': '(.local) \\[\\e]0;\\u@\\h: \\w\\a\\]${debian_chroot:+($debian_chroot)}\\[\\033[01;35m\\]\\u@\\h\\[\\033[00m\\]:\\[\\033[01;34m\\]\\w\\[\\033[00m\\]\\$', 'MANAGERPID': '1451', 'SYSTEMD_EXEC_PID': '1878', 'GSM_SKIP_SSH_AGENT_WORKAROUND': 'true', 'DBUS_SESSION_BUS_ADDRESS': 'unix:path=/run/user/1000/bus', 'COLORTERM': 'truecolor', 'TERMINATOR_DBUS_NAME': 'net.tenshu.Terminator21a9d5db22c73a993ff0b42f64b396873', 'GIO_LAUNCHED_DESKTOP_FILE_PID': '33306', '_colcon_cd_root': '/opt/ros/jazzy/', 'DEBUGINFOD_URLS': 'https://debuginfod.ubuntu.com', 'LOGNAME': 'maxim', 'JOURNAL_STREAM': '9:18990', '_': '/usr/bin/colcon', 'MEMORY_PRESSURE_WATCH': '/sys/fs/cgroup/user.slice/user-1000.slice/user@1000.service/session.slice/org.gnome.Shell@x11.service/memory.pressure', 'XDG_SESSION_CLASS': 'user', 'USERNAME': 'maxim', 'TERM': 'xterm-256color', 'GNOME_DESKTOP_SESSION_ID': 'this-is-deprecated', 'WINDOWPATH': '2', 'PATH': '/home/maxim/.local/bin:/home/maxim/.local/bin:/usr/local/sbin:/usr/local/bin:/usr/sbin:/usr/bin:/sbin:/bin:/usr/games:/usr/local/games:/snap/bin:/snap/bin:/opt/xtensa-esp-elf/bin/', 'SESSION_MANAGER': 'local/akula:@/tmp/.ICE-unix/1833,unix/akula:/tmp/.ICE-unix/1833', 'INVOCATION_ID': 'f2401b29c7284bafa3b57a5abd2edac0', 'XDG_MENU_PREFIX': 'gnome-', 'XDG_RUNTIME_DIR': '/run/user/1000', 'DISPLAY': ':0', 'TERMINATOR_DBUS_PATH': '/net/tenshu/Terminator2', 'LANG': 'en_US.UTF-8', 'XDG_CURRENT_DESKTOP': 'ubuntu:GNOME', 'VIRTUAL_ENV_PROMPT': '(.local)', 'XMODIFIERS': '@im=ibus', 'XDG_SESSION_DESKTOP': 'ubuntu', 'XAUTHORITY': '/run/user/1000/gdm/Xauthority', 'LS_COLORS': 'rs=0:di=01;34:ln=01;36:mh=00:pi=40;33:so=01;35:do=01;35:bd=40;33;01:cd=40;33;01:or=40;31;01:mi=00:su=37;41:sg=30;43:ca=00:tw=30;42:ow=34;42:st=37;44:ex=01;32:*.tar=01;31:*.tgz=01;31:*.arc=01;31:*.arj=01;31:*.taz=01;31:*.lha=01;31:*.lz4=01;31:*.lzh=01;31:*.lzma=01;31:*.tlz=01;31:*.txz=01;31:*.tzo=01;31:*.t7z=01;31:*.zip=01;31:*.z=01;31:*.dz=01;31:*.gz=01;31:*.lrz=01;31:*.lz=01;31:*.lzo=01;31:*.xz=01;31:*.zst=01;31:*.tzst=01;31:*.bz2=01;31:*.bz=01;31:*.tbz=01;31:*.tbz2=01;31:*.tz=01;31:*.deb=01;31:*.rpm=01;31:*.jar=01;31:*.war=01;31:*.ear=01;31:*.sar=01;31:*.rar=01;31:*.alz=01;31:*.ace=01;31:*.zoo=01;31:*.cpio=01;31:*.7z=01;31:*.rz=01;31:*.cab=01;31:*.wim=01;31:*.swm=01;31:*.dwm=01;31:*.esd=01;31:*.avif=01;35:*.jpg=01;35:*.jpeg=01;35:*.mjpg=01;35:*.mjpeg=01;35:*.gif=01;35:*.bmp=01;35:*.pbm=01;35:*.pgm=01;35:*.ppm=01;35:*.tga=01;35:*.xbm=01;35:*.xpm=01;35:*.tif=01;35:*.tiff=01;35:*.png=01;35:*.svg=01;35:*.svgz=01;35:*.mng=01;35:*.pcx=01;35:*.mov=01;35:*.mpg=01;35:*.mpeg=01;35:*.m2v=01;35:*.mkv=01;35:*.webm=01;35:*.webp=01;35:*.ogm=01;35:*.mp4=01;35:*.m4v=01;35:*.mp4v=01;35:*.vob=01;35:*.qt=01;35:*.nuv=01;35:*.wmv=01;35:*.asf=01;35:*.rm=01;35:*.rmvb=01;35:*.flc=01;35:*.avi=01;35:*.fli=01;35:*.flv=01;35:*.gl=01;35:*.dl=01;35:*.xcf=01;35:*.xwd=01;35:*.yuv=01;35:*.cgm=01;35:*.emf=01;35:*.ogv=01;35:*.ogx=01;35:*.aac=00;36:*.au=00;36:*.flac=00;36:*.m4a=00;36:*.mid=00;36:*.midi=00;36:*.mka=00;36:*.mp3=00;36:*.mpc=00;36:*.ogg=00;36:*.ra=00;36:*.wav=00;36:*.oga=00;36:*.opus=00;36:*.spx=00;36:*.xspf=00;36:*~=00;90:*#=00;90:*.bak=00;90:*.crdownload=00;90:*.dpkg-dist=00;90:*.dpkg-new=00;90:*.dpkg-old=00;90:*.dpkg-tmp=00;90:*.old=00;90:*.orig=00;90:*.part=00;90:*.rej=00;90:*.rpmnew=00;90:*.rpmorig=00;90:*.rpmsave=00;90:*.swp=00;90:*.tmp=00;90:*.ucf-dist=00;90:*.ucf-new=00;90:*.ucf-old=00;90:', 'SSH_AUTH_SOCK': '/run/user/1000/keyring/ssh', 'SHELL': '/bin/bash', 'TERMINATOR_UUID': 'urn:uuid:b72b14b7-8241-40b0-b85d-97e5d905c368', 'QT_ACCESSIBILITY': '1', 'GDMSESSION': 'ubuntu', 'LESSCLOSE': '/usr/bin/lesspipe %s %s', 'GPG_AGENT_INFO': '/run/user/1000/gnupg/S.gpg-agent:0:1', 'GJS_DEBUG_OUTPUT': 'stderr', 'VIRTUAL_ENV': '/home/maxim/.local', 'QT_IM_MODULE': 'ibus', 'PWD': '/home/maxim/super_ws/build/px4_msgs', 'QT_QPA_PLATFORM': 'xcb', 'XDG_CONFIG_DIRS': '/etc/xdg/xdg-ubuntu:/etc/xdg', 'XDG_DATA_DIRS': '/usr/share/ubuntu:/usr/share/gnome:/usr/local/share/:/usr/share/:/var/lib/snapd/desktop', 'COLCON': '1', 'MEMORY_PRESSURE_WRITE': 'c29tZSAyMDAwMDAgMjAwMDAwMAA=', 'VTE_VERSION': '7600'}), 'shell': False}
[1.896591] (px4_msgs) StdoutLine: {'line': b'-- Install configuration: ""\n'}
[1.899489] (px4_msgs) StdoutLine: {'line': b'-- Execute custom install script\n'}
[1.900704] (px4_msgs) StdoutLine: {'line': b'-- Up-to-date symlink: /home/maxim/super_ws/install/px4_msgs/share/ament_index/resource_index/rosidl_interfaces/px4_msgs\n'}
[1.901315] (px4_msgs) StdoutLine: {'line': b'-- Up-to-date symlink: /home/maxim/super_ws/install/px4_msgs/share/px4_msgs/msg/ActionRequest.json\n'}
[1.901620] (px4_msgs) StdoutLine: {'line': b'-- Up-to-date symlink: /home/maxim/super_ws/install/px4_msgs/share/px4_msgs/msg/ActuatorArmed.json\n'}
[1.901906] (px4_msgs) StdoutLine: {'line': b'-- Up-to-date symlink: /home/maxim/super_ws/install/px4_msgs/share/px4_msgs/msg/ActuatorControlsStatus.json\n'}
[1.902176] (px4_msgs) StdoutLine: {'line': b'-- Up-to-date symlink: /home/maxim/super_ws/install/px4_msgs/share/px4_msgs/msg/ActuatorMotors.json\n'}
[1.902408] (px4_msgs) StdoutLine: {'line': b'-- Up-to-date symlink: /home/maxim/super_ws/install/px4_msgs/share/px4_msgs/msg/ActuatorOutputs.json\n'}
[1.902595] (px4_msgs) StdoutLine: {'line': b'-- Up-to-date symlink: /home/maxim/super_ws/install/px4_msgs/share/px4_msgs/msg/ActuatorServos.json\n'}
[1.902773] (px4_msgs) StdoutLine: {'line': b'-- Up-to-date symlink: /home/maxim/super_ws/install/px4_msgs/share/px4_msgs/msg/ActuatorServosTrim.json\n'}
[1.902952] (-) TimerEvent: {}
[1.903024] (px4_msgs) StdoutLine: {'line': b'-- Up-to-date symlink: /home/maxim/super_ws/install/px4_msgs/share/px4_msgs/msg/ActuatorTest.json\n'}
[1.903221] (px4_msgs) StdoutLine: {'line': b'-- Up-to-date symlink: /home/maxim/super_ws/install/px4_msgs/share/px4_msgs/msg/AdcReport.json\n'}
[1.903523] (px4_msgs) StdoutLine: {'line': b'-- Up-to-date symlink: /home/maxim/super_ws/install/px4_msgs/share/px4_msgs/msg/Airspeed.json\n'}
[1.903830] (px4_msgs) StdoutLine: {'line': b'-- Up-to-date symlink: /home/maxim/super_ws/install/px4_msgs/share/px4_msgs/msg/AirspeedValidated.json\n'}
[1.903996] (px4_msgs) StdoutLine: {'line': b'-- Up-to-date symlink: /home/maxim/super_ws/install/px4_msgs/share/px4_msgs/msg/AirspeedWind.json\n'}
[1.904265] (px4_msgs) StdoutLine: {'line': b'-- Up-to-date symlink: /home/maxim/super_ws/install/px4_msgs/share/px4_msgs/msg/ArmingCheckReply.json\n'}
[1.904453] (px4_msgs) StdoutLine: {'line': b'-- Up-to-date symlink: /home/maxim/super_ws/install/px4_msgs/share/px4_msgs/msg/ArmingCheckRequest.json\n'}
[1.904642] (px4_msgs) StdoutLine: {'line': b'-- Up-to-date symlink: /home/maxim/super_ws/install/px4_msgs/share/px4_msgs/msg/AutotuneAttitudeControlStatus.json\n'}
[1.904826] (px4_msgs) StdoutLine: {'line': b'-- Up-to-date symlink: /home/maxim/super_ws/install/px4_msgs/share/px4_msgs/msg/AuxGlobalPosition.json\n'}
[1.904984] (px4_msgs) StdoutLine: {'line': b'-- Up-to-date symlink: /home/maxim/super_ws/install/px4_msgs/share/px4_msgs/msg/BatteryInfo.json\n'}
[1.905242] (px4_msgs) StdoutLine: {'line': b'-- Up-to-date symlink: /home/maxim/super_ws/install/px4_msgs/share/px4_msgs/msg/BatteryStatus.json\n'}
[1.905404] (px4_msgs) StdoutLine: {'line': b'-- Up-to-date symlink: /home/maxim/super_ws/install/px4_msgs/share/px4_msgs/msg/ButtonEvent.json\n'}
[1.905693] (px4_msgs) StdoutLine: {'line': b'-- Up-to-date symlink: /home/maxim/super_ws/install/px4_msgs/share/px4_msgs/msg/CameraCapture.json\n'}
[1.905887] (px4_msgs) StdoutLine: {'line': b'-- Up-to-date symlink: /home/maxim/super_ws/install/px4_msgs/share/px4_msgs/msg/CameraStatus.json\n'}
[1.906045] (px4_msgs) StdoutLine: {'line': b'-- Up-to-date symlink: /home/maxim/super_ws/install/px4_msgs/share/px4_msgs/msg/CameraTrigger.json\n'}
[1.906332] (px4_msgs) StdoutLine: {'line': b'-- Up-to-date symlink: /home/maxim/super_ws/install/px4_msgs/share/px4_msgs/msg/CanInterfaceStatus.json\n'}
[1.906524] (px4_msgs) StdoutLine: {'line': b'-- Up-to-date symlink: /home/maxim/super_ws/install/px4_msgs/share/px4_msgs/msg/CellularStatus.json\n'}
[1.906711] (px4_msgs) StdoutLine: {'line': b'-- Up-to-date symlink: /home/maxim/super_ws/install/px4_msgs/share/px4_msgs/msg/CollisionConstraints.json\n'}
[1.906900] (px4_msgs) StdoutLine: {'line': b'-- Up-to-date symlink: /home/maxim/super_ws/install/px4_msgs/share/px4_msgs/msg/ConfigOverrides.json\n'}
[1.907056] (px4_msgs) StdoutLine: {'line': b'-- Up-to-date symlink: /home/maxim/super_ws/install/px4_msgs/share/px4_msgs/msg/ControlAllocatorStatus.json\n'}
[1.907317] (px4_msgs) StdoutLine: {'line': b'-- Up-to-date symlink: /home/maxim/super_ws/install/px4_msgs/share/px4_msgs/msg/Cpuload.json\n'}
[1.907536] (px4_msgs) StdoutLine: {'line': b'-- Up-to-date symlink: /home/maxim/super_ws/install/px4_msgs/share/px4_msgs/msg/DatamanRequest.json\n'}
[1.907795] (px4_msgs) StdoutLine: {'line': b'-- Up-to-date symlink: /home/maxim/super_ws/install/px4_msgs/share/px4_msgs/msg/DatamanResponse.json\n'}
[1.907974] (px4_msgs) StdoutLine: {'line': b'-- Up-to-date symlink: /home/maxim/super_ws/install/px4_msgs/share/px4_msgs/msg/DebugArray.json\n'}
[1.908215] (px4_msgs) StdoutLine: {'line': b'-- Up-to-date symlink: /home/maxim/super_ws/install/px4_msgs/share/px4_msgs/msg/DebugKeyValue.json\n'}
[1.908401] (px4_msgs) StdoutLine: {'line': b'-- Up-to-date symlink: /home/maxim/super_ws/install/px4_msgs/share/px4_msgs/msg/DebugValue.json\n'}
[1.908650] (px4_msgs) StdoutLine: {'line': b'-- Up-to-date symlink: /home/maxim/super_ws/install/px4_msgs/share/px4_msgs/msg/DebugVect.json\n'}
[1.908879] (px4_msgs) StdoutLine: {'line': b'-- Up-to-date symlink: /home/maxim/super_ws/install/px4_msgs/share/px4_msgs/msg/DeviceInformation.json\n'}
[1.909044] (px4_msgs) StdoutLine: {'line': b'-- Up-to-date symlink: /home/maxim/super_ws/install/px4_msgs/share/px4_msgs/msg/DifferentialPressure.json\n'}
[1.909301] (px4_msgs) StdoutLine: {'line': b'-- Up-to-date symlink: /home/maxim/super_ws/install/px4_msgs/share/px4_msgs/msg/DistanceSensor.json\n'}
[1.909521] (px4_msgs) StdoutLine: {'line': b'-- Up-to-date symlink: /home/maxim/super_ws/install/px4_msgs/share/px4_msgs/msg/DistanceSensorModeChangeRequest.json\n'}
[1.909782] (px4_msgs) StdoutLine: {'line': b'-- Up-to-date symlink: /home/maxim/super_ws/install/px4_msgs/share/px4_msgs/msg/DronecanNodeStatus.json\n'}
[1.909999] (px4_msgs) StdoutLine: {'line': b'-- Up-to-date symlink: /home/maxim/super_ws/install/px4_msgs/share/px4_msgs/msg/Ekf2Timestamps.json\n'}
[1.910200] (px4_msgs) StdoutLine: {'line': b'-- Up-to-date symlink: /home/maxim/super_ws/install/px4_msgs/share/px4_msgs/msg/EscEepromRead.json\n'}
[1.910482] (px4_msgs) StdoutLine: {'line': b'-- Up-to-date symlink: /home/maxim/super_ws/install/px4_msgs/share/px4_msgs/msg/EscEepromWrite.json\n'}
[1.910682] (px4_msgs) StdoutLine: {'line': b'-- Up-to-date symlink: /home/maxim/super_ws/install/px4_msgs/share/px4_msgs/msg/EscReport.json\n'}
[1.910977] (px4_msgs) StdoutLine: {'line': b'-- Up-to-date symlink: /home/maxim/super_ws/install/px4_msgs/share/px4_msgs/msg/EscStatus.json\n'}
[1.911153] (px4_msgs) StdoutLine: {'line': b'-- Up-to-date symlink: /home/maxim/super_ws/install/px4_msgs/share/px4_msgs/msg/EstimatorAidSource1d.json\n'}
[1.911407] (px4_msgs) StdoutLine: {'line': b'-- Up-to-date symlink: /home/maxim/super_ws/install/px4_msgs/share/px4_msgs/msg/EstimatorAidSource2d.json\n'}
[1.911685] (px4_msgs) StdoutLine: {'line': b'-- Up-to-date symlink: /home/maxim/super_ws/install/px4_msgs/share/px4_msgs/msg/EstimatorAidSource3d.json\n'}
[1.911891] (px4_msgs) StdoutLine: {'line': b'-- Up-to-date symlink: /home/maxim/super_ws/install/px4_msgs/share/px4_msgs/msg/EstimatorBias.json\n'}
[1.912127] (px4_msgs) StdoutLine: {'line': b'-- Up-to-date symlink: /home/maxim/super_ws/install/px4_msgs/share/px4_msgs/msg/EstimatorBias3d.json\n'}
[1.912321] (px4_msgs) StdoutLine: {'line': b'-- Up-to-date symlink: /home/maxim/super_ws/install/px4_msgs/share/px4_msgs/msg/EstimatorEventFlags.json\n'}
[1.912546] (px4_msgs) StdoutLine: {'line': b'-- Up-to-date symlink: /home/maxim/super_ws/install/px4_msgs/share/px4_msgs/msg/EstimatorFusionControl.json\n'}
[1.912771] (px4_msgs) StdoutLine: {'line': b'-- Up-to-date symlink: /home/maxim/super_ws/install/px4_msgs/share/px4_msgs/msg/EstimatorGpsStatus.json\n'}
[1.913015] (px4_msgs) StdoutLine: {'line': b'-- Up-to-date symlink: /home/maxim/super_ws/install/px4_msgs/share/px4_msgs/msg/EstimatorInnovations.json\n'}
[1.913241] (px4_msgs) StdoutLine: {'line': b'-- Up-to-date symlink: /home/maxim/super_ws/install/px4_msgs/share/px4_msgs/msg/EstimatorSelectorStatus.json\n'}
[1.913437] (px4_msgs) StdoutLine: {'line': b'-- Up-to-date symlink: /home/maxim/super_ws/install/px4_msgs/share/px4_msgs/msg/EstimatorSensorBias.json\n'}
[1.913679] (px4_msgs) StdoutLine: {'line': b'-- Up-to-date symlink: /home/maxim/super_ws/install/px4_msgs/share/px4_msgs/msg/EstimatorStates.json\n'}
[1.913895] (px4_msgs) StdoutLine: {'line': b'-- Up-to-date symlink: /home/maxim/super_ws/install/px4_msgs/share/px4_msgs/msg/EstimatorStatus.json\n'}
[1.914082] (px4_msgs) StdoutLine: {'line': b'-- Up-to-date symlink: /home/maxim/super_ws/install/px4_msgs/share/px4_msgs/msg/EstimatorStatusFlags.json\n'}
[1.914327] (px4_msgs) StdoutLine: {'line': b'-- Up-to-date symlink: /home/maxim/super_ws/install/px4_msgs/share/px4_msgs/msg/Event.json\n'}
[1.914497] (px4_msgs) StdoutLine: {'line': b'-- Up-to-date symlink: /home/maxim/super_ws/install/px4_msgs/share/px4_msgs/msg/FailsafeFlags.json\n'}
[1.914679] (px4_msgs) StdoutLine: {'line': b'-- Up-to-date symlink: /home/maxim/super_ws/install/px4_msgs/share/px4_msgs/msg/FailureDetectorStatus.json\n'}
[1.914872] (px4_msgs) StdoutLine: {'line': b'-- Up-to-date symlink: /home/maxim/super_ws/install/px4_msgs/share/px4_msgs/msg/FiducialMarkerPosReport.json\n'}
[1.915113] (px4_msgs) StdoutLine: {'line': b'-- Up-to-date symlink: /home/maxim/super_ws/install/px4_msgs/share/px4_msgs/msg/FiducialMarkerYawReport.json\n'}
[1.915291] (px4_msgs) StdoutLine: {'line': b'-- Up-to-date symlink: /home/maxim/super_ws/install/px4_msgs/share/px4_msgs/msg/FigureEightStatus.json\n'}
[1.915447] (px4_msgs) StdoutLine: {'line': b'-- Up-to-date symlink: /home/maxim/super_ws/install/px4_msgs/share/px4_msgs/msg/FixedWingLateralGuidanceStatus.json\n'}
[1.915690] (px4_msgs) StdoutLine: {'line': b'-- Up-to-date symlink: /home/maxim/super_ws/install/px4_msgs/share/px4_msgs/msg/FixedWingLateralSetpoint.json\n'}
[1.915894] (px4_msgs) StdoutLine: {'line': b'-- Up-to-date symlink: /home/maxim/super_ws/install/px4_msgs/share/px4_msgs/msg/FixedWingLateralStatus.json\n'}
[1.916162] (px4_msgs) StdoutLine: {'line': b'-- Up-to-date symlink: /home/maxim/super_ws/install/px4_msgs/share/px4_msgs/msg/FixedWingLongitudinalSetpoint.json\n'}
[1.916363] (px4_msgs) StdoutLine: {'line': b'-- Up-to-date symlink: /home/maxim/super_ws/install/px4_msgs/share/px4_msgs/msg/FixedWingRunwayControl.json\n'}
[1.916580] (px4_msgs) StdoutLine: {'line': b'-- Up-to-date symlink: /home/maxim/super_ws/install/px4_msgs/share/px4_msgs/msg/FlightPhaseEstimation.json\n'}
[1.916790] (px4_msgs) StdoutLine: {'line': b'-- Up-to-date symlink: /home/maxim/super_ws/install/px4_msgs/share/px4_msgs/msg/FollowTarget.json\n'}
[1.916976] (px4_msgs) StdoutLine: {'line': b'-- Up-to-date symlink: /home/maxim/super_ws/install/px4_msgs/share/px4_msgs/msg/FollowTargetEstimator.json\n'}
[1.917184] (px4_msgs) StdoutLine: {'line': b'-- Up-to-date symlink: /home/maxim/super_ws/install/px4_msgs/share/px4_msgs/msg/FollowTargetStatus.json\n'}
[1.917351] (px4_msgs) StdoutLine: {'line': b'-- Up-to-date symlink: /home/maxim/super_ws/install/px4_msgs/share/px4_msgs/msg/FuelTankStatus.json\n'}
[1.917571] (px4_msgs) StdoutLine: {'line': b'-- Up-to-date symlink: /home/maxim/super_ws/install/px4_msgs/share/px4_msgs/msg/GainCompression.json\n'}
[1.917757] (px4_msgs) StdoutLine: {'line': b'-- Up-to-date symlink: /home/maxim/super_ws/install/px4_msgs/share/px4_msgs/msg/GeneratorStatus.json\n'}
[1.917986] (px4_msgs) StdoutLine: {'line': b'-- Up-to-date symlink: /home/maxim/super_ws/install/px4_msgs/share/px4_msgs/msg/GeofenceResult.json\n'}
[1.918235] (px4_msgs) StdoutLine: {'line': b'-- Up-to-date symlink: /home/maxim/super_ws/install/px4_msgs/share/px4_msgs/msg/GeofenceStatus.json\n'}
[1.918452] (px4_msgs) StdoutLine: {'line': b'-- Up-to-date symlink: /home/maxim/super_ws/install/px4_msgs/share/px4_msgs/msg/GimbalControls.json\n'}
[1.918648] (px4_msgs) StdoutLine: {'line': b'-- Up-to-date symlink: /home/maxim/super_ws/install/px4_msgs/share/px4_msgs/msg/GimbalDeviceAttitudeStatus.json\n'}
[1.918880] (px4_msgs) StdoutLine: {'line': b'-- Up-to-date symlink: /home/maxim/super_ws/install/px4_msgs/share/px4_msgs/msg/GimbalDeviceInformation.json\n'}
[1.919110] (px4_msgs) StdoutLine: {'line': b'-- Up-to-date symlink: /home/maxim/super_ws/install/px4_msgs/share/px4_msgs/msg/GimbalDeviceSetAttitude.json\n'}
[1.919272] (px4_msgs) StdoutLine: {'line': b'-- Up-to-date symlink: /home/maxim/super_ws/install/px4_msgs/share/px4_msgs/msg/GimbalManagerInformation.json\n'}
[1.919454] (px4_msgs) StdoutLine: {'line': b'-- Up-to-date symlink: /home/maxim/super_ws/install/px4_msgs/share/px4_msgs/msg/GimbalManagerSetAttitude.json\n'}
[1.919657] (px4_msgs) StdoutLine: {'line': b'-- Up-to-date symlink: /home/maxim/super_ws/install/px4_msgs/share/px4_msgs/msg/GimbalManagerSetManualControl.json\n'}
[1.919863] (px4_msgs) StdoutLine: {'line': b'-- Up-to-date symlink: /home/maxim/super_ws/install/px4_msgs/share/px4_msgs/msg/GimbalManagerStatus.json\n'}
[1.920045] (px4_msgs) StdoutLine: {'line': b'-- Up-to-date symlink: /home/maxim/super_ws/install/px4_msgs/share/px4_msgs/msg/GotoSetpoint.json\n'}
[1.920207] (px4_msgs) StdoutLine: {'line': b'-- Up-to-date symlink: /home/maxim/super_ws/install/px4_msgs/share/px4_msgs/msg/GpioConfig.json\n'}
[1.920409] (px4_msgs) StdoutLine: {'line': b'-- Up-to-date symlink: /home/maxim/super_ws/install/px4_msgs/share/px4_msgs/msg/GpioIn.json\n'}
[1.920614] (px4_msgs) StdoutLine: {'line': b'-- Up-to-date symlink: /home/maxim/super_ws/install/px4_msgs/share/px4_msgs/msg/GpioOut.json\n'}
[1.920800] (px4_msgs) StdoutLine: {'line': b'-- Up-to-date symlink: /home/maxim/super_ws/install/px4_msgs/share/px4_msgs/msg/GpioRequest.json\n'}
[1.921038] (px4_msgs) StdoutLine: {'line': b'-- Up-to-date symlink: /home/maxim/super_ws/install/px4_msgs/share/px4_msgs/msg/GpsDump.json\n'}
[1.921248] (px4_msgs) StdoutLine: {'line': b'-- Up-to-date symlink: /home/maxim/super_ws/install/px4_msgs/share/px4_msgs/msg/GpsInjectData.json\n'}
[1.921462] (px4_msgs) StdoutLine: {'line': b'-- Up-to-date symlink: /home/maxim/super_ws/install/px4_msgs/share/px4_msgs/msg/Gripper.json\n'}
[1.921618] (px4_msgs) StdoutLine: {'line': b'-- Up-to-date symlink: /home/maxim/super_ws/install/px4_msgs/share/px4_msgs/msg/HealthReport.json\n'}
[1.921853] (px4_msgs) StdoutLine: {'line': b'-- Up-to-date symlink: /home/maxim/super_ws/install/px4_msgs/share/px4_msgs/msg/HeaterStatus.json\n'}
[1.922019] (px4_msgs) StdoutLine: {'line': b'-- Up-to-date symlink: /home/maxim/super_ws/install/px4_msgs/share/px4_msgs/msg/HomePosition.json\n'}
[1.922227] (px4_msgs) StdoutLine: {'line': b'-- Up-to-date symlink: /home/maxim/super_ws/install/px4_msgs/share/px4_msgs/msg/HoverThrustEstimate.json\n'}
[1.922398] (px4_msgs) StdoutLine: {'line': b'-- Up-to-date symlink: /home/maxim/super_ws/install/px4_msgs/share/px4_msgs/msg/InputRc.json\n'}
[1.922631] (px4_msgs) StdoutLine: {'line': b'-- Up-to-date symlink: /home/maxim/super_ws/install/px4_msgs/share/px4_msgs/msg/InternalCombustionEngineControl.json\n'}
[1.922827] (px4_msgs) StdoutLine: {'line': b'-- Up-to-date symlink: /home/maxim/super_ws/install/px4_msgs/share/px4_msgs/msg/InternalCombustionEngineStatus.json\n'}
[1.923044] (px4_msgs) StdoutLine: {'line': b'-- Up-to-date symlink: /home/maxim/super_ws/install/px4_msgs/share/px4_msgs/msg/IridiumsbdStatus.json\n'}
[1.923272] (px4_msgs) StdoutLine: {'line': b'-- Up-to-date symlink: /home/maxim/super_ws/install/px4_msgs/share/px4_msgs/msg/IrlockReport.json\n'}
[1.923473] (px4_msgs) StdoutLine: {'line': b'-- Up-to-date symlink: /home/maxim/super_ws/install/px4_msgs/share/px4_msgs/msg/LandingGear.json\n'}
[1.923675] (px4_msgs) StdoutLine: {'line': b'-- Up-to-date symlink: /home/maxim/super_ws/install/px4_msgs/share/px4_msgs/msg/LandingGearWheel.json\n'}
[1.923875] (px4_msgs) StdoutLine: {'line': b'-- Up-to-date symlink: /home/maxim/super_ws/install/px4_msgs/share/px4_msgs/msg/LandingTargetInnovations.json\n'}
[1.924052] (px4_msgs) StdoutLine: {'line': b'-- Up-to-date symlink: /home/maxim/super_ws/install/px4_msgs/share/px4_msgs/msg/LandingTargetPose.json\n'}
[1.924257] (px4_msgs) StdoutLine: {'line': b'-- Up-to-date symlink: /home/maxim/super_ws/install/px4_msgs/share/px4_msgs/msg/LateralControlConfiguration.json\n'}
[1.924479] (px4_msgs) StdoutLine: {'line': b'-- Up-to-date symlink: /home/maxim/super_ws/install/px4_msgs/share/px4_msgs/msg/LaunchDetectionStatus.json\n'}
[1.924673] (px4_msgs) StdoutLine: {'line': b'-- Up-to-date symlink: /home/maxim/super_ws/install/px4_msgs/share/px4_msgs/msg/LedControl.json\n'}
[1.924897] (px4_msgs) StdoutLine: {'line': b'-- Up-to-date symlink: /home/maxim/super_ws/install/px4_msgs/share/px4_msgs/msg/LogMessage.json\n'}
[1.925041] (px4_msgs) StdoutLine: {'line': b'-- Up-to-date symlink: /home/maxim/super_ws/install/px4_msgs/share/px4_msgs/msg/LoggerStatus.json\n'}
[1.925246] (px4_msgs) StdoutLine: {'line': b'-- Up-to-date symlink: /home/maxim/super_ws/install/px4_msgs/share/px4_msgs/msg/LongitudinalControlConfiguration.json\n'}
[1.925451] (px4_msgs) StdoutLine: {'line': b'-- Up-to-date symlink: /home/maxim/super_ws/install/px4_msgs/share/px4_msgs/msg/MagWorkerData.json\n'}
[1.925752] (px4_msgs) StdoutLine: {'line': b'-- Up-to-date symlink: /home/maxim/super_ws/install/px4_msgs/share/px4_msgs/msg/MagnetometerBiasEstimate.json\n'}
[1.925970] (px4_msgs) StdoutLine: {'line': b'-- Up-to-date symlink: /home/maxim/super_ws/install/px4_msgs/share/px4_msgs/msg/ManualControlSetpoint.json\n'}
[1.926234] (px4_msgs) StdoutLine: {'line': b'-- Up-to-date symlink: /home/maxim/super_ws/install/px4_msgs/share/px4_msgs/msg/ManualControlSwitches.json\n'}
[1.926451] (px4_msgs) StdoutLine: {'line': b'-- Up-to-date symlink: /home/maxim/super_ws/install/px4_msgs/share/px4_msgs/msg/MavlinkLog.json\n'}
[1.926718] (px4_msgs) StdoutLine: {'line': b'-- Up-to-date symlink: /home/maxim/super_ws/install/px4_msgs/share/px4_msgs/msg/MavlinkTunnel.json\n'}
[1.926963] (px4_msgs) StdoutLine: {'line': b'-- Up-to-date symlink: /home/maxim/super_ws/install/px4_msgs/share/px4_msgs/msg/MessageFormatRequest.json\n'}
[1.927175] (px4_msgs) StdoutLine: {'line': b'-- Up-to-date symlink: /home/maxim/super_ws/install/px4_msgs/share/px4_msgs/msg/MessageFormatResponse.json\n'}
[1.927391] (px4_msgs) StdoutLine: {'line': b'-- Up-to-date symlink: /home/maxim/super_ws/install/px4_msgs/share/px4_msgs/msg/Mission.json\n'}
[1.927603] (px4_msgs) StdoutLine: {'line': b'-- Up-to-date symlink: /home/maxim/super_ws/install/px4_msgs/share/px4_msgs/msg/MissionResult.json\n'}
[1.927815] (px4_msgs) StdoutLine: {'line': b'-- Up-to-date symlink: /home/maxim/super_ws/install/px4_msgs/share/px4_msgs/msg/ModeCompleted.json\n'}
[1.928029] (px4_msgs) StdoutLine: {'line': b'-- Up-to-date symlink: /home/maxim/super_ws/install/px4_msgs/share/px4_msgs/msg/MountOrientation.json\n'}
[1.928221] (px4_msgs) StdoutLine: {'line': b'-- Up-to-date symlink: /home/maxim/super_ws/install/px4_msgs/share/px4_msgs/msg/NavigatorMissionItem.json\n'}
[1.928405] (px4_msgs) StdoutLine: {'line': b'-- Up-to-date symlink: /home/maxim/super_ws/install/px4_msgs/share/px4_msgs/msg/NavigatorStatus.json\n'}
[1.928553] (px4_msgs) StdoutLine: {'line': b'-- Up-to-date symlink: /home/maxim/super_ws/install/px4_msgs/share/px4_msgs/msg/NeuralControl.json\n'}
[1.928738] (px4_msgs) StdoutLine: {'line': b'-- Up-to-date symlink: /home/maxim/super_ws/install/px4_msgs/share/px4_msgs/msg/NormalizedUnsignedSetpoint.json\n'}
[1.928951] (px4_msgs) StdoutLine: {'line': b'-- Up-to-date symlink: /home/maxim/super_ws/install/px4_msgs/share/px4_msgs/msg/ObstacleDistance.json\n'}
[1.929190] (px4_msgs) StdoutLine: {'line': b'-- Up-to-date symlink: /home/maxim/super_ws/install/px4_msgs/share/px4_msgs/msg/OffboardControlMode.json\n'}
[1.929392] (px4_msgs) StdoutLine: {'line': b'-- Up-to-date symlink: /home/maxim/super_ws/install/px4_msgs/share/px4_msgs/msg/OnboardComputerStatus.json\n'}
[1.929590] (px4_msgs) StdoutLine: {'line': b'-- Up-to-date symlink: /home/maxim/super_ws/install/px4_msgs/share/px4_msgs/msg/OpenDroneIdArmStatus.json\n'}
[1.929797] (px4_msgs) StdoutLine: {'line': b'-- Up-to-date symlink: /home/maxim/super_ws/install/px4_msgs/share/px4_msgs/msg/OpenDroneIdOperatorId.json\n'}
[1.930018] (px4_msgs) StdoutLine: {'line': b'-- Up-to-date symlink: /home/maxim/super_ws/install/px4_msgs/share/px4_msgs/msg/OpenDroneIdSelfId.json\n'}
[1.930239] (px4_msgs) StdoutLine: {'line': b'-- Up-to-date symlink: /home/maxim/super_ws/install/px4_msgs/share/px4_msgs/msg/OpenDroneIdSystem.json\n'}
[1.930414] (px4_msgs) StdoutLine: {'line': b'-- Up-to-date symlink: /home/maxim/super_ws/install/px4_msgs/share/px4_msgs/msg/OrbTest.json\n'}
[1.930615] (px4_msgs) StdoutLine: {'line': b'-- Up-to-date symlink: /home/maxim/super_ws/install/px4_msgs/share/px4_msgs/msg/OrbTestLarge.json\n'}
[1.930858] (px4_msgs) StdoutLine: {'line': b'-- Up-to-date symlink: /home/maxim/super_ws/install/px4_msgs/share/px4_msgs/msg/OrbTestMedium.json\n'}
[1.931050] (px4_msgs) StdoutLine: {'line': b'-- Up-to-date symlink: /home/maxim/super_ws/install/px4_msgs/share/px4_msgs/msg/OrbitStatus.json\n'}
[1.931273] (px4_msgs) StdoutLine: {'line': b'-- Up-to-date symlink: /home/maxim/super_ws/install/px4_msgs/share/px4_msgs/msg/ParameterResetRequest.json\n'}
[1.931476] (px4_msgs) StdoutLine: {'line': b'-- Up-to-date symlink: /home/maxim/super_ws/install/px4_msgs/share/px4_msgs/msg/ParameterSetUsedRequest.json\n'}
[1.931689] (px4_msgs) StdoutLine: {'line': b'-- Up-to-date symlink: /home/maxim/super_ws/install/px4_msgs/share/px4_msgs/msg/ParameterSetValueRequest.json\n'}
[1.931871] (px4_msgs) StdoutLine: {'line': b'-- Up-to-date symlink: /home/maxim/super_ws/install/px4_msgs/share/px4_msgs/msg/ParameterSetValueResponse.json\n'}
[1.932059] (px4_msgs) StdoutLine: {'line': b'-- Up-to-date symlink: /home/maxim/super_ws/install/px4_msgs/share/px4_msgs/msg/ParameterUpdate.json\n'}
[1.932242] (px4_msgs) StdoutLine: {'line': b'-- Up-to-date symlink: /home/maxim/super_ws/install/px4_msgs/share/px4_msgs/msg/Ping.json\n'}
[1.932430] (px4_msgs) StdoutLine: {'line': b'-- Up-to-date symlink: /home/maxim/super_ws/install/px4_msgs/share/px4_msgs/msg/PositionControllerLandingStatus.json\n'}
[1.932637] (px4_msgs) StdoutLine: {'line': b'-- Up-to-date symlink: /home/maxim/super_ws/install/px4_msgs/share/px4_msgs/msg/PositionControllerStatus.json\n'}
[1.932845] (px4_msgs) StdoutLine: {'line': b'-- Up-to-date symlink: /home/maxim/super_ws/install/px4_msgs/share/px4_msgs/msg/PositionSetpoint.json\n'}
[1.933059] (px4_msgs) StdoutLine: {'line': b'-- Up-to-date symlink: /home/maxim/super_ws/install/px4_msgs/share/px4_msgs/msg/PositionSetpointTriplet.json\n'}
[1.933263] (px4_msgs) StdoutLine: {'line': b'-- Up-to-date symlink: /home/maxim/super_ws/install/px4_msgs/share/px4_msgs/msg/PowerButtonState.json\n'}
[1.933470] (px4_msgs) StdoutLine: {'line': b'-- Up-to-date symlink: /home/maxim/super_ws/install/px4_msgs/share/px4_msgs/msg/PowerMonitor.json\n'}
[1.933675] (px4_msgs) StdoutLine: {'line': b'-- Up-to-date symlink: /home/maxim/super_ws/install/px4_msgs/share/px4_msgs/msg/PpsCapture.json\n'}
[1.933885] (px4_msgs) StdoutLine: {'line': b'-- Up-to-date symlink: /home/maxim/super_ws/install/px4_msgs/share/px4_msgs/msg/PrecLandStatus.json\n'}
[1.934130] (px4_msgs) StdoutLine: {'line': b'-- Up-to-date symlink: /home/maxim/super_ws/install/px4_msgs/share/px4_msgs/msg/PurePursuitStatus.json\n'}
[1.934310] (px4_msgs) StdoutLine: {'line': b'-- Up-to-date symlink: /home/maxim/super_ws/install/px4_msgs/share/px4_msgs/msg/PwmInput.json\n'}
[1.934526] (px4_msgs) StdoutLine: {'line': b'-- Up-to-date symlink: /home/maxim/super_ws/install/px4_msgs/share/px4_msgs/msg/Px4ioStatus.json\n'}
[1.934727] (px4_msgs) StdoutLine: {'line': b'-- Up-to-date symlink: /home/maxim/super_ws/install/px4_msgs/share/px4_msgs/msg/QshellReq.json\n'}
[1.934941] (px4_msgs) StdoutLine: {'line': b'-- Up-to-date symlink: /home/maxim/super_ws/install/px4_msgs/share/px4_msgs/msg/QshellRetval.json\n'}
[1.935163] (px4_msgs) StdoutLine: {'line': b'-- Up-to-date symlink: /home/maxim/super_ws/install/px4_msgs/share/px4_msgs/msg/RadioStatus.json\n'}
[1.935387] (px4_msgs) StdoutLine: {'line': b'-- Up-to-date symlink: /home/maxim/super_ws/install/px4_msgs/share/px4_msgs/msg/RangingBeacon.json\n'}
[1.935619] (px4_msgs) StdoutLine: {'line': b'-- Up-to-date symlink: /home/maxim/super_ws/install/px4_msgs/share/px4_msgs/msg/RaptorInput.json\n'}
[1.935819] (px4_msgs) StdoutLine: {'line': b'-- Up-to-date symlink: /home/maxim/super_ws/install/px4_msgs/share/px4_msgs/msg/RaptorStatus.json\n'}
[1.936001] (px4_msgs) StdoutLine: {'line': b'-- Up-to-date symlink: /home/maxim/super_ws/install/px4_msgs/share/px4_msgs/msg/RateCtrlStatus.json\n'}
[1.936182] (px4_msgs) StdoutLine: {'line': b'-- Up-to-date symlink: /home/maxim/super_ws/install/px4_msgs/share/px4_msgs/msg/RcChannels.json\n'}
[1.936403] (px4_msgs) StdoutLine: {'line': b'-- Up-to-date symlink: /home/maxim/super_ws/install/px4_msgs/share/px4_msgs/msg/RcParameterMap.json\n'}
[1.936609] (px4_msgs) StdoutLine: {'line': b'-- Up-to-date symlink: /home/maxim/super_ws/install/px4_msgs/share/px4_msgs/msg/RegisterExtComponentReply.json\n'}
[1.936842] (px4_msgs) StdoutLine: {'line': b'-- Up-to-date symlink: /home/maxim/super_ws/install/px4_msgs/share/px4_msgs/msg/RegisterExtComponentRequest.json\n'}
[1.937066] (px4_msgs) StdoutLine: {'line': b'-- Up-to-date symlink: /home/maxim/super_ws/install/px4_msgs/share/px4_msgs/msg/RoverAttitudeSetpoint.json\n'}
[1.937288] (px4_msgs) StdoutLine: {'line': b'-- Up-to-date symlink: /home/maxim/super_ws/install/px4_msgs/share/px4_msgs/msg/RoverAttitudeStatus.json\n'}
[1.937507] (px4_msgs) StdoutLine: {'line': b'-- Up-to-date symlink: /home/maxim/super_ws/install/px4_msgs/share/px4_msgs/msg/RoverPositionSetpoint.json\n'}
[1.937722] (px4_msgs) StdoutLine: {'line': b'-- Up-to-date symlink: /home/maxim/super_ws/install/px4_msgs/share/px4_msgs/msg/RoverRateSetpoint.json\n'}
[1.937942] (px4_msgs) StdoutLine: {'line': b'-- Up-to-date symlink: /home/maxim/super_ws/install/px4_msgs/share/px4_msgs/msg/RoverRateStatus.json\n'}
[1.938162] (px4_msgs) StdoutLine: {'line': b'-- Up-to-date symlink: /home/maxim/super_ws/install/px4_msgs/share/px4_msgs/msg/RoverSpeedSetpoint.json\n'}
[1.938392] (px4_msgs) StdoutLine: {'line': b'-- Up-to-date symlink: /home/maxim/super_ws/install/px4_msgs/share/px4_msgs/msg/RoverSpeedStatus.json\n'}
[1.938605] (px4_msgs) StdoutLine: {'line': b'-- Up-to-date symlink: /home/maxim/super_ws/install/px4_msgs/share/px4_msgs/msg/RoverSteeringSetpoint.json\n'}
[1.938821] (px4_msgs) StdoutLine: {'line': b'-- Up-to-date symlink: /home/maxim/super_ws/install/px4_msgs/share/px4_msgs/msg/RoverThrottleSetpoint.json\n'}
[1.939037] (px4_msgs) StdoutLine: {'line': b'-- Up-to-date symlink: /home/maxim/super_ws/install/px4_msgs/share/px4_msgs/msg/Rpm.json\n'}
[1.939261] (px4_msgs) StdoutLine: {'line': b'-- Up-to-date symlink: /home/maxim/super_ws/install/px4_msgs/share/px4_msgs/msg/RtlStatus.json\n'}
[1.939467] (px4_msgs) StdoutLine: {'line': b'-- Up-to-date symlink: /home/maxim/super_ws/install/px4_msgs/share/px4_msgs/msg/RtlTimeEstimate.json\n'}
[1.939668] (px4_msgs) StdoutLine: {'line': b'-- Up-to-date symlink: /home/maxim/super_ws/install/px4_msgs/share/px4_msgs/msg/SatelliteInfo.json\n'}
[1.939894] (px4_msgs) StdoutLine: {'line': b'-- Up-to-date symlink: /home/maxim/super_ws/install/px4_msgs/share/px4_msgs/msg/SensorAccel.json\n'}
[1.940055] (px4_msgs) StdoutLine: {'line': b'-- Up-to-date symlink: /home/maxim/super_ws/install/px4_msgs/share/px4_msgs/msg/SensorAccelFifo.json\n'}
[1.940264] (px4_msgs) StdoutLine: {'line': b'-- Up-to-date symlink: /home/maxim/super_ws/install/px4_msgs/share/px4_msgs/msg/SensorAirflow.json\n'}
[1.940445] (px4_msgs) StdoutLine: {'line': b'-- Up-to-date symlink: /home/maxim/super_ws/install/px4_msgs/share/px4_msgs/msg/SensorBaro.json\n'}
[1.940647] (px4_msgs) StdoutLine: {'line': b'-- Up-to-date symlink: /home/maxim/super_ws/install/px4_msgs/share/px4_msgs/msg/SensorCombined.json\n'}
[1.940847] (px4_msgs) StdoutLine: {'line': b'-- Up-to-date symlink: /home/maxim/super_ws/install/px4_msgs/share/px4_msgs/msg/SensorCorrection.json\n'}
[1.941055] (px4_msgs) StdoutLine: {'line': b'-- Up-to-date symlink: /home/maxim/super_ws/install/px4_msgs/share/px4_msgs/msg/SensorGnssRelative.json\n'}
[1.941265] (px4_msgs) StdoutLine: {'line': b'-- Up-to-date symlink: /home/maxim/super_ws/install/px4_msgs/share/px4_msgs/msg/SensorGnssStatus.json\n'}
[1.941446] (px4_msgs) StdoutLine: {'line': b'-- Up-to-date symlink: /home/maxim/super_ws/install/px4_msgs/share/px4_msgs/msg/SensorGps.json\n'}
[1.941655] (px4_msgs) StdoutLine: {'line': b'-- Up-to-date symlink: /home/maxim/super_ws/install/px4_msgs/share/px4_msgs/msg/SensorGyro.json\n'}
[1.941906] (px4_msgs) StdoutLine: {'line': b'-- Up-to-date symlink: /home/maxim/super_ws/install/px4_msgs/share/px4_msgs/msg/SensorGyroFft.json\n'}
[1.942137] (px4_msgs) StdoutLine: {'line': b'-- Up-to-date symlink: /home/maxim/super_ws/install/px4_msgs/share/px4_msgs/msg/SensorGyroFifo.json\n'}
[1.942316] (px4_msgs) StdoutLine: {'line': b'-- Up-to-date symlink: /home/maxim/super_ws/install/px4_msgs/share/px4_msgs/msg/SensorHygrometer.json\n'}
[1.942498] (px4_msgs) StdoutLine: {'line': b'-- Up-to-date symlink: /home/maxim/super_ws/install/px4_msgs/share/px4_msgs/msg/SensorMag.json\n'}
[1.942679] (px4_msgs) StdoutLine: {'line': b'-- Up-to-date symlink: /home/maxim/super_ws/install/px4_msgs/share/px4_msgs/msg/SensorOpticalFlow.json\n'}
[1.942859] (px4_msgs) StdoutLine: {'line': b'-- Up-to-date symlink: /home/maxim/super_ws/install/px4_msgs/share/px4_msgs/msg/SensorPreflightMag.json\n'}
[1.943056] (px4_msgs) StdoutLine: {'line': b'-- Up-to-date symlink: /home/maxim/super_ws/install/px4_msgs/share/px4_msgs/msg/SensorSelection.json\n'}
[1.943304] (px4_msgs) StdoutLine: {'line': b'-- Up-to-date symlink: /home/maxim/super_ws/install/px4_msgs/share/px4_msgs/msg/SensorTemp.json\n'}
[1.943554] (px4_msgs) StdoutLine: {'line': b'-- Up-to-date symlink: /home/maxim/super_ws/install/px4_msgs/share/px4_msgs/msg/SensorUwb.json\n'}
[1.943740] (px4_msgs) StdoutLine: {'line': b'-- Up-to-date symlink: /home/maxim/super_ws/install/px4_msgs/share/px4_msgs/msg/SensorsStatus.json\n'}
[1.943935] (px4_msgs) StdoutLine: {'line': b'-- Up-to-date symlink: /home/maxim/super_ws/install/px4_msgs/share/px4_msgs/msg/SensorsStatusImu.json\n'}
[1.944154] (px4_msgs) StdoutLine: {'line': b'-- Up-to-date symlink: /home/maxim/super_ws/install/px4_msgs/share/px4_msgs/msg/SystemPower.json\n'}
[1.944361] (px4_msgs) StdoutLine: {'line': b'-- Up-to-date symlink: /home/maxim/super_ws/install/px4_msgs/share/px4_msgs/msg/TakeoffStatus.json\n'}
[1.944618] (px4_msgs) StdoutLine: {'line': b'-- Up-to-date symlink: /home/maxim/super_ws/install/px4_msgs/share/px4_msgs/msg/TargetGnss.json\n'}
[1.944751] (px4_msgs) StdoutLine: {'line': b'-- Up-to-date symlink: /home/maxim/super_ws/install/px4_msgs/share/px4_msgs/msg/TaskStackInfo.json\n'}
[1.944962] (px4_msgs) StdoutLine: {'line': b'-- Up-to-date symlink: /home/maxim/super_ws/install/px4_msgs/share/px4_msgs/msg/TecsStatus.json\n'}
[1.945163] (px4_msgs) StdoutLine: {'line': b'-- Up-to-date symlink: /home/maxim/super_ws/install/px4_msgs/share/px4_msgs/msg/TelemetryStatus.json\n'}
[1.945404] (px4_msgs) StdoutLine: {'line': b'-- Up-to-date symlink: /home/maxim/super_ws/install/px4_msgs/share/px4_msgs/msg/TiltrotorExtraControls.json\n'}
[1.945604] (px4_msgs) StdoutLine: {'line': b'-- Up-to-date symlink: /home/maxim/super_ws/install/px4_msgs/share/px4_msgs/msg/TimesyncStatus.json\n'}
[1.945808] (px4_msgs) StdoutLine: {'line': b'-- Up-to-date symlink: /home/maxim/super_ws/install/px4_msgs/share/px4_msgs/msg/TrajectorySetpoint.json\n'}
[1.946004] (px4_msgs) StdoutLine: {'line': b'-- Up-to-date symlink: /home/maxim/super_ws/install/px4_msgs/share/px4_msgs/msg/TrajectorySetpoint6dof.json\n'}
[1.946177] (px4_msgs) StdoutLine: {'line': b'-- Up-to-date symlink: /home/maxim/super_ws/install/px4_msgs/share/px4_msgs/msg/TransponderReport.json\n'}
[1.946379] (px4_msgs) StdoutLine: {'line': b'-- Up-to-date symlink: /home/maxim/super_ws/install/px4_msgs/share/px4_msgs/msg/TuneControl.json\n'}
[1.946547] (px4_msgs) StdoutLine: {'line': b'-- Up-to-date symlink: /home/maxim/super_ws/install/px4_msgs/share/px4_msgs/msg/UavcanParameterRequest.json\n'}
[1.946747] (px4_msgs) StdoutLine: {'line': b'-- Up-to-date symlink: /home/maxim/super_ws/install/px4_msgs/share/px4_msgs/msg/UavcanParameterValue.json\n'}
[1.946986] (px4_msgs) StdoutLine: {'line': b'-- Up-to-date symlink: /home/maxim/super_ws/install/px4_msgs/share/px4_msgs/msg/UlogStream.json\n'}
[1.947225] (px4_msgs) StdoutLine: {'line': b'-- Up-to-date symlink: /home/maxim/super_ws/install/px4_msgs/share/px4_msgs/msg/UlogStreamAck.json\n'}
[1.947442] (px4_msgs) StdoutLine: {'line': b'-- Up-to-date symlink: /home/maxim/super_ws/install/px4_msgs/share/px4_msgs/msg/UnregisterExtComponent.json\n'}
[1.947646] (px4_msgs) StdoutLine: {'line': b'-- Up-to-date symlink: /home/maxim/super_ws/install/px4_msgs/share/px4_msgs/msg/VehicleAcceleration.json\n'}
[1.947861] (px4_msgs) StdoutLine: {'line': b'-- Up-to-date symlink: /home/maxim/super_ws/install/px4_msgs/share/px4_msgs/msg/VehicleAirData.json\n'}
[1.948035] (px4_msgs) StdoutLine: {'line': b'-- Up-to-date symlink: /home/maxim/super_ws/install/px4_msgs/share/px4_msgs/msg/VehicleAngularAccelerationSetpoint.json\n'}
[1.948242] (px4_msgs) StdoutLine: {'line': b'-- Up-to-date symlink: /home/maxim/super_ws/install/px4_msgs/share/px4_msgs/msg/VehicleAngularVelocity.json\n'}
[1.948445] (px4_msgs) StdoutLine: {'line': b'-- Up-to-date symlink: /home/maxim/super_ws/install/px4_msgs/share/px4_msgs/msg/VehicleAttitude.json\n'}
[1.948651] (px4_msgs) StdoutLine: {'line': b'-- Up-to-date symlink: /home/maxim/super_ws/install/px4_msgs/share/px4_msgs/msg/VehicleAttitudeSetpoint.json\n'}
[1.948851] (px4_msgs) StdoutLine: {'line': b'-- Up-to-date symlink: /home/maxim/super_ws/install/px4_msgs/share/px4_msgs/msg/VehicleCommand.json\n'}
[1.949056] (px4_msgs) StdoutLine: {'line': b'-- Up-to-date symlink: /home/maxim/super_ws/install/px4_msgs/share/px4_msgs/msg/VehicleCommandAck.json\n'}
[1.949298] (px4_msgs) StdoutLine: {'line': b'-- Up-to-date symlink: /home/maxim/super_ws/install/px4_msgs/share/px4_msgs/msg/VehicleConstraints.json\n'}
[1.949499] (px4_msgs) StdoutLine: {'line': b'-- Up-to-date symlink: /home/maxim/super_ws/install/px4_msgs/share/px4_msgs/msg/VehicleControlMode.json\n'}
[1.949685] (px4_msgs) StdoutLine: {'line': b'-- Up-to-date symlink: /home/maxim/super_ws/install/px4_msgs/share/px4_msgs/msg/VehicleGlobalPosition.json\n'}
[1.949873] (px4_msgs) StdoutLine: {'line': b'-- Up-to-date symlink: /home/maxim/super_ws/install/px4_msgs/share/px4_msgs/msg/VehicleImu.json\n'}
[1.950112] (px4_msgs) StdoutLine: {'line': b'-- Up-to-date symlink: /home/maxim/super_ws/install/px4_msgs/share/px4_msgs/msg/VehicleImuStatus.json\n'}
[1.950325] (px4_msgs) StdoutLine: {'line': b'-- Up-to-date symlink: /home/maxim/super_ws/install/px4_msgs/share/px4_msgs/msg/VehicleLandDetected.json\n'}
[1.950499] (px4_msgs) StdoutLine: {'line': b'-- Up-to-date symlink: /home/maxim/super_ws/install/px4_msgs/share/px4_msgs/msg/VehicleLocalPosition.json\n'}
[1.950706] (px4_msgs) StdoutLine: {'line': b'-- Up-to-date symlink: /home/maxim/super_ws/install/px4_msgs/share/px4_msgs/msg/VehicleLocalPositionSetpoint.json\n'}
[1.950915] (px4_msgs) StdoutLine: {'line': b'-- Up-to-date symlink: /home/maxim/super_ws/install/px4_msgs/share/px4_msgs/msg/VehicleMagnetometer.json\n'}
[1.951161] (px4_msgs) StdoutLine: {'line': b'-- Up-to-date symlink: /home/maxim/super_ws/install/px4_msgs/share/px4_msgs/msg/VehicleOdometry.json\n'}
[1.951367] (px4_msgs) StdoutLine: {'line': b'-- Up-to-date symlink: /home/maxim/super_ws/install/px4_msgs/share/px4_msgs/msg/VehicleOpticalFlow.json\n'}
[1.951574] (px4_msgs) StdoutLine: {'line': b'-- Up-to-date symlink: /home/maxim/super_ws/install/px4_msgs/share/px4_msgs/msg/VehicleOpticalFlowVel.json\n'}
[1.951780] (px4_msgs) StdoutLine: {'line': b'-- Up-to-date symlink: /home/maxim/super_ws/install/px4_msgs/share/px4_msgs/msg/VehicleRatesSetpoint.json\n'}
[1.951990] (px4_msgs) StdoutLine: {'line': b'-- Up-to-date symlink: /home/maxim/super_ws/install/px4_msgs/share/px4_msgs/msg/VehicleRoi.json\n'}
[1.952175] (px4_msgs) StdoutLine: {'line': b'-- Up-to-date symlink: /home/maxim/super_ws/install/px4_msgs/share/px4_msgs/msg/VehicleStatus.json\n'}
[1.952333] (px4_msgs) StdoutLine: {'line': b'-- Up-to-date symlink: /home/maxim/super_ws/install/px4_msgs/share/px4_msgs/msg/VehicleThrustSetpoint.json\n'}
[1.952513] (px4_msgs) StdoutLine: {'line': b'-- Up-to-date symlink: /home/maxim/super_ws/install/px4_msgs/share/px4_msgs/msg/VehicleTorqueSetpoint.json\n'}
[1.952697] (px4_msgs) StdoutLine: {'line': b'-- Up-to-date symlink: /home/maxim/super_ws/install/px4_msgs/share/px4_msgs/msg/VelocityLimits.json\n'}
[1.952905] (px4_msgs) StdoutLine: {'line': b'-- Up-to-date symlink: /home/maxim/super_ws/install/px4_msgs/share/px4_msgs/msg/VteAidSource1d.json\n'}
[1.953159] (px4_msgs) StdoutLine: {'line': b'-- Up-to-date symlink: /home/maxim/super_ws/install/px4_msgs/share/px4_msgs/msg/VteAidSource3d.json\n'}
[1.953362] (px4_msgs) StdoutLine: {'line': b'-- Up-to-date symlink: /home/maxim/super_ws/install/px4_msgs/share/px4_msgs/msg/VteBiasInitStatus.json\n'}
[1.953572] (px4_msgs) StdoutLine: {'line': b'-- Up-to-date symlink: /home/maxim/super_ws/install/px4_msgs/share/px4_msgs/msg/VteInput.json\n'}
[1.953789] (px4_msgs) StdoutLine: {'line': b'-- Up-to-date symlink: /home/maxim/super_ws/install/px4_msgs/share/px4_msgs/msg/VteOrientation.json\n'}
[1.954006] (px4_msgs) StdoutLine: {'line': b'-- Up-to-date symlink: /home/maxim/super_ws/install/px4_msgs/share/px4_msgs/msg/VtePosition.json\n'}
[1.954223] (px4_msgs) StdoutLine: {'line': b'-- Up-to-date symlink: /home/maxim/super_ws/install/px4_msgs/share/px4_msgs/msg/VtolVehicleStatus.json\n'}
[1.954398] (px4_msgs) StdoutLine: {'line': b'-- Up-to-date symlink: /home/maxim/super_ws/install/px4_msgs/share/px4_msgs/msg/Vtx.json\n'}
[1.954617] (px4_msgs) StdoutLine: {'line': b'-- Up-to-date symlink: /home/maxim/super_ws/install/px4_msgs/share/px4_msgs/msg/WheelEncoders.json\n'}
[1.954839] (px4_msgs) StdoutLine: {'line': b'-- Up-to-date symlink: /home/maxim/super_ws/install/px4_msgs/share/px4_msgs/msg/Wind.json\n'}
[1.955060] (px4_msgs) StdoutLine: {'line': b'-- Up-to-date symlink: /home/maxim/super_ws/install/px4_msgs/share/px4_msgs/msg/YawEstimatorStatus.json\n'}
[1.955366] (px4_msgs) StdoutLine: {'line': b'-- Up-to-date symlink: /home/maxim/super_ws/install/px4_msgs/share/px4_msgs/srv/VehicleCommand.json\n'}
[1.964457] (px4_msgs) StdoutLine: {'line': b'-- Up-to-date symlink: /home/maxim/super_ws/install/px4_msgs/include/px4_msgs/px4_msgs/msg/action_request.h\n'}
[1.964714] (px4_msgs) StdoutLine: {'line': b'-- Up-to-date symlink: /home/maxim/super_ws/install/px4_msgs/include/px4_msgs/px4_msgs/msg/actuator_armed.h\n'}
[1.964944] (px4_msgs) StdoutLine: {'line': b'-- Up-to-date symlink: /home/maxim/super_ws/install/px4_msgs/include/px4_msgs/px4_msgs/msg/actuator_controls_status.h\n'}
[1.965215] (px4_msgs) StdoutLine: {'line': b'-- Up-to-date symlink: /home/maxim/super_ws/install/px4_msgs/include/px4_msgs/px4_msgs/msg/actuator_motors.h\n'}
[1.965411] (px4_msgs) StdoutLine: {'line': b'-- Up-to-date symlink: /home/maxim/super_ws/install/px4_msgs/include/px4_msgs/px4_msgs/msg/actuator_outputs.h\n'}
[1.965646] (px4_msgs) StdoutLine: {'line': b'-- Up-to-date symlink: /home/maxim/super_ws/install/px4_msgs/include/px4_msgs/px4_msgs/msg/actuator_servos.h\n'}
[1.965846] (px4_msgs) StdoutLine: {'line': b'-- Up-to-date symlink: /home/maxim/super_ws/install/px4_msgs/include/px4_msgs/px4_msgs/msg/actuator_servos_trim.h\n'}
[1.966056] (px4_msgs) StdoutLine: {'line': b'-- Up-to-date symlink: /home/maxim/super_ws/install/px4_msgs/include/px4_msgs/px4_msgs/msg/actuator_test.h\n'}
[1.966379] (px4_msgs) StdoutLine: {'line': b'-- Up-to-date symlink: /home/maxim/super_ws/install/px4_msgs/include/px4_msgs/px4_msgs/msg/adc_report.h\n'}
[1.966638] (px4_msgs) StdoutLine: {'line': b'-- Up-to-date symlink: /home/maxim/super_ws/install/px4_msgs/include/px4_msgs/px4_msgs/msg/airspeed.h\n'}
[1.966844] (px4_msgs) StdoutLine: {'line': b'-- Up-to-date symlink: /home/maxim/super_ws/install/px4_msgs/include/px4_msgs/px4_msgs/msg/airspeed_validated.h\n'}
[1.967009] (px4_msgs) StdoutLine: {'line': b'-- Up-to-date symlink: /home/maxim/super_ws/install/px4_msgs/include/px4_msgs/px4_msgs/msg/airspeed_wind.h\n'}
[1.967229] (px4_msgs) StdoutLine: {'line': b'-- Up-to-date symlink: /home/maxim/super_ws/install/px4_msgs/include/px4_msgs/px4_msgs/msg/arming_check_reply.h\n'}
[1.967419] (px4_msgs) StdoutLine: {'line': b'-- Up-to-date symlink: /home/maxim/super_ws/install/px4_msgs/include/px4_msgs/px4_msgs/msg/arming_check_request.h\n'}
[1.967575] (px4_msgs) StdoutLine: {'line': b'-- Up-to-date symlink: /home/maxim/super_ws/install/px4_msgs/include/px4_msgs/px4_msgs/msg/autotune_attitude_control_status.h\n'}
[1.967759] (px4_msgs) StdoutLine: {'line': b'-- Up-to-date symlink: /home/maxim/super_ws/install/px4_msgs/include/px4_msgs/px4_msgs/msg/aux_global_position.h\n'}
[1.967934] (px4_msgs) StdoutLine: {'line': b'-- Up-to-date symlink: /home/maxim/super_ws/install/px4_msgs/include/px4_msgs/px4_msgs/msg/battery_info.h\n'}
[1.968122] (px4_msgs) StdoutLine: {'line': b'-- Up-to-date symlink: /home/maxim/super_ws/install/px4_msgs/include/px4_msgs/px4_msgs/msg/battery_status.h\n'}
[1.968325] (px4_msgs) StdoutLine: {'line': b'-- Up-to-date symlink: /home/maxim/super_ws/install/px4_msgs/include/px4_msgs/px4_msgs/msg/button_event.h\n'}
[1.968485] (px4_msgs) StdoutLine: {'line': b'-- Up-to-date symlink: /home/maxim/super_ws/install/px4_msgs/include/px4_msgs/px4_msgs/msg/camera_capture.h\n'}
[1.968679] (px4_msgs) StdoutLine: {'line': b'-- Up-to-date symlink: /home/maxim/super_ws/install/px4_msgs/include/px4_msgs/px4_msgs/msg/camera_status.h\n'}
[1.968790] (px4_msgs) StdoutLine: {'line': b'-- Up-to-date symlink: /home/maxim/super_ws/install/px4_msgs/include/px4_msgs/px4_msgs/msg/camera_trigger.h\n'}
[1.968930] (px4_msgs) StdoutLine: {'line': b'-- Up-to-date symlink: /home/maxim/super_ws/install/px4_msgs/include/px4_msgs/px4_msgs/msg/can_interface_status.h\n'}
[1.969023] (px4_msgs) StdoutLine: {'line': b'-- Up-to-date symlink: /home/maxim/super_ws/install/px4_msgs/include/px4_msgs/px4_msgs/msg/cellular_status.h\n'}
[1.969198] (px4_msgs) StdoutLine: {'line': b'-- Up-to-date symlink: /home/maxim/super_ws/install/px4_msgs/include/px4_msgs/px4_msgs/msg/collision_constraints.h\n'}
[1.969406] (px4_msgs) StdoutLine: {'line': b'-- Up-to-date symlink: /home/maxim/super_ws/install/px4_msgs/include/px4_msgs/px4_msgs/msg/config_overrides.h\n'}
[1.969557] (px4_msgs) StdoutLine: {'line': b'-- Up-to-date symlink: /home/maxim/super_ws/install/px4_msgs/include/px4_msgs/px4_msgs/msg/control_allocator_status.h\n'}
[1.969774] (px4_msgs) StdoutLine: {'line': b'-- Up-to-date symlink: /home/maxim/super_ws/install/px4_msgs/include/px4_msgs/px4_msgs/msg/cpuload.h\n'}
[1.969925] (px4_msgs) StdoutLine: {'line': b'-- Up-to-date symlink: /home/maxim/super_ws/install/px4_msgs/include/px4_msgs/px4_msgs/msg/dataman_request.h\n'}
[1.970065] (px4_msgs) StdoutLine: {'line': b'-- Up-to-date symlink: /home/maxim/super_ws/install/px4_msgs/include/px4_msgs/px4_msgs/msg/dataman_response.h\n'}
[1.970276] (px4_msgs) StdoutLine: {'line': b'-- Up-to-date symlink: /home/maxim/super_ws/install/px4_msgs/include/px4_msgs/px4_msgs/msg/debug_array.h\n'}
[1.970445] (px4_msgs) StdoutLine: {'line': b'-- Up-to-date symlink: /home/maxim/super_ws/install/px4_msgs/include/px4_msgs/px4_msgs/msg/debug_key_value.h\n'}
[1.970587] (px4_msgs) StdoutLine: {'line': b'-- Up-to-date symlink: /home/maxim/super_ws/install/px4_msgs/include/px4_msgs/px4_msgs/msg/debug_value.h\n'}
[1.970792] (px4_msgs) StdoutLine: {'line': b'-- Up-to-date symlink: /home/maxim/super_ws/install/px4_msgs/include/px4_msgs/px4_msgs/msg/debug_vect.h\n'}
[1.971315] (px4_msgs) StdoutLine: {'line': b'-- Up-to-date symlink: /home/maxim/super_ws/install/px4_msgs/include/px4_msgs/px4_msgs/msg/detail/action_request__functions.h\n'}
[1.971591] (px4_msgs) StdoutLine: {'line': b'-- Up-to-date symlink: /home/maxim/super_ws/install/px4_msgs/include/px4_msgs/px4_msgs/msg/detail/action_request__struct.h\n'}
[1.971876] (px4_msgs) StdoutLine: {'line': b'-- Up-to-date symlink: /home/maxim/super_ws/install/px4_msgs/include/px4_msgs/px4_msgs/msg/detail/action_request__type_support.h\n'}
[1.972105] (px4_msgs) StdoutLine: {'line': b'-- Up-to-date symlink: /home/maxim/super_ws/install/px4_msgs/include/px4_msgs/px4_msgs/msg/detail/actuator_armed__functions.h\n'}
[1.972325] (px4_msgs) StdoutLine: {'line': b'-- Up-to-date symlink: /home/maxim/super_ws/install/px4_msgs/include/px4_msgs/px4_msgs/msg/detail/actuator_armed__struct.h\n'}
[1.972624] (px4_msgs) StdoutLine: {'line': b'-- Up-to-date symlink: /home/maxim/super_ws/install/px4_msgs/include/px4_msgs/px4_msgs/msg/detail/actuator_armed__type_support.h\n'}
[1.972958] (px4_msgs) StdoutLine: {'line': b'-- Up-to-date symlink: /home/maxim/super_ws/install/px4_msgs/include/px4_msgs/px4_msgs/msg/detail/actuator_controls_status__functions.h\n'}
[1.973219] (px4_msgs) StdoutLine: {'line': b'-- Up-to-date symlink: /home/maxim/super_ws/install/px4_msgs/include/px4_msgs/px4_msgs/msg/detail/actuator_controls_status__struct.h\n'}
[1.973547] (px4_msgs) StdoutLine: {'line': b'-- Up-to-date symlink: /home/maxim/super_ws/install/px4_msgs/include/px4_msgs/px4_msgs/msg/detail/actuator_controls_status__type_support.h\n'}
[1.973833] (px4_msgs) StdoutLine: {'line': b'-- Up-to-date symlink: /home/maxim/super_ws/install/px4_msgs/include/px4_msgs/px4_msgs/msg/detail/actuator_motors__functions.h\n'}
[1.974117] (px4_msgs) StdoutLine: {'line': b'-- Up-to-date symlink: /home/maxim/super_ws/install/px4_msgs/include/px4_msgs/px4_msgs/msg/detail/actuator_motors__struct.h\n'}
[1.974357] (px4_msgs) StdoutLine: {'line': b'-- Up-to-date symlink: /home/maxim/super_ws/install/px4_msgs/include/px4_msgs/px4_msgs/msg/detail/actuator_motors__type_support.h\n'}
[1.974680] (px4_msgs) StdoutLine: {'line': b'-- Up-to-date symlink: /home/maxim/super_ws/install/px4_msgs/include/px4_msgs/px4_msgs/msg/detail/actuator_outputs__functions.h\n'}
[1.974907] (px4_msgs) StdoutLine: {'line': b'-- Up-to-date symlink: /home/maxim/super_ws/install/px4_msgs/include/px4_msgs/px4_msgs/msg/detail/actuator_outputs__struct.h\n'}
[1.975177] (px4_msgs) StdoutLine: {'line': b'-- Up-to-date symlink: /home/maxim/super_ws/install/px4_msgs/include/px4_msgs/px4_msgs/msg/detail/actuator_outputs__type_support.h\n'}
[1.975383] (px4_msgs) StdoutLine: {'line': b'-- Up-to-date symlink: /home/maxim/super_ws/install/px4_msgs/include/px4_msgs/px4_msgs/msg/detail/actuator_servos__functions.h\n'}
[1.975529] (px4_msgs) StdoutLine: {'line': b'-- Up-to-date symlink: /home/maxim/super_ws/install/px4_msgs/include/px4_msgs/px4_msgs/msg/detail/actuator_servos__struct.h\n'}
[1.975738] (px4_msgs) StdoutLine: {'line': b'-- Up-to-date symlink: /home/maxim/super_ws/install/px4_msgs/include/px4_msgs/px4_msgs/msg/detail/actuator_servos__type_support.h\n'}
[1.976003] (px4_msgs) StdoutLine: {'line': b'-- Up-to-date symlink: /home/maxim/super_ws/install/px4_msgs/include/px4_msgs/px4_msgs/msg/detail/actuator_servos_trim__functions.h\n'}
[1.976294] (px4_msgs) StdoutLine: {'line': b'-- Up-to-date symlink: /home/maxim/super_ws/install/px4_msgs/include/px4_msgs/px4_msgs/msg/detail/actuator_servos_trim__struct.h\n'}
[1.976555] (px4_msgs) StdoutLine: {'line': b'-- Up-to-date symlink: /home/maxim/super_ws/install/px4_msgs/include/px4_msgs/px4_msgs/msg/detail/actuator_servos_trim__type_support.h\n'}
[1.976879] (px4_msgs) StdoutLine: {'line': b'-- Up-to-date symlink: /home/maxim/super_ws/install/px4_msgs/include/px4_msgs/px4_msgs/msg/detail/actuator_test__functions.h\n'}
[1.977185] (px4_msgs) StdoutLine: {'line': b'-- Up-to-date symlink: /home/maxim/super_ws/install/px4_msgs/include/px4_msgs/px4_msgs/msg/detail/actuator_test__struct.h\n'}
[1.977344] (px4_msgs) StdoutLine: {'line': b'-- Up-to-date symlink: /home/maxim/super_ws/install/px4_msgs/include/px4_msgs/px4_msgs/msg/detail/actuator_test__type_support.h\n'}
[1.977516] (px4_msgs) StdoutLine: {'line': b'-- Up-to-date symlink: /home/maxim/super_ws/install/px4_msgs/include/px4_msgs/px4_msgs/msg/detail/adc_report__functions.h\n'}
[1.977686] (px4_msgs) StdoutLine: {'line': b'-- Up-to-date symlink: /home/maxim/super_ws/install/px4_msgs/include/px4_msgs/px4_msgs/msg/detail/adc_report__struct.h\n'}
[1.977936] (px4_msgs) StdoutLine: {'line': b'-- Up-to-date symlink: /home/maxim/super_ws/install/px4_msgs/include/px4_msgs/px4_msgs/msg/detail/adc_report__type_support.h\n'}
[1.978067] (px4_msgs) StdoutLine: {'line': b'-- Up-to-date symlink: /home/maxim/super_ws/install/px4_msgs/include/px4_msgs/px4_msgs/msg/detail/airspeed__functions.h\n'}
[1.978278] (px4_msgs) StdoutLine: {'line': b'-- Up-to-date symlink: /home/maxim/super_ws/install/px4_msgs/include/px4_msgs/px4_msgs/msg/detail/airspeed__struct.h\n'}
[1.978487] (px4_msgs) StdoutLine: {'line': b'-- Up-to-date symlink: /home/maxim/super_ws/install/px4_msgs/include/px4_msgs/px4_msgs/msg/detail/airspeed__type_support.h\n'}
[1.978647] (px4_msgs) StdoutLine: {'line': b'-- Up-to-date symlink: /home/maxim/super_ws/install/px4_msgs/include/px4_msgs/px4_msgs/msg/detail/airspeed_validated__functions.h\n'}
[1.978794] (px4_msgs) StdoutLine: {'line': b'-- Up-to-date symlink: /home/maxim/super_ws/install/px4_msgs/include/px4_msgs/px4_msgs/msg/detail/airspeed_validated__struct.h\n'}
[1.978943] (px4_msgs) StdoutLine: {'line': b'-- Up-to-date symlink: /home/maxim/super_ws/install/px4_msgs/include/px4_msgs/px4_msgs/msg/detail/airspeed_validated__type_support.h\n'}
[1.979165] (px4_msgs) StdoutLine: {'line': b'-- Up-to-date symlink: /home/maxim/super_ws/install/px4_msgs/include/px4_msgs/px4_msgs/msg/detail/airspeed_wind__functions.h\n'}
[1.979429] (px4_msgs) StdoutLine: {'line': b'-- Up-to-date symlink: /home/maxim/super_ws/install/px4_msgs/include/px4_msgs/px4_msgs/msg/detail/airspeed_wind__struct.h\n'}
[1.979719] (px4_msgs) StdoutLine: {'line': b'-- Up-to-date symlink: /home/maxim/super_ws/install/px4_msgs/include/px4_msgs/px4_msgs/msg/detail/airspeed_wind__type_support.h\n'}
[1.979952] (px4_msgs) StdoutLine: {'line': b'-- Up-to-date symlink: /home/maxim/super_ws/install/px4_msgs/include/px4_msgs/px4_msgs/msg/detail/arming_check_reply__functions.h\n'}
[1.980169] (px4_msgs) StdoutLine: {'line': b'-- Up-to-date symlink: /home/maxim/super_ws/install/px4_msgs/include/px4_msgs/px4_msgs/msg/detail/arming_check_reply__struct.h\n'}
[1.980395] (px4_msgs) StdoutLine: {'line': b'-- Up-to-date symlink: /home/maxim/super_ws/install/px4_msgs/include/px4_msgs/px4_msgs/msg/detail/arming_check_reply__type_support.h\n'}
[1.980554] (px4_msgs) StdoutLine: {'line': b'-- Up-to-date symlink: /home/maxim/super_ws/install/px4_msgs/include/px4_msgs/px4_msgs/msg/detail/arming_check_request__functions.h\n'}
[1.980702] (px4_msgs) StdoutLine: {'line': b'-- Up-to-date symlink: /home/maxim/super_ws/install/px4_msgs/include/px4_msgs/px4_msgs/msg/detail/arming_check_request__struct.h\n'}
[1.980866] (px4_msgs) StdoutLine: {'line': b'-- Up-to-date symlink: /home/maxim/super_ws/install/px4_msgs/include/px4_msgs/px4_msgs/msg/detail/arming_check_request__type_support.h\n'}
[1.981033] (px4_msgs) StdoutLine: {'line': b'-- Up-to-date symlink: /home/maxim/super_ws/install/px4_msgs/include/px4_msgs/px4_msgs/msg/detail/autotune_attitude_control_status__functions.h\n'}
[1.981311] (px4_msgs) StdoutLine: {'line': b'-- Up-to-date symlink: /home/maxim/super_ws/install/px4_msgs/include/px4_msgs/px4_msgs/msg/detail/autotune_attitude_control_status__struct.h\n'}
[1.981585] (px4_msgs) StdoutLine: {'line': b'-- Up-to-date symlink: /home/maxim/super_ws/install/px4_msgs/include/px4_msgs/px4_msgs/msg/detail/autotune_attitude_control_status__type_support.h\n'}
[1.981766] (px4_msgs) StdoutLine: {'line': b'-- Up-to-date symlink: /home/maxim/super_ws/install/px4_msgs/include/px4_msgs/px4_msgs/msg/detail/aux_global_position__functions.h\n'}
[1.981915] (px4_msgs) StdoutLine: {'line': b'-- Up-to-date symlink: /home/maxim/super_ws/install/px4_msgs/include/px4_msgs/px4_msgs/msg/detail/aux_global_position__struct.h\n'}
[1.982145] (px4_msgs) StdoutLine: {'line': b'-- Up-to-date symlink: /home/maxim/super_ws/install/px4_msgs/include/px4_msgs/px4_msgs/msg/detail/aux_global_position__type_support.h\n'}
[1.982377] (px4_msgs) StdoutLine: {'line': b'-- Up-to-date symlink: /home/maxim/super_ws/install/px4_msgs/include/px4_msgs/px4_msgs/msg/detail/battery_info__functions.h\n'}
[1.982571] (px4_msgs) StdoutLine: {'line': b'-- Up-to-date symlink: /home/maxim/super_ws/install/px4_msgs/include/px4_msgs/px4_msgs/msg/detail/battery_info__struct.h\n'}
[1.982785] (px4_msgs) StdoutLine: {'line': b'-- Up-to-date symlink: /home/maxim/super_ws/install/px4_msgs/include/px4_msgs/px4_msgs/msg/detail/battery_info__type_support.h\n'}
[1.983015] (px4_msgs) StdoutLine: {'line': b'-- Up-to-date symlink: /home/maxim/super_ws/install/px4_msgs/include/px4_msgs/px4_msgs/msg/detail/battery_status__functions.h\n'}
[1.983316] (px4_msgs) StdoutLine: {'line': b'-- Up-to-date symlink: /home/maxim/super_ws/install/px4_msgs/include/px4_msgs/px4_msgs/msg/detail/battery_status__struct.h\n'}
[1.983482] (px4_msgs) StdoutLine: {'line': b'-- Up-to-date symlink: /home/maxim/super_ws/install/px4_msgs/include/px4_msgs/px4_msgs/msg/detail/battery_status__type_support.h\n'}
[1.983608] (px4_msgs) StdoutLine: {'line': b'-- Up-to-date symlink: /home/maxim/super_ws/install/px4_msgs/include/px4_msgs/px4_msgs/msg/detail/button_event__functions.h\n'}
[1.983763] (px4_msgs) StdoutLine: {'line': b'-- Up-to-date symlink: /home/maxim/super_ws/install/px4_msgs/include/px4_msgs/px4_msgs/msg/detail/button_event__struct.h\n'}
[1.983930] (px4_msgs) StdoutLine: {'line': b'-- Up-to-date symlink: /home/maxim/super_ws/install/px4_msgs/include/px4_msgs/px4_msgs/msg/detail/button_event__type_support.h\n'}
[1.984102] (px4_msgs) StdoutLine: {'line': b'-- Up-to-date symlink: /home/maxim/super_ws/install/px4_msgs/include/px4_msgs/px4_msgs/msg/detail/camera_capture__functions.h\n'}
[1.984269] (px4_msgs) StdoutLine: {'line': b'-- Up-to-date symlink: /home/maxim/super_ws/install/px4_msgs/include/px4_msgs/px4_msgs/msg/detail/camera_capture__struct.h\n'}
[1.984434] (px4_msgs) StdoutLine: {'line': b'-- Up-to-date symlink: /home/maxim/super_ws/install/px4_msgs/include/px4_msgs/px4_msgs/msg/detail/camera_capture__type_support.h\n'}
[1.984571] (px4_msgs) StdoutLine: {'line': b'-- Up-to-date symlink: /home/maxim/super_ws/install/px4_msgs/include/px4_msgs/px4_msgs/msg/detail/camera_status__functions.h\n'}
[1.984834] (px4_msgs) StdoutLine: {'line': b'-- Up-to-date symlink: /home/maxim/super_ws/install/px4_msgs/include/px4_msgs/px4_msgs/msg/detail/camera_status__struct.h\n'}
[1.985081] (px4_msgs) StdoutLine: {'line': b'-- Up-to-date symlink: /home/maxim/super_ws/install/px4_msgs/include/px4_msgs/px4_msgs/msg/detail/camera_status__type_support.h\n'}
[1.985319] (px4_msgs) StdoutLine: {'line': b'-- Up-to-date symlink: /home/maxim/super_ws/install/px4_msgs/include/px4_msgs/px4_msgs/msg/detail/camera_trigger__functions.h\n'}
[1.985495] (px4_msgs) StdoutLine: {'line': b'-- Up-to-date symlink: /home/maxim/super_ws/install/px4_msgs/include/px4_msgs/px4_msgs/msg/detail/camera_trigger__struct.h\n'}
[1.985664] (px4_msgs) StdoutLine: {'line': b'-- Up-to-date symlink: /home/maxim/super_ws/install/px4_msgs/include/px4_msgs/px4_msgs/msg/detail/camera_trigger__type_support.h\n'}
[1.985784] (px4_msgs) StdoutLine: {'line': b'-- Up-to-date symlink: /home/maxim/super_ws/install/px4_msgs/include/px4_msgs/px4_msgs/msg/detail/can_interface_status__functions.h\n'}
[1.985931] (px4_msgs) StdoutLine: {'line': b'-- Up-to-date symlink: /home/maxim/super_ws/install/px4_msgs/include/px4_msgs/px4_msgs/msg/detail/can_interface_status__struct.h\n'}
[1.986057] (px4_msgs) StdoutLine: {'line': b'-- Up-to-date symlink: /home/maxim/super_ws/install/px4_msgs/include/px4_msgs/px4_msgs/msg/detail/can_interface_status__type_support.h\n'}
[1.986256] (px4_msgs) StdoutLine: {'line': b'-- Up-to-date symlink: /home/maxim/super_ws/install/px4_msgs/include/px4_msgs/px4_msgs/msg/detail/cellular_status__functions.h\n'}
[1.986427] (px4_msgs) StdoutLine: {'line': b'-- Up-to-date symlink: /home/maxim/super_ws/install/px4_msgs/include/px4_msgs/px4_msgs/msg/detail/cellular_status__struct.h\n'}
[1.986646] (px4_msgs) StdoutLine: {'line': b'-- Up-to-date symlink: /home/maxim/super_ws/install/px4_msgs/include/px4_msgs/px4_msgs/msg/detail/cellular_status__type_support.h\n'}
[1.986811] (px4_msgs) StdoutLine: {'line': b'-- Up-to-date symlink: /home/maxim/super_ws/install/px4_msgs/include/px4_msgs/px4_msgs/msg/detail/collision_constraints__functions.h\n'}
[1.986946] (px4_msgs) StdoutLine: {'line': b'-- Up-to-date symlink: /home/maxim/super_ws/install/px4_msgs/include/px4_msgs/px4_msgs/msg/detail/collision_constraints__struct.h\n'}
[1.987228] (px4_msgs) StdoutLine: {'line': b'-- Up-to-date symlink: /home/maxim/super_ws/install/px4_msgs/include/px4_msgs/px4_msgs/msg/detail/collision_constraints__type_support.h\n'}
[1.987374] (px4_msgs) StdoutLine: {'line': b'-- Up-to-date symlink: /home/maxim/super_ws/install/px4_msgs/include/px4_msgs/px4_msgs/msg/detail/config_overrides__functions.h\n'}
[1.987515] (px4_msgs) StdoutLine: {'line': b'-- Up-to-date symlink: /home/maxim/super_ws/install/px4_msgs/include/px4_msgs/px4_msgs/msg/detail/config_overrides__struct.h\n'}
[1.987714] (px4_msgs) StdoutLine: {'line': b'-- Up-to-date symlink: /home/maxim/super_ws/install/px4_msgs/include/px4_msgs/px4_msgs/msg/detail/config_overrides__type_support.h\n'}
[1.987884] (px4_msgs) StdoutLine: {'line': b'-- Up-to-date symlink: /home/maxim/super_ws/install/px4_msgs/include/px4_msgs/px4_msgs/msg/detail/control_allocator_status__functions.h\n'}
[1.988031] (px4_msgs) StdoutLine: {'line': b'-- Up-to-date symlink: /home/maxim/super_ws/install/px4_msgs/include/px4_msgs/px4_msgs/msg/detail/control_allocator_status__struct.h\n'}
[1.988315] (px4_msgs) StdoutLine: {'line': b'-- Up-to-date symlink: /home/maxim/super_ws/install/px4_msgs/include/px4_msgs/px4_msgs/msg/detail/control_allocator_status__type_support.h\n'}
[1.988524] (px4_msgs) StdoutLine: {'line': b'-- Up-to-date symlink: /home/maxim/super_ws/install/px4_msgs/include/px4_msgs/px4_msgs/msg/detail/cpuload__functions.h\n'}
[1.988847] (px4_msgs) StdoutLine: {'line': b'-- Up-to-date symlink: /home/maxim/super_ws/install/px4_msgs/include/px4_msgs/px4_msgs/msg/detail/cpuload__struct.h\n'}
[1.988944] (px4_msgs) StdoutLine: {'line': b'-- Up-to-date symlink: /home/maxim/super_ws/install/px4_msgs/include/px4_msgs/px4_msgs/msg/detail/cpuload__type_support.h\n'}
[1.989061] (px4_msgs) StdoutLine: {'line': b'-- Up-to-date symlink: /home/maxim/super_ws/install/px4_msgs/include/px4_msgs/px4_msgs/msg/detail/dataman_request__functions.h\n'}
[1.989236] (px4_msgs) StdoutLine: {'line': b'-- Up-to-date symlink: /home/maxim/super_ws/install/px4_msgs/include/px4_msgs/px4_msgs/msg/detail/dataman_request__struct.h\n'}
[1.989409] (px4_msgs) StdoutLine: {'line': b'-- Up-to-date symlink: /home/maxim/super_ws/install/px4_msgs/include/px4_msgs/px4_msgs/msg/detail/dataman_request__type_support.h\n'}
[1.989577] (px4_msgs) StdoutLine: {'line': b'-- Up-to-date symlink: /home/maxim/super_ws/install/px4_msgs/include/px4_msgs/px4_msgs/msg/detail/dataman_response__functions.h\n'}
[1.989738] (px4_msgs) StdoutLine: {'line': b'-- Up-to-date symlink: /home/maxim/super_ws/install/px4_msgs/include/px4_msgs/px4_msgs/msg/detail/dataman_response__struct.h\n'}
[1.989878] (px4_msgs) StdoutLine: {'line': b'-- Up-to-date symlink: /home/maxim/super_ws/install/px4_msgs/include/px4_msgs/px4_msgs/msg/detail/dataman_response__type_support.h\n'}
[1.990080] (px4_msgs) StdoutLine: {'line': b'-- Up-to-date symlink: /home/maxim/super_ws/install/px4_msgs/include/px4_msgs/px4_msgs/msg/detail/debug_array__functions.h\n'}
[1.990291] (px4_msgs) StdoutLine: {'line': b'-- Up-to-date symlink: /home/maxim/super_ws/install/px4_msgs/include/px4_msgs/px4_msgs/msg/detail/debug_array__struct.h\n'}
[1.990433] (px4_msgs) StdoutLine: {'line': b'-- Up-to-date symlink: /home/maxim/super_ws/install/px4_msgs/include/px4_msgs/px4_msgs/msg/detail/debug_array__type_support.h\n'}
[1.990701] (px4_msgs) StdoutLine: {'line': b'-- Up-to-date symlink: /home/maxim/super_ws/install/px4_msgs/include/px4_msgs/px4_msgs/msg/detail/debug_key_value__functions.h\n'}
[1.990879] (px4_msgs) StdoutLine: {'line': b'-- Up-to-date symlink: /home/maxim/super_ws/install/px4_msgs/include/px4_msgs/px4_msgs/msg/detail/debug_key_value__struct.h\n'}
[1.991039] (px4_msgs) StdoutLine: {'line': b'-- Up-to-date symlink: /home/maxim/super_ws/install/px4_msgs/include/px4_msgs/px4_msgs/msg/detail/debug_key_value__type_support.h\n'}
[1.991202] (px4_msgs) StdoutLine: {'line': b'-- Up-to-date symlink: /home/maxim/super_ws/install/px4_msgs/include/px4_msgs/px4_msgs/msg/detail/debug_value__functions.h\n'}
[1.991348] (px4_msgs) StdoutLine: {'line': b'-- Up-to-date symlink: /home/maxim/super_ws/install/px4_msgs/include/px4_msgs/px4_msgs/msg/detail/debug_value__struct.h\n'}
[1.991495] (px4_msgs) StdoutLine: {'line': b'-- Up-to-date symlink: /home/maxim/super_ws/install/px4_msgs/include/px4_msgs/px4_msgs/msg/detail/debug_value__type_support.h\n'}
[1.991640] (px4_msgs) StdoutLine: {'line': b'-- Up-to-date symlink: /home/maxim/super_ws/install/px4_msgs/include/px4_msgs/px4_msgs/msg/detail/debug_vect__functions.h\n'}
[1.991759] (px4_msgs) StdoutLine: {'line': b'-- Up-to-date symlink: /home/maxim/super_ws/install/px4_msgs/include/px4_msgs/px4_msgs/msg/detail/debug_vect__struct.h\n'}
[1.991995] (px4_msgs) StdoutLine: {'line': b'-- Up-to-date symlink: /home/maxim/super_ws/install/px4_msgs/include/px4_msgs/px4_msgs/msg/detail/debug_vect__type_support.h\n'}
[1.992189] (px4_msgs) StdoutLine: {'line': b'-- Up-to-date symlink: /home/maxim/super_ws/install/px4_msgs/include/px4_msgs/px4_msgs/msg/detail/device_information__functions.h\n'}
[1.992325] (px4_msgs) StdoutLine: {'line': b'-- Up-to-date symlink: /home/maxim/super_ws/install/px4_msgs/include/px4_msgs/px4_msgs/msg/detail/device_information__struct.h\n'}
[1.992526] (px4_msgs) StdoutLine: {'line': b'-- Up-to-date symlink: /home/maxim/super_ws/install/px4_msgs/include/px4_msgs/px4_msgs/msg/detail/device_information__type_support.h\n'}
[1.992704] (px4_msgs) StdoutLine: {'line': b'-- Up-to-date symlink: /home/maxim/super_ws/install/px4_msgs/include/px4_msgs/px4_msgs/msg/detail/differential_pressure__functions.h\n'}
[1.992888] (px4_msgs) StdoutLine: {'line': b'-- Up-to-date symlink: /home/maxim/super_ws/install/px4_msgs/include/px4_msgs/px4_msgs/msg/detail/differential_pressure__struct.h\n'}
[1.993009] (px4_msgs) StdoutLine: {'line': b'-- Up-to-date symlink: /home/maxim/super_ws/install/px4_msgs/include/px4_msgs/px4_msgs/msg/detail/differential_pressure__type_support.h\n'}
[1.993248] (px4_msgs) StdoutLine: {'line': b'-- Up-to-date symlink: /home/maxim/super_ws/install/px4_msgs/include/px4_msgs/px4_msgs/msg/detail/distance_sensor__functions.h\n'}
[1.993483] (px4_msgs) StdoutLine: {'line': b'-- Up-to-date symlink: /home/maxim/super_ws/install/px4_msgs/include/px4_msgs/px4_msgs/msg/detail/distance_sensor__struct.h\n'}
[1.993622] (px4_msgs) StdoutLine: {'line': b'-- Up-to-date symlink: /home/maxim/super_ws/install/px4_msgs/include/px4_msgs/px4_msgs/msg/detail/distance_sensor__type_support.h\n'}
[1.993870] (px4_msgs) StdoutLine: {'line': b'-- Up-to-date symlink: /home/maxim/super_ws/install/px4_msgs/include/px4_msgs/px4_msgs/msg/detail/distance_sensor_mode_change_request__functions.h\n'}
[1.994118] (px4_msgs) StdoutLine: {'line': b'-- Up-to-date symlink: /home/maxim/super_ws/install/px4_msgs/include/px4_msgs/px4_msgs/msg/detail/distance_sensor_mode_change_request__struct.h\n'}
[1.994360] (px4_msgs) StdoutLine: {'line': b'-- Up-to-date symlink: /home/maxim/super_ws/install/px4_msgs/include/px4_msgs/px4_msgs/msg/detail/distance_sensor_mode_change_request__type_support.h\n'}
[1.994540] (px4_msgs) StdoutLine: {'line': b'-- Up-to-date symlink: /home/maxim/super_ws/install/px4_msgs/include/px4_msgs/px4_msgs/msg/detail/dronecan_node_status__functions.h\n'}
[1.994701] (px4_msgs) StdoutLine: {'line': b'-- Up-to-date symlink: /home/maxim/super_ws/install/px4_msgs/include/px4_msgs/px4_msgs/msg/detail/dronecan_node_status__struct.h\n'}
[1.994873] (px4_msgs) StdoutLine: {'line': b'-- Up-to-date symlink: /home/maxim/super_ws/install/px4_msgs/include/px4_msgs/px4_msgs/msg/detail/dronecan_node_status__type_support.h\n'}
[1.995000] (px4_msgs) StdoutLine: {'line': b'-- Up-to-date symlink: /home/maxim/super_ws/install/px4_msgs/include/px4_msgs/px4_msgs/msg/detail/ekf2_timestamps__functions.h\n'}
[1.995197] (px4_msgs) StdoutLine: {'line': b'-- Up-to-date symlink: /home/maxim/super_ws/install/px4_msgs/include/px4_msgs/px4_msgs/msg/detail/ekf2_timestamps__struct.h\n'}
[1.995332] (px4_msgs) StdoutLine: {'line': b'-- Up-to-date symlink: /home/maxim/super_ws/install/px4_msgs/include/px4_msgs/px4_msgs/msg/detail/ekf2_timestamps__type_support.h\n'}
[1.995504] (px4_msgs) StdoutLine: {'line': b'-- Up-to-date symlink: /home/maxim/super_ws/install/px4_msgs/include/px4_msgs/px4_msgs/msg/detail/esc_eeprom_read__functions.h\n'}
[1.995673] (px4_msgs) StdoutLine: {'line': b'-- Up-to-date symlink: /home/maxim/super_ws/install/px4_msgs/include/px4_msgs/px4_msgs/msg/detail/esc_eeprom_read__struct.h\n'}
[1.995875] (px4_msgs) StdoutLine: {'line': b'-- Up-to-date symlink: /home/maxim/super_ws/install/px4_msgs/include/px4_msgs/px4_msgs/msg/detail/esc_eeprom_read__type_support.h\n'}
[1.996067] (px4_msgs) StdoutLine: {'line': b'-- Up-to-date symlink: /home/maxim/super_ws/install/px4_msgs/include/px4_msgs/px4_msgs/msg/detail/esc_eeprom_write__functions.h\n'}
[1.996271] (px4_msgs) StdoutLine: {'line': b'-- Up-to-date symlink: /home/maxim/super_ws/install/px4_msgs/include/px4_msgs/px4_msgs/msg/detail/esc_eeprom_write__struct.h\n'}
[1.996431] (px4_msgs) StdoutLine: {'line': b'-- Up-to-date symlink: /home/maxim/super_ws/install/px4_msgs/include/px4_msgs/px4_msgs/msg/detail/esc_eeprom_write__type_support.h\n'}
[1.996627] (px4_msgs) StdoutLine: {'line': b'-- Up-to-date symlink: /home/maxim/super_ws/install/px4_msgs/include/px4_msgs/px4_msgs/msg/detail/esc_report__functions.h\n'}
[1.996906] (px4_msgs) StdoutLine: {'line': b'-- Up-to-date symlink: /home/maxim/super_ws/install/px4_msgs/include/px4_msgs/px4_msgs/msg/detail/esc_report__struct.h\n'}
[1.997052] (px4_msgs) StdoutLine: {'line': b'-- Up-to-date symlink: /home/maxim/super_ws/install/px4_msgs/include/px4_msgs/px4_msgs/msg/detail/esc_report__type_support.h\n'}
[1.997247] (px4_msgs) StdoutLine: {'line': b'-- Up-to-date symlink: /home/maxim/super_ws/install/px4_msgs/include/px4_msgs/px4_msgs/msg/detail/esc_status__functions.h\n'}
[1.997426] (px4_msgs) StdoutLine: {'line': b'-- Up-to-date symlink: /home/maxim/super_ws/install/px4_msgs/include/px4_msgs/px4_msgs/msg/detail/esc_status__struct.h\n'}
[1.997538] (px4_msgs) StdoutLine: {'line': b'-- Up-to-date symlink: /home/maxim/super_ws/install/px4_msgs/include/px4_msgs/px4_msgs/msg/detail/esc_status__type_support.h\n'}
[1.997686] (px4_msgs) StdoutLine: {'line': b'-- Up-to-date symlink: /home/maxim/super_ws/install/px4_msgs/include/px4_msgs/px4_msgs/msg/detail/estimator_aid_source1d__functions.h\n'}
[1.997799] (px4_msgs) StdoutLine: {'line': b'-- Up-to-date symlink: /home/maxim/super_ws/install/px4_msgs/include/px4_msgs/px4_msgs/msg/detail/estimator_aid_source1d__struct.h\n'}
[1.997970] (px4_msgs) StdoutLine: {'line': b'-- Up-to-date symlink: /home/maxim/super_ws/install/px4_msgs/include/px4_msgs/px4_msgs/msg/detail/estimator_aid_source1d__type_support.h\n'}
[1.998235] (px4_msgs) StdoutLine: {'line': b'-- Up-to-date symlink: /home/maxim/super_ws/install/px4_msgs/include/px4_msgs/px4_msgs/msg/detail/estimator_aid_source2d__functions.h\n'}
[1.998432] (px4_msgs) StdoutLine: {'line': b'-- Up-to-date symlink: /home/maxim/super_ws/install/px4_msgs/include/px4_msgs/px4_msgs/msg/detail/estimator_aid_source2d__struct.h\n'}
[1.998650] (px4_msgs) StdoutLine: {'line': b'-- Up-to-date symlink: /home/maxim/super_ws/install/px4_msgs/include/px4_msgs/px4_msgs/msg/detail/estimator_aid_source2d__type_support.h\n'}
[1.998821] (px4_msgs) StdoutLine: {'line': b'-- Up-to-date symlink: /home/maxim/super_ws/install/px4_msgs/include/px4_msgs/px4_msgs/msg/detail/estimator_aid_source3d__functions.h\n'}
[1.998978] (px4_msgs) StdoutLine: {'line': b'-- Up-to-date symlink: /home/maxim/super_ws/install/px4_msgs/include/px4_msgs/px4_msgs/msg/detail/estimator_aid_source3d__struct.h\n'}
[1.999184] (px4_msgs) StdoutLine: {'line': b'-- Up-to-date symlink: /home/maxim/super_ws/install/px4_msgs/include/px4_msgs/px4_msgs/msg/detail/estimator_aid_source3d__type_support.h\n'}
[1.999320] (px4_msgs) StdoutLine: {'line': b'-- Up-to-date symlink: /home/maxim/super_ws/install/px4_msgs/include/px4_msgs/px4_msgs/msg/detail/estimator_bias3d__functions.h\n'}
[1.999490] (px4_msgs) StdoutLine: {'line': b'-- Up-to-date symlink: /home/maxim/super_ws/install/px4_msgs/include/px4_msgs/px4_msgs/msg/detail/estimator_bias3d__struct.h\n'}
[1.999660] (px4_msgs) StdoutLine: {'line': b'-- Up-to-date symlink: /home/maxim/super_ws/install/px4_msgs/include/px4_msgs/px4_msgs/msg/detail/estimator_bias3d__type_support.h\n'}
[1.999799] (px4_msgs) StdoutLine: {'line': b'-- Up-to-date symlink: /home/maxim/super_ws/install/px4_msgs/include/px4_msgs/px4_msgs/msg/detail/estimator_bias__functions.h\n'}
[1.999964] (px4_msgs) StdoutLine: {'line': b'-- Up-to-date symlink: /home/maxim/super_ws/install/px4_msgs/include/px4_msgs/px4_msgs/msg/detail/estimator_bias__struct.h\n'}
[2.000148] (px4_msgs) StdoutLine: {'line': b'-- Up-to-date symlink: /home/maxim/super_ws/install/px4_msgs/include/px4_msgs/px4_msgs/msg/detail/estimator_bias__type_support.h\n'}
[2.000296] (px4_msgs) StdoutLine: {'line': b'-- Up-to-date symlink: /home/maxim/super_ws/install/px4_msgs/include/px4_msgs/px4_msgs/msg/detail/estimator_event_flags__functions.h\n'}
[2.000438] (px4_msgs) StdoutLine: {'line': b'-- Up-to-date symlink: /home/maxim/super_ws/install/px4_msgs/include/px4_msgs/px4_msgs/msg/detail/estimator_event_flags__struct.h\n'}
[2.000610] (px4_msgs) StdoutLine: {'line': b'-- Up-to-date symlink: /home/maxim/super_ws/install/px4_msgs/include/px4_msgs/px4_msgs/msg/detail/estimator_event_flags__type_support.h\n'}
[2.000776] (px4_msgs) StdoutLine: {'line': b'-- Up-to-date symlink: /home/maxim/super_ws/install/px4_msgs/include/px4_msgs/px4_msgs/msg/detail/estimator_fusion_control__functions.h\n'}
[2.000958] (px4_msgs) StdoutLine: {'line': b'-- Up-to-date symlink: /home/maxim/super_ws/install/px4_msgs/include/px4_msgs/px4_msgs/msg/detail/estimator_fusion_control__struct.h\n'}
[2.001039] (px4_msgs) StdoutLine: {'line': b'-- Up-to-date symlink: /home/maxim/super_ws/install/px4_msgs/include/px4_msgs/px4_msgs/msg/detail/estimator_fusion_control__type_support.h\n'}
[2.001289] (px4_msgs) StdoutLine: {'line': b'-- Up-to-date symlink: /home/maxim/super_ws/install/px4_msgs/include/px4_msgs/px4_msgs/msg/detail/estimator_gps_status__functions.h\n'}
[2.001508] (px4_msgs) StdoutLine: {'line': b'-- Up-to-date symlink: /home/maxim/super_ws/install/px4_msgs/include/px4_msgs/px4_msgs/msg/detail/estimator_gps_status__struct.h\n'}
[2.001710] (px4_msgs) StdoutLine: {'line': b'-- Up-to-date symlink: /home/maxim/super_ws/install/px4_msgs/include/px4_msgs/px4_msgs/msg/detail/estimator_gps_status__type_support.h\n'}
[2.001885] (px4_msgs) StdoutLine: {'line': b'-- Up-to-date symlink: /home/maxim/super_ws/install/px4_msgs/include/px4_msgs/px4_msgs/msg/detail/estimator_innovations__functions.h\n'}
[2.002038] (px4_msgs) StdoutLine: {'line': b'-- Up-to-date symlink: /home/maxim/super_ws/install/px4_msgs/include/px4_msgs/px4_msgs/msg/detail/estimator_innovations__struct.h\n'}
[2.002200] (px4_msgs) StdoutLine: {'line': b'-- Up-to-date symlink: /home/maxim/super_ws/install/px4_msgs/include/px4_msgs/px4_msgs/msg/detail/estimator_innovations__type_support.h\n'}
[2.002367] (px4_msgs) StdoutLine: {'line': b'-- Up-to-date symlink: /home/maxim/super_ws/install/px4_msgs/include/px4_msgs/px4_msgs/msg/detail/estimator_selector_status__functions.h\n'}
[2.002476] (px4_msgs) StdoutLine: {'line': b'-- Up-to-date symlink: /home/maxim/super_ws/install/px4_msgs/include/px4_msgs/px4_msgs/msg/detail/estimator_selector_status__struct.h\n'}
[2.002640] (px4_msgs) StdoutLine: {'line': b'-- Up-to-date symlink: /home/maxim/super_ws/install/px4_msgs/include/px4_msgs/px4_msgs/msg/detail/estimator_selector_status__type_support.h\n'}
[2.002813] (px4_msgs) StdoutLine: {'line': b'-- Up-to-date symlink: /home/maxim/super_ws/install/px4_msgs/include/px4_msgs/px4_msgs/msg/detail/estimator_sensor_bias__functions.h\n'}
[2.002952] (px4_msgs) StdoutLine: {'line': b'-- Up-to-date symlink: /home/maxim/super_ws/install/px4_msgs/include/px4_msgs/px4_msgs/msg/detail/estimator_sensor_bias__struct.h\n'}
[2.003011] (-) TimerEvent: {}
[2.003177] (px4_msgs) StdoutLine: {'line': b'-- Up-to-date symlink: /home/maxim/super_ws/install/px4_msgs/include/px4_msgs/px4_msgs/msg/detail/estimator_sensor_bias__type_support.h\n'}
[2.003294] (px4_msgs) StdoutLine: {'line': b'-- Up-to-date symlink: /home/maxim/super_ws/install/px4_msgs/include/px4_msgs/px4_msgs/msg/detail/estimator_states__functions.h\n'}
[2.003515] (px4_msgs) StdoutLine: {'line': b'-- Up-to-date symlink: /home/maxim/super_ws/install/px4_msgs/include/px4_msgs/px4_msgs/msg/detail/estimator_states__struct.h\n'}
[2.003671] (px4_msgs) StdoutLine: {'line': b'-- Up-to-date symlink: /home/maxim/super_ws/install/px4_msgs/include/px4_msgs/px4_msgs/msg/detail/estimator_states__type_support.h\n'}
[2.003860] (px4_msgs) StdoutLine: {'line': b'-- Up-to-date symlink: /home/maxim/super_ws/install/px4_msgs/include/px4_msgs/px4_msgs/msg/detail/estimator_status__functions.h\n'}
[2.004027] (px4_msgs) StdoutLine: {'line': b'-- Up-to-date symlink: /home/maxim/super_ws/install/px4_msgs/include/px4_msgs/px4_msgs/msg/detail/estimator_status__struct.h\n'}
[2.004199] (px4_msgs) StdoutLine: {'line': b'-- Up-to-date symlink: /home/maxim/super_ws/install/px4_msgs/include/px4_msgs/px4_msgs/msg/detail/estimator_status__type_support.h\n'}
[2.004347] (px4_msgs) StdoutLine: {'line': b'-- Up-to-date symlink: /home/maxim/super_ws/install/px4_msgs/include/px4_msgs/px4_msgs/msg/detail/estimator_status_flags__functions.h\n'}
[2.004488] (px4_msgs) StdoutLine: {'line': b'-- Up-to-date symlink: /home/maxim/super_ws/install/px4_msgs/include/px4_msgs/px4_msgs/msg/detail/estimator_status_flags__struct.h\n'}
[2.004664] (px4_msgs) StdoutLine: {'line': b'-- Up-to-date symlink: /home/maxim/super_ws/install/px4_msgs/include/px4_msgs/px4_msgs/msg/detail/estimator_status_flags__type_support.h\n'}
[2.004834] (px4_msgs) StdoutLine: {'line': b'-- Up-to-date symlink: /home/maxim/super_ws/install/px4_msgs/include/px4_msgs/px4_msgs/msg/detail/event__functions.h\n'}
[2.004989] (px4_msgs) StdoutLine: {'line': b'-- Up-to-date symlink: /home/maxim/super_ws/install/px4_msgs/include/px4_msgs/px4_msgs/msg/detail/event__struct.h\n'}
[2.005200] (px4_msgs) StdoutLine: {'line': b'-- Up-to-date symlink: /home/maxim/super_ws/install/px4_msgs/include/px4_msgs/px4_msgs/msg/detail/event__type_support.h\n'}
[2.005322] (px4_msgs) StdoutLine: {'line': b'-- Up-to-date symlink: /home/maxim/super_ws/install/px4_msgs/include/px4_msgs/px4_msgs/msg/detail/failsafe_flags__functions.h\n'}
[2.005542] (px4_msgs) StdoutLine: {'line': b'-- Up-to-date symlink: /home/maxim/super_ws/install/px4_msgs/include/px4_msgs/px4_msgs/msg/detail/failsafe_flags__struct.h\n'}
[2.005748] (px4_msgs) StdoutLine: {'line': b'-- Up-to-date symlink: /home/maxim/super_ws/install/px4_msgs/include/px4_msgs/px4_msgs/msg/detail/failsafe_flags__type_support.h\n'}
[2.005852] (px4_msgs) StdoutLine: {'line': b'-- Up-to-date symlink: /home/maxim/super_ws/install/px4_msgs/include/px4_msgs/px4_msgs/msg/detail/failure_detector_status__functions.h\n'}
[2.006009] (px4_msgs) StdoutLine: {'line': b'-- Up-to-date symlink: /home/maxim/super_ws/install/px4_msgs/include/px4_msgs/px4_msgs/msg/detail/failure_detector_status__struct.h\n'}
[2.006213] (px4_msgs) StdoutLine: {'line': b'-- Up-to-date symlink: /home/maxim/super_ws/install/px4_msgs/include/px4_msgs/px4_msgs/msg/detail/failure_detector_status__type_support.h\n'}
[2.006335] (px4_msgs) StdoutLine: {'line': b'-- Up-to-date symlink: /home/maxim/super_ws/install/px4_msgs/include/px4_msgs/px4_msgs/msg/detail/fiducial_marker_pos_report__functions.h\n'}
[2.006470] (px4_msgs) StdoutLine: {'line': b'-- Up-to-date symlink: /home/maxim/super_ws/install/px4_msgs/include/px4_msgs/px4_msgs/msg/detail/fiducial_marker_pos_report__struct.h\n'}
[2.006617] (px4_msgs) StdoutLine: {'line': b'-- Up-to-date symlink: /home/maxim/super_ws/install/px4_msgs/include/px4_msgs/px4_msgs/msg/detail/fiducial_marker_pos_report__type_support.h\n'}
[2.006784] (px4_msgs) StdoutLine: {'line': b'-- Up-to-date symlink: /home/maxim/super_ws/install/px4_msgs/include/px4_msgs/px4_msgs/msg/detail/fiducial_marker_yaw_report__functions.h\n'}
[2.006964] (px4_msgs) StdoutLine: {'line': b'-- Up-to-date symlink: /home/maxim/super_ws/install/px4_msgs/include/px4_msgs/px4_msgs/msg/detail/fiducial_marker_yaw_report__struct.h\n'}
[2.007151] (px4_msgs) StdoutLine: {'line': b'-- Up-to-date symlink: /home/maxim/super_ws/install/px4_msgs/include/px4_msgs/px4_msgs/msg/detail/fiducial_marker_yaw_report__type_support.h\n'}
[2.007279] (px4_msgs) StdoutLine: {'line': b'-- Up-to-date symlink: /home/maxim/super_ws/install/px4_msgs/include/px4_msgs/px4_msgs/msg/detail/figure_eight_status__functions.h\n'}
[2.007492] (px4_msgs) StdoutLine: {'line': b'-- Up-to-date symlink: /home/maxim/super_ws/install/px4_msgs/include/px4_msgs/px4_msgs/msg/detail/figure_eight_status__struct.h\n'}
[2.007719] (px4_msgs) StdoutLine: {'line': b'-- Up-to-date symlink: /home/maxim/super_ws/install/px4_msgs/include/px4_msgs/px4_msgs/msg/detail/figure_eight_status__type_support.h\n'}
[2.007870] (px4_msgs) StdoutLine: {'line': b'-- Up-to-date symlink: /home/maxim/super_ws/install/px4_msgs/include/px4_msgs/px4_msgs/msg/detail/fixed_wing_lateral_guidance_status__functions.h\n'}
[2.007982] (px4_msgs) StdoutLine: {'line': b'-- Up-to-date symlink: /home/maxim/super_ws/install/px4_msgs/include/px4_msgs/px4_msgs/msg/detail/fixed_wing_lateral_guidance_status__struct.h\n'}
[2.008163] (px4_msgs) StdoutLine: {'line': b'-- Up-to-date symlink: /home/maxim/super_ws/install/px4_msgs/include/px4_msgs/px4_msgs/msg/detail/fixed_wing_lateral_guidance_status__type_support.h\n'}
[2.008351] (px4_msgs) StdoutLine: {'line': b'-- Up-to-date symlink: /home/maxim/super_ws/install/px4_msgs/include/px4_msgs/px4_msgs/msg/detail/fixed_wing_lateral_setpoint__functions.h\n'}
[2.008505] (px4_msgs) StdoutLine: {'line': b'-- Up-to-date symlink: /home/maxim/super_ws/install/px4_msgs/include/px4_msgs/px4_msgs/msg/detail/fixed_wing_lateral_setpoint__struct.h\n'}
[2.008660] (px4_msgs) StdoutLine: {'line': b'-- Up-to-date symlink: /home/maxim/super_ws/install/px4_msgs/include/px4_msgs/px4_msgs/msg/detail/fixed_wing_lateral_setpoint__type_support.h\n'}
[2.008800] (px4_msgs) StdoutLine: {'line': b'-- Up-to-date symlink: /home/maxim/super_ws/install/px4_msgs/include/px4_msgs/px4_msgs/msg/detail/fixed_wing_lateral_status__functions.h\n'}
[2.008964] (px4_msgs) StdoutLine: {'line': b'-- Up-to-date symlink: /home/maxim/super_ws/install/px4_msgs/include/px4_msgs/px4_msgs/msg/detail/fixed_wing_lateral_status__struct.h\n'}
[2.009145] (px4_msgs) StdoutLine: {'line': b'-- Up-to-date symlink: /home/maxim/super_ws/install/px4_msgs/include/px4_msgs/px4_msgs/msg/detail/fixed_wing_lateral_status__type_support.h\n'}
[2.009282] (px4_msgs) StdoutLine: {'line': b'-- Up-to-date symlink: /home/maxim/super_ws/install/px4_msgs/include/px4_msgs/px4_msgs/msg/detail/fixed_wing_longitudinal_setpoint__functions.h\n'}
[2.009454] (px4_msgs) StdoutLine: {'line': b'-- Up-to-date symlink: /home/maxim/super_ws/install/px4_msgs/include/px4_msgs/px4_msgs/msg/detail/fixed_wing_longitudinal_setpoint__struct.h\n'}
[2.009683] (px4_msgs) StdoutLine: {'line': b'-- Up-to-date symlink: /home/maxim/super_ws/install/px4_msgs/include/px4_msgs/px4_msgs/msg/detail/fixed_wing_longitudinal_setpoint__type_support.h\n'}
[2.009811] (px4_msgs) StdoutLine: {'line': b'-- Up-to-date symlink: /home/maxim/super_ws/install/px4_msgs/include/px4_msgs/px4_msgs/msg/detail/fixed_wing_runway_control__functions.h\n'}
[2.010009] (px4_msgs) StdoutLine: {'line': b'-- Up-to-date symlink: /home/maxim/super_ws/install/px4_msgs/include/px4_msgs/px4_msgs/msg/detail/fixed_wing_runway_control__struct.h\n'}
[2.010152] (px4_msgs) StdoutLine: {'line': b'-- Up-to-date symlink: /home/maxim/super_ws/install/px4_msgs/include/px4_msgs/px4_msgs/msg/detail/fixed_wing_runway_control__type_support.h\n'}
[2.010353] (px4_msgs) StdoutLine: {'line': b'-- Up-to-date symlink: /home/maxim/super_ws/install/px4_msgs/include/px4_msgs/px4_msgs/msg/detail/flight_phase_estimation__functions.h\n'}
[2.010485] (px4_msgs) StdoutLine: {'line': b'-- Up-to-date symlink: /home/maxim/super_ws/install/px4_msgs/include/px4_msgs/px4_msgs/msg/detail/flight_phase_estimation__struct.h\n'}
[2.010679] (px4_msgs) StdoutLine: {'line': b'-- Up-to-date symlink: /home/maxim/super_ws/install/px4_msgs/include/px4_msgs/px4_msgs/msg/detail/flight_phase_estimation__type_support.h\n'}
[2.010816] (px4_msgs) StdoutLine: {'line': b'-- Up-to-date symlink: /home/maxim/super_ws/install/px4_msgs/include/px4_msgs/px4_msgs/msg/detail/follow_target__functions.h\n'}
[2.010963] (px4_msgs) StdoutLine: {'line': b'-- Up-to-date symlink: /home/maxim/super_ws/install/px4_msgs/include/px4_msgs/px4_msgs/msg/detail/follow_target__struct.h\n'}
[2.011049] (px4_msgs) StdoutLine: {'line': b'-- Up-to-date symlink: /home/maxim/super_ws/install/px4_msgs/include/px4_msgs/px4_msgs/msg/detail/follow_target__type_support.h\n'}
[2.011301] (px4_msgs) StdoutLine: {'line': b'-- Up-to-date symlink: /home/maxim/super_ws/install/px4_msgs/include/px4_msgs/px4_msgs/msg/detail/follow_target_estimator__functions.h\n'}
[2.011472] (px4_msgs) StdoutLine: {'line': b'-- Up-to-date symlink: /home/maxim/super_ws/install/px4_msgs/include/px4_msgs/px4_msgs/msg/detail/follow_target_estimator__struct.h\n'}
[2.011633] (px4_msgs) StdoutLine: {'line': b'-- Up-to-date symlink: /home/maxim/super_ws/install/px4_msgs/include/px4_msgs/px4_msgs/msg/detail/follow_target_estimator__type_support.h\n'}
[2.011766] (px4_msgs) StdoutLine: {'line': b'-- Up-to-date symlink: /home/maxim/super_ws/install/px4_msgs/include/px4_msgs/px4_msgs/msg/detail/follow_target_status__functions.h\n'}
[2.011910] (px4_msgs) StdoutLine: {'line': b'-- Up-to-date symlink: /home/maxim/super_ws/install/px4_msgs/include/px4_msgs/px4_msgs/msg/detail/follow_target_status__struct.h\n'}
[2.012059] (px4_msgs) StdoutLine: {'line': b'-- Up-to-date symlink: /home/maxim/super_ws/install/px4_msgs/include/px4_msgs/px4_msgs/msg/detail/follow_target_status__type_support.h\n'}
[2.012284] (px4_msgs) StdoutLine: {'line': b'-- Up-to-date symlink: /home/maxim/super_ws/install/px4_msgs/include/px4_msgs/px4_msgs/msg/detail/fuel_tank_status__functions.h\n'}
[2.012402] (px4_msgs) StdoutLine: {'line': b'-- Up-to-date symlink: /home/maxim/super_ws/install/px4_msgs/include/px4_msgs/px4_msgs/msg/detail/fuel_tank_status__struct.h\n'}
[2.012603] (px4_msgs) StdoutLine: {'line': b'-- Up-to-date symlink: /home/maxim/super_ws/install/px4_msgs/include/px4_msgs/px4_msgs/msg/detail/fuel_tank_status__type_support.h\n'}
[2.012824] (px4_msgs) StdoutLine: {'line': b'-- Up-to-date symlink: /home/maxim/super_ws/install/px4_msgs/include/px4_msgs/px4_msgs/msg/detail/gain_compression__functions.h\n'}
[2.012972] (px4_msgs) StdoutLine: {'line': b'-- Up-to-date symlink: /home/maxim/super_ws/install/px4_msgs/include/px4_msgs/px4_msgs/msg/detail/gain_compression__struct.h\n'}
[2.013061] (px4_msgs) StdoutLine: {'line': b'-- Up-to-date symlink: /home/maxim/super_ws/install/px4_msgs/include/px4_msgs/px4_msgs/msg/detail/gain_compression__type_support.h\n'}
[2.013289] (px4_msgs) StdoutLine: {'line': b'-- Up-to-date symlink: /home/maxim/super_ws/install/px4_msgs/include/px4_msgs/px4_msgs/msg/detail/generator_status__functions.h\n'}
[2.013451] (px4_msgs) StdoutLine: {'line': b'-- Up-to-date symlink: /home/maxim/super_ws/install/px4_msgs/include/px4_msgs/px4_msgs/msg/detail/generator_status__struct.h\n'}
[2.013607] (px4_msgs) StdoutLine: {'line': b'-- Up-to-date symlink: /home/maxim/super_ws/install/px4_msgs/include/px4_msgs/px4_msgs/msg/detail/generator_status__type_support.h\n'}
[2.013785] (px4_msgs) StdoutLine: {'line': b'-- Up-to-date symlink: /home/maxim/super_ws/install/px4_msgs/include/px4_msgs/px4_msgs/msg/detail/geofence_result__functions.h\n'}
[2.013944] (px4_msgs) StdoutLine: {'line': b'-- Up-to-date symlink: /home/maxim/super_ws/install/px4_msgs/include/px4_msgs/px4_msgs/msg/detail/geofence_result__struct.h\n'}
[2.014095] (px4_msgs) StdoutLine: {'line': b'-- Up-to-date symlink: /home/maxim/super_ws/install/px4_msgs/include/px4_msgs/px4_msgs/msg/detail/geofence_result__type_support.h\n'}
[2.014265] (px4_msgs) StdoutLine: {'line': b'-- Up-to-date symlink: /home/maxim/super_ws/install/px4_msgs/include/px4_msgs/px4_msgs/msg/detail/geofence_status__functions.h\n'}
[2.014485] (px4_msgs) StdoutLine: {'line': b'-- Up-to-date symlink: /home/maxim/super_ws/install/px4_msgs/include/px4_msgs/px4_msgs/msg/detail/geofence_status__struct.h\n'}
[2.014687] (px4_msgs) StdoutLine: {'line': b'-- Up-to-date symlink: /home/maxim/super_ws/install/px4_msgs/include/px4_msgs/px4_msgs/msg/detail/geofence_status__type_support.h\n'}
[2.014848] (px4_msgs) StdoutLine: {'line': b'-- Up-to-date symlink: /home/maxim/super_ws/install/px4_msgs/include/px4_msgs/px4_msgs/msg/detail/gimbal_controls__functions.h\n'}
[2.015011] (px4_msgs) StdoutLine: {'line': b'-- Up-to-date symlink: /home/maxim/super_ws/install/px4_msgs/include/px4_msgs/px4_msgs/msg/detail/gimbal_controls__struct.h\n'}
[2.015194] (px4_msgs) StdoutLine: {'line': b'-- Up-to-date symlink: /home/maxim/super_ws/install/px4_msgs/include/px4_msgs/px4_msgs/msg/detail/gimbal_controls__type_support.h\n'}
[2.015367] (px4_msgs) StdoutLine: {'line': b'-- Up-to-date symlink: /home/maxim/super_ws/install/px4_msgs/include/px4_msgs/px4_msgs/msg/detail/gimbal_device_attitude_status__functions.h\n'}
[2.016202] (px4_msgs) StdoutLine: {'line': b'-- Up-to-date symlink: /home/maxim/super_ws/install/px4_msgs/include/px4_msgs/px4_msgs/msg/detail/gimbal_device_attitude_status__struct.h\n'}
[2.016280] (px4_msgs) StdoutLine: {'line': b'-- Up-to-date symlink: /home/maxim/super_ws/install/px4_msgs/include/px4_msgs/px4_msgs/msg/detail/gimbal_device_attitude_status__type_support.h\n'}
[2.016339] (px4_msgs) StdoutLine: {'line': b'-- Up-to-date symlink: /home/maxim/super_ws/install/px4_msgs/include/px4_msgs/px4_msgs/msg/detail/gimbal_device_information__functions.h\n'}
[2.016391] (px4_msgs) StdoutLine: {'line': b'-- Up-to-date symlink: /home/maxim/super_ws/install/px4_msgs/include/px4_msgs/px4_msgs/msg/detail/gimbal_device_information__struct.h\n'}
[2.016502] (px4_msgs) StdoutLine: {'line': b'-- Up-to-date symlink: /home/maxim/super_ws/install/px4_msgs/include/px4_msgs/px4_msgs/msg/detail/gimbal_device_information__type_support.h\n'}
[2.016564] (px4_msgs) StdoutLine: {'line': b'-- Up-to-date symlink: /home/maxim/super_ws/install/px4_msgs/include/px4_msgs/px4_msgs/msg/detail/gimbal_device_set_attitude__functions.h\n'}
[2.016722] (px4_msgs) StdoutLine: {'line': b'-- Up-to-date symlink: /home/maxim/super_ws/install/px4_msgs/include/px4_msgs/px4_msgs/msg/detail/gimbal_device_set_attitude__struct.h\n'}
[2.016810] (px4_msgs) StdoutLine: {'line': b'-- Up-to-date symlink: /home/maxim/super_ws/install/px4_msgs/include/px4_msgs/px4_msgs/msg/detail/gimbal_device_set_attitude__type_support.h\n'}
[2.016979] (px4_msgs) StdoutLine: {'line': b'-- Up-to-date symlink: /home/maxim/super_ws/install/px4_msgs/include/px4_msgs/px4_msgs/msg/detail/gimbal_manager_information__functions.h\n'}
[2.017204] (px4_msgs) StdoutLine: {'line': b'-- Up-to-date symlink: /home/maxim/super_ws/install/px4_msgs/include/px4_msgs/px4_msgs/msg/detail/gimbal_manager_information__struct.h\n'}
[2.017423] (px4_msgs) StdoutLine: {'line': b'-- Up-to-date symlink: /home/maxim/super_ws/install/px4_msgs/include/px4_msgs/px4_msgs/msg/detail/gimbal_manager_information__type_support.h\n'}
[2.017614] (px4_msgs) StdoutLine: {'line': b'-- Up-to-date symlink: /home/maxim/super_ws/install/px4_msgs/include/px4_msgs/px4_msgs/msg/detail/gimbal_manager_set_attitude__functions.h\n'}
[2.017811] (px4_msgs) StdoutLine: {'line': b'-- Up-to-date symlink: /home/maxim/super_ws/install/px4_msgs/include/px4_msgs/px4_msgs/msg/detail/gimbal_manager_set_attitude__struct.h\n'}
[2.018011] (px4_msgs) StdoutLine: {'line': b'-- Up-to-date symlink: /home/maxim/super_ws/install/px4_msgs/include/px4_msgs/px4_msgs/msg/detail/gimbal_manager_set_attitude__type_support.h\n'}
[2.018213] (px4_msgs) StdoutLine: {'line': b'-- Up-to-date symlink: /home/maxim/super_ws/install/px4_msgs/include/px4_msgs/px4_msgs/msg/detail/gimbal_manager_set_manual_control__functions.h\n'}
[2.018410] (px4_msgs) StdoutLine: {'line': b'-- Up-to-date symlink: /home/maxim/super_ws/install/px4_msgs/include/px4_msgs/px4_msgs/msg/detail/gimbal_manager_set_manual_control__struct.h\n'}
[2.018533] (px4_msgs) StdoutLine: {'line': b'-- Up-to-date symlink: /home/maxim/super_ws/install/px4_msgs/include/px4_msgs/px4_msgs/msg/detail/gimbal_manager_set_manual_control__type_support.h\n'}
[2.018720] (px4_msgs) StdoutLine: {'line': b'-- Up-to-date symlink: /home/maxim/super_ws/install/px4_msgs/include/px4_msgs/px4_msgs/msg/detail/gimbal_manager_status__functions.h\n'}
[2.018835] (px4_msgs) StdoutLine: {'line': b'-- Up-to-date symlink: /home/maxim/super_ws/install/px4_msgs/include/px4_msgs/px4_msgs/msg/detail/gimbal_manager_status__struct.h\n'}
[2.019050] (px4_msgs) StdoutLine: {'line': b'-- Up-to-date symlink: /home/maxim/super_ws/install/px4_msgs/include/px4_msgs/px4_msgs/msg/detail/gimbal_manager_status__type_support.h\n'}
[2.019229] (px4_msgs) StdoutLine: {'line': b'-- Up-to-date symlink: /home/maxim/super_ws/install/px4_msgs/include/px4_msgs/px4_msgs/msg/detail/goto_setpoint__functions.h\n'}
[2.019402] (px4_msgs) StdoutLine: {'line': b'-- Up-to-date symlink: /home/maxim/super_ws/install/px4_msgs/include/px4_msgs/px4_msgs/msg/detail/goto_setpoint__struct.h\n'}
[2.019538] (px4_msgs) StdoutLine: {'line': b'-- Up-to-date symlink: /home/maxim/super_ws/install/px4_msgs/include/px4_msgs/px4_msgs/msg/detail/goto_setpoint__type_support.h\n'}
[2.019711] (px4_msgs) StdoutLine: {'line': b'-- Up-to-date symlink: /home/maxim/super_ws/install/px4_msgs/include/px4_msgs/px4_msgs/msg/detail/gpio_config__functions.h\n'}
[2.019884] (px4_msgs) StdoutLine: {'line': b'-- Up-to-date symlink: /home/maxim/super_ws/install/px4_msgs/include/px4_msgs/px4_msgs/msg/detail/gpio_config__struct.h\n'}
[2.020063] (px4_msgs) StdoutLine: {'line': b'-- Up-to-date symlink: /home/maxim/super_ws/install/px4_msgs/include/px4_msgs/px4_msgs/msg/detail/gpio_config__type_support.h\n'}
[2.020237] (px4_msgs) StdoutLine: {'line': b'-- Up-to-date symlink: /home/maxim/super_ws/install/px4_msgs/include/px4_msgs/px4_msgs/msg/detail/gpio_in__functions.h\n'}
[2.020403] (px4_msgs) StdoutLine: {'line': b'-- Up-to-date symlink: /home/maxim/super_ws/install/px4_msgs/include/px4_msgs/px4_msgs/msg/detail/gpio_in__struct.h\n'}
[2.020569] (px4_msgs) StdoutLine: {'line': b'-- Up-to-date symlink: /home/maxim/super_ws/install/px4_msgs/include/px4_msgs/px4_msgs/msg/detail/gpio_in__type_support.h\n'}
[2.020734] (px4_msgs) StdoutLine: {'line': b'-- Up-to-date symlink: /home/maxim/super_ws/install/px4_msgs/include/px4_msgs/px4_msgs/msg/detail/gpio_out__functions.h\n'}
[2.020882] (px4_msgs) StdoutLine: {'line': b'-- Up-to-date symlink: /home/maxim/super_ws/install/px4_msgs/include/px4_msgs/px4_msgs/msg/detail/gpio_out__struct.h\n'}
[2.021030] (px4_msgs) StdoutLine: {'line': b'-- Up-to-date symlink: /home/maxim/super_ws/install/px4_msgs/include/px4_msgs/px4_msgs/msg/detail/gpio_out__type_support.h\n'}
[2.021183] (px4_msgs) StdoutLine: {'line': b'-- Up-to-date symlink: /home/maxim/super_ws/install/px4_msgs/include/px4_msgs/px4_msgs/msg/detail/gpio_request__functions.h\n'}
[2.023230] (px4_msgs) StdoutLine: {'line': b'-- Up-to-date symlink: /home/maxim/super_ws/install/px4_msgs/include/px4_msgs/px4_msgs/msg/detail/gpio_request__struct.h\n'}
[2.023372] (px4_msgs) StdoutLine: {'line': b'-- Up-to-date symlink: /home/maxim/super_ws/install/px4_msgs/include/px4_msgs/px4_msgs/msg/detail/gpio_request__type_support.h\n'}
[2.023709] (px4_msgs) StdoutLine: {'line': b'-- Up-to-date symlink: /home/maxim/super_ws/install/px4_msgs/include/px4_msgs/px4_msgs/msg/detail/gps_dump__functions.h\n'}
[2.023776] (px4_msgs) StdoutLine: {'line': b'-- Up-to-date symlink: /home/maxim/super_ws/install/px4_msgs/include/px4_msgs/px4_msgs/msg/detail/gps_dump__struct.h\n'}
[2.024001] (px4_msgs) StdoutLine: {'line': b'-- Up-to-date symlink: /home/maxim/super_ws/install/px4_msgs/include/px4_msgs/px4_msgs/msg/detail/gps_dump__type_support.h\n'}
[2.024271] (px4_msgs) StdoutLine: {'line': b'-- Up-to-date symlink: /home/maxim/super_ws/install/px4_msgs/include/px4_msgs/px4_msgs/msg/detail/gps_inject_data__functions.h\n'}
[2.024337] (px4_msgs) StdoutLine: {'line': b'-- Up-to-date symlink: /home/maxim/super_ws/install/px4_msgs/include/px4_msgs/px4_msgs/msg/detail/gps_inject_data__struct.h\n'}
[2.024647] (px4_msgs) StdoutLine: {'line': b'-- Up-to-date symlink: /home/maxim/super_ws/install/px4_msgs/include/px4_msgs/px4_msgs/msg/detail/gps_inject_data__type_support.h\n'}
[2.024710] (px4_msgs) StdoutLine: {'line': b'-- Up-to-date symlink: /home/maxim/super_ws/install/px4_msgs/include/px4_msgs/px4_msgs/msg/detail/gripper__functions.h\n'}
[2.025005] (px4_msgs) StdoutLine: {'line': b'-- Up-to-date symlink: /home/maxim/super_ws/install/px4_msgs/include/px4_msgs/px4_msgs/msg/detail/gripper__struct.h\n'}
[2.025077] (px4_msgs) StdoutLine: {'line': b'-- Up-to-date symlink: /home/maxim/super_ws/install/px4_msgs/include/px4_msgs/px4_msgs/msg/detail/gripper__type_support.h\n'}
[2.025345] (px4_msgs) StdoutLine: {'line': b'-- Up-to-date symlink: /home/maxim/super_ws/install/px4_msgs/include/px4_msgs/px4_msgs/msg/detail/health_report__functions.h\n'}
[2.025452] (px4_msgs) StdoutLine: {'line': b'-- Up-to-date symlink: /home/maxim/super_ws/install/px4_msgs/include/px4_msgs/px4_msgs/msg/detail/health_report__struct.h\n'}
[2.025510] (px4_msgs) StdoutLine: {'line': b'-- Up-to-date symlink: /home/maxim/super_ws/install/px4_msgs/include/px4_msgs/px4_msgs/msg/detail/health_report__type_support.h\n'}
[2.025804] (px4_msgs) StdoutLine: {'line': b'-- Up-to-date symlink: /home/maxim/super_ws/install/px4_msgs/include/px4_msgs/px4_msgs/msg/detail/heater_status__functions.h\n'}
[2.025876] (px4_msgs) StdoutLine: {'line': b'-- Up-to-date symlink: /home/maxim/super_ws/install/px4_msgs/include/px4_msgs/px4_msgs/msg/detail/heater_status__struct.h\n'}
[2.025931] (px4_msgs) StdoutLine: {'line': b'-- Up-to-date symlink: /home/maxim/super_ws/install/px4_msgs/include/px4_msgs/px4_msgs/msg/detail/heater_status__type_support.h\n'}
[2.026239] (px4_msgs) StdoutLine: {'line': b'-- Up-to-date symlink: /home/maxim/super_ws/install/px4_msgs/include/px4_msgs/px4_msgs/msg/detail/home_position__functions.h\n'}
[2.026298] (px4_msgs) StdoutLine: {'line': b'-- Up-to-date symlink: /home/maxim/super_ws/install/px4_msgs/include/px4_msgs/px4_msgs/msg/detail/home_position__struct.h\n'}
[2.026352] (px4_msgs) StdoutLine: {'line': b'-- Up-to-date symlink: /home/maxim/super_ws/install/px4_msgs/include/px4_msgs/px4_msgs/msg/detail/home_position__type_support.h\n'}
[2.026650] (px4_msgs) StdoutLine: {'line': b'-- Up-to-date symlink: /home/maxim/super_ws/install/px4_msgs/include/px4_msgs/px4_msgs/msg/detail/hover_thrust_estimate__functions.h\n'}
[2.026716] (px4_msgs) StdoutLine: {'line': b'-- Up-to-date symlink: /home/maxim/super_ws/install/px4_msgs/include/px4_msgs/px4_msgs/msg/detail/hover_thrust_estimate__struct.h\n'}
[2.026770] (px4_msgs) StdoutLine: {'line': b'-- Up-to-date symlink: /home/maxim/super_ws/install/px4_msgs/include/px4_msgs/px4_msgs/msg/detail/hover_thrust_estimate__type_support.h\n'}
[2.027056] (px4_msgs) StdoutLine: {'line': b'-- Up-to-date symlink: /home/maxim/super_ws/install/px4_msgs/include/px4_msgs/px4_msgs/msg/detail/input_rc__functions.h\n'}
[2.027131] (px4_msgs) StdoutLine: {'line': b'-- Up-to-date symlink: /home/maxim/super_ws/install/px4_msgs/include/px4_msgs/px4_msgs/msg/detail/input_rc__struct.h\n'}
[2.027482] (px4_msgs) StdoutLine: {'line': b'-- Up-to-date symlink: /home/maxim/super_ws/install/px4_msgs/include/px4_msgs/px4_msgs/msg/detail/input_rc__type_support.h\n'}
[2.027544] (px4_msgs) StdoutLine: {'line': b'-- Up-to-date symlink: /home/maxim/super_ws/install/px4_msgs/include/px4_msgs/px4_msgs/msg/detail/internal_combustion_engine_control__functions.h\n'}
[2.028326] (px4_msgs) StdoutLine: {'line': b'-- Up-to-date symlink: /home/maxim/super_ws/install/px4_msgs/include/px4_msgs/px4_msgs/msg/detail/internal_combustion_engine_control__struct.h\n'}
[2.028420] (px4_msgs) StdoutLine: {'line': b'-- Up-to-date symlink: /home/maxim/super_ws/install/px4_msgs/include/px4_msgs/px4_msgs/msg/detail/internal_combustion_engine_control__type_support.h\n'}
[2.028481] (px4_msgs) StdoutLine: {'line': b'-- Up-to-date symlink: /home/maxim/super_ws/install/px4_msgs/include/px4_msgs/px4_msgs/msg/detail/internal_combustion_engine_status__functions.h\n'}
[2.028536] (px4_msgs) StdoutLine: {'line': b'-- Up-to-date symlink: /home/maxim/super_ws/install/px4_msgs/include/px4_msgs/px4_msgs/msg/detail/internal_combustion_engine_status__struct.h\n'}
[2.028592] (px4_msgs) StdoutLine: {'line': b'-- Up-to-date symlink: /home/maxim/super_ws/install/px4_msgs/include/px4_msgs/px4_msgs/msg/detail/internal_combustion_engine_status__type_support.h\n'}
[2.028687] (px4_msgs) StdoutLine: {'line': b'-- Up-to-date symlink: /home/maxim/super_ws/install/px4_msgs/include/px4_msgs/px4_msgs/msg/detail/iridiumsbd_status__functions.h\n'}
[2.028747] (px4_msgs) StdoutLine: {'line': b'-- Up-to-date symlink: /home/maxim/super_ws/install/px4_msgs/include/px4_msgs/px4_msgs/msg/detail/iridiumsbd_status__struct.h\n'}
[2.029404] (px4_msgs) StdoutLine: {'line': b'-- Up-to-date symlink: /home/maxim/super_ws/install/px4_msgs/include/px4_msgs/px4_msgs/msg/detail/iridiumsbd_status__type_support.h\n'}
[2.029633] (px4_msgs) StdoutLine: {'line': b'-- Up-to-date symlink: /home/maxim/super_ws/install/px4_msgs/include/px4_msgs/px4_msgs/msg/detail/irlock_report__functions.h\n'}
[2.029819] (px4_msgs) StdoutLine: {'line': b'-- Up-to-date symlink: /home/maxim/super_ws/install/px4_msgs/include/px4_msgs/px4_msgs/msg/detail/irlock_report__struct.h\n'}
[2.030004] (px4_msgs) StdoutLine: {'line': b'-- Up-to-date symlink: /home/maxim/super_ws/install/px4_msgs/include/px4_msgs/px4_msgs/msg/detail/irlock_report__type_support.h\n'}
[2.030449] (px4_msgs) StdoutLine: {'line': b'-- Up-to-date symlink: /home/maxim/super_ws/install/px4_msgs/include/px4_msgs/px4_msgs/msg/detail/landing_gear__functions.h\n'}
[2.030530] (px4_msgs) StdoutLine: {'line': b'-- Up-to-date symlink: /home/maxim/super_ws/install/px4_msgs/include/px4_msgs/px4_msgs/msg/detail/landing_gear__struct.h\n'}
[2.030639] (px4_msgs) StdoutLine: {'line': b'-- Up-to-date symlink: /home/maxim/super_ws/install/px4_msgs/include/px4_msgs/px4_msgs/msg/detail/landing_gear__type_support.h\n'}
[2.030823] (px4_msgs) StdoutLine: {'line': b'-- Up-to-date symlink: /home/maxim/super_ws/install/px4_msgs/include/px4_msgs/px4_msgs/msg/detail/landing_gear_wheel__functions.h\n'}
[2.030994] (px4_msgs) StdoutLine: {'line': b'-- Up-to-date symlink: /home/maxim/super_ws/install/px4_msgs/include/px4_msgs/px4_msgs/msg/detail/landing_gear_wheel__struct.h\n'}
[2.031166] (px4_msgs) StdoutLine: {'line': b'-- Up-to-date symlink: /home/maxim/super_ws/install/px4_msgs/include/px4_msgs/px4_msgs/msg/detail/landing_gear_wheel__type_support.h\n'}
[2.034142] (px4_msgs) StdoutLine: {'line': b'-- Up-to-date symlink: /home/maxim/super_ws/install/px4_msgs/include/px4_msgs/px4_msgs/msg/detail/landing_target_innovations__functions.h\n'}
[2.034274] (px4_msgs) StdoutLine: {'line': b'-- Up-to-date symlink: /home/maxim/super_ws/install/px4_msgs/include/px4_msgs/px4_msgs/msg/detail/landing_target_innovations__struct.h\n'}
[2.034361] (px4_msgs) StdoutLine: {'line': b'-- Up-to-date symlink: /home/maxim/super_ws/install/px4_msgs/include/px4_msgs/px4_msgs/msg/detail/landing_target_innovations__type_support.h\n'}
[2.034417] (px4_msgs) StdoutLine: {'line': b'-- Up-to-date symlink: /home/maxim/super_ws/install/px4_msgs/include/px4_msgs/px4_msgs/msg/detail/landing_target_pose__functions.h\n'}
[2.034513] (px4_msgs) StdoutLine: {'line': b'-- Up-to-date symlink: /home/maxim/super_ws/install/px4_msgs/include/px4_msgs/px4_msgs/msg/detail/landing_target_pose__struct.h\n'}
[2.034569] (px4_msgs) StdoutLine: {'line': b'-- Up-to-date symlink: /home/maxim/super_ws/install/px4_msgs/include/px4_msgs/px4_msgs/msg/detail/landing_target_pose__type_support.h\n'}
[2.034648] (px4_msgs) StdoutLine: {'line': b'-- Up-to-date symlink: /home/maxim/super_ws/install/px4_msgs/include/px4_msgs/px4_msgs/msg/detail/lateral_control_configuration__functions.h\n'}
[2.034709] (px4_msgs) StdoutLine: {'line': b'-- Up-to-date symlink: /home/maxim/super_ws/install/px4_msgs/include/px4_msgs/px4_msgs/msg/detail/lateral_control_configuration__struct.h\n'}
[2.034762] (px4_msgs) StdoutLine: {'line': b'-- Up-to-date symlink: /home/maxim/super_ws/install/px4_msgs/include/px4_msgs/px4_msgs/msg/detail/lateral_control_configuration__type_support.h\n'}
[2.034846] (px4_msgs) StdoutLine: {'line': b'-- Up-to-date symlink: /home/maxim/super_ws/install/px4_msgs/include/px4_msgs/px4_msgs/msg/detail/launch_detection_status__functions.h\n'}
[2.034902] (px4_msgs) StdoutLine: {'line': b'-- Up-to-date symlink: /home/maxim/super_ws/install/px4_msgs/include/px4_msgs/px4_msgs/msg/detail/launch_detection_status__struct.h\n'}
[2.034962] (px4_msgs) StdoutLine: {'line': b'-- Up-to-date symlink: /home/maxim/super_ws/install/px4_msgs/include/px4_msgs/px4_msgs/msg/detail/launch_detection_status__type_support.h\n'}
[2.035044] (px4_msgs) StdoutLine: {'line': b'-- Up-to-date symlink: /home/maxim/super_ws/install/px4_msgs/include/px4_msgs/px4_msgs/msg/detail/led_control__functions.h\n'}
[2.035102] (px4_msgs) StdoutLine: {'line': b'-- Up-to-date symlink: /home/maxim/super_ws/install/px4_msgs/include/px4_msgs/px4_msgs/msg/detail/led_control__struct.h\n'}
[2.035160] (px4_msgs) StdoutLine: {'line': b'-- Up-to-date symlink: /home/maxim/super_ws/install/px4_msgs/include/px4_msgs/px4_msgs/msg/detail/led_control__type_support.h\n'}
[2.035238] (px4_msgs) StdoutLine: {'line': b'-- Up-to-date symlink: /home/maxim/super_ws/install/px4_msgs/include/px4_msgs/px4_msgs/msg/detail/log_message__functions.h\n'}
[2.035291] (px4_msgs) StdoutLine: {'line': b'-- Up-to-date symlink: /home/maxim/super_ws/install/px4_msgs/include/px4_msgs/px4_msgs/msg/detail/log_message__struct.h\n'}
[2.035349] (px4_msgs) StdoutLine: {'line': b'-- Up-to-date symlink: /home/maxim/super_ws/install/px4_msgs/include/px4_msgs/px4_msgs/msg/detail/log_message__type_support.h\n'}
[2.035427] (px4_msgs) StdoutLine: {'line': b'-- Up-to-date symlink: /home/maxim/super_ws/install/px4_msgs/include/px4_msgs/px4_msgs/msg/detail/logger_status__functions.h\n'}
[2.035480] (px4_msgs) StdoutLine: {'line': b'-- Up-to-date symlink: /home/maxim/super_ws/install/px4_msgs/include/px4_msgs/px4_msgs/msg/detail/logger_status__struct.h\n'}
[2.035532] (px4_msgs) StdoutLine: {'line': b'-- Up-to-date symlink: /home/maxim/super_ws/install/px4_msgs/include/px4_msgs/px4_msgs/msg/detail/logger_status__type_support.h\n'}
[2.035618] (px4_msgs) StdoutLine: {'line': b'-- Up-to-date symlink: /home/maxim/super_ws/install/px4_msgs/include/px4_msgs/px4_msgs/msg/detail/longitudinal_control_configuration__functions.h\n'}
[2.035674] (px4_msgs) StdoutLine: {'line': b'-- Up-to-date symlink: /home/maxim/super_ws/install/px4_msgs/include/px4_msgs/px4_msgs/msg/detail/longitudinal_control_configuration__struct.h\n'}
[2.035942] (px4_msgs) StdoutLine: {'line': b'-- Up-to-date symlink: /home/maxim/super_ws/install/px4_msgs/include/px4_msgs/px4_msgs/msg/detail/longitudinal_control_configuration__type_support.h\n'}
[2.036012] (px4_msgs) StdoutLine: {'line': b'-- Up-to-date symlink: /home/maxim/super_ws/install/px4_msgs/include/px4_msgs/px4_msgs/msg/detail/mag_worker_data__functions.h\n'}
[2.036073] (px4_msgs) StdoutLine: {'line': b'-- Up-to-date symlink: /home/maxim/super_ws/install/px4_msgs/include/px4_msgs/px4_msgs/msg/detail/mag_worker_data__struct.h\n'}
[2.039232] (px4_msgs) StdoutLine: {'line': b'-- Up-to-date symlink: /home/maxim/super_ws/install/px4_msgs/include/px4_msgs/px4_msgs/msg/detail/mag_worker_data__type_support.h\n'}
[2.039375] (px4_msgs) StdoutLine: {'line': b'-- Up-to-date symlink: /home/maxim/super_ws/install/px4_msgs/include/px4_msgs/px4_msgs/msg/detail/magnetometer_bias_estimate__functions.h\n'}
[2.039450] (px4_msgs) StdoutLine: {'line': b'-- Up-to-date symlink: /home/maxim/super_ws/install/px4_msgs/include/px4_msgs/px4_msgs/msg/detail/magnetometer_bias_estimate__struct.h\n'}
[2.039540] (px4_msgs) StdoutLine: {'line': b'-- Up-to-date symlink: /home/maxim/super_ws/install/px4_msgs/include/px4_msgs/px4_msgs/msg/detail/magnetometer_bias_estimate__type_support.h\n'}
[2.039601] (px4_msgs) StdoutLine: {'line': b'-- Up-to-date symlink: /home/maxim/super_ws/install/px4_msgs/include/px4_msgs/px4_msgs/msg/detail/manual_control_setpoint__functions.h\n'}
[2.039662] (px4_msgs) StdoutLine: {'line': b'-- Up-to-date symlink: /home/maxim/super_ws/install/px4_msgs/include/px4_msgs/px4_msgs/msg/detail/manual_control_setpoint__struct.h\n'}
[2.039761] (px4_msgs) StdoutLine: {'line': b'-- Up-to-date symlink: /home/maxim/super_ws/install/px4_msgs/include/px4_msgs/px4_msgs/msg/detail/manual_control_setpoint__type_support.h\n'}
[2.039820] (px4_msgs) StdoutLine: {'line': b'-- Up-to-date symlink: /home/maxim/super_ws/install/px4_msgs/include/px4_msgs/px4_msgs/msg/detail/manual_control_switches__functions.h\n'}
[2.039873] (px4_msgs) StdoutLine: {'line': b'-- Up-to-date symlink: /home/maxim/super_ws/install/px4_msgs/include/px4_msgs/px4_msgs/msg/detail/manual_control_switches__struct.h\n'}
[2.039940] (px4_msgs) StdoutLine: {'line': b'-- Up-to-date symlink: /home/maxim/super_ws/install/px4_msgs/include/px4_msgs/px4_msgs/msg/detail/manual_control_switches__type_support.h\n'}
[2.040036] (px4_msgs) StdoutLine: {'line': b'-- Up-to-date symlink: /home/maxim/super_ws/install/px4_msgs/include/px4_msgs/px4_msgs/msg/detail/mavlink_log__functions.h\n'}
[2.040095] (px4_msgs) StdoutLine: {'line': b'-- Up-to-date symlink: /home/maxim/super_ws/install/px4_msgs/include/px4_msgs/px4_msgs/msg/detail/mavlink_log__struct.h\n'}
[2.040157] (px4_msgs) StdoutLine: {'line': b'-- Up-to-date symlink: /home/maxim/super_ws/install/px4_msgs/include/px4_msgs/px4_msgs/msg/detail/mavlink_log__type_support.h\n'}
[2.040224] (px4_msgs) StdoutLine: {'line': b'-- Up-to-date symlink: /home/maxim/super_ws/install/px4_msgs/include/px4_msgs/px4_msgs/msg/detail/mavlink_tunnel__functions.h\n'}
[2.040308] (px4_msgs) StdoutLine: {'line': b'-- Up-to-date symlink: /home/maxim/super_ws/install/px4_msgs/include/px4_msgs/px4_msgs/msg/detail/mavlink_tunnel__struct.h\n'}
[2.040372] (px4_msgs) StdoutLine: {'line': b'-- Up-to-date symlink: /home/maxim/super_ws/install/px4_msgs/include/px4_msgs/px4_msgs/msg/detail/mavlink_tunnel__type_support.h\n'}
[2.040471] (px4_msgs) StdoutLine: {'line': b'-- Up-to-date symlink: /home/maxim/super_ws/install/px4_msgs/include/px4_msgs/px4_msgs/msg/detail/message_format_request__functions.h\n'}
[2.040529] (px4_msgs) StdoutLine: {'line': b'-- Up-to-date symlink: /home/maxim/super_ws/install/px4_msgs/include/px4_msgs/px4_msgs/msg/detail/message_format_request__struct.h\n'}
[2.040613] (px4_msgs) StdoutLine: {'line': b'-- Up-to-date symlink: /home/maxim/super_ws/install/px4_msgs/include/px4_msgs/px4_msgs/msg/detail/message_format_request__type_support.h\n'}
[2.040675] (px4_msgs) StdoutLine: {'line': b'-- Up-to-date symlink: /home/maxim/super_ws/install/px4_msgs/include/px4_msgs/px4_msgs/msg/detail/message_format_response__functions.h\n'}
[2.040728] (px4_msgs) StdoutLine: {'line': b'-- Up-to-date symlink: /home/maxim/super_ws/install/px4_msgs/include/px4_msgs/px4_msgs/msg/detail/message_format_response__struct.h\n'}
[2.040785] (px4_msgs) StdoutLine: {'line': b'-- Up-to-date symlink: /home/maxim/super_ws/install/px4_msgs/include/px4_msgs/px4_msgs/msg/detail/message_format_response__type_support.h\n'}
[2.040880] (px4_msgs) StdoutLine: {'line': b'-- Up-to-date symlink: /home/maxim/super_ws/install/px4_msgs/include/px4_msgs/px4_msgs/msg/detail/mission__functions.h\n'}
[2.040942] (px4_msgs) StdoutLine: {'line': b'-- Up-to-date symlink: /home/maxim/super_ws/install/px4_msgs/include/px4_msgs/px4_msgs/msg/detail/mission__struct.h\n'}
[2.040998] (px4_msgs) StdoutLine: {'line': b'-- Up-to-date symlink: /home/maxim/super_ws/install/px4_msgs/include/px4_msgs/px4_msgs/msg/detail/mission__type_support.h\n'}
[2.041086] (px4_msgs) StdoutLine: {'line': b'-- Up-to-date symlink: /home/maxim/super_ws/install/px4_msgs/include/px4_msgs/px4_msgs/msg/detail/mission_result__functions.h\n'}
[2.041152] (px4_msgs) StdoutLine: {'line': b'-- Up-to-date symlink: /home/maxim/super_ws/install/px4_msgs/include/px4_msgs/px4_msgs/msg/detail/mission_result__struct.h\n'}
[2.041205] (px4_msgs) StdoutLine: {'line': b'-- Up-to-date symlink: /home/maxim/super_ws/install/px4_msgs/include/px4_msgs/px4_msgs/msg/detail/mission_result__type_support.h\n'}
[2.041353] (px4_msgs) StdoutLine: {'line': b'-- Up-to-date symlink: /home/maxim/super_ws/install/px4_msgs/include/px4_msgs/px4_msgs/msg/detail/mode_completed__functions.h\n'}
[2.041512] (px4_msgs) StdoutLine: {'line': b'-- Up-to-date symlink: /home/maxim/super_ws/install/px4_msgs/include/px4_msgs/px4_msgs/msg/detail/mode_completed__struct.h\n'}
[2.041726] (px4_msgs) StdoutLine: {'line': b'-- Up-to-date symlink: /home/maxim/super_ws/install/px4_msgs/include/px4_msgs/px4_msgs/msg/detail/mode_completed__type_support.h\n'}
[2.041947] (px4_msgs) StdoutLine: {'line': b'-- Up-to-date symlink: /home/maxim/super_ws/install/px4_msgs/include/px4_msgs/px4_msgs/msg/detail/mount_orientation__functions.h\n'}
[2.042162] (px4_msgs) StdoutLine: {'line': b'-- Up-to-date symlink: /home/maxim/super_ws/install/px4_msgs/include/px4_msgs/px4_msgs/msg/detail/mount_orientation__struct.h\n'}
[2.042379] (px4_msgs) StdoutLine: {'line': b'-- Up-to-date symlink: /home/maxim/super_ws/install/px4_msgs/include/px4_msgs/px4_msgs/msg/detail/mount_orientation__type_support.h\n'}
[2.042592] (px4_msgs) StdoutLine: {'line': b'-- Up-to-date symlink: /home/maxim/super_ws/install/px4_msgs/include/px4_msgs/px4_msgs/msg/detail/navigator_mission_item__functions.h\n'}
[2.042788] (px4_msgs) StdoutLine: {'line': b'-- Up-to-date symlink: /home/maxim/super_ws/install/px4_msgs/include/px4_msgs/px4_msgs/msg/detail/navigator_mission_item__struct.h\n'}
[2.042965] (px4_msgs) StdoutLine: {'line': b'-- Up-to-date symlink: /home/maxim/super_ws/install/px4_msgs/include/px4_msgs/px4_msgs/msg/detail/navigator_mission_item__type_support.h\n'}
[2.043143] (px4_msgs) StdoutLine: {'line': b'-- Up-to-date symlink: /home/maxim/super_ws/install/px4_msgs/include/px4_msgs/px4_msgs/msg/detail/navigator_status__functions.h\n'}
[2.043573] (px4_msgs) StdoutLine: {'line': b'-- Up-to-date symlink: /home/maxim/super_ws/install/px4_msgs/include/px4_msgs/px4_msgs/msg/detail/navigator_status__struct.h\n'}
[2.043752] (px4_msgs) StdoutLine: {'line': b'-- Up-to-date symlink: /home/maxim/super_ws/install/px4_msgs/include/px4_msgs/px4_msgs/msg/detail/navigator_status__type_support.h\n'}
[2.043990] (px4_msgs) StdoutLine: {'line': b'-- Up-to-date symlink: /home/maxim/super_ws/install/px4_msgs/include/px4_msgs/px4_msgs/msg/detail/neural_control__functions.h\n'}
[2.044369] (px4_msgs) StdoutLine: {'line': b'-- Up-to-date symlink: /home/maxim/super_ws/install/px4_msgs/include/px4_msgs/px4_msgs/msg/detail/neural_control__struct.h\n'}
[2.045055] (px4_msgs) StdoutLine: {'line': b'-- Up-to-date symlink: /home/maxim/super_ws/install/px4_msgs/include/px4_msgs/px4_msgs/msg/detail/neural_control__type_support.h\n'}
[2.045286] (px4_msgs) StdoutLine: {'line': b'-- Up-to-date symlink: /home/maxim/super_ws/install/px4_msgs/include/px4_msgs/px4_msgs/msg/detail/normalized_unsigned_setpoint__functions.h\n'}
[2.046264] (px4_msgs) StdoutLine: {'line': b'-- Up-to-date symlink: /home/maxim/super_ws/install/px4_msgs/include/px4_msgs/px4_msgs/msg/detail/normalized_unsigned_setpoint__struct.h\n'}
[2.046370] (px4_msgs) StdoutLine: {'line': b'-- Up-to-date symlink: /home/maxim/super_ws/install/px4_msgs/include/px4_msgs/px4_msgs/msg/detail/normalized_unsigned_setpoint__type_support.h\n'}
[2.046441] (px4_msgs) StdoutLine: {'line': b'-- Up-to-date symlink: /home/maxim/super_ws/install/px4_msgs/include/px4_msgs/px4_msgs/msg/detail/obstacle_distance__functions.h\n'}
[2.046500] (px4_msgs) StdoutLine: {'line': b'-- Up-to-date symlink: /home/maxim/super_ws/install/px4_msgs/include/px4_msgs/px4_msgs/msg/detail/obstacle_distance__struct.h\n'}
[2.046564] (px4_msgs) StdoutLine: {'line': b'-- Up-to-date symlink: /home/maxim/super_ws/install/px4_msgs/include/px4_msgs/px4_msgs/msg/detail/obstacle_distance__type_support.h\n'}
[2.046647] (px4_msgs) StdoutLine: {'line': b'-- Up-to-date symlink: /home/maxim/super_ws/install/px4_msgs/include/px4_msgs/px4_msgs/msg/detail/offboard_control_mode__functions.h\n'}
[2.046713] (px4_msgs) StdoutLine: {'line': b'-- Up-to-date symlink: /home/maxim/super_ws/install/px4_msgs/include/px4_msgs/px4_msgs/msg/detail/offboard_control_mode__struct.h\n'}
[2.046770] (px4_msgs) StdoutLine: {'line': b'-- Up-to-date symlink: /home/maxim/super_ws/install/px4_msgs/include/px4_msgs/px4_msgs/msg/detail/offboard_control_mode__type_support.h\n'}
[2.046945] (px4_msgs) StdoutLine: {'line': b'-- Up-to-date symlink: /home/maxim/super_ws/install/px4_msgs/include/px4_msgs/px4_msgs/msg/detail/onboard_computer_status__functions.h\n'}
[2.047866] (px4_msgs) StdoutLine: {'line': b'-- Up-to-date symlink: /home/maxim/super_ws/install/px4_msgs/include/px4_msgs/px4_msgs/msg/detail/onboard_computer_status__struct.h\n'}
[2.047970] (px4_msgs) StdoutLine: {'line': b'-- Up-to-date symlink: /home/maxim/super_ws/install/px4_msgs/include/px4_msgs/px4_msgs/msg/detail/onboard_computer_status__type_support.h\n'}
[2.048032] (px4_msgs) StdoutLine: {'line': b'-- Up-to-date symlink: /home/maxim/super_ws/install/px4_msgs/include/px4_msgs/px4_msgs/msg/detail/open_drone_id_arm_status__functions.h\n'}
[2.048099] (px4_msgs) StdoutLine: {'line': b'-- Up-to-date symlink: /home/maxim/super_ws/install/px4_msgs/include/px4_msgs/px4_msgs/msg/detail/open_drone_id_arm_status__struct.h\n'}
[2.048155] (px4_msgs) StdoutLine: {'line': b'-- Up-to-date symlink: /home/maxim/super_ws/install/px4_msgs/include/px4_msgs/px4_msgs/msg/detail/open_drone_id_arm_status__type_support.h\n'}
[2.048276] (px4_msgs) StdoutLine: {'line': b'-- Up-to-date symlink: /home/maxim/super_ws/install/px4_msgs/include/px4_msgs/px4_msgs/msg/detail/open_drone_id_operator_id__functions.h\n'}
[2.048336] (px4_msgs) StdoutLine: {'line': b'-- Up-to-date symlink: /home/maxim/super_ws/install/px4_msgs/include/px4_msgs/px4_msgs/msg/detail/open_drone_id_operator_id__struct.h\n'}
[2.048518] (px4_msgs) StdoutLine: {'line': b'-- Up-to-date symlink: /home/maxim/super_ws/install/px4_msgs/include/px4_msgs/px4_msgs/msg/detail/open_drone_id_operator_id__type_support.h\n'}
[2.048911] (px4_msgs) StdoutLine: {'line': b'-- Up-to-date symlink: /home/maxim/super_ws/install/px4_msgs/include/px4_msgs/px4_msgs/msg/detail/open_drone_id_self_id__functions.h\n'}
[2.049013] (px4_msgs) StdoutLine: {'line': b'-- Up-to-date symlink: /home/maxim/super_ws/install/px4_msgs/include/px4_msgs/px4_msgs/msg/detail/open_drone_id_self_id__struct.h\n'}
[2.049176] (px4_msgs) StdoutLine: {'line': b'-- Up-to-date symlink: /home/maxim/super_ws/install/px4_msgs/include/px4_msgs/px4_msgs/msg/detail/open_drone_id_self_id__type_support.h\n'}
[2.049401] (px4_msgs) StdoutLine: {'line': b'-- Up-to-date symlink: /home/maxim/super_ws/install/px4_msgs/include/px4_msgs/px4_msgs/msg/detail/open_drone_id_system__functions.h\n'}
[2.049619] (px4_msgs) StdoutLine: {'line': b'-- Up-to-date symlink: /home/maxim/super_ws/install/px4_msgs/include/px4_msgs/px4_msgs/msg/detail/open_drone_id_system__struct.h\n'}
[2.049812] (px4_msgs) StdoutLine: {'line': b'-- Up-to-date symlink: /home/maxim/super_ws/install/px4_msgs/include/px4_msgs/px4_msgs/msg/detail/open_drone_id_system__type_support.h\n'}
[2.049982] (px4_msgs) StdoutLine: {'line': b'-- Up-to-date symlink: /home/maxim/super_ws/install/px4_msgs/include/px4_msgs/px4_msgs/msg/detail/orb_test__functions.h\n'}
[2.050171] (px4_msgs) StdoutLine: {'line': b'-- Up-to-date symlink: /home/maxim/super_ws/install/px4_msgs/include/px4_msgs/px4_msgs/msg/detail/orb_test__struct.h\n'}
[2.050363] (px4_msgs) StdoutLine: {'line': b'-- Up-to-date symlink: /home/maxim/super_ws/install/px4_msgs/include/px4_msgs/px4_msgs/msg/detail/orb_test__type_support.h\n'}
[2.050580] (px4_msgs) StdoutLine: {'line': b'-- Up-to-date symlink: /home/maxim/super_ws/install/px4_msgs/include/px4_msgs/px4_msgs/msg/detail/orb_test_large__functions.h\n'}
[2.050749] (px4_msgs) StdoutLine: {'line': b'-- Up-to-date symlink: /home/maxim/super_ws/install/px4_msgs/include/px4_msgs/px4_msgs/msg/detail/orb_test_large__struct.h\n'}
[2.050860] (px4_msgs) StdoutLine: {'line': b'-- Up-to-date symlink: /home/maxim/super_ws/install/px4_msgs/include/px4_msgs/px4_msgs/msg/detail/orb_test_large__type_support.h\n'}
[2.050946] (px4_msgs) StdoutLine: {'line': b'-- Up-to-date symlink: /home/maxim/super_ws/install/px4_msgs/include/px4_msgs/px4_msgs/msg/detail/orb_test_medium__functions.h\n'}
[2.051167] (px4_msgs) StdoutLine: {'line': b'-- Up-to-date symlink: /home/maxim/super_ws/install/px4_msgs/include/px4_msgs/px4_msgs/msg/detail/orb_test_medium__struct.h\n'}
[2.051324] (px4_msgs) StdoutLine: {'line': b'-- Up-to-date symlink: /home/maxim/super_ws/install/px4_msgs/include/px4_msgs/px4_msgs/msg/detail/orb_test_medium__type_support.h\n'}
[2.051502] (px4_msgs) StdoutLine: {'line': b'-- Up-to-date symlink: /home/maxim/super_ws/install/px4_msgs/include/px4_msgs/px4_msgs/msg/detail/orbit_status__functions.h\n'}
[2.051622] (px4_msgs) StdoutLine: {'line': b'-- Up-to-date symlink: /home/maxim/super_ws/install/px4_msgs/include/px4_msgs/px4_msgs/msg/detail/orbit_status__struct.h\n'}
[2.051773] (px4_msgs) StdoutLine: {'line': b'-- Up-to-date symlink: /home/maxim/super_ws/install/px4_msgs/include/px4_msgs/px4_msgs/msg/detail/orbit_status__type_support.h\n'}
[2.051950] (px4_msgs) StdoutLine: {'line': b'-- Up-to-date symlink: /home/maxim/super_ws/install/px4_msgs/include/px4_msgs/px4_msgs/msg/detail/parameter_reset_request__functions.h\n'}
[2.052113] (px4_msgs) StdoutLine: {'line': b'-- Up-to-date symlink: /home/maxim/super_ws/install/px4_msgs/include/px4_msgs/px4_msgs/msg/detail/parameter_reset_request__struct.h\n'}
[2.053919] (px4_msgs) StdoutLine: {'line': b'-- Up-to-date symlink: /home/maxim/super_ws/install/px4_msgs/include/px4_msgs/px4_msgs/msg/detail/parameter_reset_request__type_support.h\n'}
[2.054182] (px4_msgs) StdoutLine: {'line': b'-- Up-to-date symlink: /home/maxim/super_ws/install/px4_msgs/include/px4_msgs/px4_msgs/msg/detail/parameter_set_used_request__functions.h\n'}
[2.054395] (px4_msgs) StdoutLine: {'line': b'-- Up-to-date symlink: /home/maxim/super_ws/install/px4_msgs/include/px4_msgs/px4_msgs/msg/detail/parameter_set_used_request__struct.h\n'}
[2.054605] (px4_msgs) StdoutLine: {'line': b'-- Up-to-date symlink: /home/maxim/super_ws/install/px4_msgs/include/px4_msgs/px4_msgs/msg/detail/parameter_set_used_request__type_support.h\n'}
[2.054735] (px4_msgs) StdoutLine: {'line': b'-- Up-to-date symlink: /home/maxim/super_ws/install/px4_msgs/include/px4_msgs/px4_msgs/msg/detail/parameter_set_value_request__functions.h\n'}
[2.054913] (px4_msgs) StdoutLine: {'line': b'-- Up-to-date symlink: /home/maxim/super_ws/install/px4_msgs/include/px4_msgs/px4_msgs/msg/detail/parameter_set_value_request__struct.h\n'}
[2.055148] (px4_msgs) StdoutLine: {'line': b'-- Up-to-date symlink: /home/maxim/super_ws/install/px4_msgs/include/px4_msgs/px4_msgs/msg/detail/parameter_set_value_request__type_support.h\n'}
[2.055295] (px4_msgs) StdoutLine: {'line': b'-- Up-to-date symlink: /home/maxim/super_ws/install/px4_msgs/include/px4_msgs/px4_msgs/msg/detail/parameter_set_value_response__functions.h\n'}
[2.055650] (px4_msgs) StdoutLine: {'line': b'-- Up-to-date symlink: /home/maxim/super_ws/install/px4_msgs/include/px4_msgs/px4_msgs/msg/detail/parameter_set_value_response__struct.h\n'}
[2.056094] (px4_msgs) StdoutLine: {'line': b'-- Up-to-date symlink: /home/maxim/super_ws/install/px4_msgs/include/px4_msgs/px4_msgs/msg/detail/parameter_set_value_response__type_support.h\n'}
[2.056326] (px4_msgs) StdoutLine: {'line': b'-- Up-to-date symlink: /home/maxim/super_ws/install/px4_msgs/include/px4_msgs/px4_msgs/msg/detail/parameter_update__functions.h\n'}
[2.056539] (px4_msgs) StdoutLine: {'line': b'-- Up-to-date symlink: /home/maxim/super_ws/install/px4_msgs/include/px4_msgs/px4_msgs/msg/detail/parameter_update__struct.h\n'}
[2.056618] (px4_msgs) StdoutLine: {'line': b'-- Up-to-date symlink: /home/maxim/super_ws/install/px4_msgs/include/px4_msgs/px4_msgs/msg/detail/parameter_update__type_support.h\n'}
[2.056759] (px4_msgs) StdoutLine: {'line': b'-- Up-to-date symlink: /home/maxim/super_ws/install/px4_msgs/include/px4_msgs/px4_msgs/msg/detail/ping__functions.h\n'}
[2.057017] (px4_msgs) StdoutLine: {'line': b'-- Up-to-date symlink: /home/maxim/super_ws/install/px4_msgs/include/px4_msgs/px4_msgs/msg/detail/ping__struct.h\n'}
[2.057215] (px4_msgs) StdoutLine: {'line': b'-- Up-to-date symlink: /home/maxim/super_ws/install/px4_msgs/include/px4_msgs/px4_msgs/msg/detail/ping__type_support.h\n'}
[2.057437] (px4_msgs) StdoutLine: {'line': b'-- Up-to-date symlink: /home/maxim/super_ws/install/px4_msgs/include/px4_msgs/px4_msgs/msg/detail/position_controller_landing_status__functions.h\n'}
[2.057629] (px4_msgs) StdoutLine: {'line': b'-- Up-to-date symlink: /home/maxim/super_ws/install/px4_msgs/include/px4_msgs/px4_msgs/msg/detail/position_controller_landing_status__struct.h\n'}
[2.057837] (px4_msgs) StdoutLine: {'line': b'-- Up-to-date symlink: /home/maxim/super_ws/install/px4_msgs/include/px4_msgs/px4_msgs/msg/detail/position_controller_landing_status__type_support.h\n'}
[2.058112] (px4_msgs) StdoutLine: {'line': b'-- Up-to-date symlink: /home/maxim/super_ws/install/px4_msgs/include/px4_msgs/px4_msgs/msg/detail/position_controller_status__functions.h\n'}
[2.058239] (px4_msgs) StdoutLine: {'line': b'-- Up-to-date symlink: /home/maxim/super_ws/install/px4_msgs/include/px4_msgs/px4_msgs/msg/detail/position_controller_status__struct.h\n'}
[2.058476] (px4_msgs) StdoutLine: {'line': b'-- Up-to-date symlink: /home/maxim/super_ws/install/px4_msgs/include/px4_msgs/px4_msgs/msg/detail/position_controller_status__type_support.h\n'}
[2.058696] (px4_msgs) StdoutLine: {'line': b'-- Up-to-date symlink: /home/maxim/super_ws/install/px4_msgs/include/px4_msgs/px4_msgs/msg/detail/position_setpoint__functions.h\n'}
[2.058878] (px4_msgs) StdoutLine: {'line': b'-- Up-to-date symlink: /home/maxim/super_ws/install/px4_msgs/include/px4_msgs/px4_msgs/msg/detail/position_setpoint__struct.h\n'}
[2.058997] (px4_msgs) StdoutLine: {'line': b'-- Up-to-date symlink: /home/maxim/super_ws/install/px4_msgs/include/px4_msgs/px4_msgs/msg/detail/position_setpoint__type_support.h\n'}
[2.059206] (px4_msgs) StdoutLine: {'line': b'-- Up-to-date symlink: /home/maxim/super_ws/install/px4_msgs/include/px4_msgs/px4_msgs/msg/detail/position_setpoint_triplet__functions.h\n'}
[2.059378] (px4_msgs) StdoutLine: {'line': b'-- Up-to-date symlink: /home/maxim/super_ws/install/px4_msgs/include/px4_msgs/px4_msgs/msg/detail/position_setpoint_triplet__struct.h\n'}
[2.059546] (px4_msgs) StdoutLine: {'line': b'-- Up-to-date symlink: /home/maxim/super_ws/install/px4_msgs/include/px4_msgs/px4_msgs/msg/detail/position_setpoint_triplet__type_support.h\n'}
[2.059736] (px4_msgs) StdoutLine: {'line': b'-- Up-to-date symlink: /home/maxim/super_ws/install/px4_msgs/include/px4_msgs/px4_msgs/msg/detail/power_button_state__functions.h\n'}
[2.059869] (px4_msgs) StdoutLine: {'line': b'-- Up-to-date symlink: /home/maxim/super_ws/install/px4_msgs/include/px4_msgs/px4_msgs/msg/detail/power_button_state__struct.h\n'}
[2.059984] (px4_msgs) StdoutLine: {'line': b'-- Up-to-date symlink: /home/maxim/super_ws/install/px4_msgs/include/px4_msgs/px4_msgs/msg/detail/power_button_state__type_support.h\n'}
[2.060107] (px4_msgs) StdoutLine: {'line': b'-- Up-to-date symlink: /home/maxim/super_ws/install/px4_msgs/include/px4_msgs/px4_msgs/msg/detail/power_monitor__functions.h\n'}
[2.060253] (px4_msgs) StdoutLine: {'line': b'-- Up-to-date symlink: /home/maxim/super_ws/install/px4_msgs/include/px4_msgs/px4_msgs/msg/detail/power_monitor__struct.h\n'}
[2.060437] (px4_msgs) StdoutLine: {'line': b'-- Up-to-date symlink: /home/maxim/super_ws/install/px4_msgs/include/px4_msgs/px4_msgs/msg/detail/power_monitor__type_support.h\n'}
[2.060573] (px4_msgs) StdoutLine: {'line': b'-- Up-to-date symlink: /home/maxim/super_ws/install/px4_msgs/include/px4_msgs/px4_msgs/msg/detail/pps_capture__functions.h\n'}
[2.060775] (px4_msgs) StdoutLine: {'line': b'-- Up-to-date symlink: /home/maxim/super_ws/install/px4_msgs/include/px4_msgs/px4_msgs/msg/detail/pps_capture__struct.h\n'}
[2.061068] (px4_msgs) StdoutLine: {'line': b'-- Up-to-date symlink: /home/maxim/super_ws/install/px4_msgs/include/px4_msgs/px4_msgs/msg/detail/pps_capture__type_support.h\n'}
[2.061259] (px4_msgs) StdoutLine: {'line': b'-- Up-to-date symlink: /home/maxim/super_ws/install/px4_msgs/include/px4_msgs/px4_msgs/msg/detail/prec_land_status__functions.h\n'}
[2.061440] (px4_msgs) StdoutLine: {'line': b'-- Up-to-date symlink: /home/maxim/super_ws/install/px4_msgs/include/px4_msgs/px4_msgs/msg/detail/prec_land_status__struct.h\n'}
[2.061605] (px4_msgs) StdoutLine: {'line': b'-- Up-to-date symlink: /home/maxim/super_ws/install/px4_msgs/include/px4_msgs/px4_msgs/msg/detail/prec_land_status__type_support.h\n'}
[2.061716] (px4_msgs) StdoutLine: {'line': b'-- Up-to-date symlink: /home/maxim/super_ws/install/px4_msgs/include/px4_msgs/px4_msgs/msg/detail/pure_pursuit_status__functions.h\n'}
[2.061865] (px4_msgs) StdoutLine: {'line': b'-- Up-to-date symlink: /home/maxim/super_ws/install/px4_msgs/include/px4_msgs/px4_msgs/msg/detail/pure_pursuit_status__struct.h\n'}
[2.062008] (px4_msgs) StdoutLine: {'line': b'-- Up-to-date symlink: /home/maxim/super_ws/install/px4_msgs/include/px4_msgs/px4_msgs/msg/detail/pure_pursuit_status__type_support.h\n'}
[2.062242] (px4_msgs) StdoutLine: {'line': b'-- Up-to-date symlink: /home/maxim/super_ws/install/px4_msgs/include/px4_msgs/px4_msgs/msg/detail/pwm_input__functions.h\n'}
[2.062413] (px4_msgs) StdoutLine: {'line': b'-- Up-to-date symlink: /home/maxim/super_ws/install/px4_msgs/include/px4_msgs/px4_msgs/msg/detail/pwm_input__struct.h\n'}
[2.062584] (px4_msgs) StdoutLine: {'line': b'-- Up-to-date symlink: /home/maxim/super_ws/install/px4_msgs/include/px4_msgs/px4_msgs/msg/detail/pwm_input__type_support.h\n'}
[2.062787] (px4_msgs) StdoutLine: {'line': b'-- Up-to-date symlink: /home/maxim/super_ws/install/px4_msgs/include/px4_msgs/px4_msgs/msg/detail/px4io_status__functions.h\n'}
[2.062928] (px4_msgs) StdoutLine: {'line': b'-- Up-to-date symlink: /home/maxim/super_ws/install/px4_msgs/include/px4_msgs/px4_msgs/msg/detail/px4io_status__struct.h\n'}
[2.063035] (px4_msgs) StdoutLine: {'line': b'-- Up-to-date symlink: /home/maxim/super_ws/install/px4_msgs/include/px4_msgs/px4_msgs/msg/detail/px4io_status__type_support.h\n'}
[2.063338] (px4_msgs) StdoutLine: {'line': b'-- Up-to-date symlink: /home/maxim/super_ws/install/px4_msgs/include/px4_msgs/px4_msgs/msg/detail/qshell_req__functions.h\n'}
[2.063541] (px4_msgs) StdoutLine: {'line': b'-- Up-to-date symlink: /home/maxim/super_ws/install/px4_msgs/include/px4_msgs/px4_msgs/msg/detail/qshell_req__struct.h\n'}
[2.063749] (px4_msgs) StdoutLine: {'line': b'-- Up-to-date symlink: /home/maxim/super_ws/install/px4_msgs/include/px4_msgs/px4_msgs/msg/detail/qshell_req__type_support.h\n'}
[2.063874] (px4_msgs) StdoutLine: {'line': b'-- Up-to-date symlink: /home/maxim/super_ws/install/px4_msgs/include/px4_msgs/px4_msgs/msg/detail/qshell_retval__functions.h\n'}
[2.064010] (px4_msgs) StdoutLine: {'line': b'-- Up-to-date symlink: /home/maxim/super_ws/install/px4_msgs/include/px4_msgs/px4_msgs/msg/detail/qshell_retval__struct.h\n'}
[2.064215] (px4_msgs) StdoutLine: {'line': b'-- Up-to-date symlink: /home/maxim/super_ws/install/px4_msgs/include/px4_msgs/px4_msgs/msg/detail/qshell_retval__type_support.h\n'}
[2.064346] (px4_msgs) StdoutLine: {'line': b'-- Up-to-date symlink: /home/maxim/super_ws/install/px4_msgs/include/px4_msgs/px4_msgs/msg/detail/radio_status__functions.h\n'}
[2.064545] (px4_msgs) StdoutLine: {'line': b'-- Up-to-date symlink: /home/maxim/super_ws/install/px4_msgs/include/px4_msgs/px4_msgs/msg/detail/radio_status__struct.h\n'}
[2.064724] (px4_msgs) StdoutLine: {'line': b'-- Up-to-date symlink: /home/maxim/super_ws/install/px4_msgs/include/px4_msgs/px4_msgs/msg/detail/radio_status__type_support.h\n'}
[2.064891] (px4_msgs) StdoutLine: {'line': b'-- Up-to-date symlink: /home/maxim/super_ws/install/px4_msgs/include/px4_msgs/px4_msgs/msg/detail/ranging_beacon__functions.h\n'}
[2.065044] (px4_msgs) StdoutLine: {'line': b'-- Up-to-date symlink: /home/maxim/super_ws/install/px4_msgs/include/px4_msgs/px4_msgs/msg/detail/ranging_beacon__struct.h\n'}
[2.065274] (px4_msgs) StdoutLine: {'line': b'-- Up-to-date symlink: /home/maxim/super_ws/install/px4_msgs/include/px4_msgs/px4_msgs/msg/detail/ranging_beacon__type_support.h\n'}
[2.065469] (px4_msgs) StdoutLine: {'line': b'-- Up-to-date symlink: /home/maxim/super_ws/install/px4_msgs/include/px4_msgs/px4_msgs/msg/detail/raptor_input__functions.h\n'}
[2.065752] (px4_msgs) StdoutLine: {'line': b'-- Up-to-date symlink: /home/maxim/super_ws/install/px4_msgs/include/px4_msgs/px4_msgs/msg/detail/raptor_input__struct.h\n'}
[2.065992] (px4_msgs) StdoutLine: {'line': b'-- Up-to-date symlink: /home/maxim/super_ws/install/px4_msgs/include/px4_msgs/px4_msgs/msg/detail/raptor_input__type_support.h\n'}
[2.066191] (px4_msgs) StdoutLine: {'line': b'-- Up-to-date symlink: /home/maxim/super_ws/install/px4_msgs/include/px4_msgs/px4_msgs/msg/detail/raptor_status__functions.h\n'}
[2.066326] (px4_msgs) StdoutLine: {'line': b'-- Up-to-date symlink: /home/maxim/super_ws/install/px4_msgs/include/px4_msgs/px4_msgs/msg/detail/raptor_status__struct.h\n'}
[2.066608] (px4_msgs) StdoutLine: {'line': b'-- Up-to-date symlink: /home/maxim/super_ws/install/px4_msgs/include/px4_msgs/px4_msgs/msg/detail/raptor_status__type_support.h\n'}
[2.066859] (px4_msgs) StdoutLine: {'line': b'-- Up-to-date symlink: /home/maxim/super_ws/install/px4_msgs/include/px4_msgs/px4_msgs/msg/detail/rate_ctrl_status__functions.h\n'}
[2.067032] (px4_msgs) StdoutLine: {'line': b'-- Up-to-date symlink: /home/maxim/super_ws/install/px4_msgs/include/px4_msgs/px4_msgs/msg/detail/rate_ctrl_status__struct.h\n'}
[2.067240] (px4_msgs) StdoutLine: {'line': b'-- Up-to-date symlink: /home/maxim/super_ws/install/px4_msgs/include/px4_msgs/px4_msgs/msg/detail/rate_ctrl_status__type_support.h\n'}
[2.067421] (px4_msgs) StdoutLine: {'line': b'-- Up-to-date symlink: /home/maxim/super_ws/install/px4_msgs/include/px4_msgs/px4_msgs/msg/detail/rc_channels__functions.h\n'}
[2.067577] (px4_msgs) StdoutLine: {'line': b'-- Up-to-date symlink: /home/maxim/super_ws/install/px4_msgs/include/px4_msgs/px4_msgs/msg/detail/rc_channels__struct.h\n'}
[2.067784] (px4_msgs) StdoutLine: {'line': b'-- Up-to-date symlink: /home/maxim/super_ws/install/px4_msgs/include/px4_msgs/px4_msgs/msg/detail/rc_channels__type_support.h\n'}
[2.067966] (px4_msgs) StdoutLine: {'line': b'-- Up-to-date symlink: /home/maxim/super_ws/install/px4_msgs/include/px4_msgs/px4_msgs/msg/detail/rc_parameter_map__functions.h\n'}
[2.068050] (px4_msgs) StdoutLine: {'line': b'-- Up-to-date symlink: /home/maxim/super_ws/install/px4_msgs/include/px4_msgs/px4_msgs/msg/detail/rc_parameter_map__struct.h\n'}
[2.068286] (px4_msgs) StdoutLine: {'line': b'-- Up-to-date symlink: /home/maxim/super_ws/install/px4_msgs/include/px4_msgs/px4_msgs/msg/detail/rc_parameter_map__type_support.h\n'}
[2.068462] (px4_msgs) StdoutLine: {'line': b'-- Up-to-date symlink: /home/maxim/super_ws/install/px4_msgs/include/px4_msgs/px4_msgs/msg/detail/register_ext_component_reply__functions.h\n'}
[2.068630] (px4_msgs) StdoutLine: {'line': b'-- Up-to-date symlink: /home/maxim/super_ws/install/px4_msgs/include/px4_msgs/px4_msgs/msg/detail/register_ext_component_reply__struct.h\n'}
[2.068805] (px4_msgs) StdoutLine: {'line': b'-- Up-to-date symlink: /home/maxim/super_ws/install/px4_msgs/include/px4_msgs/px4_msgs/msg/detail/register_ext_component_reply__type_support.h\n'}
[2.068954] (px4_msgs) StdoutLine: {'line': b'-- Up-to-date symlink: /home/maxim/super_ws/install/px4_msgs/include/px4_msgs/px4_msgs/msg/detail/register_ext_component_request__functions.h\n'}
[2.069041] (px4_msgs) StdoutLine: {'line': b'-- Up-to-date symlink: /home/maxim/super_ws/install/px4_msgs/include/px4_msgs/px4_msgs/msg/detail/register_ext_component_request__struct.h\n'}
[2.069215] (px4_msgs) StdoutLine: {'line': b'-- Up-to-date symlink: /home/maxim/super_ws/install/px4_msgs/include/px4_msgs/px4_msgs/msg/detail/register_ext_component_request__type_support.h\n'}
[2.069362] (px4_msgs) StdoutLine: {'line': b'-- Up-to-date symlink: /home/maxim/super_ws/install/px4_msgs/include/px4_msgs/px4_msgs/msg/detail/rover_attitude_setpoint__functions.h\n'}
[2.069538] (px4_msgs) StdoutLine: {'line': b'-- Up-to-date symlink: /home/maxim/super_ws/install/px4_msgs/include/px4_msgs/px4_msgs/msg/detail/rover_attitude_setpoint__struct.h\n'}
[2.069698] (px4_msgs) StdoutLine: {'line': b'-- Up-to-date symlink: /home/maxim/super_ws/install/px4_msgs/include/px4_msgs/px4_msgs/msg/detail/rover_attitude_setpoint__type_support.h\n'}
[2.069820] (px4_msgs) StdoutLine: {'line': b'-- Up-to-date symlink: /home/maxim/super_ws/install/px4_msgs/include/px4_msgs/px4_msgs/msg/detail/rover_attitude_status__functions.h\n'}
[2.069971] (px4_msgs) StdoutLine: {'line': b'-- Up-to-date symlink: /home/maxim/super_ws/install/px4_msgs/include/px4_msgs/px4_msgs/msg/detail/rover_attitude_status__struct.h\n'}
[2.070188] (px4_msgs) StdoutLine: {'line': b'-- Up-to-date symlink: /home/maxim/super_ws/install/px4_msgs/include/px4_msgs/px4_msgs/msg/detail/rover_attitude_status__type_support.h\n'}
[2.070370] (px4_msgs) StdoutLine: {'line': b'-- Up-to-date symlink: /home/maxim/super_ws/install/px4_msgs/include/px4_msgs/px4_msgs/msg/detail/rover_position_setpoint__functions.h\n'}
[2.070514] (px4_msgs) StdoutLine: {'line': b'-- Up-to-date symlink: /home/maxim/super_ws/install/px4_msgs/include/px4_msgs/px4_msgs/msg/detail/rover_position_setpoint__struct.h\n'}
[2.070679] (px4_msgs) StdoutLine: {'line': b'-- Up-to-date symlink: /home/maxim/super_ws/install/px4_msgs/include/px4_msgs/px4_msgs/msg/detail/rover_position_setpoint__type_support.h\n'}
[2.070886] (px4_msgs) StdoutLine: {'line': b'-- Up-to-date symlink: /home/maxim/super_ws/install/px4_msgs/include/px4_msgs/px4_msgs/msg/detail/rover_rate_setpoint__functions.h\n'}
[2.071022] (px4_msgs) StdoutLine: {'line': b'-- Up-to-date symlink: /home/maxim/super_ws/install/px4_msgs/include/px4_msgs/px4_msgs/msg/detail/rover_rate_setpoint__struct.h\n'}
[2.071251] (px4_msgs) StdoutLine: {'line': b'-- Up-to-date symlink: /home/maxim/super_ws/install/px4_msgs/include/px4_msgs/px4_msgs/msg/detail/rover_rate_setpoint__type_support.h\n'}
[2.071441] (px4_msgs) StdoutLine: {'line': b'-- Up-to-date symlink: /home/maxim/super_ws/install/px4_msgs/include/px4_msgs/px4_msgs/msg/detail/rover_rate_status__functions.h\n'}
[2.071587] (px4_msgs) StdoutLine: {'line': b'-- Up-to-date symlink: /home/maxim/super_ws/install/px4_msgs/include/px4_msgs/px4_msgs/msg/detail/rover_rate_status__struct.h\n'}
[2.071763] (px4_msgs) StdoutLine: {'line': b'-- Up-to-date symlink: /home/maxim/super_ws/install/px4_msgs/include/px4_msgs/px4_msgs/msg/detail/rover_rate_status__type_support.h\n'}
[2.072018] (px4_msgs) StdoutLine: {'line': b'-- Up-to-date symlink: /home/maxim/super_ws/install/px4_msgs/include/px4_msgs/px4_msgs/msg/detail/rover_speed_setpoint__functions.h\n'}
[2.072209] (px4_msgs) StdoutLine: {'line': b'-- Up-to-date symlink: /home/maxim/super_ws/install/px4_msgs/include/px4_msgs/px4_msgs/msg/detail/rover_speed_setpoint__struct.h\n'}
[2.072437] (px4_msgs) StdoutLine: {'line': b'-- Up-to-date symlink: /home/maxim/super_ws/install/px4_msgs/include/px4_msgs/px4_msgs/msg/detail/rover_speed_setpoint__type_support.h\n'}
[2.072632] (px4_msgs) StdoutLine: {'line': b'-- Up-to-date symlink: /home/maxim/super_ws/install/px4_msgs/include/px4_msgs/px4_msgs/msg/detail/rover_speed_status__functions.h\n'}
[2.072827] (px4_msgs) StdoutLine: {'line': b'-- Up-to-date symlink: /home/maxim/super_ws/install/px4_msgs/include/px4_msgs/px4_msgs/msg/detail/rover_speed_status__struct.h\n'}
[2.072980] (px4_msgs) StdoutLine: {'line': b'-- Up-to-date symlink: /home/maxim/super_ws/install/px4_msgs/include/px4_msgs/px4_msgs/msg/detail/rover_speed_status__type_support.h\n'}
[2.073222] (px4_msgs) StdoutLine: {'line': b'-- Up-to-date symlink: /home/maxim/super_ws/install/px4_msgs/include/px4_msgs/px4_msgs/msg/detail/rover_steering_setpoint__functions.h\n'}
[2.073464] (px4_msgs) StdoutLine: {'line': b'-- Up-to-date symlink: /home/maxim/super_ws/install/px4_msgs/include/px4_msgs/px4_msgs/msg/detail/rover_steering_setpoint__struct.h\n'}
[2.073636] (px4_msgs) StdoutLine: {'line': b'-- Up-to-date symlink: /home/maxim/super_ws/install/px4_msgs/include/px4_msgs/px4_msgs/msg/detail/rover_steering_setpoint__type_support.h\n'}
[2.073761] (px4_msgs) StdoutLine: {'line': b'-- Up-to-date symlink: /home/maxim/super_ws/install/px4_msgs/include/px4_msgs/px4_msgs/msg/detail/rover_throttle_setpoint__functions.h\n'}
[2.073911] (px4_msgs) StdoutLine: {'line': b'-- Up-to-date symlink: /home/maxim/super_ws/install/px4_msgs/include/px4_msgs/px4_msgs/msg/detail/rover_throttle_setpoint__struct.h\n'}
[2.074115] (px4_msgs) StdoutLine: {'line': b'-- Up-to-date symlink: /home/maxim/super_ws/install/px4_msgs/include/px4_msgs/px4_msgs/msg/detail/rover_throttle_setpoint__type_support.h\n'}
[2.074284] (px4_msgs) StdoutLine: {'line': b'-- Up-to-date symlink: /home/maxim/super_ws/install/px4_msgs/include/px4_msgs/px4_msgs/msg/detail/rpm__functions.h\n'}
[2.074445] (px4_msgs) StdoutLine: {'line': b'-- Up-to-date symlink: /home/maxim/super_ws/install/px4_msgs/include/px4_msgs/px4_msgs/msg/detail/rpm__struct.h\n'}
[2.074627] (px4_msgs) StdoutLine: {'line': b'-- Up-to-date symlink: /home/maxim/super_ws/install/px4_msgs/include/px4_msgs/px4_msgs/msg/detail/rpm__type_support.h\n'}
[2.074845] (px4_msgs) StdoutLine: {'line': b'-- Up-to-date symlink: /home/maxim/super_ws/install/px4_msgs/include/px4_msgs/px4_msgs/msg/detail/rtl_status__functions.h\n'}
[2.075016] (px4_msgs) StdoutLine: {'line': b'-- Up-to-date symlink: /home/maxim/super_ws/install/px4_msgs/include/px4_msgs/px4_msgs/msg/detail/rtl_status__struct.h\n'}
[2.075217] (px4_msgs) StdoutLine: {'line': b'-- Up-to-date symlink: /home/maxim/super_ws/install/px4_msgs/include/px4_msgs/px4_msgs/msg/detail/rtl_status__type_support.h\n'}
[2.075389] (px4_msgs) StdoutLine: {'line': b'-- Up-to-date symlink: /home/maxim/super_ws/install/px4_msgs/include/px4_msgs/px4_msgs/msg/detail/rtl_time_estimate__functions.h\n'}
[2.075554] (px4_msgs) StdoutLine: {'line': b'-- Up-to-date symlink: /home/maxim/super_ws/install/px4_msgs/include/px4_msgs/px4_msgs/msg/detail/rtl_time_estimate__struct.h\n'}
[2.075720] (px4_msgs) StdoutLine: {'line': b'-- Up-to-date symlink: /home/maxim/super_ws/install/px4_msgs/include/px4_msgs/px4_msgs/msg/detail/rtl_time_estimate__type_support.h\n'}
[2.075932] (px4_msgs) StdoutLine: {'line': b'-- Up-to-date symlink: /home/maxim/super_ws/install/px4_msgs/include/px4_msgs/px4_msgs/msg/detail/satellite_info__functions.h\n'}
[2.076132] (px4_msgs) StdoutLine: {'line': b'-- Up-to-date symlink: /home/maxim/super_ws/install/px4_msgs/include/px4_msgs/px4_msgs/msg/detail/satellite_info__struct.h\n'}
[2.076279] (px4_msgs) StdoutLine: {'line': b'-- Up-to-date symlink: /home/maxim/super_ws/install/px4_msgs/include/px4_msgs/px4_msgs/msg/detail/satellite_info__type_support.h\n'}
[2.076461] (px4_msgs) StdoutLine: {'line': b'-- Up-to-date symlink: /home/maxim/super_ws/install/px4_msgs/include/px4_msgs/px4_msgs/msg/detail/sensor_accel__functions.h\n'}
[2.076645] (px4_msgs) StdoutLine: {'line': b'-- Up-to-date symlink: /home/maxim/super_ws/install/px4_msgs/include/px4_msgs/px4_msgs/msg/detail/sensor_accel__struct.h\n'}
[2.076859] (px4_msgs) StdoutLine: {'line': b'-- Up-to-date symlink: /home/maxim/super_ws/install/px4_msgs/include/px4_msgs/px4_msgs/msg/detail/sensor_accel__type_support.h\n'}
[2.077012] (px4_msgs) StdoutLine: {'line': b'-- Up-to-date symlink: /home/maxim/super_ws/install/px4_msgs/include/px4_msgs/px4_msgs/msg/detail/sensor_accel_fifo__functions.h\n'}
[2.077229] (px4_msgs) StdoutLine: {'line': b'-- Up-to-date symlink: /home/maxim/super_ws/install/px4_msgs/include/px4_msgs/px4_msgs/msg/detail/sensor_accel_fifo__struct.h\n'}
[2.077374] (px4_msgs) StdoutLine: {'line': b'-- Up-to-date symlink: /home/maxim/super_ws/install/px4_msgs/include/px4_msgs/px4_msgs/msg/detail/sensor_accel_fifo__type_support.h\n'}
[2.077508] (px4_msgs) StdoutLine: {'line': b'-- Up-to-date symlink: /home/maxim/super_ws/install/px4_msgs/include/px4_msgs/px4_msgs/msg/detail/sensor_airflow__functions.h\n'}
[2.077719] (px4_msgs) StdoutLine: {'line': b'-- Up-to-date symlink: /home/maxim/super_ws/install/px4_msgs/include/px4_msgs/px4_msgs/msg/detail/sensor_airflow__struct.h\n'}
[2.077911] (px4_msgs) StdoutLine: {'line': b'-- Up-to-date symlink: /home/maxim/super_ws/install/px4_msgs/include/px4_msgs/px4_msgs/msg/detail/sensor_airflow__type_support.h\n'}
[2.078065] (px4_msgs) StdoutLine: {'line': b'-- Up-to-date symlink: /home/maxim/super_ws/install/px4_msgs/include/px4_msgs/px4_msgs/msg/detail/sensor_baro__functions.h\n'}
[2.078246] (px4_msgs) StdoutLine: {'line': b'-- Up-to-date symlink: /home/maxim/super_ws/install/px4_msgs/include/px4_msgs/px4_msgs/msg/detail/sensor_baro__struct.h\n'}
[2.078428] (px4_msgs) StdoutLine: {'line': b'-- Up-to-date symlink: /home/maxim/super_ws/install/px4_msgs/include/px4_msgs/px4_msgs/msg/detail/sensor_baro__type_support.h\n'}
[2.078641] (px4_msgs) StdoutLine: {'line': b'-- Up-to-date symlink: /home/maxim/super_ws/install/px4_msgs/include/px4_msgs/px4_msgs/msg/detail/sensor_combined__functions.h\n'}
[2.078794] (px4_msgs) StdoutLine: {'line': b'-- Up-to-date symlink: /home/maxim/super_ws/install/px4_msgs/include/px4_msgs/px4_msgs/msg/detail/sensor_combined__struct.h\n'}
[2.078964] (px4_msgs) StdoutLine: {'line': b'-- Up-to-date symlink: /home/maxim/super_ws/install/px4_msgs/include/px4_msgs/px4_msgs/msg/detail/sensor_combined__type_support.h\n'}
[2.079136] (px4_msgs) StdoutLine: {'line': b'-- Up-to-date symlink: /home/maxim/super_ws/install/px4_msgs/include/px4_msgs/px4_msgs/msg/detail/sensor_correction__functions.h\n'}
[2.079360] (px4_msgs) StdoutLine: {'line': b'-- Up-to-date symlink: /home/maxim/super_ws/install/px4_msgs/include/px4_msgs/px4_msgs/msg/detail/sensor_correction__struct.h\n'}
[2.079512] (px4_msgs) StdoutLine: {'line': b'-- Up-to-date symlink: /home/maxim/super_ws/install/px4_msgs/include/px4_msgs/px4_msgs/msg/detail/sensor_correction__type_support.h\n'}
[2.079652] (px4_msgs) StdoutLine: {'line': b'-- Up-to-date symlink: /home/maxim/super_ws/install/px4_msgs/include/px4_msgs/px4_msgs/msg/detail/sensor_gnss_relative__functions.h\n'}
[2.079801] (px4_msgs) StdoutLine: {'line': b'-- Up-to-date symlink: /home/maxim/super_ws/install/px4_msgs/include/px4_msgs/px4_msgs/msg/detail/sensor_gnss_relative__struct.h\n'}
[2.079985] (px4_msgs) StdoutLine: {'line': b'-- Up-to-date symlink: /home/maxim/super_ws/install/px4_msgs/include/px4_msgs/px4_msgs/msg/detail/sensor_gnss_relative__type_support.h\n'}
[2.080153] (px4_msgs) StdoutLine: {'line': b'-- Up-to-date symlink: /home/maxim/super_ws/install/px4_msgs/include/px4_msgs/px4_msgs/msg/detail/sensor_gnss_status__functions.h\n'}
[2.080362] (px4_msgs) StdoutLine: {'line': b'-- Up-to-date symlink: /home/maxim/super_ws/install/px4_msgs/include/px4_msgs/px4_msgs/msg/detail/sensor_gnss_status__struct.h\n'}
[2.080509] (px4_msgs) StdoutLine: {'line': b'-- Up-to-date symlink: /home/maxim/super_ws/install/px4_msgs/include/px4_msgs/px4_msgs/msg/detail/sensor_gnss_status__type_support.h\n'}
[2.080703] (px4_msgs) StdoutLine: {'line': b'-- Up-to-date symlink: /home/maxim/super_ws/install/px4_msgs/include/px4_msgs/px4_msgs/msg/detail/sensor_gps__functions.h\n'}
[2.080915] (px4_msgs) StdoutLine: {'line': b'-- Up-to-date symlink: /home/maxim/super_ws/install/px4_msgs/include/px4_msgs/px4_msgs/msg/detail/sensor_gps__struct.h\n'}
[2.081058] (px4_msgs) StdoutLine: {'line': b'-- Up-to-date symlink: /home/maxim/super_ws/install/px4_msgs/include/px4_msgs/px4_msgs/msg/detail/sensor_gps__type_support.h\n'}
[2.081264] (px4_msgs) StdoutLine: {'line': b'-- Up-to-date symlink: /home/maxim/super_ws/install/px4_msgs/include/px4_msgs/px4_msgs/msg/detail/sensor_gyro__functions.h\n'}
[2.081429] (px4_msgs) StdoutLine: {'line': b'-- Up-to-date symlink: /home/maxim/super_ws/install/px4_msgs/include/px4_msgs/px4_msgs/msg/detail/sensor_gyro__struct.h\n'}
[2.081604] (px4_msgs) StdoutLine: {'line': b'-- Up-to-date symlink: /home/maxim/super_ws/install/px4_msgs/include/px4_msgs/px4_msgs/msg/detail/sensor_gyro__type_support.h\n'}
[2.081781] (px4_msgs) StdoutLine: {'line': b'-- Up-to-date symlink: /home/maxim/super_ws/install/px4_msgs/include/px4_msgs/px4_msgs/msg/detail/sensor_gyro_fft__functions.h\n'}
[2.081983] (px4_msgs) StdoutLine: {'line': b'-- Up-to-date symlink: /home/maxim/super_ws/install/px4_msgs/include/px4_msgs/px4_msgs/msg/detail/sensor_gyro_fft__struct.h\n'}
[2.082131] (px4_msgs) StdoutLine: {'line': b'-- Up-to-date symlink: /home/maxim/super_ws/install/px4_msgs/include/px4_msgs/px4_msgs/msg/detail/sensor_gyro_fft__type_support.h\n'}
[2.082379] (px4_msgs) StdoutLine: {'line': b'-- Up-to-date symlink: /home/maxim/super_ws/install/px4_msgs/include/px4_msgs/px4_msgs/msg/detail/sensor_gyro_fifo__functions.h\n'}
[2.082574] (px4_msgs) StdoutLine: {'line': b'-- Up-to-date symlink: /home/maxim/super_ws/install/px4_msgs/include/px4_msgs/px4_msgs/msg/detail/sensor_gyro_fifo__struct.h\n'}
[2.082790] (px4_msgs) StdoutLine: {'line': b'-- Up-to-date symlink: /home/maxim/super_ws/install/px4_msgs/include/px4_msgs/px4_msgs/msg/detail/sensor_gyro_fifo__type_support.h\n'}
[2.083008] (px4_msgs) StdoutLine: {'line': b'-- Up-to-date symlink: /home/maxim/super_ws/install/px4_msgs/include/px4_msgs/px4_msgs/msg/detail/sensor_hygrometer__functions.h\n'}
[2.083228] (px4_msgs) StdoutLine: {'line': b'-- Up-to-date symlink: /home/maxim/super_ws/install/px4_msgs/include/px4_msgs/px4_msgs/msg/detail/sensor_hygrometer__struct.h\n'}
[2.083454] (px4_msgs) StdoutLine: {'line': b'-- Up-to-date symlink: /home/maxim/super_ws/install/px4_msgs/include/px4_msgs/px4_msgs/msg/detail/sensor_hygrometer__type_support.h\n'}
[2.083707] (px4_msgs) StdoutLine: {'line': b'-- Up-to-date symlink: /home/maxim/super_ws/install/px4_msgs/include/px4_msgs/px4_msgs/msg/detail/sensor_mag__functions.h\n'}
[2.083961] (px4_msgs) StdoutLine: {'line': b'-- Up-to-date symlink: /home/maxim/super_ws/install/px4_msgs/include/px4_msgs/px4_msgs/msg/detail/sensor_mag__struct.h\n'}
[2.084152] (px4_msgs) StdoutLine: {'line': b'-- Up-to-date symlink: /home/maxim/super_ws/install/px4_msgs/include/px4_msgs/px4_msgs/msg/detail/sensor_mag__type_support.h\n'}
[2.084368] (px4_msgs) StdoutLine: {'line': b'-- Up-to-date symlink: /home/maxim/super_ws/install/px4_msgs/include/px4_msgs/px4_msgs/msg/detail/sensor_optical_flow__functions.h\n'}
[2.084637] (px4_msgs) StdoutLine: {'line': b'-- Up-to-date symlink: /home/maxim/super_ws/install/px4_msgs/include/px4_msgs/px4_msgs/msg/detail/sensor_optical_flow__struct.h\n'}
[2.084805] (px4_msgs) StdoutLine: {'line': b'-- Up-to-date symlink: /home/maxim/super_ws/install/px4_msgs/include/px4_msgs/px4_msgs/msg/detail/sensor_optical_flow__type_support.h\n'}
[2.084953] (px4_msgs) StdoutLine: {'line': b'-- Up-to-date symlink: /home/maxim/super_ws/install/px4_msgs/include/px4_msgs/px4_msgs/msg/detail/sensor_preflight_mag__functions.h\n'}
[2.085235] (px4_msgs) StdoutLine: {'line': b'-- Up-to-date symlink: /home/maxim/super_ws/install/px4_msgs/include/px4_msgs/px4_msgs/msg/detail/sensor_preflight_mag__struct.h\n'}
[2.085508] (px4_msgs) StdoutLine: {'line': b'-- Up-to-date symlink: /home/maxim/super_ws/install/px4_msgs/include/px4_msgs/px4_msgs/msg/detail/sensor_preflight_mag__type_support.h\n'}
[2.085715] (px4_msgs) StdoutLine: {'line': b'-- Up-to-date symlink: /home/maxim/super_ws/install/px4_msgs/include/px4_msgs/px4_msgs/msg/detail/sensor_selection__functions.h\n'}
[2.085907] (px4_msgs) StdoutLine: {'line': b'-- Up-to-date symlink: /home/maxim/super_ws/install/px4_msgs/include/px4_msgs/px4_msgs/msg/detail/sensor_selection__struct.h\n'}
[2.086129] (px4_msgs) StdoutLine: {'line': b'-- Up-to-date symlink: /home/maxim/super_ws/install/px4_msgs/include/px4_msgs/px4_msgs/msg/detail/sensor_selection__type_support.h\n'}
[2.086556] (px4_msgs) StdoutLine: {'line': b'-- Up-to-date symlink: /home/maxim/super_ws/install/px4_msgs/include/px4_msgs/px4_msgs/msg/detail/sensor_temp__functions.h\n'}
[2.086791] (px4_msgs) StdoutLine: {'line': b'-- Up-to-date symlink: /home/maxim/super_ws/install/px4_msgs/include/px4_msgs/px4_msgs/msg/detail/sensor_temp__struct.h\n'}
[2.086992] (px4_msgs) StdoutLine: {'line': b'-- Up-to-date symlink: /home/maxim/super_ws/install/px4_msgs/include/px4_msgs/px4_msgs/msg/detail/sensor_temp__type_support.h\n'}
[2.087311] (px4_msgs) StdoutLine: {'line': b'-- Up-to-date symlink: /home/maxim/super_ws/install/px4_msgs/include/px4_msgs/px4_msgs/msg/detail/sensor_uwb__functions.h\n'}
[2.087499] (px4_msgs) StdoutLine: {'line': b'-- Up-to-date symlink: /home/maxim/super_ws/install/px4_msgs/include/px4_msgs/px4_msgs/msg/detail/sensor_uwb__struct.h\n'}
[2.087642] (px4_msgs) StdoutLine: {'line': b'-- Up-to-date symlink: /home/maxim/super_ws/install/px4_msgs/include/px4_msgs/px4_msgs/msg/detail/sensor_uwb__type_support.h\n'}
[2.087809] (px4_msgs) StdoutLine: {'line': b'-- Up-to-date symlink: /home/maxim/super_ws/install/px4_msgs/include/px4_msgs/px4_msgs/msg/detail/sensors_status__functions.h\n'}
[2.088006] (px4_msgs) StdoutLine: {'line': b'-- Up-to-date symlink: /home/maxim/super_ws/install/px4_msgs/include/px4_msgs/px4_msgs/msg/detail/sensors_status__struct.h\n'}
[2.088246] (px4_msgs) StdoutLine: {'line': b'-- Up-to-date symlink: /home/maxim/super_ws/install/px4_msgs/include/px4_msgs/px4_msgs/msg/detail/sensors_status__type_support.h\n'}
[2.088487] (px4_msgs) StdoutLine: {'line': b'-- Up-to-date symlink: /home/maxim/super_ws/install/px4_msgs/include/px4_msgs/px4_msgs/msg/detail/sensors_status_imu__functions.h\n'}
[2.088752] (px4_msgs) StdoutLine: {'line': b'-- Up-to-date symlink: /home/maxim/super_ws/install/px4_msgs/include/px4_msgs/px4_msgs/msg/detail/sensors_status_imu__struct.h\n'}
[2.088998] (px4_msgs) StdoutLine: {'line': b'-- Up-to-date symlink: /home/maxim/super_ws/install/px4_msgs/include/px4_msgs/px4_msgs/msg/detail/sensors_status_imu__type_support.h\n'}
[2.089142] (px4_msgs) StdoutLine: {'line': b'-- Up-to-date symlink: /home/maxim/super_ws/install/px4_msgs/include/px4_msgs/px4_msgs/msg/detail/system_power__functions.h\n'}
[2.089356] (px4_msgs) StdoutLine: {'line': b'-- Up-to-date symlink: /home/maxim/super_ws/install/px4_msgs/include/px4_msgs/px4_msgs/msg/detail/system_power__struct.h\n'}
[2.089619] (px4_msgs) StdoutLine: {'line': b'-- Up-to-date symlink: /home/maxim/super_ws/install/px4_msgs/include/px4_msgs/px4_msgs/msg/detail/system_power__type_support.h\n'}
[2.089817] (px4_msgs) StdoutLine: {'line': b'-- Up-to-date symlink: /home/maxim/super_ws/install/px4_msgs/include/px4_msgs/px4_msgs/msg/detail/takeoff_status__functions.h\n'}
[2.090128] (px4_msgs) StdoutLine: {'line': b'-- Up-to-date symlink: /home/maxim/super_ws/install/px4_msgs/include/px4_msgs/px4_msgs/msg/detail/takeoff_status__struct.h\n'}
[2.090389] (px4_msgs) StdoutLine: {'line': b'-- Up-to-date symlink: /home/maxim/super_ws/install/px4_msgs/include/px4_msgs/px4_msgs/msg/detail/takeoff_status__type_support.h\n'}
[2.090577] (px4_msgs) StdoutLine: {'line': b'-- Up-to-date symlink: /home/maxim/super_ws/install/px4_msgs/include/px4_msgs/px4_msgs/msg/detail/target_gnss__functions.h\n'}
[2.090754] (px4_msgs) StdoutLine: {'line': b'-- Up-to-date symlink: /home/maxim/super_ws/install/px4_msgs/include/px4_msgs/px4_msgs/msg/detail/target_gnss__struct.h\n'}
[2.090982] (px4_msgs) StdoutLine: {'line': b'-- Up-to-date symlink: /home/maxim/super_ws/install/px4_msgs/include/px4_msgs/px4_msgs/msg/detail/target_gnss__type_support.h\n'}
[2.091128] (px4_msgs) StdoutLine: {'line': b'-- Up-to-date symlink: /home/maxim/super_ws/install/px4_msgs/include/px4_msgs/px4_msgs/msg/detail/task_stack_info__functions.h\n'}
[2.091276] (px4_msgs) StdoutLine: {'line': b'-- Up-to-date symlink: /home/maxim/super_ws/install/px4_msgs/include/px4_msgs/px4_msgs/msg/detail/task_stack_info__struct.h\n'}
[2.091427] (px4_msgs) StdoutLine: {'line': b'-- Up-to-date symlink: /home/maxim/super_ws/install/px4_msgs/include/px4_msgs/px4_msgs/msg/detail/task_stack_info__type_support.h\n'}
[2.091592] (px4_msgs) StdoutLine: {'line': b'-- Up-to-date symlink: /home/maxim/super_ws/install/px4_msgs/include/px4_msgs/px4_msgs/msg/detail/tecs_status__functions.h\n'}
[2.091757] (px4_msgs) StdoutLine: {'line': b'-- Up-to-date symlink: /home/maxim/super_ws/install/px4_msgs/include/px4_msgs/px4_msgs/msg/detail/tecs_status__struct.h\n'}
[2.091908] (px4_msgs) StdoutLine: {'line': b'-- Up-to-date symlink: /home/maxim/super_ws/install/px4_msgs/include/px4_msgs/px4_msgs/msg/detail/tecs_status__type_support.h\n'}
[2.092060] (px4_msgs) StdoutLine: {'line': b'-- Up-to-date symlink: /home/maxim/super_ws/install/px4_msgs/include/px4_msgs/px4_msgs/msg/detail/telemetry_status__functions.h\n'}
[2.092233] (px4_msgs) StdoutLine: {'line': b'-- Up-to-date symlink: /home/maxim/super_ws/install/px4_msgs/include/px4_msgs/px4_msgs/msg/detail/telemetry_status__struct.h\n'}
[2.092406] (px4_msgs) StdoutLine: {'line': b'-- Up-to-date symlink: /home/maxim/super_ws/install/px4_msgs/include/px4_msgs/px4_msgs/msg/detail/telemetry_status__type_support.h\n'}
[2.092608] (px4_msgs) StdoutLine: {'line': b'-- Up-to-date symlink: /home/maxim/super_ws/install/px4_msgs/include/px4_msgs/px4_msgs/msg/detail/tiltrotor_extra_controls__functions.h\n'}
[2.092781] (px4_msgs) StdoutLine: {'line': b'-- Up-to-date symlink: /home/maxim/super_ws/install/px4_msgs/include/px4_msgs/px4_msgs/msg/detail/tiltrotor_extra_controls__struct.h\n'}
[2.092956] (px4_msgs) StdoutLine: {'line': b'-- Up-to-date symlink: /home/maxim/super_ws/install/px4_msgs/include/px4_msgs/px4_msgs/msg/detail/tiltrotor_extra_controls__type_support.h\n'}
[2.093151] (px4_msgs) StdoutLine: {'line': b'-- Up-to-date symlink: /home/maxim/super_ws/install/px4_msgs/include/px4_msgs/px4_msgs/msg/detail/timesync_status__functions.h\n'}
[2.093347] (px4_msgs) StdoutLine: {'line': b'-- Up-to-date symlink: /home/maxim/super_ws/install/px4_msgs/include/px4_msgs/px4_msgs/msg/detail/timesync_status__struct.h\n'}
[2.093518] (px4_msgs) StdoutLine: {'line': b'-- Up-to-date symlink: /home/maxim/super_ws/install/px4_msgs/include/px4_msgs/px4_msgs/msg/detail/timesync_status__type_support.h\n'}
[2.093674] (px4_msgs) StdoutLine: {'line': b'-- Up-to-date symlink: /home/maxim/super_ws/install/px4_msgs/include/px4_msgs/px4_msgs/msg/detail/trajectory_setpoint6dof__functions.h\n'}
[2.093840] (px4_msgs) StdoutLine: {'line': b'-- Up-to-date symlink: /home/maxim/super_ws/install/px4_msgs/include/px4_msgs/px4_msgs/msg/detail/trajectory_setpoint6dof__struct.h\n'}
[2.093960] (px4_msgs) StdoutLine: {'line': b'-- Up-to-date symlink: /home/maxim/super_ws/install/px4_msgs/include/px4_msgs/px4_msgs/msg/detail/trajectory_setpoint6dof__type_support.h\n'}
[2.094128] (px4_msgs) StdoutLine: {'line': b'-- Up-to-date symlink: /home/maxim/super_ws/install/px4_msgs/include/px4_msgs/px4_msgs/msg/detail/trajectory_setpoint__functions.h\n'}
[2.094271] (px4_msgs) StdoutLine: {'line': b'-- Up-to-date symlink: /home/maxim/super_ws/install/px4_msgs/include/px4_msgs/px4_msgs/msg/detail/trajectory_setpoint__struct.h\n'}
[2.094415] (px4_msgs) StdoutLine: {'line': b'-- Up-to-date symlink: /home/maxim/super_ws/install/px4_msgs/include/px4_msgs/px4_msgs/msg/detail/trajectory_setpoint__type_support.h\n'}
[2.094535] (px4_msgs) StdoutLine: {'line': b'-- Up-to-date symlink: /home/maxim/super_ws/install/px4_msgs/include/px4_msgs/px4_msgs/msg/detail/transponder_report__functions.h\n'}
[2.094714] (px4_msgs) StdoutLine: {'line': b'-- Up-to-date symlink: /home/maxim/super_ws/install/px4_msgs/include/px4_msgs/px4_msgs/msg/detail/transponder_report__struct.h\n'}
[2.094875] (px4_msgs) StdoutLine: {'line': b'-- Up-to-date symlink: /home/maxim/super_ws/install/px4_msgs/include/px4_msgs/px4_msgs/msg/detail/transponder_report__type_support.h\n'}
[2.095051] (px4_msgs) StdoutLine: {'line': b'-- Up-to-date symlink: /home/maxim/super_ws/install/px4_msgs/include/px4_msgs/px4_msgs/msg/detail/tune_control__functions.h\n'}
[2.095200] (px4_msgs) StdoutLine: {'line': b'-- Up-to-date symlink: /home/maxim/super_ws/install/px4_msgs/include/px4_msgs/px4_msgs/msg/detail/tune_control__struct.h\n'}
[2.095368] (px4_msgs) StdoutLine: {'line': b'-- Up-to-date symlink: /home/maxim/super_ws/install/px4_msgs/include/px4_msgs/px4_msgs/msg/detail/tune_control__type_support.h\n'}
[2.095543] (px4_msgs) StdoutLine: {'line': b'-- Up-to-date symlink: /home/maxim/super_ws/install/px4_msgs/include/px4_msgs/px4_msgs/msg/detail/uavcan_parameter_request__functions.h\n'}
[2.095710] (px4_msgs) StdoutLine: {'line': b'-- Up-to-date symlink: /home/maxim/super_ws/install/px4_msgs/include/px4_msgs/px4_msgs/msg/detail/uavcan_parameter_request__struct.h\n'}
[2.095873] (px4_msgs) StdoutLine: {'line': b'-- Up-to-date symlink: /home/maxim/super_ws/install/px4_msgs/include/px4_msgs/px4_msgs/msg/detail/uavcan_parameter_request__type_support.h\n'}
[2.096073] (px4_msgs) StdoutLine: {'line': b'-- Up-to-date symlink: /home/maxim/super_ws/install/px4_msgs/include/px4_msgs/px4_msgs/msg/detail/uavcan_parameter_value__functions.h\n'}
[2.096218] (px4_msgs) StdoutLine: {'line': b'-- Up-to-date symlink: /home/maxim/super_ws/install/px4_msgs/include/px4_msgs/px4_msgs/msg/detail/uavcan_parameter_value__struct.h\n'}
[2.096367] (px4_msgs) StdoutLine: {'line': b'-- Up-to-date symlink: /home/maxim/super_ws/install/px4_msgs/include/px4_msgs/px4_msgs/msg/detail/uavcan_parameter_value__type_support.h\n'}
[2.096516] (px4_msgs) StdoutLine: {'line': b'-- Up-to-date symlink: /home/maxim/super_ws/install/px4_msgs/include/px4_msgs/px4_msgs/msg/detail/ulog_stream__functions.h\n'}
[2.096660] (px4_msgs) StdoutLine: {'line': b'-- Up-to-date symlink: /home/maxim/super_ws/install/px4_msgs/include/px4_msgs/px4_msgs/msg/detail/ulog_stream__struct.h\n'}
[2.096800] (px4_msgs) StdoutLine: {'line': b'-- Up-to-date symlink: /home/maxim/super_ws/install/px4_msgs/include/px4_msgs/px4_msgs/msg/detail/ulog_stream__type_support.h\n'}
[2.097009] (px4_msgs) StdoutLine: {'line': b'-- Up-to-date symlink: /home/maxim/super_ws/install/px4_msgs/include/px4_msgs/px4_msgs/msg/detail/ulog_stream_ack__functions.h\n'}
[2.097176] (px4_msgs) StdoutLine: {'line': b'-- Up-to-date symlink: /home/maxim/super_ws/install/px4_msgs/include/px4_msgs/px4_msgs/msg/detail/ulog_stream_ack__struct.h\n'}
[2.097330] (px4_msgs) StdoutLine: {'line': b'-- Up-to-date symlink: /home/maxim/super_ws/install/px4_msgs/include/px4_msgs/px4_msgs/msg/detail/ulog_stream_ack__type_support.h\n'}
[2.097501] (px4_msgs) StdoutLine: {'line': b'-- Up-to-date symlink: /home/maxim/super_ws/install/px4_msgs/include/px4_msgs/px4_msgs/msg/detail/unregister_ext_component__functions.h\n'}
[2.097671] (px4_msgs) StdoutLine: {'line': b'-- Up-to-date symlink: /home/maxim/super_ws/install/px4_msgs/include/px4_msgs/px4_msgs/msg/detail/unregister_ext_component__struct.h\n'}
[2.097847] (px4_msgs) StdoutLine: {'line': b'-- Up-to-date symlink: /home/maxim/super_ws/install/px4_msgs/include/px4_msgs/px4_msgs/msg/detail/unregister_ext_component__type_support.h\n'}
[2.098029] (px4_msgs) StdoutLine: {'line': b'-- Up-to-date symlink: /home/maxim/super_ws/install/px4_msgs/include/px4_msgs/px4_msgs/msg/detail/vehicle_acceleration__functions.h\n'}
[2.098217] (px4_msgs) StdoutLine: {'line': b'-- Up-to-date symlink: /home/maxim/super_ws/install/px4_msgs/include/px4_msgs/px4_msgs/msg/detail/vehicle_acceleration__struct.h\n'}
[2.098399] (px4_msgs) StdoutLine: {'line': b'-- Up-to-date symlink: /home/maxim/super_ws/install/px4_msgs/include/px4_msgs/px4_msgs/msg/detail/vehicle_acceleration__type_support.h\n'}
[2.098583] (px4_msgs) StdoutLine: {'line': b'-- Up-to-date symlink: /home/maxim/super_ws/install/px4_msgs/include/px4_msgs/px4_msgs/msg/detail/vehicle_air_data__functions.h\n'}
[2.098754] (px4_msgs) StdoutLine: {'line': b'-- Up-to-date symlink: /home/maxim/super_ws/install/px4_msgs/include/px4_msgs/px4_msgs/msg/detail/vehicle_air_data__struct.h\n'}
[2.098927] (px4_msgs) StdoutLine: {'line': b'-- Up-to-date symlink: /home/maxim/super_ws/install/px4_msgs/include/px4_msgs/px4_msgs/msg/detail/vehicle_air_data__type_support.h\n'}
[2.099105] (px4_msgs) StdoutLine: {'line': b'-- Up-to-date symlink: /home/maxim/super_ws/install/px4_msgs/include/px4_msgs/px4_msgs/msg/detail/vehicle_angular_acceleration_setpoint__functions.h\n'}
[2.099290] (px4_msgs) StdoutLine: {'line': b'-- Up-to-date symlink: /home/maxim/super_ws/install/px4_msgs/include/px4_msgs/px4_msgs/msg/detail/vehicle_angular_acceleration_setpoint__struct.h\n'}
[2.099448] (px4_msgs) StdoutLine: {'line': b'-- Up-to-date symlink: /home/maxim/super_ws/install/px4_msgs/include/px4_msgs/px4_msgs/msg/detail/vehicle_angular_acceleration_setpoint__type_support.h\n'}
[2.099624] (px4_msgs) StdoutLine: {'line': b'-- Up-to-date symlink: /home/maxim/super_ws/install/px4_msgs/include/px4_msgs/px4_msgs/msg/detail/vehicle_angular_velocity__functions.h\n'}
[2.099809] (px4_msgs) StdoutLine: {'line': b'-- Up-to-date symlink: /home/maxim/super_ws/install/px4_msgs/include/px4_msgs/px4_msgs/msg/detail/vehicle_angular_velocity__struct.h\n'}
[2.099991] (px4_msgs) StdoutLine: {'line': b'-- Up-to-date symlink: /home/maxim/super_ws/install/px4_msgs/include/px4_msgs/px4_msgs/msg/detail/vehicle_angular_velocity__type_support.h\n'}
[2.100175] (px4_msgs) StdoutLine: {'line': b'-- Up-to-date symlink: /home/maxim/super_ws/install/px4_msgs/include/px4_msgs/px4_msgs/msg/detail/vehicle_attitude__functions.h\n'}
[2.100358] (px4_msgs) StdoutLine: {'line': b'-- Up-to-date symlink: /home/maxim/super_ws/install/px4_msgs/include/px4_msgs/px4_msgs/msg/detail/vehicle_attitude__struct.h\n'}
[2.100540] (px4_msgs) StdoutLine: {'line': b'-- Up-to-date symlink: /home/maxim/super_ws/install/px4_msgs/include/px4_msgs/px4_msgs/msg/detail/vehicle_attitude__type_support.h\n'}
[2.100723] (px4_msgs) StdoutLine: {'line': b'-- Up-to-date symlink: /home/maxim/super_ws/install/px4_msgs/include/px4_msgs/px4_msgs/msg/detail/vehicle_attitude_setpoint__functions.h\n'}
[2.100905] (px4_msgs) StdoutLine: {'line': b'-- Up-to-date symlink: /home/maxim/super_ws/install/px4_msgs/include/px4_msgs/px4_msgs/msg/detail/vehicle_attitude_setpoint__struct.h\n'}
[2.101094] (px4_msgs) StdoutLine: {'line': b'-- Up-to-date symlink: /home/maxim/super_ws/install/px4_msgs/include/px4_msgs/px4_msgs/msg/detail/vehicle_attitude_setpoint__type_support.h\n'}
[2.101276] (px4_msgs) StdoutLine: {'line': b'-- Up-to-date symlink: /home/maxim/super_ws/install/px4_msgs/include/px4_msgs/px4_msgs/msg/detail/vehicle_command__functions.h\n'}
[2.101460] (px4_msgs) StdoutLine: {'line': b'-- Up-to-date symlink: /home/maxim/super_ws/install/px4_msgs/include/px4_msgs/px4_msgs/msg/detail/vehicle_command__struct.h\n'}
[2.101642] (px4_msgs) StdoutLine: {'line': b'-- Up-to-date symlink: /home/maxim/super_ws/install/px4_msgs/include/px4_msgs/px4_msgs/msg/detail/vehicle_command__type_support.h\n'}
[2.101825] (px4_msgs) StdoutLine: {'line': b'-- Up-to-date symlink: /home/maxim/super_ws/install/px4_msgs/include/px4_msgs/px4_msgs/msg/detail/vehicle_command_ack__functions.h\n'}
[2.102005] (px4_msgs) StdoutLine: {'line': b'-- Up-to-date symlink: /home/maxim/super_ws/install/px4_msgs/include/px4_msgs/px4_msgs/msg/detail/vehicle_command_ack__struct.h\n'}
[2.102191] (px4_msgs) StdoutLine: {'line': b'-- Up-to-date symlink: /home/maxim/super_ws/install/px4_msgs/include/px4_msgs/px4_msgs/msg/detail/vehicle_command_ack__type_support.h\n'}
[2.102338] (px4_msgs) StdoutLine: {'line': b'-- Up-to-date symlink: /home/maxim/super_ws/install/px4_msgs/include/px4_msgs/px4_msgs/msg/detail/vehicle_constraints__functions.h\n'}
[2.102484] (px4_msgs) StdoutLine: {'line': b'-- Up-to-date symlink: /home/maxim/super_ws/install/px4_msgs/include/px4_msgs/px4_msgs/msg/detail/vehicle_constraints__struct.h\n'}
[2.102630] (px4_msgs) StdoutLine: {'line': b'-- Up-to-date symlink: /home/maxim/super_ws/install/px4_msgs/include/px4_msgs/px4_msgs/msg/detail/vehicle_constraints__type_support.h\n'}
[2.102814] (px4_msgs) StdoutLine: {'line': b'-- Up-to-date symlink: /home/maxim/super_ws/install/px4_msgs/include/px4_msgs/px4_msgs/msg/detail/vehicle_control_mode__functions.h\n'}
[2.103002] (px4_msgs) StdoutLine: {'line': b'-- Up-to-date symlink: /home/maxim/super_ws/install/px4_msgs/include/px4_msgs/px4_msgs/msg/detail/vehicle_control_mode__struct.h\n'}
[2.103068] (-) TimerEvent: {}
[2.103227] (px4_msgs) StdoutLine: {'line': b'-- Up-to-date symlink: /home/maxim/super_ws/install/px4_msgs/include/px4_msgs/px4_msgs/msg/detail/vehicle_control_mode__type_support.h\n'}
[2.103395] (px4_msgs) StdoutLine: {'line': b'-- Up-to-date symlink: /home/maxim/super_ws/install/px4_msgs/include/px4_msgs/px4_msgs/msg/detail/vehicle_global_position__functions.h\n'}
[2.103592] (px4_msgs) StdoutLine: {'line': b'-- Up-to-date symlink: /home/maxim/super_ws/install/px4_msgs/include/px4_msgs/px4_msgs/msg/detail/vehicle_global_position__struct.h\n'}
[2.103775] (px4_msgs) StdoutLine: {'line': b'-- Up-to-date symlink: /home/maxim/super_ws/install/px4_msgs/include/px4_msgs/px4_msgs/msg/detail/vehicle_global_position__type_support.h\n'}
[2.103960] (px4_msgs) StdoutLine: {'line': b'-- Up-to-date symlink: /home/maxim/super_ws/install/px4_msgs/include/px4_msgs/px4_msgs/msg/detail/vehicle_imu__functions.h\n'}
[2.104149] (px4_msgs) StdoutLine: {'line': b'-- Up-to-date symlink: /home/maxim/super_ws/install/px4_msgs/include/px4_msgs/px4_msgs/msg/detail/vehicle_imu__struct.h\n'}
[2.104313] (px4_msgs) StdoutLine: {'line': b'-- Up-to-date symlink: /home/maxim/super_ws/install/px4_msgs/include/px4_msgs/px4_msgs/msg/detail/vehicle_imu__type_support.h\n'}
[2.104442] (px4_msgs) StdoutLine: {'line': b'-- Up-to-date symlink: /home/maxim/super_ws/install/px4_msgs/include/px4_msgs/px4_msgs/msg/detail/vehicle_imu_status__functions.h\n'}
[2.104603] (px4_msgs) StdoutLine: {'line': b'-- Up-to-date symlink: /home/maxim/super_ws/install/px4_msgs/include/px4_msgs/px4_msgs/msg/detail/vehicle_imu_status__struct.h\n'}
[2.104828] (px4_msgs) StdoutLine: {'line': b'-- Up-to-date symlink: /home/maxim/super_ws/install/px4_msgs/include/px4_msgs/px4_msgs/msg/detail/vehicle_imu_status__type_support.h\n'}
[2.105012] (px4_msgs) StdoutLine: {'line': b'-- Up-to-date symlink: /home/maxim/super_ws/install/px4_msgs/include/px4_msgs/px4_msgs/msg/detail/vehicle_land_detected__functions.h\n'}
[2.105194] (px4_msgs) StdoutLine: {'line': b'-- Up-to-date symlink: /home/maxim/super_ws/install/px4_msgs/include/px4_msgs/px4_msgs/msg/detail/vehicle_land_detected__struct.h\n'}
[2.105360] (px4_msgs) StdoutLine: {'line': b'-- Up-to-date symlink: /home/maxim/super_ws/install/px4_msgs/include/px4_msgs/px4_msgs/msg/detail/vehicle_land_detected__type_support.h\n'}
[2.105525] (px4_msgs) StdoutLine: {'line': b'-- Up-to-date symlink: /home/maxim/super_ws/install/px4_msgs/include/px4_msgs/px4_msgs/msg/detail/vehicle_local_position__functions.h\n'}
[2.105686] (px4_msgs) StdoutLine: {'line': b'-- Up-to-date symlink: /home/maxim/super_ws/install/px4_msgs/include/px4_msgs/px4_msgs/msg/detail/vehicle_local_position__struct.h\n'}
[2.105855] (px4_msgs) StdoutLine: {'line': b'-- Up-to-date symlink: /home/maxim/super_ws/install/px4_msgs/include/px4_msgs/px4_msgs/msg/detail/vehicle_local_position__type_support.h\n'}
[2.105981] (px4_msgs) StdoutLine: {'line': b'-- Up-to-date symlink: /home/maxim/super_ws/install/px4_msgs/include/px4_msgs/px4_msgs/msg/detail/vehicle_local_position_setpoint__functions.h\n'}
[2.106148] (px4_msgs) StdoutLine: {'line': b'-- Up-to-date symlink: /home/maxim/super_ws/install/px4_msgs/include/px4_msgs/px4_msgs/msg/detail/vehicle_local_position_setpoint__struct.h\n'}
[2.106310] (px4_msgs) StdoutLine: {'line': b'-- Up-to-date symlink: /home/maxim/super_ws/install/px4_msgs/include/px4_msgs/px4_msgs/msg/detail/vehicle_local_position_setpoint__type_support.h\n'}
[2.106475] (px4_msgs) StdoutLine: {'line': b'-- Up-to-date symlink: /home/maxim/super_ws/install/px4_msgs/include/px4_msgs/px4_msgs/msg/detail/vehicle_magnetometer__functions.h\n'}
[2.106642] (px4_msgs) StdoutLine: {'line': b'-- Up-to-date symlink: /home/maxim/super_ws/install/px4_msgs/include/px4_msgs/px4_msgs/msg/detail/vehicle_magnetometer__struct.h\n'}
[2.106817] (px4_msgs) StdoutLine: {'line': b'-- Up-to-date symlink: /home/maxim/super_ws/install/px4_msgs/include/px4_msgs/px4_msgs/msg/detail/vehicle_magnetometer__type_support.h\n'}
[2.106963] (px4_msgs) StdoutLine: {'line': b'-- Up-to-date symlink: /home/maxim/super_ws/install/px4_msgs/include/px4_msgs/px4_msgs/msg/detail/vehicle_odometry__functions.h\n'}
[2.107147] (px4_msgs) StdoutLine: {'line': b'-- Up-to-date symlink: /home/maxim/super_ws/install/px4_msgs/include/px4_msgs/px4_msgs/msg/detail/vehicle_odometry__struct.h\n'}
[2.107326] (px4_msgs) StdoutLine: {'line': b'-- Up-to-date symlink: /home/maxim/super_ws/install/px4_msgs/include/px4_msgs/px4_msgs/msg/detail/vehicle_odometry__type_support.h\n'}
[2.107491] (px4_msgs) StdoutLine: {'line': b'-- Up-to-date symlink: /home/maxim/super_ws/install/px4_msgs/include/px4_msgs/px4_msgs/msg/detail/vehicle_optical_flow__functions.h\n'}
[2.107620] (px4_msgs) StdoutLine: {'line': b'-- Up-to-date symlink: /home/maxim/super_ws/install/px4_msgs/include/px4_msgs/px4_msgs/msg/detail/vehicle_optical_flow__struct.h\n'}
[2.107784] (px4_msgs) StdoutLine: {'line': b'-- Up-to-date symlink: /home/maxim/super_ws/install/px4_msgs/include/px4_msgs/px4_msgs/msg/detail/vehicle_optical_flow__type_support.h\n'}
[2.107948] (px4_msgs) StdoutLine: {'line': b'-- Up-to-date symlink: /home/maxim/super_ws/install/px4_msgs/include/px4_msgs/px4_msgs/msg/detail/vehicle_optical_flow_vel__functions.h\n'}
[2.108129] (px4_msgs) StdoutLine: {'line': b'-- Up-to-date symlink: /home/maxim/super_ws/install/px4_msgs/include/px4_msgs/px4_msgs/msg/detail/vehicle_optical_flow_vel__struct.h\n'}
[2.108315] (px4_msgs) StdoutLine: {'line': b'-- Up-to-date symlink: /home/maxim/super_ws/install/px4_msgs/include/px4_msgs/px4_msgs/msg/detail/vehicle_optical_flow_vel__type_support.h\n'}
[2.108473] (px4_msgs) StdoutLine: {'line': b'-- Up-to-date symlink: /home/maxim/super_ws/install/px4_msgs/include/px4_msgs/px4_msgs/msg/detail/vehicle_rates_setpoint__functions.h\n'}
[2.108611] (px4_msgs) StdoutLine: {'line': b'-- Up-to-date symlink: /home/maxim/super_ws/install/px4_msgs/include/px4_msgs/px4_msgs/msg/detail/vehicle_rates_setpoint__struct.h\n'}
[2.108777] (px4_msgs) StdoutLine: {'line': b'-- Up-to-date symlink: /home/maxim/super_ws/install/px4_msgs/include/px4_msgs/px4_msgs/msg/detail/vehicle_rates_setpoint__type_support.h\n'}
[2.108992] (px4_msgs) StdoutLine: {'line': b'-- Up-to-date symlink: /home/maxim/super_ws/install/px4_msgs/include/px4_msgs/px4_msgs/msg/detail/vehicle_roi__functions.h\n'}
[2.109175] (px4_msgs) StdoutLine: {'line': b'-- Up-to-date symlink: /home/maxim/super_ws/install/px4_msgs/include/px4_msgs/px4_msgs/msg/detail/vehicle_roi__struct.h\n'}
[2.109370] (px4_msgs) StdoutLine: {'line': b'-- Up-to-date symlink: /home/maxim/super_ws/install/px4_msgs/include/px4_msgs/px4_msgs/msg/detail/vehicle_roi__type_support.h\n'}
[2.109537] (px4_msgs) StdoutLine: {'line': b'-- Up-to-date symlink: /home/maxim/super_ws/install/px4_msgs/include/px4_msgs/px4_msgs/msg/detail/vehicle_status__functions.h\n'}
[2.109699] (px4_msgs) StdoutLine: {'line': b'-- Up-to-date symlink: /home/maxim/super_ws/install/px4_msgs/include/px4_msgs/px4_msgs/msg/detail/vehicle_status__struct.h\n'}
[2.109874] (px4_msgs) StdoutLine: {'line': b'-- Up-to-date symlink: /home/maxim/super_ws/install/px4_msgs/include/px4_msgs/px4_msgs/msg/detail/vehicle_status__type_support.h\n'}
[2.109997] (px4_msgs) StdoutLine: {'line': b'-- Up-to-date symlink: /home/maxim/super_ws/install/px4_msgs/include/px4_msgs/px4_msgs/msg/detail/vehicle_thrust_setpoint__functions.h\n'}
[2.110106] (px4_msgs) StdoutLine: {'line': b'-- Up-to-date symlink: /home/maxim/super_ws/install/px4_msgs/include/px4_msgs/px4_msgs/msg/detail/vehicle_thrust_setpoint__struct.h\n'}
[2.110293] (px4_msgs) StdoutLine: {'line': b'-- Up-to-date symlink: /home/maxim/super_ws/install/px4_msgs/include/px4_msgs/px4_msgs/msg/detail/vehicle_thrust_setpoint__type_support.h\n'}
[2.110438] (px4_msgs) StdoutLine: {'line': b'-- Up-to-date symlink: /home/maxim/super_ws/install/px4_msgs/include/px4_msgs/px4_msgs/msg/detail/vehicle_torque_setpoint__functions.h\n'}
[2.110603] (px4_msgs) StdoutLine: {'line': b'-- Up-to-date symlink: /home/maxim/super_ws/install/px4_msgs/include/px4_msgs/px4_msgs/msg/detail/vehicle_torque_setpoint__struct.h\n'}
[2.110747] (px4_msgs) StdoutLine: {'line': b'-- Up-to-date symlink: /home/maxim/super_ws/install/px4_msgs/include/px4_msgs/px4_msgs/msg/detail/vehicle_torque_setpoint__type_support.h\n'}
[2.110898] (px4_msgs) StdoutLine: {'line': b'-- Up-to-date symlink: /home/maxim/super_ws/install/px4_msgs/include/px4_msgs/px4_msgs/msg/detail/velocity_limits__functions.h\n'}
[2.111034] (px4_msgs) StdoutLine: {'line': b'-- Up-to-date symlink: /home/maxim/super_ws/install/px4_msgs/include/px4_msgs/px4_msgs/msg/detail/velocity_limits__struct.h\n'}
[2.111252] (px4_msgs) StdoutLine: {'line': b'-- Up-to-date symlink: /home/maxim/super_ws/install/px4_msgs/include/px4_msgs/px4_msgs/msg/detail/velocity_limits__type_support.h\n'}
[2.111415] (px4_msgs) StdoutLine: {'line': b'-- Up-to-date symlink: /home/maxim/super_ws/install/px4_msgs/include/px4_msgs/px4_msgs/msg/detail/vte_aid_source1d__functions.h\n'}
[2.111587] (px4_msgs) StdoutLine: {'line': b'-- Up-to-date symlink: /home/maxim/super_ws/install/px4_msgs/include/px4_msgs/px4_msgs/msg/detail/vte_aid_source1d__struct.h\n'}
[2.111765] (px4_msgs) StdoutLine: {'line': b'-- Up-to-date symlink: /home/maxim/super_ws/install/px4_msgs/include/px4_msgs/px4_msgs/msg/detail/vte_aid_source1d__type_support.h\n'}
[2.111936] (px4_msgs) StdoutLine: {'line': b'-- Up-to-date symlink: /home/maxim/super_ws/install/px4_msgs/include/px4_msgs/px4_msgs/msg/detail/vte_aid_source3d__functions.h\n'}
[2.112076] (px4_msgs) StdoutLine: {'line': b'-- Up-to-date symlink: /home/maxim/super_ws/install/px4_msgs/include/px4_msgs/px4_msgs/msg/detail/vte_aid_source3d__struct.h\n'}
[2.112283] (px4_msgs) StdoutLine: {'line': b'-- Up-to-date symlink: /home/maxim/super_ws/install/px4_msgs/include/px4_msgs/px4_msgs/msg/detail/vte_aid_source3d__type_support.h\n'}
[2.112499] (px4_msgs) StdoutLine: {'line': b'-- Up-to-date symlink: /home/maxim/super_ws/install/px4_msgs/include/px4_msgs/px4_msgs/msg/detail/vte_bias_init_status__functions.h\n'}
[2.112737] (px4_msgs) StdoutLine: {'line': b'-- Up-to-date symlink: /home/maxim/super_ws/install/px4_msgs/include/px4_msgs/px4_msgs/msg/detail/vte_bias_init_status__struct.h\n'}
[2.112964] (px4_msgs) StdoutLine: {'line': b'-- Up-to-date symlink: /home/maxim/super_ws/install/px4_msgs/include/px4_msgs/px4_msgs/msg/detail/vte_bias_init_status__type_support.h\n'}
[2.113213] (px4_msgs) StdoutLine: {'line': b'-- Up-to-date symlink: /home/maxim/super_ws/install/px4_msgs/include/px4_msgs/px4_msgs/msg/detail/vte_input__functions.h\n'}
[2.113438] (px4_msgs) StdoutLine: {'line': b'-- Up-to-date symlink: /home/maxim/super_ws/install/px4_msgs/include/px4_msgs/px4_msgs/msg/detail/vte_input__struct.h\n'}
[2.113664] (px4_msgs) StdoutLine: {'line': b'-- Up-to-date symlink: /home/maxim/super_ws/install/px4_msgs/include/px4_msgs/px4_msgs/msg/detail/vte_input__type_support.h\n'}
[2.113898] (px4_msgs) StdoutLine: {'line': b'-- Up-to-date symlink: /home/maxim/super_ws/install/px4_msgs/include/px4_msgs/px4_msgs/msg/detail/vte_orientation__functions.h\n'}
[2.114077] (px4_msgs) StdoutLine: {'line': b'-- Up-to-date symlink: /home/maxim/super_ws/install/px4_msgs/include/px4_msgs/px4_msgs/msg/detail/vte_orientation__struct.h\n'}
[2.114313] (px4_msgs) StdoutLine: {'line': b'-- Up-to-date symlink: /home/maxim/super_ws/install/px4_msgs/include/px4_msgs/px4_msgs/msg/detail/vte_orientation__type_support.h\n'}
[2.114548] (px4_msgs) StdoutLine: {'line': b'-- Up-to-date symlink: /home/maxim/super_ws/install/px4_msgs/include/px4_msgs/px4_msgs/msg/detail/vte_position__functions.h\n'}
[2.114751] (px4_msgs) StdoutLine: {'line': b'-- Up-to-date symlink: /home/maxim/super_ws/install/px4_msgs/include/px4_msgs/px4_msgs/msg/detail/vte_position__struct.h\n'}
[2.114927] (px4_msgs) StdoutLine: {'line': b'-- Up-to-date symlink: /home/maxim/super_ws/install/px4_msgs/include/px4_msgs/px4_msgs/msg/detail/vte_position__type_support.h\n'}
[2.115215] (px4_msgs) StdoutLine: {'line': b'-- Up-to-date symlink: /home/maxim/super_ws/install/px4_msgs/include/px4_msgs/px4_msgs/msg/detail/vtol_vehicle_status__functions.h\n'}
[2.115459] (px4_msgs) StdoutLine: {'line': b'-- Up-to-date symlink: /home/maxim/super_ws/install/px4_msgs/include/px4_msgs/px4_msgs/msg/detail/vtol_vehicle_status__struct.h\n'}
[2.115724] (px4_msgs) StdoutLine: {'line': b'-- Up-to-date symlink: /home/maxim/super_ws/install/px4_msgs/include/px4_msgs/px4_msgs/msg/detail/vtol_vehicle_status__type_support.h\n'}
[2.115931] (px4_msgs) StdoutLine: {'line': b'-- Up-to-date symlink: /home/maxim/super_ws/install/px4_msgs/include/px4_msgs/px4_msgs/msg/detail/vtx__functions.h\n'}
[2.116125] (px4_msgs) StdoutLine: {'line': b'-- Up-to-date symlink: /home/maxim/super_ws/install/px4_msgs/include/px4_msgs/px4_msgs/msg/detail/vtx__struct.h\n'}
[2.116257] (px4_msgs) StdoutLine: {'line': b'-- Up-to-date symlink: /home/maxim/super_ws/install/px4_msgs/include/px4_msgs/px4_msgs/msg/detail/vtx__type_support.h\n'}
[2.116435] (px4_msgs) StdoutLine: {'line': b'-- Up-to-date symlink: /home/maxim/super_ws/install/px4_msgs/include/px4_msgs/px4_msgs/msg/detail/wheel_encoders__functions.h\n'}
[2.116614] (px4_msgs) StdoutLine: {'line': b'-- Up-to-date symlink: /home/maxim/super_ws/install/px4_msgs/include/px4_msgs/px4_msgs/msg/detail/wheel_encoders__struct.h\n'}
[2.116788] (px4_msgs) StdoutLine: {'line': b'-- Up-to-date symlink: /home/maxim/super_ws/install/px4_msgs/include/px4_msgs/px4_msgs/msg/detail/wheel_encoders__type_support.h\n'}
[2.116962] (px4_msgs) StdoutLine: {'line': b'-- Up-to-date symlink: /home/maxim/super_ws/install/px4_msgs/include/px4_msgs/px4_msgs/msg/detail/wind__functions.h\n'}
[2.117117] (px4_msgs) StdoutLine: {'line': b'-- Up-to-date symlink: /home/maxim/super_ws/install/px4_msgs/include/px4_msgs/px4_msgs/msg/detail/wind__struct.h\n'}
[2.117307] (px4_msgs) StdoutLine: {'line': b'-- Up-to-date symlink: /home/maxim/super_ws/install/px4_msgs/include/px4_msgs/px4_msgs/msg/detail/wind__type_support.h\n'}
[2.117456] (px4_msgs) StdoutLine: {'line': b'-- Up-to-date symlink: /home/maxim/super_ws/install/px4_msgs/include/px4_msgs/px4_msgs/msg/detail/yaw_estimator_status__functions.h\n'}
[2.117604] (px4_msgs) StdoutLine: {'line': b'-- Up-to-date symlink: /home/maxim/super_ws/install/px4_msgs/include/px4_msgs/px4_msgs/msg/detail/yaw_estimator_status__struct.h\n'}
[2.117822] (px4_msgs) StdoutLine: {'line': b'-- Up-to-date symlink: /home/maxim/super_ws/install/px4_msgs/include/px4_msgs/px4_msgs/msg/detail/yaw_estimator_status__type_support.h\n'}
[2.117994] (px4_msgs) StdoutLine: {'line': b'-- Up-to-date symlink: /home/maxim/super_ws/install/px4_msgs/include/px4_msgs/px4_msgs/msg/device_information.h\n'}
[2.118168] (px4_msgs) StdoutLine: {'line': b'-- Up-to-date symlink: /home/maxim/super_ws/install/px4_msgs/include/px4_msgs/px4_msgs/msg/differential_pressure.h\n'}
[2.118340] (px4_msgs) StdoutLine: {'line': b'-- Up-to-date symlink: /home/maxim/super_ws/install/px4_msgs/include/px4_msgs/px4_msgs/msg/distance_sensor.h\n'}
[2.118452] (px4_msgs) StdoutLine: {'line': b'-- Up-to-date symlink: /home/maxim/super_ws/install/px4_msgs/include/px4_msgs/px4_msgs/msg/distance_sensor_mode_change_request.h\n'}
[2.118708] (px4_msgs) StdoutLine: {'line': b'-- Up-to-date symlink: /home/maxim/super_ws/install/px4_msgs/include/px4_msgs/px4_msgs/msg/dronecan_node_status.h\n'}
[2.118878] (px4_msgs) StdoutLine: {'line': b'-- Up-to-date symlink: /home/maxim/super_ws/install/px4_msgs/include/px4_msgs/px4_msgs/msg/ekf2_timestamps.h\n'}
[2.119050] (px4_msgs) StdoutLine: {'line': b'-- Up-to-date symlink: /home/maxim/super_ws/install/px4_msgs/include/px4_msgs/px4_msgs/msg/esc_eeprom_read.h\n'}
[2.119243] (px4_msgs) StdoutLine: {'line': b'-- Up-to-date symlink: /home/maxim/super_ws/install/px4_msgs/include/px4_msgs/px4_msgs/msg/esc_eeprom_write.h\n'}
[2.119379] (px4_msgs) StdoutLine: {'line': b'-- Up-to-date symlink: /home/maxim/super_ws/install/px4_msgs/include/px4_msgs/px4_msgs/msg/esc_report.h\n'}
[2.119550] (px4_msgs) StdoutLine: {'line': b'-- Up-to-date symlink: /home/maxim/super_ws/install/px4_msgs/include/px4_msgs/px4_msgs/msg/esc_status.h\n'}
[2.119691] (px4_msgs) StdoutLine: {'line': b'-- Up-to-date symlink: /home/maxim/super_ws/install/px4_msgs/include/px4_msgs/px4_msgs/msg/estimator_aid_source1d.h\n'}
[2.119859] (px4_msgs) StdoutLine: {'line': b'-- Up-to-date symlink: /home/maxim/super_ws/install/px4_msgs/include/px4_msgs/px4_msgs/msg/estimator_aid_source2d.h\n'}
[2.120060] (px4_msgs) StdoutLine: {'line': b'-- Up-to-date symlink: /home/maxim/super_ws/install/px4_msgs/include/px4_msgs/px4_msgs/msg/estimator_aid_source3d.h\n'}
[2.120231] (px4_msgs) StdoutLine: {'line': b'-- Up-to-date symlink: /home/maxim/super_ws/install/px4_msgs/include/px4_msgs/px4_msgs/msg/estimator_bias.h\n'}
[2.120406] (px4_msgs) StdoutLine: {'line': b'-- Up-to-date symlink: /home/maxim/super_ws/install/px4_msgs/include/px4_msgs/px4_msgs/msg/estimator_bias3d.h\n'}
[2.120603] (px4_msgs) StdoutLine: {'line': b'-- Up-to-date symlink: /home/maxim/super_ws/install/px4_msgs/include/px4_msgs/px4_msgs/msg/estimator_event_flags.h\n'}
[2.120766] (px4_msgs) StdoutLine: {'line': b'-- Up-to-date symlink: /home/maxim/super_ws/install/px4_msgs/include/px4_msgs/px4_msgs/msg/estimator_fusion_control.h\n'}
[2.120932] (px4_msgs) StdoutLine: {'line': b'-- Up-to-date symlink: /home/maxim/super_ws/install/px4_msgs/include/px4_msgs/px4_msgs/msg/estimator_gps_status.h\n'}
[2.121211] (px4_msgs) StdoutLine: {'line': b'-- Up-to-date symlink: /home/maxim/super_ws/install/px4_msgs/include/px4_msgs/px4_msgs/msg/estimator_innovations.h\n'}
[2.121379] (px4_msgs) StdoutLine: {'line': b'-- Up-to-date symlink: /home/maxim/super_ws/install/px4_msgs/include/px4_msgs/px4_msgs/msg/estimator_selector_status.h\n'}
[2.121553] (px4_msgs) StdoutLine: {'line': b'-- Up-to-date symlink: /home/maxim/super_ws/install/px4_msgs/include/px4_msgs/px4_msgs/msg/estimator_sensor_bias.h\n'}
[2.121692] (px4_msgs) StdoutLine: {'line': b'-- Up-to-date symlink: /home/maxim/super_ws/install/px4_msgs/include/px4_msgs/px4_msgs/msg/estimator_states.h\n'}
[2.121891] (px4_msgs) StdoutLine: {'line': b'-- Up-to-date symlink: /home/maxim/super_ws/install/px4_msgs/include/px4_msgs/px4_msgs/msg/estimator_status.h\n'}
[2.122067] (px4_msgs) StdoutLine: {'line': b'-- Up-to-date symlink: /home/maxim/super_ws/install/px4_msgs/include/px4_msgs/px4_msgs/msg/estimator_status_flags.h\n'}
[2.122218] (px4_msgs) StdoutLine: {'line': b'-- Up-to-date symlink: /home/maxim/super_ws/install/px4_msgs/include/px4_msgs/px4_msgs/msg/event.h\n'}
[2.122377] (px4_msgs) StdoutLine: {'line': b'-- Up-to-date symlink: /home/maxim/super_ws/install/px4_msgs/include/px4_msgs/px4_msgs/msg/failsafe_flags.h\n'}
[2.122524] (px4_msgs) StdoutLine: {'line': b'-- Up-to-date symlink: /home/maxim/super_ws/install/px4_msgs/include/px4_msgs/px4_msgs/msg/failure_detector_status.h\n'}
[2.122691] (px4_msgs) StdoutLine: {'line': b'-- Up-to-date symlink: /home/maxim/super_ws/install/px4_msgs/include/px4_msgs/px4_msgs/msg/fiducial_marker_pos_report.h\n'}
[2.122815] (px4_msgs) StdoutLine: {'line': b'-- Up-to-date symlink: /home/maxim/super_ws/install/px4_msgs/include/px4_msgs/px4_msgs/msg/fiducial_marker_yaw_report.h\n'}
[2.122977] (px4_msgs) StdoutLine: {'line': b'-- Up-to-date symlink: /home/maxim/super_ws/install/px4_msgs/include/px4_msgs/px4_msgs/msg/figure_eight_status.h\n'}
[2.123122] (px4_msgs) StdoutLine: {'line': b'-- Up-to-date symlink: /home/maxim/super_ws/install/px4_msgs/include/px4_msgs/px4_msgs/msg/fixed_wing_lateral_guidance_status.h\n'}
[2.123268] (px4_msgs) StdoutLine: {'line': b'-- Up-to-date symlink: /home/maxim/super_ws/install/px4_msgs/include/px4_msgs/px4_msgs/msg/fixed_wing_lateral_setpoint.h\n'}
[2.123454] (px4_msgs) StdoutLine: {'line': b'-- Up-to-date symlink: /home/maxim/super_ws/install/px4_msgs/include/px4_msgs/px4_msgs/msg/fixed_wing_lateral_status.h\n'}
[2.123595] (px4_msgs) StdoutLine: {'line': b'-- Up-to-date symlink: /home/maxim/super_ws/install/px4_msgs/include/px4_msgs/px4_msgs/msg/fixed_wing_longitudinal_setpoint.h\n'}
[2.123738] (px4_msgs) StdoutLine: {'line': b'-- Up-to-date symlink: /home/maxim/super_ws/install/px4_msgs/include/px4_msgs/px4_msgs/msg/fixed_wing_runway_control.h\n'}
[2.123900] (px4_msgs) StdoutLine: {'line': b'-- Up-to-date symlink: /home/maxim/super_ws/install/px4_msgs/include/px4_msgs/px4_msgs/msg/flight_phase_estimation.h\n'}
[2.124026] (px4_msgs) StdoutLine: {'line': b'-- Up-to-date symlink: /home/maxim/super_ws/install/px4_msgs/include/px4_msgs/px4_msgs/msg/follow_target.h\n'}
[2.124235] (px4_msgs) StdoutLine: {'line': b'-- Up-to-date symlink: /home/maxim/super_ws/install/px4_msgs/include/px4_msgs/px4_msgs/msg/follow_target_estimator.h\n'}
[2.124402] (px4_msgs) StdoutLine: {'line': b'-- Up-to-date symlink: /home/maxim/super_ws/install/px4_msgs/include/px4_msgs/px4_msgs/msg/follow_target_status.h\n'}
[2.124562] (px4_msgs) StdoutLine: {'line': b'-- Up-to-date symlink: /home/maxim/super_ws/install/px4_msgs/include/px4_msgs/px4_msgs/msg/fuel_tank_status.h\n'}
[2.124726] (px4_msgs) StdoutLine: {'line': b'-- Up-to-date symlink: /home/maxim/super_ws/install/px4_msgs/include/px4_msgs/px4_msgs/msg/gain_compression.h\n'}
[2.124870] (px4_msgs) StdoutLine: {'line': b'-- Up-to-date symlink: /home/maxim/super_ws/install/px4_msgs/include/px4_msgs/px4_msgs/msg/generator_status.h\n'}
[2.125032] (px4_msgs) StdoutLine: {'line': b'-- Up-to-date symlink: /home/maxim/super_ws/install/px4_msgs/include/px4_msgs/px4_msgs/msg/geofence_result.h\n'}
[2.125229] (px4_msgs) StdoutLine: {'line': b'-- Up-to-date symlink: /home/maxim/super_ws/install/px4_msgs/include/px4_msgs/px4_msgs/msg/geofence_status.h\n'}
[2.125454] (px4_msgs) StdoutLine: {'line': b'-- Up-to-date symlink: /home/maxim/super_ws/install/px4_msgs/include/px4_msgs/px4_msgs/msg/gimbal_controls.h\n'}
[2.125697] (px4_msgs) StdoutLine: {'line': b'-- Up-to-date symlink: /home/maxim/super_ws/install/px4_msgs/include/px4_msgs/px4_msgs/msg/gimbal_device_attitude_status.h\n'}
[2.125936] (px4_msgs) StdoutLine: {'line': b'-- Up-to-date symlink: /home/maxim/super_ws/install/px4_msgs/include/px4_msgs/px4_msgs/msg/gimbal_device_information.h\n'}
[2.126161] (px4_msgs) StdoutLine: {'line': b'-- Up-to-date symlink: /home/maxim/super_ws/install/px4_msgs/include/px4_msgs/px4_msgs/msg/gimbal_device_set_attitude.h\n'}
[2.126358] (px4_msgs) StdoutLine: {'line': b'-- Up-to-date symlink: /home/maxim/super_ws/install/px4_msgs/include/px4_msgs/px4_msgs/msg/gimbal_manager_information.h\n'}
[2.126541] (px4_msgs) StdoutLine: {'line': b'-- Up-to-date symlink: /home/maxim/super_ws/install/px4_msgs/include/px4_msgs/px4_msgs/msg/gimbal_manager_set_attitude.h\n'}
[2.126728] (px4_msgs) StdoutLine: {'line': b'-- Up-to-date symlink: /home/maxim/super_ws/install/px4_msgs/include/px4_msgs/px4_msgs/msg/gimbal_manager_set_manual_control.h\n'}
[2.126935] (px4_msgs) StdoutLine: {'line': b'-- Up-to-date symlink: /home/maxim/super_ws/install/px4_msgs/include/px4_msgs/px4_msgs/msg/gimbal_manager_status.h\n'}
[2.127141] (px4_msgs) StdoutLine: {'line': b'-- Up-to-date symlink: /home/maxim/super_ws/install/px4_msgs/include/px4_msgs/px4_msgs/msg/goto_setpoint.h\n'}
[2.127312] (px4_msgs) StdoutLine: {'line': b'-- Up-to-date symlink: /home/maxim/super_ws/install/px4_msgs/include/px4_msgs/px4_msgs/msg/gpio_config.h\n'}
[2.127485] (px4_msgs) StdoutLine: {'line': b'-- Up-to-date symlink: /home/maxim/super_ws/install/px4_msgs/include/px4_msgs/px4_msgs/msg/gpio_in.h\n'}
[2.127663] (px4_msgs) StdoutLine: {'line': b'-- Up-to-date symlink: /home/maxim/super_ws/install/px4_msgs/include/px4_msgs/px4_msgs/msg/gpio_out.h\n'}
[2.127846] (px4_msgs) StdoutLine: {'line': b'-- Up-to-date symlink: /home/maxim/super_ws/install/px4_msgs/include/px4_msgs/px4_msgs/msg/gpio_request.h\n'}
[2.128045] (px4_msgs) StdoutLine: {'line': b'-- Up-to-date symlink: /home/maxim/super_ws/install/px4_msgs/include/px4_msgs/px4_msgs/msg/gps_dump.h\n'}
[2.128229] (px4_msgs) StdoutLine: {'line': b'-- Up-to-date symlink: /home/maxim/super_ws/install/px4_msgs/include/px4_msgs/px4_msgs/msg/gps_inject_data.h\n'}
[2.128438] (px4_msgs) StdoutLine: {'line': b'-- Up-to-date symlink: /home/maxim/super_ws/install/px4_msgs/include/px4_msgs/px4_msgs/msg/gripper.h\n'}
[2.128669] (px4_msgs) StdoutLine: {'line': b'-- Up-to-date symlink: /home/maxim/super_ws/install/px4_msgs/include/px4_msgs/px4_msgs/msg/health_report.h\n'}
[2.128981] (px4_msgs) StdoutLine: {'line': b'-- Up-to-date symlink: /home/maxim/super_ws/install/px4_msgs/include/px4_msgs/px4_msgs/msg/heater_status.h\n'}
[2.129160] (px4_msgs) StdoutLine: {'line': b'-- Up-to-date symlink: /home/maxim/super_ws/install/px4_msgs/include/px4_msgs/px4_msgs/msg/home_position.h\n'}
[2.129341] (px4_msgs) StdoutLine: {'line': b'-- Up-to-date symlink: /home/maxim/super_ws/install/px4_msgs/include/px4_msgs/px4_msgs/msg/hover_thrust_estimate.h\n'}
[2.129533] (px4_msgs) StdoutLine: {'line': b'-- Up-to-date symlink: /home/maxim/super_ws/install/px4_msgs/include/px4_msgs/px4_msgs/msg/input_rc.h\n'}
[2.129671] (px4_msgs) StdoutLine: {'line': b'-- Up-to-date symlink: /home/maxim/super_ws/install/px4_msgs/include/px4_msgs/px4_msgs/msg/internal_combustion_engine_control.h\n'}
[2.129758] (px4_msgs) StdoutLine: {'line': b'-- Up-to-date symlink: /home/maxim/super_ws/install/px4_msgs/include/px4_msgs/px4_msgs/msg/internal_combustion_engine_status.h\n'}
[2.129940] (px4_msgs) StdoutLine: {'line': b'-- Up-to-date symlink: /home/maxim/super_ws/install/px4_msgs/include/px4_msgs/px4_msgs/msg/iridiumsbd_status.h\n'}
[2.130026] (px4_msgs) StdoutLine: {'line': b'-- Up-to-date symlink: /home/maxim/super_ws/install/px4_msgs/include/px4_msgs/px4_msgs/msg/irlock_report.h\n'}
[2.130245] (px4_msgs) StdoutLine: {'line': b'-- Up-to-date symlink: /home/maxim/super_ws/install/px4_msgs/include/px4_msgs/px4_msgs/msg/landing_gear.h\n'}
[2.130409] (px4_msgs) StdoutLine: {'line': b'-- Up-to-date symlink: /home/maxim/super_ws/install/px4_msgs/include/px4_msgs/px4_msgs/msg/landing_gear_wheel.h\n'}
[2.130609] (px4_msgs) StdoutLine: {'line': b'-- Up-to-date symlink: /home/maxim/super_ws/install/px4_msgs/include/px4_msgs/px4_msgs/msg/landing_target_innovations.h\n'}
[2.130850] (px4_msgs) StdoutLine: {'line': b'-- Up-to-date symlink: /home/maxim/super_ws/install/px4_msgs/include/px4_msgs/px4_msgs/msg/landing_target_pose.h\n'}
[2.130987] (px4_msgs) StdoutLine: {'line': b'-- Up-to-date symlink: /home/maxim/super_ws/install/px4_msgs/include/px4_msgs/px4_msgs/msg/lateral_control_configuration.h\n'}
[2.131159] (px4_msgs) StdoutLine: {'line': b'-- Up-to-date symlink: /home/maxim/super_ws/install/px4_msgs/include/px4_msgs/px4_msgs/msg/launch_detection_status.h\n'}
[2.131327] (px4_msgs) StdoutLine: {'line': b'-- Up-to-date symlink: /home/maxim/super_ws/install/px4_msgs/include/px4_msgs/px4_msgs/msg/led_control.h\n'}
[2.131554] (px4_msgs) StdoutLine: {'line': b'-- Up-to-date symlink: /home/maxim/super_ws/install/px4_msgs/include/px4_msgs/px4_msgs/msg/log_message.h\n'}
[2.131754] (px4_msgs) StdoutLine: {'line': b'-- Up-to-date symlink: /home/maxim/super_ws/install/px4_msgs/include/px4_msgs/px4_msgs/msg/logger_status.h\n'}
[2.131917] (px4_msgs) StdoutLine: {'line': b'-- Up-to-date symlink: /home/maxim/super_ws/install/px4_msgs/include/px4_msgs/px4_msgs/msg/longitudinal_control_configuration.h\n'}
[2.132031] (px4_msgs) StdoutLine: {'line': b'-- Up-to-date symlink: /home/maxim/super_ws/install/px4_msgs/include/px4_msgs/px4_msgs/msg/mag_worker_data.h\n'}
[2.132245] (px4_msgs) StdoutLine: {'line': b'-- Up-to-date symlink: /home/maxim/super_ws/install/px4_msgs/include/px4_msgs/px4_msgs/msg/magnetometer_bias_estimate.h\n'}
[2.132414] (px4_msgs) StdoutLine: {'line': b'-- Up-to-date symlink: /home/maxim/super_ws/install/px4_msgs/include/px4_msgs/px4_msgs/msg/manual_control_setpoint.h\n'}
[2.132603] (px4_msgs) StdoutLine: {'line': b'-- Up-to-date symlink: /home/maxim/super_ws/install/px4_msgs/include/px4_msgs/px4_msgs/msg/manual_control_switches.h\n'}
[2.132769] (px4_msgs) StdoutLine: {'line': b'-- Up-to-date symlink: /home/maxim/super_ws/install/px4_msgs/include/px4_msgs/px4_msgs/msg/mavlink_log.h\n'}
[2.132922] (px4_msgs) StdoutLine: {'line': b'-- Up-to-date symlink: /home/maxim/super_ws/install/px4_msgs/include/px4_msgs/px4_msgs/msg/mavlink_tunnel.h\n'}
[2.133102] (px4_msgs) StdoutLine: {'line': b'-- Up-to-date symlink: /home/maxim/super_ws/install/px4_msgs/include/px4_msgs/px4_msgs/msg/message_format_request.h\n'}
[2.133296] (px4_msgs) StdoutLine: {'line': b'-- Up-to-date symlink: /home/maxim/super_ws/install/px4_msgs/include/px4_msgs/px4_msgs/msg/message_format_response.h\n'}
[2.133483] (px4_msgs) StdoutLine: {'line': b'-- Up-to-date symlink: /home/maxim/super_ws/install/px4_msgs/include/px4_msgs/px4_msgs/msg/mission.h\n'}
[2.133641] (px4_msgs) StdoutLine: {'line': b'-- Up-to-date symlink: /home/maxim/super_ws/install/px4_msgs/include/px4_msgs/px4_msgs/msg/mission_result.h\n'}
[2.133815] (px4_msgs) StdoutLine: {'line': b'-- Up-to-date symlink: /home/maxim/super_ws/install/px4_msgs/include/px4_msgs/px4_msgs/msg/mode_completed.h\n'}
[2.133962] (px4_msgs) StdoutLine: {'line': b'-- Up-to-date symlink: /home/maxim/super_ws/install/px4_msgs/include/px4_msgs/px4_msgs/msg/mount_orientation.h\n'}
[2.134174] (px4_msgs) StdoutLine: {'line': b'-- Up-to-date symlink: /home/maxim/super_ws/install/px4_msgs/include/px4_msgs/px4_msgs/msg/navigator_mission_item.h\n'}
[2.134322] (px4_msgs) StdoutLine: {'line': b'-- Up-to-date symlink: /home/maxim/super_ws/install/px4_msgs/include/px4_msgs/px4_msgs/msg/navigator_status.h\n'}
[2.134481] (px4_msgs) StdoutLine: {'line': b'-- Up-to-date symlink: /home/maxim/super_ws/install/px4_msgs/include/px4_msgs/px4_msgs/msg/neural_control.h\n'}
[2.134673] (px4_msgs) StdoutLine: {'line': b'-- Up-to-date symlink: /home/maxim/super_ws/install/px4_msgs/include/px4_msgs/px4_msgs/msg/normalized_unsigned_setpoint.h\n'}
[2.134834] (px4_msgs) StdoutLine: {'line': b'-- Up-to-date symlink: /home/maxim/super_ws/install/px4_msgs/include/px4_msgs/px4_msgs/msg/obstacle_distance.h\n'}
[2.135004] (px4_msgs) StdoutLine: {'line': b'-- Up-to-date symlink: /home/maxim/super_ws/install/px4_msgs/include/px4_msgs/px4_msgs/msg/offboard_control_mode.h\n'}
[2.135184] (px4_msgs) StdoutLine: {'line': b'-- Up-to-date symlink: /home/maxim/super_ws/install/px4_msgs/include/px4_msgs/px4_msgs/msg/onboard_computer_status.h\n'}
[2.135339] (px4_msgs) StdoutLine: {'line': b'-- Up-to-date symlink: /home/maxim/super_ws/install/px4_msgs/include/px4_msgs/px4_msgs/msg/open_drone_id_arm_status.h\n'}
[2.135545] (px4_msgs) StdoutLine: {'line': b'-- Up-to-date symlink: /home/maxim/super_ws/install/px4_msgs/include/px4_msgs/px4_msgs/msg/open_drone_id_operator_id.h\n'}
[2.135728] (px4_msgs) StdoutLine: {'line': b'-- Up-to-date symlink: /home/maxim/super_ws/install/px4_msgs/include/px4_msgs/px4_msgs/msg/open_drone_id_self_id.h\n'}
[2.135882] (px4_msgs) StdoutLine: {'line': b'-- Up-to-date symlink: /home/maxim/super_ws/install/px4_msgs/include/px4_msgs/px4_msgs/msg/open_drone_id_system.h\n'}
[2.136019] (px4_msgs) StdoutLine: {'line': b'-- Up-to-date symlink: /home/maxim/super_ws/install/px4_msgs/include/px4_msgs/px4_msgs/msg/orb_test.h\n'}
[2.136240] (px4_msgs) StdoutLine: {'line': b'-- Up-to-date symlink: /home/maxim/super_ws/install/px4_msgs/include/px4_msgs/px4_msgs/msg/orb_test_large.h\n'}
[2.136396] (px4_msgs) StdoutLine: {'line': b'-- Up-to-date symlink: /home/maxim/super_ws/install/px4_msgs/include/px4_msgs/px4_msgs/msg/orb_test_medium.h\n'}
[2.136575] (px4_msgs) StdoutLine: {'line': b'-- Up-to-date symlink: /home/maxim/super_ws/install/px4_msgs/include/px4_msgs/px4_msgs/msg/orbit_status.h\n'}
[2.136710] (px4_msgs) StdoutLine: {'line': b'-- Up-to-date symlink: /home/maxim/super_ws/install/px4_msgs/include/px4_msgs/px4_msgs/msg/parameter_reset_request.h\n'}
[2.136874] (px4_msgs) StdoutLine: {'line': b'-- Up-to-date symlink: /home/maxim/super_ws/install/px4_msgs/include/px4_msgs/px4_msgs/msg/parameter_set_used_request.h\n'}
[2.137053] (px4_msgs) StdoutLine: {'line': b'-- Up-to-date symlink: /home/maxim/super_ws/install/px4_msgs/include/px4_msgs/px4_msgs/msg/parameter_set_value_request.h\n'}
[2.137217] (px4_msgs) StdoutLine: {'line': b'-- Up-to-date symlink: /home/maxim/super_ws/install/px4_msgs/include/px4_msgs/px4_msgs/msg/parameter_set_value_response.h\n'}
[2.137372] (px4_msgs) StdoutLine: {'line': b'-- Up-to-date symlink: /home/maxim/super_ws/install/px4_msgs/include/px4_msgs/px4_msgs/msg/parameter_update.h\n'}
[2.137543] (px4_msgs) StdoutLine: {'line': b'-- Up-to-date symlink: /home/maxim/super_ws/install/px4_msgs/include/px4_msgs/px4_msgs/msg/ping.h\n'}
[2.137687] (px4_msgs) StdoutLine: {'line': b'-- Up-to-date symlink: /home/maxim/super_ws/install/px4_msgs/include/px4_msgs/px4_msgs/msg/position_controller_landing_status.h\n'}
[2.137830] (px4_msgs) StdoutLine: {'line': b'-- Up-to-date symlink: /home/maxim/super_ws/install/px4_msgs/include/px4_msgs/px4_msgs/msg/position_controller_status.h\n'}
[2.137980] (px4_msgs) StdoutLine: {'line': b'-- Up-to-date symlink: /home/maxim/super_ws/install/px4_msgs/include/px4_msgs/px4_msgs/msg/position_setpoint.h\n'}
[2.138130] (px4_msgs) StdoutLine: {'line': b'-- Up-to-date symlink: /home/maxim/super_ws/install/px4_msgs/include/px4_msgs/px4_msgs/msg/position_setpoint_triplet.h\n'}
[2.138271] (px4_msgs) StdoutLine: {'line': b'-- Up-to-date symlink: /home/maxim/super_ws/install/px4_msgs/include/px4_msgs/px4_msgs/msg/power_button_state.h\n'}
[2.138462] (px4_msgs) StdoutLine: {'line': b'-- Up-to-date symlink: /home/maxim/super_ws/install/px4_msgs/include/px4_msgs/px4_msgs/msg/power_monitor.h\n'}
[2.138638] (px4_msgs) StdoutLine: {'line': b'-- Up-to-date symlink: /home/maxim/super_ws/install/px4_msgs/include/px4_msgs/px4_msgs/msg/pps_capture.h\n'}
[2.138813] (px4_msgs) StdoutLine: {'line': b'-- Up-to-date symlink: /home/maxim/super_ws/install/px4_msgs/include/px4_msgs/px4_msgs/msg/prec_land_status.h\n'}
[2.139050] (px4_msgs) StdoutLine: {'line': b'-- Up-to-date symlink: /home/maxim/super_ws/install/px4_msgs/include/px4_msgs/px4_msgs/msg/pure_pursuit_status.h\n'}
[2.139258] (px4_msgs) StdoutLine: {'line': b'-- Up-to-date symlink: /home/maxim/super_ws/install/px4_msgs/include/px4_msgs/px4_msgs/msg/pwm_input.h\n'}
[2.139435] (px4_msgs) StdoutLine: {'line': b'-- Up-to-date symlink: /home/maxim/super_ws/install/px4_msgs/include/px4_msgs/px4_msgs/msg/px4io_status.h\n'}
[2.139607] (px4_msgs) StdoutLine: {'line': b'-- Up-to-date symlink: /home/maxim/super_ws/install/px4_msgs/include/px4_msgs/px4_msgs/msg/qshell_req.h\n'}
[2.139702] (px4_msgs) StdoutLine: {'line': b'-- Up-to-date symlink: /home/maxim/super_ws/install/px4_msgs/include/px4_msgs/px4_msgs/msg/qshell_retval.h\n'}
[2.139821] (px4_msgs) StdoutLine: {'line': b'-- Up-to-date symlink: /home/maxim/super_ws/install/px4_msgs/include/px4_msgs/px4_msgs/msg/radio_status.h\n'}
[2.139958] (px4_msgs) StdoutLine: {'line': b'-- Up-to-date symlink: /home/maxim/super_ws/install/px4_msgs/include/px4_msgs/px4_msgs/msg/ranging_beacon.h\n'}
[2.140222] (px4_msgs) StdoutLine: {'line': b'-- Up-to-date symlink: /home/maxim/super_ws/install/px4_msgs/include/px4_msgs/px4_msgs/msg/raptor_input.h\n'}
[2.140448] (px4_msgs) StdoutLine: {'line': b'-- Up-to-date symlink: /home/maxim/super_ws/install/px4_msgs/include/px4_msgs/px4_msgs/msg/raptor_status.h\n'}
[2.140675] (px4_msgs) StdoutLine: {'line': b'-- Up-to-date symlink: /home/maxim/super_ws/install/px4_msgs/include/px4_msgs/px4_msgs/msg/rate_ctrl_status.h\n'}
[2.140850] (px4_msgs) StdoutLine: {'line': b'-- Up-to-date symlink: /home/maxim/super_ws/install/px4_msgs/include/px4_msgs/px4_msgs/msg/rc_channels.h\n'}
[2.140996] (px4_msgs) StdoutLine: {'line': b'-- Up-to-date symlink: /home/maxim/super_ws/install/px4_msgs/include/px4_msgs/px4_msgs/msg/rc_parameter_map.h\n'}
[2.141162] (px4_msgs) StdoutLine: {'line': b'-- Up-to-date symlink: /home/maxim/super_ws/install/px4_msgs/include/px4_msgs/px4_msgs/msg/register_ext_component_reply.h\n'}
[2.141303] (px4_msgs) StdoutLine: {'line': b'-- Up-to-date symlink: /home/maxim/super_ws/install/px4_msgs/include/px4_msgs/px4_msgs/msg/register_ext_component_request.h\n'}
[2.141401] (px4_msgs) StdoutLine: {'line': b'-- Up-to-date symlink: /home/maxim/super_ws/install/px4_msgs/include/px4_msgs/px4_msgs/msg/rosidl_generator_c__visibility_control.h\n'}
[2.141487] (px4_msgs) StdoutLine: {'line': b'-- Up-to-date symlink: /home/maxim/super_ws/install/px4_msgs/include/px4_msgs/px4_msgs/msg/rover_attitude_setpoint.h\n'}
[2.141591] (px4_msgs) StdoutLine: {'line': b'-- Up-to-date symlink: /home/maxim/super_ws/install/px4_msgs/include/px4_msgs/px4_msgs/msg/rover_attitude_status.h\n'}
[2.141751] (px4_msgs) StdoutLine: {'line': b'-- Up-to-date symlink: /home/maxim/super_ws/install/px4_msgs/include/px4_msgs/px4_msgs/msg/rover_position_setpoint.h\n'}
[2.141877] (px4_msgs) StdoutLine: {'line': b'-- Up-to-date symlink: /home/maxim/super_ws/install/px4_msgs/include/px4_msgs/px4_msgs/msg/rover_rate_setpoint.h\n'}
[2.141993] (px4_msgs) StdoutLine: {'line': b'-- Up-to-date symlink: /home/maxim/super_ws/install/px4_msgs/include/px4_msgs/px4_msgs/msg/rover_rate_status.h\n'}
[2.142107] (px4_msgs) StdoutLine: {'line': b'-- Up-to-date symlink: /home/maxim/super_ws/install/px4_msgs/include/px4_msgs/px4_msgs/msg/rover_speed_setpoint.h\n'}
[2.142215] (px4_msgs) StdoutLine: {'line': b'-- Up-to-date symlink: /home/maxim/super_ws/install/px4_msgs/include/px4_msgs/px4_msgs/msg/rover_speed_status.h\n'}
[2.142324] (px4_msgs) StdoutLine: {'line': b'-- Up-to-date symlink: /home/maxim/super_ws/install/px4_msgs/include/px4_msgs/px4_msgs/msg/rover_steering_setpoint.h\n'}
[2.142430] (px4_msgs) StdoutLine: {'line': b'-- Up-to-date symlink: /home/maxim/super_ws/install/px4_msgs/include/px4_msgs/px4_msgs/msg/rover_throttle_setpoint.h\n'}
[2.142538] (px4_msgs) StdoutLine: {'line': b'-- Up-to-date symlink: /home/maxim/super_ws/install/px4_msgs/include/px4_msgs/px4_msgs/msg/rpm.h\n'}
[2.142640] (px4_msgs) StdoutLine: {'line': b'-- Up-to-date symlink: /home/maxim/super_ws/install/px4_msgs/include/px4_msgs/px4_msgs/msg/rtl_status.h\n'}
[2.142749] (px4_msgs) StdoutLine: {'line': b'-- Up-to-date symlink: /home/maxim/super_ws/install/px4_msgs/include/px4_msgs/px4_msgs/msg/rtl_time_estimate.h\n'}
[2.142862] (px4_msgs) StdoutLine: {'line': b'-- Up-to-date symlink: /home/maxim/super_ws/install/px4_msgs/include/px4_msgs/px4_msgs/msg/satellite_info.h\n'}
[2.142960] (px4_msgs) StdoutLine: {'line': b'-- Up-to-date symlink: /home/maxim/super_ws/install/px4_msgs/include/px4_msgs/px4_msgs/msg/sensor_accel.h\n'}
[2.143065] (px4_msgs) StdoutLine: {'line': b'-- Up-to-date symlink: /home/maxim/super_ws/install/px4_msgs/include/px4_msgs/px4_msgs/msg/sensor_accel_fifo.h\n'}
[2.143223] (px4_msgs) StdoutLine: {'line': b'-- Up-to-date symlink: /home/maxim/super_ws/install/px4_msgs/include/px4_msgs/px4_msgs/msg/sensor_airflow.h\n'}
[2.143336] (px4_msgs) StdoutLine: {'line': b'-- Up-to-date symlink: /home/maxim/super_ws/install/px4_msgs/include/px4_msgs/px4_msgs/msg/sensor_baro.h\n'}
[2.143533] (px4_msgs) StdoutLine: {'line': b'-- Up-to-date symlink: /home/maxim/super_ws/install/px4_msgs/include/px4_msgs/px4_msgs/msg/sensor_combined.h\n'}
[2.143733] (px4_msgs) StdoutLine: {'line': b'-- Up-to-date symlink: /home/maxim/super_ws/install/px4_msgs/include/px4_msgs/px4_msgs/msg/sensor_correction.h\n'}
[2.143901] (px4_msgs) StdoutLine: {'line': b'-- Up-to-date symlink: /home/maxim/super_ws/install/px4_msgs/include/px4_msgs/px4_msgs/msg/sensor_gnss_relative.h\n'}
[2.144062] (px4_msgs) StdoutLine: {'line': b'-- Up-to-date symlink: /home/maxim/super_ws/install/px4_msgs/include/px4_msgs/px4_msgs/msg/sensor_gnss_status.h\n'}
[2.144282] (px4_msgs) StdoutLine: {'line': b'-- Up-to-date symlink: /home/maxim/super_ws/install/px4_msgs/include/px4_msgs/px4_msgs/msg/sensor_gps.h\n'}
[2.144432] (px4_msgs) StdoutLine: {'line': b'-- Up-to-date symlink: /home/maxim/super_ws/install/px4_msgs/include/px4_msgs/px4_msgs/msg/sensor_gyro.h\n'}
[2.144642] (px4_msgs) StdoutLine: {'line': b'-- Up-to-date symlink: /home/maxim/super_ws/install/px4_msgs/include/px4_msgs/px4_msgs/msg/sensor_gyro_fft.h\n'}
[2.144754] (px4_msgs) StdoutLine: {'line': b'-- Up-to-date symlink: /home/maxim/super_ws/install/px4_msgs/include/px4_msgs/px4_msgs/msg/sensor_gyro_fifo.h\n'}
[2.144955] (px4_msgs) StdoutLine: {'line': b'-- Up-to-date symlink: /home/maxim/super_ws/install/px4_msgs/include/px4_msgs/px4_msgs/msg/sensor_hygrometer.h\n'}
[2.145184] (px4_msgs) StdoutLine: {'line': b'-- Up-to-date symlink: /home/maxim/super_ws/install/px4_msgs/include/px4_msgs/px4_msgs/msg/sensor_mag.h\n'}
[2.145360] (px4_msgs) StdoutLine: {'line': b'-- Up-to-date symlink: /home/maxim/super_ws/install/px4_msgs/include/px4_msgs/px4_msgs/msg/sensor_optical_flow.h\n'}
[2.145517] (px4_msgs) StdoutLine: {'line': b'-- Up-to-date symlink: /home/maxim/super_ws/install/px4_msgs/include/px4_msgs/px4_msgs/msg/sensor_preflight_mag.h\n'}
[2.145680] (px4_msgs) StdoutLine: {'line': b'-- Up-to-date symlink: /home/maxim/super_ws/install/px4_msgs/include/px4_msgs/px4_msgs/msg/sensor_selection.h\n'}
[2.145767] (px4_msgs) StdoutLine: {'line': b'-- Up-to-date symlink: /home/maxim/super_ws/install/px4_msgs/include/px4_msgs/px4_msgs/msg/sensor_temp.h\n'}
[2.145853] (px4_msgs) StdoutLine: {'line': b'-- Up-to-date symlink: /home/maxim/super_ws/install/px4_msgs/include/px4_msgs/px4_msgs/msg/sensor_uwb.h\n'}
[2.145969] (px4_msgs) StdoutLine: {'line': b'-- Up-to-date symlink: /home/maxim/super_ws/install/px4_msgs/include/px4_msgs/px4_msgs/msg/sensors_status.h\n'}
[2.146133] (px4_msgs) StdoutLine: {'line': b'-- Up-to-date symlink: /home/maxim/super_ws/install/px4_msgs/include/px4_msgs/px4_msgs/msg/sensors_status_imu.h\n'}
[2.146318] (px4_msgs) StdoutLine: {'line': b'-- Up-to-date symlink: /home/maxim/super_ws/install/px4_msgs/include/px4_msgs/px4_msgs/msg/system_power.h\n'}
[2.146505] (px4_msgs) StdoutLine: {'line': b'-- Up-to-date symlink: /home/maxim/super_ws/install/px4_msgs/include/px4_msgs/px4_msgs/msg/takeoff_status.h\n'}
[2.146676] (px4_msgs) StdoutLine: {'line': b'-- Up-to-date symlink: /home/maxim/super_ws/install/px4_msgs/include/px4_msgs/px4_msgs/msg/target_gnss.h\n'}
[2.146846] (px4_msgs) StdoutLine: {'line': b'-- Up-to-date symlink: /home/maxim/super_ws/install/px4_msgs/include/px4_msgs/px4_msgs/msg/task_stack_info.h\n'}
[2.146952] (px4_msgs) StdoutLine: {'line': b'-- Up-to-date symlink: /home/maxim/super_ws/install/px4_msgs/include/px4_msgs/px4_msgs/msg/tecs_status.h\n'}
[2.147178] (px4_msgs) StdoutLine: {'line': b'-- Up-to-date symlink: /home/maxim/super_ws/install/px4_msgs/include/px4_msgs/px4_msgs/msg/telemetry_status.h\n'}
[2.147365] (px4_msgs) StdoutLine: {'line': b'-- Up-to-date symlink: /home/maxim/super_ws/install/px4_msgs/include/px4_msgs/px4_msgs/msg/tiltrotor_extra_controls.h\n'}
[2.147497] (px4_msgs) StdoutLine: {'line': b'-- Up-to-date symlink: /home/maxim/super_ws/install/px4_msgs/include/px4_msgs/px4_msgs/msg/timesync_status.h\n'}
[2.147653] (px4_msgs) StdoutLine: {'line': b'-- Up-to-date symlink: /home/maxim/super_ws/install/px4_msgs/include/px4_msgs/px4_msgs/msg/trajectory_setpoint.h\n'}
[2.147820] (px4_msgs) StdoutLine: {'line': b'-- Up-to-date symlink: /home/maxim/super_ws/install/px4_msgs/include/px4_msgs/px4_msgs/msg/trajectory_setpoint6dof.h\n'}
[2.147938] (px4_msgs) StdoutLine: {'line': b'-- Up-to-date symlink: /home/maxim/super_ws/install/px4_msgs/include/px4_msgs/px4_msgs/msg/transponder_report.h\n'}
[2.148130] (px4_msgs) StdoutLine: {'line': b'-- Up-to-date symlink: /home/maxim/super_ws/install/px4_msgs/include/px4_msgs/px4_msgs/msg/tune_control.h\n'}
[2.148237] (px4_msgs) StdoutLine: {'line': b'-- Up-to-date symlink: /home/maxim/super_ws/install/px4_msgs/include/px4_msgs/px4_msgs/msg/uavcan_parameter_request.h\n'}
[2.148435] (px4_msgs) StdoutLine: {'line': b'-- Up-to-date symlink: /home/maxim/super_ws/install/px4_msgs/include/px4_msgs/px4_msgs/msg/uavcan_parameter_value.h\n'}
[2.148589] (px4_msgs) StdoutLine: {'line': b'-- Up-to-date symlink: /home/maxim/super_ws/install/px4_msgs/include/px4_msgs/px4_msgs/msg/ulog_stream.h\n'}
[2.148707] (px4_msgs) StdoutLine: {'line': b'-- Up-to-date symlink: /home/maxim/super_ws/install/px4_msgs/include/px4_msgs/px4_msgs/msg/ulog_stream_ack.h\n'}
[2.148774] (px4_msgs) StdoutLine: {'line': b'-- Up-to-date symlink: /home/maxim/super_ws/install/px4_msgs/include/px4_msgs/px4_msgs/msg/unregister_ext_component.h\n'}
[2.148847] (px4_msgs) StdoutLine: {'line': b'-- Up-to-date symlink: /home/maxim/super_ws/install/px4_msgs/include/px4_msgs/px4_msgs/msg/vehicle_acceleration.h\n'}
[2.148920] (px4_msgs) StdoutLine: {'line': b'-- Up-to-date symlink: /home/maxim/super_ws/install/px4_msgs/include/px4_msgs/px4_msgs/msg/vehicle_air_data.h\n'}
[2.149005] (px4_msgs) StdoutLine: {'line': b'-- Up-to-date symlink: /home/maxim/super_ws/install/px4_msgs/include/px4_msgs/px4_msgs/msg/vehicle_angular_acceleration_setpoint.h\n'}
[2.149144] (px4_msgs) StdoutLine: {'line': b'-- Up-to-date symlink: /home/maxim/super_ws/install/px4_msgs/include/px4_msgs/px4_msgs/msg/vehicle_angular_velocity.h\n'}
[2.149248] (px4_msgs) StdoutLine: {'line': b'-- Up-to-date symlink: /home/maxim/super_ws/install/px4_msgs/include/px4_msgs/px4_msgs/msg/vehicle_attitude.h\n'}
[2.149352] (px4_msgs) StdoutLine: {'line': b'-- Up-to-date symlink: /home/maxim/super_ws/install/px4_msgs/include/px4_msgs/px4_msgs/msg/vehicle_attitude_setpoint.h\n'}
[2.149460] (px4_msgs) StdoutLine: {'line': b'-- Up-to-date symlink: /home/maxim/super_ws/install/px4_msgs/include/px4_msgs/px4_msgs/msg/vehicle_command.h\n'}
[2.149533] (px4_msgs) StdoutLine: {'line': b'-- Up-to-date symlink: /home/maxim/super_ws/install/px4_msgs/include/px4_msgs/px4_msgs/msg/vehicle_command_ack.h\n'}
[2.149637] (px4_msgs) StdoutLine: {'line': b'-- Up-to-date symlink: /home/maxim/super_ws/install/px4_msgs/include/px4_msgs/px4_msgs/msg/vehicle_constraints.h\n'}
[2.149743] (px4_msgs) StdoutLine: {'line': b'-- Up-to-date symlink: /home/maxim/super_ws/install/px4_msgs/include/px4_msgs/px4_msgs/msg/vehicle_control_mode.h\n'}
[2.149850] (px4_msgs) StdoutLine: {'line': b'-- Up-to-date symlink: /home/maxim/super_ws/install/px4_msgs/include/px4_msgs/px4_msgs/msg/vehicle_global_position.h\n'}
[2.149991] (px4_msgs) StdoutLine: {'line': b'-- Up-to-date symlink: /home/maxim/super_ws/install/px4_msgs/include/px4_msgs/px4_msgs/msg/vehicle_imu.h\n'}
[2.150171] (px4_msgs) StdoutLine: {'line': b'-- Up-to-date symlink: /home/maxim/super_ws/install/px4_msgs/include/px4_msgs/px4_msgs/msg/vehicle_imu_status.h\n'}
[2.150311] (px4_msgs) StdoutLine: {'line': b'-- Up-to-date symlink: /home/maxim/super_ws/install/px4_msgs/include/px4_msgs/px4_msgs/msg/vehicle_land_detected.h\n'}
[2.150519] (px4_msgs) StdoutLine: {'line': b'-- Up-to-date symlink: /home/maxim/super_ws/install/px4_msgs/include/px4_msgs/px4_msgs/msg/vehicle_local_position.h\n'}
[2.150751] (px4_msgs) StdoutLine: {'line': b'-- Up-to-date symlink: /home/maxim/super_ws/install/px4_msgs/include/px4_msgs/px4_msgs/msg/vehicle_local_position_setpoint.h\n'}
[2.151011] (px4_msgs) StdoutLine: {'line': b'-- Up-to-date symlink: /home/maxim/super_ws/install/px4_msgs/include/px4_msgs/px4_msgs/msg/vehicle_magnetometer.h\n'}
[2.151202] (px4_msgs) StdoutLine: {'line': b'-- Up-to-date symlink: /home/maxim/super_ws/install/px4_msgs/include/px4_msgs/px4_msgs/msg/vehicle_odometry.h\n'}
[2.151362] (px4_msgs) StdoutLine: {'line': b'-- Up-to-date symlink: /home/maxim/super_ws/install/px4_msgs/include/px4_msgs/px4_msgs/msg/vehicle_optical_flow.h\n'}
[2.151528] (px4_msgs) StdoutLine: {'line': b'-- Up-to-date symlink: /home/maxim/super_ws/install/px4_msgs/include/px4_msgs/px4_msgs/msg/vehicle_optical_flow_vel.h\n'}
[2.151683] (px4_msgs) StdoutLine: {'line': b'-- Up-to-date symlink: /home/maxim/super_ws/install/px4_msgs/include/px4_msgs/px4_msgs/msg/vehicle_rates_setpoint.h\n'}
[2.151829] (px4_msgs) StdoutLine: {'line': b'-- Up-to-date symlink: /home/maxim/super_ws/install/px4_msgs/include/px4_msgs/px4_msgs/msg/vehicle_roi.h\n'}
[2.151996] (px4_msgs) StdoutLine: {'line': b'-- Up-to-date symlink: /home/maxim/super_ws/install/px4_msgs/include/px4_msgs/px4_msgs/msg/vehicle_status.h\n'}
[2.152132] (px4_msgs) StdoutLine: {'line': b'-- Up-to-date symlink: /home/maxim/super_ws/install/px4_msgs/include/px4_msgs/px4_msgs/msg/vehicle_thrust_setpoint.h\n'}
[2.152295] (px4_msgs) StdoutLine: {'line': b'-- Up-to-date symlink: /home/maxim/super_ws/install/px4_msgs/include/px4_msgs/px4_msgs/msg/vehicle_torque_setpoint.h\n'}
[2.152458] (px4_msgs) StdoutLine: {'line': b'-- Up-to-date symlink: /home/maxim/super_ws/install/px4_msgs/include/px4_msgs/px4_msgs/msg/velocity_limits.h\n'}
[2.152650] (px4_msgs) StdoutLine: {'line': b'-- Up-to-date symlink: /home/maxim/super_ws/install/px4_msgs/include/px4_msgs/px4_msgs/msg/vte_aid_source1d.h\n'}
[2.152810] (px4_msgs) StdoutLine: {'line': b'-- Up-to-date symlink: /home/maxim/super_ws/install/px4_msgs/include/px4_msgs/px4_msgs/msg/vte_aid_source3d.h\n'}
[2.152981] (px4_msgs) StdoutLine: {'line': b'-- Up-to-date symlink: /home/maxim/super_ws/install/px4_msgs/include/px4_msgs/px4_msgs/msg/vte_bias_init_status.h\n'}
[2.153121] (px4_msgs) StdoutLine: {'line': b'-- Up-to-date symlink: /home/maxim/super_ws/install/px4_msgs/include/px4_msgs/px4_msgs/msg/vte_input.h\n'}
[2.153304] (px4_msgs) StdoutLine: {'line': b'-- Up-to-date symlink: /home/maxim/super_ws/install/px4_msgs/include/px4_msgs/px4_msgs/msg/vte_orientation.h\n'}
[2.153464] (px4_msgs) StdoutLine: {'line': b'-- Up-to-date symlink: /home/maxim/super_ws/install/px4_msgs/include/px4_msgs/px4_msgs/msg/vte_position.h\n'}
[2.153626] (px4_msgs) StdoutLine: {'line': b'-- Up-to-date symlink: /home/maxim/super_ws/install/px4_msgs/include/px4_msgs/px4_msgs/msg/vtol_vehicle_status.h\n'}
[2.153764] (px4_msgs) StdoutLine: {'line': b'-- Up-to-date symlink: /home/maxim/super_ws/install/px4_msgs/include/px4_msgs/px4_msgs/msg/vtx.h\n'}
[2.153924] (px4_msgs) StdoutLine: {'line': b'-- Up-to-date symlink: /home/maxim/super_ws/install/px4_msgs/include/px4_msgs/px4_msgs/msg/wheel_encoders.h\n'}
[2.154141] (px4_msgs) StdoutLine: {'line': b'-- Up-to-date symlink: /home/maxim/super_ws/install/px4_msgs/include/px4_msgs/px4_msgs/msg/wind.h\n'}
[2.154310] (px4_msgs) StdoutLine: {'line': b'-- Up-to-date symlink: /home/maxim/super_ws/install/px4_msgs/include/px4_msgs/px4_msgs/msg/yaw_estimator_status.h\n'}
[2.154631] (px4_msgs) StdoutLine: {'line': b'-- Up-to-date symlink: /home/maxim/super_ws/install/px4_msgs/include/px4_msgs/px4_msgs/srv/detail/vehicle_command__functions.h\n'}
[2.154776] (px4_msgs) StdoutLine: {'line': b'-- Up-to-date symlink: /home/maxim/super_ws/install/px4_msgs/include/px4_msgs/px4_msgs/srv/detail/vehicle_command__struct.h\n'}
[2.154925] (px4_msgs) StdoutLine: {'line': b'-- Up-to-date symlink: /home/maxim/super_ws/install/px4_msgs/include/px4_msgs/px4_msgs/srv/detail/vehicle_command__type_support.h\n'}
[2.155042] (px4_msgs) StdoutLine: {'line': b'-- Up-to-date symlink: /home/maxim/super_ws/install/px4_msgs/include/px4_msgs/px4_msgs/srv/vehicle_command.h\n'}
[2.155440] (px4_msgs) StdoutLine: {'line': b'-- Up-to-date symlink: /home/maxim/super_ws/install/px4_msgs/share/px4_msgs/environment/library_path.sh\n'}
[2.155658] (px4_msgs) StdoutLine: {'line': b'-- Up-to-date symlink: /home/maxim/super_ws/install/px4_msgs/share/px4_msgs/environment/library_path.dsv\n'}
[2.160915] (px4_msgs) StdoutLine: {'line': b'-- Up-to-date symlink: /home/maxim/super_ws/install/px4_msgs/include/px4_msgs/px4_msgs/msg/detail/action_request__rosidl_typesupport_fastrtps_c.h\n'}
[2.161060] (px4_msgs) StdoutLine: {'line': b'-- Up-to-date symlink: /home/maxim/super_ws/install/px4_msgs/include/px4_msgs/px4_msgs/msg/detail/actuator_armed__rosidl_typesupport_fastrtps_c.h\n'}
[2.161223] (px4_msgs) StdoutLine: {'line': b'-- Up-to-date symlink: /home/maxim/super_ws/install/px4_msgs/include/px4_msgs/px4_msgs/msg/detail/actuator_controls_status__rosidl_typesupport_fastrtps_c.h\n'}
[2.161390] (px4_msgs) StdoutLine: {'line': b'-- Up-to-date symlink: /home/maxim/super_ws/install/px4_msgs/include/px4_msgs/px4_msgs/msg/detail/actuator_motors__rosidl_typesupport_fastrtps_c.h\n'}
[2.161569] (px4_msgs) StdoutLine: {'line': b'-- Up-to-date symlink: /home/maxim/super_ws/install/px4_msgs/include/px4_msgs/px4_msgs/msg/detail/actuator_outputs__rosidl_typesupport_fastrtps_c.h\n'}
[2.161730] (px4_msgs) StdoutLine: {'line': b'-- Up-to-date symlink: /home/maxim/super_ws/install/px4_msgs/include/px4_msgs/px4_msgs/msg/detail/actuator_servos__rosidl_typesupport_fastrtps_c.h\n'}
[2.161890] (px4_msgs) StdoutLine: {'line': b'-- Up-to-date symlink: /home/maxim/super_ws/install/px4_msgs/include/px4_msgs/px4_msgs/msg/detail/actuator_servos_trim__rosidl_typesupport_fastrtps_c.h\n'}
[2.161993] (px4_msgs) StdoutLine: {'line': b'-- Up-to-date symlink: /home/maxim/super_ws/install/px4_msgs/include/px4_msgs/px4_msgs/msg/detail/actuator_test__rosidl_typesupport_fastrtps_c.h\n'}
[2.162201] (px4_msgs) StdoutLine: {'line': b'-- Up-to-date symlink: /home/maxim/super_ws/install/px4_msgs/include/px4_msgs/px4_msgs/msg/detail/adc_report__rosidl_typesupport_fastrtps_c.h\n'}
[2.162421] (px4_msgs) StdoutLine: {'line': b'-- Up-to-date symlink: /home/maxim/super_ws/install/px4_msgs/include/px4_msgs/px4_msgs/msg/detail/airspeed__rosidl_typesupport_fastrtps_c.h\n'}
[2.162598] (px4_msgs) StdoutLine: {'line': b'-- Up-to-date symlink: /home/maxim/super_ws/install/px4_msgs/include/px4_msgs/px4_msgs/msg/detail/airspeed_validated__rosidl_typesupport_fastrtps_c.h\n'}
[2.162777] (px4_msgs) StdoutLine: {'line': b'-- Up-to-date symlink: /home/maxim/super_ws/install/px4_msgs/include/px4_msgs/px4_msgs/msg/detail/airspeed_wind__rosidl_typesupport_fastrtps_c.h\n'}
[2.162945] (px4_msgs) StdoutLine: {'line': b'-- Up-to-date symlink: /home/maxim/super_ws/install/px4_msgs/include/px4_msgs/px4_msgs/msg/detail/arming_check_reply__rosidl_typesupport_fastrtps_c.h\n'}
[2.163052] (px4_msgs) StdoutLine: {'line': b'-- Up-to-date symlink: /home/maxim/super_ws/install/px4_msgs/include/px4_msgs/px4_msgs/msg/detail/arming_check_request__rosidl_typesupport_fastrtps_c.h\n'}
[2.163322] (px4_msgs) StdoutLine: {'line': b'-- Up-to-date symlink: /home/maxim/super_ws/install/px4_msgs/include/px4_msgs/px4_msgs/msg/detail/autotune_attitude_control_status__rosidl_typesupport_fastrtps_c.h\n'}
[2.163495] (px4_msgs) StdoutLine: {'line': b'-- Up-to-date symlink: /home/maxim/super_ws/install/px4_msgs/include/px4_msgs/px4_msgs/msg/detail/aux_global_position__rosidl_typesupport_fastrtps_c.h\n'}
[2.163646] (px4_msgs) StdoutLine: {'line': b'-- Up-to-date symlink: /home/maxim/super_ws/install/px4_msgs/include/px4_msgs/px4_msgs/msg/detail/battery_info__rosidl_typesupport_fastrtps_c.h\n'}
[2.163858] (px4_msgs) StdoutLine: {'line': b'-- Up-to-date symlink: /home/maxim/super_ws/install/px4_msgs/include/px4_msgs/px4_msgs/msg/detail/battery_status__rosidl_typesupport_fastrtps_c.h\n'}
[2.163990] (px4_msgs) StdoutLine: {'line': b'-- Up-to-date symlink: /home/maxim/super_ws/install/px4_msgs/include/px4_msgs/px4_msgs/msg/detail/button_event__rosidl_typesupport_fastrtps_c.h\n'}
[2.164167] (px4_msgs) StdoutLine: {'line': b'-- Up-to-date symlink: /home/maxim/super_ws/install/px4_msgs/include/px4_msgs/px4_msgs/msg/detail/camera_capture__rosidl_typesupport_fastrtps_c.h\n'}
[2.164334] (px4_msgs) StdoutLine: {'line': b'-- Up-to-date symlink: /home/maxim/super_ws/install/px4_msgs/include/px4_msgs/px4_msgs/msg/detail/camera_status__rosidl_typesupport_fastrtps_c.h\n'}
[2.164521] (px4_msgs) StdoutLine: {'line': b'-- Up-to-date symlink: /home/maxim/super_ws/install/px4_msgs/include/px4_msgs/px4_msgs/msg/detail/camera_trigger__rosidl_typesupport_fastrtps_c.h\n'}
[2.164710] (px4_msgs) StdoutLine: {'line': b'-- Up-to-date symlink: /home/maxim/super_ws/install/px4_msgs/include/px4_msgs/px4_msgs/msg/detail/can_interface_status__rosidl_typesupport_fastrtps_c.h\n'}
[2.164845] (px4_msgs) StdoutLine: {'line': b'-- Up-to-date symlink: /home/maxim/super_ws/install/px4_msgs/include/px4_msgs/px4_msgs/msg/detail/cellular_status__rosidl_typesupport_fastrtps_c.h\n'}
[2.164984] (px4_msgs) StdoutLine: {'line': b'-- Up-to-date symlink: /home/maxim/super_ws/install/px4_msgs/include/px4_msgs/px4_msgs/msg/detail/collision_constraints__rosidl_typesupport_fastrtps_c.h\n'}
[2.165176] (px4_msgs) StdoutLine: {'line': b'-- Up-to-date symlink: /home/maxim/super_ws/install/px4_msgs/include/px4_msgs/px4_msgs/msg/detail/config_overrides__rosidl_typesupport_fastrtps_c.h\n'}
[2.165358] (px4_msgs) StdoutLine: {'line': b'-- Up-to-date symlink: /home/maxim/super_ws/install/px4_msgs/include/px4_msgs/px4_msgs/msg/detail/control_allocator_status__rosidl_typesupport_fastrtps_c.h\n'}
[2.165540] (px4_msgs) StdoutLine: {'line': b'-- Up-to-date symlink: /home/maxim/super_ws/install/px4_msgs/include/px4_msgs/px4_msgs/msg/detail/cpuload__rosidl_typesupport_fastrtps_c.h\n'}
[2.165721] (px4_msgs) StdoutLine: {'line': b'-- Up-to-date symlink: /home/maxim/super_ws/install/px4_msgs/include/px4_msgs/px4_msgs/msg/detail/dataman_request__rosidl_typesupport_fastrtps_c.h\n'}
[2.165887] (px4_msgs) StdoutLine: {'line': b'-- Up-to-date symlink: /home/maxim/super_ws/install/px4_msgs/include/px4_msgs/px4_msgs/msg/detail/dataman_response__rosidl_typesupport_fastrtps_c.h\n'}
[2.166028] (px4_msgs) StdoutLine: {'line': b'-- Up-to-date symlink: /home/maxim/super_ws/install/px4_msgs/include/px4_msgs/px4_msgs/msg/detail/debug_array__rosidl_typesupport_fastrtps_c.h\n'}
[2.166206] (px4_msgs) StdoutLine: {'line': b'-- Up-to-date symlink: /home/maxim/super_ws/install/px4_msgs/include/px4_msgs/px4_msgs/msg/detail/debug_key_value__rosidl_typesupport_fastrtps_c.h\n'}
[2.166373] (px4_msgs) StdoutLine: {'line': b'-- Up-to-date symlink: /home/maxim/super_ws/install/px4_msgs/include/px4_msgs/px4_msgs/msg/detail/debug_value__rosidl_typesupport_fastrtps_c.h\n'}
[2.166540] (px4_msgs) StdoutLine: {'line': b'-- Up-to-date symlink: /home/maxim/super_ws/install/px4_msgs/include/px4_msgs/px4_msgs/msg/detail/debug_vect__rosidl_typesupport_fastrtps_c.h\n'}
[2.166703] (px4_msgs) StdoutLine: {'line': b'-- Up-to-date symlink: /home/maxim/super_ws/install/px4_msgs/include/px4_msgs/px4_msgs/msg/detail/device_information__rosidl_typesupport_fastrtps_c.h\n'}
[2.166890] (px4_msgs) StdoutLine: {'line': b'-- Up-to-date symlink: /home/maxim/super_ws/install/px4_msgs/include/px4_msgs/px4_msgs/msg/detail/differential_pressure__rosidl_typesupport_fastrtps_c.h\n'}
[2.167021] (px4_msgs) StdoutLine: {'line': b'-- Up-to-date symlink: /home/maxim/super_ws/install/px4_msgs/include/px4_msgs/px4_msgs/msg/detail/distance_sensor__rosidl_typesupport_fastrtps_c.h\n'}
[2.167201] (px4_msgs) StdoutLine: {'line': b'-- Up-to-date symlink: /home/maxim/super_ws/install/px4_msgs/include/px4_msgs/px4_msgs/msg/detail/distance_sensor_mode_change_request__rosidl_typesupport_fastrtps_c.h\n'}
[2.167343] (px4_msgs) StdoutLine: {'line': b'-- Up-to-date symlink: /home/maxim/super_ws/install/px4_msgs/include/px4_msgs/px4_msgs/msg/detail/dronecan_node_status__rosidl_typesupport_fastrtps_c.h\n'}
[2.167498] (px4_msgs) StdoutLine: {'line': b'-- Up-to-date symlink: /home/maxim/super_ws/install/px4_msgs/include/px4_msgs/px4_msgs/msg/detail/ekf2_timestamps__rosidl_typesupport_fastrtps_c.h\n'}
[2.167659] (px4_msgs) StdoutLine: {'line': b'-- Up-to-date symlink: /home/maxim/super_ws/install/px4_msgs/include/px4_msgs/px4_msgs/msg/detail/esc_eeprom_read__rosidl_typesupport_fastrtps_c.h\n'}
[2.167834] (px4_msgs) StdoutLine: {'line': b'-- Up-to-date symlink: /home/maxim/super_ws/install/px4_msgs/include/px4_msgs/px4_msgs/msg/detail/esc_eeprom_write__rosidl_typesupport_fastrtps_c.h\n'}
[2.168015] (px4_msgs) StdoutLine: {'line': b'-- Up-to-date symlink: /home/maxim/super_ws/install/px4_msgs/include/px4_msgs/px4_msgs/msg/detail/esc_report__rosidl_typesupport_fastrtps_c.h\n'}
[2.168139] (px4_msgs) StdoutLine: {'line': b'-- Up-to-date symlink: /home/maxim/super_ws/install/px4_msgs/include/px4_msgs/px4_msgs/msg/detail/esc_status__rosidl_typesupport_fastrtps_c.h\n'}
[2.168284] (px4_msgs) StdoutLine: {'line': b'-- Up-to-date symlink: /home/maxim/super_ws/install/px4_msgs/include/px4_msgs/px4_msgs/msg/detail/estimator_aid_source1d__rosidl_typesupport_fastrtps_c.h\n'}
[2.168468] (px4_msgs) StdoutLine: {'line': b'-- Up-to-date symlink: /home/maxim/super_ws/install/px4_msgs/include/px4_msgs/px4_msgs/msg/detail/estimator_aid_source2d__rosidl_typesupport_fastrtps_c.h\n'}
[2.168681] (px4_msgs) StdoutLine: {'line': b'-- Up-to-date symlink: /home/maxim/super_ws/install/px4_msgs/include/px4_msgs/px4_msgs/msg/detail/estimator_aid_source3d__rosidl_typesupport_fastrtps_c.h\n'}
[2.168870] (px4_msgs) StdoutLine: {'line': b'-- Up-to-date symlink: /home/maxim/super_ws/install/px4_msgs/include/px4_msgs/px4_msgs/msg/detail/estimator_bias3d__rosidl_typesupport_fastrtps_c.h\n'}
[2.169056] (px4_msgs) StdoutLine: {'line': b'-- Up-to-date symlink: /home/maxim/super_ws/install/px4_msgs/include/px4_msgs/px4_msgs/msg/detail/estimator_bias__rosidl_typesupport_fastrtps_c.h\n'}
[2.169236] (px4_msgs) StdoutLine: {'line': b'-- Up-to-date symlink: /home/maxim/super_ws/install/px4_msgs/include/px4_msgs/px4_msgs/msg/detail/estimator_event_flags__rosidl_typesupport_fastrtps_c.h\n'}
[2.169411] (px4_msgs) StdoutLine: {'line': b'-- Up-to-date symlink: /home/maxim/super_ws/install/px4_msgs/include/px4_msgs/px4_msgs/msg/detail/estimator_fusion_control__rosidl_typesupport_fastrtps_c.h\n'}
[2.169562] (px4_msgs) StdoutLine: {'line': b'-- Up-to-date symlink: /home/maxim/super_ws/install/px4_msgs/include/px4_msgs/px4_msgs/msg/detail/estimator_gps_status__rosidl_typesupport_fastrtps_c.h\n'}
[2.169754] (px4_msgs) StdoutLine: {'line': b'-- Up-to-date symlink: /home/maxim/super_ws/install/px4_msgs/include/px4_msgs/px4_msgs/msg/detail/estimator_innovations__rosidl_typesupport_fastrtps_c.h\n'}
[2.169903] (px4_msgs) StdoutLine: {'line': b'-- Up-to-date symlink: /home/maxim/super_ws/install/px4_msgs/include/px4_msgs/px4_msgs/msg/detail/estimator_selector_status__rosidl_typesupport_fastrtps_c.h\n'}
[2.170110] (px4_msgs) StdoutLine: {'line': b'-- Up-to-date symlink: /home/maxim/super_ws/install/px4_msgs/include/px4_msgs/px4_msgs/msg/detail/estimator_sensor_bias__rosidl_typesupport_fastrtps_c.h\n'}
[2.170257] (px4_msgs) StdoutLine: {'line': b'-- Up-to-date symlink: /home/maxim/super_ws/install/px4_msgs/include/px4_msgs/px4_msgs/msg/detail/estimator_states__rosidl_typesupport_fastrtps_c.h\n'}
[2.170428] (px4_msgs) StdoutLine: {'line': b'-- Up-to-date symlink: /home/maxim/super_ws/install/px4_msgs/include/px4_msgs/px4_msgs/msg/detail/estimator_status__rosidl_typesupport_fastrtps_c.h\n'}
[2.170603] (px4_msgs) StdoutLine: {'line': b'-- Up-to-date symlink: /home/maxim/super_ws/install/px4_msgs/include/px4_msgs/px4_msgs/msg/detail/estimator_status_flags__rosidl_typesupport_fastrtps_c.h\n'}
[2.170809] (px4_msgs) StdoutLine: {'line': b'-- Up-to-date symlink: /home/maxim/super_ws/install/px4_msgs/include/px4_msgs/px4_msgs/msg/detail/event__rosidl_typesupport_fastrtps_c.h\n'}
[2.170948] (px4_msgs) StdoutLine: {'line': b'-- Up-to-date symlink: /home/maxim/super_ws/install/px4_msgs/include/px4_msgs/px4_msgs/msg/detail/failsafe_flags__rosidl_typesupport_fastrtps_c.h\n'}
[2.171133] (px4_msgs) StdoutLine: {'line': b'-- Up-to-date symlink: /home/maxim/super_ws/install/px4_msgs/include/px4_msgs/px4_msgs/msg/detail/failure_detector_status__rosidl_typesupport_fastrtps_c.h\n'}
[2.171322] (px4_msgs) StdoutLine: {'line': b'-- Up-to-date symlink: /home/maxim/super_ws/install/px4_msgs/include/px4_msgs/px4_msgs/msg/detail/fiducial_marker_pos_report__rosidl_typesupport_fastrtps_c.h\n'}
[2.171469] (px4_msgs) StdoutLine: {'line': b'-- Up-to-date symlink: /home/maxim/super_ws/install/px4_msgs/include/px4_msgs/px4_msgs/msg/detail/fiducial_marker_yaw_report__rosidl_typesupport_fastrtps_c.h\n'}
[2.171651] (px4_msgs) StdoutLine: {'line': b'-- Up-to-date symlink: /home/maxim/super_ws/install/px4_msgs/include/px4_msgs/px4_msgs/msg/detail/figure_eight_status__rosidl_typesupport_fastrtps_c.h\n'}
[2.171758] (px4_msgs) StdoutLine: {'line': b'-- Up-to-date symlink: /home/maxim/super_ws/install/px4_msgs/include/px4_msgs/px4_msgs/msg/detail/fixed_wing_lateral_guidance_status__rosidl_typesupport_fastrtps_c.h\n'}
[2.171867] (px4_msgs) StdoutLine: {'line': b'-- Up-to-date symlink: /home/maxim/super_ws/install/px4_msgs/include/px4_msgs/px4_msgs/msg/detail/fixed_wing_lateral_setpoint__rosidl_typesupport_fastrtps_c.h\n'}
[2.171975] (px4_msgs) StdoutLine: {'line': b'-- Up-to-date symlink: /home/maxim/super_ws/install/px4_msgs/include/px4_msgs/px4_msgs/msg/detail/fixed_wing_lateral_status__rosidl_typesupport_fastrtps_c.h\n'}
[2.172063] (px4_msgs) StdoutLine: {'line': b'-- Up-to-date symlink: /home/maxim/super_ws/install/px4_msgs/include/px4_msgs/px4_msgs/msg/detail/fixed_wing_longitudinal_setpoint__rosidl_typesupport_fastrtps_c.h\n'}
[2.172259] (px4_msgs) StdoutLine: {'line': b'-- Up-to-date symlink: /home/maxim/super_ws/install/px4_msgs/include/px4_msgs/px4_msgs/msg/detail/fixed_wing_runway_control__rosidl_typesupport_fastrtps_c.h\n'}
[2.172478] (px4_msgs) StdoutLine: {'line': b'-- Up-to-date symlink: /home/maxim/super_ws/install/px4_msgs/include/px4_msgs/px4_msgs/msg/detail/flight_phase_estimation__rosidl_typesupport_fastrtps_c.h\n'}
[2.172583] (px4_msgs) StdoutLine: {'line': b'-- Up-to-date symlink: /home/maxim/super_ws/install/px4_msgs/include/px4_msgs/px4_msgs/msg/detail/follow_target__rosidl_typesupport_fastrtps_c.h\n'}
[2.172707] (px4_msgs) StdoutLine: {'line': b'-- Up-to-date symlink: /home/maxim/super_ws/install/px4_msgs/include/px4_msgs/px4_msgs/msg/detail/follow_target_estimator__rosidl_typesupport_fastrtps_c.h\n'}
[2.172805] (px4_msgs) StdoutLine: {'line': b'-- Up-to-date symlink: /home/maxim/super_ws/install/px4_msgs/include/px4_msgs/px4_msgs/msg/detail/follow_target_status__rosidl_typesupport_fastrtps_c.h\n'}
[2.172898] (px4_msgs) StdoutLine: {'line': b'-- Up-to-date symlink: /home/maxim/super_ws/install/px4_msgs/include/px4_msgs/px4_msgs/msg/detail/fuel_tank_status__rosidl_typesupport_fastrtps_c.h\n'}
[2.173012] (px4_msgs) StdoutLine: {'line': b'-- Up-to-date symlink: /home/maxim/super_ws/install/px4_msgs/include/px4_msgs/px4_msgs/msg/detail/gain_compression__rosidl_typesupport_fastrtps_c.h\n'}
[2.173192] (px4_msgs) StdoutLine: {'line': b'-- Up-to-date symlink: /home/maxim/super_ws/install/px4_msgs/include/px4_msgs/px4_msgs/msg/detail/generator_status__rosidl_typesupport_fastrtps_c.h\n'}
[2.173345] (px4_msgs) StdoutLine: {'line': b'-- Up-to-date symlink: /home/maxim/super_ws/install/px4_msgs/include/px4_msgs/px4_msgs/msg/detail/geofence_result__rosidl_typesupport_fastrtps_c.h\n'}
[2.173454] (px4_msgs) StdoutLine: {'line': b'-- Up-to-date symlink: /home/maxim/super_ws/install/px4_msgs/include/px4_msgs/px4_msgs/msg/detail/geofence_status__rosidl_typesupport_fastrtps_c.h\n'}
[2.173535] (px4_msgs) StdoutLine: {'line': b'-- Up-to-date symlink: /home/maxim/super_ws/install/px4_msgs/include/px4_msgs/px4_msgs/msg/detail/gimbal_controls__rosidl_typesupport_fastrtps_c.h\n'}
[2.173691] (px4_msgs) StdoutLine: {'line': b'-- Up-to-date symlink: /home/maxim/super_ws/install/px4_msgs/include/px4_msgs/px4_msgs/msg/detail/gimbal_device_attitude_status__rosidl_typesupport_fastrtps_c.h\n'}
[2.173875] (px4_msgs) StdoutLine: {'line': b'-- Up-to-date symlink: /home/maxim/super_ws/install/px4_msgs/include/px4_msgs/px4_msgs/msg/detail/gimbal_device_information__rosidl_typesupport_fastrtps_c.h\n'}
[2.174125] (px4_msgs) StdoutLine: {'line': b'-- Up-to-date symlink: /home/maxim/super_ws/install/px4_msgs/include/px4_msgs/px4_msgs/msg/detail/gimbal_device_set_attitude__rosidl_typesupport_fastrtps_c.h\n'}
[2.174310] (px4_msgs) StdoutLine: {'line': b'-- Up-to-date symlink: /home/maxim/super_ws/install/px4_msgs/include/px4_msgs/px4_msgs/msg/detail/gimbal_manager_information__rosidl_typesupport_fastrtps_c.h\n'}
[2.174497] (px4_msgs) StdoutLine: {'line': b'-- Up-to-date symlink: /home/maxim/super_ws/install/px4_msgs/include/px4_msgs/px4_msgs/msg/detail/gimbal_manager_set_attitude__rosidl_typesupport_fastrtps_c.h\n'}
[2.174685] (px4_msgs) StdoutLine: {'line': b'-- Up-to-date symlink: /home/maxim/super_ws/install/px4_msgs/include/px4_msgs/px4_msgs/msg/detail/gimbal_manager_set_manual_control__rosidl_typesupport_fastrtps_c.h\n'}
[2.174789] (px4_msgs) StdoutLine: {'line': b'-- Up-to-date symlink: /home/maxim/super_ws/install/px4_msgs/include/px4_msgs/px4_msgs/msg/detail/gimbal_manager_status__rosidl_typesupport_fastrtps_c.h\n'}
[2.174908] (px4_msgs) StdoutLine: {'line': b'-- Up-to-date symlink: /home/maxim/super_ws/install/px4_msgs/include/px4_msgs/px4_msgs/msg/detail/goto_setpoint__rosidl_typesupport_fastrtps_c.h\n'}
[2.174992] (px4_msgs) StdoutLine: {'line': b'-- Up-to-date symlink: /home/maxim/super_ws/install/px4_msgs/include/px4_msgs/px4_msgs/msg/detail/gpio_config__rosidl_typesupport_fastrtps_c.h\n'}
[2.175098] (px4_msgs) StdoutLine: {'line': b'-- Up-to-date symlink: /home/maxim/super_ws/install/px4_msgs/include/px4_msgs/px4_msgs/msg/detail/gpio_in__rosidl_typesupport_fastrtps_c.h\n'}
[2.175207] (px4_msgs) StdoutLine: {'line': b'-- Up-to-date symlink: /home/maxim/super_ws/install/px4_msgs/include/px4_msgs/px4_msgs/msg/detail/gpio_out__rosidl_typesupport_fastrtps_c.h\n'}
[2.175318] (px4_msgs) StdoutLine: {'line': b'-- Up-to-date symlink: /home/maxim/super_ws/install/px4_msgs/include/px4_msgs/px4_msgs/msg/detail/gpio_request__rosidl_typesupport_fastrtps_c.h\n'}
[2.175429] (px4_msgs) StdoutLine: {'line': b'-- Up-to-date symlink: /home/maxim/super_ws/install/px4_msgs/include/px4_msgs/px4_msgs/msg/detail/gps_dump__rosidl_typesupport_fastrtps_c.h\n'}
[2.175539] (px4_msgs) StdoutLine: {'line': b'-- Up-to-date symlink: /home/maxim/super_ws/install/px4_msgs/include/px4_msgs/px4_msgs/msg/detail/gps_inject_data__rosidl_typesupport_fastrtps_c.h\n'}
[2.175712] (px4_msgs) StdoutLine: {'line': b'-- Up-to-date symlink: /home/maxim/super_ws/install/px4_msgs/include/px4_msgs/px4_msgs/msg/detail/gripper__rosidl_typesupport_fastrtps_c.h\n'}
[2.175885] (px4_msgs) StdoutLine: {'line': b'-- Up-to-date symlink: /home/maxim/super_ws/install/px4_msgs/include/px4_msgs/px4_msgs/msg/detail/health_report__rosidl_typesupport_fastrtps_c.h\n'}
[2.176059] (px4_msgs) StdoutLine: {'line': b'-- Up-to-date symlink: /home/maxim/super_ws/install/px4_msgs/include/px4_msgs/px4_msgs/msg/detail/heater_status__rosidl_typesupport_fastrtps_c.h\n'}
[2.176301] (px4_msgs) StdoutLine: {'line': b'-- Up-to-date symlink: /home/maxim/super_ws/install/px4_msgs/include/px4_msgs/px4_msgs/msg/detail/home_position__rosidl_typesupport_fastrtps_c.h\n'}
[2.176451] (px4_msgs) StdoutLine: {'line': b'-- Up-to-date symlink: /home/maxim/super_ws/install/px4_msgs/include/px4_msgs/px4_msgs/msg/detail/hover_thrust_estimate__rosidl_typesupport_fastrtps_c.h\n'}
[2.176604] (px4_msgs) StdoutLine: {'line': b'-- Up-to-date symlink: /home/maxim/super_ws/install/px4_msgs/include/px4_msgs/px4_msgs/msg/detail/input_rc__rosidl_typesupport_fastrtps_c.h\n'}
[2.176789] (px4_msgs) StdoutLine: {'line': b'-- Up-to-date symlink: /home/maxim/super_ws/install/px4_msgs/include/px4_msgs/px4_msgs/msg/detail/internal_combustion_engine_control__rosidl_typesupport_fastrtps_c.h\n'}
[2.176903] (px4_msgs) StdoutLine: {'line': b'-- Up-to-date symlink: /home/maxim/super_ws/install/px4_msgs/include/px4_msgs/px4_msgs/msg/detail/internal_combustion_engine_status__rosidl_typesupport_fastrtps_c.h\n'}
[2.177012] (px4_msgs) StdoutLine: {'line': b'-- Up-to-date symlink: /home/maxim/super_ws/install/px4_msgs/include/px4_msgs/px4_msgs/msg/detail/iridiumsbd_status__rosidl_typesupport_fastrtps_c.h\n'}
[2.177171] (px4_msgs) StdoutLine: {'line': b'-- Up-to-date symlink: /home/maxim/super_ws/install/px4_msgs/include/px4_msgs/px4_msgs/msg/detail/irlock_report__rosidl_typesupport_fastrtps_c.h\n'}
[2.177283] (px4_msgs) StdoutLine: {'line': b'-- Up-to-date symlink: /home/maxim/super_ws/install/px4_msgs/include/px4_msgs/px4_msgs/msg/detail/landing_gear__rosidl_typesupport_fastrtps_c.h\n'}
[2.177360] (px4_msgs) StdoutLine: {'line': b'-- Up-to-date symlink: /home/maxim/super_ws/install/px4_msgs/include/px4_msgs/px4_msgs/msg/detail/landing_gear_wheel__rosidl_typesupport_fastrtps_c.h\n'}
[2.177437] (px4_msgs) StdoutLine: {'line': b'-- Up-to-date symlink: /home/maxim/super_ws/install/px4_msgs/include/px4_msgs/px4_msgs/msg/detail/landing_target_innovations__rosidl_typesupport_fastrtps_c.h\n'}
[2.177727] (px4_msgs) StdoutLine: {'line': b'-- Up-to-date symlink: /home/maxim/super_ws/install/px4_msgs/include/px4_msgs/px4_msgs/msg/detail/landing_target_pose__rosidl_typesupport_fastrtps_c.h\n'}
[2.177839] (px4_msgs) StdoutLine: {'line': b'-- Up-to-date symlink: /home/maxim/super_ws/install/px4_msgs/include/px4_msgs/px4_msgs/msg/detail/lateral_control_configuration__rosidl_typesupport_fastrtps_c.h\n'}
[2.177952] (px4_msgs) StdoutLine: {'line': b'-- Up-to-date symlink: /home/maxim/super_ws/install/px4_msgs/include/px4_msgs/px4_msgs/msg/detail/launch_detection_status__rosidl_typesupport_fastrtps_c.h\n'}
[2.178064] (px4_msgs) StdoutLine: {'line': b'-- Up-to-date symlink: /home/maxim/super_ws/install/px4_msgs/include/px4_msgs/px4_msgs/msg/detail/led_control__rosidl_typesupport_fastrtps_c.h\n'}
[2.178207] (px4_msgs) StdoutLine: {'line': b'-- Up-to-date symlink: /home/maxim/super_ws/install/px4_msgs/include/px4_msgs/px4_msgs/msg/detail/log_message__rosidl_typesupport_fastrtps_c.h\n'}
[2.178384] (px4_msgs) StdoutLine: {'line': b'-- Up-to-date symlink: /home/maxim/super_ws/install/px4_msgs/include/px4_msgs/px4_msgs/msg/detail/logger_status__rosidl_typesupport_fastrtps_c.h\n'}
[2.178495] (px4_msgs) StdoutLine: {'line': b'-- Up-to-date symlink: /home/maxim/super_ws/install/px4_msgs/include/px4_msgs/px4_msgs/msg/detail/longitudinal_control_configuration__rosidl_typesupport_fastrtps_c.h\n'}
[2.178663] (px4_msgs) StdoutLine: {'line': b'-- Up-to-date symlink: /home/maxim/super_ws/install/px4_msgs/include/px4_msgs/px4_msgs/msg/detail/mag_worker_data__rosidl_typesupport_fastrtps_c.h\n'}
[2.178849] (px4_msgs) StdoutLine: {'line': b'-- Up-to-date symlink: /home/maxim/super_ws/install/px4_msgs/include/px4_msgs/px4_msgs/msg/detail/magnetometer_bias_estimate__rosidl_typesupport_fastrtps_c.h\n'}
[2.179009] (px4_msgs) StdoutLine: {'line': b'-- Up-to-date symlink: /home/maxim/super_ws/install/px4_msgs/include/px4_msgs/px4_msgs/msg/detail/manual_control_setpoint__rosidl_typesupport_fastrtps_c.h\n'}
[2.179126] (px4_msgs) StdoutLine: {'line': b'-- Up-to-date symlink: /home/maxim/super_ws/install/px4_msgs/include/px4_msgs/px4_msgs/msg/detail/manual_control_switches__rosidl_typesupport_fastrtps_c.h\n'}
[2.179205] (px4_msgs) StdoutLine: {'line': b'-- Up-to-date symlink: /home/maxim/super_ws/install/px4_msgs/include/px4_msgs/px4_msgs/msg/detail/mavlink_log__rosidl_typesupport_fastrtps_c.h\n'}
[2.179315] (px4_msgs) StdoutLine: {'line': b'-- Up-to-date symlink: /home/maxim/super_ws/install/px4_msgs/include/px4_msgs/px4_msgs/msg/detail/mavlink_tunnel__rosidl_typesupport_fastrtps_c.h\n'}
[2.179461] (px4_msgs) StdoutLine: {'line': b'-- Up-to-date symlink: /home/maxim/super_ws/install/px4_msgs/include/px4_msgs/px4_msgs/msg/detail/message_format_request__rosidl_typesupport_fastrtps_c.h\n'}
[2.179573] (px4_msgs) StdoutLine: {'line': b'-- Up-to-date symlink: /home/maxim/super_ws/install/px4_msgs/include/px4_msgs/px4_msgs/msg/detail/message_format_response__rosidl_typesupport_fastrtps_c.h\n'}
[2.179685] (px4_msgs) StdoutLine: {'line': b'-- Up-to-date symlink: /home/maxim/super_ws/install/px4_msgs/include/px4_msgs/px4_msgs/msg/detail/mission__rosidl_typesupport_fastrtps_c.h\n'}
[2.179794] (px4_msgs) StdoutLine: {'line': b'-- Up-to-date symlink: /home/maxim/super_ws/install/px4_msgs/include/px4_msgs/px4_msgs/msg/detail/mission_result__rosidl_typesupport_fastrtps_c.h\n'}
[2.179906] (px4_msgs) StdoutLine: {'line': b'-- Up-to-date symlink: /home/maxim/super_ws/install/px4_msgs/include/px4_msgs/px4_msgs/msg/detail/mode_completed__rosidl_typesupport_fastrtps_c.h\n'}
[2.180015] (px4_msgs) StdoutLine: {'line': b'-- Up-to-date symlink: /home/maxim/super_ws/install/px4_msgs/include/px4_msgs/px4_msgs/msg/detail/mount_orientation__rosidl_typesupport_fastrtps_c.h\n'}
[2.180131] (px4_msgs) StdoutLine: {'line': b'-- Up-to-date symlink: /home/maxim/super_ws/install/px4_msgs/include/px4_msgs/px4_msgs/msg/detail/navigator_mission_item__rosidl_typesupport_fastrtps_c.h\n'}
[2.180240] (px4_msgs) StdoutLine: {'line': b'-- Up-to-date symlink: /home/maxim/super_ws/install/px4_msgs/include/px4_msgs/px4_msgs/msg/detail/navigator_status__rosidl_typesupport_fastrtps_c.h\n'}
[2.180421] (px4_msgs) StdoutLine: {'line': b'-- Up-to-date symlink: /home/maxim/super_ws/install/px4_msgs/include/px4_msgs/px4_msgs/msg/detail/neural_control__rosidl_typesupport_fastrtps_c.h\n'}
[2.180500] (px4_msgs) StdoutLine: {'line': b'-- Up-to-date symlink: /home/maxim/super_ws/install/px4_msgs/include/px4_msgs/px4_msgs/msg/detail/normalized_unsigned_setpoint__rosidl_typesupport_fastrtps_c.h\n'}
[2.180612] (px4_msgs) StdoutLine: {'line': b'-- Up-to-date symlink: /home/maxim/super_ws/install/px4_msgs/include/px4_msgs/px4_msgs/msg/detail/obstacle_distance__rosidl_typesupport_fastrtps_c.h\n'}
[2.180787] (px4_msgs) StdoutLine: {'line': b'-- Up-to-date symlink: /home/maxim/super_ws/install/px4_msgs/include/px4_msgs/px4_msgs/msg/detail/offboard_control_mode__rosidl_typesupport_fastrtps_c.h\n'}
[2.180960] (px4_msgs) StdoutLine: {'line': b'-- Up-to-date symlink: /home/maxim/super_ws/install/px4_msgs/include/px4_msgs/px4_msgs/msg/detail/onboard_computer_status__rosidl_typesupport_fastrtps_c.h\n'}
[2.181208] (px4_msgs) StdoutLine: {'line': b'-- Up-to-date symlink: /home/maxim/super_ws/install/px4_msgs/include/px4_msgs/px4_msgs/msg/detail/open_drone_id_arm_status__rosidl_typesupport_fastrtps_c.h\n'}
[2.181409] (px4_msgs) StdoutLine: {'line': b'-- Up-to-date symlink: /home/maxim/super_ws/install/px4_msgs/include/px4_msgs/px4_msgs/msg/detail/open_drone_id_operator_id__rosidl_typesupport_fastrtps_c.h\n'}
[2.181586] (px4_msgs) StdoutLine: {'line': b'-- Up-to-date symlink: /home/maxim/super_ws/install/px4_msgs/include/px4_msgs/px4_msgs/msg/detail/open_drone_id_self_id__rosidl_typesupport_fastrtps_c.h\n'}
[2.181759] (px4_msgs) StdoutLine: {'line': b'-- Up-to-date symlink: /home/maxim/super_ws/install/px4_msgs/include/px4_msgs/px4_msgs/msg/detail/open_drone_id_system__rosidl_typesupport_fastrtps_c.h\n'}
[2.181875] (px4_msgs) StdoutLine: {'line': b'-- Up-to-date symlink: /home/maxim/super_ws/install/px4_msgs/include/px4_msgs/px4_msgs/msg/detail/orb_test__rosidl_typesupport_fastrtps_c.h\n'}
[2.182031] (px4_msgs) StdoutLine: {'line': b'-- Up-to-date symlink: /home/maxim/super_ws/install/px4_msgs/include/px4_msgs/px4_msgs/msg/detail/orb_test_large__rosidl_typesupport_fastrtps_c.h\n'}
[2.182148] (px4_msgs) StdoutLine: {'line': b'-- Up-to-date symlink: /home/maxim/super_ws/install/px4_msgs/include/px4_msgs/px4_msgs/msg/detail/orb_test_medium__rosidl_typesupport_fastrtps_c.h\n'}
[2.182256] (px4_msgs) StdoutLine: {'line': b'-- Up-to-date symlink: /home/maxim/super_ws/install/px4_msgs/include/px4_msgs/px4_msgs/msg/detail/orbit_status__rosidl_typesupport_fastrtps_c.h\n'}
[2.182365] (px4_msgs) StdoutLine: {'line': b'-- Up-to-date symlink: /home/maxim/super_ws/install/px4_msgs/include/px4_msgs/px4_msgs/msg/detail/parameter_reset_request__rosidl_typesupport_fastrtps_c.h\n'}
[2.182476] (px4_msgs) StdoutLine: {'line': b'-- Up-to-date symlink: /home/maxim/super_ws/install/px4_msgs/include/px4_msgs/px4_msgs/msg/detail/parameter_set_used_request__rosidl_typesupport_fastrtps_c.h\n'}
[2.182585] (px4_msgs) StdoutLine: {'line': b'-- Up-to-date symlink: /home/maxim/super_ws/install/px4_msgs/include/px4_msgs/px4_msgs/msg/detail/parameter_set_value_request__rosidl_typesupport_fastrtps_c.h\n'}
[2.182692] (px4_msgs) StdoutLine: {'line': b'-- Up-to-date symlink: /home/maxim/super_ws/install/px4_msgs/include/px4_msgs/px4_msgs/msg/detail/parameter_set_value_response__rosidl_typesupport_fastrtps_c.h\n'}
[2.182866] (px4_msgs) StdoutLine: {'line': b'-- Up-to-date symlink: /home/maxim/super_ws/install/px4_msgs/include/px4_msgs/px4_msgs/msg/detail/parameter_update__rosidl_typesupport_fastrtps_c.h\n'}
[2.183039] (px4_msgs) StdoutLine: {'line': b'-- Up-to-date symlink: /home/maxim/super_ws/install/px4_msgs/include/px4_msgs/px4_msgs/msg/detail/ping__rosidl_typesupport_fastrtps_c.h\n'}
[2.183218] (px4_msgs) StdoutLine: {'line': b'-- Up-to-date symlink: /home/maxim/super_ws/install/px4_msgs/include/px4_msgs/px4_msgs/msg/detail/position_controller_landing_status__rosidl_typesupport_fastrtps_c.h\n'}
[2.183425] (px4_msgs) StdoutLine: {'line': b'-- Up-to-date symlink: /home/maxim/super_ws/install/px4_msgs/include/px4_msgs/px4_msgs/msg/detail/position_controller_status__rosidl_typesupport_fastrtps_c.h\n'}
[2.183598] (px4_msgs) StdoutLine: {'line': b'-- Up-to-date symlink: /home/maxim/super_ws/install/px4_msgs/include/px4_msgs/px4_msgs/msg/detail/position_setpoint__rosidl_typesupport_fastrtps_c.h\n'}
[2.183745] (px4_msgs) StdoutLine: {'line': b'-- Up-to-date symlink: /home/maxim/super_ws/install/px4_msgs/include/px4_msgs/px4_msgs/msg/detail/position_setpoint_triplet__rosidl_typesupport_fastrtps_c.h\n'}
[2.183897] (px4_msgs) StdoutLine: {'line': b'-- Up-to-date symlink: /home/maxim/super_ws/install/px4_msgs/include/px4_msgs/px4_msgs/msg/detail/power_button_state__rosidl_typesupport_fastrtps_c.h\n'}
[2.184009] (px4_msgs) StdoutLine: {'line': b'-- Up-to-date symlink: /home/maxim/super_ws/install/px4_msgs/include/px4_msgs/px4_msgs/msg/detail/power_monitor__rosidl_typesupport_fastrtps_c.h\n'}
[2.184143] (px4_msgs) StdoutLine: {'line': b'-- Up-to-date symlink: /home/maxim/super_ws/install/px4_msgs/include/px4_msgs/px4_msgs/msg/detail/pps_capture__rosidl_typesupport_fastrtps_c.h\n'}
[2.184227] (px4_msgs) StdoutLine: {'line': b'-- Up-to-date symlink: /home/maxim/super_ws/install/px4_msgs/include/px4_msgs/px4_msgs/msg/detail/prec_land_status__rosidl_typesupport_fastrtps_c.h\n'}
[2.184336] (px4_msgs) StdoutLine: {'line': b'-- Up-to-date symlink: /home/maxim/super_ws/install/px4_msgs/include/px4_msgs/px4_msgs/msg/detail/pure_pursuit_status__rosidl_typesupport_fastrtps_c.h\n'}
[2.184524] (px4_msgs) StdoutLine: {'line': b'-- Up-to-date symlink: /home/maxim/super_ws/install/px4_msgs/include/px4_msgs/px4_msgs/msg/detail/pwm_input__rosidl_typesupport_fastrtps_c.h\n'}
[2.184634] (px4_msgs) StdoutLine: {'line': b'-- Up-to-date symlink: /home/maxim/super_ws/install/px4_msgs/include/px4_msgs/px4_msgs/msg/detail/px4io_status__rosidl_typesupport_fastrtps_c.h\n'}
[2.184743] (px4_msgs) StdoutLine: {'line': b'-- Up-to-date symlink: /home/maxim/super_ws/install/px4_msgs/include/px4_msgs/px4_msgs/msg/detail/qshell_req__rosidl_typesupport_fastrtps_c.h\n'}
[2.184854] (px4_msgs) StdoutLine: {'line': b'-- Up-to-date symlink: /home/maxim/super_ws/install/px4_msgs/include/px4_msgs/px4_msgs/msg/detail/qshell_retval__rosidl_typesupport_fastrtps_c.h\n'}
[2.184963] (px4_msgs) StdoutLine: {'line': b'-- Up-to-date symlink: /home/maxim/super_ws/install/px4_msgs/include/px4_msgs/px4_msgs/msg/detail/radio_status__rosidl_typesupport_fastrtps_c.h\n'}
[2.185075] (px4_msgs) StdoutLine: {'line': b'-- Up-to-date symlink: /home/maxim/super_ws/install/px4_msgs/include/px4_msgs/px4_msgs/msg/detail/ranging_beacon__rosidl_typesupport_fastrtps_c.h\n'}
[2.185185] (px4_msgs) StdoutLine: {'line': b'-- Up-to-date symlink: /home/maxim/super_ws/install/px4_msgs/include/px4_msgs/px4_msgs/msg/detail/raptor_input__rosidl_typesupport_fastrtps_c.h\n'}
[2.185296] (px4_msgs) StdoutLine: {'line': b'-- Up-to-date symlink: /home/maxim/super_ws/install/px4_msgs/include/px4_msgs/px4_msgs/msg/detail/raptor_status__rosidl_typesupport_fastrtps_c.h\n'}
[2.185460] (px4_msgs) StdoutLine: {'line': b'-- Up-to-date symlink: /home/maxim/super_ws/install/px4_msgs/include/px4_msgs/px4_msgs/msg/detail/rate_ctrl_status__rosidl_typesupport_fastrtps_c.h\n'}
[2.185609] (px4_msgs) StdoutLine: {'line': b'-- Up-to-date symlink: /home/maxim/super_ws/install/px4_msgs/include/px4_msgs/px4_msgs/msg/detail/rc_channels__rosidl_typesupport_fastrtps_c.h\n'}
[2.185755] (px4_msgs) StdoutLine: {'line': b'-- Up-to-date symlink: /home/maxim/super_ws/install/px4_msgs/include/px4_msgs/px4_msgs/msg/detail/rc_parameter_map__rosidl_typesupport_fastrtps_c.h\n'}
[2.185943] (px4_msgs) StdoutLine: {'line': b'-- Up-to-date symlink: /home/maxim/super_ws/install/px4_msgs/include/px4_msgs/px4_msgs/msg/detail/register_ext_component_reply__rosidl_typesupport_fastrtps_c.h\n'}
[2.186117] (px4_msgs) StdoutLine: {'line': b'-- Up-to-date symlink: /home/maxim/super_ws/install/px4_msgs/include/px4_msgs/px4_msgs/msg/detail/register_ext_component_request__rosidl_typesupport_fastrtps_c.h\n'}
[2.186249] (px4_msgs) StdoutLine: {'line': b'-- Up-to-date symlink: /home/maxim/super_ws/install/px4_msgs/include/px4_msgs/px4_msgs/msg/detail/rover_attitude_setpoint__rosidl_typesupport_fastrtps_c.h\n'}
[2.186455] (px4_msgs) StdoutLine: {'line': b'-- Up-to-date symlink: /home/maxim/super_ws/install/px4_msgs/include/px4_msgs/px4_msgs/msg/detail/rover_attitude_status__rosidl_typesupport_fastrtps_c.h\n'}
[2.186591] (px4_msgs) StdoutLine: {'line': b'-- Up-to-date symlink: /home/maxim/super_ws/install/px4_msgs/include/px4_msgs/px4_msgs/msg/detail/rover_position_setpoint__rosidl_typesupport_fastrtps_c.h\n'}
[2.186754] (px4_msgs) StdoutLine: {'line': b'-- Up-to-date symlink: /home/maxim/super_ws/install/px4_msgs/include/px4_msgs/px4_msgs/msg/detail/rover_rate_setpoint__rosidl_typesupport_fastrtps_c.h\n'}
[2.186921] (px4_msgs) StdoutLine: {'line': b'-- Up-to-date symlink: /home/maxim/super_ws/install/px4_msgs/include/px4_msgs/px4_msgs/msg/detail/rover_rate_status__rosidl_typesupport_fastrtps_c.h\n'}
[2.187136] (px4_msgs) StdoutLine: {'line': b'-- Up-to-date symlink: /home/maxim/super_ws/install/px4_msgs/include/px4_msgs/px4_msgs/msg/detail/rover_speed_setpoint__rosidl_typesupport_fastrtps_c.h\n'}
[2.187261] (px4_msgs) StdoutLine: {'line': b'-- Up-to-date symlink: /home/maxim/super_ws/install/px4_msgs/include/px4_msgs/px4_msgs/msg/detail/rover_speed_status__rosidl_typesupport_fastrtps_c.h\n'}
[2.187441] (px4_msgs) StdoutLine: {'line': b'-- Up-to-date symlink: /home/maxim/super_ws/install/px4_msgs/include/px4_msgs/px4_msgs/msg/detail/rover_steering_setpoint__rosidl_typesupport_fastrtps_c.h\n'}
[2.187589] (px4_msgs) StdoutLine: {'line': b'-- Up-to-date symlink: /home/maxim/super_ws/install/px4_msgs/include/px4_msgs/px4_msgs/msg/detail/rover_throttle_setpoint__rosidl_typesupport_fastrtps_c.h\n'}
[2.187736] (px4_msgs) StdoutLine: {'line': b'-- Up-to-date symlink: /home/maxim/super_ws/install/px4_msgs/include/px4_msgs/px4_msgs/msg/detail/rpm__rosidl_typesupport_fastrtps_c.h\n'}
[2.187883] (px4_msgs) StdoutLine: {'line': b'-- Up-to-date symlink: /home/maxim/super_ws/install/px4_msgs/include/px4_msgs/px4_msgs/msg/detail/rtl_status__rosidl_typesupport_fastrtps_c.h\n'}
[2.188017] (px4_msgs) StdoutLine: {'line': b'-- Up-to-date symlink: /home/maxim/super_ws/install/px4_msgs/include/px4_msgs/px4_msgs/msg/detail/rtl_time_estimate__rosidl_typesupport_fastrtps_c.h\n'}
[2.188189] (px4_msgs) StdoutLine: {'line': b'-- Up-to-date symlink: /home/maxim/super_ws/install/px4_msgs/include/px4_msgs/px4_msgs/msg/detail/satellite_info__rosidl_typesupport_fastrtps_c.h\n'}
[2.188355] (px4_msgs) StdoutLine: {'line': b'-- Up-to-date symlink: /home/maxim/super_ws/install/px4_msgs/include/px4_msgs/px4_msgs/msg/detail/sensor_accel__rosidl_typesupport_fastrtps_c.h\n'}
[2.188522] (px4_msgs) StdoutLine: {'line': b'-- Up-to-date symlink: /home/maxim/super_ws/install/px4_msgs/include/px4_msgs/px4_msgs/msg/detail/sensor_accel_fifo__rosidl_typesupport_fastrtps_c.h\n'}
[2.188723] (px4_msgs) StdoutLine: {'line': b'-- Up-to-date symlink: /home/maxim/super_ws/install/px4_msgs/include/px4_msgs/px4_msgs/msg/detail/sensor_airflow__rosidl_typesupport_fastrtps_c.h\n'}
[2.188889] (px4_msgs) StdoutLine: {'line': b'-- Up-to-date symlink: /home/maxim/super_ws/install/px4_msgs/include/px4_msgs/px4_msgs/msg/detail/sensor_baro__rosidl_typesupport_fastrtps_c.h\n'}
[2.189020] (px4_msgs) StdoutLine: {'line': b'-- Up-to-date symlink: /home/maxim/super_ws/install/px4_msgs/include/px4_msgs/px4_msgs/msg/detail/sensor_combined__rosidl_typesupport_fastrtps_c.h\n'}
[2.189223] (px4_msgs) StdoutLine: {'line': b'-- Up-to-date symlink: /home/maxim/super_ws/install/px4_msgs/include/px4_msgs/px4_msgs/msg/detail/sensor_correction__rosidl_typesupport_fastrtps_c.h\n'}
[2.189395] (px4_msgs) StdoutLine: {'line': b'-- Up-to-date symlink: /home/maxim/super_ws/install/px4_msgs/include/px4_msgs/px4_msgs/msg/detail/sensor_gnss_relative__rosidl_typesupport_fastrtps_c.h\n'}
[2.189524] (px4_msgs) StdoutLine: {'line': b'-- Up-to-date symlink: /home/maxim/super_ws/install/px4_msgs/include/px4_msgs/px4_msgs/msg/detail/sensor_gnss_status__rosidl_typesupport_fastrtps_c.h\n'}
[2.189727] (px4_msgs) StdoutLine: {'line': b'-- Up-to-date symlink: /home/maxim/super_ws/install/px4_msgs/include/px4_msgs/px4_msgs/msg/detail/sensor_gps__rosidl_typesupport_fastrtps_c.h\n'}
[2.189886] (px4_msgs) StdoutLine: {'line': b'-- Up-to-date symlink: /home/maxim/super_ws/install/px4_msgs/include/px4_msgs/px4_msgs/msg/detail/sensor_gyro__rosidl_typesupport_fastrtps_c.h\n'}
[2.190020] (px4_msgs) StdoutLine: {'line': b'-- Up-to-date symlink: /home/maxim/super_ws/install/px4_msgs/include/px4_msgs/px4_msgs/msg/detail/sensor_gyro_fft__rosidl_typesupport_fastrtps_c.h\n'}
[2.190220] (px4_msgs) StdoutLine: {'line': b'-- Up-to-date symlink: /home/maxim/super_ws/install/px4_msgs/include/px4_msgs/px4_msgs/msg/detail/sensor_gyro_fifo__rosidl_typesupport_fastrtps_c.h\n'}
[2.190386] (px4_msgs) StdoutLine: {'line': b'-- Up-to-date symlink: /home/maxim/super_ws/install/px4_msgs/include/px4_msgs/px4_msgs/msg/detail/sensor_hygrometer__rosidl_typesupport_fastrtps_c.h\n'}
[2.190547] (px4_msgs) StdoutLine: {'line': b'-- Up-to-date symlink: /home/maxim/super_ws/install/px4_msgs/include/px4_msgs/px4_msgs/msg/detail/sensor_mag__rosidl_typesupport_fastrtps_c.h\n'}
[2.190719] (px4_msgs) StdoutLine: {'line': b'-- Up-to-date symlink: /home/maxim/super_ws/install/px4_msgs/include/px4_msgs/px4_msgs/msg/detail/sensor_optical_flow__rosidl_typesupport_fastrtps_c.h\n'}
[2.190833] (px4_msgs) StdoutLine: {'line': b'-- Up-to-date symlink: /home/maxim/super_ws/install/px4_msgs/include/px4_msgs/px4_msgs/msg/detail/sensor_preflight_mag__rosidl_typesupport_fastrtps_c.h\n'}
[2.190980] (px4_msgs) StdoutLine: {'line': b'-- Up-to-date symlink: /home/maxim/super_ws/install/px4_msgs/include/px4_msgs/px4_msgs/msg/detail/sensor_selection__rosidl_typesupport_fastrtps_c.h\n'}
[2.191166] (px4_msgs) StdoutLine: {'line': b'-- Up-to-date symlink: /home/maxim/super_ws/install/px4_msgs/include/px4_msgs/px4_msgs/msg/detail/sensor_temp__rosidl_typesupport_fastrtps_c.h\n'}
[2.191347] (px4_msgs) StdoutLine: {'line': b'-- Up-to-date symlink: /home/maxim/super_ws/install/px4_msgs/include/px4_msgs/px4_msgs/msg/detail/sensor_uwb__rosidl_typesupport_fastrtps_c.h\n'}
[2.191549] (px4_msgs) StdoutLine: {'line': b'-- Up-to-date symlink: /home/maxim/super_ws/install/px4_msgs/include/px4_msgs/px4_msgs/msg/detail/sensors_status__rosidl_typesupport_fastrtps_c.h\n'}
[2.191698] (px4_msgs) StdoutLine: {'line': b'-- Up-to-date symlink: /home/maxim/super_ws/install/px4_msgs/include/px4_msgs/px4_msgs/msg/detail/sensors_status_imu__rosidl_typesupport_fastrtps_c.h\n'}
[2.191893] (px4_msgs) StdoutLine: {'line': b'-- Up-to-date symlink: /home/maxim/super_ws/install/px4_msgs/include/px4_msgs/px4_msgs/msg/detail/system_power__rosidl_typesupport_fastrtps_c.h\n'}
[2.192195] (px4_msgs) StdoutLine: {'line': b'-- Up-to-date symlink: /home/maxim/super_ws/install/px4_msgs/include/px4_msgs/px4_msgs/msg/detail/takeoff_status__rosidl_typesupport_fastrtps_c.h\n'}
[2.192399] (px4_msgs) StdoutLine: {'line': b'-- Up-to-date symlink: /home/maxim/super_ws/install/px4_msgs/include/px4_msgs/px4_msgs/msg/detail/target_gnss__rosidl_typesupport_fastrtps_c.h\n'}
[2.192570] (px4_msgs) StdoutLine: {'line': b'-- Up-to-date symlink: /home/maxim/super_ws/install/px4_msgs/include/px4_msgs/px4_msgs/msg/detail/task_stack_info__rosidl_typesupport_fastrtps_c.h\n'}
[2.192757] (px4_msgs) StdoutLine: {'line': b'-- Up-to-date symlink: /home/maxim/super_ws/install/px4_msgs/include/px4_msgs/px4_msgs/msg/detail/tecs_status__rosidl_typesupport_fastrtps_c.h\n'}
[2.192936] (px4_msgs) StdoutLine: {'line': b'-- Up-to-date symlink: /home/maxim/super_ws/install/px4_msgs/include/px4_msgs/px4_msgs/msg/detail/telemetry_status__rosidl_typesupport_fastrtps_c.h\n'}
[2.193116] (px4_msgs) StdoutLine: {'line': b'-- Up-to-date symlink: /home/maxim/super_ws/install/px4_msgs/include/px4_msgs/px4_msgs/msg/detail/tiltrotor_extra_controls__rosidl_typesupport_fastrtps_c.h\n'}
[2.193300] (px4_msgs) StdoutLine: {'line': b'-- Up-to-date symlink: /home/maxim/super_ws/install/px4_msgs/include/px4_msgs/px4_msgs/msg/detail/timesync_status__rosidl_typesupport_fastrtps_c.h\n'}
[2.193473] (px4_msgs) StdoutLine: {'line': b'-- Up-to-date symlink: /home/maxim/super_ws/install/px4_msgs/include/px4_msgs/px4_msgs/msg/detail/trajectory_setpoint6dof__rosidl_typesupport_fastrtps_c.h\n'}
[2.193617] (px4_msgs) StdoutLine: {'line': b'-- Up-to-date symlink: /home/maxim/super_ws/install/px4_msgs/include/px4_msgs/px4_msgs/msg/detail/trajectory_setpoint__rosidl_typesupport_fastrtps_c.h\n'}
[2.193765] (px4_msgs) StdoutLine: {'line': b'-- Up-to-date symlink: /home/maxim/super_ws/install/px4_msgs/include/px4_msgs/px4_msgs/msg/detail/transponder_report__rosidl_typesupport_fastrtps_c.h\n'}
[2.193984] (px4_msgs) StdoutLine: {'line': b'-- Up-to-date symlink: /home/maxim/super_ws/install/px4_msgs/include/px4_msgs/px4_msgs/msg/detail/tune_control__rosidl_typesupport_fastrtps_c.h\n'}
[2.194189] (px4_msgs) StdoutLine: {'line': b'-- Up-to-date symlink: /home/maxim/super_ws/install/px4_msgs/include/px4_msgs/px4_msgs/msg/detail/uavcan_parameter_request__rosidl_typesupport_fastrtps_c.h\n'}
[2.194382] (px4_msgs) StdoutLine: {'line': b'-- Up-to-date symlink: /home/maxim/super_ws/install/px4_msgs/include/px4_msgs/px4_msgs/msg/detail/uavcan_parameter_value__rosidl_typesupport_fastrtps_c.h\n'}
[2.194515] (px4_msgs) StdoutLine: {'line': b'-- Up-to-date symlink: /home/maxim/super_ws/install/px4_msgs/include/px4_msgs/px4_msgs/msg/detail/ulog_stream__rosidl_typesupport_fastrtps_c.h\n'}
[2.194728] (px4_msgs) StdoutLine: {'line': b'-- Up-to-date symlink: /home/maxim/super_ws/install/px4_msgs/include/px4_msgs/px4_msgs/msg/detail/ulog_stream_ack__rosidl_typesupport_fastrtps_c.h\n'}
[2.194894] (px4_msgs) StdoutLine: {'line': b'-- Up-to-date symlink: /home/maxim/super_ws/install/px4_msgs/include/px4_msgs/px4_msgs/msg/detail/unregister_ext_component__rosidl_typesupport_fastrtps_c.h\n'}
[2.195105] (px4_msgs) StdoutLine: {'line': b'-- Up-to-date symlink: /home/maxim/super_ws/install/px4_msgs/include/px4_msgs/px4_msgs/msg/detail/vehicle_acceleration__rosidl_typesupport_fastrtps_c.h\n'}
[2.195337] (px4_msgs) StdoutLine: {'line': b'-- Up-to-date symlink: /home/maxim/super_ws/install/px4_msgs/include/px4_msgs/px4_msgs/msg/detail/vehicle_air_data__rosidl_typesupport_fastrtps_c.h\n'}
[2.195573] (px4_msgs) StdoutLine: {'line': b'-- Up-to-date symlink: /home/maxim/super_ws/install/px4_msgs/include/px4_msgs/px4_msgs/msg/detail/vehicle_angular_acceleration_setpoint__rosidl_typesupport_fastrtps_c.h\n'}
[2.195793] (px4_msgs) StdoutLine: {'line': b'-- Up-to-date symlink: /home/maxim/super_ws/install/px4_msgs/include/px4_msgs/px4_msgs/msg/detail/vehicle_angular_velocity__rosidl_typesupport_fastrtps_c.h\n'}
[2.195941] (px4_msgs) StdoutLine: {'line': b'-- Up-to-date symlink: /home/maxim/super_ws/install/px4_msgs/include/px4_msgs/px4_msgs/msg/detail/vehicle_attitude__rosidl_typesupport_fastrtps_c.h\n'}
[2.196153] (px4_msgs) StdoutLine: {'line': b'-- Up-to-date symlink: /home/maxim/super_ws/install/px4_msgs/include/px4_msgs/px4_msgs/msg/detail/vehicle_attitude_setpoint__rosidl_typesupport_fastrtps_c.h\n'}
[2.196313] (px4_msgs) StdoutLine: {'line': b'-- Up-to-date symlink: /home/maxim/super_ws/install/px4_msgs/include/px4_msgs/px4_msgs/msg/detail/vehicle_command__rosidl_typesupport_fastrtps_c.h\n'}
[2.196490] (px4_msgs) StdoutLine: {'line': b'-- Up-to-date symlink: /home/maxim/super_ws/install/px4_msgs/include/px4_msgs/px4_msgs/msg/detail/vehicle_command_ack__rosidl_typesupport_fastrtps_c.h\n'}
[2.196667] (px4_msgs) StdoutLine: {'line': b'-- Up-to-date symlink: /home/maxim/super_ws/install/px4_msgs/include/px4_msgs/px4_msgs/msg/detail/vehicle_constraints__rosidl_typesupport_fastrtps_c.h\n'}
[2.196820] (px4_msgs) StdoutLine: {'line': b'-- Up-to-date symlink: /home/maxim/super_ws/install/px4_msgs/include/px4_msgs/px4_msgs/msg/detail/vehicle_control_mode__rosidl_typesupport_fastrtps_c.h\n'}
[2.196994] (px4_msgs) StdoutLine: {'line': b'-- Up-to-date symlink: /home/maxim/super_ws/install/px4_msgs/include/px4_msgs/px4_msgs/msg/detail/vehicle_global_position__rosidl_typesupport_fastrtps_c.h\n'}
[2.197175] (px4_msgs) StdoutLine: {'line': b'-- Up-to-date symlink: /home/maxim/super_ws/install/px4_msgs/include/px4_msgs/px4_msgs/msg/detail/vehicle_imu__rosidl_typesupport_fastrtps_c.h\n'}
[2.197351] (px4_msgs) StdoutLine: {'line': b'-- Up-to-date symlink: /home/maxim/super_ws/install/px4_msgs/include/px4_msgs/px4_msgs/msg/detail/vehicle_imu_status__rosidl_typesupport_fastrtps_c.h\n'}
[2.197522] (px4_msgs) StdoutLine: {'line': b'-- Up-to-date symlink: /home/maxim/super_ws/install/px4_msgs/include/px4_msgs/px4_msgs/msg/detail/vehicle_land_detected__rosidl_typesupport_fastrtps_c.h\n'}
[2.197705] (px4_msgs) StdoutLine: {'line': b'-- Up-to-date symlink: /home/maxim/super_ws/install/px4_msgs/include/px4_msgs/px4_msgs/msg/detail/vehicle_local_position__rosidl_typesupport_fastrtps_c.h\n'}
[2.197890] (px4_msgs) StdoutLine: {'line': b'-- Up-to-date symlink: /home/maxim/super_ws/install/px4_msgs/include/px4_msgs/px4_msgs/msg/detail/vehicle_local_position_setpoint__rosidl_typesupport_fastrtps_c.h\n'}
[2.198065] (px4_msgs) StdoutLine: {'line': b'-- Up-to-date symlink: /home/maxim/super_ws/install/px4_msgs/include/px4_msgs/px4_msgs/msg/detail/vehicle_magnetometer__rosidl_typesupport_fastrtps_c.h\n'}
[2.198357] (px4_msgs) StdoutLine: {'line': b'-- Up-to-date symlink: /home/maxim/super_ws/install/px4_msgs/include/px4_msgs/px4_msgs/msg/detail/vehicle_odometry__rosidl_typesupport_fastrtps_c.h\n'}
[2.198553] (px4_msgs) StdoutLine: {'line': b'-- Up-to-date symlink: /home/maxim/super_ws/install/px4_msgs/include/px4_msgs/px4_msgs/msg/detail/vehicle_optical_flow__rosidl_typesupport_fastrtps_c.h\n'}
[2.198739] (px4_msgs) StdoutLine: {'line': b'-- Up-to-date symlink: /home/maxim/super_ws/install/px4_msgs/include/px4_msgs/px4_msgs/msg/detail/vehicle_optical_flow_vel__rosidl_typesupport_fastrtps_c.h\n'}
[2.198924] (px4_msgs) StdoutLine: {'line': b'-- Up-to-date symlink: /home/maxim/super_ws/install/px4_msgs/include/px4_msgs/px4_msgs/msg/detail/vehicle_rates_setpoint__rosidl_typesupport_fastrtps_c.h\n'}
[2.199055] (px4_msgs) StdoutLine: {'line': b'-- Up-to-date symlink: /home/maxim/super_ws/install/px4_msgs/include/px4_msgs/px4_msgs/msg/detail/vehicle_roi__rosidl_typesupport_fastrtps_c.h\n'}
[2.199284] (px4_msgs) StdoutLine: {'line': b'-- Up-to-date symlink: /home/maxim/super_ws/install/px4_msgs/include/px4_msgs/px4_msgs/msg/detail/vehicle_status__rosidl_typesupport_fastrtps_c.h\n'}
[2.199431] (px4_msgs) StdoutLine: {'line': b'-- Up-to-date symlink: /home/maxim/super_ws/install/px4_msgs/include/px4_msgs/px4_msgs/msg/detail/vehicle_thrust_setpoint__rosidl_typesupport_fastrtps_c.h\n'}
[2.199603] (px4_msgs) StdoutLine: {'line': b'-- Up-to-date symlink: /home/maxim/super_ws/install/px4_msgs/include/px4_msgs/px4_msgs/msg/detail/vehicle_torque_setpoint__rosidl_typesupport_fastrtps_c.h\n'}
[2.199764] (px4_msgs) StdoutLine: {'line': b'-- Up-to-date symlink: /home/maxim/super_ws/install/px4_msgs/include/px4_msgs/px4_msgs/msg/detail/velocity_limits__rosidl_typesupport_fastrtps_c.h\n'}
[2.199872] (px4_msgs) StdoutLine: {'line': b'-- Up-to-date symlink: /home/maxim/super_ws/install/px4_msgs/include/px4_msgs/px4_msgs/msg/detail/vte_aid_source1d__rosidl_typesupport_fastrtps_c.h\n'}
[2.199982] (px4_msgs) StdoutLine: {'line': b'-- Up-to-date symlink: /home/maxim/super_ws/install/px4_msgs/include/px4_msgs/px4_msgs/msg/detail/vte_aid_source3d__rosidl_typesupport_fastrtps_c.h\n'}
[2.200186] (px4_msgs) StdoutLine: {'line': b'-- Up-to-date symlink: /home/maxim/super_ws/install/px4_msgs/include/px4_msgs/px4_msgs/msg/detail/vte_bias_init_status__rosidl_typesupport_fastrtps_c.h\n'}
[2.200343] (px4_msgs) StdoutLine: {'line': b'-- Up-to-date symlink: /home/maxim/super_ws/install/px4_msgs/include/px4_msgs/px4_msgs/msg/detail/vte_input__rosidl_typesupport_fastrtps_c.h\n'}
[2.200437] (px4_msgs) StdoutLine: {'line': b'-- Up-to-date symlink: /home/maxim/super_ws/install/px4_msgs/include/px4_msgs/px4_msgs/msg/detail/vte_orientation__rosidl_typesupport_fastrtps_c.h\n'}
[2.200511] (px4_msgs) StdoutLine: {'line': b'-- Up-to-date symlink: /home/maxim/super_ws/install/px4_msgs/include/px4_msgs/px4_msgs/msg/detail/vte_position__rosidl_typesupport_fastrtps_c.h\n'}
[2.200592] (px4_msgs) StdoutLine: {'line': b'-- Up-to-date symlink: /home/maxim/super_ws/install/px4_msgs/include/px4_msgs/px4_msgs/msg/detail/vtol_vehicle_status__rosidl_typesupport_fastrtps_c.h\n'}
[2.200713] (px4_msgs) StdoutLine: {'line': b'-- Up-to-date symlink: /home/maxim/super_ws/install/px4_msgs/include/px4_msgs/px4_msgs/msg/detail/vtx__rosidl_typesupport_fastrtps_c.h\n'}
[2.200809] (px4_msgs) StdoutLine: {'line': b'-- Up-to-date symlink: /home/maxim/super_ws/install/px4_msgs/include/px4_msgs/px4_msgs/msg/detail/wheel_encoders__rosidl_typesupport_fastrtps_c.h\n'}
[2.200895] (px4_msgs) StdoutLine: {'line': b'-- Up-to-date symlink: /home/maxim/super_ws/install/px4_msgs/include/px4_msgs/px4_msgs/msg/detail/wind__rosidl_typesupport_fastrtps_c.h\n'}
[2.201007] (px4_msgs) StdoutLine: {'line': b'-- Up-to-date symlink: /home/maxim/super_ws/install/px4_msgs/include/px4_msgs/px4_msgs/msg/detail/yaw_estimator_status__rosidl_typesupport_fastrtps_c.h\n'}
[2.201143] (px4_msgs) StdoutLine: {'line': b'-- Up-to-date symlink: /home/maxim/super_ws/install/px4_msgs/include/px4_msgs/px4_msgs/msg/rosidl_typesupport_fastrtps_c__visibility_control.h\n'}
[2.201221] (px4_msgs) StdoutLine: {'line': b'-- Up-to-date symlink: /home/maxim/super_ws/install/px4_msgs/include/px4_msgs/px4_msgs/srv/detail/vehicle_command__rosidl_typesupport_fastrtps_c.h\n'}
[2.203130] (-) TimerEvent: {}
[2.208307] (px4_msgs) StdoutLine: {'line': b'-- Up-to-date symlink: /home/maxim/super_ws/install/px4_msgs/include/px4_msgs/px4_msgs/msg/action_request.hpp\n'}
[2.208466] (px4_msgs) StdoutLine: {'line': b'-- Up-to-date symlink: /home/maxim/super_ws/install/px4_msgs/include/px4_msgs/px4_msgs/msg/actuator_armed.hpp\n'}
[2.208613] (px4_msgs) StdoutLine: {'line': b'-- Up-to-date symlink: /home/maxim/super_ws/install/px4_msgs/include/px4_msgs/px4_msgs/msg/actuator_controls_status.hpp\n'}
[2.208708] (px4_msgs) StdoutLine: {'line': b'-- Up-to-date symlink: /home/maxim/super_ws/install/px4_msgs/include/px4_msgs/px4_msgs/msg/actuator_motors.hpp\n'}
[2.208772] (px4_msgs) StdoutLine: {'line': b'-- Up-to-date symlink: /home/maxim/super_ws/install/px4_msgs/include/px4_msgs/px4_msgs/msg/actuator_outputs.hpp\n'}
[2.208848] (px4_msgs) StdoutLine: {'line': b'-- Up-to-date symlink: /home/maxim/super_ws/install/px4_msgs/include/px4_msgs/px4_msgs/msg/actuator_servos.hpp\n'}
[2.208954] (px4_msgs) StdoutLine: {'line': b'-- Up-to-date symlink: /home/maxim/super_ws/install/px4_msgs/include/px4_msgs/px4_msgs/msg/actuator_servos_trim.hpp\n'}
[2.209202] (px4_msgs) StdoutLine: {'line': b'-- Up-to-date symlink: /home/maxim/super_ws/install/px4_msgs/include/px4_msgs/px4_msgs/msg/actuator_test.hpp\n'}
[2.209355] (px4_msgs) StdoutLine: {'line': b'-- Up-to-date symlink: /home/maxim/super_ws/install/px4_msgs/include/px4_msgs/px4_msgs/msg/adc_report.hpp\n'}
[2.209507] (px4_msgs) StdoutLine: {'line': b'-- Up-to-date symlink: /home/maxim/super_ws/install/px4_msgs/include/px4_msgs/px4_msgs/msg/airspeed.hpp\n'}
[2.209654] (px4_msgs) StdoutLine: {'line': b'-- Up-to-date symlink: /home/maxim/super_ws/install/px4_msgs/include/px4_msgs/px4_msgs/msg/airspeed_validated.hpp\n'}
[2.209797] (px4_msgs) StdoutLine: {'line': b'-- Up-to-date symlink: /home/maxim/super_ws/install/px4_msgs/include/px4_msgs/px4_msgs/msg/airspeed_wind.hpp\n'}
[2.209930] (px4_msgs) StdoutLine: {'line': b'-- Up-to-date symlink: /home/maxim/super_ws/install/px4_msgs/include/px4_msgs/px4_msgs/msg/arming_check_reply.hpp\n'}
[2.210091] (px4_msgs) StdoutLine: {'line': b'-- Up-to-date symlink: /home/maxim/super_ws/install/px4_msgs/include/px4_msgs/px4_msgs/msg/arming_check_request.hpp\n'}
[2.210199] (px4_msgs) StdoutLine: {'line': b'-- Up-to-date symlink: /home/maxim/super_ws/install/px4_msgs/include/px4_msgs/px4_msgs/msg/autotune_attitude_control_status.hpp\n'}
[2.210304] (px4_msgs) StdoutLine: {'line': b'-- Up-to-date symlink: /home/maxim/super_ws/install/px4_msgs/include/px4_msgs/px4_msgs/msg/aux_global_position.hpp\n'}
[2.210410] (px4_msgs) StdoutLine: {'line': b'-- Up-to-date symlink: /home/maxim/super_ws/install/px4_msgs/include/px4_msgs/px4_msgs/msg/battery_info.hpp\n'}
[2.210514] (px4_msgs) StdoutLine: {'line': b'-- Up-to-date symlink: /home/maxim/super_ws/install/px4_msgs/include/px4_msgs/px4_msgs/msg/battery_status.hpp\n'}
[2.210617] (px4_msgs) StdoutLine: {'line': b'-- Up-to-date symlink: /home/maxim/super_ws/install/px4_msgs/include/px4_msgs/px4_msgs/msg/button_event.hpp\n'}
[2.210722] (px4_msgs) StdoutLine: {'line': b'-- Up-to-date symlink: /home/maxim/super_ws/install/px4_msgs/include/px4_msgs/px4_msgs/msg/camera_capture.hpp\n'}
[2.210826] (px4_msgs) StdoutLine: {'line': b'-- Up-to-date symlink: /home/maxim/super_ws/install/px4_msgs/include/px4_msgs/px4_msgs/msg/camera_status.hpp\n'}
[2.210937] (px4_msgs) StdoutLine: {'line': b'-- Up-to-date symlink: /home/maxim/super_ws/install/px4_msgs/include/px4_msgs/px4_msgs/msg/camera_trigger.hpp\n'}
[2.211042] (px4_msgs) StdoutLine: {'line': b'-- Up-to-date symlink: /home/maxim/super_ws/install/px4_msgs/include/px4_msgs/px4_msgs/msg/can_interface_status.hpp\n'}
[2.211150] (px4_msgs) StdoutLine: {'line': b'-- Up-to-date symlink: /home/maxim/super_ws/install/px4_msgs/include/px4_msgs/px4_msgs/msg/cellular_status.hpp\n'}
[2.211300] (px4_msgs) StdoutLine: {'line': b'-- Up-to-date symlink: /home/maxim/super_ws/install/px4_msgs/include/px4_msgs/px4_msgs/msg/collision_constraints.hpp\n'}
[2.211407] (px4_msgs) StdoutLine: {'line': b'-- Up-to-date symlink: /home/maxim/super_ws/install/px4_msgs/include/px4_msgs/px4_msgs/msg/config_overrides.hpp\n'}
[2.211547] (px4_msgs) StdoutLine: {'line': b'-- Up-to-date symlink: /home/maxim/super_ws/install/px4_msgs/include/px4_msgs/px4_msgs/msg/control_allocator_status.hpp\n'}
[2.211657] (px4_msgs) StdoutLine: {'line': b'-- Up-to-date symlink: /home/maxim/super_ws/install/px4_msgs/include/px4_msgs/px4_msgs/msg/cpuload.hpp\n'}
[2.211734] (px4_msgs) StdoutLine: {'line': b'-- Up-to-date symlink: /home/maxim/super_ws/install/px4_msgs/include/px4_msgs/px4_msgs/msg/dataman_request.hpp\n'}
[2.211807] (px4_msgs) StdoutLine: {'line': b'-- Up-to-date symlink: /home/maxim/super_ws/install/px4_msgs/include/px4_msgs/px4_msgs/msg/dataman_response.hpp\n'}
[2.211921] (px4_msgs) StdoutLine: {'line': b'-- Up-to-date symlink: /home/maxim/super_ws/install/px4_msgs/include/px4_msgs/px4_msgs/msg/debug_array.hpp\n'}
[2.211999] (px4_msgs) StdoutLine: {'line': b'-- Up-to-date symlink: /home/maxim/super_ws/install/px4_msgs/include/px4_msgs/px4_msgs/msg/debug_key_value.hpp\n'}
[2.212145] (px4_msgs) StdoutLine: {'line': b'-- Up-to-date symlink: /home/maxim/super_ws/install/px4_msgs/include/px4_msgs/px4_msgs/msg/debug_value.hpp\n'}
[2.212284] (px4_msgs) StdoutLine: {'line': b'-- Up-to-date symlink: /home/maxim/super_ws/install/px4_msgs/include/px4_msgs/px4_msgs/msg/debug_vect.hpp\n'}
[2.212399] (px4_msgs) StdoutLine: {'line': b'-- Up-to-date symlink: /home/maxim/super_ws/install/px4_msgs/include/px4_msgs/px4_msgs/msg/detail/action_request__builder.hpp\n'}
[2.212479] (px4_msgs) StdoutLine: {'line': b'-- Up-to-date symlink: /home/maxim/super_ws/install/px4_msgs/include/px4_msgs/px4_msgs/msg/detail/action_request__struct.hpp\n'}
[2.212585] (px4_msgs) StdoutLine: {'line': b'-- Up-to-date symlink: /home/maxim/super_ws/install/px4_msgs/include/px4_msgs/px4_msgs/msg/detail/action_request__traits.hpp\n'}
[2.212696] (px4_msgs) StdoutLine: {'line': b'-- Up-to-date symlink: /home/maxim/super_ws/install/px4_msgs/include/px4_msgs/px4_msgs/msg/detail/action_request__type_support.hpp\n'}
[2.212797] (px4_msgs) StdoutLine: {'line': b'-- Up-to-date symlink: /home/maxim/super_ws/install/px4_msgs/include/px4_msgs/px4_msgs/msg/detail/actuator_armed__builder.hpp\n'}
[2.212905] (px4_msgs) StdoutLine: {'line': b'-- Up-to-date symlink: /home/maxim/super_ws/install/px4_msgs/include/px4_msgs/px4_msgs/msg/detail/actuator_armed__struct.hpp\n'}
[2.213011] (px4_msgs) StdoutLine: {'line': b'-- Up-to-date symlink: /home/maxim/super_ws/install/px4_msgs/include/px4_msgs/px4_msgs/msg/detail/actuator_armed__traits.hpp\n'}
[2.213163] (px4_msgs) StdoutLine: {'line': b'-- Up-to-date symlink: /home/maxim/super_ws/install/px4_msgs/include/px4_msgs/px4_msgs/msg/detail/actuator_armed__type_support.hpp\n'}
[2.213263] (px4_msgs) StdoutLine: {'line': b'-- Up-to-date symlink: /home/maxim/super_ws/install/px4_msgs/include/px4_msgs/px4_msgs/msg/detail/actuator_controls_status__builder.hpp\n'}
[2.213334] (px4_msgs) StdoutLine: {'line': b'-- Up-to-date symlink: /home/maxim/super_ws/install/px4_msgs/include/px4_msgs/px4_msgs/msg/detail/actuator_controls_status__struct.hpp\n'}
[2.213421] (px4_msgs) StdoutLine: {'line': b'-- Up-to-date symlink: /home/maxim/super_ws/install/px4_msgs/include/px4_msgs/px4_msgs/msg/detail/actuator_controls_status__traits.hpp\n'}
[2.213528] (px4_msgs) StdoutLine: {'line': b'-- Up-to-date symlink: /home/maxim/super_ws/install/px4_msgs/include/px4_msgs/px4_msgs/msg/detail/actuator_controls_status__type_support.hpp\n'}
[2.213664] (px4_msgs) StdoutLine: {'line': b'-- Up-to-date symlink: /home/maxim/super_ws/install/px4_msgs/include/px4_msgs/px4_msgs/msg/detail/actuator_motors__builder.hpp\n'}
[2.213822] (px4_msgs) StdoutLine: {'line': b'-- Up-to-date symlink: /home/maxim/super_ws/install/px4_msgs/include/px4_msgs/px4_msgs/msg/detail/actuator_motors__struct.hpp\n'}
[2.213928] (px4_msgs) StdoutLine: {'line': b'-- Up-to-date symlink: /home/maxim/super_ws/install/px4_msgs/include/px4_msgs/px4_msgs/msg/detail/actuator_motors__traits.hpp\n'}
[2.213999] (px4_msgs) StdoutLine: {'line': b'-- Up-to-date symlink: /home/maxim/super_ws/install/px4_msgs/include/px4_msgs/px4_msgs/msg/detail/actuator_motors__type_support.hpp\n'}
[2.214134] (px4_msgs) StdoutLine: {'line': b'-- Up-to-date symlink: /home/maxim/super_ws/install/px4_msgs/include/px4_msgs/px4_msgs/msg/detail/actuator_outputs__builder.hpp\n'}
[2.214209] (px4_msgs) StdoutLine: {'line': b'-- Up-to-date symlink: /home/maxim/super_ws/install/px4_msgs/include/px4_msgs/px4_msgs/msg/detail/actuator_outputs__struct.hpp\n'}
[2.214312] (px4_msgs) StdoutLine: {'line': b'-- Up-to-date symlink: /home/maxim/super_ws/install/px4_msgs/include/px4_msgs/px4_msgs/msg/detail/actuator_outputs__traits.hpp\n'}
[2.214423] (px4_msgs) StdoutLine: {'line': b'-- Up-to-date symlink: /home/maxim/super_ws/install/px4_msgs/include/px4_msgs/px4_msgs/msg/detail/actuator_outputs__type_support.hpp\n'}
[2.214529] (px4_msgs) StdoutLine: {'line': b'-- Up-to-date symlink: /home/maxim/super_ws/install/px4_msgs/include/px4_msgs/px4_msgs/msg/detail/actuator_servos__builder.hpp\n'}
[2.214675] (px4_msgs) StdoutLine: {'line': b'-- Up-to-date symlink: /home/maxim/super_ws/install/px4_msgs/include/px4_msgs/px4_msgs/msg/detail/actuator_servos__struct.hpp\n'}
[2.214782] (px4_msgs) StdoutLine: {'line': b'-- Up-to-date symlink: /home/maxim/super_ws/install/px4_msgs/include/px4_msgs/px4_msgs/msg/detail/actuator_servos__traits.hpp\n'}
[2.214944] (px4_msgs) StdoutLine: {'line': b'-- Up-to-date symlink: /home/maxim/super_ws/install/px4_msgs/include/px4_msgs/px4_msgs/msg/detail/actuator_servos__type_support.hpp\n'}
[2.215072] (px4_msgs) StdoutLine: {'line': b'-- Up-to-date symlink: /home/maxim/super_ws/install/px4_msgs/include/px4_msgs/px4_msgs/msg/detail/actuator_servos_trim__builder.hpp\n'}
[2.215239] (px4_msgs) StdoutLine: {'line': b'-- Up-to-date symlink: /home/maxim/super_ws/install/px4_msgs/include/px4_msgs/px4_msgs/msg/detail/actuator_servos_trim__struct.hpp\n'}
[2.215436] (px4_msgs) StdoutLine: {'line': b'-- Up-to-date symlink: /home/maxim/super_ws/install/px4_msgs/include/px4_msgs/px4_msgs/msg/detail/actuator_servos_trim__traits.hpp\n'}
[2.215541] (px4_msgs) StdoutLine: {'line': b'-- Up-to-date symlink: /home/maxim/super_ws/install/px4_msgs/include/px4_msgs/px4_msgs/msg/detail/actuator_servos_trim__type_support.hpp\n'}
[2.215690] (px4_msgs) StdoutLine: {'line': b'-- Up-to-date symlink: /home/maxim/super_ws/install/px4_msgs/include/px4_msgs/px4_msgs/msg/detail/actuator_test__builder.hpp\n'}
[2.215791] (px4_msgs) StdoutLine: {'line': b'-- Up-to-date symlink: /home/maxim/super_ws/install/px4_msgs/include/px4_msgs/px4_msgs/msg/detail/actuator_test__struct.hpp\n'}
[2.215866] (px4_msgs) StdoutLine: {'line': b'-- Up-to-date symlink: /home/maxim/super_ws/install/px4_msgs/include/px4_msgs/px4_msgs/msg/detail/actuator_test__traits.hpp\n'}
[2.215954] (px4_msgs) StdoutLine: {'line': b'-- Up-to-date symlink: /home/maxim/super_ws/install/px4_msgs/include/px4_msgs/px4_msgs/msg/detail/actuator_test__type_support.hpp\n'}
[2.216033] (px4_msgs) StdoutLine: {'line': b'-- Up-to-date symlink: /home/maxim/super_ws/install/px4_msgs/include/px4_msgs/px4_msgs/msg/detail/adc_report__builder.hpp\n'}
[2.216146] (px4_msgs) StdoutLine: {'line': b'-- Up-to-date symlink: /home/maxim/super_ws/install/px4_msgs/include/px4_msgs/px4_msgs/msg/detail/adc_report__struct.hpp\n'}
[2.216255] (px4_msgs) StdoutLine: {'line': b'-- Up-to-date symlink: /home/maxim/super_ws/install/px4_msgs/include/px4_msgs/px4_msgs/msg/detail/adc_report__traits.hpp\n'}
[2.216363] (px4_msgs) StdoutLine: {'line': b'-- Up-to-date symlink: /home/maxim/super_ws/install/px4_msgs/include/px4_msgs/px4_msgs/msg/detail/adc_report__type_support.hpp\n'}
[2.216471] (px4_msgs) StdoutLine: {'line': b'-- Up-to-date symlink: /home/maxim/super_ws/install/px4_msgs/include/px4_msgs/px4_msgs/msg/detail/airspeed__builder.hpp\n'}
[2.216579] (px4_msgs) StdoutLine: {'line': b'-- Up-to-date symlink: /home/maxim/super_ws/install/px4_msgs/include/px4_msgs/px4_msgs/msg/detail/airspeed__struct.hpp\n'}
[2.216687] (px4_msgs) StdoutLine: {'line': b'-- Up-to-date symlink: /home/maxim/super_ws/install/px4_msgs/include/px4_msgs/px4_msgs/msg/detail/airspeed__traits.hpp\n'}
[2.216796] (px4_msgs) StdoutLine: {'line': b'-- Up-to-date symlink: /home/maxim/super_ws/install/px4_msgs/include/px4_msgs/px4_msgs/msg/detail/airspeed__type_support.hpp\n'}
[2.216903] (px4_msgs) StdoutLine: {'line': b'-- Up-to-date symlink: /home/maxim/super_ws/install/px4_msgs/include/px4_msgs/px4_msgs/msg/detail/airspeed_validated__builder.hpp\n'}
[2.217011] (px4_msgs) StdoutLine: {'line': b'-- Up-to-date symlink: /home/maxim/super_ws/install/px4_msgs/include/px4_msgs/px4_msgs/msg/detail/airspeed_validated__struct.hpp\n'}
[2.217121] (px4_msgs) StdoutLine: {'line': b'-- Up-to-date symlink: /home/maxim/super_ws/install/px4_msgs/include/px4_msgs/px4_msgs/msg/detail/airspeed_validated__traits.hpp\n'}
[2.217227] (px4_msgs) StdoutLine: {'line': b'-- Up-to-date symlink: /home/maxim/super_ws/install/px4_msgs/include/px4_msgs/px4_msgs/msg/detail/airspeed_validated__type_support.hpp\n'}
[2.217337] (px4_msgs) StdoutLine: {'line': b'-- Up-to-date symlink: /home/maxim/super_ws/install/px4_msgs/include/px4_msgs/px4_msgs/msg/detail/airspeed_wind__builder.hpp\n'}
[2.217443] (px4_msgs) StdoutLine: {'line': b'-- Up-to-date symlink: /home/maxim/super_ws/install/px4_msgs/include/px4_msgs/px4_msgs/msg/detail/airspeed_wind__struct.hpp\n'}
[2.217550] (px4_msgs) StdoutLine: {'line': b'-- Up-to-date symlink: /home/maxim/super_ws/install/px4_msgs/include/px4_msgs/px4_msgs/msg/detail/airspeed_wind__traits.hpp\n'}
[2.217659] (px4_msgs) StdoutLine: {'line': b'-- Up-to-date symlink: /home/maxim/super_ws/install/px4_msgs/include/px4_msgs/px4_msgs/msg/detail/airspeed_wind__type_support.hpp\n'}
[2.217767] (px4_msgs) StdoutLine: {'line': b'-- Up-to-date symlink: /home/maxim/super_ws/install/px4_msgs/include/px4_msgs/px4_msgs/msg/detail/arming_check_reply__builder.hpp\n'}
[2.217872] (px4_msgs) StdoutLine: {'line': b'-- Up-to-date symlink: /home/maxim/super_ws/install/px4_msgs/include/px4_msgs/px4_msgs/msg/detail/arming_check_reply__struct.hpp\n'}
[2.217979] (px4_msgs) StdoutLine: {'line': b'-- Up-to-date symlink: /home/maxim/super_ws/install/px4_msgs/include/px4_msgs/px4_msgs/msg/detail/arming_check_reply__traits.hpp\n'}
[2.218090] (px4_msgs) StdoutLine: {'line': b'-- Up-to-date symlink: /home/maxim/super_ws/install/px4_msgs/include/px4_msgs/px4_msgs/msg/detail/arming_check_reply__type_support.hpp\n'}
[2.218201] (px4_msgs) StdoutLine: {'line': b'-- Up-to-date symlink: /home/maxim/super_ws/install/px4_msgs/include/px4_msgs/px4_msgs/msg/detail/arming_check_request__builder.hpp\n'}
[2.218306] (px4_msgs) StdoutLine: {'line': b'-- Up-to-date symlink: /home/maxim/super_ws/install/px4_msgs/include/px4_msgs/px4_msgs/msg/detail/arming_check_request__struct.hpp\n'}
[2.218413] (px4_msgs) StdoutLine: {'line': b'-- Up-to-date symlink: /home/maxim/super_ws/install/px4_msgs/include/px4_msgs/px4_msgs/msg/detail/arming_check_request__traits.hpp\n'}
[2.218522] (px4_msgs) StdoutLine: {'line': b'-- Up-to-date symlink: /home/maxim/super_ws/install/px4_msgs/include/px4_msgs/px4_msgs/msg/detail/arming_check_request__type_support.hpp\n'}
[2.218630] (px4_msgs) StdoutLine: {'line': b'-- Up-to-date symlink: /home/maxim/super_ws/install/px4_msgs/include/px4_msgs/px4_msgs/msg/detail/autotune_attitude_control_status__builder.hpp\n'}
[2.218737] (px4_msgs) StdoutLine: {'line': b'-- Up-to-date symlink: /home/maxim/super_ws/install/px4_msgs/include/px4_msgs/px4_msgs/msg/detail/autotune_attitude_control_status__struct.hpp\n'}
[2.218845] (px4_msgs) StdoutLine: {'line': b'-- Up-to-date symlink: /home/maxim/super_ws/install/px4_msgs/include/px4_msgs/px4_msgs/msg/detail/autotune_attitude_control_status__traits.hpp\n'}
[2.218954] (px4_msgs) StdoutLine: {'line': b'-- Up-to-date symlink: /home/maxim/super_ws/install/px4_msgs/include/px4_msgs/px4_msgs/msg/detail/autotune_attitude_control_status__type_support.hpp\n'}
[2.219070] (px4_msgs) StdoutLine: {'line': b'-- Up-to-date symlink: /home/maxim/super_ws/install/px4_msgs/include/px4_msgs/px4_msgs/msg/detail/aux_global_position__builder.hpp\n'}
[2.219181] (px4_msgs) StdoutLine: {'line': b'-- Up-to-date symlink: /home/maxim/super_ws/install/px4_msgs/include/px4_msgs/px4_msgs/msg/detail/aux_global_position__struct.hpp\n'}
[2.219290] (px4_msgs) StdoutLine: {'line': b'-- Up-to-date symlink: /home/maxim/super_ws/install/px4_msgs/include/px4_msgs/px4_msgs/msg/detail/aux_global_position__traits.hpp\n'}
[2.219398] (px4_msgs) StdoutLine: {'line': b'-- Up-to-date symlink: /home/maxim/super_ws/install/px4_msgs/include/px4_msgs/px4_msgs/msg/detail/aux_global_position__type_support.hpp\n'}
[2.219508] (px4_msgs) StdoutLine: {'line': b'-- Up-to-date symlink: /home/maxim/super_ws/install/px4_msgs/include/px4_msgs/px4_msgs/msg/detail/battery_info__builder.hpp\n'}
[2.219614] (px4_msgs) StdoutLine: {'line': b'-- Up-to-date symlink: /home/maxim/super_ws/install/px4_msgs/include/px4_msgs/px4_msgs/msg/detail/battery_info__struct.hpp\n'}
[2.219723] (px4_msgs) StdoutLine: {'line': b'-- Up-to-date symlink: /home/maxim/super_ws/install/px4_msgs/include/px4_msgs/px4_msgs/msg/detail/battery_info__traits.hpp\n'}
[2.219831] (px4_msgs) StdoutLine: {'line': b'-- Up-to-date symlink: /home/maxim/super_ws/install/px4_msgs/include/px4_msgs/px4_msgs/msg/detail/battery_info__type_support.hpp\n'}
[2.219937] (px4_msgs) StdoutLine: {'line': b'-- Up-to-date symlink: /home/maxim/super_ws/install/px4_msgs/include/px4_msgs/px4_msgs/msg/detail/battery_status__builder.hpp\n'}
[2.220049] (px4_msgs) StdoutLine: {'line': b'-- Up-to-date symlink: /home/maxim/super_ws/install/px4_msgs/include/px4_msgs/px4_msgs/msg/detail/battery_status__struct.hpp\n'}
[2.220159] (px4_msgs) StdoutLine: {'line': b'-- Up-to-date symlink: /home/maxim/super_ws/install/px4_msgs/include/px4_msgs/px4_msgs/msg/detail/battery_status__traits.hpp\n'}
[2.220267] (px4_msgs) StdoutLine: {'line': b'-- Up-to-date symlink: /home/maxim/super_ws/install/px4_msgs/include/px4_msgs/px4_msgs/msg/detail/battery_status__type_support.hpp\n'}
[2.220374] (px4_msgs) StdoutLine: {'line': b'-- Up-to-date symlink: /home/maxim/super_ws/install/px4_msgs/include/px4_msgs/px4_msgs/msg/detail/button_event__builder.hpp\n'}
[2.220481] (px4_msgs) StdoutLine: {'line': b'-- Up-to-date symlink: /home/maxim/super_ws/install/px4_msgs/include/px4_msgs/px4_msgs/msg/detail/button_event__struct.hpp\n'}
[2.220587] (px4_msgs) StdoutLine: {'line': b'-- Up-to-date symlink: /home/maxim/super_ws/install/px4_msgs/include/px4_msgs/px4_msgs/msg/detail/button_event__traits.hpp\n'}
[2.220694] (px4_msgs) StdoutLine: {'line': b'-- Up-to-date symlink: /home/maxim/super_ws/install/px4_msgs/include/px4_msgs/px4_msgs/msg/detail/button_event__type_support.hpp\n'}
[2.220802] (px4_msgs) StdoutLine: {'line': b'-- Up-to-date symlink: /home/maxim/super_ws/install/px4_msgs/include/px4_msgs/px4_msgs/msg/detail/camera_capture__builder.hpp\n'}
[2.220909] (px4_msgs) StdoutLine: {'line': b'-- Up-to-date symlink: /home/maxim/super_ws/install/px4_msgs/include/px4_msgs/px4_msgs/msg/detail/camera_capture__struct.hpp\n'}
[2.221016] (px4_msgs) StdoutLine: {'line': b'-- Up-to-date symlink: /home/maxim/super_ws/install/px4_msgs/include/px4_msgs/px4_msgs/msg/detail/camera_capture__traits.hpp\n'}
[2.221129] (px4_msgs) StdoutLine: {'line': b'-- Up-to-date symlink: /home/maxim/super_ws/install/px4_msgs/include/px4_msgs/px4_msgs/msg/detail/camera_capture__type_support.hpp\n'}
[2.221235] (px4_msgs) StdoutLine: {'line': b'-- Up-to-date symlink: /home/maxim/super_ws/install/px4_msgs/include/px4_msgs/px4_msgs/msg/detail/camera_status__builder.hpp\n'}
[2.221343] (px4_msgs) StdoutLine: {'line': b'-- Up-to-date symlink: /home/maxim/super_ws/install/px4_msgs/include/px4_msgs/px4_msgs/msg/detail/camera_status__struct.hpp\n'}
[2.221449] (px4_msgs) StdoutLine: {'line': b'-- Up-to-date symlink: /home/maxim/super_ws/install/px4_msgs/include/px4_msgs/px4_msgs/msg/detail/camera_status__traits.hpp\n'}
[2.221556] (px4_msgs) StdoutLine: {'line': b'-- Up-to-date symlink: /home/maxim/super_ws/install/px4_msgs/include/px4_msgs/px4_msgs/msg/detail/camera_status__type_support.hpp\n'}
[2.221723] (px4_msgs) StdoutLine: {'line': b'-- Up-to-date symlink: /home/maxim/super_ws/install/px4_msgs/include/px4_msgs/px4_msgs/msg/detail/camera_trigger__builder.hpp\n'}
[2.221887] (px4_msgs) StdoutLine: {'line': b'-- Up-to-date symlink: /home/maxim/super_ws/install/px4_msgs/include/px4_msgs/px4_msgs/msg/detail/camera_trigger__struct.hpp\n'}
[2.222053] (px4_msgs) StdoutLine: {'line': b'-- Up-to-date symlink: /home/maxim/super_ws/install/px4_msgs/include/px4_msgs/px4_msgs/msg/detail/camera_trigger__traits.hpp\n'}
[2.222253] (px4_msgs) StdoutLine: {'line': b'-- Up-to-date symlink: /home/maxim/super_ws/install/px4_msgs/include/px4_msgs/px4_msgs/msg/detail/camera_trigger__type_support.hpp\n'}
[2.222446] (px4_msgs) StdoutLine: {'line': b'-- Up-to-date symlink: /home/maxim/super_ws/install/px4_msgs/include/px4_msgs/px4_msgs/msg/detail/can_interface_status__builder.hpp\n'}
[2.222612] (px4_msgs) StdoutLine: {'line': b'-- Up-to-date symlink: /home/maxim/super_ws/install/px4_msgs/include/px4_msgs/px4_msgs/msg/detail/can_interface_status__struct.hpp\n'}
[2.222766] (px4_msgs) StdoutLine: {'line': b'-- Up-to-date symlink: /home/maxim/super_ws/install/px4_msgs/include/px4_msgs/px4_msgs/msg/detail/can_interface_status__traits.hpp\n'}
[2.222909] (px4_msgs) StdoutLine: {'line': b'-- Up-to-date symlink: /home/maxim/super_ws/install/px4_msgs/include/px4_msgs/px4_msgs/msg/detail/can_interface_status__type_support.hpp\n'}
[2.223068] (px4_msgs) StdoutLine: {'line': b'-- Up-to-date symlink: /home/maxim/super_ws/install/px4_msgs/include/px4_msgs/px4_msgs/msg/detail/cellular_status__builder.hpp\n'}
[2.223240] (px4_msgs) StdoutLine: {'line': b'-- Up-to-date symlink: /home/maxim/super_ws/install/px4_msgs/include/px4_msgs/px4_msgs/msg/detail/cellular_status__struct.hpp\n'}
[2.223411] (px4_msgs) StdoutLine: {'line': b'-- Up-to-date symlink: /home/maxim/super_ws/install/px4_msgs/include/px4_msgs/px4_msgs/msg/detail/cellular_status__traits.hpp\n'}
[2.223619] (px4_msgs) StdoutLine: {'line': b'-- Up-to-date symlink: /home/maxim/super_ws/install/px4_msgs/include/px4_msgs/px4_msgs/msg/detail/cellular_status__type_support.hpp\n'}
[2.223794] (px4_msgs) StdoutLine: {'line': b'-- Up-to-date symlink: /home/maxim/super_ws/install/px4_msgs/include/px4_msgs/px4_msgs/msg/detail/collision_constraints__builder.hpp\n'}
[2.223889] (px4_msgs) StdoutLine: {'line': b'-- Up-to-date symlink: /home/maxim/super_ws/install/px4_msgs/include/px4_msgs/px4_msgs/msg/detail/collision_constraints__struct.hpp\n'}
[2.223977] (px4_msgs) StdoutLine: {'line': b'-- Up-to-date symlink: /home/maxim/super_ws/install/px4_msgs/include/px4_msgs/px4_msgs/msg/detail/collision_constraints__traits.hpp\n'}
[2.224131] (px4_msgs) StdoutLine: {'line': b'-- Up-to-date symlink: /home/maxim/super_ws/install/px4_msgs/include/px4_msgs/px4_msgs/msg/detail/collision_constraints__type_support.hpp\n'}
[2.224226] (px4_msgs) StdoutLine: {'line': b'-- Up-to-date symlink: /home/maxim/super_ws/install/px4_msgs/include/px4_msgs/px4_msgs/msg/detail/config_overrides__builder.hpp\n'}
[2.224397] (px4_msgs) StdoutLine: {'line': b'-- Up-to-date symlink: /home/maxim/super_ws/install/px4_msgs/include/px4_msgs/px4_msgs/msg/detail/config_overrides__struct.hpp\n'}
[2.224575] (px4_msgs) StdoutLine: {'line': b'-- Up-to-date symlink: /home/maxim/super_ws/install/px4_msgs/include/px4_msgs/px4_msgs/msg/detail/config_overrides__traits.hpp\n'}
[2.224673] (px4_msgs) StdoutLine: {'line': b'-- Up-to-date symlink: /home/maxim/super_ws/install/px4_msgs/include/px4_msgs/px4_msgs/msg/detail/config_overrides__type_support.hpp\n'}
[2.224822] (px4_msgs) StdoutLine: {'line': b'-- Up-to-date symlink: /home/maxim/super_ws/install/px4_msgs/include/px4_msgs/px4_msgs/msg/detail/control_allocator_status__builder.hpp\n'}
[2.224918] (px4_msgs) StdoutLine: {'line': b'-- Up-to-date symlink: /home/maxim/super_ws/install/px4_msgs/include/px4_msgs/px4_msgs/msg/detail/control_allocator_status__struct.hpp\n'}
[2.225008] (px4_msgs) StdoutLine: {'line': b'-- Up-to-date symlink: /home/maxim/super_ws/install/px4_msgs/include/px4_msgs/px4_msgs/msg/detail/control_allocator_status__traits.hpp\n'}
[2.225129] (px4_msgs) StdoutLine: {'line': b'-- Up-to-date symlink: /home/maxim/super_ws/install/px4_msgs/include/px4_msgs/px4_msgs/msg/detail/control_allocator_status__type_support.hpp\n'}
[2.225240] (px4_msgs) StdoutLine: {'line': b'-- Up-to-date symlink: /home/maxim/super_ws/install/px4_msgs/include/px4_msgs/px4_msgs/msg/detail/cpuload__builder.hpp\n'}
[2.225349] (px4_msgs) StdoutLine: {'line': b'-- Up-to-date symlink: /home/maxim/super_ws/install/px4_msgs/include/px4_msgs/px4_msgs/msg/detail/cpuload__struct.hpp\n'}
[2.225457] (px4_msgs) StdoutLine: {'line': b'-- Up-to-date symlink: /home/maxim/super_ws/install/px4_msgs/include/px4_msgs/px4_msgs/msg/detail/cpuload__traits.hpp\n'}
[2.225568] (px4_msgs) StdoutLine: {'line': b'-- Up-to-date symlink: /home/maxim/super_ws/install/px4_msgs/include/px4_msgs/px4_msgs/msg/detail/cpuload__type_support.hpp\n'}
[2.225676] (px4_msgs) StdoutLine: {'line': b'-- Up-to-date symlink: /home/maxim/super_ws/install/px4_msgs/include/px4_msgs/px4_msgs/msg/detail/dataman_request__builder.hpp\n'}
[2.225786] (px4_msgs) StdoutLine: {'line': b'-- Up-to-date symlink: /home/maxim/super_ws/install/px4_msgs/include/px4_msgs/px4_msgs/msg/detail/dataman_request__struct.hpp\n'}
[2.225893] (px4_msgs) StdoutLine: {'line': b'-- Up-to-date symlink: /home/maxim/super_ws/install/px4_msgs/include/px4_msgs/px4_msgs/msg/detail/dataman_request__traits.hpp\n'}
[2.226002] (px4_msgs) StdoutLine: {'line': b'-- Up-to-date symlink: /home/maxim/super_ws/install/px4_msgs/include/px4_msgs/px4_msgs/msg/detail/dataman_request__type_support.hpp\n'}
[2.226176] (px4_msgs) StdoutLine: {'line': b'-- Up-to-date symlink: /home/maxim/super_ws/install/px4_msgs/include/px4_msgs/px4_msgs/msg/detail/dataman_response__builder.hpp\n'}
[2.226347] (px4_msgs) StdoutLine: {'line': b'-- Up-to-date symlink: /home/maxim/super_ws/install/px4_msgs/include/px4_msgs/px4_msgs/msg/detail/dataman_response__struct.hpp\n'}
[2.226564] (px4_msgs) StdoutLine: {'line': b'-- Up-to-date symlink: /home/maxim/super_ws/install/px4_msgs/include/px4_msgs/px4_msgs/msg/detail/dataman_response__traits.hpp\n'}
[2.226870] (px4_msgs) StdoutLine: {'line': b'-- Up-to-date symlink: /home/maxim/super_ws/install/px4_msgs/include/px4_msgs/px4_msgs/msg/detail/dataman_response__type_support.hpp\n'}
[2.227033] (px4_msgs) StdoutLine: {'line': b'-- Up-to-date symlink: /home/maxim/super_ws/install/px4_msgs/include/px4_msgs/px4_msgs/msg/detail/debug_array__builder.hpp\n'}
[2.227229] (px4_msgs) StdoutLine: {'line': b'-- Up-to-date symlink: /home/maxim/super_ws/install/px4_msgs/include/px4_msgs/px4_msgs/msg/detail/debug_array__struct.hpp\n'}
[2.227375] (px4_msgs) StdoutLine: {'line': b'-- Up-to-date symlink: /home/maxim/super_ws/install/px4_msgs/include/px4_msgs/px4_msgs/msg/detail/debug_array__traits.hpp\n'}
[2.227565] (px4_msgs) StdoutLine: {'line': b'-- Up-to-date symlink: /home/maxim/super_ws/install/px4_msgs/include/px4_msgs/px4_msgs/msg/detail/debug_array__type_support.hpp\n'}
[2.227724] (px4_msgs) StdoutLine: {'line': b'-- Up-to-date symlink: /home/maxim/super_ws/install/px4_msgs/include/px4_msgs/px4_msgs/msg/detail/debug_key_value__builder.hpp\n'}
[2.227908] (px4_msgs) StdoutLine: {'line': b'-- Up-to-date symlink: /home/maxim/super_ws/install/px4_msgs/include/px4_msgs/px4_msgs/msg/detail/debug_key_value__struct.hpp\n'}
[2.228051] (px4_msgs) StdoutLine: {'line': b'-- Up-to-date symlink: /home/maxim/super_ws/install/px4_msgs/include/px4_msgs/px4_msgs/msg/detail/debug_key_value__traits.hpp\n'}
[2.228249] (px4_msgs) StdoutLine: {'line': b'-- Up-to-date symlink: /home/maxim/super_ws/install/px4_msgs/include/px4_msgs/px4_msgs/msg/detail/debug_key_value__type_support.hpp\n'}
[2.228431] (px4_msgs) StdoutLine: {'line': b'-- Up-to-date symlink: /home/maxim/super_ws/install/px4_msgs/include/px4_msgs/px4_msgs/msg/detail/debug_value__builder.hpp\n'}
[2.228537] (px4_msgs) StdoutLine: {'line': b'-- Up-to-date symlink: /home/maxim/super_ws/install/px4_msgs/include/px4_msgs/px4_msgs/msg/detail/debug_value__struct.hpp\n'}
[2.228608] (px4_msgs) StdoutLine: {'line': b'-- Up-to-date symlink: /home/maxim/super_ws/install/px4_msgs/include/px4_msgs/px4_msgs/msg/detail/debug_value__traits.hpp\n'}
[2.228716] (px4_msgs) StdoutLine: {'line': b'-- Up-to-date symlink: /home/maxim/super_ws/install/px4_msgs/include/px4_msgs/px4_msgs/msg/detail/debug_value__type_support.hpp\n'}
[2.228824] (px4_msgs) StdoutLine: {'line': b'-- Up-to-date symlink: /home/maxim/super_ws/install/px4_msgs/include/px4_msgs/px4_msgs/msg/detail/debug_vect__builder.hpp\n'}
[2.228967] (px4_msgs) StdoutLine: {'line': b'-- Up-to-date symlink: /home/maxim/super_ws/install/px4_msgs/include/px4_msgs/px4_msgs/msg/detail/debug_vect__struct.hpp\n'}
[2.229166] (px4_msgs) StdoutLine: {'line': b'-- Up-to-date symlink: /home/maxim/super_ws/install/px4_msgs/include/px4_msgs/px4_msgs/msg/detail/debug_vect__traits.hpp\n'}
[2.229312] (px4_msgs) StdoutLine: {'line': b'-- Up-to-date symlink: /home/maxim/super_ws/install/px4_msgs/include/px4_msgs/px4_msgs/msg/detail/debug_vect__type_support.hpp\n'}
[2.229420] (px4_msgs) StdoutLine: {'line': b'-- Up-to-date symlink: /home/maxim/super_ws/install/px4_msgs/include/px4_msgs/px4_msgs/msg/detail/device_information__builder.hpp\n'}
[2.229499] (px4_msgs) StdoutLine: {'line': b'-- Up-to-date symlink: /home/maxim/super_ws/install/px4_msgs/include/px4_msgs/px4_msgs/msg/detail/device_information__struct.hpp\n'}
[2.229569] (px4_msgs) StdoutLine: {'line': b'-- Up-to-date symlink: /home/maxim/super_ws/install/px4_msgs/include/px4_msgs/px4_msgs/msg/detail/device_information__traits.hpp\n'}
[2.229644] (px4_msgs) StdoutLine: {'line': b'-- Up-to-date symlink: /home/maxim/super_ws/install/px4_msgs/include/px4_msgs/px4_msgs/msg/detail/device_information__type_support.hpp\n'}
[2.229736] (px4_msgs) StdoutLine: {'line': b'-- Up-to-date symlink: /home/maxim/super_ws/install/px4_msgs/include/px4_msgs/px4_msgs/msg/detail/differential_pressure__builder.hpp\n'}
[2.229871] (px4_msgs) StdoutLine: {'line': b'-- Up-to-date symlink: /home/maxim/super_ws/install/px4_msgs/include/px4_msgs/px4_msgs/msg/detail/differential_pressure__struct.hpp\n'}
[2.229979] (px4_msgs) StdoutLine: {'line': b'-- Up-to-date symlink: /home/maxim/super_ws/install/px4_msgs/include/px4_msgs/px4_msgs/msg/detail/differential_pressure__traits.hpp\n'}
[2.230062] (px4_msgs) StdoutLine: {'line': b'-- Up-to-date symlink: /home/maxim/super_ws/install/px4_msgs/include/px4_msgs/px4_msgs/msg/detail/differential_pressure__type_support.hpp\n'}
[2.230197] (px4_msgs) StdoutLine: {'line': b'-- Up-to-date symlink: /home/maxim/super_ws/install/px4_msgs/include/px4_msgs/px4_msgs/msg/detail/distance_sensor__builder.hpp\n'}
[2.230312] (px4_msgs) StdoutLine: {'line': b'-- Up-to-date symlink: /home/maxim/super_ws/install/px4_msgs/include/px4_msgs/px4_msgs/msg/detail/distance_sensor__struct.hpp\n'}
[2.230407] (px4_msgs) StdoutLine: {'line': b'-- Up-to-date symlink: /home/maxim/super_ws/install/px4_msgs/include/px4_msgs/px4_msgs/msg/detail/distance_sensor__traits.hpp\n'}
[2.230532] (px4_msgs) StdoutLine: {'line': b'-- Up-to-date symlink: /home/maxim/super_ws/install/px4_msgs/include/px4_msgs/px4_msgs/msg/detail/distance_sensor__type_support.hpp\n'}
[2.230713] (px4_msgs) StdoutLine: {'line': b'-- Up-to-date symlink: /home/maxim/super_ws/install/px4_msgs/include/px4_msgs/px4_msgs/msg/detail/distance_sensor_mode_change_request__builder.hpp\n'}
[2.230897] (px4_msgs) StdoutLine: {'line': b'-- Up-to-date symlink: /home/maxim/super_ws/install/px4_msgs/include/px4_msgs/px4_msgs/msg/detail/distance_sensor_mode_change_request__struct.hpp\n'}
[2.231113] (px4_msgs) StdoutLine: {'line': b'-- Up-to-date symlink: /home/maxim/super_ws/install/px4_msgs/include/px4_msgs/px4_msgs/msg/detail/distance_sensor_mode_change_request__traits.hpp\n'}
[2.231312] (px4_msgs) StdoutLine: {'line': b'-- Up-to-date symlink: /home/maxim/super_ws/install/px4_msgs/include/px4_msgs/px4_msgs/msg/detail/distance_sensor_mode_change_request__type_support.hpp\n'}
[2.231572] (px4_msgs) StdoutLine: {'line': b'-- Up-to-date symlink: /home/maxim/super_ws/install/px4_msgs/include/px4_msgs/px4_msgs/msg/detail/dronecan_node_status__builder.hpp\n'}
[2.231751] (px4_msgs) StdoutLine: {'line': b'-- Up-to-date symlink: /home/maxim/super_ws/install/px4_msgs/include/px4_msgs/px4_msgs/msg/detail/dronecan_node_status__struct.hpp\n'}
[2.231911] (px4_msgs) StdoutLine: {'line': b'-- Up-to-date symlink: /home/maxim/super_ws/install/px4_msgs/include/px4_msgs/px4_msgs/msg/detail/dronecan_node_status__traits.hpp\n'}
[2.232062] (px4_msgs) StdoutLine: {'line': b'-- Up-to-date symlink: /home/maxim/super_ws/install/px4_msgs/include/px4_msgs/px4_msgs/msg/detail/dronecan_node_status__type_support.hpp\n'}
[2.232211] (px4_msgs) StdoutLine: {'line': b'-- Up-to-date symlink: /home/maxim/super_ws/install/px4_msgs/include/px4_msgs/px4_msgs/msg/detail/ekf2_timestamps__builder.hpp\n'}
[2.232369] (px4_msgs) StdoutLine: {'line': b'-- Up-to-date symlink: /home/maxim/super_ws/install/px4_msgs/include/px4_msgs/px4_msgs/msg/detail/ekf2_timestamps__struct.hpp\n'}
[2.232466] (px4_msgs) StdoutLine: {'line': b'-- Up-to-date symlink: /home/maxim/super_ws/install/px4_msgs/include/px4_msgs/px4_msgs/msg/detail/ekf2_timestamps__traits.hpp\n'}
[2.232628] (px4_msgs) StdoutLine: {'line': b'-- Up-to-date symlink: /home/maxim/super_ws/install/px4_msgs/include/px4_msgs/px4_msgs/msg/detail/ekf2_timestamps__type_support.hpp\n'}
[2.232789] (px4_msgs) StdoutLine: {'line': b'-- Up-to-date symlink: /home/maxim/super_ws/install/px4_msgs/include/px4_msgs/px4_msgs/msg/detail/esc_eeprom_read__builder.hpp\n'}
[2.232955] (px4_msgs) StdoutLine: {'line': b'-- Up-to-date symlink: /home/maxim/super_ws/install/px4_msgs/include/px4_msgs/px4_msgs/msg/detail/esc_eeprom_read__struct.hpp\n'}
[2.233162] (px4_msgs) StdoutLine: {'line': b'-- Up-to-date symlink: /home/maxim/super_ws/install/px4_msgs/include/px4_msgs/px4_msgs/msg/detail/esc_eeprom_read__traits.hpp\n'}
[2.233296] (px4_msgs) StdoutLine: {'line': b'-- Up-to-date symlink: /home/maxim/super_ws/install/px4_msgs/include/px4_msgs/px4_msgs/msg/detail/esc_eeprom_read__type_support.hpp\n'}
[2.233460] (px4_msgs) StdoutLine: {'line': b'-- Up-to-date symlink: /home/maxim/super_ws/install/px4_msgs/include/px4_msgs/px4_msgs/msg/detail/esc_eeprom_write__builder.hpp\n'}
[2.233665] (px4_msgs) StdoutLine: {'line': b'-- Up-to-date symlink: /home/maxim/super_ws/install/px4_msgs/include/px4_msgs/px4_msgs/msg/detail/esc_eeprom_write__struct.hpp\n'}
[2.233766] (px4_msgs) StdoutLine: {'line': b'-- Up-to-date symlink: /home/maxim/super_ws/install/px4_msgs/include/px4_msgs/px4_msgs/msg/detail/esc_eeprom_write__traits.hpp\n'}
[2.233929] (px4_msgs) StdoutLine: {'line': b'-- Up-to-date symlink: /home/maxim/super_ws/install/px4_msgs/include/px4_msgs/px4_msgs/msg/detail/esc_eeprom_write__type_support.hpp\n'}
[2.234185] (px4_msgs) StdoutLine: {'line': b'-- Up-to-date symlink: /home/maxim/super_ws/install/px4_msgs/include/px4_msgs/px4_msgs/msg/detail/esc_report__builder.hpp\n'}
[2.234293] (px4_msgs) StdoutLine: {'line': b'-- Up-to-date symlink: /home/maxim/super_ws/install/px4_msgs/include/px4_msgs/px4_msgs/msg/detail/esc_report__struct.hpp\n'}
[2.234375] (px4_msgs) StdoutLine: {'line': b'-- Up-to-date symlink: /home/maxim/super_ws/install/px4_msgs/include/px4_msgs/px4_msgs/msg/detail/esc_report__traits.hpp\n'}
[2.234463] (px4_msgs) StdoutLine: {'line': b'-- Up-to-date symlink: /home/maxim/super_ws/install/px4_msgs/include/px4_msgs/px4_msgs/msg/detail/esc_report__type_support.hpp\n'}
[2.234596] (px4_msgs) StdoutLine: {'line': b'-- Up-to-date symlink: /home/maxim/super_ws/install/px4_msgs/include/px4_msgs/px4_msgs/msg/detail/esc_status__builder.hpp\n'}
[2.234700] (px4_msgs) StdoutLine: {'line': b'-- Up-to-date symlink: /home/maxim/super_ws/install/px4_msgs/include/px4_msgs/px4_msgs/msg/detail/esc_status__struct.hpp\n'}
[2.234806] (px4_msgs) StdoutLine: {'line': b'-- Up-to-date symlink: /home/maxim/super_ws/install/px4_msgs/include/px4_msgs/px4_msgs/msg/detail/esc_status__traits.hpp\n'}
[2.234886] (px4_msgs) StdoutLine: {'line': b'-- Up-to-date symlink: /home/maxim/super_ws/install/px4_msgs/include/px4_msgs/px4_msgs/msg/detail/esc_status__type_support.hpp\n'}
[2.234995] (px4_msgs) StdoutLine: {'line': b'-- Up-to-date symlink: /home/maxim/super_ws/install/px4_msgs/include/px4_msgs/px4_msgs/msg/detail/estimator_aid_source1d__builder.hpp\n'}
[2.235111] (px4_msgs) StdoutLine: {'line': b'-- Up-to-date symlink: /home/maxim/super_ws/install/px4_msgs/include/px4_msgs/px4_msgs/msg/detail/estimator_aid_source1d__struct.hpp\n'}
[2.235218] (px4_msgs) StdoutLine: {'line': b'-- Up-to-date symlink: /home/maxim/super_ws/install/px4_msgs/include/px4_msgs/px4_msgs/msg/detail/estimator_aid_source1d__traits.hpp\n'}
[2.235326] (px4_msgs) StdoutLine: {'line': b'-- Up-to-date symlink: /home/maxim/super_ws/install/px4_msgs/include/px4_msgs/px4_msgs/msg/detail/estimator_aid_source1d__type_support.hpp\n'}
[2.235434] (px4_msgs) StdoutLine: {'line': b'-- Up-to-date symlink: /home/maxim/super_ws/install/px4_msgs/include/px4_msgs/px4_msgs/msg/detail/estimator_aid_source2d__builder.hpp\n'}
[2.235540] (px4_msgs) StdoutLine: {'line': b'-- Up-to-date symlink: /home/maxim/super_ws/install/px4_msgs/include/px4_msgs/px4_msgs/msg/detail/estimator_aid_source2d__struct.hpp\n'}
[2.235647] (px4_msgs) StdoutLine: {'line': b'-- Up-to-date symlink: /home/maxim/super_ws/install/px4_msgs/include/px4_msgs/px4_msgs/msg/detail/estimator_aid_source2d__traits.hpp\n'}
[2.235755] (px4_msgs) StdoutLine: {'line': b'-- Up-to-date symlink: /home/maxim/super_ws/install/px4_msgs/include/px4_msgs/px4_msgs/msg/detail/estimator_aid_source2d__type_support.hpp\n'}
[2.235926] (px4_msgs) StdoutLine: {'line': b'-- Up-to-date symlink: /home/maxim/super_ws/install/px4_msgs/include/px4_msgs/px4_msgs/msg/detail/estimator_aid_source3d__builder.hpp\n'}
[2.236100] (px4_msgs) StdoutLine: {'line': b'-- Up-to-date symlink: /home/maxim/super_ws/install/px4_msgs/include/px4_msgs/px4_msgs/msg/detail/estimator_aid_source3d__struct.hpp\n'}
[2.236297] (px4_msgs) StdoutLine: {'line': b'-- Up-to-date symlink: /home/maxim/super_ws/install/px4_msgs/include/px4_msgs/px4_msgs/msg/detail/estimator_aid_source3d__traits.hpp\n'}
[2.236547] (px4_msgs) StdoutLine: {'line': b'-- Up-to-date symlink: /home/maxim/super_ws/install/px4_msgs/include/px4_msgs/px4_msgs/msg/detail/estimator_aid_source3d__type_support.hpp\n'}
[2.236757] (px4_msgs) StdoutLine: {'line': b'-- Up-to-date symlink: /home/maxim/super_ws/install/px4_msgs/include/px4_msgs/px4_msgs/msg/detail/estimator_bias3d__builder.hpp\n'}
[2.236926] (px4_msgs) StdoutLine: {'line': b'-- Up-to-date symlink: /home/maxim/super_ws/install/px4_msgs/include/px4_msgs/px4_msgs/msg/detail/estimator_bias3d__struct.hpp\n'}
[2.237029] (px4_msgs) StdoutLine: {'line': b'-- Up-to-date symlink: /home/maxim/super_ws/install/px4_msgs/include/px4_msgs/px4_msgs/msg/detail/estimator_bias3d__traits.hpp\n'}
[2.237240] (px4_msgs) StdoutLine: {'line': b'-- Up-to-date symlink: /home/maxim/super_ws/install/px4_msgs/include/px4_msgs/px4_msgs/msg/detail/estimator_bias3d__type_support.hpp\n'}
[2.237421] (px4_msgs) StdoutLine: {'line': b'-- Up-to-date symlink: /home/maxim/super_ws/install/px4_msgs/include/px4_msgs/px4_msgs/msg/detail/estimator_bias__builder.hpp\n'}
[2.237609] (px4_msgs) StdoutLine: {'line': b'-- Up-to-date symlink: /home/maxim/super_ws/install/px4_msgs/include/px4_msgs/px4_msgs/msg/detail/estimator_bias__struct.hpp\n'}
[2.237762] (px4_msgs) StdoutLine: {'line': b'-- Up-to-date symlink: /home/maxim/super_ws/install/px4_msgs/include/px4_msgs/px4_msgs/msg/detail/estimator_bias__traits.hpp\n'}
[2.237951] (px4_msgs) StdoutLine: {'line': b'-- Up-to-date symlink: /home/maxim/super_ws/install/px4_msgs/include/px4_msgs/px4_msgs/msg/detail/estimator_bias__type_support.hpp\n'}
[2.238111] (px4_msgs) StdoutLine: {'line': b'-- Up-to-date symlink: /home/maxim/super_ws/install/px4_msgs/include/px4_msgs/px4_msgs/msg/detail/estimator_event_flags__builder.hpp\n'}
[2.238247] (px4_msgs) StdoutLine: {'line': b'-- Up-to-date symlink: /home/maxim/super_ws/install/px4_msgs/include/px4_msgs/px4_msgs/msg/detail/estimator_event_flags__struct.hpp\n'}
[2.238356] (px4_msgs) StdoutLine: {'line': b'-- Up-to-date symlink: /home/maxim/super_ws/install/px4_msgs/include/px4_msgs/px4_msgs/msg/detail/estimator_event_flags__traits.hpp\n'}
[2.238463] (px4_msgs) StdoutLine: {'line': b'-- Up-to-date symlink: /home/maxim/super_ws/install/px4_msgs/include/px4_msgs/px4_msgs/msg/detail/estimator_event_flags__type_support.hpp\n'}
[2.238546] (px4_msgs) StdoutLine: {'line': b'-- Up-to-date symlink: /home/maxim/super_ws/install/px4_msgs/include/px4_msgs/px4_msgs/msg/detail/estimator_fusion_control__builder.hpp\n'}
[2.238688] (px4_msgs) StdoutLine: {'line': b'-- Up-to-date symlink: /home/maxim/super_ws/install/px4_msgs/include/px4_msgs/px4_msgs/msg/detail/estimator_fusion_control__struct.hpp\n'}
[2.238829] (px4_msgs) StdoutLine: {'line': b'-- Up-to-date symlink: /home/maxim/super_ws/install/px4_msgs/include/px4_msgs/px4_msgs/msg/detail/estimator_fusion_control__traits.hpp\n'}
[2.238965] (px4_msgs) StdoutLine: {'line': b'-- Up-to-date symlink: /home/maxim/super_ws/install/px4_msgs/include/px4_msgs/px4_msgs/msg/detail/estimator_fusion_control__type_support.hpp\n'}
[2.239045] (px4_msgs) StdoutLine: {'line': b'-- Up-to-date symlink: /home/maxim/super_ws/install/px4_msgs/include/px4_msgs/px4_msgs/msg/detail/estimator_gps_status__builder.hpp\n'}
[2.239189] (px4_msgs) StdoutLine: {'line': b'-- Up-to-date symlink: /home/maxim/super_ws/install/px4_msgs/include/px4_msgs/px4_msgs/msg/detail/estimator_gps_status__struct.hpp\n'}
[2.239292] (px4_msgs) StdoutLine: {'line': b'-- Up-to-date symlink: /home/maxim/super_ws/install/px4_msgs/include/px4_msgs/px4_msgs/msg/detail/estimator_gps_status__traits.hpp\n'}
[2.239400] (px4_msgs) StdoutLine: {'line': b'-- Up-to-date symlink: /home/maxim/super_ws/install/px4_msgs/include/px4_msgs/px4_msgs/msg/detail/estimator_gps_status__type_support.hpp\n'}
[2.239505] (px4_msgs) StdoutLine: {'line': b'-- Up-to-date symlink: /home/maxim/super_ws/install/px4_msgs/include/px4_msgs/px4_msgs/msg/detail/estimator_innovations__builder.hpp\n'}
[2.239584] (px4_msgs) StdoutLine: {'line': b'-- Up-to-date symlink: /home/maxim/super_ws/install/px4_msgs/include/px4_msgs/px4_msgs/msg/detail/estimator_innovations__struct.hpp\n'}
[2.239690] (px4_msgs) StdoutLine: {'line': b'-- Up-to-date symlink: /home/maxim/super_ws/install/px4_msgs/include/px4_msgs/px4_msgs/msg/detail/estimator_innovations__traits.hpp\n'}
[2.239797] (px4_msgs) StdoutLine: {'line': b'-- Up-to-date symlink: /home/maxim/super_ws/install/px4_msgs/include/px4_msgs/px4_msgs/msg/detail/estimator_innovations__type_support.hpp\n'}
[2.239902] (px4_msgs) StdoutLine: {'line': b'-- Up-to-date symlink: /home/maxim/super_ws/install/px4_msgs/include/px4_msgs/px4_msgs/msg/detail/estimator_selector_status__builder.hpp\n'}
[2.240009] (px4_msgs) StdoutLine: {'line': b'-- Up-to-date symlink: /home/maxim/super_ws/install/px4_msgs/include/px4_msgs/px4_msgs/msg/detail/estimator_selector_status__struct.hpp\n'}
[2.240127] (px4_msgs) StdoutLine: {'line': b'-- Up-to-date symlink: /home/maxim/super_ws/install/px4_msgs/include/px4_msgs/px4_msgs/msg/detail/estimator_selector_status__traits.hpp\n'}
[2.240234] (px4_msgs) StdoutLine: {'line': b'-- Up-to-date symlink: /home/maxim/super_ws/install/px4_msgs/include/px4_msgs/px4_msgs/msg/detail/estimator_selector_status__type_support.hpp\n'}
[2.240407] (px4_msgs) StdoutLine: {'line': b'-- Up-to-date symlink: /home/maxim/super_ws/install/px4_msgs/include/px4_msgs/px4_msgs/msg/detail/estimator_sensor_bias__builder.hpp\n'}
[2.240575] (px4_msgs) StdoutLine: {'line': b'-- Up-to-date symlink: /home/maxim/super_ws/install/px4_msgs/include/px4_msgs/px4_msgs/msg/detail/estimator_sensor_bias__struct.hpp\n'}
[2.240776] (px4_msgs) StdoutLine: {'line': b'-- Up-to-date symlink: /home/maxim/super_ws/install/px4_msgs/include/px4_msgs/px4_msgs/msg/detail/estimator_sensor_bias__traits.hpp\n'}
[2.240970] (px4_msgs) StdoutLine: {'line': b'-- Up-to-date symlink: /home/maxim/super_ws/install/px4_msgs/include/px4_msgs/px4_msgs/msg/detail/estimator_sensor_bias__type_support.hpp\n'}
[2.241142] (px4_msgs) StdoutLine: {'line': b'-- Up-to-date symlink: /home/maxim/super_ws/install/px4_msgs/include/px4_msgs/px4_msgs/msg/detail/estimator_states__builder.hpp\n'}
[2.241335] (px4_msgs) StdoutLine: {'line': b'-- Up-to-date symlink: /home/maxim/super_ws/install/px4_msgs/include/px4_msgs/px4_msgs/msg/detail/estimator_states__struct.hpp\n'}
[2.241546] (px4_msgs) StdoutLine: {'line': b'-- Up-to-date symlink: /home/maxim/super_ws/install/px4_msgs/include/px4_msgs/px4_msgs/msg/detail/estimator_states__traits.hpp\n'}
[2.241699] (px4_msgs) StdoutLine: {'line': b'-- Up-to-date symlink: /home/maxim/super_ws/install/px4_msgs/include/px4_msgs/px4_msgs/msg/detail/estimator_states__type_support.hpp\n'}
[2.241851] (px4_msgs) StdoutLine: {'line': b'-- Up-to-date symlink: /home/maxim/super_ws/install/px4_msgs/include/px4_msgs/px4_msgs/msg/detail/estimator_status__builder.hpp\n'}
[2.241987] (px4_msgs) StdoutLine: {'line': b'-- Up-to-date symlink: /home/maxim/super_ws/install/px4_msgs/include/px4_msgs/px4_msgs/msg/detail/estimator_status__struct.hpp\n'}
[2.242127] (px4_msgs) StdoutLine: {'line': b'-- Up-to-date symlink: /home/maxim/super_ws/install/px4_msgs/include/px4_msgs/px4_msgs/msg/detail/estimator_status__traits.hpp\n'}
[2.242305] (px4_msgs) StdoutLine: {'line': b'-- Up-to-date symlink: /home/maxim/super_ws/install/px4_msgs/include/px4_msgs/px4_msgs/msg/detail/estimator_status__type_support.hpp\n'}
[2.242451] (px4_msgs) StdoutLine: {'line': b'-- Up-to-date symlink: /home/maxim/super_ws/install/px4_msgs/include/px4_msgs/px4_msgs/msg/detail/estimator_status_flags__builder.hpp\n'}
[2.242525] (px4_msgs) StdoutLine: {'line': b'-- Up-to-date symlink: /home/maxim/super_ws/install/px4_msgs/include/px4_msgs/px4_msgs/msg/detail/estimator_status_flags__struct.hpp\n'}
[2.242632] (px4_msgs) StdoutLine: {'line': b'-- Up-to-date symlink: /home/maxim/super_ws/install/px4_msgs/include/px4_msgs/px4_msgs/msg/detail/estimator_status_flags__traits.hpp\n'}
[2.242739] (px4_msgs) StdoutLine: {'line': b'-- Up-to-date symlink: /home/maxim/super_ws/install/px4_msgs/include/px4_msgs/px4_msgs/msg/detail/estimator_status_flags__type_support.hpp\n'}
[2.242823] (px4_msgs) StdoutLine: {'line': b'-- Up-to-date symlink: /home/maxim/super_ws/install/px4_msgs/include/px4_msgs/px4_msgs/msg/detail/event__builder.hpp\n'}
[2.242997] (px4_msgs) StdoutLine: {'line': b'-- Up-to-date symlink: /home/maxim/super_ws/install/px4_msgs/include/px4_msgs/px4_msgs/msg/detail/event__struct.hpp\n'}
[2.243115] (px4_msgs) StdoutLine: {'line': b'-- Up-to-date symlink: /home/maxim/super_ws/install/px4_msgs/include/px4_msgs/px4_msgs/msg/detail/event__traits.hpp\n'}
[2.243221] (px4_msgs) StdoutLine: {'line': b'-- Up-to-date symlink: /home/maxim/super_ws/install/px4_msgs/include/px4_msgs/px4_msgs/msg/detail/event__type_support.hpp\n'}
[2.243369] (px4_msgs) StdoutLine: {'line': b'-- Up-to-date symlink: /home/maxim/super_ws/install/px4_msgs/include/px4_msgs/px4_msgs/msg/detail/failsafe_flags__builder.hpp\n'}
[2.243507] (px4_msgs) StdoutLine: {'line': b'-- Up-to-date symlink: /home/maxim/super_ws/install/px4_msgs/include/px4_msgs/px4_msgs/msg/detail/failsafe_flags__struct.hpp\n'}
[2.243584] (px4_msgs) StdoutLine: {'line': b'-- Up-to-date symlink: /home/maxim/super_ws/install/px4_msgs/include/px4_msgs/px4_msgs/msg/detail/failsafe_flags__traits.hpp\n'}
[2.243719] (px4_msgs) StdoutLine: {'line': b'-- Up-to-date symlink: /home/maxim/super_ws/install/px4_msgs/include/px4_msgs/px4_msgs/msg/detail/failsafe_flags__type_support.hpp\n'}
[2.243795] (px4_msgs) StdoutLine: {'line': b'-- Up-to-date symlink: /home/maxim/super_ws/install/px4_msgs/include/px4_msgs/px4_msgs/msg/detail/failure_detector_status__builder.hpp\n'}
[2.243877] (px4_msgs) StdoutLine: {'line': b'-- Up-to-date symlink: /home/maxim/super_ws/install/px4_msgs/include/px4_msgs/px4_msgs/msg/detail/failure_detector_status__struct.hpp\n'}
[2.243984] (px4_msgs) StdoutLine: {'line': b'-- Up-to-date symlink: /home/maxim/super_ws/install/px4_msgs/include/px4_msgs/px4_msgs/msg/detail/failure_detector_status__traits.hpp\n'}
[2.244137] (px4_msgs) StdoutLine: {'line': b'-- Up-to-date symlink: /home/maxim/super_ws/install/px4_msgs/include/px4_msgs/px4_msgs/msg/detail/failure_detector_status__type_support.hpp\n'}
[2.244275] (px4_msgs) StdoutLine: {'line': b'-- Up-to-date symlink: /home/maxim/super_ws/install/px4_msgs/include/px4_msgs/px4_msgs/msg/detail/fiducial_marker_pos_report__builder.hpp\n'}
[2.244444] (px4_msgs) StdoutLine: {'line': b'-- Up-to-date symlink: /home/maxim/super_ws/install/px4_msgs/include/px4_msgs/px4_msgs/msg/detail/fiducial_marker_pos_report__struct.hpp\n'}
[2.244557] (px4_msgs) StdoutLine: {'line': b'-- Up-to-date symlink: /home/maxim/super_ws/install/px4_msgs/include/px4_msgs/px4_msgs/msg/detail/fiducial_marker_pos_report__traits.hpp\n'}
[2.244659] (px4_msgs) StdoutLine: {'line': b'-- Up-to-date symlink: /home/maxim/super_ws/install/px4_msgs/include/px4_msgs/px4_msgs/msg/detail/fiducial_marker_pos_report__type_support.hpp\n'}
[2.244769] (px4_msgs) StdoutLine: {'line': b'-- Up-to-date symlink: /home/maxim/super_ws/install/px4_msgs/include/px4_msgs/px4_msgs/msg/detail/fiducial_marker_yaw_report__builder.hpp\n'}
[2.244881] (px4_msgs) StdoutLine: {'line': b'-- Up-to-date symlink: /home/maxim/super_ws/install/px4_msgs/include/px4_msgs/px4_msgs/msg/detail/fiducial_marker_yaw_report__struct.hpp\n'}
[2.244956] (px4_msgs) StdoutLine: {'line': b'-- Up-to-date symlink: /home/maxim/super_ws/install/px4_msgs/include/px4_msgs/px4_msgs/msg/detail/fiducial_marker_yaw_report__traits.hpp\n'}
[2.245032] (px4_msgs) StdoutLine: {'line': b'-- Up-to-date symlink: /home/maxim/super_ws/install/px4_msgs/include/px4_msgs/px4_msgs/msg/detail/fiducial_marker_yaw_report__type_support.hpp\n'}
[2.245186] (px4_msgs) StdoutLine: {'line': b'-- Up-to-date symlink: /home/maxim/super_ws/install/px4_msgs/include/px4_msgs/px4_msgs/msg/detail/figure_eight_status__builder.hpp\n'}
[2.245287] (px4_msgs) StdoutLine: {'line': b'-- Up-to-date symlink: /home/maxim/super_ws/install/px4_msgs/include/px4_msgs/px4_msgs/msg/detail/figure_eight_status__struct.hpp\n'}
[2.245404] (px4_msgs) StdoutLine: {'line': b'-- Up-to-date symlink: /home/maxim/super_ws/install/px4_msgs/include/px4_msgs/px4_msgs/msg/detail/figure_eight_status__traits.hpp\n'}
[2.245502] (px4_msgs) StdoutLine: {'line': b'-- Up-to-date symlink: /home/maxim/super_ws/install/px4_msgs/include/px4_msgs/px4_msgs/msg/detail/figure_eight_status__type_support.hpp\n'}
[2.245620] (px4_msgs) StdoutLine: {'line': b'-- Up-to-date symlink: /home/maxim/super_ws/install/px4_msgs/include/px4_msgs/px4_msgs/msg/detail/fixed_wing_lateral_guidance_status__builder.hpp\n'}
[2.245754] (px4_msgs) StdoutLine: {'line': b'-- Up-to-date symlink: /home/maxim/super_ws/install/px4_msgs/include/px4_msgs/px4_msgs/msg/detail/fixed_wing_lateral_guidance_status__struct.hpp\n'}
[2.245872] (px4_msgs) StdoutLine: {'line': b'-- Up-to-date symlink: /home/maxim/super_ws/install/px4_msgs/include/px4_msgs/px4_msgs/msg/detail/fixed_wing_lateral_guidance_status__traits.hpp\n'}
[2.245951] (px4_msgs) StdoutLine: {'line': b'-- Up-to-date symlink: /home/maxim/super_ws/install/px4_msgs/include/px4_msgs/px4_msgs/msg/detail/fixed_wing_lateral_guidance_status__type_support.hpp\n'}
[2.246067] (px4_msgs) StdoutLine: {'line': b'-- Up-to-date symlink: /home/maxim/super_ws/install/px4_msgs/include/px4_msgs/px4_msgs/msg/detail/fixed_wing_lateral_setpoint__builder.hpp\n'}
[2.246204] (px4_msgs) StdoutLine: {'line': b'-- Up-to-date symlink: /home/maxim/super_ws/install/px4_msgs/include/px4_msgs/px4_msgs/msg/detail/fixed_wing_lateral_setpoint__struct.hpp\n'}
[2.246315] (px4_msgs) StdoutLine: {'line': b'-- Up-to-date symlink: /home/maxim/super_ws/install/px4_msgs/include/px4_msgs/px4_msgs/msg/detail/fixed_wing_lateral_setpoint__traits.hpp\n'}
[2.246425] (px4_msgs) StdoutLine: {'line': b'-- Up-to-date symlink: /home/maxim/super_ws/install/px4_msgs/include/px4_msgs/px4_msgs/msg/detail/fixed_wing_lateral_setpoint__type_support.hpp\n'}
[2.246535] (px4_msgs) StdoutLine: {'line': b'-- Up-to-date symlink: /home/maxim/super_ws/install/px4_msgs/include/px4_msgs/px4_msgs/msg/detail/fixed_wing_lateral_status__builder.hpp\n'}
[2.246644] (px4_msgs) StdoutLine: {'line': b'-- Up-to-date symlink: /home/maxim/super_ws/install/px4_msgs/include/px4_msgs/px4_msgs/msg/detail/fixed_wing_lateral_status__struct.hpp\n'}
[2.246753] (px4_msgs) StdoutLine: {'line': b'-- Up-to-date symlink: /home/maxim/super_ws/install/px4_msgs/include/px4_msgs/px4_msgs/msg/detail/fixed_wing_lateral_status__traits.hpp\n'}
[2.246833] (px4_msgs) StdoutLine: {'line': b'-- Up-to-date symlink: /home/maxim/super_ws/install/px4_msgs/include/px4_msgs/px4_msgs/msg/detail/fixed_wing_lateral_status__type_support.hpp\n'}
[2.246942] (px4_msgs) StdoutLine: {'line': b'-- Up-to-date symlink: /home/maxim/super_ws/install/px4_msgs/include/px4_msgs/px4_msgs/msg/detail/fixed_wing_longitudinal_setpoint__builder.hpp\n'}
[2.247053] (px4_msgs) StdoutLine: {'line': b'-- Up-to-date symlink: /home/maxim/super_ws/install/px4_msgs/include/px4_msgs/px4_msgs/msg/detail/fixed_wing_longitudinal_setpoint__struct.hpp\n'}
[2.247276] (px4_msgs) StdoutLine: {'line': b'-- Up-to-date symlink: /home/maxim/super_ws/install/px4_msgs/include/px4_msgs/px4_msgs/msg/detail/fixed_wing_longitudinal_setpoint__traits.hpp\n'}
[2.247336] (px4_msgs) StdoutLine: {'line': b'-- Up-to-date symlink: /home/maxim/super_ws/install/px4_msgs/include/px4_msgs/px4_msgs/msg/detail/fixed_wing_longitudinal_setpoint__type_support.hpp\n'}
[2.247412] (px4_msgs) StdoutLine: {'line': b'-- Up-to-date symlink: /home/maxim/super_ws/install/px4_msgs/include/px4_msgs/px4_msgs/msg/detail/fixed_wing_runway_control__builder.hpp\n'}
[2.247495] (px4_msgs) StdoutLine: {'line': b'-- Up-to-date symlink: /home/maxim/super_ws/install/px4_msgs/include/px4_msgs/px4_msgs/msg/detail/fixed_wing_runway_control__struct.hpp\n'}
[2.247602] (px4_msgs) StdoutLine: {'line': b'-- Up-to-date symlink: /home/maxim/super_ws/install/px4_msgs/include/px4_msgs/px4_msgs/msg/detail/fixed_wing_runway_control__traits.hpp\n'}
[2.247711] (px4_msgs) StdoutLine: {'line': b'-- Up-to-date symlink: /home/maxim/super_ws/install/px4_msgs/include/px4_msgs/px4_msgs/msg/detail/fixed_wing_runway_control__type_support.hpp\n'}
[2.247819] (px4_msgs) StdoutLine: {'line': b'-- Up-to-date symlink: /home/maxim/super_ws/install/px4_msgs/include/px4_msgs/px4_msgs/msg/detail/flight_phase_estimation__builder.hpp\n'}
[2.247927] (px4_msgs) StdoutLine: {'line': b'-- Up-to-date symlink: /home/maxim/super_ws/install/px4_msgs/include/px4_msgs/px4_msgs/msg/detail/flight_phase_estimation__struct.hpp\n'}
[2.248036] (px4_msgs) StdoutLine: {'line': b'-- Up-to-date symlink: /home/maxim/super_ws/install/px4_msgs/include/px4_msgs/px4_msgs/msg/detail/flight_phase_estimation__traits.hpp\n'}
[2.248151] (px4_msgs) StdoutLine: {'line': b'-- Up-to-date symlink: /home/maxim/super_ws/install/px4_msgs/include/px4_msgs/px4_msgs/msg/detail/flight_phase_estimation__type_support.hpp\n'}
[2.248259] (px4_msgs) StdoutLine: {'line': b'-- Up-to-date symlink: /home/maxim/super_ws/install/px4_msgs/include/px4_msgs/px4_msgs/msg/detail/follow_target__builder.hpp\n'}
[2.248368] (px4_msgs) StdoutLine: {'line': b'-- Up-to-date symlink: /home/maxim/super_ws/install/px4_msgs/include/px4_msgs/px4_msgs/msg/detail/follow_target__struct.hpp\n'}
[2.248477] (px4_msgs) StdoutLine: {'line': b'-- Up-to-date symlink: /home/maxim/super_ws/install/px4_msgs/include/px4_msgs/px4_msgs/msg/detail/follow_target__traits.hpp\n'}
[2.248583] (px4_msgs) StdoutLine: {'line': b'-- Up-to-date symlink: /home/maxim/super_ws/install/px4_msgs/include/px4_msgs/px4_msgs/msg/detail/follow_target__type_support.hpp\n'}
[2.248770] (px4_msgs) StdoutLine: {'line': b'-- Up-to-date symlink: /home/maxim/super_ws/install/px4_msgs/include/px4_msgs/px4_msgs/msg/detail/follow_target_estimator__builder.hpp\n'}
[2.248951] (px4_msgs) StdoutLine: {'line': b'-- Up-to-date symlink: /home/maxim/super_ws/install/px4_msgs/include/px4_msgs/px4_msgs/msg/detail/follow_target_estimator__struct.hpp\n'}
[2.249234] (px4_msgs) StdoutLine: {'line': b'-- Up-to-date symlink: /home/maxim/super_ws/install/px4_msgs/include/px4_msgs/px4_msgs/msg/detail/follow_target_estimator__traits.hpp\n'}
[2.249447] (px4_msgs) StdoutLine: {'line': b'-- Up-to-date symlink: /home/maxim/super_ws/install/px4_msgs/include/px4_msgs/px4_msgs/msg/detail/follow_target_estimator__type_support.hpp\n'}
[2.249630] (px4_msgs) StdoutLine: {'line': b'-- Up-to-date symlink: /home/maxim/super_ws/install/px4_msgs/include/px4_msgs/px4_msgs/msg/detail/follow_target_status__builder.hpp\n'}
[2.249803] (px4_msgs) StdoutLine: {'line': b'-- Up-to-date symlink: /home/maxim/super_ws/install/px4_msgs/include/px4_msgs/px4_msgs/msg/detail/follow_target_status__struct.hpp\n'}
[2.249941] (px4_msgs) StdoutLine: {'line': b'-- Up-to-date symlink: /home/maxim/super_ws/install/px4_msgs/include/px4_msgs/px4_msgs/msg/detail/follow_target_status__traits.hpp\n'}
[2.250117] (px4_msgs) StdoutLine: {'line': b'-- Up-to-date symlink: /home/maxim/super_ws/install/px4_msgs/include/px4_msgs/px4_msgs/msg/detail/follow_target_status__type_support.hpp\n'}
[2.250282] (px4_msgs) StdoutLine: {'line': b'-- Up-to-date symlink: /home/maxim/super_ws/install/px4_msgs/include/px4_msgs/px4_msgs/msg/detail/fuel_tank_status__builder.hpp\n'}
[2.250392] (px4_msgs) StdoutLine: {'line': b'-- Up-to-date symlink: /home/maxim/super_ws/install/px4_msgs/include/px4_msgs/px4_msgs/msg/detail/fuel_tank_status__struct.hpp\n'}
[2.250582] (px4_msgs) StdoutLine: {'line': b'-- Up-to-date symlink: /home/maxim/super_ws/install/px4_msgs/include/px4_msgs/px4_msgs/msg/detail/fuel_tank_status__traits.hpp\n'}
[2.250746] (px4_msgs) StdoutLine: {'line': b'-- Up-to-date symlink: /home/maxim/super_ws/install/px4_msgs/include/px4_msgs/px4_msgs/msg/detail/fuel_tank_status__type_support.hpp\n'}
[2.250962] (px4_msgs) StdoutLine: {'line': b'-- Up-to-date symlink: /home/maxim/super_ws/install/px4_msgs/include/px4_msgs/px4_msgs/msg/detail/gain_compression__builder.hpp\n'}
[2.251070] (px4_msgs) StdoutLine: {'line': b'-- Up-to-date symlink: /home/maxim/super_ws/install/px4_msgs/include/px4_msgs/px4_msgs/msg/detail/gain_compression__struct.hpp\n'}
[2.251189] (px4_msgs) StdoutLine: {'line': b'-- Up-to-date symlink: /home/maxim/super_ws/install/px4_msgs/include/px4_msgs/px4_msgs/msg/detail/gain_compression__traits.hpp\n'}
[2.251300] (px4_msgs) StdoutLine: {'line': b'-- Up-to-date symlink: /home/maxim/super_ws/install/px4_msgs/include/px4_msgs/px4_msgs/msg/detail/gain_compression__type_support.hpp\n'}
[2.251388] (px4_msgs) StdoutLine: {'line': b'-- Up-to-date symlink: /home/maxim/super_ws/install/px4_msgs/include/px4_msgs/px4_msgs/msg/detail/generator_status__builder.hpp\n'}
[2.251548] (px4_msgs) StdoutLine: {'line': b'-- Up-to-date symlink: /home/maxim/super_ws/install/px4_msgs/include/px4_msgs/px4_msgs/msg/detail/generator_status__struct.hpp\n'}
[2.251658] (px4_msgs) StdoutLine: {'line': b'-- Up-to-date symlink: /home/maxim/super_ws/install/px4_msgs/include/px4_msgs/px4_msgs/msg/detail/generator_status__traits.hpp\n'}
[2.251750] (px4_msgs) StdoutLine: {'line': b'-- Up-to-date symlink: /home/maxim/super_ws/install/px4_msgs/include/px4_msgs/px4_msgs/msg/detail/generator_status__type_support.hpp\n'}
[2.251861] (px4_msgs) StdoutLine: {'line': b'-- Up-to-date symlink: /home/maxim/super_ws/install/px4_msgs/include/px4_msgs/px4_msgs/msg/detail/geofence_result__builder.hpp\n'}
[2.251965] (px4_msgs) StdoutLine: {'line': b'-- Up-to-date symlink: /home/maxim/super_ws/install/px4_msgs/include/px4_msgs/px4_msgs/msg/detail/geofence_result__struct.hpp\n'}
[2.252055] (px4_msgs) StdoutLine: {'line': b'-- Up-to-date symlink: /home/maxim/super_ws/install/px4_msgs/include/px4_msgs/px4_msgs/msg/detail/geofence_result__traits.hpp\n'}
[2.252191] (px4_msgs) StdoutLine: {'line': b'-- Up-to-date symlink: /home/maxim/super_ws/install/px4_msgs/include/px4_msgs/px4_msgs/msg/detail/geofence_result__type_support.hpp\n'}
[2.252271] (px4_msgs) StdoutLine: {'line': b'-- Up-to-date symlink: /home/maxim/super_ws/install/px4_msgs/include/px4_msgs/px4_msgs/msg/detail/geofence_status__builder.hpp\n'}
[2.252347] (px4_msgs) StdoutLine: {'line': b'-- Up-to-date symlink: /home/maxim/super_ws/install/px4_msgs/include/px4_msgs/px4_msgs/msg/detail/geofence_status__struct.hpp\n'}
[2.252453] (px4_msgs) StdoutLine: {'line': b'-- Up-to-date symlink: /home/maxim/super_ws/install/px4_msgs/include/px4_msgs/px4_msgs/msg/detail/geofence_status__traits.hpp\n'}
[2.252560] (px4_msgs) StdoutLine: {'line': b'-- Up-to-date symlink: /home/maxim/super_ws/install/px4_msgs/include/px4_msgs/px4_msgs/msg/detail/geofence_status__type_support.hpp\n'}
[2.252699] (px4_msgs) StdoutLine: {'line': b'-- Up-to-date symlink: /home/maxim/super_ws/install/px4_msgs/include/px4_msgs/px4_msgs/msg/detail/gimbal_controls__builder.hpp\n'}
[2.252802] (px4_msgs) StdoutLine: {'line': b'-- Up-to-date symlink: /home/maxim/super_ws/install/px4_msgs/include/px4_msgs/px4_msgs/msg/detail/gimbal_controls__struct.hpp\n'}
[2.252883] (px4_msgs) StdoutLine: {'line': b'-- Up-to-date symlink: /home/maxim/super_ws/install/px4_msgs/include/px4_msgs/px4_msgs/msg/detail/gimbal_controls__traits.hpp\n'}
[2.252996] (px4_msgs) StdoutLine: {'line': b'-- Up-to-date symlink: /home/maxim/super_ws/install/px4_msgs/include/px4_msgs/px4_msgs/msg/detail/gimbal_controls__type_support.hpp\n'}
[2.253166] (px4_msgs) StdoutLine: {'line': b'-- Up-to-date symlink: /home/maxim/super_ws/install/px4_msgs/include/px4_msgs/px4_msgs/msg/detail/gimbal_device_attitude_status__builder.hpp\n'}
[2.253328] (px4_msgs) StdoutLine: {'line': b'-- Up-to-date symlink: /home/maxim/super_ws/install/px4_msgs/include/px4_msgs/px4_msgs/msg/detail/gimbal_device_attitude_status__struct.hpp\n'}
[2.253529] (px4_msgs) StdoutLine: {'line': b'-- Up-to-date symlink: /home/maxim/super_ws/install/px4_msgs/include/px4_msgs/px4_msgs/msg/detail/gimbal_device_attitude_status__traits.hpp\n'}
[2.253769] (px4_msgs) StdoutLine: {'line': b'-- Up-to-date symlink: /home/maxim/super_ws/install/px4_msgs/include/px4_msgs/px4_msgs/msg/detail/gimbal_device_attitude_status__type_support.hpp\n'}
[2.253938] (px4_msgs) StdoutLine: {'line': b'-- Up-to-date symlink: /home/maxim/super_ws/install/px4_msgs/include/px4_msgs/px4_msgs/msg/detail/gimbal_device_information__builder.hpp\n'}
[2.254158] (px4_msgs) StdoutLine: {'line': b'-- Up-to-date symlink: /home/maxim/super_ws/install/px4_msgs/include/px4_msgs/px4_msgs/msg/detail/gimbal_device_information__struct.hpp\n'}
[2.254317] (px4_msgs) StdoutLine: {'line': b'-- Up-to-date symlink: /home/maxim/super_ws/install/px4_msgs/include/px4_msgs/px4_msgs/msg/detail/gimbal_device_information__traits.hpp\n'}
[2.254486] (px4_msgs) StdoutLine: {'line': b'-- Up-to-date symlink: /home/maxim/super_ws/install/px4_msgs/include/px4_msgs/px4_msgs/msg/detail/gimbal_device_information__type_support.hpp\n'}
[2.254666] (px4_msgs) StdoutLine: {'line': b'-- Up-to-date symlink: /home/maxim/super_ws/install/px4_msgs/include/px4_msgs/px4_msgs/msg/detail/gimbal_device_set_attitude__builder.hpp\n'}
[2.254819] (px4_msgs) StdoutLine: {'line': b'-- Up-to-date symlink: /home/maxim/super_ws/install/px4_msgs/include/px4_msgs/px4_msgs/msg/detail/gimbal_device_set_attitude__struct.hpp\n'}
[2.255150] (px4_msgs) StdoutLine: {'line': b'-- Up-to-date symlink: /home/maxim/super_ws/install/px4_msgs/include/px4_msgs/px4_msgs/msg/detail/gimbal_device_set_attitude__traits.hpp\n'}
[2.255369] (px4_msgs) StdoutLine: {'line': b'-- Up-to-date symlink: /home/maxim/super_ws/install/px4_msgs/include/px4_msgs/px4_msgs/msg/detail/gimbal_device_set_attitude__type_support.hpp\n'}
[2.255630] (px4_msgs) StdoutLine: {'line': b'-- Up-to-date symlink: /home/maxim/super_ws/install/px4_msgs/include/px4_msgs/px4_msgs/msg/detail/gimbal_manager_information__builder.hpp\n'}
[2.255851] (px4_msgs) StdoutLine: {'line': b'-- Up-to-date symlink: /home/maxim/super_ws/install/px4_msgs/include/px4_msgs/px4_msgs/msg/detail/gimbal_manager_information__struct.hpp\n'}
[2.255980] (px4_msgs) StdoutLine: {'line': b'-- Up-to-date symlink: /home/maxim/super_ws/install/px4_msgs/include/px4_msgs/px4_msgs/msg/detail/gimbal_manager_information__traits.hpp\n'}
[2.256192] (px4_msgs) StdoutLine: {'line': b'-- Up-to-date symlink: /home/maxim/super_ws/install/px4_msgs/include/px4_msgs/px4_msgs/msg/detail/gimbal_manager_information__type_support.hpp\n'}
[2.256303] (px4_msgs) StdoutLine: {'line': b'-- Up-to-date symlink: /home/maxim/super_ws/install/px4_msgs/include/px4_msgs/px4_msgs/msg/detail/gimbal_manager_set_attitude__builder.hpp\n'}
[2.256388] (px4_msgs) StdoutLine: {'line': b'-- Up-to-date symlink: /home/maxim/super_ws/install/px4_msgs/include/px4_msgs/px4_msgs/msg/detail/gimbal_manager_set_attitude__struct.hpp\n'}
[2.256508] (px4_msgs) StdoutLine: {'line': b'-- Up-to-date symlink: /home/maxim/super_ws/install/px4_msgs/include/px4_msgs/px4_msgs/msg/detail/gimbal_manager_set_attitude__traits.hpp\n'}
[2.256605] (px4_msgs) StdoutLine: {'line': b'-- Up-to-date symlink: /home/maxim/super_ws/install/px4_msgs/include/px4_msgs/px4_msgs/msg/detail/gimbal_manager_set_attitude__type_support.hpp\n'}
[2.256691] (px4_msgs) StdoutLine: {'line': b'-- Up-to-date symlink: /home/maxim/super_ws/install/px4_msgs/include/px4_msgs/px4_msgs/msg/detail/gimbal_manager_set_manual_control__builder.hpp\n'}
[2.256771] (px4_msgs) StdoutLine: {'line': b'-- Up-to-date symlink: /home/maxim/super_ws/install/px4_msgs/include/px4_msgs/px4_msgs/msg/detail/gimbal_manager_set_manual_control__struct.hpp\n'}
[2.256895] (px4_msgs) StdoutLine: {'line': b'-- Up-to-date symlink: /home/maxim/super_ws/install/px4_msgs/include/px4_msgs/px4_msgs/msg/detail/gimbal_manager_set_manual_control__traits.hpp\n'}
[2.256979] (px4_msgs) StdoutLine: {'line': b'-- Up-to-date symlink: /home/maxim/super_ws/install/px4_msgs/include/px4_msgs/px4_msgs/msg/detail/gimbal_manager_set_manual_control__type_support.hpp\n'}
[2.257129] (px4_msgs) StdoutLine: {'line': b'-- Up-to-date symlink: /home/maxim/super_ws/install/px4_msgs/include/px4_msgs/px4_msgs/msg/detail/gimbal_manager_status__builder.hpp\n'}
[2.257219] (px4_msgs) StdoutLine: {'line': b'-- Up-to-date symlink: /home/maxim/super_ws/install/px4_msgs/include/px4_msgs/px4_msgs/msg/detail/gimbal_manager_status__struct.hpp\n'}
[2.257331] (px4_msgs) StdoutLine: {'line': b'-- Up-to-date symlink: /home/maxim/super_ws/install/px4_msgs/include/px4_msgs/px4_msgs/msg/detail/gimbal_manager_status__traits.hpp\n'}
[2.257478] (px4_msgs) StdoutLine: {'line': b'-- Up-to-date symlink: /home/maxim/super_ws/install/px4_msgs/include/px4_msgs/px4_msgs/msg/detail/gimbal_manager_status__type_support.hpp\n'}
[2.257557] (px4_msgs) StdoutLine: {'line': b'-- Up-to-date symlink: /home/maxim/super_ws/install/px4_msgs/include/px4_msgs/px4_msgs/msg/detail/goto_setpoint__builder.hpp\n'}
[2.257679] (px4_msgs) StdoutLine: {'line': b'-- Up-to-date symlink: /home/maxim/super_ws/install/px4_msgs/include/px4_msgs/px4_msgs/msg/detail/goto_setpoint__struct.hpp\n'}
[2.257777] (px4_msgs) StdoutLine: {'line': b'-- Up-to-date symlink: /home/maxim/super_ws/install/px4_msgs/include/px4_msgs/px4_msgs/msg/detail/goto_setpoint__traits.hpp\n'}
[2.257902] (px4_msgs) StdoutLine: {'line': b'-- Up-to-date symlink: /home/maxim/super_ws/install/px4_msgs/include/px4_msgs/px4_msgs/msg/detail/goto_setpoint__type_support.hpp\n'}
[2.258001] (px4_msgs) StdoutLine: {'line': b'-- Up-to-date symlink: /home/maxim/super_ws/install/px4_msgs/include/px4_msgs/px4_msgs/msg/detail/gpio_config__builder.hpp\n'}
[2.258151] (px4_msgs) StdoutLine: {'line': b'-- Up-to-date symlink: /home/maxim/super_ws/install/px4_msgs/include/px4_msgs/px4_msgs/msg/detail/gpio_config__struct.hpp\n'}
[2.258259] (px4_msgs) StdoutLine: {'line': b'-- Up-to-date symlink: /home/maxim/super_ws/install/px4_msgs/include/px4_msgs/px4_msgs/msg/detail/gpio_config__traits.hpp\n'}
[2.258387] (px4_msgs) StdoutLine: {'line': b'-- Up-to-date symlink: /home/maxim/super_ws/install/px4_msgs/include/px4_msgs/px4_msgs/msg/detail/gpio_config__type_support.hpp\n'}
[2.258487] (px4_msgs) StdoutLine: {'line': b'-- Up-to-date symlink: /home/maxim/super_ws/install/px4_msgs/include/px4_msgs/px4_msgs/msg/detail/gpio_in__builder.hpp\n'}
[2.258570] (px4_msgs) StdoutLine: {'line': b'-- Up-to-date symlink: /home/maxim/super_ws/install/px4_msgs/include/px4_msgs/px4_msgs/msg/detail/gpio_in__struct.hpp\n'}
[2.258650] (px4_msgs) StdoutLine: {'line': b'-- Up-to-date symlink: /home/maxim/super_ws/install/px4_msgs/include/px4_msgs/px4_msgs/msg/detail/gpio_in__traits.hpp\n'}
[2.258732] (px4_msgs) StdoutLine: {'line': b'-- Up-to-date symlink: /home/maxim/super_ws/install/px4_msgs/include/px4_msgs/px4_msgs/msg/detail/gpio_in__type_support.hpp\n'}
[2.258841] (px4_msgs) StdoutLine: {'line': b'-- Up-to-date symlink: /home/maxim/super_ws/install/px4_msgs/include/px4_msgs/px4_msgs/msg/detail/gpio_out__builder.hpp\n'}
[2.258947] (px4_msgs) StdoutLine: {'line': b'-- Up-to-date symlink: /home/maxim/super_ws/install/px4_msgs/include/px4_msgs/px4_msgs/msg/detail/gpio_out__struct.hpp\n'}
[2.259057] (px4_msgs) StdoutLine: {'line': b'-- Up-to-date symlink: /home/maxim/super_ws/install/px4_msgs/include/px4_msgs/px4_msgs/msg/detail/gpio_out__traits.hpp\n'}
[2.259196] (px4_msgs) StdoutLine: {'line': b'-- Up-to-date symlink: /home/maxim/super_ws/install/px4_msgs/include/px4_msgs/px4_msgs/msg/detail/gpio_out__type_support.hpp\n'}
[2.259370] (px4_msgs) StdoutLine: {'line': b'-- Up-to-date symlink: /home/maxim/super_ws/install/px4_msgs/include/px4_msgs/px4_msgs/msg/detail/gpio_request__builder.hpp\n'}
[2.259488] (px4_msgs) StdoutLine: {'line': b'-- Up-to-date symlink: /home/maxim/super_ws/install/px4_msgs/include/px4_msgs/px4_msgs/msg/detail/gpio_request__struct.hpp\n'}
[2.259589] (px4_msgs) StdoutLine: {'line': b'-- Up-to-date symlink: /home/maxim/super_ws/install/px4_msgs/include/px4_msgs/px4_msgs/msg/detail/gpio_request__traits.hpp\n'}
[2.259710] (px4_msgs) StdoutLine: {'line': b'-- Up-to-date symlink: /home/maxim/super_ws/install/px4_msgs/include/px4_msgs/px4_msgs/msg/detail/gpio_request__type_support.hpp\n'}
[2.259809] (px4_msgs) StdoutLine: {'line': b'-- Up-to-date symlink: /home/maxim/super_ws/install/px4_msgs/include/px4_msgs/px4_msgs/msg/detail/gps_dump__builder.hpp\n'}
[2.259914] (px4_msgs) StdoutLine: {'line': b'-- Up-to-date symlink: /home/maxim/super_ws/install/px4_msgs/include/px4_msgs/px4_msgs/msg/detail/gps_dump__struct.hpp\n'}
[2.259990] (px4_msgs) StdoutLine: {'line': b'-- Up-to-date symlink: /home/maxim/super_ws/install/px4_msgs/include/px4_msgs/px4_msgs/msg/detail/gps_dump__traits.hpp\n'}
[2.260167] (px4_msgs) StdoutLine: {'line': b'-- Up-to-date symlink: /home/maxim/super_ws/install/px4_msgs/include/px4_msgs/px4_msgs/msg/detail/gps_dump__type_support.hpp\n'}
[2.260267] (px4_msgs) StdoutLine: {'line': b'-- Up-to-date symlink: /home/maxim/super_ws/install/px4_msgs/include/px4_msgs/px4_msgs/msg/detail/gps_inject_data__builder.hpp\n'}
[2.260345] (px4_msgs) StdoutLine: {'line': b'-- Up-to-date symlink: /home/maxim/super_ws/install/px4_msgs/include/px4_msgs/px4_msgs/msg/detail/gps_inject_data__struct.hpp\n'}
[2.260426] (px4_msgs) StdoutLine: {'line': b'-- Up-to-date symlink: /home/maxim/super_ws/install/px4_msgs/include/px4_msgs/px4_msgs/msg/detail/gps_inject_data__traits.hpp\n'}
[2.260531] (px4_msgs) StdoutLine: {'line': b'-- Up-to-date symlink: /home/maxim/super_ws/install/px4_msgs/include/px4_msgs/px4_msgs/msg/detail/gps_inject_data__type_support.hpp\n'}
[2.260639] (px4_msgs) StdoutLine: {'line': b'-- Up-to-date symlink: /home/maxim/super_ws/install/px4_msgs/include/px4_msgs/px4_msgs/msg/detail/gripper__builder.hpp\n'}
[2.260745] (px4_msgs) StdoutLine: {'line': b'-- Up-to-date symlink: /home/maxim/super_ws/install/px4_msgs/include/px4_msgs/px4_msgs/msg/detail/gripper__struct.hpp\n'}
[2.260860] (px4_msgs) StdoutLine: {'line': b'-- Up-to-date symlink: /home/maxim/super_ws/install/px4_msgs/include/px4_msgs/px4_msgs/msg/detail/gripper__traits.hpp\n'}
[2.261027] (px4_msgs) StdoutLine: {'line': b'-- Up-to-date symlink: /home/maxim/super_ws/install/px4_msgs/include/px4_msgs/px4_msgs/msg/detail/gripper__type_support.hpp\n'}
[2.261212] (px4_msgs) StdoutLine: {'line': b'-- Up-to-date symlink: /home/maxim/super_ws/install/px4_msgs/include/px4_msgs/px4_msgs/msg/detail/health_report__builder.hpp\n'}
[2.261423] (px4_msgs) StdoutLine: {'line': b'-- Up-to-date symlink: /home/maxim/super_ws/install/px4_msgs/include/px4_msgs/px4_msgs/msg/detail/health_report__struct.hpp\n'}
[2.261657] (px4_msgs) StdoutLine: {'line': b'-- Up-to-date symlink: /home/maxim/super_ws/install/px4_msgs/include/px4_msgs/px4_msgs/msg/detail/health_report__traits.hpp\n'}
[2.261870] (px4_msgs) StdoutLine: {'line': b'-- Up-to-date symlink: /home/maxim/super_ws/install/px4_msgs/include/px4_msgs/px4_msgs/msg/detail/health_report__type_support.hpp\n'}
[2.262030] (px4_msgs) StdoutLine: {'line': b'-- Up-to-date symlink: /home/maxim/super_ws/install/px4_msgs/include/px4_msgs/px4_msgs/msg/detail/heater_status__builder.hpp\n'}
[2.262253] (px4_msgs) StdoutLine: {'line': b'-- Up-to-date symlink: /home/maxim/super_ws/install/px4_msgs/include/px4_msgs/px4_msgs/msg/detail/heater_status__struct.hpp\n'}
[2.262435] (px4_msgs) StdoutLine: {'line': b'-- Up-to-date symlink: /home/maxim/super_ws/install/px4_msgs/include/px4_msgs/px4_msgs/msg/detail/heater_status__traits.hpp\n'}
[2.262582] (px4_msgs) StdoutLine: {'line': b'-- Up-to-date symlink: /home/maxim/super_ws/install/px4_msgs/include/px4_msgs/px4_msgs/msg/detail/heater_status__type_support.hpp\n'}
[2.262771] (px4_msgs) StdoutLine: {'line': b'-- Up-to-date symlink: /home/maxim/super_ws/install/px4_msgs/include/px4_msgs/px4_msgs/msg/detail/home_position__builder.hpp\n'}
[2.262908] (px4_msgs) StdoutLine: {'line': b'-- Up-to-date symlink: /home/maxim/super_ws/install/px4_msgs/include/px4_msgs/px4_msgs/msg/detail/home_position__struct.hpp\n'}
[2.263028] (px4_msgs) StdoutLine: {'line': b'-- Up-to-date symlink: /home/maxim/super_ws/install/px4_msgs/include/px4_msgs/px4_msgs/msg/detail/home_position__traits.hpp\n'}
[2.263202] (px4_msgs) StdoutLine: {'line': b'-- Up-to-date symlink: /home/maxim/super_ws/install/px4_msgs/include/px4_msgs/px4_msgs/msg/detail/home_position__type_support.hpp\n'}
[2.263349] (px4_msgs) StdoutLine: {'line': b'-- Up-to-date symlink: /home/maxim/super_ws/install/px4_msgs/include/px4_msgs/px4_msgs/msg/detail/hover_thrust_estimate__builder.hpp\n'}
[2.263496] (px4_msgs) StdoutLine: {'line': b'-- Up-to-date symlink: /home/maxim/super_ws/install/px4_msgs/include/px4_msgs/px4_msgs/msg/detail/hover_thrust_estimate__struct.hpp\n'}
[2.263656] (px4_msgs) StdoutLine: {'line': b'-- Up-to-date symlink: /home/maxim/super_ws/install/px4_msgs/include/px4_msgs/px4_msgs/msg/detail/hover_thrust_estimate__traits.hpp\n'}
[2.263945] (px4_msgs) StdoutLine: {'line': b'-- Up-to-date symlink: /home/maxim/super_ws/install/px4_msgs/include/px4_msgs/px4_msgs/msg/detail/hover_thrust_estimate__type_support.hpp\n'}
[2.264023] (px4_msgs) StdoutLine: {'line': b'-- Up-to-date symlink: /home/maxim/super_ws/install/px4_msgs/include/px4_msgs/px4_msgs/msg/detail/input_rc__builder.hpp\n'}
[2.264212] (px4_msgs) StdoutLine: {'line': b'-- Up-to-date symlink: /home/maxim/super_ws/install/px4_msgs/include/px4_msgs/px4_msgs/msg/detail/input_rc__struct.hpp\n'}
[2.264403] (px4_msgs) StdoutLine: {'line': b'-- Up-to-date symlink: /home/maxim/super_ws/install/px4_msgs/include/px4_msgs/px4_msgs/msg/detail/input_rc__traits.hpp\n'}
[2.264504] (px4_msgs) StdoutLine: {'line': b'-- Up-to-date symlink: /home/maxim/super_ws/install/px4_msgs/include/px4_msgs/px4_msgs/msg/detail/input_rc__type_support.hpp\n'}
[2.264684] (px4_msgs) StdoutLine: {'line': b'-- Up-to-date symlink: /home/maxim/super_ws/install/px4_msgs/include/px4_msgs/px4_msgs/msg/detail/internal_combustion_engine_control__builder.hpp\n'}
[2.264865] (px4_msgs) StdoutLine: {'line': b'-- Up-to-date symlink: /home/maxim/super_ws/install/px4_msgs/include/px4_msgs/px4_msgs/msg/detail/internal_combustion_engine_control__struct.hpp\n'}
[2.265053] (px4_msgs) StdoutLine: {'line': b'-- Up-to-date symlink: /home/maxim/super_ws/install/px4_msgs/include/px4_msgs/px4_msgs/msg/detail/internal_combustion_engine_control__traits.hpp\n'}
[2.265259] (px4_msgs) StdoutLine: {'line': b'-- Up-to-date symlink: /home/maxim/super_ws/install/px4_msgs/include/px4_msgs/px4_msgs/msg/detail/internal_combustion_engine_control__type_support.hpp\n'}
[2.265406] (px4_msgs) StdoutLine: {'line': b'-- Up-to-date symlink: /home/maxim/super_ws/install/px4_msgs/include/px4_msgs/px4_msgs/msg/detail/internal_combustion_engine_status__builder.hpp\n'}
[2.265614] (px4_msgs) StdoutLine: {'line': b'-- Up-to-date symlink: /home/maxim/super_ws/install/px4_msgs/include/px4_msgs/px4_msgs/msg/detail/internal_combustion_engine_status__struct.hpp\n'}
[2.265772] (px4_msgs) StdoutLine: {'line': b'-- Up-to-date symlink: /home/maxim/super_ws/install/px4_msgs/include/px4_msgs/px4_msgs/msg/detail/internal_combustion_engine_status__traits.hpp\n'}
[2.265906] (px4_msgs) StdoutLine: {'line': b'-- Up-to-date symlink: /home/maxim/super_ws/install/px4_msgs/include/px4_msgs/px4_msgs/msg/detail/internal_combustion_engine_status__type_support.hpp\n'}
[2.266144] (px4_msgs) StdoutLine: {'line': b'-- Up-to-date symlink: /home/maxim/super_ws/install/px4_msgs/include/px4_msgs/px4_msgs/msg/detail/iridiumsbd_status__builder.hpp\n'}
[2.266244] (px4_msgs) StdoutLine: {'line': b'-- Up-to-date symlink: /home/maxim/super_ws/install/px4_msgs/include/px4_msgs/px4_msgs/msg/detail/iridiumsbd_status__struct.hpp\n'}
[2.266443] (px4_msgs) StdoutLine: {'line': b'-- Up-to-date symlink: /home/maxim/super_ws/install/px4_msgs/include/px4_msgs/px4_msgs/msg/detail/iridiumsbd_status__traits.hpp\n'}
[2.266617] (px4_msgs) StdoutLine: {'line': b'-- Up-to-date symlink: /home/maxim/super_ws/install/px4_msgs/include/px4_msgs/px4_msgs/msg/detail/iridiumsbd_status__type_support.hpp\n'}
[2.266815] (px4_msgs) StdoutLine: {'line': b'-- Up-to-date symlink: /home/maxim/super_ws/install/px4_msgs/include/px4_msgs/px4_msgs/msg/detail/irlock_report__builder.hpp\n'}
[2.266948] (px4_msgs) StdoutLine: {'line': b'-- Up-to-date symlink: /home/maxim/super_ws/install/px4_msgs/include/px4_msgs/px4_msgs/msg/detail/irlock_report__struct.hpp\n'}
[2.267121] (px4_msgs) StdoutLine: {'line': b'-- Up-to-date symlink: /home/maxim/super_ws/install/px4_msgs/include/px4_msgs/px4_msgs/msg/detail/irlock_report__traits.hpp\n'}
[2.267289] (px4_msgs) StdoutLine: {'line': b'-- Up-to-date symlink: /home/maxim/super_ws/install/px4_msgs/include/px4_msgs/px4_msgs/msg/detail/irlock_report__type_support.hpp\n'}
[2.267481] (px4_msgs) StdoutLine: {'line': b'-- Up-to-date symlink: /home/maxim/super_ws/install/px4_msgs/include/px4_msgs/px4_msgs/msg/detail/landing_gear__builder.hpp\n'}
[2.267633] (px4_msgs) StdoutLine: {'line': b'-- Up-to-date symlink: /home/maxim/super_ws/install/px4_msgs/include/px4_msgs/px4_msgs/msg/detail/landing_gear__struct.hpp\n'}
[2.267845] (px4_msgs) StdoutLine: {'line': b'-- Up-to-date symlink: /home/maxim/super_ws/install/px4_msgs/include/px4_msgs/px4_msgs/msg/detail/landing_gear__traits.hpp\n'}
[2.268030] (px4_msgs) StdoutLine: {'line': b'-- Up-to-date symlink: /home/maxim/super_ws/install/px4_msgs/include/px4_msgs/px4_msgs/msg/detail/landing_gear__type_support.hpp\n'}
[2.268212] (px4_msgs) StdoutLine: {'line': b'-- Up-to-date symlink: /home/maxim/super_ws/install/px4_msgs/include/px4_msgs/px4_msgs/msg/detail/landing_gear_wheel__builder.hpp\n'}
[2.268356] (px4_msgs) StdoutLine: {'line': b'-- Up-to-date symlink: /home/maxim/super_ws/install/px4_msgs/include/px4_msgs/px4_msgs/msg/detail/landing_gear_wheel__struct.hpp\n'}
[2.268502] (px4_msgs) StdoutLine: {'line': b'-- Up-to-date symlink: /home/maxim/super_ws/install/px4_msgs/include/px4_msgs/px4_msgs/msg/detail/landing_gear_wheel__traits.hpp\n'}
[2.268601] (px4_msgs) StdoutLine: {'line': b'-- Up-to-date symlink: /home/maxim/super_ws/install/px4_msgs/include/px4_msgs/px4_msgs/msg/detail/landing_gear_wheel__type_support.hpp\n'}
[2.268747] (px4_msgs) StdoutLine: {'line': b'-- Up-to-date symlink: /home/maxim/super_ws/install/px4_msgs/include/px4_msgs/px4_msgs/msg/detail/landing_target_innovations__builder.hpp\n'}
[2.268941] (px4_msgs) StdoutLine: {'line': b'-- Up-to-date symlink: /home/maxim/super_ws/install/px4_msgs/include/px4_msgs/px4_msgs/msg/detail/landing_target_innovations__struct.hpp\n'}
[2.269060] (px4_msgs) StdoutLine: {'line': b'-- Up-to-date symlink: /home/maxim/super_ws/install/px4_msgs/include/px4_msgs/px4_msgs/msg/detail/landing_target_innovations__traits.hpp\n'}
[2.269293] (px4_msgs) StdoutLine: {'line': b'-- Up-to-date symlink: /home/maxim/super_ws/install/px4_msgs/include/px4_msgs/px4_msgs/msg/detail/landing_target_innovations__type_support.hpp\n'}
[2.269467] (px4_msgs) StdoutLine: {'line': b'-- Up-to-date symlink: /home/maxim/super_ws/install/px4_msgs/include/px4_msgs/px4_msgs/msg/detail/landing_target_pose__builder.hpp\n'}
[2.269666] (px4_msgs) StdoutLine: {'line': b'-- Up-to-date symlink: /home/maxim/super_ws/install/px4_msgs/include/px4_msgs/px4_msgs/msg/detail/landing_target_pose__struct.hpp\n'}
[2.269852] (px4_msgs) StdoutLine: {'line': b'-- Up-to-date symlink: /home/maxim/super_ws/install/px4_msgs/include/px4_msgs/px4_msgs/msg/detail/landing_target_pose__traits.hpp\n'}
[2.269961] (px4_msgs) StdoutLine: {'line': b'-- Up-to-date symlink: /home/maxim/super_ws/install/px4_msgs/include/px4_msgs/px4_msgs/msg/detail/landing_target_pose__type_support.hpp\n'}
[2.270053] (px4_msgs) StdoutLine: {'line': b'-- Up-to-date symlink: /home/maxim/super_ws/install/px4_msgs/include/px4_msgs/px4_msgs/msg/detail/lateral_control_configuration__builder.hpp\n'}
[2.270263] (px4_msgs) StdoutLine: {'line': b'-- Up-to-date symlink: /home/maxim/super_ws/install/px4_msgs/include/px4_msgs/px4_msgs/msg/detail/lateral_control_configuration__struct.hpp\n'}
[2.270407] (px4_msgs) StdoutLine: {'line': b'-- Up-to-date symlink: /home/maxim/super_ws/install/px4_msgs/include/px4_msgs/px4_msgs/msg/detail/lateral_control_configuration__traits.hpp\n'}
[2.270600] (px4_msgs) StdoutLine: {'line': b'-- Up-to-date symlink: /home/maxim/super_ws/install/px4_msgs/include/px4_msgs/px4_msgs/msg/detail/lateral_control_configuration__type_support.hpp\n'}
[2.270737] (px4_msgs) StdoutLine: {'line': b'-- Up-to-date symlink: /home/maxim/super_ws/install/px4_msgs/include/px4_msgs/px4_msgs/msg/detail/launch_detection_status__builder.hpp\n'}
[2.270909] (px4_msgs) StdoutLine: {'line': b'-- Up-to-date symlink: /home/maxim/super_ws/install/px4_msgs/include/px4_msgs/px4_msgs/msg/detail/launch_detection_status__struct.hpp\n'}
[2.271031] (px4_msgs) StdoutLine: {'line': b'-- Up-to-date symlink: /home/maxim/super_ws/install/px4_msgs/include/px4_msgs/px4_msgs/msg/detail/launch_detection_status__traits.hpp\n'}
[2.271217] (px4_msgs) StdoutLine: {'line': b'-- Up-to-date symlink: /home/maxim/super_ws/install/px4_msgs/include/px4_msgs/px4_msgs/msg/detail/launch_detection_status__type_support.hpp\n'}
[2.271330] (px4_msgs) StdoutLine: {'line': b'-- Up-to-date symlink: /home/maxim/super_ws/install/px4_msgs/include/px4_msgs/px4_msgs/msg/detail/led_control__builder.hpp\n'}
[2.271512] (px4_msgs) StdoutLine: {'line': b'-- Up-to-date symlink: /home/maxim/super_ws/install/px4_msgs/include/px4_msgs/px4_msgs/msg/detail/led_control__struct.hpp\n'}
[2.271719] (px4_msgs) StdoutLine: {'line': b'-- Up-to-date symlink: /home/maxim/super_ws/install/px4_msgs/include/px4_msgs/px4_msgs/msg/detail/led_control__traits.hpp\n'}
[2.271922] (px4_msgs) StdoutLine: {'line': b'-- Up-to-date symlink: /home/maxim/super_ws/install/px4_msgs/include/px4_msgs/px4_msgs/msg/detail/led_control__type_support.hpp\n'}
[2.272053] (px4_msgs) StdoutLine: {'line': b'-- Up-to-date symlink: /home/maxim/super_ws/install/px4_msgs/include/px4_msgs/px4_msgs/msg/detail/log_message__builder.hpp\n'}
[2.272297] (px4_msgs) StdoutLine: {'line': b'-- Up-to-date symlink: /home/maxim/super_ws/install/px4_msgs/include/px4_msgs/px4_msgs/msg/detail/log_message__struct.hpp\n'}
[2.272445] (px4_msgs) StdoutLine: {'line': b'-- Up-to-date symlink: /home/maxim/super_ws/install/px4_msgs/include/px4_msgs/px4_msgs/msg/detail/log_message__traits.hpp\n'}
[2.272591] (px4_msgs) StdoutLine: {'line': b'-- Up-to-date symlink: /home/maxim/super_ws/install/px4_msgs/include/px4_msgs/px4_msgs/msg/detail/log_message__type_support.hpp\n'}
[2.272700] (px4_msgs) StdoutLine: {'line': b'-- Up-to-date symlink: /home/maxim/super_ws/install/px4_msgs/include/px4_msgs/px4_msgs/msg/detail/logger_status__builder.hpp\n'}
[2.272857] (px4_msgs) StdoutLine: {'line': b'-- Up-to-date symlink: /home/maxim/super_ws/install/px4_msgs/include/px4_msgs/px4_msgs/msg/detail/logger_status__struct.hpp\n'}
[2.272998] (px4_msgs) StdoutLine: {'line': b'-- Up-to-date symlink: /home/maxim/super_ws/install/px4_msgs/include/px4_msgs/px4_msgs/msg/detail/logger_status__traits.hpp\n'}
[2.273163] (px4_msgs) StdoutLine: {'line': b'-- Up-to-date symlink: /home/maxim/super_ws/install/px4_msgs/include/px4_msgs/px4_msgs/msg/detail/logger_status__type_support.hpp\n'}
[2.273338] (px4_msgs) StdoutLine: {'line': b'-- Up-to-date symlink: /home/maxim/super_ws/install/px4_msgs/include/px4_msgs/px4_msgs/msg/detail/longitudinal_control_configuration__builder.hpp\n'}
[2.273567] (px4_msgs) StdoutLine: {'line': b'-- Up-to-date symlink: /home/maxim/super_ws/install/px4_msgs/include/px4_msgs/px4_msgs/msg/detail/longitudinal_control_configuration__struct.hpp\n'}
[2.273751] (px4_msgs) StdoutLine: {'line': b'-- Up-to-date symlink: /home/maxim/super_ws/install/px4_msgs/include/px4_msgs/px4_msgs/msg/detail/longitudinal_control_configuration__traits.hpp\n'}
[2.273909] (px4_msgs) StdoutLine: {'line': b'-- Up-to-date symlink: /home/maxim/super_ws/install/px4_msgs/include/px4_msgs/px4_msgs/msg/detail/longitudinal_control_configuration__type_support.hpp\n'}
[2.274015] (px4_msgs) StdoutLine: {'line': b'-- Up-to-date symlink: /home/maxim/super_ws/install/px4_msgs/include/px4_msgs/px4_msgs/msg/detail/mag_worker_data__builder.hpp\n'}
[2.274185] (px4_msgs) StdoutLine: {'line': b'-- Up-to-date symlink: /home/maxim/super_ws/install/px4_msgs/include/px4_msgs/px4_msgs/msg/detail/mag_worker_data__struct.hpp\n'}
[2.274357] (px4_msgs) StdoutLine: {'line': b'-- Up-to-date symlink: /home/maxim/super_ws/install/px4_msgs/include/px4_msgs/px4_msgs/msg/detail/mag_worker_data__traits.hpp\n'}
[2.274557] (px4_msgs) StdoutLine: {'line': b'-- Up-to-date symlink: /home/maxim/super_ws/install/px4_msgs/include/px4_msgs/px4_msgs/msg/detail/mag_worker_data__type_support.hpp\n'}
[2.274689] (px4_msgs) StdoutLine: {'line': b'-- Up-to-date symlink: /home/maxim/super_ws/install/px4_msgs/include/px4_msgs/px4_msgs/msg/detail/magnetometer_bias_estimate__builder.hpp\n'}
[2.274886] (px4_msgs) StdoutLine: {'line': b'-- Up-to-date symlink: /home/maxim/super_ws/install/px4_msgs/include/px4_msgs/px4_msgs/msg/detail/magnetometer_bias_estimate__struct.hpp\n'}
[2.275039] (px4_msgs) StdoutLine: {'line': b'-- Up-to-date symlink: /home/maxim/super_ws/install/px4_msgs/include/px4_msgs/px4_msgs/msg/detail/magnetometer_bias_estimate__traits.hpp\n'}
[2.275227] (px4_msgs) StdoutLine: {'line': b'-- Up-to-date symlink: /home/maxim/super_ws/install/px4_msgs/include/px4_msgs/px4_msgs/msg/detail/magnetometer_bias_estimate__type_support.hpp\n'}
[2.275426] (px4_msgs) StdoutLine: {'line': b'-- Up-to-date symlink: /home/maxim/super_ws/install/px4_msgs/include/px4_msgs/px4_msgs/msg/detail/manual_control_setpoint__builder.hpp\n'}
[2.275561] (px4_msgs) StdoutLine: {'line': b'-- Up-to-date symlink: /home/maxim/super_ws/install/px4_msgs/include/px4_msgs/px4_msgs/msg/detail/manual_control_setpoint__struct.hpp\n'}
[2.275698] (px4_msgs) StdoutLine: {'line': b'-- Up-to-date symlink: /home/maxim/super_ws/install/px4_msgs/include/px4_msgs/px4_msgs/msg/detail/manual_control_setpoint__traits.hpp\n'}
[2.275870] (px4_msgs) StdoutLine: {'line': b'-- Up-to-date symlink: /home/maxim/super_ws/install/px4_msgs/include/px4_msgs/px4_msgs/msg/detail/manual_control_setpoint__type_support.hpp\n'}
[2.276043] (px4_msgs) StdoutLine: {'line': b'-- Up-to-date symlink: /home/maxim/super_ws/install/px4_msgs/include/px4_msgs/px4_msgs/msg/detail/manual_control_switches__builder.hpp\n'}
[2.276212] (px4_msgs) StdoutLine: {'line': b'-- Up-to-date symlink: /home/maxim/super_ws/install/px4_msgs/include/px4_msgs/px4_msgs/msg/detail/manual_control_switches__struct.hpp\n'}
[2.276383] (px4_msgs) StdoutLine: {'line': b'-- Up-to-date symlink: /home/maxim/super_ws/install/px4_msgs/include/px4_msgs/px4_msgs/msg/detail/manual_control_switches__traits.hpp\n'}
[2.276613] (px4_msgs) StdoutLine: {'line': b'-- Up-to-date symlink: /home/maxim/super_ws/install/px4_msgs/include/px4_msgs/px4_msgs/msg/detail/manual_control_switches__type_support.hpp\n'}
[2.276745] (px4_msgs) StdoutLine: {'line': b'-- Up-to-date symlink: /home/maxim/super_ws/install/px4_msgs/include/px4_msgs/px4_msgs/msg/detail/mavlink_log__builder.hpp\n'}
[2.276946] (px4_msgs) StdoutLine: {'line': b'-- Up-to-date symlink: /home/maxim/super_ws/install/px4_msgs/include/px4_msgs/px4_msgs/msg/detail/mavlink_log__struct.hpp\n'}
[2.277055] (px4_msgs) StdoutLine: {'line': b'-- Up-to-date symlink: /home/maxim/super_ws/install/px4_msgs/include/px4_msgs/px4_msgs/msg/detail/mavlink_log__traits.hpp\n'}
[2.277270] (px4_msgs) StdoutLine: {'line': b'-- Up-to-date symlink: /home/maxim/super_ws/install/px4_msgs/include/px4_msgs/px4_msgs/msg/detail/mavlink_log__type_support.hpp\n'}
[2.277450] (px4_msgs) StdoutLine: {'line': b'-- Up-to-date symlink: /home/maxim/super_ws/install/px4_msgs/include/px4_msgs/px4_msgs/msg/detail/mavlink_tunnel__builder.hpp\n'}
[2.277571] (px4_msgs) StdoutLine: {'line': b'-- Up-to-date symlink: /home/maxim/super_ws/install/px4_msgs/include/px4_msgs/px4_msgs/msg/detail/mavlink_tunnel__struct.hpp\n'}
[2.277831] (px4_msgs) StdoutLine: {'line': b'-- Up-to-date symlink: /home/maxim/super_ws/install/px4_msgs/include/px4_msgs/px4_msgs/msg/detail/mavlink_tunnel__traits.hpp\n'}
[2.277986] (px4_msgs) StdoutLine: {'line': b'-- Up-to-date symlink: /home/maxim/super_ws/install/px4_msgs/include/px4_msgs/px4_msgs/msg/detail/mavlink_tunnel__type_support.hpp\n'}
[2.278163] (px4_msgs) StdoutLine: {'line': b'-- Up-to-date symlink: /home/maxim/super_ws/install/px4_msgs/include/px4_msgs/px4_msgs/msg/detail/message_format_request__builder.hpp\n'}
[2.278336] (px4_msgs) StdoutLine: {'line': b'-- Up-to-date symlink: /home/maxim/super_ws/install/px4_msgs/include/px4_msgs/px4_msgs/msg/detail/message_format_request__struct.hpp\n'}
[2.278510] (px4_msgs) StdoutLine: {'line': b'-- Up-to-date symlink: /home/maxim/super_ws/install/px4_msgs/include/px4_msgs/px4_msgs/msg/detail/message_format_request__traits.hpp\n'}
[2.278705] (px4_msgs) StdoutLine: {'line': b'-- Up-to-date symlink: /home/maxim/super_ws/install/px4_msgs/include/px4_msgs/px4_msgs/msg/detail/message_format_request__type_support.hpp\n'}
[2.278895] (px4_msgs) StdoutLine: {'line': b'-- Up-to-date symlink: /home/maxim/super_ws/install/px4_msgs/include/px4_msgs/px4_msgs/msg/detail/message_format_response__builder.hpp\n'}
[2.279021] (px4_msgs) StdoutLine: {'line': b'-- Up-to-date symlink: /home/maxim/super_ws/install/px4_msgs/include/px4_msgs/px4_msgs/msg/detail/message_format_response__struct.hpp\n'}
[2.279233] (px4_msgs) StdoutLine: {'line': b'-- Up-to-date symlink: /home/maxim/super_ws/install/px4_msgs/include/px4_msgs/px4_msgs/msg/detail/message_format_response__traits.hpp\n'}
[2.279353] (px4_msgs) StdoutLine: {'line': b'-- Up-to-date symlink: /home/maxim/super_ws/install/px4_msgs/include/px4_msgs/px4_msgs/msg/detail/message_format_response__type_support.hpp\n'}
[2.279527] (px4_msgs) StdoutLine: {'line': b'-- Up-to-date symlink: /home/maxim/super_ws/install/px4_msgs/include/px4_msgs/px4_msgs/msg/detail/mission__builder.hpp\n'}
[2.279750] (px4_msgs) StdoutLine: {'line': b'-- Up-to-date symlink: /home/maxim/super_ws/install/px4_msgs/include/px4_msgs/px4_msgs/msg/detail/mission__struct.hpp\n'}
[2.279932] (px4_msgs) StdoutLine: {'line': b'-- Up-to-date symlink: /home/maxim/super_ws/install/px4_msgs/include/px4_msgs/px4_msgs/msg/detail/mission__traits.hpp\n'}
[2.280052] (px4_msgs) StdoutLine: {'line': b'-- Up-to-date symlink: /home/maxim/super_ws/install/px4_msgs/include/px4_msgs/px4_msgs/msg/detail/mission__type_support.hpp\n'}
[2.280302] (px4_msgs) StdoutLine: {'line': b'-- Up-to-date symlink: /home/maxim/super_ws/install/px4_msgs/include/px4_msgs/px4_msgs/msg/detail/mission_result__builder.hpp\n'}
[2.280496] (px4_msgs) StdoutLine: {'line': b'-- Up-to-date symlink: /home/maxim/super_ws/install/px4_msgs/include/px4_msgs/px4_msgs/msg/detail/mission_result__struct.hpp\n'}
[2.280685] (px4_msgs) StdoutLine: {'line': b'-- Up-to-date symlink: /home/maxim/super_ws/install/px4_msgs/include/px4_msgs/px4_msgs/msg/detail/mission_result__traits.hpp\n'}
[2.280798] (px4_msgs) StdoutLine: {'line': b'-- Up-to-date symlink: /home/maxim/super_ws/install/px4_msgs/include/px4_msgs/px4_msgs/msg/detail/mission_result__type_support.hpp\n'}
[2.280931] (px4_msgs) StdoutLine: {'line': b'-- Up-to-date symlink: /home/maxim/super_ws/install/px4_msgs/include/px4_msgs/px4_msgs/msg/detail/mode_completed__builder.hpp\n'}
[2.281023] (px4_msgs) StdoutLine: {'line': b'-- Up-to-date symlink: /home/maxim/super_ws/install/px4_msgs/include/px4_msgs/px4_msgs/msg/detail/mode_completed__struct.hpp\n'}
[2.281160] (px4_msgs) StdoutLine: {'line': b'-- Up-to-date symlink: /home/maxim/super_ws/install/px4_msgs/include/px4_msgs/px4_msgs/msg/detail/mode_completed__traits.hpp\n'}
[2.281283] (px4_msgs) StdoutLine: {'line': b'-- Up-to-date symlink: /home/maxim/super_ws/install/px4_msgs/include/px4_msgs/px4_msgs/msg/detail/mode_completed__type_support.hpp\n'}
[2.281455] (px4_msgs) StdoutLine: {'line': b'-- Up-to-date symlink: /home/maxim/super_ws/install/px4_msgs/include/px4_msgs/px4_msgs/msg/detail/mount_orientation__builder.hpp\n'}
[2.281672] (px4_msgs) StdoutLine: {'line': b'-- Up-to-date symlink: /home/maxim/super_ws/install/px4_msgs/include/px4_msgs/px4_msgs/msg/detail/mount_orientation__struct.hpp\n'}
[2.281834] (px4_msgs) StdoutLine: {'line': b'-- Up-to-date symlink: /home/maxim/super_ws/install/px4_msgs/include/px4_msgs/px4_msgs/msg/detail/mount_orientation__traits.hpp\n'}
[2.282003] (px4_msgs) StdoutLine: {'line': b'-- Up-to-date symlink: /home/maxim/super_ws/install/px4_msgs/include/px4_msgs/px4_msgs/msg/detail/mount_orientation__type_support.hpp\n'}
[2.282208] (px4_msgs) StdoutLine: {'line': b'-- Up-to-date symlink: /home/maxim/super_ws/install/px4_msgs/include/px4_msgs/px4_msgs/msg/detail/navigator_mission_item__builder.hpp\n'}
[2.282366] (px4_msgs) StdoutLine: {'line': b'-- Up-to-date symlink: /home/maxim/super_ws/install/px4_msgs/include/px4_msgs/px4_msgs/msg/detail/navigator_mission_item__struct.hpp\n'}
[2.282535] (px4_msgs) StdoutLine: {'line': b'-- Up-to-date symlink: /home/maxim/super_ws/install/px4_msgs/include/px4_msgs/px4_msgs/msg/detail/navigator_mission_item__traits.hpp\n'}
[2.282638] (px4_msgs) StdoutLine: {'line': b'-- Up-to-date symlink: /home/maxim/super_ws/install/px4_msgs/include/px4_msgs/px4_msgs/msg/detail/navigator_mission_item__type_support.hpp\n'}
[2.282797] (px4_msgs) StdoutLine: {'line': b'-- Up-to-date symlink: /home/maxim/super_ws/install/px4_msgs/include/px4_msgs/px4_msgs/msg/detail/navigator_status__builder.hpp\n'}
[2.282943] (px4_msgs) StdoutLine: {'line': b'-- Up-to-date symlink: /home/maxim/super_ws/install/px4_msgs/include/px4_msgs/px4_msgs/msg/detail/navigator_status__struct.hpp\n'}
[2.283160] (px4_msgs) StdoutLine: {'line': b'-- Up-to-date symlink: /home/maxim/super_ws/install/px4_msgs/include/px4_msgs/px4_msgs/msg/detail/navigator_status__traits.hpp\n'}
[2.283274] (px4_msgs) StdoutLine: {'line': b'-- Up-to-date symlink: /home/maxim/super_ws/install/px4_msgs/include/px4_msgs/px4_msgs/msg/detail/navigator_status__type_support.hpp\n'}
[2.283426] (px4_msgs) StdoutLine: {'line': b'-- Up-to-date symlink: /home/maxim/super_ws/install/px4_msgs/include/px4_msgs/px4_msgs/msg/detail/neural_control__builder.hpp\n'}
[2.283608] (px4_msgs) StdoutLine: {'line': b'-- Up-to-date symlink: /home/maxim/super_ws/install/px4_msgs/include/px4_msgs/px4_msgs/msg/detail/neural_control__struct.hpp\n'}
[2.283787] (px4_msgs) StdoutLine: {'line': b'-- Up-to-date symlink: /home/maxim/super_ws/install/px4_msgs/include/px4_msgs/px4_msgs/msg/detail/neural_control__traits.hpp\n'}
[2.283894] (px4_msgs) StdoutLine: {'line': b'-- Up-to-date symlink: /home/maxim/super_ws/install/px4_msgs/include/px4_msgs/px4_msgs/msg/detail/neural_control__type_support.hpp\n'}
[2.284013] (px4_msgs) StdoutLine: {'line': b'-- Up-to-date symlink: /home/maxim/super_ws/install/px4_msgs/include/px4_msgs/px4_msgs/msg/detail/normalized_unsigned_setpoint__builder.hpp\n'}
[2.284160] (px4_msgs) StdoutLine: {'line': b'-- Up-to-date symlink: /home/maxim/super_ws/install/px4_msgs/include/px4_msgs/px4_msgs/msg/detail/normalized_unsigned_setpoint__struct.hpp\n'}
[2.284343] (px4_msgs) StdoutLine: {'line': b'-- Up-to-date symlink: /home/maxim/super_ws/install/px4_msgs/include/px4_msgs/px4_msgs/msg/detail/normalized_unsigned_setpoint__traits.hpp\n'}
[2.284505] (px4_msgs) StdoutLine: {'line': b'-- Up-to-date symlink: /home/maxim/super_ws/install/px4_msgs/include/px4_msgs/px4_msgs/msg/detail/normalized_unsigned_setpoint__type_support.hpp\n'}
[2.284692] (px4_msgs) StdoutLine: {'line': b'-- Up-to-date symlink: /home/maxim/super_ws/install/px4_msgs/include/px4_msgs/px4_msgs/msg/detail/obstacle_distance__builder.hpp\n'}
[2.284968] (px4_msgs) StdoutLine: {'line': b'-- Up-to-date symlink: /home/maxim/super_ws/install/px4_msgs/include/px4_msgs/px4_msgs/msg/detail/obstacle_distance__struct.hpp\n'}
[2.285140] (px4_msgs) StdoutLine: {'line': b'-- Up-to-date symlink: /home/maxim/super_ws/install/px4_msgs/include/px4_msgs/px4_msgs/msg/detail/obstacle_distance__traits.hpp\n'}
[2.285303] (px4_msgs) StdoutLine: {'line': b'-- Up-to-date symlink: /home/maxim/super_ws/install/px4_msgs/include/px4_msgs/px4_msgs/msg/detail/obstacle_distance__type_support.hpp\n'}
[2.285458] (px4_msgs) StdoutLine: {'line': b'-- Up-to-date symlink: /home/maxim/super_ws/install/px4_msgs/include/px4_msgs/px4_msgs/msg/detail/offboard_control_mode__builder.hpp\n'}
[2.285608] (px4_msgs) StdoutLine: {'line': b'-- Up-to-date symlink: /home/maxim/super_ws/install/px4_msgs/include/px4_msgs/px4_msgs/msg/detail/offboard_control_mode__struct.hpp\n'}
[2.285799] (px4_msgs) StdoutLine: {'line': b'-- Up-to-date symlink: /home/maxim/super_ws/install/px4_msgs/include/px4_msgs/px4_msgs/msg/detail/offboard_control_mode__traits.hpp\n'}
[2.285954] (px4_msgs) StdoutLine: {'line': b'-- Up-to-date symlink: /home/maxim/super_ws/install/px4_msgs/include/px4_msgs/px4_msgs/msg/detail/offboard_control_mode__type_support.hpp\n'}
[2.286138] (px4_msgs) StdoutLine: {'line': b'-- Up-to-date symlink: /home/maxim/super_ws/install/px4_msgs/include/px4_msgs/px4_msgs/msg/detail/onboard_computer_status__builder.hpp\n'}
[2.286319] (px4_msgs) StdoutLine: {'line': b'-- Up-to-date symlink: /home/maxim/super_ws/install/px4_msgs/include/px4_msgs/px4_msgs/msg/detail/onboard_computer_status__struct.hpp\n'}
[2.286573] (px4_msgs) StdoutLine: {'line': b'-- Up-to-date symlink: /home/maxim/super_ws/install/px4_msgs/include/px4_msgs/px4_msgs/msg/detail/onboard_computer_status__traits.hpp\n'}
[2.286767] (px4_msgs) StdoutLine: {'line': b'-- Up-to-date symlink: /home/maxim/super_ws/install/px4_msgs/include/px4_msgs/px4_msgs/msg/detail/onboard_computer_status__type_support.hpp\n'}
[2.286943] (px4_msgs) StdoutLine: {'line': b'-- Up-to-date symlink: /home/maxim/super_ws/install/px4_msgs/include/px4_msgs/px4_msgs/msg/detail/open_drone_id_arm_status__builder.hpp\n'}
[2.287133] (px4_msgs) StdoutLine: {'line': b'-- Up-to-date symlink: /home/maxim/super_ws/install/px4_msgs/include/px4_msgs/px4_msgs/msg/detail/open_drone_id_arm_status__struct.hpp\n'}
[2.287321] (px4_msgs) StdoutLine: {'line': b'-- Up-to-date symlink: /home/maxim/super_ws/install/px4_msgs/include/px4_msgs/px4_msgs/msg/detail/open_drone_id_arm_status__traits.hpp\n'}
[2.287508] (px4_msgs) StdoutLine: {'line': b'-- Up-to-date symlink: /home/maxim/super_ws/install/px4_msgs/include/px4_msgs/px4_msgs/msg/detail/open_drone_id_arm_status__type_support.hpp\n'}
[2.287660] (px4_msgs) StdoutLine: {'line': b'-- Up-to-date symlink: /home/maxim/super_ws/install/px4_msgs/include/px4_msgs/px4_msgs/msg/detail/open_drone_id_operator_id__builder.hpp\n'}
[2.287842] (px4_msgs) StdoutLine: {'line': b'-- Up-to-date symlink: /home/maxim/super_ws/install/px4_msgs/include/px4_msgs/px4_msgs/msg/detail/open_drone_id_operator_id__struct.hpp\n'}
[2.288014] (px4_msgs) StdoutLine: {'line': b'-- Up-to-date symlink: /home/maxim/super_ws/install/px4_msgs/include/px4_msgs/px4_msgs/msg/detail/open_drone_id_operator_id__traits.hpp\n'}
[2.288245] (px4_msgs) StdoutLine: {'line': b'-- Up-to-date symlink: /home/maxim/super_ws/install/px4_msgs/include/px4_msgs/px4_msgs/msg/detail/open_drone_id_operator_id__type_support.hpp\n'}
[2.288431] (px4_msgs) StdoutLine: {'line': b'-- Up-to-date symlink: /home/maxim/super_ws/install/px4_msgs/include/px4_msgs/px4_msgs/msg/detail/open_drone_id_self_id__builder.hpp\n'}
[2.288561] (px4_msgs) StdoutLine: {'line': b'-- Up-to-date symlink: /home/maxim/super_ws/install/px4_msgs/include/px4_msgs/px4_msgs/msg/detail/open_drone_id_self_id__struct.hpp\n'}
[2.288724] (px4_msgs) StdoutLine: {'line': b'-- Up-to-date symlink: /home/maxim/super_ws/install/px4_msgs/include/px4_msgs/px4_msgs/msg/detail/open_drone_id_self_id__traits.hpp\n'}
[2.288907] (px4_msgs) StdoutLine: {'line': b'-- Up-to-date symlink: /home/maxim/super_ws/install/px4_msgs/include/px4_msgs/px4_msgs/msg/detail/open_drone_id_self_id__type_support.hpp\n'}
[2.289022] (px4_msgs) StdoutLine: {'line': b'-- Up-to-date symlink: /home/maxim/super_ws/install/px4_msgs/include/px4_msgs/px4_msgs/msg/detail/open_drone_id_system__builder.hpp\n'}
[2.289206] (px4_msgs) StdoutLine: {'line': b'-- Up-to-date symlink: /home/maxim/super_ws/install/px4_msgs/include/px4_msgs/px4_msgs/msg/detail/open_drone_id_system__struct.hpp\n'}
[2.289304] (px4_msgs) StdoutLine: {'line': b'-- Up-to-date symlink: /home/maxim/super_ws/install/px4_msgs/include/px4_msgs/px4_msgs/msg/detail/open_drone_id_system__traits.hpp\n'}
[2.289486] (px4_msgs) StdoutLine: {'line': b'-- Up-to-date symlink: /home/maxim/super_ws/install/px4_msgs/include/px4_msgs/px4_msgs/msg/detail/open_drone_id_system__type_support.hpp\n'}
[2.289591] (px4_msgs) StdoutLine: {'line': b'-- Up-to-date symlink: /home/maxim/super_ws/install/px4_msgs/include/px4_msgs/px4_msgs/msg/detail/orb_test__builder.hpp\n'}
[2.289673] (px4_msgs) StdoutLine: {'line': b'-- Up-to-date symlink: /home/maxim/super_ws/install/px4_msgs/include/px4_msgs/px4_msgs/msg/detail/orb_test__struct.hpp\n'}
[2.289816] (px4_msgs) StdoutLine: {'line': b'-- Up-to-date symlink: /home/maxim/super_ws/install/px4_msgs/include/px4_msgs/px4_msgs/msg/detail/orb_test__traits.hpp\n'}
[2.289949] (px4_msgs) StdoutLine: {'line': b'-- Up-to-date symlink: /home/maxim/super_ws/install/px4_msgs/include/px4_msgs/px4_msgs/msg/detail/orb_test__type_support.hpp\n'}
[2.290119] (px4_msgs) StdoutLine: {'line': b'-- Up-to-date symlink: /home/maxim/super_ws/install/px4_msgs/include/px4_msgs/px4_msgs/msg/detail/orb_test_large__builder.hpp\n'}
[2.290331] (px4_msgs) StdoutLine: {'line': b'-- Up-to-date symlink: /home/maxim/super_ws/install/px4_msgs/include/px4_msgs/px4_msgs/msg/detail/orb_test_large__struct.hpp\n'}
[2.290592] (px4_msgs) StdoutLine: {'line': b'-- Up-to-date symlink: /home/maxim/super_ws/install/px4_msgs/include/px4_msgs/px4_msgs/msg/detail/orb_test_large__traits.hpp\n'}
[2.290804] (px4_msgs) StdoutLine: {'line': b'-- Up-to-date symlink: /home/maxim/super_ws/install/px4_msgs/include/px4_msgs/px4_msgs/msg/detail/orb_test_large__type_support.hpp\n'}
[2.290982] (px4_msgs) StdoutLine: {'line': b'-- Up-to-date symlink: /home/maxim/super_ws/install/px4_msgs/include/px4_msgs/px4_msgs/msg/detail/orb_test_medium__builder.hpp\n'}
[2.291182] (px4_msgs) StdoutLine: {'line': b'-- Up-to-date symlink: /home/maxim/super_ws/install/px4_msgs/include/px4_msgs/px4_msgs/msg/detail/orb_test_medium__struct.hpp\n'}
[2.291337] (px4_msgs) StdoutLine: {'line': b'-- Up-to-date symlink: /home/maxim/super_ws/install/px4_msgs/include/px4_msgs/px4_msgs/msg/detail/orb_test_medium__traits.hpp\n'}
[2.291437] (px4_msgs) StdoutLine: {'line': b'-- Up-to-date symlink: /home/maxim/super_ws/install/px4_msgs/include/px4_msgs/px4_msgs/msg/detail/orb_test_medium__type_support.hpp\n'}
[2.291565] (px4_msgs) StdoutLine: {'line': b'-- Up-to-date symlink: /home/maxim/super_ws/install/px4_msgs/include/px4_msgs/px4_msgs/msg/detail/orbit_status__builder.hpp\n'}
[2.291663] (px4_msgs) StdoutLine: {'line': b'-- Up-to-date symlink: /home/maxim/super_ws/install/px4_msgs/include/px4_msgs/px4_msgs/msg/detail/orbit_status__struct.hpp\n'}
[2.291754] (px4_msgs) StdoutLine: {'line': b'-- Up-to-date symlink: /home/maxim/super_ws/install/px4_msgs/include/px4_msgs/px4_msgs/msg/detail/orbit_status__traits.hpp\n'}
[2.291865] (px4_msgs) StdoutLine: {'line': b'-- Up-to-date symlink: /home/maxim/super_ws/install/px4_msgs/include/px4_msgs/px4_msgs/msg/detail/orbit_status__type_support.hpp\n'}
[2.291976] (px4_msgs) StdoutLine: {'line': b'-- Up-to-date symlink: /home/maxim/super_ws/install/px4_msgs/include/px4_msgs/px4_msgs/msg/detail/parameter_reset_request__builder.hpp\n'}
[2.292089] (px4_msgs) StdoutLine: {'line': b'-- Up-to-date symlink: /home/maxim/super_ws/install/px4_msgs/include/px4_msgs/px4_msgs/msg/detail/parameter_reset_request__struct.hpp\n'}
[2.292196] (px4_msgs) StdoutLine: {'line': b'-- Up-to-date symlink: /home/maxim/super_ws/install/px4_msgs/include/px4_msgs/px4_msgs/msg/detail/parameter_reset_request__traits.hpp\n'}
[2.292304] (px4_msgs) StdoutLine: {'line': b'-- Up-to-date symlink: /home/maxim/super_ws/install/px4_msgs/include/px4_msgs/px4_msgs/msg/detail/parameter_reset_request__type_support.hpp\n'}
[2.292412] (px4_msgs) StdoutLine: {'line': b'-- Up-to-date symlink: /home/maxim/super_ws/install/px4_msgs/include/px4_msgs/px4_msgs/msg/detail/parameter_set_used_request__builder.hpp\n'}
[2.292518] (px4_msgs) StdoutLine: {'line': b'-- Up-to-date symlink: /home/maxim/super_ws/install/px4_msgs/include/px4_msgs/px4_msgs/msg/detail/parameter_set_used_request__struct.hpp\n'}
[2.292628] (px4_msgs) StdoutLine: {'line': b'-- Up-to-date symlink: /home/maxim/super_ws/install/px4_msgs/include/px4_msgs/px4_msgs/msg/detail/parameter_set_used_request__traits.hpp\n'}
[2.292736] (px4_msgs) StdoutLine: {'line': b'-- Up-to-date symlink: /home/maxim/super_ws/install/px4_msgs/include/px4_msgs/px4_msgs/msg/detail/parameter_set_used_request__type_support.hpp\n'}
[2.292845] (px4_msgs) StdoutLine: {'line': b'-- Up-to-date symlink: /home/maxim/super_ws/install/px4_msgs/include/px4_msgs/px4_msgs/msg/detail/parameter_set_value_request__builder.hpp\n'}
[2.292953] (px4_msgs) StdoutLine: {'line': b'-- Up-to-date symlink: /home/maxim/super_ws/install/px4_msgs/include/px4_msgs/px4_msgs/msg/detail/parameter_set_value_request__struct.hpp\n'}
[2.293067] (px4_msgs) StdoutLine: {'line': b'-- Up-to-date symlink: /home/maxim/super_ws/install/px4_msgs/include/px4_msgs/px4_msgs/msg/detail/parameter_set_value_request__traits.hpp\n'}
[2.293176] (px4_msgs) StdoutLine: {'line': b'-- Up-to-date symlink: /home/maxim/super_ws/install/px4_msgs/include/px4_msgs/px4_msgs/msg/detail/parameter_set_value_request__type_support.hpp\n'}
[2.293359] (px4_msgs) StdoutLine: {'line': b'-- Up-to-date symlink: /home/maxim/super_ws/install/px4_msgs/include/px4_msgs/px4_msgs/msg/detail/parameter_set_value_response__builder.hpp\n'}
[2.293467] (px4_msgs) StdoutLine: {'line': b'-- Up-to-date symlink: /home/maxim/super_ws/install/px4_msgs/include/px4_msgs/px4_msgs/msg/detail/parameter_set_value_response__struct.hpp\n'}
[2.293656] (px4_msgs) StdoutLine: {'line': b'-- Up-to-date symlink: /home/maxim/super_ws/install/px4_msgs/include/px4_msgs/px4_msgs/msg/detail/parameter_set_value_response__traits.hpp\n'}
[2.293766] (px4_msgs) StdoutLine: {'line': b'-- Up-to-date symlink: /home/maxim/super_ws/install/px4_msgs/include/px4_msgs/px4_msgs/msg/detail/parameter_set_value_response__type_support.hpp\n'}
[2.293874] (px4_msgs) StdoutLine: {'line': b'-- Up-to-date symlink: /home/maxim/super_ws/install/px4_msgs/include/px4_msgs/px4_msgs/msg/detail/parameter_update__builder.hpp\n'}
[2.293986] (px4_msgs) StdoutLine: {'line': b'-- Up-to-date symlink: /home/maxim/super_ws/install/px4_msgs/include/px4_msgs/px4_msgs/msg/detail/parameter_update__struct.hpp\n'}
[2.294100] (px4_msgs) StdoutLine: {'line': b'-- Up-to-date symlink: /home/maxim/super_ws/install/px4_msgs/include/px4_msgs/px4_msgs/msg/detail/parameter_update__traits.hpp\n'}
[2.294210] (px4_msgs) StdoutLine: {'line': b'-- Up-to-date symlink: /home/maxim/super_ws/install/px4_msgs/include/px4_msgs/px4_msgs/msg/detail/parameter_update__type_support.hpp\n'}
[2.294320] (px4_msgs) StdoutLine: {'line': b'-- Up-to-date symlink: /home/maxim/super_ws/install/px4_msgs/include/px4_msgs/px4_msgs/msg/detail/ping__builder.hpp\n'}
[2.294429] (px4_msgs) StdoutLine: {'line': b'-- Up-to-date symlink: /home/maxim/super_ws/install/px4_msgs/include/px4_msgs/px4_msgs/msg/detail/ping__struct.hpp\n'}
[2.294536] (px4_msgs) StdoutLine: {'line': b'-- Up-to-date symlink: /home/maxim/super_ws/install/px4_msgs/include/px4_msgs/px4_msgs/msg/detail/ping__traits.hpp\n'}
[2.294646] (px4_msgs) StdoutLine: {'line': b'-- Up-to-date symlink: /home/maxim/super_ws/install/px4_msgs/include/px4_msgs/px4_msgs/msg/detail/ping__type_support.hpp\n'}
[2.294754] (px4_msgs) StdoutLine: {'line': b'-- Up-to-date symlink: /home/maxim/super_ws/install/px4_msgs/include/px4_msgs/px4_msgs/msg/detail/position_controller_landing_status__builder.hpp\n'}
[2.294941] (px4_msgs) StdoutLine: {'line': b'-- Up-to-date symlink: /home/maxim/super_ws/install/px4_msgs/include/px4_msgs/px4_msgs/msg/detail/position_controller_landing_status__struct.hpp\n'}
[2.295129] (px4_msgs) StdoutLine: {'line': b'-- Up-to-date symlink: /home/maxim/super_ws/install/px4_msgs/include/px4_msgs/px4_msgs/msg/detail/position_controller_landing_status__traits.hpp\n'}
[2.295313] (px4_msgs) StdoutLine: {'line': b'-- Up-to-date symlink: /home/maxim/super_ws/install/px4_msgs/include/px4_msgs/px4_msgs/msg/detail/position_controller_landing_status__type_support.hpp\n'}
[2.295584] (px4_msgs) StdoutLine: {'line': b'-- Up-to-date symlink: /home/maxim/super_ws/install/px4_msgs/include/px4_msgs/px4_msgs/msg/detail/position_controller_status__builder.hpp\n'}
[2.295810] (px4_msgs) StdoutLine: {'line': b'-- Up-to-date symlink: /home/maxim/super_ws/install/px4_msgs/include/px4_msgs/px4_msgs/msg/detail/position_controller_status__struct.hpp\n'}
[2.295995] (px4_msgs) StdoutLine: {'line': b'-- Up-to-date symlink: /home/maxim/super_ws/install/px4_msgs/include/px4_msgs/px4_msgs/msg/detail/position_controller_status__traits.hpp\n'}
[2.296253] (px4_msgs) StdoutLine: {'line': b'-- Up-to-date symlink: /home/maxim/super_ws/install/px4_msgs/include/px4_msgs/px4_msgs/msg/detail/position_controller_status__type_support.hpp\n'}
[2.296456] (px4_msgs) StdoutLine: {'line': b'-- Up-to-date symlink: /home/maxim/super_ws/install/px4_msgs/include/px4_msgs/px4_msgs/msg/detail/position_setpoint__builder.hpp\n'}
[2.296568] (px4_msgs) StdoutLine: {'line': b'-- Up-to-date symlink: /home/maxim/super_ws/install/px4_msgs/include/px4_msgs/px4_msgs/msg/detail/position_setpoint__struct.hpp\n'}
[2.296699] (px4_msgs) StdoutLine: {'line': b'-- Up-to-date symlink: /home/maxim/super_ws/install/px4_msgs/include/px4_msgs/px4_msgs/msg/detail/position_setpoint__traits.hpp\n'}
[2.296801] (px4_msgs) StdoutLine: {'line': b'-- Up-to-date symlink: /home/maxim/super_ws/install/px4_msgs/include/px4_msgs/px4_msgs/msg/detail/position_setpoint__type_support.hpp\n'}
[2.296932] (px4_msgs) StdoutLine: {'line': b'-- Up-to-date symlink: /home/maxim/super_ws/install/px4_msgs/include/px4_msgs/px4_msgs/msg/detail/position_setpoint_triplet__builder.hpp\n'}
[2.297129] (px4_msgs) StdoutLine: {'line': b'-- Up-to-date symlink: /home/maxim/super_ws/install/px4_msgs/include/px4_msgs/px4_msgs/msg/detail/position_setpoint_triplet__struct.hpp\n'}
[2.297240] (px4_msgs) StdoutLine: {'line': b'-- Up-to-date symlink: /home/maxim/super_ws/install/px4_msgs/include/px4_msgs/px4_msgs/msg/detail/position_setpoint_triplet__traits.hpp\n'}
[2.297328] (px4_msgs) StdoutLine: {'line': b'-- Up-to-date symlink: /home/maxim/super_ws/install/px4_msgs/include/px4_msgs/px4_msgs/msg/detail/position_setpoint_triplet__type_support.hpp\n'}
[2.297439] (px4_msgs) StdoutLine: {'line': b'-- Up-to-date symlink: /home/maxim/super_ws/install/px4_msgs/include/px4_msgs/px4_msgs/msg/detail/power_button_state__builder.hpp\n'}
[2.297552] (px4_msgs) StdoutLine: {'line': b'-- Up-to-date symlink: /home/maxim/super_ws/install/px4_msgs/include/px4_msgs/px4_msgs/msg/detail/power_button_state__struct.hpp\n'}
[2.297664] (px4_msgs) StdoutLine: {'line': b'-- Up-to-date symlink: /home/maxim/super_ws/install/px4_msgs/include/px4_msgs/px4_msgs/msg/detail/power_button_state__traits.hpp\n'}
[2.297776] (px4_msgs) StdoutLine: {'line': b'-- Up-to-date symlink: /home/maxim/super_ws/install/px4_msgs/include/px4_msgs/px4_msgs/msg/detail/power_button_state__type_support.hpp\n'}
[2.297851] (px4_msgs) StdoutLine: {'line': b'-- Up-to-date symlink: /home/maxim/super_ws/install/px4_msgs/include/px4_msgs/px4_msgs/msg/detail/power_monitor__builder.hpp\n'}
[2.297959] (px4_msgs) StdoutLine: {'line': b'-- Up-to-date symlink: /home/maxim/super_ws/install/px4_msgs/include/px4_msgs/px4_msgs/msg/detail/power_monitor__struct.hpp\n'}
[2.298077] (px4_msgs) StdoutLine: {'line': b'-- Up-to-date symlink: /home/maxim/super_ws/install/px4_msgs/include/px4_msgs/px4_msgs/msg/detail/power_monitor__traits.hpp\n'}
[2.298189] (px4_msgs) StdoutLine: {'line': b'-- Up-to-date symlink: /home/maxim/super_ws/install/px4_msgs/include/px4_msgs/px4_msgs/msg/detail/power_monitor__type_support.hpp\n'}
[2.298382] (px4_msgs) StdoutLine: {'line': b'-- Up-to-date symlink: /home/maxim/super_ws/install/px4_msgs/include/px4_msgs/px4_msgs/msg/detail/pps_capture__builder.hpp\n'}
[2.298566] (px4_msgs) StdoutLine: {'line': b'-- Up-to-date symlink: /home/maxim/super_ws/install/px4_msgs/include/px4_msgs/px4_msgs/msg/detail/pps_capture__struct.hpp\n'}
[2.298761] (px4_msgs) StdoutLine: {'line': b'-- Up-to-date symlink: /home/maxim/super_ws/install/px4_msgs/include/px4_msgs/px4_msgs/msg/detail/pps_capture__traits.hpp\n'}
[2.298904] (px4_msgs) StdoutLine: {'line': b'-- Up-to-date symlink: /home/maxim/super_ws/install/px4_msgs/include/px4_msgs/px4_msgs/msg/detail/pps_capture__type_support.hpp\n'}
[2.299034] (px4_msgs) StdoutLine: {'line': b'-- Up-to-date symlink: /home/maxim/super_ws/install/px4_msgs/include/px4_msgs/px4_msgs/msg/detail/prec_land_status__builder.hpp\n'}
[2.299278] (px4_msgs) StdoutLine: {'line': b'-- Up-to-date symlink: /home/maxim/super_ws/install/px4_msgs/include/px4_msgs/px4_msgs/msg/detail/prec_land_status__struct.hpp\n'}
[2.299375] (px4_msgs) StdoutLine: {'line': b'-- Up-to-date symlink: /home/maxim/super_ws/install/px4_msgs/include/px4_msgs/px4_msgs/msg/detail/prec_land_status__traits.hpp\n'}
[2.299488] (px4_msgs) StdoutLine: {'line': b'-- Up-to-date symlink: /home/maxim/super_ws/install/px4_msgs/include/px4_msgs/px4_msgs/msg/detail/prec_land_status__type_support.hpp\n'}
[2.299587] (px4_msgs) StdoutLine: {'line': b'-- Up-to-date symlink: /home/maxim/super_ws/install/px4_msgs/include/px4_msgs/px4_msgs/msg/detail/pure_pursuit_status__builder.hpp\n'}
[2.299665] (px4_msgs) StdoutLine: {'line': b'-- Up-to-date symlink: /home/maxim/super_ws/install/px4_msgs/include/px4_msgs/px4_msgs/msg/detail/pure_pursuit_status__struct.hpp\n'}
[2.299763] (px4_msgs) StdoutLine: {'line': b'-- Up-to-date symlink: /home/maxim/super_ws/install/px4_msgs/include/px4_msgs/px4_msgs/msg/detail/pure_pursuit_status__traits.hpp\n'}
[2.299869] (px4_msgs) StdoutLine: {'line': b'-- Up-to-date symlink: /home/maxim/super_ws/install/px4_msgs/include/px4_msgs/px4_msgs/msg/detail/pure_pursuit_status__type_support.hpp\n'}
[2.299981] (px4_msgs) StdoutLine: {'line': b'-- Up-to-date symlink: /home/maxim/super_ws/install/px4_msgs/include/px4_msgs/px4_msgs/msg/detail/pwm_input__builder.hpp\n'}
[2.300127] (px4_msgs) StdoutLine: {'line': b'-- Up-to-date symlink: /home/maxim/super_ws/install/px4_msgs/include/px4_msgs/px4_msgs/msg/detail/pwm_input__struct.hpp\n'}
[2.300234] (px4_msgs) StdoutLine: {'line': b'-- Up-to-date symlink: /home/maxim/super_ws/install/px4_msgs/include/px4_msgs/px4_msgs/msg/detail/pwm_input__traits.hpp\n'}
[2.300345] (px4_msgs) StdoutLine: {'line': b'-- Up-to-date symlink: /home/maxim/super_ws/install/px4_msgs/include/px4_msgs/px4_msgs/msg/detail/pwm_input__type_support.hpp\n'}
[2.300452] (px4_msgs) StdoutLine: {'line': b'-- Up-to-date symlink: /home/maxim/super_ws/install/px4_msgs/include/px4_msgs/px4_msgs/msg/detail/px4io_status__builder.hpp\n'}
[2.300563] (px4_msgs) StdoutLine: {'line': b'-- Up-to-date symlink: /home/maxim/super_ws/install/px4_msgs/include/px4_msgs/px4_msgs/msg/detail/px4io_status__struct.hpp\n'}
[2.300669] (px4_msgs) StdoutLine: {'line': b'-- Up-to-date symlink: /home/maxim/super_ws/install/px4_msgs/include/px4_msgs/px4_msgs/msg/detail/px4io_status__traits.hpp\n'}
[2.300810] (px4_msgs) StdoutLine: {'line': b'-- Up-to-date symlink: /home/maxim/super_ws/install/px4_msgs/include/px4_msgs/px4_msgs/msg/detail/px4io_status__type_support.hpp\n'}
[2.300973] (px4_msgs) StdoutLine: {'line': b'-- Up-to-date symlink: /home/maxim/super_ws/install/px4_msgs/include/px4_msgs/px4_msgs/msg/detail/qshell_req__builder.hpp\n'}
[2.301195] (px4_msgs) StdoutLine: {'line': b'-- Up-to-date symlink: /home/maxim/super_ws/install/px4_msgs/include/px4_msgs/px4_msgs/msg/detail/qshell_req__struct.hpp\n'}
[2.301427] (px4_msgs) StdoutLine: {'line': b'-- Up-to-date symlink: /home/maxim/super_ws/install/px4_msgs/include/px4_msgs/px4_msgs/msg/detail/qshell_req__traits.hpp\n'}
[2.301608] (px4_msgs) StdoutLine: {'line': b'-- Up-to-date symlink: /home/maxim/super_ws/install/px4_msgs/include/px4_msgs/px4_msgs/msg/detail/qshell_req__type_support.hpp\n'}
[2.301748] (px4_msgs) StdoutLine: {'line': b'-- Up-to-date symlink: /home/maxim/super_ws/install/px4_msgs/include/px4_msgs/px4_msgs/msg/detail/qshell_retval__builder.hpp\n'}
[2.301894] (px4_msgs) StdoutLine: {'line': b'-- Up-to-date symlink: /home/maxim/super_ws/install/px4_msgs/include/px4_msgs/px4_msgs/msg/detail/qshell_retval__struct.hpp\n'}
[2.302006] (px4_msgs) StdoutLine: {'line': b'-- Up-to-date symlink: /home/maxim/super_ws/install/px4_msgs/include/px4_msgs/px4_msgs/msg/detail/qshell_retval__traits.hpp\n'}
[2.302172] (px4_msgs) StdoutLine: {'line': b'-- Up-to-date symlink: /home/maxim/super_ws/install/px4_msgs/include/px4_msgs/px4_msgs/msg/detail/qshell_retval__type_support.hpp\n'}
[2.302388] (px4_msgs) StdoutLine: {'line': b'-- Up-to-date symlink: /home/maxim/super_ws/install/px4_msgs/include/px4_msgs/px4_msgs/msg/detail/radio_status__builder.hpp\n'}
[2.302578] (px4_msgs) StdoutLine: {'line': b'-- Up-to-date symlink: /home/maxim/super_ws/install/px4_msgs/include/px4_msgs/px4_msgs/msg/detail/radio_status__struct.hpp\n'}
[2.302743] (px4_msgs) StdoutLine: {'line': b'-- Up-to-date symlink: /home/maxim/super_ws/install/px4_msgs/include/px4_msgs/px4_msgs/msg/detail/radio_status__traits.hpp\n'}
[2.302918] (px4_msgs) StdoutLine: {'line': b'-- Up-to-date symlink: /home/maxim/super_ws/install/px4_msgs/include/px4_msgs/px4_msgs/msg/detail/radio_status__type_support.hpp\n'}
[2.302999] (px4_msgs) StdoutLine: {'line': b'-- Up-to-date symlink: /home/maxim/super_ws/install/px4_msgs/include/px4_msgs/px4_msgs/msg/detail/ranging_beacon__builder.hpp\n'}
[2.303138] (px4_msgs) StdoutLine: {'line': b'-- Up-to-date symlink: /home/maxim/super_ws/install/px4_msgs/include/px4_msgs/px4_msgs/msg/detail/ranging_beacon__struct.hpp\n'}
[2.303198] (-) TimerEvent: {}
[2.303268] (px4_msgs) StdoutLine: {'line': b'-- Up-to-date symlink: /home/maxim/super_ws/install/px4_msgs/include/px4_msgs/px4_msgs/msg/detail/ranging_beacon__traits.hpp\n'}
[2.303422] (px4_msgs) StdoutLine: {'line': b'-- Up-to-date symlink: /home/maxim/super_ws/install/px4_msgs/include/px4_msgs/px4_msgs/msg/detail/ranging_beacon__type_support.hpp\n'}
[2.303571] (px4_msgs) StdoutLine: {'line': b'-- Up-to-date symlink: /home/maxim/super_ws/install/px4_msgs/include/px4_msgs/px4_msgs/msg/detail/raptor_input__builder.hpp\n'}
[2.303741] (px4_msgs) StdoutLine: {'line': b'-- Up-to-date symlink: /home/maxim/super_ws/install/px4_msgs/include/px4_msgs/px4_msgs/msg/detail/raptor_input__struct.hpp\n'}
[2.303935] (px4_msgs) StdoutLine: {'line': b'-- Up-to-date symlink: /home/maxim/super_ws/install/px4_msgs/include/px4_msgs/px4_msgs/msg/detail/raptor_input__traits.hpp\n'}
[2.304115] (px4_msgs) StdoutLine: {'line': b'-- Up-to-date symlink: /home/maxim/super_ws/install/px4_msgs/include/px4_msgs/px4_msgs/msg/detail/raptor_input__type_support.hpp\n'}
[2.304272] (px4_msgs) StdoutLine: {'line': b'-- Up-to-date symlink: /home/maxim/super_ws/install/px4_msgs/include/px4_msgs/px4_msgs/msg/detail/raptor_status__builder.hpp\n'}
[2.304425] (px4_msgs) StdoutLine: {'line': b'-- Up-to-date symlink: /home/maxim/super_ws/install/px4_msgs/include/px4_msgs/px4_msgs/msg/detail/raptor_status__struct.hpp\n'}
[2.304533] (px4_msgs) StdoutLine: {'line': b'-- Up-to-date symlink: /home/maxim/super_ws/install/px4_msgs/include/px4_msgs/px4_msgs/msg/detail/raptor_status__traits.hpp\n'}
[2.304736] (px4_msgs) StdoutLine: {'line': b'-- Up-to-date symlink: /home/maxim/super_ws/install/px4_msgs/include/px4_msgs/px4_msgs/msg/detail/raptor_status__type_support.hpp\n'}
[2.304904] (px4_msgs) StdoutLine: {'line': b'-- Up-to-date symlink: /home/maxim/super_ws/install/px4_msgs/include/px4_msgs/px4_msgs/msg/detail/rate_ctrl_status__builder.hpp\n'}
[2.305063] (px4_msgs) StdoutLine: {'line': b'-- Up-to-date symlink: /home/maxim/super_ws/install/px4_msgs/include/px4_msgs/px4_msgs/msg/detail/rate_ctrl_status__struct.hpp\n'}
[2.305210] (px4_msgs) StdoutLine: {'line': b'-- Up-to-date symlink: /home/maxim/super_ws/install/px4_msgs/include/px4_msgs/px4_msgs/msg/detail/rate_ctrl_status__traits.hpp\n'}
[2.305375] (px4_msgs) StdoutLine: {'line': b'-- Up-to-date symlink: /home/maxim/super_ws/install/px4_msgs/include/px4_msgs/px4_msgs/msg/detail/rate_ctrl_status__type_support.hpp\n'}
[2.305517] (px4_msgs) StdoutLine: {'line': b'-- Up-to-date symlink: /home/maxim/super_ws/install/px4_msgs/include/px4_msgs/px4_msgs/msg/detail/rc_channels__builder.hpp\n'}
[2.305614] (px4_msgs) StdoutLine: {'line': b'-- Up-to-date symlink: /home/maxim/super_ws/install/px4_msgs/include/px4_msgs/px4_msgs/msg/detail/rc_channels__struct.hpp\n'}
[2.305742] (px4_msgs) StdoutLine: {'line': b'-- Up-to-date symlink: /home/maxim/super_ws/install/px4_msgs/include/px4_msgs/px4_msgs/msg/detail/rc_channels__traits.hpp\n'}
[2.305842] (px4_msgs) StdoutLine: {'line': b'-- Up-to-date symlink: /home/maxim/super_ws/install/px4_msgs/include/px4_msgs/px4_msgs/msg/detail/rc_channels__type_support.hpp\n'}
[2.305953] (px4_msgs) StdoutLine: {'line': b'-- Up-to-date symlink: /home/maxim/super_ws/install/px4_msgs/include/px4_msgs/px4_msgs/msg/detail/rc_parameter_map__builder.hpp\n'}
[2.306132] (px4_msgs) StdoutLine: {'line': b'-- Up-to-date symlink: /home/maxim/super_ws/install/px4_msgs/include/px4_msgs/px4_msgs/msg/detail/rc_parameter_map__struct.hpp\n'}
[2.306231] (px4_msgs) StdoutLine: {'line': b'-- Up-to-date symlink: /home/maxim/super_ws/install/px4_msgs/include/px4_msgs/px4_msgs/msg/detail/rc_parameter_map__traits.hpp\n'}
[2.306319] (px4_msgs) StdoutLine: {'line': b'-- Up-to-date symlink: /home/maxim/super_ws/install/px4_msgs/include/px4_msgs/px4_msgs/msg/detail/rc_parameter_map__type_support.hpp\n'}
[2.306401] (px4_msgs) StdoutLine: {'line': b'-- Up-to-date symlink: /home/maxim/super_ws/install/px4_msgs/include/px4_msgs/px4_msgs/msg/detail/register_ext_component_reply__builder.hpp\n'}
[2.306533] (px4_msgs) StdoutLine: {'line': b'-- Up-to-date symlink: /home/maxim/super_ws/install/px4_msgs/include/px4_msgs/px4_msgs/msg/detail/register_ext_component_reply__struct.hpp\n'}
[2.306631] (px4_msgs) StdoutLine: {'line': b'-- Up-to-date symlink: /home/maxim/super_ws/install/px4_msgs/include/px4_msgs/px4_msgs/msg/detail/register_ext_component_reply__traits.hpp\n'}
[2.306758] (px4_msgs) StdoutLine: {'line': b'-- Up-to-date symlink: /home/maxim/super_ws/install/px4_msgs/include/px4_msgs/px4_msgs/msg/detail/register_ext_component_reply__type_support.hpp\n'}
[2.306860] (px4_msgs) StdoutLine: {'line': b'-- Up-to-date symlink: /home/maxim/super_ws/install/px4_msgs/include/px4_msgs/px4_msgs/msg/detail/register_ext_component_request__builder.hpp\n'}
[2.306946] (px4_msgs) StdoutLine: {'line': b'-- Up-to-date symlink: /home/maxim/super_ws/install/px4_msgs/include/px4_msgs/px4_msgs/msg/detail/register_ext_component_request__struct.hpp\n'}
[2.307050] (px4_msgs) StdoutLine: {'line': b'-- Up-to-date symlink: /home/maxim/super_ws/install/px4_msgs/include/px4_msgs/px4_msgs/msg/detail/register_ext_component_request__traits.hpp\n'}
[2.307162] (px4_msgs) StdoutLine: {'line': b'-- Up-to-date symlink: /home/maxim/super_ws/install/px4_msgs/include/px4_msgs/px4_msgs/msg/detail/register_ext_component_request__type_support.hpp\n'}
[2.307270] (px4_msgs) StdoutLine: {'line': b'-- Up-to-date symlink: /home/maxim/super_ws/install/px4_msgs/include/px4_msgs/px4_msgs/msg/detail/rover_attitude_setpoint__builder.hpp\n'}
[2.307377] (px4_msgs) StdoutLine: {'line': b'-- Up-to-date symlink: /home/maxim/super_ws/install/px4_msgs/include/px4_msgs/px4_msgs/msg/detail/rover_attitude_setpoint__struct.hpp\n'}
[2.307485] (px4_msgs) StdoutLine: {'line': b'-- Up-to-date symlink: /home/maxim/super_ws/install/px4_msgs/include/px4_msgs/px4_msgs/msg/detail/rover_attitude_setpoint__traits.hpp\n'}
[2.307591] (px4_msgs) StdoutLine: {'line': b'-- Up-to-date symlink: /home/maxim/super_ws/install/px4_msgs/include/px4_msgs/px4_msgs/msg/detail/rover_attitude_setpoint__type_support.hpp\n'}
[2.307700] (px4_msgs) StdoutLine: {'line': b'-- Up-to-date symlink: /home/maxim/super_ws/install/px4_msgs/include/px4_msgs/px4_msgs/msg/detail/rover_attitude_status__builder.hpp\n'}
[2.307805] (px4_msgs) StdoutLine: {'line': b'-- Up-to-date symlink: /home/maxim/super_ws/install/px4_msgs/include/px4_msgs/px4_msgs/msg/detail/rover_attitude_status__struct.hpp\n'}
[2.307917] (px4_msgs) StdoutLine: {'line': b'-- Up-to-date symlink: /home/maxim/super_ws/install/px4_msgs/include/px4_msgs/px4_msgs/msg/detail/rover_attitude_status__traits.hpp\n'}
[2.308023] (px4_msgs) StdoutLine: {'line': b'-- Up-to-date symlink: /home/maxim/super_ws/install/px4_msgs/include/px4_msgs/px4_msgs/msg/detail/rover_attitude_status__type_support.hpp\n'}
[2.308140] (px4_msgs) StdoutLine: {'line': b'-- Up-to-date symlink: /home/maxim/super_ws/install/px4_msgs/include/px4_msgs/px4_msgs/msg/detail/rover_position_setpoint__builder.hpp\n'}
[2.308246] (px4_msgs) StdoutLine: {'line': b'-- Up-to-date symlink: /home/maxim/super_ws/install/px4_msgs/include/px4_msgs/px4_msgs/msg/detail/rover_position_setpoint__struct.hpp\n'}
[2.308352] (px4_msgs) StdoutLine: {'line': b'-- Up-to-date symlink: /home/maxim/super_ws/install/px4_msgs/include/px4_msgs/px4_msgs/msg/detail/rover_position_setpoint__traits.hpp\n'}
[2.308459] (px4_msgs) StdoutLine: {'line': b'-- Up-to-date symlink: /home/maxim/super_ws/install/px4_msgs/include/px4_msgs/px4_msgs/msg/detail/rover_position_setpoint__type_support.hpp\n'}
[2.308568] (px4_msgs) StdoutLine: {'line': b'-- Up-to-date symlink: /home/maxim/super_ws/install/px4_msgs/include/px4_msgs/px4_msgs/msg/detail/rover_rate_setpoint__builder.hpp\n'}
[2.308739] (px4_msgs) StdoutLine: {'line': b'-- Up-to-date symlink: /home/maxim/super_ws/install/px4_msgs/include/px4_msgs/px4_msgs/msg/detail/rover_rate_setpoint__struct.hpp\n'}
[2.308909] (px4_msgs) StdoutLine: {'line': b'-- Up-to-date symlink: /home/maxim/super_ws/install/px4_msgs/include/px4_msgs/px4_msgs/msg/detail/rover_rate_setpoint__traits.hpp\n'}
[2.309130] (px4_msgs) StdoutLine: {'line': b'-- Up-to-date symlink: /home/maxim/super_ws/install/px4_msgs/include/px4_msgs/px4_msgs/msg/detail/rover_rate_setpoint__type_support.hpp\n'}
[2.309342] (px4_msgs) StdoutLine: {'line': b'-- Up-to-date symlink: /home/maxim/super_ws/install/px4_msgs/include/px4_msgs/px4_msgs/msg/detail/rover_rate_status__builder.hpp\n'}
[2.309550] (px4_msgs) StdoutLine: {'line': b'-- Up-to-date symlink: /home/maxim/super_ws/install/px4_msgs/include/px4_msgs/px4_msgs/msg/detail/rover_rate_status__struct.hpp\n'}
[2.309757] (px4_msgs) StdoutLine: {'line': b'-- Up-to-date symlink: /home/maxim/super_ws/install/px4_msgs/include/px4_msgs/px4_msgs/msg/detail/rover_rate_status__traits.hpp\n'}
[2.309900] (px4_msgs) StdoutLine: {'line': b'-- Up-to-date symlink: /home/maxim/super_ws/install/px4_msgs/include/px4_msgs/px4_msgs/msg/detail/rover_rate_status__type_support.hpp\n'}
[2.310017] (px4_msgs) StdoutLine: {'line': b'-- Up-to-date symlink: /home/maxim/super_ws/install/px4_msgs/include/px4_msgs/px4_msgs/msg/detail/rover_speed_setpoint__builder.hpp\n'}
[2.310172] (px4_msgs) StdoutLine: {'line': b'-- Up-to-date symlink: /home/maxim/super_ws/install/px4_msgs/include/px4_msgs/px4_msgs/msg/detail/rover_speed_setpoint__struct.hpp\n'}
[2.310315] (px4_msgs) StdoutLine: {'line': b'-- Up-to-date symlink: /home/maxim/super_ws/install/px4_msgs/include/px4_msgs/px4_msgs/msg/detail/rover_speed_setpoint__traits.hpp\n'}
[2.310532] (px4_msgs) StdoutLine: {'line': b'-- Up-to-date symlink: /home/maxim/super_ws/install/px4_msgs/include/px4_msgs/px4_msgs/msg/detail/rover_speed_setpoint__type_support.hpp\n'}
[2.310686] (px4_msgs) StdoutLine: {'line': b'-- Up-to-date symlink: /home/maxim/super_ws/install/px4_msgs/include/px4_msgs/px4_msgs/msg/detail/rover_speed_status__builder.hpp\n'}
[2.310853] (px4_msgs) StdoutLine: {'line': b'-- Up-to-date symlink: /home/maxim/super_ws/install/px4_msgs/include/px4_msgs/px4_msgs/msg/detail/rover_speed_status__struct.hpp\n'}
[2.311003] (px4_msgs) StdoutLine: {'line': b'-- Up-to-date symlink: /home/maxim/super_ws/install/px4_msgs/include/px4_msgs/px4_msgs/msg/detail/rover_speed_status__traits.hpp\n'}
[2.311173] (px4_msgs) StdoutLine: {'line': b'-- Up-to-date symlink: /home/maxim/super_ws/install/px4_msgs/include/px4_msgs/px4_msgs/msg/detail/rover_speed_status__type_support.hpp\n'}
[2.311270] (px4_msgs) StdoutLine: {'line': b'-- Up-to-date symlink: /home/maxim/super_ws/install/px4_msgs/include/px4_msgs/px4_msgs/msg/detail/rover_steering_setpoint__builder.hpp\n'}
[2.311470] (px4_msgs) StdoutLine: {'line': b'-- Up-to-date symlink: /home/maxim/super_ws/install/px4_msgs/include/px4_msgs/px4_msgs/msg/detail/rover_steering_setpoint__struct.hpp\n'}
[2.311654] (px4_msgs) StdoutLine: {'line': b'-- Up-to-date symlink: /home/maxim/super_ws/install/px4_msgs/include/px4_msgs/px4_msgs/msg/detail/rover_steering_setpoint__traits.hpp\n'}
[2.311793] (px4_msgs) StdoutLine: {'line': b'-- Up-to-date symlink: /home/maxim/super_ws/install/px4_msgs/include/px4_msgs/px4_msgs/msg/detail/rover_steering_setpoint__type_support.hpp\n'}
[2.311984] (px4_msgs) StdoutLine: {'line': b'-- Up-to-date symlink: /home/maxim/super_ws/install/px4_msgs/include/px4_msgs/px4_msgs/msg/detail/rover_throttle_setpoint__builder.hpp\n'}
[2.312141] (px4_msgs) StdoutLine: {'line': b'-- Up-to-date symlink: /home/maxim/super_ws/install/px4_msgs/include/px4_msgs/px4_msgs/msg/detail/rover_throttle_setpoint__struct.hpp\n'}
[2.312283] (px4_msgs) StdoutLine: {'line': b'-- Up-to-date symlink: /home/maxim/super_ws/install/px4_msgs/include/px4_msgs/px4_msgs/msg/detail/rover_throttle_setpoint__traits.hpp\n'}
[2.312427] (px4_msgs) StdoutLine: {'line': b'-- Up-to-date symlink: /home/maxim/super_ws/install/px4_msgs/include/px4_msgs/px4_msgs/msg/detail/rover_throttle_setpoint__type_support.hpp\n'}
[2.312577] (px4_msgs) StdoutLine: {'line': b'-- Up-to-date symlink: /home/maxim/super_ws/install/px4_msgs/include/px4_msgs/px4_msgs/msg/detail/rpm__builder.hpp\n'}
[2.312751] (px4_msgs) StdoutLine: {'line': b'-- Up-to-date symlink: /home/maxim/super_ws/install/px4_msgs/include/px4_msgs/px4_msgs/msg/detail/rpm__struct.hpp\n'}
[2.312928] (px4_msgs) StdoutLine: {'line': b'-- Up-to-date symlink: /home/maxim/super_ws/install/px4_msgs/include/px4_msgs/px4_msgs/msg/detail/rpm__traits.hpp\n'}
[2.313069] (px4_msgs) StdoutLine: {'line': b'-- Up-to-date symlink: /home/maxim/super_ws/install/px4_msgs/include/px4_msgs/px4_msgs/msg/detail/rpm__type_support.hpp\n'}
[2.313241] (px4_msgs) StdoutLine: {'line': b'-- Up-to-date symlink: /home/maxim/super_ws/install/px4_msgs/include/px4_msgs/px4_msgs/msg/detail/rtl_status__builder.hpp\n'}
[2.313437] (px4_msgs) StdoutLine: {'line': b'-- Up-to-date symlink: /home/maxim/super_ws/install/px4_msgs/include/px4_msgs/px4_msgs/msg/detail/rtl_status__struct.hpp\n'}
[2.313629] (px4_msgs) StdoutLine: {'line': b'-- Up-to-date symlink: /home/maxim/super_ws/install/px4_msgs/include/px4_msgs/px4_msgs/msg/detail/rtl_status__traits.hpp\n'}
[2.313795] (px4_msgs) StdoutLine: {'line': b'-- Up-to-date symlink: /home/maxim/super_ws/install/px4_msgs/include/px4_msgs/px4_msgs/msg/detail/rtl_status__type_support.hpp\n'}
[2.313903] (px4_msgs) StdoutLine: {'line': b'-- Up-to-date symlink: /home/maxim/super_ws/install/px4_msgs/include/px4_msgs/px4_msgs/msg/detail/rtl_time_estimate__builder.hpp\n'}
[2.314123] (px4_msgs) StdoutLine: {'line': b'-- Up-to-date symlink: /home/maxim/super_ws/install/px4_msgs/include/px4_msgs/px4_msgs/msg/detail/rtl_time_estimate__struct.hpp\n'}
[2.314291] (px4_msgs) StdoutLine: {'line': b'-- Up-to-date symlink: /home/maxim/super_ws/install/px4_msgs/include/px4_msgs/px4_msgs/msg/detail/rtl_time_estimate__traits.hpp\n'}
[2.314452] (px4_msgs) StdoutLine: {'line': b'-- Up-to-date symlink: /home/maxim/super_ws/install/px4_msgs/include/px4_msgs/px4_msgs/msg/detail/rtl_time_estimate__type_support.hpp\n'}
[2.314558] (px4_msgs) StdoutLine: {'line': b'-- Up-to-date symlink: /home/maxim/super_ws/install/px4_msgs/include/px4_msgs/px4_msgs/msg/detail/satellite_info__builder.hpp\n'}
[2.314730] (px4_msgs) StdoutLine: {'line': b'-- Up-to-date symlink: /home/maxim/super_ws/install/px4_msgs/include/px4_msgs/px4_msgs/msg/detail/satellite_info__struct.hpp\n'}
[2.314857] (px4_msgs) StdoutLine: {'line': b'-- Up-to-date symlink: /home/maxim/super_ws/install/px4_msgs/include/px4_msgs/px4_msgs/msg/detail/satellite_info__traits.hpp\n'}
[2.315005] (px4_msgs) StdoutLine: {'line': b'-- Up-to-date symlink: /home/maxim/super_ws/install/px4_msgs/include/px4_msgs/px4_msgs/msg/detail/satellite_info__type_support.hpp\n'}
[2.315210] (px4_msgs) StdoutLine: {'line': b'-- Up-to-date symlink: /home/maxim/super_ws/install/px4_msgs/include/px4_msgs/px4_msgs/msg/detail/sensor_accel__builder.hpp\n'}
[2.315363] (px4_msgs) StdoutLine: {'line': b'-- Up-to-date symlink: /home/maxim/super_ws/install/px4_msgs/include/px4_msgs/px4_msgs/msg/detail/sensor_accel__struct.hpp\n'}
[2.315542] (px4_msgs) StdoutLine: {'line': b'-- Up-to-date symlink: /home/maxim/super_ws/install/px4_msgs/include/px4_msgs/px4_msgs/msg/detail/sensor_accel__traits.hpp\n'}
[2.315713] (px4_msgs) StdoutLine: {'line': b'-- Up-to-date symlink: /home/maxim/super_ws/install/px4_msgs/include/px4_msgs/px4_msgs/msg/detail/sensor_accel__type_support.hpp\n'}
[2.315884] (px4_msgs) StdoutLine: {'line': b'-- Up-to-date symlink: /home/maxim/super_ws/install/px4_msgs/include/px4_msgs/px4_msgs/msg/detail/sensor_accel_fifo__builder.hpp\n'}
[2.316033] (px4_msgs) StdoutLine: {'line': b'-- Up-to-date symlink: /home/maxim/super_ws/install/px4_msgs/include/px4_msgs/px4_msgs/msg/detail/sensor_accel_fifo__struct.hpp\n'}
[2.316232] (px4_msgs) StdoutLine: {'line': b'-- Up-to-date symlink: /home/maxim/super_ws/install/px4_msgs/include/px4_msgs/px4_msgs/msg/detail/sensor_accel_fifo__traits.hpp\n'}
[2.316376] (px4_msgs) StdoutLine: {'line': b'-- Up-to-date symlink: /home/maxim/super_ws/install/px4_msgs/include/px4_msgs/px4_msgs/msg/detail/sensor_accel_fifo__type_support.hpp\n'}
[2.316561] (px4_msgs) StdoutLine: {'line': b'-- Up-to-date symlink: /home/maxim/super_ws/install/px4_msgs/include/px4_msgs/px4_msgs/msg/detail/sensor_airflow__builder.hpp\n'}
[2.316743] (px4_msgs) StdoutLine: {'line': b'-- Up-to-date symlink: /home/maxim/super_ws/install/px4_msgs/include/px4_msgs/px4_msgs/msg/detail/sensor_airflow__struct.hpp\n'}
[2.316925] (px4_msgs) StdoutLine: {'line': b'-- Up-to-date symlink: /home/maxim/super_ws/install/px4_msgs/include/px4_msgs/px4_msgs/msg/detail/sensor_airflow__traits.hpp\n'}
[2.317090] (px4_msgs) StdoutLine: {'line': b'-- Up-to-date symlink: /home/maxim/super_ws/install/px4_msgs/include/px4_msgs/px4_msgs/msg/detail/sensor_airflow__type_support.hpp\n'}
[2.317298] (px4_msgs) StdoutLine: {'line': b'-- Up-to-date symlink: /home/maxim/super_ws/install/px4_msgs/include/px4_msgs/px4_msgs/msg/detail/sensor_baro__builder.hpp\n'}
[2.317513] (px4_msgs) StdoutLine: {'line': b'-- Up-to-date symlink: /home/maxim/super_ws/install/px4_msgs/include/px4_msgs/px4_msgs/msg/detail/sensor_baro__struct.hpp\n'}
[2.317672] (px4_msgs) StdoutLine: {'line': b'-- Up-to-date symlink: /home/maxim/super_ws/install/px4_msgs/include/px4_msgs/px4_msgs/msg/detail/sensor_baro__traits.hpp\n'}
[2.317838] (px4_msgs) StdoutLine: {'line': b'-- Up-to-date symlink: /home/maxim/super_ws/install/px4_msgs/include/px4_msgs/px4_msgs/msg/detail/sensor_baro__type_support.hpp\n'}
[2.317973] (px4_msgs) StdoutLine: {'line': b'-- Up-to-date symlink: /home/maxim/super_ws/install/px4_msgs/include/px4_msgs/px4_msgs/msg/detail/sensor_combined__builder.hpp\n'}
[2.318176] (px4_msgs) StdoutLine: {'line': b'-- Up-to-date symlink: /home/maxim/super_ws/install/px4_msgs/include/px4_msgs/px4_msgs/msg/detail/sensor_combined__struct.hpp\n'}
[2.318294] (px4_msgs) StdoutLine: {'line': b'-- Up-to-date symlink: /home/maxim/super_ws/install/px4_msgs/include/px4_msgs/px4_msgs/msg/detail/sensor_combined__traits.hpp\n'}
[2.318463] (px4_msgs) StdoutLine: {'line': b'-- Up-to-date symlink: /home/maxim/super_ws/install/px4_msgs/include/px4_msgs/px4_msgs/msg/detail/sensor_combined__type_support.hpp\n'}
[2.318586] (px4_msgs) StdoutLine: {'line': b'-- Up-to-date symlink: /home/maxim/super_ws/install/px4_msgs/include/px4_msgs/px4_msgs/msg/detail/sensor_correction__builder.hpp\n'}
[2.318732] (px4_msgs) StdoutLine: {'line': b'-- Up-to-date symlink: /home/maxim/super_ws/install/px4_msgs/include/px4_msgs/px4_msgs/msg/detail/sensor_correction__struct.hpp\n'}
[2.318915] (px4_msgs) StdoutLine: {'line': b'-- Up-to-date symlink: /home/maxim/super_ws/install/px4_msgs/include/px4_msgs/px4_msgs/msg/detail/sensor_correction__traits.hpp\n'}
[2.319106] (px4_msgs) StdoutLine: {'line': b'-- Up-to-date symlink: /home/maxim/super_ws/install/px4_msgs/include/px4_msgs/px4_msgs/msg/detail/sensor_correction__type_support.hpp\n'}
[2.319282] (px4_msgs) StdoutLine: {'line': b'-- Up-to-date symlink: /home/maxim/super_ws/install/px4_msgs/include/px4_msgs/px4_msgs/msg/detail/sensor_gnss_relative__builder.hpp\n'}
[2.319494] (px4_msgs) StdoutLine: {'line': b'-- Up-to-date symlink: /home/maxim/super_ws/install/px4_msgs/include/px4_msgs/px4_msgs/msg/detail/sensor_gnss_relative__struct.hpp\n'}
[2.319676] (px4_msgs) StdoutLine: {'line': b'-- Up-to-date symlink: /home/maxim/super_ws/install/px4_msgs/include/px4_msgs/px4_msgs/msg/detail/sensor_gnss_relative__traits.hpp\n'}
[2.319873] (px4_msgs) StdoutLine: {'line': b'-- Up-to-date symlink: /home/maxim/super_ws/install/px4_msgs/include/px4_msgs/px4_msgs/msg/detail/sensor_gnss_relative__type_support.hpp\n'}
[2.319987] (px4_msgs) StdoutLine: {'line': b'-- Up-to-date symlink: /home/maxim/super_ws/install/px4_msgs/include/px4_msgs/px4_msgs/msg/detail/sensor_gnss_status__builder.hpp\n'}
[2.320162] (px4_msgs) StdoutLine: {'line': b'-- Up-to-date symlink: /home/maxim/super_ws/install/px4_msgs/include/px4_msgs/px4_msgs/msg/detail/sensor_gnss_status__struct.hpp\n'}
[2.320292] (px4_msgs) StdoutLine: {'line': b'-- Up-to-date symlink: /home/maxim/super_ws/install/px4_msgs/include/px4_msgs/px4_msgs/msg/detail/sensor_gnss_status__traits.hpp\n'}
[2.320481] (px4_msgs) StdoutLine: {'line': b'-- Up-to-date symlink: /home/maxim/super_ws/install/px4_msgs/include/px4_msgs/px4_msgs/msg/detail/sensor_gnss_status__type_support.hpp\n'}
[2.320667] (px4_msgs) StdoutLine: {'line': b'-- Up-to-date symlink: /home/maxim/super_ws/install/px4_msgs/include/px4_msgs/px4_msgs/msg/detail/sensor_gps__builder.hpp\n'}
[2.320819] (px4_msgs) StdoutLine: {'line': b'-- Up-to-date symlink: /home/maxim/super_ws/install/px4_msgs/include/px4_msgs/px4_msgs/msg/detail/sensor_gps__struct.hpp\n'}
[2.321034] (px4_msgs) StdoutLine: {'line': b'-- Up-to-date symlink: /home/maxim/super_ws/install/px4_msgs/include/px4_msgs/px4_msgs/msg/detail/sensor_gps__traits.hpp\n'}
[2.321265] (px4_msgs) StdoutLine: {'line': b'-- Up-to-date symlink: /home/maxim/super_ws/install/px4_msgs/include/px4_msgs/px4_msgs/msg/detail/sensor_gps__type_support.hpp\n'}
[2.321451] (px4_msgs) StdoutLine: {'line': b'-- Up-to-date symlink: /home/maxim/super_ws/install/px4_msgs/include/px4_msgs/px4_msgs/msg/detail/sensor_gyro__builder.hpp\n'}
[2.321619] (px4_msgs) StdoutLine: {'line': b'-- Up-to-date symlink: /home/maxim/super_ws/install/px4_msgs/include/px4_msgs/px4_msgs/msg/detail/sensor_gyro__struct.hpp\n'}
[2.321739] (px4_msgs) StdoutLine: {'line': b'-- Up-to-date symlink: /home/maxim/super_ws/install/px4_msgs/include/px4_msgs/px4_msgs/msg/detail/sensor_gyro__traits.hpp\n'}
[2.321859] (px4_msgs) StdoutLine: {'line': b'-- Up-to-date symlink: /home/maxim/super_ws/install/px4_msgs/include/px4_msgs/px4_msgs/msg/detail/sensor_gyro__type_support.hpp\n'}
[2.322022] (px4_msgs) StdoutLine: {'line': b'-- Up-to-date symlink: /home/maxim/super_ws/install/px4_msgs/include/px4_msgs/px4_msgs/msg/detail/sensor_gyro_fft__builder.hpp\n'}
[2.322197] (px4_msgs) StdoutLine: {'line': b'-- Up-to-date symlink: /home/maxim/super_ws/install/px4_msgs/include/px4_msgs/px4_msgs/msg/detail/sensor_gyro_fft__struct.hpp\n'}
[2.322405] (px4_msgs) StdoutLine: {'line': b'-- Up-to-date symlink: /home/maxim/super_ws/install/px4_msgs/include/px4_msgs/px4_msgs/msg/detail/sensor_gyro_fft__traits.hpp\n'}
[2.322554] (px4_msgs) StdoutLine: {'line': b'-- Up-to-date symlink: /home/maxim/super_ws/install/px4_msgs/include/px4_msgs/px4_msgs/msg/detail/sensor_gyro_fft__type_support.hpp\n'}
[2.322685] (px4_msgs) StdoutLine: {'line': b'-- Up-to-date symlink: /home/maxim/super_ws/install/px4_msgs/include/px4_msgs/px4_msgs/msg/detail/sensor_gyro_fifo__builder.hpp\n'}
[2.322846] (px4_msgs) StdoutLine: {'line': b'-- Up-to-date symlink: /home/maxim/super_ws/install/px4_msgs/include/px4_msgs/px4_msgs/msg/detail/sensor_gyro_fifo__struct.hpp\n'}
[2.322977] (px4_msgs) StdoutLine: {'line': b'-- Up-to-date symlink: /home/maxim/super_ws/install/px4_msgs/include/px4_msgs/px4_msgs/msg/detail/sensor_gyro_fifo__traits.hpp\n'}
[2.323163] (px4_msgs) StdoutLine: {'line': b'-- Up-to-date symlink: /home/maxim/super_ws/install/px4_msgs/include/px4_msgs/px4_msgs/msg/detail/sensor_gyro_fifo__type_support.hpp\n'}
[2.323267] (px4_msgs) StdoutLine: {'line': b'-- Up-to-date symlink: /home/maxim/super_ws/install/px4_msgs/include/px4_msgs/px4_msgs/msg/detail/sensor_hygrometer__builder.hpp\n'}
[2.323345] (px4_msgs) StdoutLine: {'line': b'-- Up-to-date symlink: /home/maxim/super_ws/install/px4_msgs/include/px4_msgs/px4_msgs/msg/detail/sensor_hygrometer__struct.hpp\n'}
[2.323464] (px4_msgs) StdoutLine: {'line': b'-- Up-to-date symlink: /home/maxim/super_ws/install/px4_msgs/include/px4_msgs/px4_msgs/msg/detail/sensor_hygrometer__traits.hpp\n'}
[2.323633] (px4_msgs) StdoutLine: {'line': b'-- Up-to-date symlink: /home/maxim/super_ws/install/px4_msgs/include/px4_msgs/px4_msgs/msg/detail/sensor_hygrometer__type_support.hpp\n'}
[2.323733] (px4_msgs) StdoutLine: {'line': b'-- Up-to-date symlink: /home/maxim/super_ws/install/px4_msgs/include/px4_msgs/px4_msgs/msg/detail/sensor_mag__builder.hpp\n'}
[2.323811] (px4_msgs) StdoutLine: {'line': b'-- Up-to-date symlink: /home/maxim/super_ws/install/px4_msgs/include/px4_msgs/px4_msgs/msg/detail/sensor_mag__struct.hpp\n'}
[2.323942] (px4_msgs) StdoutLine: {'line': b'-- Up-to-date symlink: /home/maxim/super_ws/install/px4_msgs/include/px4_msgs/px4_msgs/msg/detail/sensor_mag__traits.hpp\n'}
[2.324030] (px4_msgs) StdoutLine: {'line': b'-- Up-to-date symlink: /home/maxim/super_ws/install/px4_msgs/include/px4_msgs/px4_msgs/msg/detail/sensor_mag__type_support.hpp\n'}
[2.324152] (px4_msgs) StdoutLine: {'line': b'-- Up-to-date symlink: /home/maxim/super_ws/install/px4_msgs/include/px4_msgs/px4_msgs/msg/detail/sensor_optical_flow__builder.hpp\n'}
[2.324260] (px4_msgs) StdoutLine: {'line': b'-- Up-to-date symlink: /home/maxim/super_ws/install/px4_msgs/include/px4_msgs/px4_msgs/msg/detail/sensor_optical_flow__struct.hpp\n'}
[2.324370] (px4_msgs) StdoutLine: {'line': b'-- Up-to-date symlink: /home/maxim/super_ws/install/px4_msgs/include/px4_msgs/px4_msgs/msg/detail/sensor_optical_flow__traits.hpp\n'}
[2.324479] (px4_msgs) StdoutLine: {'line': b'-- Up-to-date symlink: /home/maxim/super_ws/install/px4_msgs/include/px4_msgs/px4_msgs/msg/detail/sensor_optical_flow__type_support.hpp\n'}
[2.324588] (px4_msgs) StdoutLine: {'line': b'-- Up-to-date symlink: /home/maxim/super_ws/install/px4_msgs/include/px4_msgs/px4_msgs/msg/detail/sensor_preflight_mag__builder.hpp\n'}
[2.324696] (px4_msgs) StdoutLine: {'line': b'-- Up-to-date symlink: /home/maxim/super_ws/install/px4_msgs/include/px4_msgs/px4_msgs/msg/detail/sensor_preflight_mag__struct.hpp\n'}
[2.324805] (px4_msgs) StdoutLine: {'line': b'-- Up-to-date symlink: /home/maxim/super_ws/install/px4_msgs/include/px4_msgs/px4_msgs/msg/detail/sensor_preflight_mag__traits.hpp\n'}
[2.324912] (px4_msgs) StdoutLine: {'line': b'-- Up-to-date symlink: /home/maxim/super_ws/install/px4_msgs/include/px4_msgs/px4_msgs/msg/detail/sensor_preflight_mag__type_support.hpp\n'}
[2.325022] (px4_msgs) StdoutLine: {'line': b'-- Up-to-date symlink: /home/maxim/super_ws/install/px4_msgs/include/px4_msgs/px4_msgs/msg/detail/sensor_selection__builder.hpp\n'}
[2.325133] (px4_msgs) StdoutLine: {'line': b'-- Up-to-date symlink: /home/maxim/super_ws/install/px4_msgs/include/px4_msgs/px4_msgs/msg/detail/sensor_selection__struct.hpp\n'}
[2.325242] (px4_msgs) StdoutLine: {'line': b'-- Up-to-date symlink: /home/maxim/super_ws/install/px4_msgs/include/px4_msgs/px4_msgs/msg/detail/sensor_selection__traits.hpp\n'}
[2.325351] (px4_msgs) StdoutLine: {'line': b'-- Up-to-date symlink: /home/maxim/super_ws/install/px4_msgs/include/px4_msgs/px4_msgs/msg/detail/sensor_selection__type_support.hpp\n'}
[2.325458] (px4_msgs) StdoutLine: {'line': b'-- Up-to-date symlink: /home/maxim/super_ws/install/px4_msgs/include/px4_msgs/px4_msgs/msg/detail/sensor_temp__builder.hpp\n'}
[2.325566] (px4_msgs) StdoutLine: {'line': b'-- Up-to-date symlink: /home/maxim/super_ws/install/px4_msgs/include/px4_msgs/px4_msgs/msg/detail/sensor_temp__struct.hpp\n'}
[2.325674] (px4_msgs) StdoutLine: {'line': b'-- Up-to-date symlink: /home/maxim/super_ws/install/px4_msgs/include/px4_msgs/px4_msgs/msg/detail/sensor_temp__traits.hpp\n'}
[2.325782] (px4_msgs) StdoutLine: {'line': b'-- Up-to-date symlink: /home/maxim/super_ws/install/px4_msgs/include/px4_msgs/px4_msgs/msg/detail/sensor_temp__type_support.hpp\n'}
[2.325890] (px4_msgs) StdoutLine: {'line': b'-- Up-to-date symlink: /home/maxim/super_ws/install/px4_msgs/include/px4_msgs/px4_msgs/msg/detail/sensor_uwb__builder.hpp\n'}
[2.325998] (px4_msgs) StdoutLine: {'line': b'-- Up-to-date symlink: /home/maxim/super_ws/install/px4_msgs/include/px4_msgs/px4_msgs/msg/detail/sensor_uwb__struct.hpp\n'}
[2.326108] (px4_msgs) StdoutLine: {'line': b'-- Up-to-date symlink: /home/maxim/super_ws/install/px4_msgs/include/px4_msgs/px4_msgs/msg/detail/sensor_uwb__traits.hpp\n'}
[2.326216] (px4_msgs) StdoutLine: {'line': b'-- Up-to-date symlink: /home/maxim/super_ws/install/px4_msgs/include/px4_msgs/px4_msgs/msg/detail/sensor_uwb__type_support.hpp\n'}
[2.326324] (px4_msgs) StdoutLine: {'line': b'-- Up-to-date symlink: /home/maxim/super_ws/install/px4_msgs/include/px4_msgs/px4_msgs/msg/detail/sensors_status__builder.hpp\n'}
[2.326434] (px4_msgs) StdoutLine: {'line': b'-- Up-to-date symlink: /home/maxim/super_ws/install/px4_msgs/include/px4_msgs/px4_msgs/msg/detail/sensors_status__struct.hpp\n'}
[2.326542] (px4_msgs) StdoutLine: {'line': b'-- Up-to-date symlink: /home/maxim/super_ws/install/px4_msgs/include/px4_msgs/px4_msgs/msg/detail/sensors_status__traits.hpp\n'}
[2.326651] (px4_msgs) StdoutLine: {'line': b'-- Up-to-date symlink: /home/maxim/super_ws/install/px4_msgs/include/px4_msgs/px4_msgs/msg/detail/sensors_status__type_support.hpp\n'}
[2.326781] (px4_msgs) StdoutLine: {'line': b'-- Up-to-date symlink: /home/maxim/super_ws/install/px4_msgs/include/px4_msgs/px4_msgs/msg/detail/sensors_status_imu__builder.hpp\n'}
[2.326911] (px4_msgs) StdoutLine: {'line': b'-- Up-to-date symlink: /home/maxim/super_ws/install/px4_msgs/include/px4_msgs/px4_msgs/msg/detail/sensors_status_imu__struct.hpp\n'}
[2.326997] (px4_msgs) StdoutLine: {'line': b'-- Up-to-date symlink: /home/maxim/super_ws/install/px4_msgs/include/px4_msgs/px4_msgs/msg/detail/sensors_status_imu__traits.hpp\n'}
[2.327111] (px4_msgs) StdoutLine: {'line': b'-- Up-to-date symlink: /home/maxim/super_ws/install/px4_msgs/include/px4_msgs/px4_msgs/msg/detail/sensors_status_imu__type_support.hpp\n'}
[2.327218] (px4_msgs) StdoutLine: {'line': b'-- Up-to-date symlink: /home/maxim/super_ws/install/px4_msgs/include/px4_msgs/px4_msgs/msg/detail/system_power__builder.hpp\n'}
[2.327330] (px4_msgs) StdoutLine: {'line': b'-- Up-to-date symlink: /home/maxim/super_ws/install/px4_msgs/include/px4_msgs/px4_msgs/msg/detail/system_power__struct.hpp\n'}
[2.327439] (px4_msgs) StdoutLine: {'line': b'-- Up-to-date symlink: /home/maxim/super_ws/install/px4_msgs/include/px4_msgs/px4_msgs/msg/detail/system_power__traits.hpp\n'}
[2.327547] (px4_msgs) StdoutLine: {'line': b'-- Up-to-date symlink: /home/maxim/super_ws/install/px4_msgs/include/px4_msgs/px4_msgs/msg/detail/system_power__type_support.hpp\n'}
[2.327653] (px4_msgs) StdoutLine: {'line': b'-- Up-to-date symlink: /home/maxim/super_ws/install/px4_msgs/include/px4_msgs/px4_msgs/msg/detail/takeoff_status__builder.hpp\n'}
[2.327760] (px4_msgs) StdoutLine: {'line': b'-- Up-to-date symlink: /home/maxim/super_ws/install/px4_msgs/include/px4_msgs/px4_msgs/msg/detail/takeoff_status__struct.hpp\n'}
[2.327868] (px4_msgs) StdoutLine: {'line': b'-- Up-to-date symlink: /home/maxim/super_ws/install/px4_msgs/include/px4_msgs/px4_msgs/msg/detail/takeoff_status__traits.hpp\n'}
[2.327977] (px4_msgs) StdoutLine: {'line': b'-- Up-to-date symlink: /home/maxim/super_ws/install/px4_msgs/include/px4_msgs/px4_msgs/msg/detail/takeoff_status__type_support.hpp\n'}
[2.328091] (px4_msgs) StdoutLine: {'line': b'-- Up-to-date symlink: /home/maxim/super_ws/install/px4_msgs/include/px4_msgs/px4_msgs/msg/detail/target_gnss__builder.hpp\n'}
[2.328227] (px4_msgs) StdoutLine: {'line': b'-- Up-to-date symlink: /home/maxim/super_ws/install/px4_msgs/include/px4_msgs/px4_msgs/msg/detail/target_gnss__struct.hpp\n'}
[2.328336] (px4_msgs) StdoutLine: {'line': b'-- Up-to-date symlink: /home/maxim/super_ws/install/px4_msgs/include/px4_msgs/px4_msgs/msg/detail/target_gnss__traits.hpp\n'}
[2.328448] (px4_msgs) StdoutLine: {'line': b'-- Up-to-date symlink: /home/maxim/super_ws/install/px4_msgs/include/px4_msgs/px4_msgs/msg/detail/target_gnss__type_support.hpp\n'}
[2.328610] (px4_msgs) StdoutLine: {'line': b'-- Up-to-date symlink: /home/maxim/super_ws/install/px4_msgs/include/px4_msgs/px4_msgs/msg/detail/task_stack_info__builder.hpp\n'}
[2.328800] (px4_msgs) StdoutLine: {'line': b'-- Up-to-date symlink: /home/maxim/super_ws/install/px4_msgs/include/px4_msgs/px4_msgs/msg/detail/task_stack_info__struct.hpp\n'}
[2.329004] (px4_msgs) StdoutLine: {'line': b'-- Up-to-date symlink: /home/maxim/super_ws/install/px4_msgs/include/px4_msgs/px4_msgs/msg/detail/task_stack_info__traits.hpp\n'}
[2.329240] (px4_msgs) StdoutLine: {'line': b'-- Up-to-date symlink: /home/maxim/super_ws/install/px4_msgs/include/px4_msgs/px4_msgs/msg/detail/task_stack_info__type_support.hpp\n'}
[2.329431] (px4_msgs) StdoutLine: {'line': b'-- Up-to-date symlink: /home/maxim/super_ws/install/px4_msgs/include/px4_msgs/px4_msgs/msg/detail/tecs_status__builder.hpp\n'}
[2.329679] (px4_msgs) StdoutLine: {'line': b'-- Up-to-date symlink: /home/maxim/super_ws/install/px4_msgs/include/px4_msgs/px4_msgs/msg/detail/tecs_status__struct.hpp\n'}
[2.329907] (px4_msgs) StdoutLine: {'line': b'-- Up-to-date symlink: /home/maxim/super_ws/install/px4_msgs/include/px4_msgs/px4_msgs/msg/detail/tecs_status__traits.hpp\n'}
[2.330030] (px4_msgs) StdoutLine: {'line': b'-- Up-to-date symlink: /home/maxim/super_ws/install/px4_msgs/include/px4_msgs/px4_msgs/msg/detail/tecs_status__type_support.hpp\n'}
[2.330183] (px4_msgs) StdoutLine: {'line': b'-- Up-to-date symlink: /home/maxim/super_ws/install/px4_msgs/include/px4_msgs/px4_msgs/msg/detail/telemetry_status__builder.hpp\n'}
[2.330332] (px4_msgs) StdoutLine: {'line': b'-- Up-to-date symlink: /home/maxim/super_ws/install/px4_msgs/include/px4_msgs/px4_msgs/msg/detail/telemetry_status__struct.hpp\n'}
[2.330576] (px4_msgs) StdoutLine: {'line': b'-- Up-to-date symlink: /home/maxim/super_ws/install/px4_msgs/include/px4_msgs/px4_msgs/msg/detail/telemetry_status__traits.hpp\n'}
[2.330716] (px4_msgs) StdoutLine: {'line': b'-- Up-to-date symlink: /home/maxim/super_ws/install/px4_msgs/include/px4_msgs/px4_msgs/msg/detail/telemetry_status__type_support.hpp\n'}
[2.330866] (px4_msgs) StdoutLine: {'line': b'-- Up-to-date symlink: /home/maxim/super_ws/install/px4_msgs/include/px4_msgs/px4_msgs/msg/detail/tiltrotor_extra_controls__builder.hpp\n'}
[2.331005] (px4_msgs) StdoutLine: {'line': b'-- Up-to-date symlink: /home/maxim/super_ws/install/px4_msgs/include/px4_msgs/px4_msgs/msg/detail/tiltrotor_extra_controls__struct.hpp\n'}
[2.331227] (px4_msgs) StdoutLine: {'line': b'-- Up-to-date symlink: /home/maxim/super_ws/install/px4_msgs/include/px4_msgs/px4_msgs/msg/detail/tiltrotor_extra_controls__traits.hpp\n'}
[2.331365] (px4_msgs) StdoutLine: {'line': b'-- Up-to-date symlink: /home/maxim/super_ws/install/px4_msgs/include/px4_msgs/px4_msgs/msg/detail/tiltrotor_extra_controls__type_support.hpp\n'}
[2.331532] (px4_msgs) StdoutLine: {'line': b'-- Up-to-date symlink: /home/maxim/super_ws/install/px4_msgs/include/px4_msgs/px4_msgs/msg/detail/timesync_status__builder.hpp\n'}
[2.331704] (px4_msgs) StdoutLine: {'line': b'-- Up-to-date symlink: /home/maxim/super_ws/install/px4_msgs/include/px4_msgs/px4_msgs/msg/detail/timesync_status__struct.hpp\n'}
[2.332089] (px4_msgs) StdoutLine: {'line': b'-- Up-to-date symlink: /home/maxim/super_ws/install/px4_msgs/include/px4_msgs/px4_msgs/msg/detail/timesync_status__traits.hpp\n'}
[2.332313] (px4_msgs) StdoutLine: {'line': b'-- Up-to-date symlink: /home/maxim/super_ws/install/px4_msgs/include/px4_msgs/px4_msgs/msg/detail/timesync_status__type_support.hpp\n'}
[2.332505] (px4_msgs) StdoutLine: {'line': b'-- Up-to-date symlink: /home/maxim/super_ws/install/px4_msgs/include/px4_msgs/px4_msgs/msg/detail/trajectory_setpoint6dof__builder.hpp\n'}
[2.332606] (px4_msgs) StdoutLine: {'line': b'-- Up-to-date symlink: /home/maxim/super_ws/install/px4_msgs/include/px4_msgs/px4_msgs/msg/detail/trajectory_setpoint6dof__struct.hpp\n'}
[2.332756] (px4_msgs) StdoutLine: {'line': b'-- Up-to-date symlink: /home/maxim/super_ws/install/px4_msgs/include/px4_msgs/px4_msgs/msg/detail/trajectory_setpoint6dof__traits.hpp\n'}
[2.332919] (px4_msgs) StdoutLine: {'line': b'-- Up-to-date symlink: /home/maxim/super_ws/install/px4_msgs/include/px4_msgs/px4_msgs/msg/detail/trajectory_setpoint6dof__type_support.hpp\n'}
[2.333020] (px4_msgs) StdoutLine: {'line': b'-- Up-to-date symlink: /home/maxim/super_ws/install/px4_msgs/include/px4_msgs/px4_msgs/msg/detail/trajectory_setpoint__builder.hpp\n'}
[2.333266] (px4_msgs) StdoutLine: {'line': b'-- Up-to-date symlink: /home/maxim/super_ws/install/px4_msgs/include/px4_msgs/px4_msgs/msg/detail/trajectory_setpoint__struct.hpp\n'}
[2.333431] (px4_msgs) StdoutLine: {'line': b'-- Up-to-date symlink: /home/maxim/super_ws/install/px4_msgs/include/px4_msgs/px4_msgs/msg/detail/trajectory_setpoint__traits.hpp\n'}
[2.333571] (px4_msgs) StdoutLine: {'line': b'-- Up-to-date symlink: /home/maxim/super_ws/install/px4_msgs/include/px4_msgs/px4_msgs/msg/detail/trajectory_setpoint__type_support.hpp\n'}
[2.333741] (px4_msgs) StdoutLine: {'line': b'-- Up-to-date symlink: /home/maxim/super_ws/install/px4_msgs/include/px4_msgs/px4_msgs/msg/detail/transponder_report__builder.hpp\n'}
[2.333932] (px4_msgs) StdoutLine: {'line': b'-- Up-to-date symlink: /home/maxim/super_ws/install/px4_msgs/include/px4_msgs/px4_msgs/msg/detail/transponder_report__struct.hpp\n'}
[2.334045] (px4_msgs) StdoutLine: {'line': b'-- Up-to-date symlink: /home/maxim/super_ws/install/px4_msgs/include/px4_msgs/px4_msgs/msg/detail/transponder_report__traits.hpp\n'}
[2.334216] (px4_msgs) StdoutLine: {'line': b'-- Up-to-date symlink: /home/maxim/super_ws/install/px4_msgs/include/px4_msgs/px4_msgs/msg/detail/transponder_report__type_support.hpp\n'}
[2.334460] (px4_msgs) StdoutLine: {'line': b'-- Up-to-date symlink: /home/maxim/super_ws/install/px4_msgs/include/px4_msgs/px4_msgs/msg/detail/tune_control__builder.hpp\n'}
[2.334645] (px4_msgs) StdoutLine: {'line': b'-- Up-to-date symlink: /home/maxim/super_ws/install/px4_msgs/include/px4_msgs/px4_msgs/msg/detail/tune_control__struct.hpp\n'}
[2.334827] (px4_msgs) StdoutLine: {'line': b'-- Up-to-date symlink: /home/maxim/super_ws/install/px4_msgs/include/px4_msgs/px4_msgs/msg/detail/tune_control__traits.hpp\n'}
[2.334973] (px4_msgs) StdoutLine: {'line': b'-- Up-to-date symlink: /home/maxim/super_ws/install/px4_msgs/include/px4_msgs/px4_msgs/msg/detail/tune_control__type_support.hpp\n'}
[2.335165] (px4_msgs) StdoutLine: {'line': b'-- Up-to-date symlink: /home/maxim/super_ws/install/px4_msgs/include/px4_msgs/px4_msgs/msg/detail/uavcan_parameter_request__builder.hpp\n'}
[2.335279] (px4_msgs) StdoutLine: {'line': b'-- Up-to-date symlink: /home/maxim/super_ws/install/px4_msgs/include/px4_msgs/px4_msgs/msg/detail/uavcan_parameter_request__struct.hpp\n'}
[2.335416] (px4_msgs) StdoutLine: {'line': b'-- Up-to-date symlink: /home/maxim/super_ws/install/px4_msgs/include/px4_msgs/px4_msgs/msg/detail/uavcan_parameter_request__traits.hpp\n'}
[2.335516] (px4_msgs) StdoutLine: {'line': b'-- Up-to-date symlink: /home/maxim/super_ws/install/px4_msgs/include/px4_msgs/px4_msgs/msg/detail/uavcan_parameter_request__type_support.hpp\n'}
[2.335594] (px4_msgs) StdoutLine: {'line': b'-- Up-to-date symlink: /home/maxim/super_ws/install/px4_msgs/include/px4_msgs/px4_msgs/msg/detail/uavcan_parameter_value__builder.hpp\n'}
[2.335690] (px4_msgs) StdoutLine: {'line': b'-- Up-to-date symlink: /home/maxim/super_ws/install/px4_msgs/include/px4_msgs/px4_msgs/msg/detail/uavcan_parameter_value__struct.hpp\n'}
[2.335799] (px4_msgs) StdoutLine: {'line': b'-- Up-to-date symlink: /home/maxim/super_ws/install/px4_msgs/include/px4_msgs/px4_msgs/msg/detail/uavcan_parameter_value__traits.hpp\n'}
[2.335906] (px4_msgs) StdoutLine: {'line': b'-- Up-to-date symlink: /home/maxim/super_ws/install/px4_msgs/include/px4_msgs/px4_msgs/msg/detail/uavcan_parameter_value__type_support.hpp\n'}
[2.336017] (px4_msgs) StdoutLine: {'line': b'-- Up-to-date symlink: /home/maxim/super_ws/install/px4_msgs/include/px4_msgs/px4_msgs/msg/detail/ulog_stream__builder.hpp\n'}
[2.336131] (px4_msgs) StdoutLine: {'line': b'-- Up-to-date symlink: /home/maxim/super_ws/install/px4_msgs/include/px4_msgs/px4_msgs/msg/detail/ulog_stream__struct.hpp\n'}
[2.336241] (px4_msgs) StdoutLine: {'line': b'-- Up-to-date symlink: /home/maxim/super_ws/install/px4_msgs/include/px4_msgs/px4_msgs/msg/detail/ulog_stream__traits.hpp\n'}
[2.336354] (px4_msgs) StdoutLine: {'line': b'-- Up-to-date symlink: /home/maxim/super_ws/install/px4_msgs/include/px4_msgs/px4_msgs/msg/detail/ulog_stream__type_support.hpp\n'}
[2.336461] (px4_msgs) StdoutLine: {'line': b'-- Up-to-date symlink: /home/maxim/super_ws/install/px4_msgs/include/px4_msgs/px4_msgs/msg/detail/ulog_stream_ack__builder.hpp\n'}
[2.336570] (px4_msgs) StdoutLine: {'line': b'-- Up-to-date symlink: /home/maxim/super_ws/install/px4_msgs/include/px4_msgs/px4_msgs/msg/detail/ulog_stream_ack__struct.hpp\n'}
[2.336677] (px4_msgs) StdoutLine: {'line': b'-- Up-to-date symlink: /home/maxim/super_ws/install/px4_msgs/include/px4_msgs/px4_msgs/msg/detail/ulog_stream_ack__traits.hpp\n'}
[2.336855] (px4_msgs) StdoutLine: {'line': b'-- Up-to-date symlink: /home/maxim/super_ws/install/px4_msgs/include/px4_msgs/px4_msgs/msg/detail/ulog_stream_ack__type_support.hpp\n'}
[2.337024] (px4_msgs) StdoutLine: {'line': b'-- Up-to-date symlink: /home/maxim/super_ws/install/px4_msgs/include/px4_msgs/px4_msgs/msg/detail/unregister_ext_component__builder.hpp\n'}
[2.337220] (px4_msgs) StdoutLine: {'line': b'-- Up-to-date symlink: /home/maxim/super_ws/install/px4_msgs/include/px4_msgs/px4_msgs/msg/detail/unregister_ext_component__struct.hpp\n'}
[2.337431] (px4_msgs) StdoutLine: {'line': b'-- Up-to-date symlink: /home/maxim/super_ws/install/px4_msgs/include/px4_msgs/px4_msgs/msg/detail/unregister_ext_component__traits.hpp\n'}
[2.337579] (px4_msgs) StdoutLine: {'line': b'-- Up-to-date symlink: /home/maxim/super_ws/install/px4_msgs/include/px4_msgs/px4_msgs/msg/detail/unregister_ext_component__type_support.hpp\n'}
[2.337727] (px4_msgs) StdoutLine: {'line': b'-- Up-to-date symlink: /home/maxim/super_ws/install/px4_msgs/include/px4_msgs/px4_msgs/msg/detail/vehicle_acceleration__builder.hpp\n'}
[2.337878] (px4_msgs) StdoutLine: {'line': b'-- Up-to-date symlink: /home/maxim/super_ws/install/px4_msgs/include/px4_msgs/px4_msgs/msg/detail/vehicle_acceleration__struct.hpp\n'}
[2.337979] (px4_msgs) StdoutLine: {'line': b'-- Up-to-date symlink: /home/maxim/super_ws/install/px4_msgs/include/px4_msgs/px4_msgs/msg/detail/vehicle_acceleration__traits.hpp\n'}
[2.338159] (px4_msgs) StdoutLine: {'line': b'-- Up-to-date symlink: /home/maxim/super_ws/install/px4_msgs/include/px4_msgs/px4_msgs/msg/detail/vehicle_acceleration__type_support.hpp\n'}
[2.338322] (px4_msgs) StdoutLine: {'line': b'-- Up-to-date symlink: /home/maxim/super_ws/install/px4_msgs/include/px4_msgs/px4_msgs/msg/detail/vehicle_air_data__builder.hpp\n'}
[2.338453] (px4_msgs) StdoutLine: {'line': b'-- Up-to-date symlink: /home/maxim/super_ws/install/px4_msgs/include/px4_msgs/px4_msgs/msg/detail/vehicle_air_data__struct.hpp\n'}
[2.338617] (px4_msgs) StdoutLine: {'line': b'-- Up-to-date symlink: /home/maxim/super_ws/install/px4_msgs/include/px4_msgs/px4_msgs/msg/detail/vehicle_air_data__traits.hpp\n'}
[2.338820] (px4_msgs) StdoutLine: {'line': b'-- Up-to-date symlink: /home/maxim/super_ws/install/px4_msgs/include/px4_msgs/px4_msgs/msg/detail/vehicle_air_data__type_support.hpp\n'}
[2.338934] (px4_msgs) StdoutLine: {'line': b'-- Up-to-date symlink: /home/maxim/super_ws/install/px4_msgs/include/px4_msgs/px4_msgs/msg/detail/vehicle_angular_acceleration_setpoint__builder.hpp\n'}
[2.339018] (px4_msgs) StdoutLine: {'line': b'-- Up-to-date symlink: /home/maxim/super_ws/install/px4_msgs/include/px4_msgs/px4_msgs/msg/detail/vehicle_angular_acceleration_setpoint__struct.hpp\n'}
[2.339209] (px4_msgs) StdoutLine: {'line': b'-- Up-to-date symlink: /home/maxim/super_ws/install/px4_msgs/include/px4_msgs/px4_msgs/msg/detail/vehicle_angular_acceleration_setpoint__traits.hpp\n'}
[2.339450] (px4_msgs) StdoutLine: {'line': b'-- Up-to-date symlink: /home/maxim/super_ws/install/px4_msgs/include/px4_msgs/px4_msgs/msg/detail/vehicle_angular_acceleration_setpoint__type_support.hpp\n'}
[2.339657] (px4_msgs) StdoutLine: {'line': b'-- Up-to-date symlink: /home/maxim/super_ws/install/px4_msgs/include/px4_msgs/px4_msgs/msg/detail/vehicle_angular_velocity__builder.hpp\n'}
[2.339850] (px4_msgs) StdoutLine: {'line': b'-- Up-to-date symlink: /home/maxim/super_ws/install/px4_msgs/include/px4_msgs/px4_msgs/msg/detail/vehicle_angular_velocity__struct.hpp\n'}
[2.340054] (px4_msgs) StdoutLine: {'line': b'-- Up-to-date symlink: /home/maxim/super_ws/install/px4_msgs/include/px4_msgs/px4_msgs/msg/detail/vehicle_angular_velocity__traits.hpp\n'}
[2.340304] (px4_msgs) StdoutLine: {'line': b'-- Up-to-date symlink: /home/maxim/super_ws/install/px4_msgs/include/px4_msgs/px4_msgs/msg/detail/vehicle_angular_velocity__type_support.hpp\n'}
[2.340527] (px4_msgs) StdoutLine: {'line': b'-- Up-to-date symlink: /home/maxim/super_ws/install/px4_msgs/include/px4_msgs/px4_msgs/msg/detail/vehicle_attitude__builder.hpp\n'}
[2.340657] (px4_msgs) StdoutLine: {'line': b'-- Up-to-date symlink: /home/maxim/super_ws/install/px4_msgs/include/px4_msgs/px4_msgs/msg/detail/vehicle_attitude__struct.hpp\n'}
[2.340850] (px4_msgs) StdoutLine: {'line': b'-- Up-to-date symlink: /home/maxim/super_ws/install/px4_msgs/include/px4_msgs/px4_msgs/msg/detail/vehicle_attitude__traits.hpp\n'}
[2.341028] (px4_msgs) StdoutLine: {'line': b'-- Up-to-date symlink: /home/maxim/super_ws/install/px4_msgs/include/px4_msgs/px4_msgs/msg/detail/vehicle_attitude__type_support.hpp\n'}
[2.341211] (px4_msgs) StdoutLine: {'line': b'-- Up-to-date symlink: /home/maxim/super_ws/install/px4_msgs/include/px4_msgs/px4_msgs/msg/detail/vehicle_attitude_setpoint__builder.hpp\n'}
[2.341382] (px4_msgs) StdoutLine: {'line': b'-- Up-to-date symlink: /home/maxim/super_ws/install/px4_msgs/include/px4_msgs/px4_msgs/msg/detail/vehicle_attitude_setpoint__struct.hpp\n'}
[2.341558] (px4_msgs) StdoutLine: {'line': b'-- Up-to-date symlink: /home/maxim/super_ws/install/px4_msgs/include/px4_msgs/px4_msgs/msg/detail/vehicle_attitude_setpoint__traits.hpp\n'}
[2.341716] (px4_msgs) StdoutLine: {'line': b'-- Up-to-date symlink: /home/maxim/super_ws/install/px4_msgs/include/px4_msgs/px4_msgs/msg/detail/vehicle_attitude_setpoint__type_support.hpp\n'}
[2.341882] (px4_msgs) StdoutLine: {'line': b'-- Up-to-date symlink: /home/maxim/super_ws/install/px4_msgs/include/px4_msgs/px4_msgs/msg/detail/vehicle_command__builder.hpp\n'}
[2.342027] (px4_msgs) StdoutLine: {'line': b'-- Up-to-date symlink: /home/maxim/super_ws/install/px4_msgs/include/px4_msgs/px4_msgs/msg/detail/vehicle_command__struct.hpp\n'}
[2.342182] (px4_msgs) StdoutLine: {'line': b'-- Up-to-date symlink: /home/maxim/super_ws/install/px4_msgs/include/px4_msgs/px4_msgs/msg/detail/vehicle_command__traits.hpp\n'}
[2.342310] (px4_msgs) StdoutLine: {'line': b'-- Up-to-date symlink: /home/maxim/super_ws/install/px4_msgs/include/px4_msgs/px4_msgs/msg/detail/vehicle_command__type_support.hpp\n'}
[2.342501] (px4_msgs) StdoutLine: {'line': b'-- Up-to-date symlink: /home/maxim/super_ws/install/px4_msgs/include/px4_msgs/px4_msgs/msg/detail/vehicle_command_ack__builder.hpp\n'}
[2.342652] (px4_msgs) StdoutLine: {'line': b'-- Up-to-date symlink: /home/maxim/super_ws/install/px4_msgs/include/px4_msgs/px4_msgs/msg/detail/vehicle_command_ack__struct.hpp\n'}
[2.342851] (px4_msgs) StdoutLine: {'line': b'-- Up-to-date symlink: /home/maxim/super_ws/install/px4_msgs/include/px4_msgs/px4_msgs/msg/detail/vehicle_command_ack__traits.hpp\n'}
[2.342999] (px4_msgs) StdoutLine: {'line': b'-- Up-to-date symlink: /home/maxim/super_ws/install/px4_msgs/include/px4_msgs/px4_msgs/msg/detail/vehicle_command_ack__type_support.hpp\n'}
[2.343197] (px4_msgs) StdoutLine: {'line': b'-- Up-to-date symlink: /home/maxim/super_ws/install/px4_msgs/include/px4_msgs/px4_msgs/msg/detail/vehicle_constraints__builder.hpp\n'}
[2.343293] (px4_msgs) StdoutLine: {'line': b'-- Up-to-date symlink: /home/maxim/super_ws/install/px4_msgs/include/px4_msgs/px4_msgs/msg/detail/vehicle_constraints__struct.hpp\n'}
[2.343461] (px4_msgs) StdoutLine: {'line': b'-- Up-to-date symlink: /home/maxim/super_ws/install/px4_msgs/include/px4_msgs/px4_msgs/msg/detail/vehicle_constraints__traits.hpp\n'}
[2.343626] (px4_msgs) StdoutLine: {'line': b'-- Up-to-date symlink: /home/maxim/super_ws/install/px4_msgs/include/px4_msgs/px4_msgs/msg/detail/vehicle_constraints__type_support.hpp\n'}
[2.343781] (px4_msgs) StdoutLine: {'line': b'-- Up-to-date symlink: /home/maxim/super_ws/install/px4_msgs/include/px4_msgs/px4_msgs/msg/detail/vehicle_control_mode__builder.hpp\n'}
[2.343923] (px4_msgs) StdoutLine: {'line': b'-- Up-to-date symlink: /home/maxim/super_ws/install/px4_msgs/include/px4_msgs/px4_msgs/msg/detail/vehicle_control_mode__struct.hpp\n'}
[2.344120] (px4_msgs) StdoutLine: {'line': b'-- Up-to-date symlink: /home/maxim/super_ws/install/px4_msgs/include/px4_msgs/px4_msgs/msg/detail/vehicle_control_mode__traits.hpp\n'}
[2.344282] (px4_msgs) StdoutLine: {'line': b'-- Up-to-date symlink: /home/maxim/super_ws/install/px4_msgs/include/px4_msgs/px4_msgs/msg/detail/vehicle_control_mode__type_support.hpp\n'}
[2.344428] (px4_msgs) StdoutLine: {'line': b'-- Up-to-date symlink: /home/maxim/super_ws/install/px4_msgs/include/px4_msgs/px4_msgs/msg/detail/vehicle_global_position__builder.hpp\n'}
[2.344575] (px4_msgs) StdoutLine: {'line': b'-- Up-to-date symlink: /home/maxim/super_ws/install/px4_msgs/include/px4_msgs/px4_msgs/msg/detail/vehicle_global_position__struct.hpp\n'}
[2.344720] (px4_msgs) StdoutLine: {'line': b'-- Up-to-date symlink: /home/maxim/super_ws/install/px4_msgs/include/px4_msgs/px4_msgs/msg/detail/vehicle_global_position__traits.hpp\n'}
[2.344848] (px4_msgs) StdoutLine: {'line': b'-- Up-to-date symlink: /home/maxim/super_ws/install/px4_msgs/include/px4_msgs/px4_msgs/msg/detail/vehicle_global_position__type_support.hpp\n'}
[2.345052] (px4_msgs) StdoutLine: {'line': b'-- Up-to-date symlink: /home/maxim/super_ws/install/px4_msgs/include/px4_msgs/px4_msgs/msg/detail/vehicle_imu__builder.hpp\n'}
[2.345241] (px4_msgs) StdoutLine: {'line': b'-- Up-to-date symlink: /home/maxim/super_ws/install/px4_msgs/include/px4_msgs/px4_msgs/msg/detail/vehicle_imu__struct.hpp\n'}
[2.345405] (px4_msgs) StdoutLine: {'line': b'-- Up-to-date symlink: /home/maxim/super_ws/install/px4_msgs/include/px4_msgs/px4_msgs/msg/detail/vehicle_imu__traits.hpp\n'}
[2.345609] (px4_msgs) StdoutLine: {'line': b'-- Up-to-date symlink: /home/maxim/super_ws/install/px4_msgs/include/px4_msgs/px4_msgs/msg/detail/vehicle_imu__type_support.hpp\n'}
[2.345832] (px4_msgs) StdoutLine: {'line': b'-- Up-to-date symlink: /home/maxim/super_ws/install/px4_msgs/include/px4_msgs/px4_msgs/msg/detail/vehicle_imu_status__builder.hpp\n'}
[2.345936] (px4_msgs) StdoutLine: {'line': b'-- Up-to-date symlink: /home/maxim/super_ws/install/px4_msgs/include/px4_msgs/px4_msgs/msg/detail/vehicle_imu_status__struct.hpp\n'}
[2.346013] (px4_msgs) StdoutLine: {'line': b'-- Up-to-date symlink: /home/maxim/super_ws/install/px4_msgs/include/px4_msgs/px4_msgs/msg/detail/vehicle_imu_status__traits.hpp\n'}
[2.346157] (px4_msgs) StdoutLine: {'line': b'-- Up-to-date symlink: /home/maxim/super_ws/install/px4_msgs/include/px4_msgs/px4_msgs/msg/detail/vehicle_imu_status__type_support.hpp\n'}
[2.346314] (px4_msgs) StdoutLine: {'line': b'-- Up-to-date symlink: /home/maxim/super_ws/install/px4_msgs/include/px4_msgs/px4_msgs/msg/detail/vehicle_land_detected__builder.hpp\n'}
[2.346467] (px4_msgs) StdoutLine: {'line': b'-- Up-to-date symlink: /home/maxim/super_ws/install/px4_msgs/include/px4_msgs/px4_msgs/msg/detail/vehicle_land_detected__struct.hpp\n'}
[2.346632] (px4_msgs) StdoutLine: {'line': b'-- Up-to-date symlink: /home/maxim/super_ws/install/px4_msgs/include/px4_msgs/px4_msgs/msg/detail/vehicle_land_detected__traits.hpp\n'}
[2.346733] (px4_msgs) StdoutLine: {'line': b'-- Up-to-date symlink: /home/maxim/super_ws/install/px4_msgs/include/px4_msgs/px4_msgs/msg/detail/vehicle_land_detected__type_support.hpp\n'}
[2.346840] (px4_msgs) StdoutLine: {'line': b'-- Up-to-date symlink: /home/maxim/super_ws/install/px4_msgs/include/px4_msgs/px4_msgs/msg/detail/vehicle_local_position__builder.hpp\n'}
[2.346928] (px4_msgs) StdoutLine: {'line': b'-- Up-to-date symlink: /home/maxim/super_ws/install/px4_msgs/include/px4_msgs/px4_msgs/msg/detail/vehicle_local_position__struct.hpp\n'}
[2.347039] (px4_msgs) StdoutLine: {'line': b'-- Up-to-date symlink: /home/maxim/super_ws/install/px4_msgs/include/px4_msgs/px4_msgs/msg/detail/vehicle_local_position__traits.hpp\n'}
[2.347159] (px4_msgs) StdoutLine: {'line': b'-- Up-to-date symlink: /home/maxim/super_ws/install/px4_msgs/include/px4_msgs/px4_msgs/msg/detail/vehicle_local_position__type_support.hpp\n'}
[2.347271] (px4_msgs) StdoutLine: {'line': b'-- Up-to-date symlink: /home/maxim/super_ws/install/px4_msgs/include/px4_msgs/px4_msgs/msg/detail/vehicle_local_position_setpoint__builder.hpp\n'}
[2.347398] (px4_msgs) StdoutLine: {'line': b'-- Up-to-date symlink: /home/maxim/super_ws/install/px4_msgs/include/px4_msgs/px4_msgs/msg/detail/vehicle_local_position_setpoint__struct.hpp\n'}
[2.347510] (px4_msgs) StdoutLine: {'line': b'-- Up-to-date symlink: /home/maxim/super_ws/install/px4_msgs/include/px4_msgs/px4_msgs/msg/detail/vehicle_local_position_setpoint__traits.hpp\n'}
[2.347622] (px4_msgs) StdoutLine: {'line': b'-- Up-to-date symlink: /home/maxim/super_ws/install/px4_msgs/include/px4_msgs/px4_msgs/msg/detail/vehicle_local_position_setpoint__type_support.hpp\n'}
[2.347729] (px4_msgs) StdoutLine: {'line': b'-- Up-to-date symlink: /home/maxim/super_ws/install/px4_msgs/include/px4_msgs/px4_msgs/msg/detail/vehicle_magnetometer__builder.hpp\n'}
[2.347819] (px4_msgs) StdoutLine: {'line': b'-- Up-to-date symlink: /home/maxim/super_ws/install/px4_msgs/include/px4_msgs/px4_msgs/msg/detail/vehicle_magnetometer__struct.hpp\n'}
[2.347927] (px4_msgs) StdoutLine: {'line': b'-- Up-to-date symlink: /home/maxim/super_ws/install/px4_msgs/include/px4_msgs/px4_msgs/msg/detail/vehicle_magnetometer__traits.hpp\n'}
[2.348035] (px4_msgs) StdoutLine: {'line': b'-- Up-to-date symlink: /home/maxim/super_ws/install/px4_msgs/include/px4_msgs/px4_msgs/msg/detail/vehicle_magnetometer__type_support.hpp\n'}
[2.348153] (px4_msgs) StdoutLine: {'line': b'-- Up-to-date symlink: /home/maxim/super_ws/install/px4_msgs/include/px4_msgs/px4_msgs/msg/detail/vehicle_odometry__builder.hpp\n'}
[2.348257] (px4_msgs) StdoutLine: {'line': b'-- Up-to-date symlink: /home/maxim/super_ws/install/px4_msgs/include/px4_msgs/px4_msgs/msg/detail/vehicle_odometry__struct.hpp\n'}
[2.348365] (px4_msgs) StdoutLine: {'line': b'-- Up-to-date symlink: /home/maxim/super_ws/install/px4_msgs/include/px4_msgs/px4_msgs/msg/detail/vehicle_odometry__traits.hpp\n'}
[2.348478] (px4_msgs) StdoutLine: {'line': b'-- Up-to-date symlink: /home/maxim/super_ws/install/px4_msgs/include/px4_msgs/px4_msgs/msg/detail/vehicle_odometry__type_support.hpp\n'}
[2.348586] (px4_msgs) StdoutLine: {'line': b'-- Up-to-date symlink: /home/maxim/super_ws/install/px4_msgs/include/px4_msgs/px4_msgs/msg/detail/vehicle_optical_flow__builder.hpp\n'}
[2.348696] (px4_msgs) StdoutLine: {'line': b'-- Up-to-date symlink: /home/maxim/super_ws/install/px4_msgs/include/px4_msgs/px4_msgs/msg/detail/vehicle_optical_flow__struct.hpp\n'}
[2.348804] (px4_msgs) StdoutLine: {'line': b'-- Up-to-date symlink: /home/maxim/super_ws/install/px4_msgs/include/px4_msgs/px4_msgs/msg/detail/vehicle_optical_flow__traits.hpp\n'}
[2.348919] (px4_msgs) StdoutLine: {'line': b'-- Up-to-date symlink: /home/maxim/super_ws/install/px4_msgs/include/px4_msgs/px4_msgs/msg/detail/vehicle_optical_flow__type_support.hpp\n'}
[2.349026] (px4_msgs) StdoutLine: {'line': b'-- Up-to-date symlink: /home/maxim/super_ws/install/px4_msgs/include/px4_msgs/px4_msgs/msg/detail/vehicle_optical_flow_vel__builder.hpp\n'}
[2.349143] (px4_msgs) StdoutLine: {'line': b'-- Up-to-date symlink: /home/maxim/super_ws/install/px4_msgs/include/px4_msgs/px4_msgs/msg/detail/vehicle_optical_flow_vel__struct.hpp\n'}
[2.349255] (px4_msgs) StdoutLine: {'line': b'-- Up-to-date symlink: /home/maxim/super_ws/install/px4_msgs/include/px4_msgs/px4_msgs/msg/detail/vehicle_optical_flow_vel__traits.hpp\n'}
[2.349365] (px4_msgs) StdoutLine: {'line': b'-- Up-to-date symlink: /home/maxim/super_ws/install/px4_msgs/include/px4_msgs/px4_msgs/msg/detail/vehicle_optical_flow_vel__type_support.hpp\n'}
[2.349473] (px4_msgs) StdoutLine: {'line': b'-- Up-to-date symlink: /home/maxim/super_ws/install/px4_msgs/include/px4_msgs/px4_msgs/msg/detail/vehicle_rates_setpoint__builder.hpp\n'}
[2.349580] (px4_msgs) StdoutLine: {'line': b'-- Up-to-date symlink: /home/maxim/super_ws/install/px4_msgs/include/px4_msgs/px4_msgs/msg/detail/vehicle_rates_setpoint__struct.hpp\n'}
[2.349687] (px4_msgs) StdoutLine: {'line': b'-- Up-to-date symlink: /home/maxim/super_ws/install/px4_msgs/include/px4_msgs/px4_msgs/msg/detail/vehicle_rates_setpoint__traits.hpp\n'}
[2.349797] (px4_msgs) StdoutLine: {'line': b'-- Up-to-date symlink: /home/maxim/super_ws/install/px4_msgs/include/px4_msgs/px4_msgs/msg/detail/vehicle_rates_setpoint__type_support.hpp\n'}
[2.349905] (px4_msgs) StdoutLine: {'line': b'-- Up-to-date symlink: /home/maxim/super_ws/install/px4_msgs/include/px4_msgs/px4_msgs/msg/detail/vehicle_roi__builder.hpp\n'}
[2.350013] (px4_msgs) StdoutLine: {'line': b'-- Up-to-date symlink: /home/maxim/super_ws/install/px4_msgs/include/px4_msgs/px4_msgs/msg/detail/vehicle_roi__struct.hpp\n'}
[2.350127] (px4_msgs) StdoutLine: {'line': b'-- Up-to-date symlink: /home/maxim/super_ws/install/px4_msgs/include/px4_msgs/px4_msgs/msg/detail/vehicle_roi__traits.hpp\n'}
[2.350235] (px4_msgs) StdoutLine: {'line': b'-- Up-to-date symlink: /home/maxim/super_ws/install/px4_msgs/include/px4_msgs/px4_msgs/msg/detail/vehicle_roi__type_support.hpp\n'}
[2.350342] (px4_msgs) StdoutLine: {'line': b'-- Up-to-date symlink: /home/maxim/super_ws/install/px4_msgs/include/px4_msgs/px4_msgs/msg/detail/vehicle_status__builder.hpp\n'}
[2.350451] (px4_msgs) StdoutLine: {'line': b'-- Up-to-date symlink: /home/maxim/super_ws/install/px4_msgs/include/px4_msgs/px4_msgs/msg/detail/vehicle_status__struct.hpp\n'}
[2.350559] (px4_msgs) StdoutLine: {'line': b'-- Up-to-date symlink: /home/maxim/super_ws/install/px4_msgs/include/px4_msgs/px4_msgs/msg/detail/vehicle_status__traits.hpp\n'}
[2.350666] (px4_msgs) StdoutLine: {'line': b'-- Up-to-date symlink: /home/maxim/super_ws/install/px4_msgs/include/px4_msgs/px4_msgs/msg/detail/vehicle_status__type_support.hpp\n'}
[2.350776] (px4_msgs) StdoutLine: {'line': b'-- Up-to-date symlink: /home/maxim/super_ws/install/px4_msgs/include/px4_msgs/px4_msgs/msg/detail/vehicle_thrust_setpoint__builder.hpp\n'}
[2.350885] (px4_msgs) StdoutLine: {'line': b'-- Up-to-date symlink: /home/maxim/super_ws/install/px4_msgs/include/px4_msgs/px4_msgs/msg/detail/vehicle_thrust_setpoint__struct.hpp\n'}
[2.350993] (px4_msgs) StdoutLine: {'line': b'-- Up-to-date symlink: /home/maxim/super_ws/install/px4_msgs/include/px4_msgs/px4_msgs/msg/detail/vehicle_thrust_setpoint__traits.hpp\n'}
[2.351106] (px4_msgs) StdoutLine: {'line': b'-- Up-to-date symlink: /home/maxim/super_ws/install/px4_msgs/include/px4_msgs/px4_msgs/msg/detail/vehicle_thrust_setpoint__type_support.hpp\n'}
[2.351276] (px4_msgs) StdoutLine: {'line': b'-- Up-to-date symlink: /home/maxim/super_ws/install/px4_msgs/include/px4_msgs/px4_msgs/msg/detail/vehicle_torque_setpoint__builder.hpp\n'}
[2.351415] (px4_msgs) StdoutLine: {'line': b'-- Up-to-date symlink: /home/maxim/super_ws/install/px4_msgs/include/px4_msgs/px4_msgs/msg/detail/vehicle_torque_setpoint__struct.hpp\n'}
[2.351523] (px4_msgs) StdoutLine: {'line': b'-- Up-to-date symlink: /home/maxim/super_ws/install/px4_msgs/include/px4_msgs/px4_msgs/msg/detail/vehicle_torque_setpoint__traits.hpp\n'}
[2.351629] (px4_msgs) StdoutLine: {'line': b'-- Up-to-date symlink: /home/maxim/super_ws/install/px4_msgs/include/px4_msgs/px4_msgs/msg/detail/vehicle_torque_setpoint__type_support.hpp\n'}
[2.351729] (px4_msgs) StdoutLine: {'line': b'-- Up-to-date symlink: /home/maxim/super_ws/install/px4_msgs/include/px4_msgs/px4_msgs/msg/detail/velocity_limits__builder.hpp\n'}
[2.351839] (px4_msgs) StdoutLine: {'line': b'-- Up-to-date symlink: /home/maxim/super_ws/install/px4_msgs/include/px4_msgs/px4_msgs/msg/detail/velocity_limits__struct.hpp\n'}
[2.351919] (px4_msgs) StdoutLine: {'line': b'-- Up-to-date symlink: /home/maxim/super_ws/install/px4_msgs/include/px4_msgs/px4_msgs/msg/detail/velocity_limits__traits.hpp\n'}
[2.352027] (px4_msgs) StdoutLine: {'line': b'-- Up-to-date symlink: /home/maxim/super_ws/install/px4_msgs/include/px4_msgs/px4_msgs/msg/detail/velocity_limits__type_support.hpp\n'}
[2.352142] (px4_msgs) StdoutLine: {'line': b'-- Up-to-date symlink: /home/maxim/super_ws/install/px4_msgs/include/px4_msgs/px4_msgs/msg/detail/vte_aid_source1d__builder.hpp\n'}
[2.352250] (px4_msgs) StdoutLine: {'line': b'-- Up-to-date symlink: /home/maxim/super_ws/install/px4_msgs/include/px4_msgs/px4_msgs/msg/detail/vte_aid_source1d__struct.hpp\n'}
[2.352358] (px4_msgs) StdoutLine: {'line': b'-- Up-to-date symlink: /home/maxim/super_ws/install/px4_msgs/include/px4_msgs/px4_msgs/msg/detail/vte_aid_source1d__traits.hpp\n'}
[2.352471] (px4_msgs) StdoutLine: {'line': b'-- Up-to-date symlink: /home/maxim/super_ws/install/px4_msgs/include/px4_msgs/px4_msgs/msg/detail/vte_aid_source1d__type_support.hpp\n'}
[2.352581] (px4_msgs) StdoutLine: {'line': b'-- Up-to-date symlink: /home/maxim/super_ws/install/px4_msgs/include/px4_msgs/px4_msgs/msg/detail/vte_aid_source3d__builder.hpp\n'}
[2.352690] (px4_msgs) StdoutLine: {'line': b'-- Up-to-date symlink: /home/maxim/super_ws/install/px4_msgs/include/px4_msgs/px4_msgs/msg/detail/vte_aid_source3d__struct.hpp\n'}
[2.352800] (px4_msgs) StdoutLine: {'line': b'-- Up-to-date symlink: /home/maxim/super_ws/install/px4_msgs/include/px4_msgs/px4_msgs/msg/detail/vte_aid_source3d__traits.hpp\n'}
[2.352908] (px4_msgs) StdoutLine: {'line': b'-- Up-to-date symlink: /home/maxim/super_ws/install/px4_msgs/include/px4_msgs/px4_msgs/msg/detail/vte_aid_source3d__type_support.hpp\n'}
[2.353016] (px4_msgs) StdoutLine: {'line': b'-- Up-to-date symlink: /home/maxim/super_ws/install/px4_msgs/include/px4_msgs/px4_msgs/msg/detail/vte_bias_init_status__builder.hpp\n'}
[2.353129] (px4_msgs) StdoutLine: {'line': b'-- Up-to-date symlink: /home/maxim/super_ws/install/px4_msgs/include/px4_msgs/px4_msgs/msg/detail/vte_bias_init_status__struct.hpp\n'}
[2.353235] (px4_msgs) StdoutLine: {'line': b'-- Up-to-date symlink: /home/maxim/super_ws/install/px4_msgs/include/px4_msgs/px4_msgs/msg/detail/vte_bias_init_status__traits.hpp\n'}
[2.353343] (px4_msgs) StdoutLine: {'line': b'-- Up-to-date symlink: /home/maxim/super_ws/install/px4_msgs/include/px4_msgs/px4_msgs/msg/detail/vte_bias_init_status__type_support.hpp\n'}
[2.353453] (px4_msgs) StdoutLine: {'line': b'-- Up-to-date symlink: /home/maxim/super_ws/install/px4_msgs/include/px4_msgs/px4_msgs/msg/detail/vte_input__builder.hpp\n'}
[2.353563] (px4_msgs) StdoutLine: {'line': b'-- Up-to-date symlink: /home/maxim/super_ws/install/px4_msgs/include/px4_msgs/px4_msgs/msg/detail/vte_input__struct.hpp\n'}
[2.353672] (px4_msgs) StdoutLine: {'line': b'-- Up-to-date symlink: /home/maxim/super_ws/install/px4_msgs/include/px4_msgs/px4_msgs/msg/detail/vte_input__traits.hpp\n'}
[2.353778] (px4_msgs) StdoutLine: {'line': b'-- Up-to-date symlink: /home/maxim/super_ws/install/px4_msgs/include/px4_msgs/px4_msgs/msg/detail/vte_input__type_support.hpp\n'}
[2.353886] (px4_msgs) StdoutLine: {'line': b'-- Up-to-date symlink: /home/maxim/super_ws/install/px4_msgs/include/px4_msgs/px4_msgs/msg/detail/vte_orientation__builder.hpp\n'}
[2.353992] (px4_msgs) StdoutLine: {'line': b'-- Up-to-date symlink: /home/maxim/super_ws/install/px4_msgs/include/px4_msgs/px4_msgs/msg/detail/vte_orientation__struct.hpp\n'}
[2.354105] (px4_msgs) StdoutLine: {'line': b'-- Up-to-date symlink: /home/maxim/super_ws/install/px4_msgs/include/px4_msgs/px4_msgs/msg/detail/vte_orientation__traits.hpp\n'}
[2.354212] (px4_msgs) StdoutLine: {'line': b'-- Up-to-date symlink: /home/maxim/super_ws/install/px4_msgs/include/px4_msgs/px4_msgs/msg/detail/vte_orientation__type_support.hpp\n'}
[2.354321] (px4_msgs) StdoutLine: {'line': b'-- Up-to-date symlink: /home/maxim/super_ws/install/px4_msgs/include/px4_msgs/px4_msgs/msg/detail/vte_position__builder.hpp\n'}
[2.354430] (px4_msgs) StdoutLine: {'line': b'-- Up-to-date symlink: /home/maxim/super_ws/install/px4_msgs/include/px4_msgs/px4_msgs/msg/detail/vte_position__struct.hpp\n'}
[2.354537] (px4_msgs) StdoutLine: {'line': b'-- Up-to-date symlink: /home/maxim/super_ws/install/px4_msgs/include/px4_msgs/px4_msgs/msg/detail/vte_position__traits.hpp\n'}
[2.354645] (px4_msgs) StdoutLine: {'line': b'-- Up-to-date symlink: /home/maxim/super_ws/install/px4_msgs/include/px4_msgs/px4_msgs/msg/detail/vte_position__type_support.hpp\n'}
[2.354753] (px4_msgs) StdoutLine: {'line': b'-- Up-to-date symlink: /home/maxim/super_ws/install/px4_msgs/include/px4_msgs/px4_msgs/msg/detail/vtol_vehicle_status__builder.hpp\n'}
[2.354860] (px4_msgs) StdoutLine: {'line': b'-- Up-to-date symlink: /home/maxim/super_ws/install/px4_msgs/include/px4_msgs/px4_msgs/msg/detail/vtol_vehicle_status__struct.hpp\n'}
[2.354967] (px4_msgs) StdoutLine: {'line': b'-- Up-to-date symlink: /home/maxim/super_ws/install/px4_msgs/include/px4_msgs/px4_msgs/msg/detail/vtol_vehicle_status__traits.hpp\n'}
[2.355085] (px4_msgs) StdoutLine: {'line': b'-- Up-to-date symlink: /home/maxim/super_ws/install/px4_msgs/include/px4_msgs/px4_msgs/msg/detail/vtol_vehicle_status__type_support.hpp\n'}
[2.355193] (px4_msgs) StdoutLine: {'line': b'-- Up-to-date symlink: /home/maxim/super_ws/install/px4_msgs/include/px4_msgs/px4_msgs/msg/detail/vtx__builder.hpp\n'}
[2.355377] (px4_msgs) StdoutLine: {'line': b'-- Up-to-date symlink: /home/maxim/super_ws/install/px4_msgs/include/px4_msgs/px4_msgs/msg/detail/vtx__struct.hpp\n'}
[2.355595] (px4_msgs) StdoutLine: {'line': b'-- Up-to-date symlink: /home/maxim/super_ws/install/px4_msgs/include/px4_msgs/px4_msgs/msg/detail/vtx__traits.hpp\n'}
[2.355801] (px4_msgs) StdoutLine: {'line': b'-- Up-to-date symlink: /home/maxim/super_ws/install/px4_msgs/include/px4_msgs/px4_msgs/msg/detail/vtx__type_support.hpp\n'}
[2.355970] (px4_msgs) StdoutLine: {'line': b'-- Up-to-date symlink: /home/maxim/super_ws/install/px4_msgs/include/px4_msgs/px4_msgs/msg/detail/wheel_encoders__builder.hpp\n'}
[2.356160] (px4_msgs) StdoutLine: {'line': b'-- Up-to-date symlink: /home/maxim/super_ws/install/px4_msgs/include/px4_msgs/px4_msgs/msg/detail/wheel_encoders__struct.hpp\n'}
[2.356306] (px4_msgs) StdoutLine: {'line': b'-- Up-to-date symlink: /home/maxim/super_ws/install/px4_msgs/include/px4_msgs/px4_msgs/msg/detail/wheel_encoders__traits.hpp\n'}
[2.356457] (px4_msgs) StdoutLine: {'line': b'-- Up-to-date symlink: /home/maxim/super_ws/install/px4_msgs/include/px4_msgs/px4_msgs/msg/detail/wheel_encoders__type_support.hpp\n'}
[2.356563] (px4_msgs) StdoutLine: {'line': b'-- Up-to-date symlink: /home/maxim/super_ws/install/px4_msgs/include/px4_msgs/px4_msgs/msg/detail/wind__builder.hpp\n'}
[2.356743] (px4_msgs) StdoutLine: {'line': b'-- Up-to-date symlink: /home/maxim/super_ws/install/px4_msgs/include/px4_msgs/px4_msgs/msg/detail/wind__struct.hpp\n'}
[2.356899] (px4_msgs) StdoutLine: {'line': b'-- Up-to-date symlink: /home/maxim/super_ws/install/px4_msgs/include/px4_msgs/px4_msgs/msg/detail/wind__traits.hpp\n'}
[2.357345] (px4_msgs) StdoutLine: {'line': b'-- Up-to-date symlink: /home/maxim/super_ws/install/px4_msgs/include/px4_msgs/px4_msgs/msg/detail/wind__type_support.hpp\n'}
[2.357435] (px4_msgs) StdoutLine: {'line': b'-- Up-to-date symlink: /home/maxim/super_ws/install/px4_msgs/include/px4_msgs/px4_msgs/msg/detail/yaw_estimator_status__builder.hpp\n'}
[2.357560] (px4_msgs) StdoutLine: {'line': b'-- Up-to-date symlink: /home/maxim/super_ws/install/px4_msgs/include/px4_msgs/px4_msgs/msg/detail/yaw_estimator_status__struct.hpp\n'}
[2.357706] (px4_msgs) StdoutLine: {'line': b'-- Up-to-date symlink: /home/maxim/super_ws/install/px4_msgs/include/px4_msgs/px4_msgs/msg/detail/yaw_estimator_status__traits.hpp\n'}
[2.357790] (px4_msgs) StdoutLine: {'line': b'-- Up-to-date symlink: /home/maxim/super_ws/install/px4_msgs/include/px4_msgs/px4_msgs/msg/detail/yaw_estimator_status__type_support.hpp\n'}
[2.357915] (px4_msgs) StdoutLine: {'line': b'-- Up-to-date symlink: /home/maxim/super_ws/install/px4_msgs/include/px4_msgs/px4_msgs/msg/device_information.hpp\n'}
[2.357995] (px4_msgs) StdoutLine: {'line': b'-- Up-to-date symlink: /home/maxim/super_ws/install/px4_msgs/include/px4_msgs/px4_msgs/msg/differential_pressure.hpp\n'}
[2.358197] (px4_msgs) StdoutLine: {'line': b'-- Up-to-date symlink: /home/maxim/super_ws/install/px4_msgs/include/px4_msgs/px4_msgs/msg/distance_sensor.hpp\n'}
[2.358460] (px4_msgs) StdoutLine: {'line': b'-- Up-to-date symlink: /home/maxim/super_ws/install/px4_msgs/include/px4_msgs/px4_msgs/msg/distance_sensor_mode_change_request.hpp\n'}
[2.358657] (px4_msgs) StdoutLine: {'line': b'-- Up-to-date symlink: /home/maxim/super_ws/install/px4_msgs/include/px4_msgs/px4_msgs/msg/dronecan_node_status.hpp\n'}
[2.358906] (px4_msgs) StdoutLine: {'line': b'-- Up-to-date symlink: /home/maxim/super_ws/install/px4_msgs/include/px4_msgs/px4_msgs/msg/ekf2_timestamps.hpp\n'}
[2.359118] (px4_msgs) StdoutLine: {'line': b'-- Up-to-date symlink: /home/maxim/super_ws/install/px4_msgs/include/px4_msgs/px4_msgs/msg/esc_eeprom_read.hpp\n'}
[2.359290] (px4_msgs) StdoutLine: {'line': b'-- Up-to-date symlink: /home/maxim/super_ws/install/px4_msgs/include/px4_msgs/px4_msgs/msg/esc_eeprom_write.hpp\n'}
[2.359444] (px4_msgs) StdoutLine: {'line': b'-- Up-to-date symlink: /home/maxim/super_ws/install/px4_msgs/include/px4_msgs/px4_msgs/msg/esc_report.hpp\n'}
[2.359635] (px4_msgs) StdoutLine: {'line': b'-- Up-to-date symlink: /home/maxim/super_ws/install/px4_msgs/include/px4_msgs/px4_msgs/msg/esc_status.hpp\n'}
[2.359813] (px4_msgs) StdoutLine: {'line': b'-- Up-to-date symlink: /home/maxim/super_ws/install/px4_msgs/include/px4_msgs/px4_msgs/msg/estimator_aid_source1d.hpp\n'}
[2.360033] (px4_msgs) StdoutLine: {'line': b'-- Up-to-date symlink: /home/maxim/super_ws/install/px4_msgs/include/px4_msgs/px4_msgs/msg/estimator_aid_source2d.hpp\n'}
[2.360252] (px4_msgs) StdoutLine: {'line': b'-- Up-to-date symlink: /home/maxim/super_ws/install/px4_msgs/include/px4_msgs/px4_msgs/msg/estimator_aid_source3d.hpp\n'}
[2.360389] (px4_msgs) StdoutLine: {'line': b'-- Up-to-date symlink: /home/maxim/super_ws/install/px4_msgs/include/px4_msgs/px4_msgs/msg/estimator_bias.hpp\n'}
[2.360547] (px4_msgs) StdoutLine: {'line': b'-- Up-to-date symlink: /home/maxim/super_ws/install/px4_msgs/include/px4_msgs/px4_msgs/msg/estimator_bias3d.hpp\n'}
[2.360715] (px4_msgs) StdoutLine: {'line': b'-- Up-to-date symlink: /home/maxim/super_ws/install/px4_msgs/include/px4_msgs/px4_msgs/msg/estimator_event_flags.hpp\n'}
[2.360908] (px4_msgs) StdoutLine: {'line': b'-- Up-to-date symlink: /home/maxim/super_ws/install/px4_msgs/include/px4_msgs/px4_msgs/msg/estimator_fusion_control.hpp\n'}
[2.361031] (px4_msgs) StdoutLine: {'line': b'-- Up-to-date symlink: /home/maxim/super_ws/install/px4_msgs/include/px4_msgs/px4_msgs/msg/estimator_gps_status.hpp\n'}
[2.361216] (px4_msgs) StdoutLine: {'line': b'-- Up-to-date symlink: /home/maxim/super_ws/install/px4_msgs/include/px4_msgs/px4_msgs/msg/estimator_innovations.hpp\n'}
[2.361396] (px4_msgs) StdoutLine: {'line': b'-- Up-to-date symlink: /home/maxim/super_ws/install/px4_msgs/include/px4_msgs/px4_msgs/msg/estimator_selector_status.hpp\n'}
[2.361575] (px4_msgs) StdoutLine: {'line': b'-- Up-to-date symlink: /home/maxim/super_ws/install/px4_msgs/include/px4_msgs/px4_msgs/msg/estimator_sensor_bias.hpp\n'}
[2.361708] (px4_msgs) StdoutLine: {'line': b'-- Up-to-date symlink: /home/maxim/super_ws/install/px4_msgs/include/px4_msgs/px4_msgs/msg/estimator_states.hpp\n'}
[2.361804] (px4_msgs) StdoutLine: {'line': b'-- Up-to-date symlink: /home/maxim/super_ws/install/px4_msgs/include/px4_msgs/px4_msgs/msg/estimator_status.hpp\n'}
[2.361966] (px4_msgs) StdoutLine: {'line': b'-- Up-to-date symlink: /home/maxim/super_ws/install/px4_msgs/include/px4_msgs/px4_msgs/msg/estimator_status_flags.hpp\n'}
[2.362152] (px4_msgs) StdoutLine: {'line': b'-- Up-to-date symlink: /home/maxim/super_ws/install/px4_msgs/include/px4_msgs/px4_msgs/msg/event.hpp\n'}
[2.362314] (px4_msgs) StdoutLine: {'line': b'-- Up-to-date symlink: /home/maxim/super_ws/install/px4_msgs/include/px4_msgs/px4_msgs/msg/failsafe_flags.hpp\n'}
[2.362459] (px4_msgs) StdoutLine: {'line': b'-- Up-to-date symlink: /home/maxim/super_ws/install/px4_msgs/include/px4_msgs/px4_msgs/msg/failure_detector_status.hpp\n'}
[2.362593] (px4_msgs) StdoutLine: {'line': b'-- Up-to-date symlink: /home/maxim/super_ws/install/px4_msgs/include/px4_msgs/px4_msgs/msg/fiducial_marker_pos_report.hpp\n'}
[2.362827] (px4_msgs) StdoutLine: {'line': b'-- Up-to-date symlink: /home/maxim/super_ws/install/px4_msgs/include/px4_msgs/px4_msgs/msg/fiducial_marker_yaw_report.hpp\n'}
[2.362932] (px4_msgs) StdoutLine: {'line': b'-- Up-to-date symlink: /home/maxim/super_ws/install/px4_msgs/include/px4_msgs/px4_msgs/msg/figure_eight_status.hpp\n'}
[2.363167] (px4_msgs) StdoutLine: {'line': b'-- Up-to-date symlink: /home/maxim/super_ws/install/px4_msgs/include/px4_msgs/px4_msgs/msg/fixed_wing_lateral_guidance_status.hpp\n'}
[2.363343] (px4_msgs) StdoutLine: {'line': b'-- Up-to-date symlink: /home/maxim/super_ws/install/px4_msgs/include/px4_msgs/px4_msgs/msg/fixed_wing_lateral_setpoint.hpp\n'}
[2.363534] (px4_msgs) StdoutLine: {'line': b'-- Up-to-date symlink: /home/maxim/super_ws/install/px4_msgs/include/px4_msgs/px4_msgs/msg/fixed_wing_lateral_status.hpp\n'}
[2.363699] (px4_msgs) StdoutLine: {'line': b'-- Up-to-date symlink: /home/maxim/super_ws/install/px4_msgs/include/px4_msgs/px4_msgs/msg/fixed_wing_longitudinal_setpoint.hpp\n'}
[2.363848] (px4_msgs) StdoutLine: {'line': b'-- Up-to-date symlink: /home/maxim/super_ws/install/px4_msgs/include/px4_msgs/px4_msgs/msg/fixed_wing_runway_control.hpp\n'}
[2.363935] (px4_msgs) StdoutLine: {'line': b'-- Up-to-date symlink: /home/maxim/super_ws/install/px4_msgs/include/px4_msgs/px4_msgs/msg/flight_phase_estimation.hpp\n'}
[2.364015] (px4_msgs) StdoutLine: {'line': b'-- Up-to-date symlink: /home/maxim/super_ws/install/px4_msgs/include/px4_msgs/px4_msgs/msg/follow_target.hpp\n'}
[2.364096] (px4_msgs) StdoutLine: {'line': b'-- Up-to-date symlink: /home/maxim/super_ws/install/px4_msgs/include/px4_msgs/px4_msgs/msg/follow_target_estimator.hpp\n'}
[2.364253] (px4_msgs) StdoutLine: {'line': b'-- Up-to-date symlink: /home/maxim/super_ws/install/px4_msgs/include/px4_msgs/px4_msgs/msg/follow_target_status.hpp\n'}
[2.364462] (px4_msgs) StdoutLine: {'line': b'-- Up-to-date symlink: /home/maxim/super_ws/install/px4_msgs/include/px4_msgs/px4_msgs/msg/fuel_tank_status.hpp\n'}
[2.364664] (px4_msgs) StdoutLine: {'line': b'-- Up-to-date symlink: /home/maxim/super_ws/install/px4_msgs/include/px4_msgs/px4_msgs/msg/gain_compression.hpp\n'}
[2.364853] (px4_msgs) StdoutLine: {'line': b'-- Up-to-date symlink: /home/maxim/super_ws/install/px4_msgs/include/px4_msgs/px4_msgs/msg/generator_status.hpp\n'}
[2.364995] (px4_msgs) StdoutLine: {'line': b'-- Up-to-date symlink: /home/maxim/super_ws/install/px4_msgs/include/px4_msgs/px4_msgs/msg/geofence_result.hpp\n'}
[2.365209] (px4_msgs) StdoutLine: {'line': b'-- Up-to-date symlink: /home/maxim/super_ws/install/px4_msgs/include/px4_msgs/px4_msgs/msg/geofence_status.hpp\n'}
[2.365392] (px4_msgs) StdoutLine: {'line': b'-- Up-to-date symlink: /home/maxim/super_ws/install/px4_msgs/include/px4_msgs/px4_msgs/msg/gimbal_controls.hpp\n'}
[2.365580] (px4_msgs) StdoutLine: {'line': b'-- Up-to-date symlink: /home/maxim/super_ws/install/px4_msgs/include/px4_msgs/px4_msgs/msg/gimbal_device_attitude_status.hpp\n'}
[2.365694] (px4_msgs) StdoutLine: {'line': b'-- Up-to-date symlink: /home/maxim/super_ws/install/px4_msgs/include/px4_msgs/px4_msgs/msg/gimbal_device_information.hpp\n'}
[2.365861] (px4_msgs) StdoutLine: {'line': b'-- Up-to-date symlink: /home/maxim/super_ws/install/px4_msgs/include/px4_msgs/px4_msgs/msg/gimbal_device_set_attitude.hpp\n'}
[2.365997] (px4_msgs) StdoutLine: {'line': b'-- Up-to-date symlink: /home/maxim/super_ws/install/px4_msgs/include/px4_msgs/px4_msgs/msg/gimbal_manager_information.hpp\n'}
[2.366169] (px4_msgs) StdoutLine: {'line': b'-- Up-to-date symlink: /home/maxim/super_ws/install/px4_msgs/include/px4_msgs/px4_msgs/msg/gimbal_manager_set_attitude.hpp\n'}
[2.366343] (px4_msgs) StdoutLine: {'line': b'-- Up-to-date symlink: /home/maxim/super_ws/install/px4_msgs/include/px4_msgs/px4_msgs/msg/gimbal_manager_set_manual_control.hpp\n'}
[2.366515] (px4_msgs) StdoutLine: {'line': b'-- Up-to-date symlink: /home/maxim/super_ws/install/px4_msgs/include/px4_msgs/px4_msgs/msg/gimbal_manager_status.hpp\n'}
[2.366715] (px4_msgs) StdoutLine: {'line': b'-- Up-to-date symlink: /home/maxim/super_ws/install/px4_msgs/include/px4_msgs/px4_msgs/msg/goto_setpoint.hpp\n'}
[2.366827] (px4_msgs) StdoutLine: {'line': b'-- Up-to-date symlink: /home/maxim/super_ws/install/px4_msgs/include/px4_msgs/px4_msgs/msg/gpio_config.hpp\n'}
[2.366944] (px4_msgs) StdoutLine: {'line': b'-- Up-to-date symlink: /home/maxim/super_ws/install/px4_msgs/include/px4_msgs/px4_msgs/msg/gpio_in.hpp\n'}
[2.367118] (px4_msgs) StdoutLine: {'line': b'-- Up-to-date symlink: /home/maxim/super_ws/install/px4_msgs/include/px4_msgs/px4_msgs/msg/gpio_out.hpp\n'}
[2.367274] (px4_msgs) StdoutLine: {'line': b'-- Up-to-date symlink: /home/maxim/super_ws/install/px4_msgs/include/px4_msgs/px4_msgs/msg/gpio_request.hpp\n'}
[2.367464] (px4_msgs) StdoutLine: {'line': b'-- Up-to-date symlink: /home/maxim/super_ws/install/px4_msgs/include/px4_msgs/px4_msgs/msg/gps_dump.hpp\n'}
[2.367602] (px4_msgs) StdoutLine: {'line': b'-- Up-to-date symlink: /home/maxim/super_ws/install/px4_msgs/include/px4_msgs/px4_msgs/msg/gps_inject_data.hpp\n'}
[2.367766] (px4_msgs) StdoutLine: {'line': b'-- Up-to-date symlink: /home/maxim/super_ws/install/px4_msgs/include/px4_msgs/px4_msgs/msg/gripper.hpp\n'}
[2.367932] (px4_msgs) StdoutLine: {'line': b'-- Up-to-date symlink: /home/maxim/super_ws/install/px4_msgs/include/px4_msgs/px4_msgs/msg/health_report.hpp\n'}
[2.368153] (px4_msgs) StdoutLine: {'line': b'-- Up-to-date symlink: /home/maxim/super_ws/install/px4_msgs/include/px4_msgs/px4_msgs/msg/heater_status.hpp\n'}
[2.368265] (px4_msgs) StdoutLine: {'line': b'-- Up-to-date symlink: /home/maxim/super_ws/install/px4_msgs/include/px4_msgs/px4_msgs/msg/home_position.hpp\n'}
[2.368459] (px4_msgs) StdoutLine: {'line': b'-- Up-to-date symlink: /home/maxim/super_ws/install/px4_msgs/include/px4_msgs/px4_msgs/msg/hover_thrust_estimate.hpp\n'}
[2.368576] (px4_msgs) StdoutLine: {'line': b'-- Up-to-date symlink: /home/maxim/super_ws/install/px4_msgs/include/px4_msgs/px4_msgs/msg/input_rc.hpp\n'}
[2.368798] (px4_msgs) StdoutLine: {'line': b'-- Up-to-date symlink: /home/maxim/super_ws/install/px4_msgs/include/px4_msgs/px4_msgs/msg/internal_combustion_engine_control.hpp\n'}
[2.368920] (px4_msgs) StdoutLine: {'line': b'-- Up-to-date symlink: /home/maxim/super_ws/install/px4_msgs/include/px4_msgs/px4_msgs/msg/internal_combustion_engine_status.hpp\n'}
[2.369034] (px4_msgs) StdoutLine: {'line': b'-- Up-to-date symlink: /home/maxim/super_ws/install/px4_msgs/include/px4_msgs/px4_msgs/msg/iridiumsbd_status.hpp\n'}
[2.369240] (px4_msgs) StdoutLine: {'line': b'-- Up-to-date symlink: /home/maxim/super_ws/install/px4_msgs/include/px4_msgs/px4_msgs/msg/irlock_report.hpp\n'}
[2.369386] (px4_msgs) StdoutLine: {'line': b'-- Up-to-date symlink: /home/maxim/super_ws/install/px4_msgs/include/px4_msgs/px4_msgs/msg/landing_gear.hpp\n'}
[2.369533] (px4_msgs) StdoutLine: {'line': b'-- Up-to-date symlink: /home/maxim/super_ws/install/px4_msgs/include/px4_msgs/px4_msgs/msg/landing_gear_wheel.hpp\n'}
[2.369711] (px4_msgs) StdoutLine: {'line': b'-- Up-to-date symlink: /home/maxim/super_ws/install/px4_msgs/include/px4_msgs/px4_msgs/msg/landing_target_innovations.hpp\n'}
[2.369923] (px4_msgs) StdoutLine: {'line': b'-- Up-to-date symlink: /home/maxim/super_ws/install/px4_msgs/include/px4_msgs/px4_msgs/msg/landing_target_pose.hpp\n'}
[2.370045] (px4_msgs) StdoutLine: {'line': b'-- Up-to-date symlink: /home/maxim/super_ws/install/px4_msgs/include/px4_msgs/px4_msgs/msg/lateral_control_configuration.hpp\n'}
[2.370219] (px4_msgs) StdoutLine: {'line': b'-- Up-to-date symlink: /home/maxim/super_ws/install/px4_msgs/include/px4_msgs/px4_msgs/msg/launch_detection_status.hpp\n'}
[2.370453] (px4_msgs) StdoutLine: {'line': b'-- Up-to-date symlink: /home/maxim/super_ws/install/px4_msgs/include/px4_msgs/px4_msgs/msg/led_control.hpp\n'}
[2.370602] (px4_msgs) StdoutLine: {'line': b'-- Up-to-date symlink: /home/maxim/super_ws/install/px4_msgs/include/px4_msgs/px4_msgs/msg/log_message.hpp\n'}
[2.370811] (px4_msgs) StdoutLine: {'line': b'-- Up-to-date symlink: /home/maxim/super_ws/install/px4_msgs/include/px4_msgs/px4_msgs/msg/logger_status.hpp\n'}
[2.370942] (px4_msgs) StdoutLine: {'line': b'-- Up-to-date symlink: /home/maxim/super_ws/install/px4_msgs/include/px4_msgs/px4_msgs/msg/longitudinal_control_configuration.hpp\n'}
[2.371147] (px4_msgs) StdoutLine: {'line': b'-- Up-to-date symlink: /home/maxim/super_ws/install/px4_msgs/include/px4_msgs/px4_msgs/msg/mag_worker_data.hpp\n'}
[2.371245] (px4_msgs) StdoutLine: {'line': b'-- Up-to-date symlink: /home/maxim/super_ws/install/px4_msgs/include/px4_msgs/px4_msgs/msg/magnetometer_bias_estimate.hpp\n'}
[2.371445] (px4_msgs) StdoutLine: {'line': b'-- Up-to-date symlink: /home/maxim/super_ws/install/px4_msgs/include/px4_msgs/px4_msgs/msg/manual_control_setpoint.hpp\n'}
[2.371551] (px4_msgs) StdoutLine: {'line': b'-- Up-to-date symlink: /home/maxim/super_ws/install/px4_msgs/include/px4_msgs/px4_msgs/msg/manual_control_switches.hpp\n'}
[2.371727] (px4_msgs) StdoutLine: {'line': b'-- Up-to-date symlink: /home/maxim/super_ws/install/px4_msgs/include/px4_msgs/px4_msgs/msg/mavlink_log.hpp\n'}
[2.371874] (px4_msgs) StdoutLine: {'line': b'-- Up-to-date symlink: /home/maxim/super_ws/install/px4_msgs/include/px4_msgs/px4_msgs/msg/mavlink_tunnel.hpp\n'}
[2.371981] (px4_msgs) StdoutLine: {'line': b'-- Up-to-date symlink: /home/maxim/super_ws/install/px4_msgs/include/px4_msgs/px4_msgs/msg/message_format_request.hpp\n'}
[2.372196] (px4_msgs) StdoutLine: {'line': b'-- Up-to-date symlink: /home/maxim/super_ws/install/px4_msgs/include/px4_msgs/px4_msgs/msg/message_format_response.hpp\n'}
[2.372374] (px4_msgs) StdoutLine: {'line': b'-- Up-to-date symlink: /home/maxim/super_ws/install/px4_msgs/include/px4_msgs/px4_msgs/msg/mission.hpp\n'}
[2.372556] (px4_msgs) StdoutLine: {'line': b'-- Up-to-date symlink: /home/maxim/super_ws/install/px4_msgs/include/px4_msgs/px4_msgs/msg/mission_result.hpp\n'}
[2.372704] (px4_msgs) StdoutLine: {'line': b'-- Up-to-date symlink: /home/maxim/super_ws/install/px4_msgs/include/px4_msgs/px4_msgs/msg/mode_completed.hpp\n'}
[2.372940] (px4_msgs) StdoutLine: {'line': b'-- Up-to-date symlink: /home/maxim/super_ws/install/px4_msgs/include/px4_msgs/px4_msgs/msg/mount_orientation.hpp\n'}
[2.373123] (px4_msgs) StdoutLine: {'line': b'-- Up-to-date symlink: /home/maxim/super_ws/install/px4_msgs/include/px4_msgs/px4_msgs/msg/navigator_mission_item.hpp\n'}
[2.373351] (px4_msgs) StdoutLine: {'line': b'-- Up-to-date symlink: /home/maxim/super_ws/install/px4_msgs/include/px4_msgs/px4_msgs/msg/navigator_status.hpp\n'}
[2.373585] (px4_msgs) StdoutLine: {'line': b'-- Up-to-date symlink: /home/maxim/super_ws/install/px4_msgs/include/px4_msgs/px4_msgs/msg/neural_control.hpp\n'}
[2.373741] (px4_msgs) StdoutLine: {'line': b'-- Up-to-date symlink: /home/maxim/super_ws/install/px4_msgs/include/px4_msgs/px4_msgs/msg/normalized_unsigned_setpoint.hpp\n'}
[2.373894] (px4_msgs) StdoutLine: {'line': b'-- Up-to-date symlink: /home/maxim/super_ws/install/px4_msgs/include/px4_msgs/px4_msgs/msg/obstacle_distance.hpp\n'}
[2.374024] (px4_msgs) StdoutLine: {'line': b'-- Up-to-date symlink: /home/maxim/super_ws/install/px4_msgs/include/px4_msgs/px4_msgs/msg/offboard_control_mode.hpp\n'}
[2.374237] (px4_msgs) StdoutLine: {'line': b'-- Up-to-date symlink: /home/maxim/super_ws/install/px4_msgs/include/px4_msgs/px4_msgs/msg/onboard_computer_status.hpp\n'}
[2.374389] (px4_msgs) StdoutLine: {'line': b'-- Up-to-date symlink: /home/maxim/super_ws/install/px4_msgs/include/px4_msgs/px4_msgs/msg/open_drone_id_arm_status.hpp\n'}
[2.374521] (px4_msgs) StdoutLine: {'line': b'-- Up-to-date symlink: /home/maxim/super_ws/install/px4_msgs/include/px4_msgs/px4_msgs/msg/open_drone_id_operator_id.hpp\n'}
[2.374684] (px4_msgs) StdoutLine: {'line': b'-- Up-to-date symlink: /home/maxim/super_ws/install/px4_msgs/include/px4_msgs/px4_msgs/msg/open_drone_id_self_id.hpp\n'}
[2.374844] (px4_msgs) StdoutLine: {'line': b'-- Up-to-date symlink: /home/maxim/super_ws/install/px4_msgs/include/px4_msgs/px4_msgs/msg/open_drone_id_system.hpp\n'}
[2.375008] (px4_msgs) StdoutLine: {'line': b'-- Up-to-date symlink: /home/maxim/super_ws/install/px4_msgs/include/px4_msgs/px4_msgs/msg/orb_test.hpp\n'}
[2.375178] (px4_msgs) StdoutLine: {'line': b'-- Up-to-date symlink: /home/maxim/super_ws/install/px4_msgs/include/px4_msgs/px4_msgs/msg/orb_test_large.hpp\n'}
[2.375352] (px4_msgs) StdoutLine: {'line': b'-- Up-to-date symlink: /home/maxim/super_ws/install/px4_msgs/include/px4_msgs/px4_msgs/msg/orb_test_medium.hpp\n'}
[2.375521] (px4_msgs) StdoutLine: {'line': b'-- Up-to-date symlink: /home/maxim/super_ws/install/px4_msgs/include/px4_msgs/px4_msgs/msg/orbit_status.hpp\n'}
[2.375694] (px4_msgs) StdoutLine: {'line': b'-- Up-to-date symlink: /home/maxim/super_ws/install/px4_msgs/include/px4_msgs/px4_msgs/msg/parameter_reset_request.hpp\n'}
[2.375863] (px4_msgs) StdoutLine: {'line': b'-- Up-to-date symlink: /home/maxim/super_ws/install/px4_msgs/include/px4_msgs/px4_msgs/msg/parameter_set_used_request.hpp\n'}
[2.376007] (px4_msgs) StdoutLine: {'line': b'-- Up-to-date symlink: /home/maxim/super_ws/install/px4_msgs/include/px4_msgs/px4_msgs/msg/parameter_set_value_request.hpp\n'}
[2.376161] (px4_msgs) StdoutLine: {'line': b'-- Up-to-date symlink: /home/maxim/super_ws/install/px4_msgs/include/px4_msgs/px4_msgs/msg/parameter_set_value_response.hpp\n'}
[2.376306] (px4_msgs) StdoutLine: {'line': b'-- Up-to-date symlink: /home/maxim/super_ws/install/px4_msgs/include/px4_msgs/px4_msgs/msg/parameter_update.hpp\n'}
[2.376450] (px4_msgs) StdoutLine: {'line': b'-- Up-to-date symlink: /home/maxim/super_ws/install/px4_msgs/include/px4_msgs/px4_msgs/msg/ping.hpp\n'}
[2.376660] (px4_msgs) StdoutLine: {'line': b'-- Up-to-date symlink: /home/maxim/super_ws/install/px4_msgs/include/px4_msgs/px4_msgs/msg/position_controller_landing_status.hpp\n'}
[2.376829] (px4_msgs) StdoutLine: {'line': b'-- Up-to-date symlink: /home/maxim/super_ws/install/px4_msgs/include/px4_msgs/px4_msgs/msg/position_controller_status.hpp\n'}
[2.376969] (px4_msgs) StdoutLine: {'line': b'-- Up-to-date symlink: /home/maxim/super_ws/install/px4_msgs/include/px4_msgs/px4_msgs/msg/position_setpoint.hpp\n'}
[2.377166] (px4_msgs) StdoutLine: {'line': b'-- Up-to-date symlink: /home/maxim/super_ws/install/px4_msgs/include/px4_msgs/px4_msgs/msg/position_setpoint_triplet.hpp\n'}
[2.377330] (px4_msgs) StdoutLine: {'line': b'-- Up-to-date symlink: /home/maxim/super_ws/install/px4_msgs/include/px4_msgs/px4_msgs/msg/power_button_state.hpp\n'}
[2.377490] (px4_msgs) StdoutLine: {'line': b'-- Up-to-date symlink: /home/maxim/super_ws/install/px4_msgs/include/px4_msgs/px4_msgs/msg/power_monitor.hpp\n'}
[2.377662] (px4_msgs) StdoutLine: {'line': b'-- Up-to-date symlink: /home/maxim/super_ws/install/px4_msgs/include/px4_msgs/px4_msgs/msg/pps_capture.hpp\n'}
[2.377831] (px4_msgs) StdoutLine: {'line': b'-- Up-to-date symlink: /home/maxim/super_ws/install/px4_msgs/include/px4_msgs/px4_msgs/msg/prec_land_status.hpp\n'}
[2.377979] (px4_msgs) StdoutLine: {'line': b'-- Up-to-date symlink: /home/maxim/super_ws/install/px4_msgs/include/px4_msgs/px4_msgs/msg/pure_pursuit_status.hpp\n'}
[2.378165] (px4_msgs) StdoutLine: {'line': b'-- Up-to-date symlink: /home/maxim/super_ws/install/px4_msgs/include/px4_msgs/px4_msgs/msg/pwm_input.hpp\n'}
[2.378343] (px4_msgs) StdoutLine: {'line': b'-- Up-to-date symlink: /home/maxim/super_ws/install/px4_msgs/include/px4_msgs/px4_msgs/msg/px4io_status.hpp\n'}
[2.378518] (px4_msgs) StdoutLine: {'line': b'-- Up-to-date symlink: /home/maxim/super_ws/install/px4_msgs/include/px4_msgs/px4_msgs/msg/qshell_req.hpp\n'}
[2.378698] (px4_msgs) StdoutLine: {'line': b'-- Up-to-date symlink: /home/maxim/super_ws/install/px4_msgs/include/px4_msgs/px4_msgs/msg/qshell_retval.hpp\n'}
[2.378842] (px4_msgs) StdoutLine: {'line': b'-- Up-to-date symlink: /home/maxim/super_ws/install/px4_msgs/include/px4_msgs/px4_msgs/msg/radio_status.hpp\n'}
[2.378955] (px4_msgs) StdoutLine: {'line': b'-- Up-to-date symlink: /home/maxim/super_ws/install/px4_msgs/include/px4_msgs/px4_msgs/msg/ranging_beacon.hpp\n'}
[2.379135] (px4_msgs) StdoutLine: {'line': b'-- Up-to-date symlink: /home/maxim/super_ws/install/px4_msgs/include/px4_msgs/px4_msgs/msg/raptor_input.hpp\n'}
[2.379315] (px4_msgs) StdoutLine: {'line': b'-- Up-to-date symlink: /home/maxim/super_ws/install/px4_msgs/include/px4_msgs/px4_msgs/msg/raptor_status.hpp\n'}
[2.379500] (px4_msgs) StdoutLine: {'line': b'-- Up-to-date symlink: /home/maxim/super_ws/install/px4_msgs/include/px4_msgs/px4_msgs/msg/rate_ctrl_status.hpp\n'}
[2.379643] (px4_msgs) StdoutLine: {'line': b'-- Up-to-date symlink: /home/maxim/super_ws/install/px4_msgs/include/px4_msgs/px4_msgs/msg/rc_channels.hpp\n'}
[2.379823] (px4_msgs) StdoutLine: {'line': b'-- Up-to-date symlink: /home/maxim/super_ws/install/px4_msgs/include/px4_msgs/px4_msgs/msg/rc_parameter_map.hpp\n'}
[2.379992] (px4_msgs) StdoutLine: {'line': b'-- Up-to-date symlink: /home/maxim/super_ws/install/px4_msgs/include/px4_msgs/px4_msgs/msg/register_ext_component_reply.hpp\n'}
[2.380206] (px4_msgs) StdoutLine: {'line': b'-- Up-to-date symlink: /home/maxim/super_ws/install/px4_msgs/include/px4_msgs/px4_msgs/msg/register_ext_component_request.hpp\n'}
[2.380376] (px4_msgs) StdoutLine: {'line': b'-- Up-to-date symlink: /home/maxim/super_ws/install/px4_msgs/include/px4_msgs/px4_msgs/msg/rosidl_generator_cpp__visibility_control.hpp\n'}
[2.380512] (px4_msgs) StdoutLine: {'line': b'-- Up-to-date symlink: /home/maxim/super_ws/install/px4_msgs/include/px4_msgs/px4_msgs/msg/rover_attitude_setpoint.hpp\n'}
[2.380686] (px4_msgs) StdoutLine: {'line': b'-- Up-to-date symlink: /home/maxim/super_ws/install/px4_msgs/include/px4_msgs/px4_msgs/msg/rover_attitude_status.hpp\n'}
[2.381002] (px4_msgs) StdoutLine: {'line': b'-- Up-to-date symlink: /home/maxim/super_ws/install/px4_msgs/include/px4_msgs/px4_msgs/msg/rover_position_setpoint.hpp\n'}
[2.381238] (px4_msgs) StdoutLine: {'line': b'-- Up-to-date symlink: /home/maxim/super_ws/install/px4_msgs/include/px4_msgs/px4_msgs/msg/rover_rate_setpoint.hpp\n'}
[2.381493] (px4_msgs) StdoutLine: {'line': b'-- Up-to-date symlink: /home/maxim/super_ws/install/px4_msgs/include/px4_msgs/px4_msgs/msg/rover_rate_status.hpp\n'}
[2.381648] (px4_msgs) StdoutLine: {'line': b'-- Up-to-date symlink: /home/maxim/super_ws/install/px4_msgs/include/px4_msgs/px4_msgs/msg/rover_speed_setpoint.hpp\n'}
[2.381800] (px4_msgs) StdoutLine: {'line': b'-- Up-to-date symlink: /home/maxim/super_ws/install/px4_msgs/include/px4_msgs/px4_msgs/msg/rover_speed_status.hpp\n'}
[2.381915] (px4_msgs) StdoutLine: {'line': b'-- Up-to-date symlink: /home/maxim/super_ws/install/px4_msgs/include/px4_msgs/px4_msgs/msg/rover_steering_setpoint.hpp\n'}
[2.382131] (px4_msgs) StdoutLine: {'line': b'-- Up-to-date symlink: /home/maxim/super_ws/install/px4_msgs/include/px4_msgs/px4_msgs/msg/rover_throttle_setpoint.hpp\n'}
[2.382238] (px4_msgs) StdoutLine: {'line': b'-- Up-to-date symlink: /home/maxim/super_ws/install/px4_msgs/include/px4_msgs/px4_msgs/msg/rpm.hpp\n'}
[2.382327] (px4_msgs) StdoutLine: {'line': b'-- Up-to-date symlink: /home/maxim/super_ws/install/px4_msgs/include/px4_msgs/px4_msgs/msg/rtl_status.hpp\n'}
[2.382404] (px4_msgs) StdoutLine: {'line': b'-- Up-to-date symlink: /home/maxim/super_ws/install/px4_msgs/include/px4_msgs/px4_msgs/msg/rtl_time_estimate.hpp\n'}
[2.382497] (px4_msgs) StdoutLine: {'line': b'-- Up-to-date symlink: /home/maxim/super_ws/install/px4_msgs/include/px4_msgs/px4_msgs/msg/satellite_info.hpp\n'}
[2.382603] (px4_msgs) StdoutLine: {'line': b'-- Up-to-date symlink: /home/maxim/super_ws/install/px4_msgs/include/px4_msgs/px4_msgs/msg/sensor_accel.hpp\n'}
[2.382710] (px4_msgs) StdoutLine: {'line': b'-- Up-to-date symlink: /home/maxim/super_ws/install/px4_msgs/include/px4_msgs/px4_msgs/msg/sensor_accel_fifo.hpp\n'}
[2.382819] (px4_msgs) StdoutLine: {'line': b'-- Up-to-date symlink: /home/maxim/super_ws/install/px4_msgs/include/px4_msgs/px4_msgs/msg/sensor_airflow.hpp\n'}
[2.382982] (px4_msgs) StdoutLine: {'line': b'-- Up-to-date symlink: /home/maxim/super_ws/install/px4_msgs/include/px4_msgs/px4_msgs/msg/sensor_baro.hpp\n'}
[2.383154] (px4_msgs) StdoutLine: {'line': b'-- Up-to-date symlink: /home/maxim/super_ws/install/px4_msgs/include/px4_msgs/px4_msgs/msg/sensor_combined.hpp\n'}
[2.383357] (px4_msgs) StdoutLine: {'line': b'-- Up-to-date symlink: /home/maxim/super_ws/install/px4_msgs/include/px4_msgs/px4_msgs/msg/sensor_correction.hpp\n'}
[2.383541] (px4_msgs) StdoutLine: {'line': b'-- Up-to-date symlink: /home/maxim/super_ws/install/px4_msgs/include/px4_msgs/px4_msgs/msg/sensor_gnss_relative.hpp\n'}
[2.383749] (px4_msgs) StdoutLine: {'line': b'-- Up-to-date symlink: /home/maxim/super_ws/install/px4_msgs/include/px4_msgs/px4_msgs/msg/sensor_gnss_status.hpp\n'}
[2.383946] (px4_msgs) StdoutLine: {'line': b'-- Up-to-date symlink: /home/maxim/super_ws/install/px4_msgs/include/px4_msgs/px4_msgs/msg/sensor_gps.hpp\n'}
[2.384119] (px4_msgs) StdoutLine: {'line': b'-- Up-to-date symlink: /home/maxim/super_ws/install/px4_msgs/include/px4_msgs/px4_msgs/msg/sensor_gyro.hpp\n'}
[2.384232] (px4_msgs) StdoutLine: {'line': b'-- Up-to-date symlink: /home/maxim/super_ws/install/px4_msgs/include/px4_msgs/px4_msgs/msg/sensor_gyro_fft.hpp\n'}
[2.384435] (px4_msgs) StdoutLine: {'line': b'-- Up-to-date symlink: /home/maxim/super_ws/install/px4_msgs/include/px4_msgs/px4_msgs/msg/sensor_gyro_fifo.hpp\n'}
[2.384606] (px4_msgs) StdoutLine: {'line': b'-- Up-to-date symlink: /home/maxim/super_ws/install/px4_msgs/include/px4_msgs/px4_msgs/msg/sensor_hygrometer.hpp\n'}
[2.384776] (px4_msgs) StdoutLine: {'line': b'-- Up-to-date symlink: /home/maxim/super_ws/install/px4_msgs/include/px4_msgs/px4_msgs/msg/sensor_mag.hpp\n'}
[2.384917] (px4_msgs) StdoutLine: {'line': b'-- Up-to-date symlink: /home/maxim/super_ws/install/px4_msgs/include/px4_msgs/px4_msgs/msg/sensor_optical_flow.hpp\n'}
[2.385085] (px4_msgs) StdoutLine: {'line': b'-- Up-to-date symlink: /home/maxim/super_ws/install/px4_msgs/include/px4_msgs/px4_msgs/msg/sensor_preflight_mag.hpp\n'}
[2.385249] (px4_msgs) StdoutLine: {'line': b'-- Up-to-date symlink: /home/maxim/super_ws/install/px4_msgs/include/px4_msgs/px4_msgs/msg/sensor_selection.hpp\n'}
[2.385410] (px4_msgs) StdoutLine: {'line': b'-- Up-to-date symlink: /home/maxim/super_ws/install/px4_msgs/include/px4_msgs/px4_msgs/msg/sensor_temp.hpp\n'}
[2.385607] (px4_msgs) StdoutLine: {'line': b'-- Up-to-date symlink: /home/maxim/super_ws/install/px4_msgs/include/px4_msgs/px4_msgs/msg/sensor_uwb.hpp\n'}
[2.385714] (px4_msgs) StdoutLine: {'line': b'-- Up-to-date symlink: /home/maxim/super_ws/install/px4_msgs/include/px4_msgs/px4_msgs/msg/sensors_status.hpp\n'}
[2.385805] (px4_msgs) StdoutLine: {'line': b'-- Up-to-date symlink: /home/maxim/super_ws/install/px4_msgs/include/px4_msgs/px4_msgs/msg/sensors_status_imu.hpp\n'}
[2.386000] (px4_msgs) StdoutLine: {'line': b'-- Up-to-date symlink: /home/maxim/super_ws/install/px4_msgs/include/px4_msgs/px4_msgs/msg/system_power.hpp\n'}
[2.386091] (px4_msgs) StdoutLine: {'line': b'-- Up-to-date symlink: /home/maxim/super_ws/install/px4_msgs/include/px4_msgs/px4_msgs/msg/takeoff_status.hpp\n'}
[2.386223] (px4_msgs) StdoutLine: {'line': b'-- Up-to-date symlink: /home/maxim/super_ws/install/px4_msgs/include/px4_msgs/px4_msgs/msg/target_gnss.hpp\n'}
[2.386330] (px4_msgs) StdoutLine: {'line': b'-- Up-to-date symlink: /home/maxim/super_ws/install/px4_msgs/include/px4_msgs/px4_msgs/msg/task_stack_info.hpp\n'}
[2.386416] (px4_msgs) StdoutLine: {'line': b'-- Up-to-date symlink: /home/maxim/super_ws/install/px4_msgs/include/px4_msgs/px4_msgs/msg/tecs_status.hpp\n'}
[2.386549] (px4_msgs) StdoutLine: {'line': b'-- Up-to-date symlink: /home/maxim/super_ws/install/px4_msgs/include/px4_msgs/px4_msgs/msg/telemetry_status.hpp\n'}
[2.386649] (px4_msgs) StdoutLine: {'line': b'-- Up-to-date symlink: /home/maxim/super_ws/install/px4_msgs/include/px4_msgs/px4_msgs/msg/tiltrotor_extra_controls.hpp\n'}
[2.386728] (px4_msgs) StdoutLine: {'line': b'-- Up-to-date symlink: /home/maxim/super_ws/install/px4_msgs/include/px4_msgs/px4_msgs/msg/timesync_status.hpp\n'}
[2.386827] (px4_msgs) StdoutLine: {'line': b'-- Up-to-date symlink: /home/maxim/super_ws/install/px4_msgs/include/px4_msgs/px4_msgs/msg/trajectory_setpoint.hpp\n'}
[2.386933] (px4_msgs) StdoutLine: {'line': b'-- Up-to-date symlink: /home/maxim/super_ws/install/px4_msgs/include/px4_msgs/px4_msgs/msg/trajectory_setpoint6dof.hpp\n'}
[2.387038] (px4_msgs) StdoutLine: {'line': b'-- Up-to-date symlink: /home/maxim/super_ws/install/px4_msgs/include/px4_msgs/px4_msgs/msg/transponder_report.hpp\n'}
[2.387148] (px4_msgs) StdoutLine: {'line': b'-- Up-to-date symlink: /home/maxim/super_ws/install/px4_msgs/include/px4_msgs/px4_msgs/msg/tune_control.hpp\n'}
[2.387254] (px4_msgs) StdoutLine: {'line': b'-- Up-to-date symlink: /home/maxim/super_ws/install/px4_msgs/include/px4_msgs/px4_msgs/msg/uavcan_parameter_request.hpp\n'}
[2.387357] (px4_msgs) StdoutLine: {'line': b'-- Up-to-date symlink: /home/maxim/super_ws/install/px4_msgs/include/px4_msgs/px4_msgs/msg/uavcan_parameter_value.hpp\n'}
[2.387461] (px4_msgs) StdoutLine: {'line': b'-- Up-to-date symlink: /home/maxim/super_ws/install/px4_msgs/include/px4_msgs/px4_msgs/msg/ulog_stream.hpp\n'}
[2.387566] (px4_msgs) StdoutLine: {'line': b'-- Up-to-date symlink: /home/maxim/super_ws/install/px4_msgs/include/px4_msgs/px4_msgs/msg/ulog_stream_ack.hpp\n'}
[2.387672] (px4_msgs) StdoutLine: {'line': b'-- Up-to-date symlink: /home/maxim/super_ws/install/px4_msgs/include/px4_msgs/px4_msgs/msg/unregister_ext_component.hpp\n'}
[2.387777] (px4_msgs) StdoutLine: {'line': b'-- Up-to-date symlink: /home/maxim/super_ws/install/px4_msgs/include/px4_msgs/px4_msgs/msg/vehicle_acceleration.hpp\n'}
[2.387882] (px4_msgs) StdoutLine: {'line': b'-- Up-to-date symlink: /home/maxim/super_ws/install/px4_msgs/include/px4_msgs/px4_msgs/msg/vehicle_air_data.hpp\n'}
[2.387989] (px4_msgs) StdoutLine: {'line': b'-- Up-to-date symlink: /home/maxim/super_ws/install/px4_msgs/include/px4_msgs/px4_msgs/msg/vehicle_angular_acceleration_setpoint.hpp\n'}
[2.388103] (px4_msgs) StdoutLine: {'line': b'-- Up-to-date symlink: /home/maxim/super_ws/install/px4_msgs/include/px4_msgs/px4_msgs/msg/vehicle_angular_velocity.hpp\n'}
[2.388210] (px4_msgs) StdoutLine: {'line': b'-- Up-to-date symlink: /home/maxim/super_ws/install/px4_msgs/include/px4_msgs/px4_msgs/msg/vehicle_attitude.hpp\n'}
[2.388387] (px4_msgs) StdoutLine: {'line': b'-- Up-to-date symlink: /home/maxim/super_ws/install/px4_msgs/include/px4_msgs/px4_msgs/msg/vehicle_attitude_setpoint.hpp\n'}
[2.388493] (px4_msgs) StdoutLine: {'line': b'-- Up-to-date symlink: /home/maxim/super_ws/install/px4_msgs/include/px4_msgs/px4_msgs/msg/vehicle_command.hpp\n'}
[2.388597] (px4_msgs) StdoutLine: {'line': b'-- Up-to-date symlink: /home/maxim/super_ws/install/px4_msgs/include/px4_msgs/px4_msgs/msg/vehicle_command_ack.hpp\n'}
[2.388703] (px4_msgs) StdoutLine: {'line': b'-- Up-to-date symlink: /home/maxim/super_ws/install/px4_msgs/include/px4_msgs/px4_msgs/msg/vehicle_constraints.hpp\n'}
[2.388807] (px4_msgs) StdoutLine: {'line': b'-- Up-to-date symlink: /home/maxim/super_ws/install/px4_msgs/include/px4_msgs/px4_msgs/msg/vehicle_control_mode.hpp\n'}
[2.388911] (px4_msgs) StdoutLine: {'line': b'-- Up-to-date symlink: /home/maxim/super_ws/install/px4_msgs/include/px4_msgs/px4_msgs/msg/vehicle_global_position.hpp\n'}
[2.389017] (px4_msgs) StdoutLine: {'line': b'-- Up-to-date symlink: /home/maxim/super_ws/install/px4_msgs/include/px4_msgs/px4_msgs/msg/vehicle_imu.hpp\n'}
[2.389127] (px4_msgs) StdoutLine: {'line': b'-- Up-to-date symlink: /home/maxim/super_ws/install/px4_msgs/include/px4_msgs/px4_msgs/msg/vehicle_imu_status.hpp\n'}
[2.389232] (px4_msgs) StdoutLine: {'line': b'-- Up-to-date symlink: /home/maxim/super_ws/install/px4_msgs/include/px4_msgs/px4_msgs/msg/vehicle_land_detected.hpp\n'}
[2.389340] (px4_msgs) StdoutLine: {'line': b'-- Up-to-date symlink: /home/maxim/super_ws/install/px4_msgs/include/px4_msgs/px4_msgs/msg/vehicle_local_position.hpp\n'}
[2.389488] (px4_msgs) StdoutLine: {'line': b'-- Up-to-date symlink: /home/maxim/super_ws/install/px4_msgs/include/px4_msgs/px4_msgs/msg/vehicle_local_position_setpoint.hpp\n'}
[2.389590] (px4_msgs) StdoutLine: {'line': b'-- Up-to-date symlink: /home/maxim/super_ws/install/px4_msgs/include/px4_msgs/px4_msgs/msg/vehicle_magnetometer.hpp\n'}
[2.389696] (px4_msgs) StdoutLine: {'line': b'-- Up-to-date symlink: /home/maxim/super_ws/install/px4_msgs/include/px4_msgs/px4_msgs/msg/vehicle_odometry.hpp\n'}
[2.389799] (px4_msgs) StdoutLine: {'line': b'-- Up-to-date symlink: /home/maxim/super_ws/install/px4_msgs/include/px4_msgs/px4_msgs/msg/vehicle_optical_flow.hpp\n'}
[2.389907] (px4_msgs) StdoutLine: {'line': b'-- Up-to-date symlink: /home/maxim/super_ws/install/px4_msgs/include/px4_msgs/px4_msgs/msg/vehicle_optical_flow_vel.hpp\n'}
[2.389982] (px4_msgs) StdoutLine: {'line': b'-- Up-to-date symlink: /home/maxim/super_ws/install/px4_msgs/include/px4_msgs/px4_msgs/msg/vehicle_rates_setpoint.hpp\n'}
[2.390084] (px4_msgs) StdoutLine: {'line': b'-- Up-to-date symlink: /home/maxim/super_ws/install/px4_msgs/include/px4_msgs/px4_msgs/msg/vehicle_roi.hpp\n'}
[2.390267] (px4_msgs) StdoutLine: {'line': b'-- Up-to-date symlink: /home/maxim/super_ws/install/px4_msgs/include/px4_msgs/px4_msgs/msg/vehicle_status.hpp\n'}
[2.390372] (px4_msgs) StdoutLine: {'line': b'-- Up-to-date symlink: /home/maxim/super_ws/install/px4_msgs/include/px4_msgs/px4_msgs/msg/vehicle_thrust_setpoint.hpp\n'}
[2.390516] (px4_msgs) StdoutLine: {'line': b'-- Up-to-date symlink: /home/maxim/super_ws/install/px4_msgs/include/px4_msgs/px4_msgs/msg/vehicle_torque_setpoint.hpp\n'}
[2.390629] (px4_msgs) StdoutLine: {'line': b'-- Up-to-date symlink: /home/maxim/super_ws/install/px4_msgs/include/px4_msgs/px4_msgs/msg/velocity_limits.hpp\n'}
[2.390730] (px4_msgs) StdoutLine: {'line': b'-- Up-to-date symlink: /home/maxim/super_ws/install/px4_msgs/include/px4_msgs/px4_msgs/msg/vte_aid_source1d.hpp\n'}
[2.390835] (px4_msgs) StdoutLine: {'line': b'-- Up-to-date symlink: /home/maxim/super_ws/install/px4_msgs/include/px4_msgs/px4_msgs/msg/vte_aid_source3d.hpp\n'}
[2.390932] (px4_msgs) StdoutLine: {'line': b'-- Up-to-date symlink: /home/maxim/super_ws/install/px4_msgs/include/px4_msgs/px4_msgs/msg/vte_bias_init_status.hpp\n'}
[2.391011] (px4_msgs) StdoutLine: {'line': b'-- Up-to-date symlink: /home/maxim/super_ws/install/px4_msgs/include/px4_msgs/px4_msgs/msg/vte_input.hpp\n'}
[2.391163] (px4_msgs) StdoutLine: {'line': b'-- Up-to-date symlink: /home/maxim/super_ws/install/px4_msgs/include/px4_msgs/px4_msgs/msg/vte_orientation.hpp\n'}
[2.391266] (px4_msgs) StdoutLine: {'line': b'-- Up-to-date symlink: /home/maxim/super_ws/install/px4_msgs/include/px4_msgs/px4_msgs/msg/vte_position.hpp\n'}
[2.391369] (px4_msgs) StdoutLine: {'line': b'-- Up-to-date symlink: /home/maxim/super_ws/install/px4_msgs/include/px4_msgs/px4_msgs/msg/vtol_vehicle_status.hpp\n'}
[2.391473] (px4_msgs) StdoutLine: {'line': b'-- Up-to-date symlink: /home/maxim/super_ws/install/px4_msgs/include/px4_msgs/px4_msgs/msg/vtx.hpp\n'}
[2.391587] (px4_msgs) StdoutLine: {'line': b'-- Up-to-date symlink: /home/maxim/super_ws/install/px4_msgs/include/px4_msgs/px4_msgs/msg/wheel_encoders.hpp\n'}
[2.391692] (px4_msgs) StdoutLine: {'line': b'-- Up-to-date symlink: /home/maxim/super_ws/install/px4_msgs/include/px4_msgs/px4_msgs/msg/wind.hpp\n'}
[2.391799] (px4_msgs) StdoutLine: {'line': b'-- Up-to-date symlink: /home/maxim/super_ws/install/px4_msgs/include/px4_msgs/px4_msgs/msg/yaw_estimator_status.hpp\n'}
[2.391872] (px4_msgs) StdoutLine: {'line': b'-- Up-to-date symlink: /home/maxim/super_ws/install/px4_msgs/include/px4_msgs/px4_msgs/srv/detail/vehicle_command__builder.hpp\n'}
[2.391979] (px4_msgs) StdoutLine: {'line': b'-- Up-to-date symlink: /home/maxim/super_ws/install/px4_msgs/include/px4_msgs/px4_msgs/srv/detail/vehicle_command__struct.hpp\n'}
[2.392092] (px4_msgs) StdoutLine: {'line': b'-- Up-to-date symlink: /home/maxim/super_ws/install/px4_msgs/include/px4_msgs/px4_msgs/srv/detail/vehicle_command__traits.hpp\n'}
[2.392200] (px4_msgs) StdoutLine: {'line': b'-- Up-to-date symlink: /home/maxim/super_ws/install/px4_msgs/include/px4_msgs/px4_msgs/srv/detail/vehicle_command__type_support.hpp\n'}
[2.392385] (px4_msgs) StdoutLine: {'line': b'-- Up-to-date symlink: /home/maxim/super_ws/install/px4_msgs/include/px4_msgs/px4_msgs/srv/vehicle_command.hpp\n'}
[2.398062] (px4_msgs) StdoutLine: {'line': b'-- Up-to-date symlink: /home/maxim/super_ws/install/px4_msgs/include/px4_msgs/px4_msgs/msg/detail/action_request__rosidl_typesupport_fastrtps_cpp.hpp\n'}
[2.398194] (px4_msgs) StdoutLine: {'line': b'-- Up-to-date symlink: /home/maxim/super_ws/install/px4_msgs/include/px4_msgs/px4_msgs/msg/detail/actuator_armed__rosidl_typesupport_fastrtps_cpp.hpp\n'}
[2.398338] (px4_msgs) StdoutLine: {'line': b'-- Up-to-date symlink: /home/maxim/super_ws/install/px4_msgs/include/px4_msgs/px4_msgs/msg/detail/actuator_controls_status__rosidl_typesupport_fastrtps_cpp.hpp\n'}
[2.398426] (px4_msgs) StdoutLine: {'line': b'-- Up-to-date symlink: /home/maxim/super_ws/install/px4_msgs/include/px4_msgs/px4_msgs/msg/detail/actuator_motors__rosidl_typesupport_fastrtps_cpp.hpp\n'}
[2.398562] (px4_msgs) StdoutLine: {'line': b'-- Up-to-date symlink: /home/maxim/super_ws/install/px4_msgs/include/px4_msgs/px4_msgs/msg/detail/actuator_outputs__rosidl_typesupport_fastrtps_cpp.hpp\n'}
[2.398707] (px4_msgs) StdoutLine: {'line': b'-- Up-to-date symlink: /home/maxim/super_ws/install/px4_msgs/include/px4_msgs/px4_msgs/msg/detail/actuator_servos__rosidl_typesupport_fastrtps_cpp.hpp\n'}
[2.398864] (px4_msgs) StdoutLine: {'line': b'-- Up-to-date symlink: /home/maxim/super_ws/install/px4_msgs/include/px4_msgs/px4_msgs/msg/detail/actuator_servos_trim__rosidl_typesupport_fastrtps_cpp.hpp\n'}
[2.398970] (px4_msgs) StdoutLine: {'line': b'-- Up-to-date symlink: /home/maxim/super_ws/install/px4_msgs/include/px4_msgs/px4_msgs/msg/detail/actuator_test__rosidl_typesupport_fastrtps_cpp.hpp\n'}
[2.399034] (px4_msgs) StdoutLine: {'line': b'-- Up-to-date symlink: /home/maxim/super_ws/install/px4_msgs/include/px4_msgs/px4_msgs/msg/detail/adc_report__rosidl_typesupport_fastrtps_cpp.hpp\n'}
[2.399093] (px4_msgs) StdoutLine: {'line': b'-- Up-to-date symlink: /home/maxim/super_ws/install/px4_msgs/include/px4_msgs/px4_msgs/msg/detail/airspeed__rosidl_typesupport_fastrtps_cpp.hpp\n'}
[2.399171] (px4_msgs) StdoutLine: {'line': b'-- Up-to-date symlink: /home/maxim/super_ws/install/px4_msgs/include/px4_msgs/px4_msgs/msg/detail/airspeed_validated__rosidl_typesupport_fastrtps_cpp.hpp\n'}
[2.399245] (px4_msgs) StdoutLine: {'line': b'-- Up-to-date symlink: /home/maxim/super_ws/install/px4_msgs/include/px4_msgs/px4_msgs/msg/detail/airspeed_wind__rosidl_typesupport_fastrtps_cpp.hpp\n'}
[2.399329] (px4_msgs) StdoutLine: {'line': b'-- Up-to-date symlink: /home/maxim/super_ws/install/px4_msgs/include/px4_msgs/px4_msgs/msg/detail/arming_check_reply__rosidl_typesupport_fastrtps_cpp.hpp\n'}
[2.399432] (px4_msgs) StdoutLine: {'line': b'-- Up-to-date symlink: /home/maxim/super_ws/install/px4_msgs/include/px4_msgs/px4_msgs/msg/detail/arming_check_request__rosidl_typesupport_fastrtps_cpp.hpp\n'}
[2.399543] (px4_msgs) StdoutLine: {'line': b'-- Up-to-date symlink: /home/maxim/super_ws/install/px4_msgs/include/px4_msgs/px4_msgs/msg/detail/autotune_attitude_control_status__rosidl_typesupport_fastrtps_cpp.hpp\n'}
[2.399690] (px4_msgs) StdoutLine: {'line': b'-- Up-to-date symlink: /home/maxim/super_ws/install/px4_msgs/include/px4_msgs/px4_msgs/msg/detail/aux_global_position__rosidl_typesupport_fastrtps_cpp.hpp\n'}
[2.399798] (px4_msgs) StdoutLine: {'line': b'-- Up-to-date symlink: /home/maxim/super_ws/install/px4_msgs/include/px4_msgs/px4_msgs/msg/detail/battery_info__rosidl_typesupport_fastrtps_cpp.hpp\n'}
[2.399877] (px4_msgs) StdoutLine: {'line': b'-- Up-to-date symlink: /home/maxim/super_ws/install/px4_msgs/include/px4_msgs/px4_msgs/msg/detail/battery_status__rosidl_typesupport_fastrtps_cpp.hpp\n'}
[2.399977] (px4_msgs) StdoutLine: {'line': b'-- Up-to-date symlink: /home/maxim/super_ws/install/px4_msgs/include/px4_msgs/px4_msgs/msg/detail/button_event__rosidl_typesupport_fastrtps_cpp.hpp\n'}
[2.400152] (px4_msgs) StdoutLine: {'line': b'-- Up-to-date symlink: /home/maxim/super_ws/install/px4_msgs/include/px4_msgs/px4_msgs/msg/detail/camera_capture__rosidl_typesupport_fastrtps_cpp.hpp\n'}
[2.400345] (px4_msgs) StdoutLine: {'line': b'-- Up-to-date symlink: /home/maxim/super_ws/install/px4_msgs/include/px4_msgs/px4_msgs/msg/detail/camera_status__rosidl_typesupport_fastrtps_cpp.hpp\n'}
[2.400533] (px4_msgs) StdoutLine: {'line': b'-- Up-to-date symlink: /home/maxim/super_ws/install/px4_msgs/include/px4_msgs/px4_msgs/msg/detail/camera_trigger__rosidl_typesupport_fastrtps_cpp.hpp\n'}
[2.400773] (px4_msgs) StdoutLine: {'line': b'-- Up-to-date symlink: /home/maxim/super_ws/install/px4_msgs/include/px4_msgs/px4_msgs/msg/detail/can_interface_status__rosidl_typesupport_fastrtps_cpp.hpp\n'}
[2.400922] (px4_msgs) StdoutLine: {'line': b'-- Up-to-date symlink: /home/maxim/super_ws/install/px4_msgs/include/px4_msgs/px4_msgs/msg/detail/cellular_status__rosidl_typesupport_fastrtps_cpp.hpp\n'}
[2.401021] (px4_msgs) StdoutLine: {'line': b'-- Up-to-date symlink: /home/maxim/super_ws/install/px4_msgs/include/px4_msgs/px4_msgs/msg/detail/collision_constraints__rosidl_typesupport_fastrtps_cpp.hpp\n'}
[2.401292] (px4_msgs) StdoutLine: {'line': b'-- Up-to-date symlink: /home/maxim/super_ws/install/px4_msgs/include/px4_msgs/px4_msgs/msg/detail/config_overrides__rosidl_typesupport_fastrtps_cpp.hpp\n'}
[2.401434] (px4_msgs) StdoutLine: {'line': b'-- Up-to-date symlink: /home/maxim/super_ws/install/px4_msgs/include/px4_msgs/px4_msgs/msg/detail/control_allocator_status__rosidl_typesupport_fastrtps_cpp.hpp\n'}
[2.401639] (px4_msgs) StdoutLine: {'line': b'-- Up-to-date symlink: /home/maxim/super_ws/install/px4_msgs/include/px4_msgs/px4_msgs/msg/detail/cpuload__rosidl_typesupport_fastrtps_cpp.hpp\n'}
[2.401821] (px4_msgs) StdoutLine: {'line': b'-- Up-to-date symlink: /home/maxim/super_ws/install/px4_msgs/include/px4_msgs/px4_msgs/msg/detail/dataman_request__rosidl_typesupport_fastrtps_cpp.hpp\n'}
[2.402009] (px4_msgs) StdoutLine: {'line': b'-- Up-to-date symlink: /home/maxim/super_ws/install/px4_msgs/include/px4_msgs/px4_msgs/msg/detail/dataman_response__rosidl_typesupport_fastrtps_cpp.hpp\n'}
[2.402272] (px4_msgs) StdoutLine: {'line': b'-- Up-to-date symlink: /home/maxim/super_ws/install/px4_msgs/include/px4_msgs/px4_msgs/msg/detail/debug_array__rosidl_typesupport_fastrtps_cpp.hpp\n'}
[2.402423] (px4_msgs) StdoutLine: {'line': b'-- Up-to-date symlink: /home/maxim/super_ws/install/px4_msgs/include/px4_msgs/px4_msgs/msg/detail/debug_key_value__rosidl_typesupport_fastrtps_cpp.hpp\n'}
[2.402596] (px4_msgs) StdoutLine: {'line': b'-- Up-to-date symlink: /home/maxim/super_ws/install/px4_msgs/include/px4_msgs/px4_msgs/msg/detail/debug_value__rosidl_typesupport_fastrtps_cpp.hpp\n'}
[2.402806] (px4_msgs) StdoutLine: {'line': b'-- Up-to-date symlink: /home/maxim/super_ws/install/px4_msgs/include/px4_msgs/px4_msgs/msg/detail/debug_vect__rosidl_typesupport_fastrtps_cpp.hpp\n'}
[2.402983] (px4_msgs) StdoutLine: {'line': b'-- Up-to-date symlink: /home/maxim/super_ws/install/px4_msgs/include/px4_msgs/px4_msgs/msg/detail/device_information__rosidl_typesupport_fastrtps_cpp.hpp\n'}
[2.403161] (px4_msgs) StdoutLine: {'line': b'-- Up-to-date symlink: /home/maxim/super_ws/install/px4_msgs/include/px4_msgs/px4_msgs/msg/detail/differential_pressure__rosidl_typesupport_fastrtps_cpp.hpp\n'}
[2.403223] (-) TimerEvent: {}
[2.403291] (px4_msgs) StdoutLine: {'line': b'-- Up-to-date symlink: /home/maxim/super_ws/install/px4_msgs/include/px4_msgs/px4_msgs/msg/detail/distance_sensor__rosidl_typesupport_fastrtps_cpp.hpp\n'}
[2.403494] (px4_msgs) StdoutLine: {'line': b'-- Up-to-date symlink: /home/maxim/super_ws/install/px4_msgs/include/px4_msgs/px4_msgs/msg/detail/distance_sensor_mode_change_request__rosidl_typesupport_fastrtps_cpp.hpp\n'}
[2.403656] (px4_msgs) StdoutLine: {'line': b'-- Up-to-date symlink: /home/maxim/super_ws/install/px4_msgs/include/px4_msgs/px4_msgs/msg/detail/dronecan_node_status__rosidl_typesupport_fastrtps_cpp.hpp\n'}
[2.403812] (px4_msgs) StdoutLine: {'line': b'-- Up-to-date symlink: /home/maxim/super_ws/install/px4_msgs/include/px4_msgs/px4_msgs/msg/detail/ekf2_timestamps__rosidl_typesupport_fastrtps_cpp.hpp\n'}
[2.403912] (px4_msgs) StdoutLine: {'line': b'-- Up-to-date symlink: /home/maxim/super_ws/install/px4_msgs/include/px4_msgs/px4_msgs/msg/detail/esc_eeprom_read__rosidl_typesupport_fastrtps_cpp.hpp\n'}
[2.404130] (px4_msgs) StdoutLine: {'line': b'-- Up-to-date symlink: /home/maxim/super_ws/install/px4_msgs/include/px4_msgs/px4_msgs/msg/detail/esc_eeprom_write__rosidl_typesupport_fastrtps_cpp.hpp\n'}
[2.404294] (px4_msgs) StdoutLine: {'line': b'-- Up-to-date symlink: /home/maxim/super_ws/install/px4_msgs/include/px4_msgs/px4_msgs/msg/detail/esc_report__rosidl_typesupport_fastrtps_cpp.hpp\n'}
[2.404459] (px4_msgs) StdoutLine: {'line': b'-- Up-to-date symlink: /home/maxim/super_ws/install/px4_msgs/include/px4_msgs/px4_msgs/msg/detail/esc_status__rosidl_typesupport_fastrtps_cpp.hpp\n'}
[2.404616] (px4_msgs) StdoutLine: {'line': b'-- Up-to-date symlink: /home/maxim/super_ws/install/px4_msgs/include/px4_msgs/px4_msgs/msg/detail/estimator_aid_source1d__rosidl_typesupport_fastrtps_cpp.hpp\n'}
[2.404798] (px4_msgs) StdoutLine: {'line': b'-- Up-to-date symlink: /home/maxim/super_ws/install/px4_msgs/include/px4_msgs/px4_msgs/msg/detail/estimator_aid_source2d__rosidl_typesupport_fastrtps_cpp.hpp\n'}
[2.405006] (px4_msgs) StdoutLine: {'line': b'-- Up-to-date symlink: /home/maxim/super_ws/install/px4_msgs/include/px4_msgs/px4_msgs/msg/detail/estimator_aid_source3d__rosidl_typesupport_fastrtps_cpp.hpp\n'}
[2.405150] (px4_msgs) StdoutLine: {'line': b'-- Up-to-date symlink: /home/maxim/super_ws/install/px4_msgs/include/px4_msgs/px4_msgs/msg/detail/estimator_bias3d__rosidl_typesupport_fastrtps_cpp.hpp\n'}
[2.405256] (px4_msgs) StdoutLine: {'line': b'-- Up-to-date symlink: /home/maxim/super_ws/install/px4_msgs/include/px4_msgs/px4_msgs/msg/detail/estimator_bias__rosidl_typesupport_fastrtps_cpp.hpp\n'}
[2.405385] (px4_msgs) StdoutLine: {'line': b'-- Up-to-date symlink: /home/maxim/super_ws/install/px4_msgs/include/px4_msgs/px4_msgs/msg/detail/estimator_event_flags__rosidl_typesupport_fastrtps_cpp.hpp\n'}
[2.405570] (px4_msgs) StdoutLine: {'line': b'-- Up-to-date symlink: /home/maxim/super_ws/install/px4_msgs/include/px4_msgs/px4_msgs/msg/detail/estimator_fusion_control__rosidl_typesupport_fastrtps_cpp.hpp\n'}
[2.405861] (px4_msgs) StdoutLine: {'line': b'-- Up-to-date symlink: /home/maxim/super_ws/install/px4_msgs/include/px4_msgs/px4_msgs/msg/detail/estimator_gps_status__rosidl_typesupport_fastrtps_cpp.hpp\n'}
[2.406014] (px4_msgs) StdoutLine: {'line': b'-- Up-to-date symlink: /home/maxim/super_ws/install/px4_msgs/include/px4_msgs/px4_msgs/msg/detail/estimator_innovations__rosidl_typesupport_fastrtps_cpp.hpp\n'}
[2.406189] (px4_msgs) StdoutLine: {'line': b'-- Up-to-date symlink: /home/maxim/super_ws/install/px4_msgs/include/px4_msgs/px4_msgs/msg/detail/estimator_selector_status__rosidl_typesupport_fastrtps_cpp.hpp\n'}
[2.406289] (px4_msgs) StdoutLine: {'line': b'-- Up-to-date symlink: /home/maxim/super_ws/install/px4_msgs/include/px4_msgs/px4_msgs/msg/detail/estimator_sensor_bias__rosidl_typesupport_fastrtps_cpp.hpp\n'}
[2.406366] (px4_msgs) StdoutLine: {'line': b'-- Up-to-date symlink: /home/maxim/super_ws/install/px4_msgs/include/px4_msgs/px4_msgs/msg/detail/estimator_states__rosidl_typesupport_fastrtps_cpp.hpp\n'}
[2.406488] (px4_msgs) StdoutLine: {'line': b'-- Up-to-date symlink: /home/maxim/super_ws/install/px4_msgs/include/px4_msgs/px4_msgs/msg/detail/estimator_status__rosidl_typesupport_fastrtps_cpp.hpp\n'}
[2.406576] (px4_msgs) StdoutLine: {'line': b'-- Up-to-date symlink: /home/maxim/super_ws/install/px4_msgs/include/px4_msgs/px4_msgs/msg/detail/estimator_status_flags__rosidl_typesupport_fastrtps_cpp.hpp\n'}
[2.406684] (px4_msgs) StdoutLine: {'line': b'-- Up-to-date symlink: /home/maxim/super_ws/install/px4_msgs/include/px4_msgs/px4_msgs/msg/detail/event__rosidl_typesupport_fastrtps_cpp.hpp\n'}
[2.406767] (px4_msgs) StdoutLine: {'line': b'-- Up-to-date symlink: /home/maxim/super_ws/install/px4_msgs/include/px4_msgs/px4_msgs/msg/detail/failsafe_flags__rosidl_typesupport_fastrtps_cpp.hpp\n'}
[2.406878] (px4_msgs) StdoutLine: {'line': b'-- Up-to-date symlink: /home/maxim/super_ws/install/px4_msgs/include/px4_msgs/px4_msgs/msg/detail/failure_detector_status__rosidl_typesupport_fastrtps_cpp.hpp\n'}
[2.407083] (px4_msgs) StdoutLine: {'line': b'-- Up-to-date symlink: /home/maxim/super_ws/install/px4_msgs/include/px4_msgs/px4_msgs/msg/detail/fiducial_marker_pos_report__rosidl_typesupport_fastrtps_cpp.hpp\n'}
[2.407260] (px4_msgs) StdoutLine: {'line': b'-- Up-to-date symlink: /home/maxim/super_ws/install/px4_msgs/include/px4_msgs/px4_msgs/msg/detail/fiducial_marker_yaw_report__rosidl_typesupport_fastrtps_cpp.hpp\n'}
[2.407454] (px4_msgs) StdoutLine: {'line': b'-- Up-to-date symlink: /home/maxim/super_ws/install/px4_msgs/include/px4_msgs/px4_msgs/msg/detail/figure_eight_status__rosidl_typesupport_fastrtps_cpp.hpp\n'}
[2.407712] (px4_msgs) StdoutLine: {'line': b'-- Up-to-date symlink: /home/maxim/super_ws/install/px4_msgs/include/px4_msgs/px4_msgs/msg/detail/fixed_wing_lateral_guidance_status__rosidl_typesupport_fastrtps_cpp.hpp\n'}
[2.407924] (px4_msgs) StdoutLine: {'line': b'-- Up-to-date symlink: /home/maxim/super_ws/install/px4_msgs/include/px4_msgs/px4_msgs/msg/detail/fixed_wing_lateral_setpoint__rosidl_typesupport_fastrtps_cpp.hpp\n'}
[2.408035] (px4_msgs) StdoutLine: {'line': b'-- Up-to-date symlink: /home/maxim/super_ws/install/px4_msgs/include/px4_msgs/px4_msgs/msg/detail/fixed_wing_lateral_status__rosidl_typesupport_fastrtps_cpp.hpp\n'}
[2.408292] (px4_msgs) StdoutLine: {'line': b'-- Up-to-date symlink: /home/maxim/super_ws/install/px4_msgs/include/px4_msgs/px4_msgs/msg/detail/fixed_wing_longitudinal_setpoint__rosidl_typesupport_fastrtps_cpp.hpp\n'}
[2.408457] (px4_msgs) StdoutLine: {'line': b'-- Up-to-date symlink: /home/maxim/super_ws/install/px4_msgs/include/px4_msgs/px4_msgs/msg/detail/fixed_wing_runway_control__rosidl_typesupport_fastrtps_cpp.hpp\n'}
[2.408639] (px4_msgs) StdoutLine: {'line': b'-- Up-to-date symlink: /home/maxim/super_ws/install/px4_msgs/include/px4_msgs/px4_msgs/msg/detail/flight_phase_estimation__rosidl_typesupport_fastrtps_cpp.hpp\n'}
[2.408809] (px4_msgs) StdoutLine: {'line': b'-- Up-to-date symlink: /home/maxim/super_ws/install/px4_msgs/include/px4_msgs/px4_msgs/msg/detail/follow_target__rosidl_typesupport_fastrtps_cpp.hpp\n'}
[2.408953] (px4_msgs) StdoutLine: {'line': b'-- Up-to-date symlink: /home/maxim/super_ws/install/px4_msgs/include/px4_msgs/px4_msgs/msg/detail/follow_target_estimator__rosidl_typesupport_fastrtps_cpp.hpp\n'}
[2.409079] (px4_msgs) StdoutLine: {'line': b'-- Up-to-date symlink: /home/maxim/super_ws/install/px4_msgs/include/px4_msgs/px4_msgs/msg/detail/follow_target_status__rosidl_typesupport_fastrtps_cpp.hpp\n'}
[2.409292] (px4_msgs) StdoutLine: {'line': b'-- Up-to-date symlink: /home/maxim/super_ws/install/px4_msgs/include/px4_msgs/px4_msgs/msg/detail/fuel_tank_status__rosidl_typesupport_fastrtps_cpp.hpp\n'}
[2.409490] (px4_msgs) StdoutLine: {'line': b'-- Up-to-date symlink: /home/maxim/super_ws/install/px4_msgs/include/px4_msgs/px4_msgs/msg/detail/gain_compression__rosidl_typesupport_fastrtps_cpp.hpp\n'}
[2.409592] (px4_msgs) StdoutLine: {'line': b'-- Up-to-date symlink: /home/maxim/super_ws/install/px4_msgs/include/px4_msgs/px4_msgs/msg/detail/generator_status__rosidl_typesupport_fastrtps_cpp.hpp\n'}
[2.409695] (px4_msgs) StdoutLine: {'line': b'-- Up-to-date symlink: /home/maxim/super_ws/install/px4_msgs/include/px4_msgs/px4_msgs/msg/detail/geofence_result__rosidl_typesupport_fastrtps_cpp.hpp\n'}
[2.409877] (px4_msgs) StdoutLine: {'line': b'-- Up-to-date symlink: /home/maxim/super_ws/install/px4_msgs/include/px4_msgs/px4_msgs/msg/detail/geofence_status__rosidl_typesupport_fastrtps_cpp.hpp\n'}
[2.410053] (px4_msgs) StdoutLine: {'line': b'-- Up-to-date symlink: /home/maxim/super_ws/install/px4_msgs/include/px4_msgs/px4_msgs/msg/detail/gimbal_controls__rosidl_typesupport_fastrtps_cpp.hpp\n'}
[2.410229] (px4_msgs) StdoutLine: {'line': b'-- Up-to-date symlink: /home/maxim/super_ws/install/px4_msgs/include/px4_msgs/px4_msgs/msg/detail/gimbal_device_attitude_status__rosidl_typesupport_fastrtps_cpp.hpp\n'}
[2.410406] (px4_msgs) StdoutLine: {'line': b'-- Up-to-date symlink: /home/maxim/super_ws/install/px4_msgs/include/px4_msgs/px4_msgs/msg/detail/gimbal_device_information__rosidl_typesupport_fastrtps_cpp.hpp\n'}
[2.410557] (px4_msgs) StdoutLine: {'line': b'-- Up-to-date symlink: /home/maxim/super_ws/install/px4_msgs/include/px4_msgs/px4_msgs/msg/detail/gimbal_device_set_attitude__rosidl_typesupport_fastrtps_cpp.hpp\n'}
[2.410720] (px4_msgs) StdoutLine: {'line': b'-- Up-to-date symlink: /home/maxim/super_ws/install/px4_msgs/include/px4_msgs/px4_msgs/msg/detail/gimbal_manager_information__rosidl_typesupport_fastrtps_cpp.hpp\n'}
[2.410864] (px4_msgs) StdoutLine: {'line': b'-- Up-to-date symlink: /home/maxim/super_ws/install/px4_msgs/include/px4_msgs/px4_msgs/msg/detail/gimbal_manager_set_attitude__rosidl_typesupport_fastrtps_cpp.hpp\n'}
[2.411019] (px4_msgs) StdoutLine: {'line': b'-- Up-to-date symlink: /home/maxim/super_ws/install/px4_msgs/include/px4_msgs/px4_msgs/msg/detail/gimbal_manager_set_manual_control__rosidl_typesupport_fastrtps_cpp.hpp\n'}
[2.411192] (px4_msgs) StdoutLine: {'line': b'-- Up-to-date symlink: /home/maxim/super_ws/install/px4_msgs/include/px4_msgs/px4_msgs/msg/detail/gimbal_manager_status__rosidl_typesupport_fastrtps_cpp.hpp\n'}
[2.411365] (px4_msgs) StdoutLine: {'line': b'-- Up-to-date symlink: /home/maxim/super_ws/install/px4_msgs/include/px4_msgs/px4_msgs/msg/detail/goto_setpoint__rosidl_typesupport_fastrtps_cpp.hpp\n'}
[2.411534] (px4_msgs) StdoutLine: {'line': b'-- Up-to-date symlink: /home/maxim/super_ws/install/px4_msgs/include/px4_msgs/px4_msgs/msg/detail/gpio_config__rosidl_typesupport_fastrtps_cpp.hpp\n'}
[2.411679] (px4_msgs) StdoutLine: {'line': b'-- Up-to-date symlink: /home/maxim/super_ws/install/px4_msgs/include/px4_msgs/px4_msgs/msg/detail/gpio_in__rosidl_typesupport_fastrtps_cpp.hpp\n'}
[2.411792] (px4_msgs) StdoutLine: {'line': b'-- Up-to-date symlink: /home/maxim/super_ws/install/px4_msgs/include/px4_msgs/px4_msgs/msg/detail/gpio_out__rosidl_typesupport_fastrtps_cpp.hpp\n'}
[2.411900] (px4_msgs) StdoutLine: {'line': b'-- Up-to-date symlink: /home/maxim/super_ws/install/px4_msgs/include/px4_msgs/px4_msgs/msg/detail/gpio_request__rosidl_typesupport_fastrtps_cpp.hpp\n'}
[2.412011] (px4_msgs) StdoutLine: {'line': b'-- Up-to-date symlink: /home/maxim/super_ws/install/px4_msgs/include/px4_msgs/px4_msgs/msg/detail/gps_dump__rosidl_typesupport_fastrtps_cpp.hpp\n'}
[2.412186] (px4_msgs) StdoutLine: {'line': b'-- Up-to-date symlink: /home/maxim/super_ws/install/px4_msgs/include/px4_msgs/px4_msgs/msg/detail/gps_inject_data__rosidl_typesupport_fastrtps_cpp.hpp\n'}
[2.412341] (px4_msgs) StdoutLine: {'line': b'-- Up-to-date symlink: /home/maxim/super_ws/install/px4_msgs/include/px4_msgs/px4_msgs/msg/detail/gripper__rosidl_typesupport_fastrtps_cpp.hpp\n'}
[2.412496] (px4_msgs) StdoutLine: {'line': b'-- Up-to-date symlink: /home/maxim/super_ws/install/px4_msgs/include/px4_msgs/px4_msgs/msg/detail/health_report__rosidl_typesupport_fastrtps_cpp.hpp\n'}
[2.412725] (px4_msgs) StdoutLine: {'line': b'-- Up-to-date symlink: /home/maxim/super_ws/install/px4_msgs/include/px4_msgs/px4_msgs/msg/detail/heater_status__rosidl_typesupport_fastrtps_cpp.hpp\n'}
[2.412983] (px4_msgs) StdoutLine: {'line': b'-- Up-to-date symlink: /home/maxim/super_ws/install/px4_msgs/include/px4_msgs/px4_msgs/msg/detail/home_position__rosidl_typesupport_fastrtps_cpp.hpp\n'}
[2.413230] (px4_msgs) StdoutLine: {'line': b'-- Up-to-date symlink: /home/maxim/super_ws/install/px4_msgs/include/px4_msgs/px4_msgs/msg/detail/hover_thrust_estimate__rosidl_typesupport_fastrtps_cpp.hpp\n'}
[2.413659] (px4_msgs) StdoutLine: {'line': b'-- Up-to-date symlink: /home/maxim/super_ws/install/px4_msgs/include/px4_msgs/px4_msgs/msg/detail/input_rc__rosidl_typesupport_fastrtps_cpp.hpp\n'}
[2.413829] (px4_msgs) StdoutLine: {'line': b'-- Up-to-date symlink: /home/maxim/super_ws/install/px4_msgs/include/px4_msgs/px4_msgs/msg/detail/internal_combustion_engine_control__rosidl_typesupport_fastrtps_cpp.hpp\n'}
[2.413982] (px4_msgs) StdoutLine: {'line': b'-- Up-to-date symlink: /home/maxim/super_ws/install/px4_msgs/include/px4_msgs/px4_msgs/msg/detail/internal_combustion_engine_status__rosidl_typesupport_fastrtps_cpp.hpp\n'}
[2.414169] (px4_msgs) StdoutLine: {'line': b'-- Up-to-date symlink: /home/maxim/super_ws/install/px4_msgs/include/px4_msgs/px4_msgs/msg/detail/iridiumsbd_status__rosidl_typesupport_fastrtps_cpp.hpp\n'}
[2.414336] (px4_msgs) StdoutLine: {'line': b'-- Up-to-date symlink: /home/maxim/super_ws/install/px4_msgs/include/px4_msgs/px4_msgs/msg/detail/irlock_report__rosidl_typesupport_fastrtps_cpp.hpp\n'}
[2.414460] (px4_msgs) StdoutLine: {'line': b'-- Up-to-date symlink: /home/maxim/super_ws/install/px4_msgs/include/px4_msgs/px4_msgs/msg/detail/landing_gear__rosidl_typesupport_fastrtps_cpp.hpp\n'}
[2.414656] (px4_msgs) StdoutLine: {'line': b'-- Up-to-date symlink: /home/maxim/super_ws/install/px4_msgs/include/px4_msgs/px4_msgs/msg/detail/landing_gear_wheel__rosidl_typesupport_fastrtps_cpp.hpp\n'}
[2.414835] (px4_msgs) StdoutLine: {'line': b'-- Up-to-date symlink: /home/maxim/super_ws/install/px4_msgs/include/px4_msgs/px4_msgs/msg/detail/landing_target_innovations__rosidl_typesupport_fastrtps_cpp.hpp\n'}
[2.414943] (px4_msgs) StdoutLine: {'line': b'-- Up-to-date symlink: /home/maxim/super_ws/install/px4_msgs/include/px4_msgs/px4_msgs/msg/detail/landing_target_pose__rosidl_typesupport_fastrtps_cpp.hpp\n'}
[2.415184] (px4_msgs) StdoutLine: {'line': b'-- Up-to-date symlink: /home/maxim/super_ws/install/px4_msgs/include/px4_msgs/px4_msgs/msg/detail/lateral_control_configuration__rosidl_typesupport_fastrtps_cpp.hpp\n'}
[2.415409] (px4_msgs) StdoutLine: {'line': b'-- Up-to-date symlink: /home/maxim/super_ws/install/px4_msgs/include/px4_msgs/px4_msgs/msg/detail/launch_detection_status__rosidl_typesupport_fastrtps_cpp.hpp\n'}
[2.415648] (px4_msgs) StdoutLine: {'line': b'-- Up-to-date symlink: /home/maxim/super_ws/install/px4_msgs/include/px4_msgs/px4_msgs/msg/detail/led_control__rosidl_typesupport_fastrtps_cpp.hpp\n'}
[2.415892] (px4_msgs) StdoutLine: {'line': b'-- Up-to-date symlink: /home/maxim/super_ws/install/px4_msgs/include/px4_msgs/px4_msgs/msg/detail/log_message__rosidl_typesupport_fastrtps_cpp.hpp\n'}
[2.416132] (px4_msgs) StdoutLine: {'line': b'-- Up-to-date symlink: /home/maxim/super_ws/install/px4_msgs/include/px4_msgs/px4_msgs/msg/detail/logger_status__rosidl_typesupport_fastrtps_cpp.hpp\n'}
[2.416296] (px4_msgs) StdoutLine: {'line': b'-- Up-to-date symlink: /home/maxim/super_ws/install/px4_msgs/include/px4_msgs/px4_msgs/msg/detail/longitudinal_control_configuration__rosidl_typesupport_fastrtps_cpp.hpp\n'}
[2.416464] (px4_msgs) StdoutLine: {'line': b'-- Up-to-date symlink: /home/maxim/super_ws/install/px4_msgs/include/px4_msgs/px4_msgs/msg/detail/mag_worker_data__rosidl_typesupport_fastrtps_cpp.hpp\n'}
[2.416622] (px4_msgs) StdoutLine: {'line': b'-- Up-to-date symlink: /home/maxim/super_ws/install/px4_msgs/include/px4_msgs/px4_msgs/msg/detail/magnetometer_bias_estimate__rosidl_typesupport_fastrtps_cpp.hpp\n'}
[2.416772] (px4_msgs) StdoutLine: {'line': b'-- Up-to-date symlink: /home/maxim/super_ws/install/px4_msgs/include/px4_msgs/px4_msgs/msg/detail/manual_control_setpoint__rosidl_typesupport_fastrtps_cpp.hpp\n'}
[2.416950] (px4_msgs) StdoutLine: {'line': b'-- Up-to-date symlink: /home/maxim/super_ws/install/px4_msgs/include/px4_msgs/px4_msgs/msg/detail/manual_control_switches__rosidl_typesupport_fastrtps_cpp.hpp\n'}
[2.417190] (px4_msgs) StdoutLine: {'line': b'-- Up-to-date symlink: /home/maxim/super_ws/install/px4_msgs/include/px4_msgs/px4_msgs/msg/detail/mavlink_log__rosidl_typesupport_fastrtps_cpp.hpp\n'}
[2.417319] (px4_msgs) StdoutLine: {'line': b'-- Up-to-date symlink: /home/maxim/super_ws/install/px4_msgs/include/px4_msgs/px4_msgs/msg/detail/mavlink_tunnel__rosidl_typesupport_fastrtps_cpp.hpp\n'}
[2.417482] (px4_msgs) StdoutLine: {'line': b'-- Up-to-date symlink: /home/maxim/super_ws/install/px4_msgs/include/px4_msgs/px4_msgs/msg/detail/message_format_request__rosidl_typesupport_fastrtps_cpp.hpp\n'}
[2.417692] (px4_msgs) StdoutLine: {'line': b'-- Up-to-date symlink: /home/maxim/super_ws/install/px4_msgs/include/px4_msgs/px4_msgs/msg/detail/message_format_response__rosidl_typesupport_fastrtps_cpp.hpp\n'}
[2.417905] (px4_msgs) StdoutLine: {'line': b'-- Up-to-date symlink: /home/maxim/super_ws/install/px4_msgs/include/px4_msgs/px4_msgs/msg/detail/mission__rosidl_typesupport_fastrtps_cpp.hpp\n'}
[2.418034] (px4_msgs) StdoutLine: {'line': b'-- Up-to-date symlink: /home/maxim/super_ws/install/px4_msgs/include/px4_msgs/px4_msgs/msg/detail/mission_result__rosidl_typesupport_fastrtps_cpp.hpp\n'}
[2.418211] (px4_msgs) StdoutLine: {'line': b'-- Up-to-date symlink: /home/maxim/super_ws/install/px4_msgs/include/px4_msgs/px4_msgs/msg/detail/mode_completed__rosidl_typesupport_fastrtps_cpp.hpp\n'}
[2.418380] (px4_msgs) StdoutLine: {'line': b'-- Up-to-date symlink: /home/maxim/super_ws/install/px4_msgs/include/px4_msgs/px4_msgs/msg/detail/mount_orientation__rosidl_typesupport_fastrtps_cpp.hpp\n'}
[2.418502] (px4_msgs) StdoutLine: {'line': b'-- Up-to-date symlink: /home/maxim/super_ws/install/px4_msgs/include/px4_msgs/px4_msgs/msg/detail/navigator_mission_item__rosidl_typesupport_fastrtps_cpp.hpp\n'}
[2.418656] (px4_msgs) StdoutLine: {'line': b'-- Up-to-date symlink: /home/maxim/super_ws/install/px4_msgs/include/px4_msgs/px4_msgs/msg/detail/navigator_status__rosidl_typesupport_fastrtps_cpp.hpp\n'}
[2.418809] (px4_msgs) StdoutLine: {'line': b'-- Up-to-date symlink: /home/maxim/super_ws/install/px4_msgs/include/px4_msgs/px4_msgs/msg/detail/neural_control__rosidl_typesupport_fastrtps_cpp.hpp\n'}
[2.418984] (px4_msgs) StdoutLine: {'line': b'-- Up-to-date symlink: /home/maxim/super_ws/install/px4_msgs/include/px4_msgs/px4_msgs/msg/detail/normalized_unsigned_setpoint__rosidl_typesupport_fastrtps_cpp.hpp\n'}
[2.419174] (px4_msgs) StdoutLine: {'line': b'-- Up-to-date symlink: /home/maxim/super_ws/install/px4_msgs/include/px4_msgs/px4_msgs/msg/detail/obstacle_distance__rosidl_typesupport_fastrtps_cpp.hpp\n'}
[2.419354] (px4_msgs) StdoutLine: {'line': b'-- Up-to-date symlink: /home/maxim/super_ws/install/px4_msgs/include/px4_msgs/px4_msgs/msg/detail/offboard_control_mode__rosidl_typesupport_fastrtps_cpp.hpp\n'}
[2.419575] (px4_msgs) StdoutLine: {'line': b'-- Up-to-date symlink: /home/maxim/super_ws/install/px4_msgs/include/px4_msgs/px4_msgs/msg/detail/onboard_computer_status__rosidl_typesupport_fastrtps_cpp.hpp\n'}
[2.419728] (px4_msgs) StdoutLine: {'line': b'-- Up-to-date symlink: /home/maxim/super_ws/install/px4_msgs/include/px4_msgs/px4_msgs/msg/detail/open_drone_id_arm_status__rosidl_typesupport_fastrtps_cpp.hpp\n'}
[2.419934] (px4_msgs) StdoutLine: {'line': b'-- Up-to-date symlink: /home/maxim/super_ws/install/px4_msgs/include/px4_msgs/px4_msgs/msg/detail/open_drone_id_operator_id__rosidl_typesupport_fastrtps_cpp.hpp\n'}
[2.420035] (px4_msgs) StdoutLine: {'line': b'-- Up-to-date symlink: /home/maxim/super_ws/install/px4_msgs/include/px4_msgs/px4_msgs/msg/detail/open_drone_id_self_id__rosidl_typesupport_fastrtps_cpp.hpp\n'}
[2.420276] (px4_msgs) StdoutLine: {'line': b'-- Up-to-date symlink: /home/maxim/super_ws/install/px4_msgs/include/px4_msgs/px4_msgs/msg/detail/open_drone_id_system__rosidl_typesupport_fastrtps_cpp.hpp\n'}
[2.420427] (px4_msgs) StdoutLine: {'line': b'-- Up-to-date symlink: /home/maxim/super_ws/install/px4_msgs/include/px4_msgs/px4_msgs/msg/detail/orb_test__rosidl_typesupport_fastrtps_cpp.hpp\n'}
[2.420576] (px4_msgs) StdoutLine: {'line': b'-- Up-to-date symlink: /home/maxim/super_ws/install/px4_msgs/include/px4_msgs/px4_msgs/msg/detail/orb_test_large__rosidl_typesupport_fastrtps_cpp.hpp\n'}
[2.420801] (px4_msgs) StdoutLine: {'line': b'-- Up-to-date symlink: /home/maxim/super_ws/install/px4_msgs/include/px4_msgs/px4_msgs/msg/detail/orb_test_medium__rosidl_typesupport_fastrtps_cpp.hpp\n'}
[2.420936] (px4_msgs) StdoutLine: {'line': b'-- Up-to-date symlink: /home/maxim/super_ws/install/px4_msgs/include/px4_msgs/px4_msgs/msg/detail/orbit_status__rosidl_typesupport_fastrtps_cpp.hpp\n'}
[2.421066] (px4_msgs) StdoutLine: {'line': b'-- Up-to-date symlink: /home/maxim/super_ws/install/px4_msgs/include/px4_msgs/px4_msgs/msg/detail/parameter_reset_request__rosidl_typesupport_fastrtps_cpp.hpp\n'}
[2.421269] (px4_msgs) StdoutLine: {'line': b'-- Up-to-date symlink: /home/maxim/super_ws/install/px4_msgs/include/px4_msgs/px4_msgs/msg/detail/parameter_set_used_request__rosidl_typesupport_fastrtps_cpp.hpp\n'}
[2.421442] (px4_msgs) StdoutLine: {'line': b'-- Up-to-date symlink: /home/maxim/super_ws/install/px4_msgs/include/px4_msgs/px4_msgs/msg/detail/parameter_set_value_request__rosidl_typesupport_fastrtps_cpp.hpp\n'}
[2.421555] (px4_msgs) StdoutLine: {'line': b'-- Up-to-date symlink: /home/maxim/super_ws/install/px4_msgs/include/px4_msgs/px4_msgs/msg/detail/parameter_set_value_response__rosidl_typesupport_fastrtps_cpp.hpp\n'}
[2.421744] (px4_msgs) StdoutLine: {'line': b'-- Up-to-date symlink: /home/maxim/super_ws/install/px4_msgs/include/px4_msgs/px4_msgs/msg/detail/parameter_update__rosidl_typesupport_fastrtps_cpp.hpp\n'}
[2.421908] (px4_msgs) StdoutLine: {'line': b'-- Up-to-date symlink: /home/maxim/super_ws/install/px4_msgs/include/px4_msgs/px4_msgs/msg/detail/ping__rosidl_typesupport_fastrtps_cpp.hpp\n'}
[2.422062] (px4_msgs) StdoutLine: {'line': b'-- Up-to-date symlink: /home/maxim/super_ws/install/px4_msgs/include/px4_msgs/px4_msgs/msg/detail/position_controller_landing_status__rosidl_typesupport_fastrtps_cpp.hpp\n'}
[2.422213] (px4_msgs) StdoutLine: {'line': b'-- Up-to-date symlink: /home/maxim/super_ws/install/px4_msgs/include/px4_msgs/px4_msgs/msg/detail/position_controller_status__rosidl_typesupport_fastrtps_cpp.hpp\n'}
[2.422353] (px4_msgs) StdoutLine: {'line': b'-- Up-to-date symlink: /home/maxim/super_ws/install/px4_msgs/include/px4_msgs/px4_msgs/msg/detail/position_setpoint__rosidl_typesupport_fastrtps_cpp.hpp\n'}
[2.422523] (px4_msgs) StdoutLine: {'line': b'-- Up-to-date symlink: /home/maxim/super_ws/install/px4_msgs/include/px4_msgs/px4_msgs/msg/detail/position_setpoint_triplet__rosidl_typesupport_fastrtps_cpp.hpp\n'}
[2.422756] (px4_msgs) StdoutLine: {'line': b'-- Up-to-date symlink: /home/maxim/super_ws/install/px4_msgs/include/px4_msgs/px4_msgs/msg/detail/power_button_state__rosidl_typesupport_fastrtps_cpp.hpp\n'}
[2.422985] (px4_msgs) StdoutLine: {'line': b'-- Up-to-date symlink: /home/maxim/super_ws/install/px4_msgs/include/px4_msgs/px4_msgs/msg/detail/power_monitor__rosidl_typesupport_fastrtps_cpp.hpp\n'}
[2.423185] (px4_msgs) StdoutLine: {'line': b'-- Up-to-date symlink: /home/maxim/super_ws/install/px4_msgs/include/px4_msgs/px4_msgs/msg/detail/pps_capture__rosidl_typesupport_fastrtps_cpp.hpp\n'}
[2.423328] (px4_msgs) StdoutLine: {'line': b'-- Up-to-date symlink: /home/maxim/super_ws/install/px4_msgs/include/px4_msgs/px4_msgs/msg/detail/prec_land_status__rosidl_typesupport_fastrtps_cpp.hpp\n'}
[2.423512] (px4_msgs) StdoutLine: {'line': b'-- Up-to-date symlink: /home/maxim/super_ws/install/px4_msgs/include/px4_msgs/px4_msgs/msg/detail/pure_pursuit_status__rosidl_typesupport_fastrtps_cpp.hpp\n'}
[2.423645] (px4_msgs) StdoutLine: {'line': b'-- Up-to-date symlink: /home/maxim/super_ws/install/px4_msgs/include/px4_msgs/px4_msgs/msg/detail/pwm_input__rosidl_typesupport_fastrtps_cpp.hpp\n'}
[2.423816] (px4_msgs) StdoutLine: {'line': b'-- Up-to-date symlink: /home/maxim/super_ws/install/px4_msgs/include/px4_msgs/px4_msgs/msg/detail/px4io_status__rosidl_typesupport_fastrtps_cpp.hpp\n'}
[2.423928] (px4_msgs) StdoutLine: {'line': b'-- Up-to-date symlink: /home/maxim/super_ws/install/px4_msgs/include/px4_msgs/px4_msgs/msg/detail/qshell_req__rosidl_typesupport_fastrtps_cpp.hpp\n'}
[2.424007] (px4_msgs) StdoutLine: {'line': b'-- Up-to-date symlink: /home/maxim/super_ws/install/px4_msgs/include/px4_msgs/px4_msgs/msg/detail/qshell_retval__rosidl_typesupport_fastrtps_cpp.hpp\n'}
[2.424154] (px4_msgs) StdoutLine: {'line': b'-- Up-to-date symlink: /home/maxim/super_ws/install/px4_msgs/include/px4_msgs/px4_msgs/msg/detail/radio_status__rosidl_typesupport_fastrtps_cpp.hpp\n'}
[2.424254] (px4_msgs) StdoutLine: {'line': b'-- Up-to-date symlink: /home/maxim/super_ws/install/px4_msgs/include/px4_msgs/px4_msgs/msg/detail/ranging_beacon__rosidl_typesupport_fastrtps_cpp.hpp\n'}
[2.424339] (px4_msgs) StdoutLine: {'line': b'-- Up-to-date symlink: /home/maxim/super_ws/install/px4_msgs/include/px4_msgs/px4_msgs/msg/detail/raptor_input__rosidl_typesupport_fastrtps_cpp.hpp\n'}
[2.424425] (px4_msgs) StdoutLine: {'line': b'-- Up-to-date symlink: /home/maxim/super_ws/install/px4_msgs/include/px4_msgs/px4_msgs/msg/detail/raptor_status__rosidl_typesupport_fastrtps_cpp.hpp\n'}
[2.424563] (px4_msgs) StdoutLine: {'line': b'-- Up-to-date symlink: /home/maxim/super_ws/install/px4_msgs/include/px4_msgs/px4_msgs/msg/detail/rate_ctrl_status__rosidl_typesupport_fastrtps_cpp.hpp\n'}
[2.424672] (px4_msgs) StdoutLine: {'line': b'-- Up-to-date symlink: /home/maxim/super_ws/install/px4_msgs/include/px4_msgs/px4_msgs/msg/detail/rc_channels__rosidl_typesupport_fastrtps_cpp.hpp\n'}
[2.424793] (px4_msgs) StdoutLine: {'line': b'-- Up-to-date symlink: /home/maxim/super_ws/install/px4_msgs/include/px4_msgs/px4_msgs/msg/detail/rc_parameter_map__rosidl_typesupport_fastrtps_cpp.hpp\n'}
[2.424909] (px4_msgs) StdoutLine: {'line': b'-- Up-to-date symlink: /home/maxim/super_ws/install/px4_msgs/include/px4_msgs/px4_msgs/msg/detail/register_ext_component_reply__rosidl_typesupport_fastrtps_cpp.hpp\n'}
[2.425037] (px4_msgs) StdoutLine: {'line': b'-- Up-to-date symlink: /home/maxim/super_ws/install/px4_msgs/include/px4_msgs/px4_msgs/msg/detail/register_ext_component_request__rosidl_typesupport_fastrtps_cpp.hpp\n'}
[2.425160] (px4_msgs) StdoutLine: {'line': b'-- Up-to-date symlink: /home/maxim/super_ws/install/px4_msgs/include/px4_msgs/px4_msgs/msg/detail/rover_attitude_setpoint__rosidl_typesupport_fastrtps_cpp.hpp\n'}
[2.425339] (px4_msgs) StdoutLine: {'line': b'-- Up-to-date symlink: /home/maxim/super_ws/install/px4_msgs/include/px4_msgs/px4_msgs/msg/detail/rover_attitude_status__rosidl_typesupport_fastrtps_cpp.hpp\n'}
[2.425487] (px4_msgs) StdoutLine: {'line': b'-- Up-to-date symlink: /home/maxim/super_ws/install/px4_msgs/include/px4_msgs/px4_msgs/msg/detail/rover_position_setpoint__rosidl_typesupport_fastrtps_cpp.hpp\n'}
[2.425635] (px4_msgs) StdoutLine: {'line': b'-- Up-to-date symlink: /home/maxim/super_ws/install/px4_msgs/include/px4_msgs/px4_msgs/msg/detail/rover_rate_setpoint__rosidl_typesupport_fastrtps_cpp.hpp\n'}
[2.425743] (px4_msgs) StdoutLine: {'line': b'-- Up-to-date symlink: /home/maxim/super_ws/install/px4_msgs/include/px4_msgs/px4_msgs/msg/detail/rover_rate_status__rosidl_typesupport_fastrtps_cpp.hpp\n'}
[2.425861] (px4_msgs) StdoutLine: {'line': b'-- Up-to-date symlink: /home/maxim/super_ws/install/px4_msgs/include/px4_msgs/px4_msgs/msg/detail/rover_speed_setpoint__rosidl_typesupport_fastrtps_cpp.hpp\n'}
[2.426043] (px4_msgs) StdoutLine: {'line': b'-- Up-to-date symlink: /home/maxim/super_ws/install/px4_msgs/include/px4_msgs/px4_msgs/msg/detail/rover_speed_status__rosidl_typesupport_fastrtps_cpp.hpp\n'}
[2.426261] (px4_msgs) StdoutLine: {'line': b'-- Up-to-date symlink: /home/maxim/super_ws/install/px4_msgs/include/px4_msgs/px4_msgs/msg/detail/rover_steering_setpoint__rosidl_typesupport_fastrtps_cpp.hpp\n'}
[2.426455] (px4_msgs) StdoutLine: {'line': b'-- Up-to-date symlink: /home/maxim/super_ws/install/px4_msgs/include/px4_msgs/px4_msgs/msg/detail/rover_throttle_setpoint__rosidl_typesupport_fastrtps_cpp.hpp\n'}
[2.426658] (px4_msgs) StdoutLine: {'line': b'-- Up-to-date symlink: /home/maxim/super_ws/install/px4_msgs/include/px4_msgs/px4_msgs/msg/detail/rpm__rosidl_typesupport_fastrtps_cpp.hpp\n'}
[2.426855] (px4_msgs) StdoutLine: {'line': b'-- Up-to-date symlink: /home/maxim/super_ws/install/px4_msgs/include/px4_msgs/px4_msgs/msg/detail/rtl_status__rosidl_typesupport_fastrtps_cpp.hpp\n'}
[2.427010] (px4_msgs) StdoutLine: {'line': b'-- Up-to-date symlink: /home/maxim/super_ws/install/px4_msgs/include/px4_msgs/px4_msgs/msg/detail/rtl_time_estimate__rosidl_typesupport_fastrtps_cpp.hpp\n'}
[2.427248] (px4_msgs) StdoutLine: {'line': b'-- Up-to-date symlink: /home/maxim/super_ws/install/px4_msgs/include/px4_msgs/px4_msgs/msg/detail/satellite_info__rosidl_typesupport_fastrtps_cpp.hpp\n'}
[2.427403] (px4_msgs) StdoutLine: {'line': b'-- Up-to-date symlink: /home/maxim/super_ws/install/px4_msgs/include/px4_msgs/px4_msgs/msg/detail/sensor_accel__rosidl_typesupport_fastrtps_cpp.hpp\n'}
[2.427489] (px4_msgs) StdoutLine: {'line': b'-- Up-to-date symlink: /home/maxim/super_ws/install/px4_msgs/include/px4_msgs/px4_msgs/msg/detail/sensor_accel_fifo__rosidl_typesupport_fastrtps_cpp.hpp\n'}
[2.427579] (px4_msgs) StdoutLine: {'line': b'-- Up-to-date symlink: /home/maxim/super_ws/install/px4_msgs/include/px4_msgs/px4_msgs/msg/detail/sensor_airflow__rosidl_typesupport_fastrtps_cpp.hpp\n'}
[2.427729] (px4_msgs) StdoutLine: {'line': b'-- Up-to-date symlink: /home/maxim/super_ws/install/px4_msgs/include/px4_msgs/px4_msgs/msg/detail/sensor_baro__rosidl_typesupport_fastrtps_cpp.hpp\n'}
[2.427909] (px4_msgs) StdoutLine: {'line': b'-- Up-to-date symlink: /home/maxim/super_ws/install/px4_msgs/include/px4_msgs/px4_msgs/msg/detail/sensor_combined__rosidl_typesupport_fastrtps_cpp.hpp\n'}
[2.428011] (px4_msgs) StdoutLine: {'line': b'-- Up-to-date symlink: /home/maxim/super_ws/install/px4_msgs/include/px4_msgs/px4_msgs/msg/detail/sensor_correction__rosidl_typesupport_fastrtps_cpp.hpp\n'}
[2.428155] (px4_msgs) StdoutLine: {'line': b'-- Up-to-date symlink: /home/maxim/super_ws/install/px4_msgs/include/px4_msgs/px4_msgs/msg/detail/sensor_gnss_relative__rosidl_typesupport_fastrtps_cpp.hpp\n'}
[2.428306] (px4_msgs) StdoutLine: {'line': b'-- Up-to-date symlink: /home/maxim/super_ws/install/px4_msgs/include/px4_msgs/px4_msgs/msg/detail/sensor_gnss_status__rosidl_typesupport_fastrtps_cpp.hpp\n'}
[2.428456] (px4_msgs) StdoutLine: {'line': b'-- Up-to-date symlink: /home/maxim/super_ws/install/px4_msgs/include/px4_msgs/px4_msgs/msg/detail/sensor_gps__rosidl_typesupport_fastrtps_cpp.hpp\n'}
[2.428605] (px4_msgs) StdoutLine: {'line': b'-- Up-to-date symlink: /home/maxim/super_ws/install/px4_msgs/include/px4_msgs/px4_msgs/msg/detail/sensor_gyro__rosidl_typesupport_fastrtps_cpp.hpp\n'}
[2.428705] (px4_msgs) StdoutLine: {'line': b'-- Up-to-date symlink: /home/maxim/super_ws/install/px4_msgs/include/px4_msgs/px4_msgs/msg/detail/sensor_gyro_fft__rosidl_typesupport_fastrtps_cpp.hpp\n'}
[2.428768] (px4_msgs) StdoutLine: {'line': b'-- Up-to-date symlink: /home/maxim/super_ws/install/px4_msgs/include/px4_msgs/px4_msgs/msg/detail/sensor_gyro_fifo__rosidl_typesupport_fastrtps_cpp.hpp\n'}
[2.428836] (px4_msgs) StdoutLine: {'line': b'-- Up-to-date symlink: /home/maxim/super_ws/install/px4_msgs/include/px4_msgs/px4_msgs/msg/detail/sensor_hygrometer__rosidl_typesupport_fastrtps_cpp.hpp\n'}
[2.428912] (px4_msgs) StdoutLine: {'line': b'-- Up-to-date symlink: /home/maxim/super_ws/install/px4_msgs/include/px4_msgs/px4_msgs/msg/detail/sensor_mag__rosidl_typesupport_fastrtps_cpp.hpp\n'}
[2.429015] (px4_msgs) StdoutLine: {'line': b'-- Up-to-date symlink: /home/maxim/super_ws/install/px4_msgs/include/px4_msgs/px4_msgs/msg/detail/sensor_optical_flow__rosidl_typesupport_fastrtps_cpp.hpp\n'}
[2.429170] (px4_msgs) StdoutLine: {'line': b'-- Up-to-date symlink: /home/maxim/super_ws/install/px4_msgs/include/px4_msgs/px4_msgs/msg/detail/sensor_preflight_mag__rosidl_typesupport_fastrtps_cpp.hpp\n'}
[2.429250] (px4_msgs) StdoutLine: {'line': b'-- Up-to-date symlink: /home/maxim/super_ws/install/px4_msgs/include/px4_msgs/px4_msgs/msg/detail/sensor_selection__rosidl_typesupport_fastrtps_cpp.hpp\n'}
[2.429427] (px4_msgs) StdoutLine: {'line': b'-- Up-to-date symlink: /home/maxim/super_ws/install/px4_msgs/include/px4_msgs/px4_msgs/msg/detail/sensor_temp__rosidl_typesupport_fastrtps_cpp.hpp\n'}
[2.429601] (px4_msgs) StdoutLine: {'line': b'-- Up-to-date symlink: /home/maxim/super_ws/install/px4_msgs/include/px4_msgs/px4_msgs/msg/detail/sensor_uwb__rosidl_typesupport_fastrtps_cpp.hpp\n'}
[2.429752] (px4_msgs) StdoutLine: {'line': b'-- Up-to-date symlink: /home/maxim/super_ws/install/px4_msgs/include/px4_msgs/px4_msgs/msg/detail/sensors_status__rosidl_typesupport_fastrtps_cpp.hpp\n'}
[2.429902] (px4_msgs) StdoutLine: {'line': b'-- Up-to-date symlink: /home/maxim/super_ws/install/px4_msgs/include/px4_msgs/px4_msgs/msg/detail/sensors_status_imu__rosidl_typesupport_fastrtps_cpp.hpp\n'}
[2.430001] (px4_msgs) StdoutLine: {'line': b'-- Up-to-date symlink: /home/maxim/super_ws/install/px4_msgs/include/px4_msgs/px4_msgs/msg/detail/system_power__rosidl_typesupport_fastrtps_cpp.hpp\n'}
[2.430086] (px4_msgs) StdoutLine: {'line': b'-- Up-to-date symlink: /home/maxim/super_ws/install/px4_msgs/include/px4_msgs/px4_msgs/msg/detail/takeoff_status__rosidl_typesupport_fastrtps_cpp.hpp\n'}
[2.430241] (px4_msgs) StdoutLine: {'line': b'-- Up-to-date symlink: /home/maxim/super_ws/install/px4_msgs/include/px4_msgs/px4_msgs/msg/detail/target_gnss__rosidl_typesupport_fastrtps_cpp.hpp\n'}
[2.430341] (px4_msgs) StdoutLine: {'line': b'-- Up-to-date symlink: /home/maxim/super_ws/install/px4_msgs/include/px4_msgs/px4_msgs/msg/detail/task_stack_info__rosidl_typesupport_fastrtps_cpp.hpp\n'}
[2.430423] (px4_msgs) StdoutLine: {'line': b'-- Up-to-date symlink: /home/maxim/super_ws/install/px4_msgs/include/px4_msgs/px4_msgs/msg/detail/tecs_status__rosidl_typesupport_fastrtps_cpp.hpp\n'}
[2.430530] (px4_msgs) StdoutLine: {'line': b'-- Up-to-date symlink: /home/maxim/super_ws/install/px4_msgs/include/px4_msgs/px4_msgs/msg/detail/telemetry_status__rosidl_typesupport_fastrtps_cpp.hpp\n'}
[2.430642] (px4_msgs) StdoutLine: {'line': b'-- Up-to-date symlink: /home/maxim/super_ws/install/px4_msgs/include/px4_msgs/px4_msgs/msg/detail/tiltrotor_extra_controls__rosidl_typesupport_fastrtps_cpp.hpp\n'}
[2.430724] (px4_msgs) StdoutLine: {'line': b'-- Up-to-date symlink: /home/maxim/super_ws/install/px4_msgs/include/px4_msgs/px4_msgs/msg/detail/timesync_status__rosidl_typesupport_fastrtps_cpp.hpp\n'}
[2.430833] (px4_msgs) StdoutLine: {'line': b'-- Up-to-date symlink: /home/maxim/super_ws/install/px4_msgs/include/px4_msgs/px4_msgs/msg/detail/trajectory_setpoint6dof__rosidl_typesupport_fastrtps_cpp.hpp\n'}
[2.430945] (px4_msgs) StdoutLine: {'line': b'-- Up-to-date symlink: /home/maxim/super_ws/install/px4_msgs/include/px4_msgs/px4_msgs/msg/detail/trajectory_setpoint__rosidl_typesupport_fastrtps_cpp.hpp\n'}
[2.431057] (px4_msgs) StdoutLine: {'line': b'-- Up-to-date symlink: /home/maxim/super_ws/install/px4_msgs/include/px4_msgs/px4_msgs/msg/detail/transponder_report__rosidl_typesupport_fastrtps_cpp.hpp\n'}
[2.431169] (px4_msgs) StdoutLine: {'line': b'-- Up-to-date symlink: /home/maxim/super_ws/install/px4_msgs/include/px4_msgs/px4_msgs/msg/detail/tune_control__rosidl_typesupport_fastrtps_cpp.hpp\n'}
[2.431278] (px4_msgs) StdoutLine: {'line': b'-- Up-to-date symlink: /home/maxim/super_ws/install/px4_msgs/include/px4_msgs/px4_msgs/msg/detail/uavcan_parameter_request__rosidl_typesupport_fastrtps_cpp.hpp\n'}
[2.431385] (px4_msgs) StdoutLine: {'line': b'-- Up-to-date symlink: /home/maxim/super_ws/install/px4_msgs/include/px4_msgs/px4_msgs/msg/detail/uavcan_parameter_value__rosidl_typesupport_fastrtps_cpp.hpp\n'}
[2.431495] (px4_msgs) StdoutLine: {'line': b'-- Up-to-date symlink: /home/maxim/super_ws/install/px4_msgs/include/px4_msgs/px4_msgs/msg/detail/ulog_stream__rosidl_typesupport_fastrtps_cpp.hpp\n'}
[2.431602] (px4_msgs) StdoutLine: {'line': b'-- Up-to-date symlink: /home/maxim/super_ws/install/px4_msgs/include/px4_msgs/px4_msgs/msg/detail/ulog_stream_ack__rosidl_typesupport_fastrtps_cpp.hpp\n'}
[2.431712] (px4_msgs) StdoutLine: {'line': b'-- Up-to-date symlink: /home/maxim/super_ws/install/px4_msgs/include/px4_msgs/px4_msgs/msg/detail/unregister_ext_component__rosidl_typesupport_fastrtps_cpp.hpp\n'}
[2.431821] (px4_msgs) StdoutLine: {'line': b'-- Up-to-date symlink: /home/maxim/super_ws/install/px4_msgs/include/px4_msgs/px4_msgs/msg/detail/vehicle_acceleration__rosidl_typesupport_fastrtps_cpp.hpp\n'}
[2.431929] (px4_msgs) StdoutLine: {'line': b'-- Up-to-date symlink: /home/maxim/super_ws/install/px4_msgs/include/px4_msgs/px4_msgs/msg/detail/vehicle_air_data__rosidl_typesupport_fastrtps_cpp.hpp\n'}
[2.432040] (px4_msgs) StdoutLine: {'line': b'-- Up-to-date symlink: /home/maxim/super_ws/install/px4_msgs/include/px4_msgs/px4_msgs/msg/detail/vehicle_angular_acceleration_setpoint__rosidl_typesupport_fastrtps_cpp.hpp\n'}
[2.432157] (px4_msgs) StdoutLine: {'line': b'-- Up-to-date symlink: /home/maxim/super_ws/install/px4_msgs/include/px4_msgs/px4_msgs/msg/detail/vehicle_angular_velocity__rosidl_typesupport_fastrtps_cpp.hpp\n'}
[2.432264] (px4_msgs) StdoutLine: {'line': b'-- Up-to-date symlink: /home/maxim/super_ws/install/px4_msgs/include/px4_msgs/px4_msgs/msg/detail/vehicle_attitude__rosidl_typesupport_fastrtps_cpp.hpp\n'}
[2.432381] (px4_msgs) StdoutLine: {'line': b'-- Up-to-date symlink: /home/maxim/super_ws/install/px4_msgs/include/px4_msgs/px4_msgs/msg/detail/vehicle_attitude_setpoint__rosidl_typesupport_fastrtps_cpp.hpp\n'}
[2.432591] (px4_msgs) StdoutLine: {'line': b'-- Up-to-date symlink: /home/maxim/super_ws/install/px4_msgs/include/px4_msgs/px4_msgs/msg/detail/vehicle_command__rosidl_typesupport_fastrtps_cpp.hpp\n'}
[2.432701] (px4_msgs) StdoutLine: {'line': b'-- Up-to-date symlink: /home/maxim/super_ws/install/px4_msgs/include/px4_msgs/px4_msgs/msg/detail/vehicle_command_ack__rosidl_typesupport_fastrtps_cpp.hpp\n'}
[2.432811] (px4_msgs) StdoutLine: {'line': b'-- Up-to-date symlink: /home/maxim/super_ws/install/px4_msgs/include/px4_msgs/px4_msgs/msg/detail/vehicle_constraints__rosidl_typesupport_fastrtps_cpp.hpp\n'}
[2.432920] (px4_msgs) StdoutLine: {'line': b'-- Up-to-date symlink: /home/maxim/super_ws/install/px4_msgs/include/px4_msgs/px4_msgs/msg/detail/vehicle_control_mode__rosidl_typesupport_fastrtps_cpp.hpp\n'}
[2.433028] (px4_msgs) StdoutLine: {'line': b'-- Up-to-date symlink: /home/maxim/super_ws/install/px4_msgs/include/px4_msgs/px4_msgs/msg/detail/vehicle_global_position__rosidl_typesupport_fastrtps_cpp.hpp\n'}
[2.433147] (px4_msgs) StdoutLine: {'line': b'-- Up-to-date symlink: /home/maxim/super_ws/install/px4_msgs/include/px4_msgs/px4_msgs/msg/detail/vehicle_imu__rosidl_typesupport_fastrtps_cpp.hpp\n'}
[2.433255] (px4_msgs) StdoutLine: {'line': b'-- Up-to-date symlink: /home/maxim/super_ws/install/px4_msgs/include/px4_msgs/px4_msgs/msg/detail/vehicle_imu_status__rosidl_typesupport_fastrtps_cpp.hpp\n'}
[2.433363] (px4_msgs) StdoutLine: {'line': b'-- Up-to-date symlink: /home/maxim/super_ws/install/px4_msgs/include/px4_msgs/px4_msgs/msg/detail/vehicle_land_detected__rosidl_typesupport_fastrtps_cpp.hpp\n'}
[2.433471] (px4_msgs) StdoutLine: {'line': b'-- Up-to-date symlink: /home/maxim/super_ws/install/px4_msgs/include/px4_msgs/px4_msgs/msg/detail/vehicle_local_position__rosidl_typesupport_fastrtps_cpp.hpp\n'}
[2.433581] (px4_msgs) StdoutLine: {'line': b'-- Up-to-date symlink: /home/maxim/super_ws/install/px4_msgs/include/px4_msgs/px4_msgs/msg/detail/vehicle_local_position_setpoint__rosidl_typesupport_fastrtps_cpp.hpp\n'}
[2.433689] (px4_msgs) StdoutLine: {'line': b'-- Up-to-date symlink: /home/maxim/super_ws/install/px4_msgs/include/px4_msgs/px4_msgs/msg/detail/vehicle_magnetometer__rosidl_typesupport_fastrtps_cpp.hpp\n'}
[2.433797] (px4_msgs) StdoutLine: {'line': b'-- Up-to-date symlink: /home/maxim/super_ws/install/px4_msgs/include/px4_msgs/px4_msgs/msg/detail/vehicle_odometry__rosidl_typesupport_fastrtps_cpp.hpp\n'}
[2.433981] (px4_msgs) StdoutLine: {'line': b'-- Up-to-date symlink: /home/maxim/super_ws/install/px4_msgs/include/px4_msgs/px4_msgs/msg/detail/vehicle_optical_flow__rosidl_typesupport_fastrtps_cpp.hpp\n'}
[2.434100] (px4_msgs) StdoutLine: {'line': b'-- Up-to-date symlink: /home/maxim/super_ws/install/px4_msgs/include/px4_msgs/px4_msgs/msg/detail/vehicle_optical_flow_vel__rosidl_typesupport_fastrtps_cpp.hpp\n'}
[2.434247] (px4_msgs) StdoutLine: {'line': b'-- Up-to-date symlink: /home/maxim/super_ws/install/px4_msgs/include/px4_msgs/px4_msgs/msg/detail/vehicle_rates_setpoint__rosidl_typesupport_fastrtps_cpp.hpp\n'}
[2.434359] (px4_msgs) StdoutLine: {'line': b'-- Up-to-date symlink: /home/maxim/super_ws/install/px4_msgs/include/px4_msgs/px4_msgs/msg/detail/vehicle_roi__rosidl_typesupport_fastrtps_cpp.hpp\n'}
[2.434467] (px4_msgs) StdoutLine: {'line': b'-- Up-to-date symlink: /home/maxim/super_ws/install/px4_msgs/include/px4_msgs/px4_msgs/msg/detail/vehicle_status__rosidl_typesupport_fastrtps_cpp.hpp\n'}
[2.434575] (px4_msgs) StdoutLine: {'line': b'-- Up-to-date symlink: /home/maxim/super_ws/install/px4_msgs/include/px4_msgs/px4_msgs/msg/detail/vehicle_thrust_setpoint__rosidl_typesupport_fastrtps_cpp.hpp\n'}
[2.434674] (px4_msgs) StdoutLine: {'line': b'-- Up-to-date symlink: /home/maxim/super_ws/install/px4_msgs/include/px4_msgs/px4_msgs/msg/detail/vehicle_torque_setpoint__rosidl_typesupport_fastrtps_cpp.hpp\n'}
[2.434754] (px4_msgs) StdoutLine: {'line': b'-- Up-to-date symlink: /home/maxim/super_ws/install/px4_msgs/include/px4_msgs/px4_msgs/msg/detail/velocity_limits__rosidl_typesupport_fastrtps_cpp.hpp\n'}
[2.434863] (px4_msgs) StdoutLine: {'line': b'-- Up-to-date symlink: /home/maxim/super_ws/install/px4_msgs/include/px4_msgs/px4_msgs/msg/detail/vte_aid_source1d__rosidl_typesupport_fastrtps_cpp.hpp\n'}
[2.434973] (px4_msgs) StdoutLine: {'line': b'-- Up-to-date symlink: /home/maxim/super_ws/install/px4_msgs/include/px4_msgs/px4_msgs/msg/detail/vte_aid_source3d__rosidl_typesupport_fastrtps_cpp.hpp\n'}
[2.435087] (px4_msgs) StdoutLine: {'line': b'-- Up-to-date symlink: /home/maxim/super_ws/install/px4_msgs/include/px4_msgs/px4_msgs/msg/detail/vte_bias_init_status__rosidl_typesupport_fastrtps_cpp.hpp\n'}
[2.435224] (px4_msgs) StdoutLine: {'line': b'-- Up-to-date symlink: /home/maxim/super_ws/install/px4_msgs/include/px4_msgs/px4_msgs/msg/detail/vte_input__rosidl_typesupport_fastrtps_cpp.hpp\n'}
[2.435336] (px4_msgs) StdoutLine: {'line': b'-- Up-to-date symlink: /home/maxim/super_ws/install/px4_msgs/include/px4_msgs/px4_msgs/msg/detail/vte_orientation__rosidl_typesupport_fastrtps_cpp.hpp\n'}
[2.435441] (px4_msgs) StdoutLine: {'line': b'-- Up-to-date symlink: /home/maxim/super_ws/install/px4_msgs/include/px4_msgs/px4_msgs/msg/detail/vte_position__rosidl_typesupport_fastrtps_cpp.hpp\n'}
[2.435524] (px4_msgs) StdoutLine: {'line': b'-- Up-to-date symlink: /home/maxim/super_ws/install/px4_msgs/include/px4_msgs/px4_msgs/msg/detail/vtol_vehicle_status__rosidl_typesupport_fastrtps_cpp.hpp\n'}
[2.435634] (px4_msgs) StdoutLine: {'line': b'-- Up-to-date symlink: /home/maxim/super_ws/install/px4_msgs/include/px4_msgs/px4_msgs/msg/detail/vtx__rosidl_typesupport_fastrtps_cpp.hpp\n'}
[2.435773] (px4_msgs) StdoutLine: {'line': b'-- Up-to-date symlink: /home/maxim/super_ws/install/px4_msgs/include/px4_msgs/px4_msgs/msg/detail/wheel_encoders__rosidl_typesupport_fastrtps_cpp.hpp\n'}
[2.435856] (px4_msgs) StdoutLine: {'line': b'-- Up-to-date symlink: /home/maxim/super_ws/install/px4_msgs/include/px4_msgs/px4_msgs/msg/detail/wind__rosidl_typesupport_fastrtps_cpp.hpp\n'}
[2.435965] (px4_msgs) StdoutLine: {'line': b'-- Up-to-date symlink: /home/maxim/super_ws/install/px4_msgs/include/px4_msgs/px4_msgs/msg/detail/yaw_estimator_status__rosidl_typesupport_fastrtps_cpp.hpp\n'}
[2.436079] (px4_msgs) StdoutLine: {'line': b'-- Up-to-date symlink: /home/maxim/super_ws/install/px4_msgs/include/px4_msgs/px4_msgs/msg/rosidl_typesupport_fastrtps_cpp__visibility_control.h\n'}
[2.436191] (px4_msgs) StdoutLine: {'line': b'-- Up-to-date symlink: /home/maxim/super_ws/install/px4_msgs/include/px4_msgs/px4_msgs/srv/detail/vehicle_command__rosidl_typesupport_fastrtps_cpp.hpp\n'}
[2.438728] (px4_msgs) StdoutLine: {'line': b'-- Up-to-date symlink: /home/maxim/super_ws/install/px4_msgs/include/px4_msgs/px4_msgs/msg/detail/action_request__rosidl_typesupport_introspection_c.h\n'}
[2.438913] (px4_msgs) StdoutLine: {'line': b'-- Up-to-date symlink: /home/maxim/super_ws/install/px4_msgs/include/px4_msgs/px4_msgs/msg/detail/actuator_armed__rosidl_typesupport_introspection_c.h\n'}
[2.439019] (px4_msgs) StdoutLine: {'line': b'-- Up-to-date symlink: /home/maxim/super_ws/install/px4_msgs/include/px4_msgs/px4_msgs/msg/detail/actuator_controls_status__rosidl_typesupport_introspection_c.h\n'}
[2.439170] (px4_msgs) StdoutLine: {'line': b'-- Up-to-date symlink: /home/maxim/super_ws/install/px4_msgs/include/px4_msgs/px4_msgs/msg/detail/actuator_motors__rosidl_typesupport_introspection_c.h\n'}
[2.439332] (px4_msgs) StdoutLine: {'line': b'-- Up-to-date symlink: /home/maxim/super_ws/install/px4_msgs/include/px4_msgs/px4_msgs/msg/detail/actuator_outputs__rosidl_typesupport_introspection_c.h\n'}
[2.439403] (px4_msgs) StdoutLine: {'line': b'-- Up-to-date symlink: /home/maxim/super_ws/install/px4_msgs/include/px4_msgs/px4_msgs/msg/detail/actuator_servos__rosidl_typesupport_introspection_c.h\n'}
[2.439477] (px4_msgs) StdoutLine: {'line': b'-- Up-to-date symlink: /home/maxim/super_ws/install/px4_msgs/include/px4_msgs/px4_msgs/msg/detail/actuator_servos_trim__rosidl_typesupport_introspection_c.h\n'}
[2.439555] (px4_msgs) StdoutLine: {'line': b'-- Up-to-date symlink: /home/maxim/super_ws/install/px4_msgs/include/px4_msgs/px4_msgs/msg/detail/actuator_test__rosidl_typesupport_introspection_c.h\n'}
[2.439628] (px4_msgs) StdoutLine: {'line': b'-- Up-to-date symlink: /home/maxim/super_ws/install/px4_msgs/include/px4_msgs/px4_msgs/msg/detail/adc_report__rosidl_typesupport_introspection_c.h\n'}
[2.439709] (px4_msgs) StdoutLine: {'line': b'-- Up-to-date symlink: /home/maxim/super_ws/install/px4_msgs/include/px4_msgs/px4_msgs/msg/detail/airspeed__rosidl_typesupport_introspection_c.h\n'}
[2.439819] (px4_msgs) StdoutLine: {'line': b'-- Up-to-date symlink: /home/maxim/super_ws/install/px4_msgs/include/px4_msgs/px4_msgs/msg/detail/airspeed_validated__rosidl_typesupport_introspection_c.h\n'}
[2.439964] (px4_msgs) StdoutLine: {'line': b'-- Up-to-date symlink: /home/maxim/super_ws/install/px4_msgs/include/px4_msgs/px4_msgs/msg/detail/airspeed_wind__rosidl_typesupport_introspection_c.h\n'}
[2.440041] (px4_msgs) StdoutLine: {'line': b'-- Up-to-date symlink: /home/maxim/super_ws/install/px4_msgs/include/px4_msgs/px4_msgs/msg/detail/arming_check_reply__rosidl_typesupport_introspection_c.h\n'}
[2.440195] (px4_msgs) StdoutLine: {'line': b'-- Up-to-date symlink: /home/maxim/super_ws/install/px4_msgs/include/px4_msgs/px4_msgs/msg/detail/arming_check_request__rosidl_typesupport_introspection_c.h\n'}
[2.440339] (px4_msgs) StdoutLine: {'line': b'-- Up-to-date symlink: /home/maxim/super_ws/install/px4_msgs/include/px4_msgs/px4_msgs/msg/detail/autotune_attitude_control_status__rosidl_typesupport_introspection_c.h\n'}
[2.440442] (px4_msgs) StdoutLine: {'line': b'-- Up-to-date symlink: /home/maxim/super_ws/install/px4_msgs/include/px4_msgs/px4_msgs/msg/detail/aux_global_position__rosidl_typesupport_introspection_c.h\n'}
[2.440523] (px4_msgs) StdoutLine: {'line': b'-- Up-to-date symlink: /home/maxim/super_ws/install/px4_msgs/include/px4_msgs/px4_msgs/msg/detail/battery_info__rosidl_typesupport_introspection_c.h\n'}
[2.440626] (px4_msgs) StdoutLine: {'line': b'-- Up-to-date symlink: /home/maxim/super_ws/install/px4_msgs/include/px4_msgs/px4_msgs/msg/detail/battery_status__rosidl_typesupport_introspection_c.h\n'}
[2.440733] (px4_msgs) StdoutLine: {'line': b'-- Up-to-date symlink: /home/maxim/super_ws/install/px4_msgs/include/px4_msgs/px4_msgs/msg/detail/button_event__rosidl_typesupport_introspection_c.h\n'}
[2.440814] (px4_msgs) StdoutLine: {'line': b'-- Up-to-date symlink: /home/maxim/super_ws/install/px4_msgs/include/px4_msgs/px4_msgs/msg/detail/camera_capture__rosidl_typesupport_introspection_c.h\n'}
[2.440950] (px4_msgs) StdoutLine: {'line': b'-- Up-to-date symlink: /home/maxim/super_ws/install/px4_msgs/include/px4_msgs/px4_msgs/msg/detail/camera_status__rosidl_typesupport_introspection_c.h\n'}
[2.441032] (px4_msgs) StdoutLine: {'line': b'-- Up-to-date symlink: /home/maxim/super_ws/install/px4_msgs/include/px4_msgs/px4_msgs/msg/detail/camera_trigger__rosidl_typesupport_introspection_c.h\n'}
[2.441148] (px4_msgs) StdoutLine: {'line': b'-- Up-to-date symlink: /home/maxim/super_ws/install/px4_msgs/include/px4_msgs/px4_msgs/msg/detail/can_interface_status__rosidl_typesupport_introspection_c.h\n'}
[2.441254] (px4_msgs) StdoutLine: {'line': b'-- Up-to-date symlink: /home/maxim/super_ws/install/px4_msgs/include/px4_msgs/px4_msgs/msg/detail/cellular_status__rosidl_typesupport_introspection_c.h\n'}
[2.441394] (px4_msgs) StdoutLine: {'line': b'-- Up-to-date symlink: /home/maxim/super_ws/install/px4_msgs/include/px4_msgs/px4_msgs/msg/detail/collision_constraints__rosidl_typesupport_introspection_c.h\n'}
[2.441502] (px4_msgs) StdoutLine: {'line': b'-- Up-to-date symlink: /home/maxim/super_ws/install/px4_msgs/include/px4_msgs/px4_msgs/msg/detail/config_overrides__rosidl_typesupport_introspection_c.h\n'}
[2.441667] (px4_msgs) StdoutLine: {'line': b'-- Up-to-date symlink: /home/maxim/super_ws/install/px4_msgs/include/px4_msgs/px4_msgs/msg/detail/control_allocator_status__rosidl_typesupport_introspection_c.h\n'}
[2.441832] (px4_msgs) StdoutLine: {'line': b'-- Up-to-date symlink: /home/maxim/super_ws/install/px4_msgs/include/px4_msgs/px4_msgs/msg/detail/cpuload__rosidl_typesupport_introspection_c.h\n'}
[2.441970] (px4_msgs) StdoutLine: {'line': b'-- Up-to-date symlink: /home/maxim/super_ws/install/px4_msgs/include/px4_msgs/px4_msgs/msg/detail/dataman_request__rosidl_typesupport_introspection_c.h\n'}
[2.442198] (px4_msgs) StdoutLine: {'line': b'-- Up-to-date symlink: /home/maxim/super_ws/install/px4_msgs/include/px4_msgs/px4_msgs/msg/detail/dataman_response__rosidl_typesupport_introspection_c.h\n'}
[2.442473] (px4_msgs) StdoutLine: {'line': b'-- Up-to-date symlink: /home/maxim/super_ws/install/px4_msgs/include/px4_msgs/px4_msgs/msg/detail/debug_array__rosidl_typesupport_introspection_c.h\n'}
[2.442681] (px4_msgs) StdoutLine: {'line': b'-- Up-to-date symlink: /home/maxim/super_ws/install/px4_msgs/include/px4_msgs/px4_msgs/msg/detail/debug_key_value__rosidl_typesupport_introspection_c.h\n'}
[2.442854] (px4_msgs) StdoutLine: {'line': b'-- Up-to-date symlink: /home/maxim/super_ws/install/px4_msgs/include/px4_msgs/px4_msgs/msg/detail/debug_value__rosidl_typesupport_introspection_c.h\n'}
[2.442975] (px4_msgs) StdoutLine: {'line': b'-- Up-to-date symlink: /home/maxim/super_ws/install/px4_msgs/include/px4_msgs/px4_msgs/msg/detail/debug_vect__rosidl_typesupport_introspection_c.h\n'}
[2.443181] (px4_msgs) StdoutLine: {'line': b'-- Up-to-date symlink: /home/maxim/super_ws/install/px4_msgs/include/px4_msgs/px4_msgs/msg/detail/device_information__rosidl_typesupport_introspection_c.h\n'}
[2.443354] (px4_msgs) StdoutLine: {'line': b'-- Up-to-date symlink: /home/maxim/super_ws/install/px4_msgs/include/px4_msgs/px4_msgs/msg/detail/differential_pressure__rosidl_typesupport_introspection_c.h\n'}
[2.443523] (px4_msgs) StdoutLine: {'line': b'-- Up-to-date symlink: /home/maxim/super_ws/install/px4_msgs/include/px4_msgs/px4_msgs/msg/detail/distance_sensor__rosidl_typesupport_introspection_c.h\n'}
[2.443629] (px4_msgs) StdoutLine: {'line': b'-- Up-to-date symlink: /home/maxim/super_ws/install/px4_msgs/include/px4_msgs/px4_msgs/msg/detail/distance_sensor_mode_change_request__rosidl_typesupport_introspection_c.h\n'}
[2.443795] (px4_msgs) StdoutLine: {'line': b'-- Up-to-date symlink: /home/maxim/super_ws/install/px4_msgs/include/px4_msgs/px4_msgs/msg/detail/dronecan_node_status__rosidl_typesupport_introspection_c.h\n'}
[2.443935] (px4_msgs) StdoutLine: {'line': b'-- Up-to-date symlink: /home/maxim/super_ws/install/px4_msgs/include/px4_msgs/px4_msgs/msg/detail/ekf2_timestamps__rosidl_typesupport_introspection_c.h\n'}
[2.444016] (px4_msgs) StdoutLine: {'line': b'-- Up-to-date symlink: /home/maxim/super_ws/install/px4_msgs/include/px4_msgs/px4_msgs/msg/detail/esc_eeprom_read__rosidl_typesupport_introspection_c.h\n'}
[2.444207] (px4_msgs) StdoutLine: {'line': b'-- Up-to-date symlink: /home/maxim/super_ws/install/px4_msgs/include/px4_msgs/px4_msgs/msg/detail/esc_eeprom_write__rosidl_typesupport_introspection_c.h\n'}
[2.444442] (px4_msgs) StdoutLine: {'line': b'-- Up-to-date symlink: /home/maxim/super_ws/install/px4_msgs/include/px4_msgs/px4_msgs/msg/detail/esc_report__rosidl_typesupport_introspection_c.h\n'}
[2.444615] (px4_msgs) StdoutLine: {'line': b'-- Up-to-date symlink: /home/maxim/super_ws/install/px4_msgs/include/px4_msgs/px4_msgs/msg/detail/esc_status__rosidl_typesupport_introspection_c.h\n'}
[2.444794] (px4_msgs) StdoutLine: {'line': b'-- Up-to-date symlink: /home/maxim/super_ws/install/px4_msgs/include/px4_msgs/px4_msgs/msg/detail/estimator_aid_source1d__rosidl_typesupport_introspection_c.h\n'}
[2.444896] (px4_msgs) StdoutLine: {'line': b'-- Up-to-date symlink: /home/maxim/super_ws/install/px4_msgs/include/px4_msgs/px4_msgs/msg/detail/estimator_aid_source2d__rosidl_typesupport_introspection_c.h\n'}
[2.444997] (px4_msgs) StdoutLine: {'line': b'-- Up-to-date symlink: /home/maxim/super_ws/install/px4_msgs/include/px4_msgs/px4_msgs/msg/detail/estimator_aid_source3d__rosidl_typesupport_introspection_c.h\n'}
[2.445207] (px4_msgs) StdoutLine: {'line': b'-- Up-to-date symlink: /home/maxim/super_ws/install/px4_msgs/include/px4_msgs/px4_msgs/msg/detail/estimator_bias3d__rosidl_typesupport_introspection_c.h\n'}
[2.445354] (px4_msgs) StdoutLine: {'line': b'-- Up-to-date symlink: /home/maxim/super_ws/install/px4_msgs/include/px4_msgs/px4_msgs/msg/detail/estimator_bias__rosidl_typesupport_introspection_c.h\n'}
[2.445457] (px4_msgs) StdoutLine: {'line': b'-- Up-to-date symlink: /home/maxim/super_ws/install/px4_msgs/include/px4_msgs/px4_msgs/msg/detail/estimator_event_flags__rosidl_typesupport_introspection_c.h\n'}
[2.445655] (px4_msgs) StdoutLine: {'line': b'-- Up-to-date symlink: /home/maxim/super_ws/install/px4_msgs/include/px4_msgs/px4_msgs/msg/detail/estimator_fusion_control__rosidl_typesupport_introspection_c.h\n'}
[2.445829] (px4_msgs) StdoutLine: {'line': b'-- Up-to-date symlink: /home/maxim/super_ws/install/px4_msgs/include/px4_msgs/px4_msgs/msg/detail/estimator_gps_status__rosidl_typesupport_introspection_c.h\n'}
[2.446002] (px4_msgs) StdoutLine: {'line': b'-- Up-to-date symlink: /home/maxim/super_ws/install/px4_msgs/include/px4_msgs/px4_msgs/msg/detail/estimator_innovations__rosidl_typesupport_introspection_c.h\n'}
[2.446218] (px4_msgs) StdoutLine: {'line': b'-- Up-to-date symlink: /home/maxim/super_ws/install/px4_msgs/include/px4_msgs/px4_msgs/msg/detail/estimator_selector_status__rosidl_typesupport_introspection_c.h\n'}
[2.446327] (px4_msgs) StdoutLine: {'line': b'-- Up-to-date symlink: /home/maxim/super_ws/install/px4_msgs/include/px4_msgs/px4_msgs/msg/detail/estimator_sensor_bias__rosidl_typesupport_introspection_c.h\n'}
[2.446413] (px4_msgs) StdoutLine: {'line': b'-- Up-to-date symlink: /home/maxim/super_ws/install/px4_msgs/include/px4_msgs/px4_msgs/msg/detail/estimator_states__rosidl_typesupport_introspection_c.h\n'}
[2.446554] (px4_msgs) StdoutLine: {'line': b'-- Up-to-date symlink: /home/maxim/super_ws/install/px4_msgs/include/px4_msgs/px4_msgs/msg/detail/estimator_status__rosidl_typesupport_introspection_c.h\n'}
[2.446730] (px4_msgs) StdoutLine: {'line': b'-- Up-to-date symlink: /home/maxim/super_ws/install/px4_msgs/include/px4_msgs/px4_msgs/msg/detail/estimator_status_flags__rosidl_typesupport_introspection_c.h\n'}
[2.446926] (px4_msgs) StdoutLine: {'line': b'-- Up-to-date symlink: /home/maxim/super_ws/install/px4_msgs/include/px4_msgs/px4_msgs/msg/detail/event__rosidl_typesupport_introspection_c.h\n'}
[2.447164] (px4_msgs) StdoutLine: {'line': b'-- Up-to-date symlink: /home/maxim/super_ws/install/px4_msgs/include/px4_msgs/px4_msgs/msg/detail/failsafe_flags__rosidl_typesupport_introspection_c.h\n'}
[2.447329] (px4_msgs) StdoutLine: {'line': b'-- Up-to-date symlink: /home/maxim/super_ws/install/px4_msgs/include/px4_msgs/px4_msgs/msg/detail/failure_detector_status__rosidl_typesupport_introspection_c.h\n'}
[2.447485] (px4_msgs) StdoutLine: {'line': b'-- Up-to-date symlink: /home/maxim/super_ws/install/px4_msgs/include/px4_msgs/px4_msgs/msg/detail/fiducial_marker_pos_report__rosidl_typesupport_introspection_c.h\n'}
[2.447639] (px4_msgs) StdoutLine: {'line': b'-- Up-to-date symlink: /home/maxim/super_ws/install/px4_msgs/include/px4_msgs/px4_msgs/msg/detail/fiducial_marker_yaw_report__rosidl_typesupport_introspection_c.h\n'}
[2.447783] (px4_msgs) StdoutLine: {'line': b'-- Up-to-date symlink: /home/maxim/super_ws/install/px4_msgs/include/px4_msgs/px4_msgs/msg/detail/figure_eight_status__rosidl_typesupport_introspection_c.h\n'}
[2.447940] (px4_msgs) StdoutLine: {'line': b'-- Up-to-date symlink: /home/maxim/super_ws/install/px4_msgs/include/px4_msgs/px4_msgs/msg/detail/fixed_wing_lateral_guidance_status__rosidl_typesupport_introspection_c.h\n'}
[2.448067] (px4_msgs) StdoutLine: {'line': b'-- Up-to-date symlink: /home/maxim/super_ws/install/px4_msgs/include/px4_msgs/px4_msgs/msg/detail/fixed_wing_lateral_setpoint__rosidl_typesupport_introspection_c.h\n'}
[2.448242] (px4_msgs) StdoutLine: {'line': b'-- Up-to-date symlink: /home/maxim/super_ws/install/px4_msgs/include/px4_msgs/px4_msgs/msg/detail/fixed_wing_lateral_status__rosidl_typesupport_introspection_c.h\n'}
[2.448451] (px4_msgs) StdoutLine: {'line': b'-- Up-to-date symlink: /home/maxim/super_ws/install/px4_msgs/include/px4_msgs/px4_msgs/msg/detail/fixed_wing_longitudinal_setpoint__rosidl_typesupport_introspection_c.h\n'}
[2.448591] (px4_msgs) StdoutLine: {'line': b'-- Up-to-date symlink: /home/maxim/super_ws/install/px4_msgs/include/px4_msgs/px4_msgs/msg/detail/fixed_wing_runway_control__rosidl_typesupport_introspection_c.h\n'}
[2.448763] (px4_msgs) StdoutLine: {'line': b'-- Up-to-date symlink: /home/maxim/super_ws/install/px4_msgs/include/px4_msgs/px4_msgs/msg/detail/flight_phase_estimation__rosidl_typesupport_introspection_c.h\n'}
[2.448978] (px4_msgs) StdoutLine: {'line': b'-- Up-to-date symlink: /home/maxim/super_ws/install/px4_msgs/include/px4_msgs/px4_msgs/msg/detail/follow_target__rosidl_typesupport_introspection_c.h\n'}
[2.449154] (px4_msgs) StdoutLine: {'line': b'-- Up-to-date symlink: /home/maxim/super_ws/install/px4_msgs/include/px4_msgs/px4_msgs/msg/detail/follow_target_estimator__rosidl_typesupport_introspection_c.h\n'}
[2.449301] (px4_msgs) StdoutLine: {'line': b'-- Up-to-date symlink: /home/maxim/super_ws/install/px4_msgs/include/px4_msgs/px4_msgs/msg/detail/follow_target_status__rosidl_typesupport_introspection_c.h\n'}
[2.449454] (px4_msgs) StdoutLine: {'line': b'-- Up-to-date symlink: /home/maxim/super_ws/install/px4_msgs/include/px4_msgs/px4_msgs/msg/detail/fuel_tank_status__rosidl_typesupport_introspection_c.h\n'}
[2.449571] (px4_msgs) StdoutLine: {'line': b'-- Up-to-date symlink: /home/maxim/super_ws/install/px4_msgs/include/px4_msgs/px4_msgs/msg/detail/gain_compression__rosidl_typesupport_introspection_c.h\n'}
[2.449717] (px4_msgs) StdoutLine: {'line': b'-- Up-to-date symlink: /home/maxim/super_ws/install/px4_msgs/include/px4_msgs/px4_msgs/msg/detail/generator_status__rosidl_typesupport_introspection_c.h\n'}
[2.449901] (px4_msgs) StdoutLine: {'line': b'-- Up-to-date symlink: /home/maxim/super_ws/install/px4_msgs/include/px4_msgs/px4_msgs/msg/detail/geofence_result__rosidl_typesupport_introspection_c.h\n'}
[2.450125] (px4_msgs) StdoutLine: {'line': b'-- Up-to-date symlink: /home/maxim/super_ws/install/px4_msgs/include/px4_msgs/px4_msgs/msg/detail/geofence_status__rosidl_typesupport_introspection_c.h\n'}
[2.450277] (px4_msgs) StdoutLine: {'line': b'-- Up-to-date symlink: /home/maxim/super_ws/install/px4_msgs/include/px4_msgs/px4_msgs/msg/detail/gimbal_controls__rosidl_typesupport_introspection_c.h\n'}
[2.450459] (px4_msgs) StdoutLine: {'line': b'-- Up-to-date symlink: /home/maxim/super_ws/install/px4_msgs/include/px4_msgs/px4_msgs/msg/detail/gimbal_device_attitude_status__rosidl_typesupport_introspection_c.h\n'}
[2.450667] (px4_msgs) StdoutLine: {'line': b'-- Up-to-date symlink: /home/maxim/super_ws/install/px4_msgs/include/px4_msgs/px4_msgs/msg/detail/gimbal_device_information__rosidl_typesupport_introspection_c.h\n'}
[2.450838] (px4_msgs) StdoutLine: {'line': b'-- Up-to-date symlink: /home/maxim/super_ws/install/px4_msgs/include/px4_msgs/px4_msgs/msg/detail/gimbal_device_set_attitude__rosidl_typesupport_introspection_c.h\n'}
[2.450984] (px4_msgs) StdoutLine: {'line': b'-- Up-to-date symlink: /home/maxim/super_ws/install/px4_msgs/include/px4_msgs/px4_msgs/msg/detail/gimbal_manager_information__rosidl_typesupport_introspection_c.h\n'}
[2.451189] (px4_msgs) StdoutLine: {'line': b'-- Up-to-date symlink: /home/maxim/super_ws/install/px4_msgs/include/px4_msgs/px4_msgs/msg/detail/gimbal_manager_set_attitude__rosidl_typesupport_introspection_c.h\n'}
[2.451329] (px4_msgs) StdoutLine: {'line': b'-- Up-to-date symlink: /home/maxim/super_ws/install/px4_msgs/include/px4_msgs/px4_msgs/msg/detail/gimbal_manager_set_manual_control__rosidl_typesupport_introspection_c.h\n'}
[2.451498] (px4_msgs) StdoutLine: {'line': b'-- Up-to-date symlink: /home/maxim/super_ws/install/px4_msgs/include/px4_msgs/px4_msgs/msg/detail/gimbal_manager_status__rosidl_typesupport_introspection_c.h\n'}
[2.451708] (px4_msgs) StdoutLine: {'line': b'-- Up-to-date symlink: /home/maxim/super_ws/install/px4_msgs/include/px4_msgs/px4_msgs/msg/detail/goto_setpoint__rosidl_typesupport_introspection_c.h\n'}
[2.451845] (px4_msgs) StdoutLine: {'line': b'-- Up-to-date symlink: /home/maxim/super_ws/install/px4_msgs/include/px4_msgs/px4_msgs/msg/detail/gpio_config__rosidl_typesupport_introspection_c.h\n'}
[2.451990] (px4_msgs) StdoutLine: {'line': b'-- Up-to-date symlink: /home/maxim/super_ws/install/px4_msgs/include/px4_msgs/px4_msgs/msg/detail/gpio_in__rosidl_typesupport_introspection_c.h\n'}
[2.452139] (px4_msgs) StdoutLine: {'line': b'-- Up-to-date symlink: /home/maxim/super_ws/install/px4_msgs/include/px4_msgs/px4_msgs/msg/detail/gpio_out__rosidl_typesupport_introspection_c.h\n'}
[2.452283] (px4_msgs) StdoutLine: {'line': b'-- Up-to-date symlink: /home/maxim/super_ws/install/px4_msgs/include/px4_msgs/px4_msgs/msg/detail/gpio_request__rosidl_typesupport_introspection_c.h\n'}
[2.452431] (px4_msgs) StdoutLine: {'line': b'-- Up-to-date symlink: /home/maxim/super_ws/install/px4_msgs/include/px4_msgs/px4_msgs/msg/detail/gps_dump__rosidl_typesupport_introspection_c.h\n'}
[2.452602] (px4_msgs) StdoutLine: {'line': b'-- Up-to-date symlink: /home/maxim/super_ws/install/px4_msgs/include/px4_msgs/px4_msgs/msg/detail/gps_inject_data__rosidl_typesupport_introspection_c.h\n'}
[2.452775] (px4_msgs) StdoutLine: {'line': b'-- Up-to-date symlink: /home/maxim/super_ws/install/px4_msgs/include/px4_msgs/px4_msgs/msg/detail/gripper__rosidl_typesupport_introspection_c.h\n'}
[2.452947] (px4_msgs) StdoutLine: {'line': b'-- Up-to-date symlink: /home/maxim/super_ws/install/px4_msgs/include/px4_msgs/px4_msgs/msg/detail/health_report__rosidl_typesupport_introspection_c.h\n'}
[2.453131] (px4_msgs) StdoutLine: {'line': b'-- Up-to-date symlink: /home/maxim/super_ws/install/px4_msgs/include/px4_msgs/px4_msgs/msg/detail/heater_status__rosidl_typesupport_introspection_c.h\n'}
[2.453299] (px4_msgs) StdoutLine: {'line': b'-- Up-to-date symlink: /home/maxim/super_ws/install/px4_msgs/include/px4_msgs/px4_msgs/msg/detail/home_position__rosidl_typesupport_introspection_c.h\n'}
[2.453463] (px4_msgs) StdoutLine: {'line': b'-- Up-to-date symlink: /home/maxim/super_ws/install/px4_msgs/include/px4_msgs/px4_msgs/msg/detail/hover_thrust_estimate__rosidl_typesupport_introspection_c.h\n'}
[2.453628] (px4_msgs) StdoutLine: {'line': b'-- Up-to-date symlink: /home/maxim/super_ws/install/px4_msgs/include/px4_msgs/px4_msgs/msg/detail/input_rc__rosidl_typesupport_introspection_c.h\n'}
[2.453794] (px4_msgs) StdoutLine: {'line': b'-- Up-to-date symlink: /home/maxim/super_ws/install/px4_msgs/include/px4_msgs/px4_msgs/msg/detail/internal_combustion_engine_control__rosidl_typesupport_introspection_c.h\n'}
[2.453941] (px4_msgs) StdoutLine: {'line': b'-- Up-to-date symlink: /home/maxim/super_ws/install/px4_msgs/include/px4_msgs/px4_msgs/msg/detail/internal_combustion_engine_status__rosidl_typesupport_introspection_c.h\n'}
[2.454096] (px4_msgs) StdoutLine: {'line': b'-- Up-to-date symlink: /home/maxim/super_ws/install/px4_msgs/include/px4_msgs/px4_msgs/msg/detail/iridiumsbd_status__rosidl_typesupport_introspection_c.h\n'}
[2.454244] (px4_msgs) StdoutLine: {'line': b'-- Up-to-date symlink: /home/maxim/super_ws/install/px4_msgs/include/px4_msgs/px4_msgs/msg/detail/irlock_report__rosidl_typesupport_introspection_c.h\n'}
[2.454391] (px4_msgs) StdoutLine: {'line': b'-- Up-to-date symlink: /home/maxim/super_ws/install/px4_msgs/include/px4_msgs/px4_msgs/msg/detail/landing_gear__rosidl_typesupport_introspection_c.h\n'}
[2.454568] (px4_msgs) StdoutLine: {'line': b'-- Up-to-date symlink: /home/maxim/super_ws/install/px4_msgs/include/px4_msgs/px4_msgs/msg/detail/landing_gear_wheel__rosidl_typesupport_introspection_c.h\n'}
[2.454744] (px4_msgs) StdoutLine: {'line': b'-- Up-to-date symlink: /home/maxim/super_ws/install/px4_msgs/include/px4_msgs/px4_msgs/msg/detail/landing_target_innovations__rosidl_typesupport_introspection_c.h\n'}
[2.454916] (px4_msgs) StdoutLine: {'line': b'-- Up-to-date symlink: /home/maxim/super_ws/install/px4_msgs/include/px4_msgs/px4_msgs/msg/detail/landing_target_pose__rosidl_typesupport_introspection_c.h\n'}
[2.455134] (px4_msgs) StdoutLine: {'line': b'-- Up-to-date symlink: /home/maxim/super_ws/install/px4_msgs/include/px4_msgs/px4_msgs/msg/detail/lateral_control_configuration__rosidl_typesupport_introspection_c.h\n'}
[2.455304] (px4_msgs) StdoutLine: {'line': b'-- Up-to-date symlink: /home/maxim/super_ws/install/px4_msgs/include/px4_msgs/px4_msgs/msg/detail/launch_detection_status__rosidl_typesupport_introspection_c.h\n'}
[2.455470] (px4_msgs) StdoutLine: {'line': b'-- Up-to-date symlink: /home/maxim/super_ws/install/px4_msgs/include/px4_msgs/px4_msgs/msg/detail/led_control__rosidl_typesupport_introspection_c.h\n'}
[2.455645] (px4_msgs) StdoutLine: {'line': b'-- Up-to-date symlink: /home/maxim/super_ws/install/px4_msgs/include/px4_msgs/px4_msgs/msg/detail/log_message__rosidl_typesupport_introspection_c.h\n'}
[2.455816] (px4_msgs) StdoutLine: {'line': b'-- Up-to-date symlink: /home/maxim/super_ws/install/px4_msgs/include/px4_msgs/px4_msgs/msg/detail/logger_status__rosidl_typesupport_introspection_c.h\n'}
[2.455953] (px4_msgs) StdoutLine: {'line': b'-- Up-to-date symlink: /home/maxim/super_ws/install/px4_msgs/include/px4_msgs/px4_msgs/msg/detail/longitudinal_control_configuration__rosidl_typesupport_introspection_c.h\n'}
[2.456118] (px4_msgs) StdoutLine: {'line': b'-- Up-to-date symlink: /home/maxim/super_ws/install/px4_msgs/include/px4_msgs/px4_msgs/msg/detail/mag_worker_data__rosidl_typesupport_introspection_c.h\n'}
[2.456281] (px4_msgs) StdoutLine: {'line': b'-- Up-to-date symlink: /home/maxim/super_ws/install/px4_msgs/include/px4_msgs/px4_msgs/msg/detail/magnetometer_bias_estimate__rosidl_typesupport_introspection_c.h\n'}
[2.456445] (px4_msgs) StdoutLine: {'line': b'-- Up-to-date symlink: /home/maxim/super_ws/install/px4_msgs/include/px4_msgs/px4_msgs/msg/detail/manual_control_setpoint__rosidl_typesupport_introspection_c.h\n'}
[2.456626] (px4_msgs) StdoutLine: {'line': b'-- Up-to-date symlink: /home/maxim/super_ws/install/px4_msgs/include/px4_msgs/px4_msgs/msg/detail/manual_control_switches__rosidl_typesupport_introspection_c.h\n'}
[2.456775] (px4_msgs) StdoutLine: {'line': b'-- Up-to-date symlink: /home/maxim/super_ws/install/px4_msgs/include/px4_msgs/px4_msgs/msg/detail/mavlink_log__rosidl_typesupport_introspection_c.h\n'}
[2.456923] (px4_msgs) StdoutLine: {'line': b'-- Up-to-date symlink: /home/maxim/super_ws/install/px4_msgs/include/px4_msgs/px4_msgs/msg/detail/mavlink_tunnel__rosidl_typesupport_introspection_c.h\n'}
[2.457035] (px4_msgs) StdoutLine: {'line': b'-- Up-to-date symlink: /home/maxim/super_ws/install/px4_msgs/include/px4_msgs/px4_msgs/msg/detail/message_format_request__rosidl_typesupport_introspection_c.h\n'}
[2.457244] (px4_msgs) StdoutLine: {'line': b'-- Up-to-date symlink: /home/maxim/super_ws/install/px4_msgs/include/px4_msgs/px4_msgs/msg/detail/message_format_response__rosidl_typesupport_introspection_c.h\n'}
[2.457386] (px4_msgs) StdoutLine: {'line': b'-- Up-to-date symlink: /home/maxim/super_ws/install/px4_msgs/include/px4_msgs/px4_msgs/msg/detail/mission__rosidl_typesupport_introspection_c.h\n'}
[2.457555] (px4_msgs) StdoutLine: {'line': b'-- Up-to-date symlink: /home/maxim/super_ws/install/px4_msgs/include/px4_msgs/px4_msgs/msg/detail/mission_result__rosidl_typesupport_introspection_c.h\n'}
[2.457726] (px4_msgs) StdoutLine: {'line': b'-- Up-to-date symlink: /home/maxim/super_ws/install/px4_msgs/include/px4_msgs/px4_msgs/msg/detail/mode_completed__rosidl_typesupport_introspection_c.h\n'}
[2.457896] (px4_msgs) StdoutLine: {'line': b'-- Up-to-date symlink: /home/maxim/super_ws/install/px4_msgs/include/px4_msgs/px4_msgs/msg/detail/mount_orientation__rosidl_typesupport_introspection_c.h\n'}
[2.458157] (px4_msgs) StdoutLine: {'line': b'-- Up-to-date symlink: /home/maxim/super_ws/install/px4_msgs/include/px4_msgs/px4_msgs/msg/detail/navigator_mission_item__rosidl_typesupport_introspection_c.h\n'}
[2.458304] (px4_msgs) StdoutLine: {'line': b'-- Up-to-date symlink: /home/maxim/super_ws/install/px4_msgs/include/px4_msgs/px4_msgs/msg/detail/navigator_status__rosidl_typesupport_introspection_c.h\n'}
[2.458480] (px4_msgs) StdoutLine: {'line': b'-- Up-to-date symlink: /home/maxim/super_ws/install/px4_msgs/include/px4_msgs/px4_msgs/msg/detail/neural_control__rosidl_typesupport_introspection_c.h\n'}
[2.458662] (px4_msgs) StdoutLine: {'line': b'-- Up-to-date symlink: /home/maxim/super_ws/install/px4_msgs/include/px4_msgs/px4_msgs/msg/detail/normalized_unsigned_setpoint__rosidl_typesupport_introspection_c.h\n'}
[2.458824] (px4_msgs) StdoutLine: {'line': b'-- Up-to-date symlink: /home/maxim/super_ws/install/px4_msgs/include/px4_msgs/px4_msgs/msg/detail/obstacle_distance__rosidl_typesupport_introspection_c.h\n'}
[2.458974] (px4_msgs) StdoutLine: {'line': b'-- Up-to-date symlink: /home/maxim/super_ws/install/px4_msgs/include/px4_msgs/px4_msgs/msg/detail/offboard_control_mode__rosidl_typesupport_introspection_c.h\n'}
[2.459117] (px4_msgs) StdoutLine: {'line': b'-- Up-to-date symlink: /home/maxim/super_ws/install/px4_msgs/include/px4_msgs/px4_msgs/msg/detail/onboard_computer_status__rosidl_typesupport_introspection_c.h\n'}
[2.459263] (px4_msgs) StdoutLine: {'line': b'-- Up-to-date symlink: /home/maxim/super_ws/install/px4_msgs/include/px4_msgs/px4_msgs/msg/detail/open_drone_id_arm_status__rosidl_typesupport_introspection_c.h\n'}
[2.459408] (px4_msgs) StdoutLine: {'line': b'-- Up-to-date symlink: /home/maxim/super_ws/install/px4_msgs/include/px4_msgs/px4_msgs/msg/detail/open_drone_id_operator_id__rosidl_typesupport_introspection_c.h\n'}
[2.459589] (px4_msgs) StdoutLine: {'line': b'-- Up-to-date symlink: /home/maxim/super_ws/install/px4_msgs/include/px4_msgs/px4_msgs/msg/detail/open_drone_id_self_id__rosidl_typesupport_introspection_c.h\n'}
[2.459737] (px4_msgs) StdoutLine: {'line': b'-- Up-to-date symlink: /home/maxim/super_ws/install/px4_msgs/include/px4_msgs/px4_msgs/msg/detail/open_drone_id_system__rosidl_typesupport_introspection_c.h\n'}
[2.459922] (px4_msgs) StdoutLine: {'line': b'-- Up-to-date symlink: /home/maxim/super_ws/install/px4_msgs/include/px4_msgs/px4_msgs/msg/detail/orb_test__rosidl_typesupport_introspection_c.h\n'}
[2.460125] (px4_msgs) StdoutLine: {'line': b'-- Up-to-date symlink: /home/maxim/super_ws/install/px4_msgs/include/px4_msgs/px4_msgs/msg/detail/orb_test_large__rosidl_typesupport_introspection_c.h\n'}
[2.460294] (px4_msgs) StdoutLine: {'line': b'-- Up-to-date symlink: /home/maxim/super_ws/install/px4_msgs/include/px4_msgs/px4_msgs/msg/detail/orb_test_medium__rosidl_typesupport_introspection_c.h\n'}
[2.460477] (px4_msgs) StdoutLine: {'line': b'-- Up-to-date symlink: /home/maxim/super_ws/install/px4_msgs/include/px4_msgs/px4_msgs/msg/detail/orbit_status__rosidl_typesupport_introspection_c.h\n'}
[2.460661] (px4_msgs) StdoutLine: {'line': b'-- Up-to-date symlink: /home/maxim/super_ws/install/px4_msgs/include/px4_msgs/px4_msgs/msg/detail/parameter_reset_request__rosidl_typesupport_introspection_c.h\n'}
[2.460818] (px4_msgs) StdoutLine: {'line': b'-- Up-to-date symlink: /home/maxim/super_ws/install/px4_msgs/include/px4_msgs/px4_msgs/msg/detail/parameter_set_used_request__rosidl_typesupport_introspection_c.h\n'}
[2.461003] (px4_msgs) StdoutLine: {'line': b'-- Up-to-date symlink: /home/maxim/super_ws/install/px4_msgs/include/px4_msgs/px4_msgs/msg/detail/parameter_set_value_request__rosidl_typesupport_introspection_c.h\n'}
[2.461219] (px4_msgs) StdoutLine: {'line': b'-- Up-to-date symlink: /home/maxim/super_ws/install/px4_msgs/include/px4_msgs/px4_msgs/msg/detail/parameter_set_value_response__rosidl_typesupport_introspection_c.h\n'}
[2.461384] (px4_msgs) StdoutLine: {'line': b'-- Up-to-date symlink: /home/maxim/super_ws/install/px4_msgs/include/px4_msgs/px4_msgs/msg/detail/parameter_update__rosidl_typesupport_introspection_c.h\n'}
[2.461562] (px4_msgs) StdoutLine: {'line': b'-- Up-to-date symlink: /home/maxim/super_ws/install/px4_msgs/include/px4_msgs/px4_msgs/msg/detail/ping__rosidl_typesupport_introspection_c.h\n'}
[2.461732] (px4_msgs) StdoutLine: {'line': b'-- Up-to-date symlink: /home/maxim/super_ws/install/px4_msgs/include/px4_msgs/px4_msgs/msg/detail/position_controller_landing_status__rosidl_typesupport_introspection_c.h\n'}
[2.461904] (px4_msgs) StdoutLine: {'line': b'-- Up-to-date symlink: /home/maxim/super_ws/install/px4_msgs/include/px4_msgs/px4_msgs/msg/detail/position_controller_status__rosidl_typesupport_introspection_c.h\n'}
[2.462029] (px4_msgs) StdoutLine: {'line': b'-- Up-to-date symlink: /home/maxim/super_ws/install/px4_msgs/include/px4_msgs/px4_msgs/msg/detail/position_setpoint__rosidl_typesupport_introspection_c.h\n'}
[2.462209] (px4_msgs) StdoutLine: {'line': b'-- Up-to-date symlink: /home/maxim/super_ws/install/px4_msgs/include/px4_msgs/px4_msgs/msg/detail/position_setpoint_triplet__rosidl_typesupport_introspection_c.h\n'}
[2.462350] (px4_msgs) StdoutLine: {'line': b'-- Up-to-date symlink: /home/maxim/super_ws/install/px4_msgs/include/px4_msgs/px4_msgs/msg/detail/power_button_state__rosidl_typesupport_introspection_c.h\n'}
[2.462500] (px4_msgs) StdoutLine: {'line': b'-- Up-to-date symlink: /home/maxim/super_ws/install/px4_msgs/include/px4_msgs/px4_msgs/msg/detail/power_monitor__rosidl_typesupport_introspection_c.h\n'}
[2.462685] (px4_msgs) StdoutLine: {'line': b'-- Up-to-date symlink: /home/maxim/super_ws/install/px4_msgs/include/px4_msgs/px4_msgs/msg/detail/pps_capture__rosidl_typesupport_introspection_c.h\n'}
[2.462871] (px4_msgs) StdoutLine: {'line': b'-- Up-to-date symlink: /home/maxim/super_ws/install/px4_msgs/include/px4_msgs/px4_msgs/msg/detail/prec_land_status__rosidl_typesupport_introspection_c.h\n'}
[2.463063] (px4_msgs) StdoutLine: {'line': b'-- Up-to-date symlink: /home/maxim/super_ws/install/px4_msgs/include/px4_msgs/px4_msgs/msg/detail/pure_pursuit_status__rosidl_typesupport_introspection_c.h\n'}
[2.463285] (px4_msgs) StdoutLine: {'line': b'-- Up-to-date symlink: /home/maxim/super_ws/install/px4_msgs/include/px4_msgs/px4_msgs/msg/detail/pwm_input__rosidl_typesupport_introspection_c.h\n'}
[2.463455] (px4_msgs) StdoutLine: {'line': b'-- Up-to-date symlink: /home/maxim/super_ws/install/px4_msgs/include/px4_msgs/px4_msgs/msg/detail/px4io_status__rosidl_typesupport_introspection_c.h\n'}
[2.463643] (px4_msgs) StdoutLine: {'line': b'-- Up-to-date symlink: /home/maxim/super_ws/install/px4_msgs/include/px4_msgs/px4_msgs/msg/detail/qshell_req__rosidl_typesupport_introspection_c.h\n'}
[2.463868] (px4_msgs) StdoutLine: {'line': b'-- Up-to-date symlink: /home/maxim/super_ws/install/px4_msgs/include/px4_msgs/px4_msgs/msg/detail/qshell_retval__rosidl_typesupport_introspection_c.h\n'}
[2.463996] (px4_msgs) StdoutLine: {'line': b'-- Up-to-date symlink: /home/maxim/super_ws/install/px4_msgs/include/px4_msgs/px4_msgs/msg/detail/radio_status__rosidl_typesupport_introspection_c.h\n'}
[2.464232] (px4_msgs) StdoutLine: {'line': b'-- Up-to-date symlink: /home/maxim/super_ws/install/px4_msgs/include/px4_msgs/px4_msgs/msg/detail/ranging_beacon__rosidl_typesupport_introspection_c.h\n'}
[2.464344] (px4_msgs) StdoutLine: {'line': b'-- Up-to-date symlink: /home/maxim/super_ws/install/px4_msgs/include/px4_msgs/px4_msgs/msg/detail/raptor_input__rosidl_typesupport_introspection_c.h\n'}
[2.464458] (px4_msgs) StdoutLine: {'line': b'-- Up-to-date symlink: /home/maxim/super_ws/install/px4_msgs/include/px4_msgs/px4_msgs/msg/detail/raptor_status__rosidl_typesupport_introspection_c.h\n'}
[2.464560] (px4_msgs) StdoutLine: {'line': b'-- Up-to-date symlink: /home/maxim/super_ws/install/px4_msgs/include/px4_msgs/px4_msgs/msg/detail/rate_ctrl_status__rosidl_typesupport_introspection_c.h\n'}
[2.464670] (px4_msgs) StdoutLine: {'line': b'-- Up-to-date symlink: /home/maxim/super_ws/install/px4_msgs/include/px4_msgs/px4_msgs/msg/detail/rc_channels__rosidl_typesupport_introspection_c.h\n'}
[2.464750] (px4_msgs) StdoutLine: {'line': b'-- Up-to-date symlink: /home/maxim/super_ws/install/px4_msgs/include/px4_msgs/px4_msgs/msg/detail/rc_parameter_map__rosidl_typesupport_introspection_c.h\n'}
[2.464831] (px4_msgs) StdoutLine: {'line': b'-- Up-to-date symlink: /home/maxim/super_ws/install/px4_msgs/include/px4_msgs/px4_msgs/msg/detail/register_ext_component_reply__rosidl_typesupport_introspection_c.h\n'}
[2.464936] (px4_msgs) StdoutLine: {'line': b'-- Up-to-date symlink: /home/maxim/super_ws/install/px4_msgs/include/px4_msgs/px4_msgs/msg/detail/register_ext_component_request__rosidl_typesupport_introspection_c.h\n'}
[2.465050] (px4_msgs) StdoutLine: {'line': b'-- Up-to-date symlink: /home/maxim/super_ws/install/px4_msgs/include/px4_msgs/px4_msgs/msg/detail/rover_attitude_setpoint__rosidl_typesupport_introspection_c.h\n'}
[2.465197] (px4_msgs) StdoutLine: {'line': b'-- Up-to-date symlink: /home/maxim/super_ws/install/px4_msgs/include/px4_msgs/px4_msgs/msg/detail/rover_attitude_status__rosidl_typesupport_introspection_c.h\n'}
[2.465311] (px4_msgs) StdoutLine: {'line': b'-- Up-to-date symlink: /home/maxim/super_ws/install/px4_msgs/include/px4_msgs/px4_msgs/msg/detail/rover_position_setpoint__rosidl_typesupport_introspection_c.h\n'}
[2.465418] (px4_msgs) StdoutLine: {'line': b'-- Up-to-date symlink: /home/maxim/super_ws/install/px4_msgs/include/px4_msgs/px4_msgs/msg/detail/rover_rate_setpoint__rosidl_typesupport_introspection_c.h\n'}
[2.465604] (px4_msgs) StdoutLine: {'line': b'-- Up-to-date symlink: /home/maxim/super_ws/install/px4_msgs/include/px4_msgs/px4_msgs/msg/detail/rover_rate_status__rosidl_typesupport_introspection_c.h\n'}
[2.465715] (px4_msgs) StdoutLine: {'line': b'-- Up-to-date symlink: /home/maxim/super_ws/install/px4_msgs/include/px4_msgs/px4_msgs/msg/detail/rover_speed_setpoint__rosidl_typesupport_introspection_c.h\n'}
[2.465838] (px4_msgs) StdoutLine: {'line': b'-- Up-to-date symlink: /home/maxim/super_ws/install/px4_msgs/include/px4_msgs/px4_msgs/msg/detail/rover_speed_status__rosidl_typesupport_introspection_c.h\n'}
[2.465943] (px4_msgs) StdoutLine: {'line': b'-- Up-to-date symlink: /home/maxim/super_ws/install/px4_msgs/include/px4_msgs/px4_msgs/msg/detail/rover_steering_setpoint__rosidl_typesupport_introspection_c.h\n'}
[2.466028] (px4_msgs) StdoutLine: {'line': b'-- Up-to-date symlink: /home/maxim/super_ws/install/px4_msgs/include/px4_msgs/px4_msgs/msg/detail/rover_throttle_setpoint__rosidl_typesupport_introspection_c.h\n'}
[2.466177] (px4_msgs) StdoutLine: {'line': b'-- Up-to-date symlink: /home/maxim/super_ws/install/px4_msgs/include/px4_msgs/px4_msgs/msg/detail/rpm__rosidl_typesupport_introspection_c.h\n'}
[2.466323] (px4_msgs) StdoutLine: {'line': b'-- Up-to-date symlink: /home/maxim/super_ws/install/px4_msgs/include/px4_msgs/px4_msgs/msg/detail/rtl_status__rosidl_typesupport_introspection_c.h\n'}
[2.466408] (px4_msgs) StdoutLine: {'line': b'-- Up-to-date symlink: /home/maxim/super_ws/install/px4_msgs/include/px4_msgs/px4_msgs/msg/detail/rtl_time_estimate__rosidl_typesupport_introspection_c.h\n'}
[2.466481] (px4_msgs) StdoutLine: {'line': b'-- Up-to-date symlink: /home/maxim/super_ws/install/px4_msgs/include/px4_msgs/px4_msgs/msg/detail/satellite_info__rosidl_typesupport_introspection_c.h\n'}
[2.466609] (px4_msgs) StdoutLine: {'line': b'-- Up-to-date symlink: /home/maxim/super_ws/install/px4_msgs/include/px4_msgs/px4_msgs/msg/detail/sensor_accel__rosidl_typesupport_introspection_c.h\n'}
[2.466689] (px4_msgs) StdoutLine: {'line': b'-- Up-to-date symlink: /home/maxim/super_ws/install/px4_msgs/include/px4_msgs/px4_msgs/msg/detail/sensor_accel_fifo__rosidl_typesupport_introspection_c.h\n'}
[2.466770] (px4_msgs) StdoutLine: {'line': b'-- Up-to-date symlink: /home/maxim/super_ws/install/px4_msgs/include/px4_msgs/px4_msgs/msg/detail/sensor_airflow__rosidl_typesupport_introspection_c.h\n'}
[2.466878] (px4_msgs) StdoutLine: {'line': b'-- Up-to-date symlink: /home/maxim/super_ws/install/px4_msgs/include/px4_msgs/px4_msgs/msg/detail/sensor_baro__rosidl_typesupport_introspection_c.h\n'}
[2.466987] (px4_msgs) StdoutLine: {'line': b'-- Up-to-date symlink: /home/maxim/super_ws/install/px4_msgs/include/px4_msgs/px4_msgs/msg/detail/sensor_combined__rosidl_typesupport_introspection_c.h\n'}
[2.467129] (px4_msgs) StdoutLine: {'line': b'-- Up-to-date symlink: /home/maxim/super_ws/install/px4_msgs/include/px4_msgs/px4_msgs/msg/detail/sensor_correction__rosidl_typesupport_introspection_c.h\n'}
[2.467209] (px4_msgs) StdoutLine: {'line': b'-- Up-to-date symlink: /home/maxim/super_ws/install/px4_msgs/include/px4_msgs/px4_msgs/msg/detail/sensor_gnss_relative__rosidl_typesupport_introspection_c.h\n'}
[2.467317] (px4_msgs) StdoutLine: {'line': b'-- Up-to-date symlink: /home/maxim/super_ws/install/px4_msgs/include/px4_msgs/px4_msgs/msg/detail/sensor_gnss_status__rosidl_typesupport_introspection_c.h\n'}
[2.467454] (px4_msgs) StdoutLine: {'line': b'-- Up-to-date symlink: /home/maxim/super_ws/install/px4_msgs/include/px4_msgs/px4_msgs/msg/detail/sensor_gps__rosidl_typesupport_introspection_c.h\n'}
[2.467536] (px4_msgs) StdoutLine: {'line': b'-- Up-to-date symlink: /home/maxim/super_ws/install/px4_msgs/include/px4_msgs/px4_msgs/msg/detail/sensor_gyro__rosidl_typesupport_introspection_c.h\n'}
[2.467644] (px4_msgs) StdoutLine: {'line': b'-- Up-to-date symlink: /home/maxim/super_ws/install/px4_msgs/include/px4_msgs/px4_msgs/msg/detail/sensor_gyro_fft__rosidl_typesupport_introspection_c.h\n'}
[2.467752] (px4_msgs) StdoutLine: {'line': b'-- Up-to-date symlink: /home/maxim/super_ws/install/px4_msgs/include/px4_msgs/px4_msgs/msg/detail/sensor_gyro_fifo__rosidl_typesupport_introspection_c.h\n'}
[2.467861] (px4_msgs) StdoutLine: {'line': b'-- Up-to-date symlink: /home/maxim/super_ws/install/px4_msgs/include/px4_msgs/px4_msgs/msg/detail/sensor_hygrometer__rosidl_typesupport_introspection_c.h\n'}
[2.467971] (px4_msgs) StdoutLine: {'line': b'-- Up-to-date symlink: /home/maxim/super_ws/install/px4_msgs/include/px4_msgs/px4_msgs/msg/detail/sensor_mag__rosidl_typesupport_introspection_c.h\n'}
[2.468084] (px4_msgs) StdoutLine: {'line': b'-- Up-to-date symlink: /home/maxim/super_ws/install/px4_msgs/include/px4_msgs/px4_msgs/msg/detail/sensor_optical_flow__rosidl_typesupport_introspection_c.h\n'}
[2.468193] (px4_msgs) StdoutLine: {'line': b'-- Up-to-date symlink: /home/maxim/super_ws/install/px4_msgs/include/px4_msgs/px4_msgs/msg/detail/sensor_preflight_mag__rosidl_typesupport_introspection_c.h\n'}
[2.468303] (px4_msgs) StdoutLine: {'line': b'-- Up-to-date symlink: /home/maxim/super_ws/install/px4_msgs/include/px4_msgs/px4_msgs/msg/detail/sensor_selection__rosidl_typesupport_introspection_c.h\n'}
[2.468414] (px4_msgs) StdoutLine: {'line': b'-- Up-to-date symlink: /home/maxim/super_ws/install/px4_msgs/include/px4_msgs/px4_msgs/msg/detail/sensor_temp__rosidl_typesupport_introspection_c.h\n'}
[2.468524] (px4_msgs) StdoutLine: {'line': b'-- Up-to-date symlink: /home/maxim/super_ws/install/px4_msgs/include/px4_msgs/px4_msgs/msg/detail/sensor_uwb__rosidl_typesupport_introspection_c.h\n'}
[2.468632] (px4_msgs) StdoutLine: {'line': b'-- Up-to-date symlink: /home/maxim/super_ws/install/px4_msgs/include/px4_msgs/px4_msgs/msg/detail/sensors_status__rosidl_typesupport_introspection_c.h\n'}
[2.468740] (px4_msgs) StdoutLine: {'line': b'-- Up-to-date symlink: /home/maxim/super_ws/install/px4_msgs/include/px4_msgs/px4_msgs/msg/detail/sensors_status_imu__rosidl_typesupport_introspection_c.h\n'}
[2.468848] (px4_msgs) StdoutLine: {'line': b'-- Up-to-date symlink: /home/maxim/super_ws/install/px4_msgs/include/px4_msgs/px4_msgs/msg/detail/system_power__rosidl_typesupport_introspection_c.h\n'}
[2.468958] (px4_msgs) StdoutLine: {'line': b'-- Up-to-date symlink: /home/maxim/super_ws/install/px4_msgs/include/px4_msgs/px4_msgs/msg/detail/takeoff_status__rosidl_typesupport_introspection_c.h\n'}
[2.469068] (px4_msgs) StdoutLine: {'line': b'-- Up-to-date symlink: /home/maxim/super_ws/install/px4_msgs/include/px4_msgs/px4_msgs/msg/detail/target_gnss__rosidl_typesupport_introspection_c.h\n'}
[2.469236] (px4_msgs) StdoutLine: {'line': b'-- Up-to-date symlink: /home/maxim/super_ws/install/px4_msgs/include/px4_msgs/px4_msgs/msg/detail/task_stack_info__rosidl_typesupport_introspection_c.h\n'}
[2.469472] (px4_msgs) StdoutLine: {'line': b'-- Up-to-date symlink: /home/maxim/super_ws/install/px4_msgs/include/px4_msgs/px4_msgs/msg/detail/tecs_status__rosidl_typesupport_introspection_c.h\n'}
[2.469676] (px4_msgs) StdoutLine: {'line': b'-- Up-to-date symlink: /home/maxim/super_ws/install/px4_msgs/include/px4_msgs/px4_msgs/msg/detail/telemetry_status__rosidl_typesupport_introspection_c.h\n'}
[2.469884] (px4_msgs) StdoutLine: {'line': b'-- Up-to-date symlink: /home/maxim/super_ws/install/px4_msgs/include/px4_msgs/px4_msgs/msg/detail/tiltrotor_extra_controls__rosidl_typesupport_introspection_c.h\n'}
[2.470129] (px4_msgs) StdoutLine: {'line': b'-- Up-to-date symlink: /home/maxim/super_ws/install/px4_msgs/include/px4_msgs/px4_msgs/msg/detail/timesync_status__rosidl_typesupport_introspection_c.h\n'}
[2.470274] (px4_msgs) StdoutLine: {'line': b'-- Up-to-date symlink: /home/maxim/super_ws/install/px4_msgs/include/px4_msgs/px4_msgs/msg/detail/trajectory_setpoint6dof__rosidl_typesupport_introspection_c.h\n'}
[2.470433] (px4_msgs) StdoutLine: {'line': b'-- Up-to-date symlink: /home/maxim/super_ws/install/px4_msgs/include/px4_msgs/px4_msgs/msg/detail/trajectory_setpoint__rosidl_typesupport_introspection_c.h\n'}
[2.470588] (px4_msgs) StdoutLine: {'line': b'-- Up-to-date symlink: /home/maxim/super_ws/install/px4_msgs/include/px4_msgs/px4_msgs/msg/detail/transponder_report__rosidl_typesupport_introspection_c.h\n'}
[2.470718] (px4_msgs) StdoutLine: {'line': b'-- Up-to-date symlink: /home/maxim/super_ws/install/px4_msgs/include/px4_msgs/px4_msgs/msg/detail/tune_control__rosidl_typesupport_introspection_c.h\n'}
[2.470899] (px4_msgs) StdoutLine: {'line': b'-- Up-to-date symlink: /home/maxim/super_ws/install/px4_msgs/include/px4_msgs/px4_msgs/msg/detail/uavcan_parameter_request__rosidl_typesupport_introspection_c.h\n'}
[2.471034] (px4_msgs) StdoutLine: {'line': b'-- Up-to-date symlink: /home/maxim/super_ws/install/px4_msgs/include/px4_msgs/px4_msgs/msg/detail/uavcan_parameter_value__rosidl_typesupport_introspection_c.h\n'}
[2.471238] (px4_msgs) StdoutLine: {'line': b'-- Up-to-date symlink: /home/maxim/super_ws/install/px4_msgs/include/px4_msgs/px4_msgs/msg/detail/ulog_stream__rosidl_typesupport_introspection_c.h\n'}
[2.471450] (px4_msgs) StdoutLine: {'line': b'-- Up-to-date symlink: /home/maxim/super_ws/install/px4_msgs/include/px4_msgs/px4_msgs/msg/detail/ulog_stream_ack__rosidl_typesupport_introspection_c.h\n'}
[2.471596] (px4_msgs) StdoutLine: {'line': b'-- Up-to-date symlink: /home/maxim/super_ws/install/px4_msgs/include/px4_msgs/px4_msgs/msg/detail/unregister_ext_component__rosidl_typesupport_introspection_c.h\n'}
[2.471775] (px4_msgs) StdoutLine: {'line': b'-- Up-to-date symlink: /home/maxim/super_ws/install/px4_msgs/include/px4_msgs/px4_msgs/msg/detail/vehicle_acceleration__rosidl_typesupport_introspection_c.h\n'}
[2.471919] (px4_msgs) StdoutLine: {'line': b'-- Up-to-date symlink: /home/maxim/super_ws/install/px4_msgs/include/px4_msgs/px4_msgs/msg/detail/vehicle_air_data__rosidl_typesupport_introspection_c.h\n'}
[2.472005] (px4_msgs) StdoutLine: {'line': b'-- Up-to-date symlink: /home/maxim/super_ws/install/px4_msgs/include/px4_msgs/px4_msgs/msg/detail/vehicle_angular_acceleration_setpoint__rosidl_typesupport_introspection_c.h\n'}
[2.472130] (px4_msgs) StdoutLine: {'line': b'-- Up-to-date symlink: /home/maxim/super_ws/install/px4_msgs/include/px4_msgs/px4_msgs/msg/detail/vehicle_angular_velocity__rosidl_typesupport_introspection_c.h\n'}
[2.472231] (px4_msgs) StdoutLine: {'line': b'-- Up-to-date symlink: /home/maxim/super_ws/install/px4_msgs/include/px4_msgs/px4_msgs/msg/detail/vehicle_attitude__rosidl_typesupport_introspection_c.h\n'}
[2.472318] (px4_msgs) StdoutLine: {'line': b'-- Up-to-date symlink: /home/maxim/super_ws/install/px4_msgs/include/px4_msgs/px4_msgs/msg/detail/vehicle_attitude_setpoint__rosidl_typesupport_introspection_c.h\n'}
[2.472424] (px4_msgs) StdoutLine: {'line': b'-- Up-to-date symlink: /home/maxim/super_ws/install/px4_msgs/include/px4_msgs/px4_msgs/msg/detail/vehicle_command__rosidl_typesupport_introspection_c.h\n'}
[2.472505] (px4_msgs) StdoutLine: {'line': b'-- Up-to-date symlink: /home/maxim/super_ws/install/px4_msgs/include/px4_msgs/px4_msgs/msg/detail/vehicle_command_ack__rosidl_typesupport_introspection_c.h\n'}
[2.472657] (px4_msgs) StdoutLine: {'line': b'-- Up-to-date symlink: /home/maxim/super_ws/install/px4_msgs/include/px4_msgs/px4_msgs/msg/detail/vehicle_constraints__rosidl_typesupport_introspection_c.h\n'}
[2.472768] (px4_msgs) StdoutLine: {'line': b'-- Up-to-date symlink: /home/maxim/super_ws/install/px4_msgs/include/px4_msgs/px4_msgs/msg/detail/vehicle_control_mode__rosidl_typesupport_introspection_c.h\n'}
[2.472873] (px4_msgs) StdoutLine: {'line': b'-- Up-to-date symlink: /home/maxim/super_ws/install/px4_msgs/include/px4_msgs/px4_msgs/msg/detail/vehicle_global_position__rosidl_typesupport_introspection_c.h\n'}
[2.472988] (px4_msgs) StdoutLine: {'line': b'-- Up-to-date symlink: /home/maxim/super_ws/install/px4_msgs/include/px4_msgs/px4_msgs/msg/detail/vehicle_imu__rosidl_typesupport_introspection_c.h\n'}
[2.473128] (px4_msgs) StdoutLine: {'line': b'-- Up-to-date symlink: /home/maxim/super_ws/install/px4_msgs/include/px4_msgs/px4_msgs/msg/detail/vehicle_imu_status__rosidl_typesupport_introspection_c.h\n'}
[2.473205] (px4_msgs) StdoutLine: {'line': b'-- Up-to-date symlink: /home/maxim/super_ws/install/px4_msgs/include/px4_msgs/px4_msgs/msg/detail/vehicle_land_detected__rosidl_typesupport_introspection_c.h\n'}
[2.473291] (px4_msgs) StdoutLine: {'line': b'-- Up-to-date symlink: /home/maxim/super_ws/install/px4_msgs/include/px4_msgs/px4_msgs/msg/detail/vehicle_local_position__rosidl_typesupport_introspection_c.h\n'}
[2.473401] (px4_msgs) StdoutLine: {'line': b'-- Up-to-date symlink: /home/maxim/super_ws/install/px4_msgs/include/px4_msgs/px4_msgs/msg/detail/vehicle_local_position_setpoint__rosidl_typesupport_introspection_c.h\n'}
[2.473539] (px4_msgs) StdoutLine: {'line': b'-- Up-to-date symlink: /home/maxim/super_ws/install/px4_msgs/include/px4_msgs/px4_msgs/msg/detail/vehicle_magnetometer__rosidl_typesupport_introspection_c.h\n'}
[2.473648] (px4_msgs) StdoutLine: {'line': b'-- Up-to-date symlink: /home/maxim/super_ws/install/px4_msgs/include/px4_msgs/px4_msgs/msg/detail/vehicle_odometry__rosidl_typesupport_introspection_c.h\n'}
[2.473756] (px4_msgs) StdoutLine: {'line': b'-- Up-to-date symlink: /home/maxim/super_ws/install/px4_msgs/include/px4_msgs/px4_msgs/msg/detail/vehicle_optical_flow__rosidl_typesupport_introspection_c.h\n'}
[2.473866] (px4_msgs) StdoutLine: {'line': b'-- Up-to-date symlink: /home/maxim/super_ws/install/px4_msgs/include/px4_msgs/px4_msgs/msg/detail/vehicle_optical_flow_vel__rosidl_typesupport_introspection_c.h\n'}
[2.473948] (px4_msgs) StdoutLine: {'line': b'-- Up-to-date symlink: /home/maxim/super_ws/install/px4_msgs/include/px4_msgs/px4_msgs/msg/detail/vehicle_rates_setpoint__rosidl_typesupport_introspection_c.h\n'}
[2.474060] (px4_msgs) StdoutLine: {'line': b'-- Up-to-date symlink: /home/maxim/super_ws/install/px4_msgs/include/px4_msgs/px4_msgs/msg/detail/vehicle_roi__rosidl_typesupport_introspection_c.h\n'}
[2.474172] (px4_msgs) StdoutLine: {'line': b'-- Up-to-date symlink: /home/maxim/super_ws/install/px4_msgs/include/px4_msgs/px4_msgs/msg/detail/vehicle_status__rosidl_typesupport_introspection_c.h\n'}
[2.474282] (px4_msgs) StdoutLine: {'line': b'-- Up-to-date symlink: /home/maxim/super_ws/install/px4_msgs/include/px4_msgs/px4_msgs/msg/detail/vehicle_thrust_setpoint__rosidl_typesupport_introspection_c.h\n'}
[2.474390] (px4_msgs) StdoutLine: {'line': b'-- Up-to-date symlink: /home/maxim/super_ws/install/px4_msgs/include/px4_msgs/px4_msgs/msg/detail/vehicle_torque_setpoint__rosidl_typesupport_introspection_c.h\n'}
[2.474500] (px4_msgs) StdoutLine: {'line': b'-- Up-to-date symlink: /home/maxim/super_ws/install/px4_msgs/include/px4_msgs/px4_msgs/msg/detail/velocity_limits__rosidl_typesupport_introspection_c.h\n'}
[2.474608] (px4_msgs) StdoutLine: {'line': b'-- Up-to-date symlink: /home/maxim/super_ws/install/px4_msgs/include/px4_msgs/px4_msgs/msg/detail/vte_aid_source1d__rosidl_typesupport_introspection_c.h\n'}
[2.474715] (px4_msgs) StdoutLine: {'line': b'-- Up-to-date symlink: /home/maxim/super_ws/install/px4_msgs/include/px4_msgs/px4_msgs/msg/detail/vte_aid_source3d__rosidl_typesupport_introspection_c.h\n'}
[2.474823] (px4_msgs) StdoutLine: {'line': b'-- Up-to-date symlink: /home/maxim/super_ws/install/px4_msgs/include/px4_msgs/px4_msgs/msg/detail/vte_bias_init_status__rosidl_typesupport_introspection_c.h\n'}
[2.474932] (px4_msgs) StdoutLine: {'line': b'-- Up-to-date symlink: /home/maxim/super_ws/install/px4_msgs/include/px4_msgs/px4_msgs/msg/detail/vte_input__rosidl_typesupport_introspection_c.h\n'}
[2.475041] (px4_msgs) StdoutLine: {'line': b'-- Up-to-date symlink: /home/maxim/super_ws/install/px4_msgs/include/px4_msgs/px4_msgs/msg/detail/vte_orientation__rosidl_typesupport_introspection_c.h\n'}
[2.475157] (px4_msgs) StdoutLine: {'line': b'-- Up-to-date symlink: /home/maxim/super_ws/install/px4_msgs/include/px4_msgs/px4_msgs/msg/detail/vte_position__rosidl_typesupport_introspection_c.h\n'}
[2.475263] (px4_msgs) StdoutLine: {'line': b'-- Up-to-date symlink: /home/maxim/super_ws/install/px4_msgs/include/px4_msgs/px4_msgs/msg/detail/vtol_vehicle_status__rosidl_typesupport_introspection_c.h\n'}
[2.475373] (px4_msgs) StdoutLine: {'line': b'-- Up-to-date symlink: /home/maxim/super_ws/install/px4_msgs/include/px4_msgs/px4_msgs/msg/detail/vtx__rosidl_typesupport_introspection_c.h\n'}
[2.475482] (px4_msgs) StdoutLine: {'line': b'-- Up-to-date symlink: /home/maxim/super_ws/install/px4_msgs/include/px4_msgs/px4_msgs/msg/detail/wheel_encoders__rosidl_typesupport_introspection_c.h\n'}
[2.475594] (px4_msgs) StdoutLine: {'line': b'-- Up-to-date symlink: /home/maxim/super_ws/install/px4_msgs/include/px4_msgs/px4_msgs/msg/detail/wind__rosidl_typesupport_introspection_c.h\n'}
[2.475703] (px4_msgs) StdoutLine: {'line': b'-- Up-to-date symlink: /home/maxim/super_ws/install/px4_msgs/include/px4_msgs/px4_msgs/msg/detail/yaw_estimator_status__rosidl_typesupport_introspection_c.h\n'}
[2.475814] (px4_msgs) StdoutLine: {'line': b'-- Up-to-date symlink: /home/maxim/super_ws/install/px4_msgs/include/px4_msgs/px4_msgs/msg/rosidl_typesupport_introspection_c__visibility_control.h\n'}
[2.475924] (px4_msgs) StdoutLine: {'line': b'-- Up-to-date symlink: /home/maxim/super_ws/install/px4_msgs/include/px4_msgs/px4_msgs/srv/detail/vehicle_command__rosidl_typesupport_introspection_c.h\n'}
[2.478429] (px4_msgs) StdoutLine: {'line': b'-- Up-to-date symlink: /home/maxim/super_ws/install/px4_msgs/include/px4_msgs/px4_msgs/msg/detail/action_request__rosidl_typesupport_introspection_cpp.hpp\n'}
[2.478610] (px4_msgs) StdoutLine: {'line': b'-- Up-to-date symlink: /home/maxim/super_ws/install/px4_msgs/include/px4_msgs/px4_msgs/msg/detail/actuator_armed__rosidl_typesupport_introspection_cpp.hpp\n'}
[2.478790] (px4_msgs) StdoutLine: {'line': b'-- Up-to-date symlink: /home/maxim/super_ws/install/px4_msgs/include/px4_msgs/px4_msgs/msg/detail/actuator_controls_status__rosidl_typesupport_introspection_cpp.hpp\n'}
[2.478935] (px4_msgs) StdoutLine: {'line': b'-- Up-to-date symlink: /home/maxim/super_ws/install/px4_msgs/include/px4_msgs/px4_msgs/msg/detail/actuator_motors__rosidl_typesupport_introspection_cpp.hpp\n'}
[2.479030] (px4_msgs) StdoutLine: {'line': b'-- Up-to-date symlink: /home/maxim/super_ws/install/px4_msgs/include/px4_msgs/px4_msgs/msg/detail/actuator_outputs__rosidl_typesupport_introspection_cpp.hpp\n'}
[2.479097] (px4_msgs) StdoutLine: {'line': b'-- Up-to-date symlink: /home/maxim/super_ws/install/px4_msgs/include/px4_msgs/px4_msgs/msg/detail/actuator_servos__rosidl_typesupport_introspection_cpp.hpp\n'}
[2.479170] (px4_msgs) StdoutLine: {'line': b'-- Up-to-date symlink: /home/maxim/super_ws/install/px4_msgs/include/px4_msgs/px4_msgs/msg/detail/actuator_servos_trim__rosidl_typesupport_introspection_cpp.hpp\n'}
[2.479243] (px4_msgs) StdoutLine: {'line': b'-- Up-to-date symlink: /home/maxim/super_ws/install/px4_msgs/include/px4_msgs/px4_msgs/msg/detail/actuator_test__rosidl_typesupport_introspection_cpp.hpp\n'}
[2.479324] (px4_msgs) StdoutLine: {'line': b'-- Up-to-date symlink: /home/maxim/super_ws/install/px4_msgs/include/px4_msgs/px4_msgs/msg/detail/adc_report__rosidl_typesupport_introspection_cpp.hpp\n'}
[2.479427] (px4_msgs) StdoutLine: {'line': b'-- Up-to-date symlink: /home/maxim/super_ws/install/px4_msgs/include/px4_msgs/px4_msgs/msg/detail/airspeed__rosidl_typesupport_introspection_cpp.hpp\n'}
[2.479575] (px4_msgs) StdoutLine: {'line': b'-- Up-to-date symlink: /home/maxim/super_ws/install/px4_msgs/include/px4_msgs/px4_msgs/msg/detail/airspeed_validated__rosidl_typesupport_introspection_cpp.hpp\n'}
[2.479761] (px4_msgs) StdoutLine: {'line': b'-- Up-to-date symlink: /home/maxim/super_ws/install/px4_msgs/include/px4_msgs/px4_msgs/msg/detail/airspeed_wind__rosidl_typesupport_introspection_cpp.hpp\n'}
[2.479954] (px4_msgs) StdoutLine: {'line': b'-- Up-to-date symlink: /home/maxim/super_ws/install/px4_msgs/include/px4_msgs/px4_msgs/msg/detail/arming_check_reply__rosidl_typesupport_introspection_cpp.hpp\n'}
[2.480127] (px4_msgs) StdoutLine: {'line': b'-- Up-to-date symlink: /home/maxim/super_ws/install/px4_msgs/include/px4_msgs/px4_msgs/msg/detail/arming_check_request__rosidl_typesupport_introspection_cpp.hpp\n'}
[2.480328] (px4_msgs) StdoutLine: {'line': b'-- Up-to-date symlink: /home/maxim/super_ws/install/px4_msgs/include/px4_msgs/px4_msgs/msg/detail/autotune_attitude_control_status__rosidl_typesupport_introspection_cpp.hpp\n'}
[2.480510] (px4_msgs) StdoutLine: {'line': b'-- Up-to-date symlink: /home/maxim/super_ws/install/px4_msgs/include/px4_msgs/px4_msgs/msg/detail/aux_global_position__rosidl_typesupport_introspection_cpp.hpp\n'}
[2.480728] (px4_msgs) StdoutLine: {'line': b'-- Up-to-date symlink: /home/maxim/super_ws/install/px4_msgs/include/px4_msgs/px4_msgs/msg/detail/battery_info__rosidl_typesupport_introspection_cpp.hpp\n'}
[2.480879] (px4_msgs) StdoutLine: {'line': b'-- Up-to-date symlink: /home/maxim/super_ws/install/px4_msgs/include/px4_msgs/px4_msgs/msg/detail/battery_status__rosidl_typesupport_introspection_cpp.hpp\n'}
[2.480991] (px4_msgs) StdoutLine: {'line': b'-- Up-to-date symlink: /home/maxim/super_ws/install/px4_msgs/include/px4_msgs/px4_msgs/msg/detail/button_event__rosidl_typesupport_introspection_cpp.hpp\n'}
[2.481144] (px4_msgs) StdoutLine: {'line': b'-- Up-to-date symlink: /home/maxim/super_ws/install/px4_msgs/include/px4_msgs/px4_msgs/msg/detail/camera_capture__rosidl_typesupport_introspection_cpp.hpp\n'}
[2.481345] (px4_msgs) StdoutLine: {'line': b'-- Up-to-date symlink: /home/maxim/super_ws/install/px4_msgs/include/px4_msgs/px4_msgs/msg/detail/camera_status__rosidl_typesupport_introspection_cpp.hpp\n'}
[2.481527] (px4_msgs) StdoutLine: {'line': b'-- Up-to-date symlink: /home/maxim/super_ws/install/px4_msgs/include/px4_msgs/px4_msgs/msg/detail/camera_trigger__rosidl_typesupport_introspection_cpp.hpp\n'}
[2.481714] (px4_msgs) StdoutLine: {'line': b'-- Up-to-date symlink: /home/maxim/super_ws/install/px4_msgs/include/px4_msgs/px4_msgs/msg/detail/can_interface_status__rosidl_typesupport_introspection_cpp.hpp\n'}
[2.481909] (px4_msgs) StdoutLine: {'line': b'-- Up-to-date symlink: /home/maxim/super_ws/install/px4_msgs/include/px4_msgs/px4_msgs/msg/detail/cellular_status__rosidl_typesupport_introspection_cpp.hpp\n'}
[2.482013] (px4_msgs) StdoutLine: {'line': b'-- Up-to-date symlink: /home/maxim/super_ws/install/px4_msgs/include/px4_msgs/px4_msgs/msg/detail/collision_constraints__rosidl_typesupport_introspection_cpp.hpp\n'}
[2.482178] (px4_msgs) StdoutLine: {'line': b'-- Up-to-date symlink: /home/maxim/super_ws/install/px4_msgs/include/px4_msgs/px4_msgs/msg/detail/config_overrides__rosidl_typesupport_introspection_cpp.hpp\n'}
[2.482360] (px4_msgs) StdoutLine: {'line': b'-- Up-to-date symlink: /home/maxim/super_ws/install/px4_msgs/include/px4_msgs/px4_msgs/msg/detail/control_allocator_status__rosidl_typesupport_introspection_cpp.hpp\n'}
[2.482457] (px4_msgs) StdoutLine: {'line': b'-- Up-to-date symlink: /home/maxim/super_ws/install/px4_msgs/include/px4_msgs/px4_msgs/msg/detail/cpuload__rosidl_typesupport_introspection_cpp.hpp\n'}
[2.482576] (px4_msgs) StdoutLine: {'line': b'-- Up-to-date symlink: /home/maxim/super_ws/install/px4_msgs/include/px4_msgs/px4_msgs/msg/detail/dataman_request__rosidl_typesupport_introspection_cpp.hpp\n'}
[2.482735] (px4_msgs) StdoutLine: {'line': b'-- Up-to-date symlink: /home/maxim/super_ws/install/px4_msgs/include/px4_msgs/px4_msgs/msg/detail/dataman_response__rosidl_typesupport_introspection_cpp.hpp\n'}
[2.482897] (px4_msgs) StdoutLine: {'line': b'-- Up-to-date symlink: /home/maxim/super_ws/install/px4_msgs/include/px4_msgs/px4_msgs/msg/detail/debug_array__rosidl_typesupport_introspection_cpp.hpp\n'}
[2.483031] (px4_msgs) StdoutLine: {'line': b'-- Up-to-date symlink: /home/maxim/super_ws/install/px4_msgs/include/px4_msgs/px4_msgs/msg/detail/debug_key_value__rosidl_typesupport_introspection_cpp.hpp\n'}
[2.483235] (px4_msgs) StdoutLine: {'line': b'-- Up-to-date symlink: /home/maxim/super_ws/install/px4_msgs/include/px4_msgs/px4_msgs/msg/detail/debug_value__rosidl_typesupport_introspection_cpp.hpp\n'}
[2.483383] (px4_msgs) StdoutLine: {'line': b'-- Up-to-date symlink: /home/maxim/super_ws/install/px4_msgs/include/px4_msgs/px4_msgs/msg/detail/debug_vect__rosidl_typesupport_introspection_cpp.hpp\n'}
[2.483535] (px4_msgs) StdoutLine: {'line': b'-- Up-to-date symlink: /home/maxim/super_ws/install/px4_msgs/include/px4_msgs/px4_msgs/msg/detail/device_information__rosidl_typesupport_introspection_cpp.hpp\n'}
[2.483706] (px4_msgs) StdoutLine: {'line': b'-- Up-to-date symlink: /home/maxim/super_ws/install/px4_msgs/include/px4_msgs/px4_msgs/msg/detail/differential_pressure__rosidl_typesupport_introspection_cpp.hpp\n'}
[2.483864] (px4_msgs) StdoutLine: {'line': b'-- Up-to-date symlink: /home/maxim/super_ws/install/px4_msgs/include/px4_msgs/px4_msgs/msg/detail/distance_sensor__rosidl_typesupport_introspection_cpp.hpp\n'}
[2.484039] (px4_msgs) StdoutLine: {'line': b'-- Up-to-date symlink: /home/maxim/super_ws/install/px4_msgs/include/px4_msgs/px4_msgs/msg/detail/distance_sensor_mode_change_request__rosidl_typesupport_introspection_cpp.hpp\n'}
[2.484146] (px4_msgs) StdoutLine: {'line': b'-- Up-to-date symlink: /home/maxim/super_ws/install/px4_msgs/include/px4_msgs/px4_msgs/msg/detail/dronecan_node_status__rosidl_typesupport_introspection_cpp.hpp\n'}
[2.484255] (px4_msgs) StdoutLine: {'line': b'-- Up-to-date symlink: /home/maxim/super_ws/install/px4_msgs/include/px4_msgs/px4_msgs/msg/detail/ekf2_timestamps__rosidl_typesupport_introspection_cpp.hpp\n'}
[2.484364] (px4_msgs) StdoutLine: {'line': b'-- Up-to-date symlink: /home/maxim/super_ws/install/px4_msgs/include/px4_msgs/px4_msgs/msg/detail/esc_eeprom_read__rosidl_typesupport_introspection_cpp.hpp\n'}
[2.484470] (px4_msgs) StdoutLine: {'line': b'-- Up-to-date symlink: /home/maxim/super_ws/install/px4_msgs/include/px4_msgs/px4_msgs/msg/detail/esc_eeprom_write__rosidl_typesupport_introspection_cpp.hpp\n'}
[2.484634] (px4_msgs) StdoutLine: {'line': b'-- Up-to-date symlink: /home/maxim/super_ws/install/px4_msgs/include/px4_msgs/px4_msgs/msg/detail/esc_report__rosidl_typesupport_introspection_cpp.hpp\n'}
[2.484821] (px4_msgs) StdoutLine: {'line': b'-- Up-to-date symlink: /home/maxim/super_ws/install/px4_msgs/include/px4_msgs/px4_msgs/msg/detail/esc_status__rosidl_typesupport_introspection_cpp.hpp\n'}
[2.485056] (px4_msgs) StdoutLine: {'line': b'-- Up-to-date symlink: /home/maxim/super_ws/install/px4_msgs/include/px4_msgs/px4_msgs/msg/detail/estimator_aid_source1d__rosidl_typesupport_introspection_cpp.hpp\n'}
[2.485220] (px4_msgs) StdoutLine: {'line': b'-- Up-to-date symlink: /home/maxim/super_ws/install/px4_msgs/include/px4_msgs/px4_msgs/msg/detail/estimator_aid_source2d__rosidl_typesupport_introspection_cpp.hpp\n'}
[2.485421] (px4_msgs) StdoutLine: {'line': b'-- Up-to-date symlink: /home/maxim/super_ws/install/px4_msgs/include/px4_msgs/px4_msgs/msg/detail/estimator_aid_source3d__rosidl_typesupport_introspection_cpp.hpp\n'}
[2.485577] (px4_msgs) StdoutLine: {'line': b'-- Up-to-date symlink: /home/maxim/super_ws/install/px4_msgs/include/px4_msgs/px4_msgs/msg/detail/estimator_bias3d__rosidl_typesupport_introspection_cpp.hpp\n'}
[2.485723] (px4_msgs) StdoutLine: {'line': b'-- Up-to-date symlink: /home/maxim/super_ws/install/px4_msgs/include/px4_msgs/px4_msgs/msg/detail/estimator_bias__rosidl_typesupport_introspection_cpp.hpp\n'}
[2.485880] (px4_msgs) StdoutLine: {'line': b'-- Up-to-date symlink: /home/maxim/super_ws/install/px4_msgs/include/px4_msgs/px4_msgs/msg/detail/estimator_event_flags__rosidl_typesupport_introspection_cpp.hpp\n'}
[2.485984] (px4_msgs) StdoutLine: {'line': b'-- Up-to-date symlink: /home/maxim/super_ws/install/px4_msgs/include/px4_msgs/px4_msgs/msg/detail/estimator_fusion_control__rosidl_typesupport_introspection_cpp.hpp\n'}
[2.486143] (px4_msgs) StdoutLine: {'line': b'-- Up-to-date symlink: /home/maxim/super_ws/install/px4_msgs/include/px4_msgs/px4_msgs/msg/detail/estimator_gps_status__rosidl_typesupport_introspection_cpp.hpp\n'}
[2.486278] (px4_msgs) StdoutLine: {'line': b'-- Up-to-date symlink: /home/maxim/super_ws/install/px4_msgs/include/px4_msgs/px4_msgs/msg/detail/estimator_innovations__rosidl_typesupport_introspection_cpp.hpp\n'}
[2.486494] (px4_msgs) StdoutLine: {'line': b'-- Up-to-date symlink: /home/maxim/super_ws/install/px4_msgs/include/px4_msgs/px4_msgs/msg/detail/estimator_selector_status__rosidl_typesupport_introspection_cpp.hpp\n'}
[2.486663] (px4_msgs) StdoutLine: {'line': b'-- Up-to-date symlink: /home/maxim/super_ws/install/px4_msgs/include/px4_msgs/px4_msgs/msg/detail/estimator_sensor_bias__rosidl_typesupport_introspection_cpp.hpp\n'}
[2.486769] (px4_msgs) StdoutLine: {'line': b'-- Up-to-date symlink: /home/maxim/super_ws/install/px4_msgs/include/px4_msgs/px4_msgs/msg/detail/estimator_states__rosidl_typesupport_introspection_cpp.hpp\n'}
[2.486886] (px4_msgs) StdoutLine: {'line': b'-- Up-to-date symlink: /home/maxim/super_ws/install/px4_msgs/include/px4_msgs/px4_msgs/msg/detail/estimator_status__rosidl_typesupport_introspection_cpp.hpp\n'}
[2.486966] (px4_msgs) StdoutLine: {'line': b'-- Up-to-date symlink: /home/maxim/super_ws/install/px4_msgs/include/px4_msgs/px4_msgs/msg/detail/estimator_status_flags__rosidl_typesupport_introspection_cpp.hpp\n'}
[2.487066] (px4_msgs) StdoutLine: {'line': b'-- Up-to-date symlink: /home/maxim/super_ws/install/px4_msgs/include/px4_msgs/px4_msgs/msg/detail/event__rosidl_typesupport_introspection_cpp.hpp\n'}
[2.487346] (px4_msgs) StdoutLine: {'line': b'-- Up-to-date symlink: /home/maxim/super_ws/install/px4_msgs/include/px4_msgs/px4_msgs/msg/detail/failsafe_flags__rosidl_typesupport_introspection_cpp.hpp\n'}
[2.487564] (px4_msgs) StdoutLine: {'line': b'-- Up-to-date symlink: /home/maxim/super_ws/install/px4_msgs/include/px4_msgs/px4_msgs/msg/detail/failure_detector_status__rosidl_typesupport_introspection_cpp.hpp\n'}
[2.487812] (px4_msgs) StdoutLine: {'line': b'-- Up-to-date symlink: /home/maxim/super_ws/install/px4_msgs/include/px4_msgs/px4_msgs/msg/detail/fiducial_marker_pos_report__rosidl_typesupport_introspection_cpp.hpp\n'}
[2.487974] (px4_msgs) StdoutLine: {'line': b'-- Up-to-date symlink: /home/maxim/super_ws/install/px4_msgs/include/px4_msgs/px4_msgs/msg/detail/fiducial_marker_yaw_report__rosidl_typesupport_introspection_cpp.hpp\n'}
[2.488187] (px4_msgs) StdoutLine: {'line': b'-- Up-to-date symlink: /home/maxim/super_ws/install/px4_msgs/include/px4_msgs/px4_msgs/msg/detail/figure_eight_status__rosidl_typesupport_introspection_cpp.hpp\n'}
[2.488332] (px4_msgs) StdoutLine: {'line': b'-- Up-to-date symlink: /home/maxim/super_ws/install/px4_msgs/include/px4_msgs/px4_msgs/msg/detail/fixed_wing_lateral_guidance_status__rosidl_typesupport_introspection_cpp.hpp\n'}
[2.488475] (px4_msgs) StdoutLine: {'line': b'-- Up-to-date symlink: /home/maxim/super_ws/install/px4_msgs/include/px4_msgs/px4_msgs/msg/detail/fixed_wing_lateral_setpoint__rosidl_typesupport_introspection_cpp.hpp\n'}
[2.488598] (px4_msgs) StdoutLine: {'line': b'-- Up-to-date symlink: /home/maxim/super_ws/install/px4_msgs/include/px4_msgs/px4_msgs/msg/detail/fixed_wing_lateral_status__rosidl_typesupport_introspection_cpp.hpp\n'}
[2.488763] (px4_msgs) StdoutLine: {'line': b'-- Up-to-date symlink: /home/maxim/super_ws/install/px4_msgs/include/px4_msgs/px4_msgs/msg/detail/fixed_wing_longitudinal_setpoint__rosidl_typesupport_introspection_cpp.hpp\n'}
[2.488897] (px4_msgs) StdoutLine: {'line': b'-- Up-to-date symlink: /home/maxim/super_ws/install/px4_msgs/include/px4_msgs/px4_msgs/msg/detail/fixed_wing_runway_control__rosidl_typesupport_introspection_cpp.hpp\n'}
[2.489042] (px4_msgs) StdoutLine: {'line': b'-- Up-to-date symlink: /home/maxim/super_ws/install/px4_msgs/include/px4_msgs/px4_msgs/msg/detail/flight_phase_estimation__rosidl_typesupport_introspection_cpp.hpp\n'}
[2.489248] (px4_msgs) StdoutLine: {'line': b'-- Up-to-date symlink: /home/maxim/super_ws/install/px4_msgs/include/px4_msgs/px4_msgs/msg/detail/follow_target__rosidl_typesupport_introspection_cpp.hpp\n'}
[2.489428] (px4_msgs) StdoutLine: {'line': b'-- Up-to-date symlink: /home/maxim/super_ws/install/px4_msgs/include/px4_msgs/px4_msgs/msg/detail/follow_target_estimator__rosidl_typesupport_introspection_cpp.hpp\n'}
[2.489667] (px4_msgs) StdoutLine: {'line': b'-- Up-to-date symlink: /home/maxim/super_ws/install/px4_msgs/include/px4_msgs/px4_msgs/msg/detail/follow_target_status__rosidl_typesupport_introspection_cpp.hpp\n'}
[2.489810] (px4_msgs) StdoutLine: {'line': b'-- Up-to-date symlink: /home/maxim/super_ws/install/px4_msgs/include/px4_msgs/px4_msgs/msg/detail/fuel_tank_status__rosidl_typesupport_introspection_cpp.hpp\n'}
[2.489953] (px4_msgs) StdoutLine: {'line': b'-- Up-to-date symlink: /home/maxim/super_ws/install/px4_msgs/include/px4_msgs/px4_msgs/msg/detail/gain_compression__rosidl_typesupport_introspection_cpp.hpp\n'}
[2.490187] (px4_msgs) StdoutLine: {'line': b'-- Up-to-date symlink: /home/maxim/super_ws/install/px4_msgs/include/px4_msgs/px4_msgs/msg/detail/generator_status__rosidl_typesupport_introspection_cpp.hpp\n'}
[2.490353] (px4_msgs) StdoutLine: {'line': b'-- Up-to-date symlink: /home/maxim/super_ws/install/px4_msgs/include/px4_msgs/px4_msgs/msg/detail/geofence_result__rosidl_typesupport_introspection_cpp.hpp\n'}
[2.490459] (px4_msgs) StdoutLine: {'line': b'-- Up-to-date symlink: /home/maxim/super_ws/install/px4_msgs/include/px4_msgs/px4_msgs/msg/detail/geofence_status__rosidl_typesupport_introspection_cpp.hpp\n'}
[2.490653] (px4_msgs) StdoutLine: {'line': b'-- Up-to-date symlink: /home/maxim/super_ws/install/px4_msgs/include/px4_msgs/px4_msgs/msg/detail/gimbal_controls__rosidl_typesupport_introspection_cpp.hpp\n'}
[2.490817] (px4_msgs) StdoutLine: {'line': b'-- Up-to-date symlink: /home/maxim/super_ws/install/px4_msgs/include/px4_msgs/px4_msgs/msg/detail/gimbal_device_attitude_status__rosidl_typesupport_introspection_cpp.hpp\n'}
[2.490970] (px4_msgs) StdoutLine: {'line': b'-- Up-to-date symlink: /home/maxim/super_ws/install/px4_msgs/include/px4_msgs/px4_msgs/msg/detail/gimbal_device_information__rosidl_typesupport_introspection_cpp.hpp\n'}
[2.491175] (px4_msgs) StdoutLine: {'line': b'-- Up-to-date symlink: /home/maxim/super_ws/install/px4_msgs/include/px4_msgs/px4_msgs/msg/detail/gimbal_device_set_attitude__rosidl_typesupport_introspection_cpp.hpp\n'}
[2.491326] (px4_msgs) StdoutLine: {'line': b'-- Up-to-date symlink: /home/maxim/super_ws/install/px4_msgs/include/px4_msgs/px4_msgs/msg/detail/gimbal_manager_information__rosidl_typesupport_introspection_cpp.hpp\n'}
[2.491496] (px4_msgs) StdoutLine: {'line': b'-- Up-to-date symlink: /home/maxim/super_ws/install/px4_msgs/include/px4_msgs/px4_msgs/msg/detail/gimbal_manager_set_attitude__rosidl_typesupport_introspection_cpp.hpp\n'}
[2.491701] (px4_msgs) StdoutLine: {'line': b'-- Up-to-date symlink: /home/maxim/super_ws/install/px4_msgs/include/px4_msgs/px4_msgs/msg/detail/gimbal_manager_set_manual_control__rosidl_typesupport_introspection_cpp.hpp\n'}
[2.491872] (px4_msgs) StdoutLine: {'line': b'-- Up-to-date symlink: /home/maxim/super_ws/install/px4_msgs/include/px4_msgs/px4_msgs/msg/detail/gimbal_manager_status__rosidl_typesupport_introspection_cpp.hpp\n'}
[2.492004] (px4_msgs) StdoutLine: {'line': b'-- Up-to-date symlink: /home/maxim/super_ws/install/px4_msgs/include/px4_msgs/px4_msgs/msg/detail/goto_setpoint__rosidl_typesupport_introspection_cpp.hpp\n'}
[2.492176] (px4_msgs) StdoutLine: {'line': b'-- Up-to-date symlink: /home/maxim/super_ws/install/px4_msgs/include/px4_msgs/px4_msgs/msg/detail/gpio_config__rosidl_typesupport_introspection_cpp.hpp\n'}
[2.492342] (px4_msgs) StdoutLine: {'line': b'-- Up-to-date symlink: /home/maxim/super_ws/install/px4_msgs/include/px4_msgs/px4_msgs/msg/detail/gpio_in__rosidl_typesupport_introspection_cpp.hpp\n'}
[2.492475] (px4_msgs) StdoutLine: {'line': b'-- Up-to-date symlink: /home/maxim/super_ws/install/px4_msgs/include/px4_msgs/px4_msgs/msg/detail/gpio_out__rosidl_typesupport_introspection_cpp.hpp\n'}
[2.492687] (px4_msgs) StdoutLine: {'line': b'-- Up-to-date symlink: /home/maxim/super_ws/install/px4_msgs/include/px4_msgs/px4_msgs/msg/detail/gpio_request__rosidl_typesupport_introspection_cpp.hpp\n'}
[2.492838] (px4_msgs) StdoutLine: {'line': b'-- Up-to-date symlink: /home/maxim/super_ws/install/px4_msgs/include/px4_msgs/px4_msgs/msg/detail/gps_dump__rosidl_typesupport_introspection_cpp.hpp\n'}
[2.492984] (px4_msgs) StdoutLine: {'line': b'-- Up-to-date symlink: /home/maxim/super_ws/install/px4_msgs/include/px4_msgs/px4_msgs/msg/detail/gps_inject_data__rosidl_typesupport_introspection_cpp.hpp\n'}
[2.493150] (px4_msgs) StdoutLine: {'line': b'-- Up-to-date symlink: /home/maxim/super_ws/install/px4_msgs/include/px4_msgs/px4_msgs/msg/detail/gripper__rosidl_typesupport_introspection_cpp.hpp\n'}
[2.493533] (px4_msgs) StdoutLine: {'line': b'-- Up-to-date symlink: /home/maxim/super_ws/install/px4_msgs/include/px4_msgs/px4_msgs/msg/detail/health_report__rosidl_typesupport_introspection_cpp.hpp\n'}
[2.493794] (px4_msgs) StdoutLine: {'line': b'-- Up-to-date symlink: /home/maxim/super_ws/install/px4_msgs/include/px4_msgs/px4_msgs/msg/detail/heater_status__rosidl_typesupport_introspection_cpp.hpp\n'}
[2.493930] (px4_msgs) StdoutLine: {'line': b'-- Up-to-date symlink: /home/maxim/super_ws/install/px4_msgs/include/px4_msgs/px4_msgs/msg/detail/home_position__rosidl_typesupport_introspection_cpp.hpp\n'}
[2.494137] (px4_msgs) StdoutLine: {'line': b'-- Up-to-date symlink: /home/maxim/super_ws/install/px4_msgs/include/px4_msgs/px4_msgs/msg/detail/hover_thrust_estimate__rosidl_typesupport_introspection_cpp.hpp\n'}
[2.494304] (px4_msgs) StdoutLine: {'line': b'-- Up-to-date symlink: /home/maxim/super_ws/install/px4_msgs/include/px4_msgs/px4_msgs/msg/detail/input_rc__rosidl_typesupport_introspection_cpp.hpp\n'}
[2.494484] (px4_msgs) StdoutLine: {'line': b'-- Up-to-date symlink: /home/maxim/super_ws/install/px4_msgs/include/px4_msgs/px4_msgs/msg/detail/internal_combustion_engine_control__rosidl_typesupport_introspection_cpp.hpp\n'}
[2.494650] (px4_msgs) StdoutLine: {'line': b'-- Up-to-date symlink: /home/maxim/super_ws/install/px4_msgs/include/px4_msgs/px4_msgs/msg/detail/internal_combustion_engine_status__rosidl_typesupport_introspection_cpp.hpp\n'}
[2.494799] (px4_msgs) StdoutLine: {'line': b'-- Up-to-date symlink: /home/maxim/super_ws/install/px4_msgs/include/px4_msgs/px4_msgs/msg/detail/iridiumsbd_status__rosidl_typesupport_introspection_cpp.hpp\n'}
[2.494904] (px4_msgs) StdoutLine: {'line': b'-- Up-to-date symlink: /home/maxim/super_ws/install/px4_msgs/include/px4_msgs/px4_msgs/msg/detail/irlock_report__rosidl_typesupport_introspection_cpp.hpp\n'}
[2.495103] (px4_msgs) StdoutLine: {'line': b'-- Up-to-date symlink: /home/maxim/super_ws/install/px4_msgs/include/px4_msgs/px4_msgs/msg/detail/landing_gear__rosidl_typesupport_introspection_cpp.hpp\n'}
[2.495271] (px4_msgs) StdoutLine: {'line': b'-- Up-to-date symlink: /home/maxim/super_ws/install/px4_msgs/include/px4_msgs/px4_msgs/msg/detail/landing_gear_wheel__rosidl_typesupport_introspection_cpp.hpp\n'}
[2.495437] (px4_msgs) StdoutLine: {'line': b'-- Up-to-date symlink: /home/maxim/super_ws/install/px4_msgs/include/px4_msgs/px4_msgs/msg/detail/landing_target_innovations__rosidl_typesupport_introspection_cpp.hpp\n'}
[2.495603] (px4_msgs) StdoutLine: {'line': b'-- Up-to-date symlink: /home/maxim/super_ws/install/px4_msgs/include/px4_msgs/px4_msgs/msg/detail/landing_target_pose__rosidl_typesupport_introspection_cpp.hpp\n'}
[2.495807] (px4_msgs) StdoutLine: {'line': b'-- Up-to-date symlink: /home/maxim/super_ws/install/px4_msgs/include/px4_msgs/px4_msgs/msg/detail/lateral_control_configuration__rosidl_typesupport_introspection_cpp.hpp\n'}
[2.495919] (px4_msgs) StdoutLine: {'line': b'-- Up-to-date symlink: /home/maxim/super_ws/install/px4_msgs/include/px4_msgs/px4_msgs/msg/detail/launch_detection_status__rosidl_typesupport_introspection_cpp.hpp\n'}
[2.496157] (px4_msgs) StdoutLine: {'line': b'-- Up-to-date symlink: /home/maxim/super_ws/install/px4_msgs/include/px4_msgs/px4_msgs/msg/detail/led_control__rosidl_typesupport_introspection_cpp.hpp\n'}
[2.496263] (px4_msgs) StdoutLine: {'line': b'-- Up-to-date symlink: /home/maxim/super_ws/install/px4_msgs/include/px4_msgs/px4_msgs/msg/detail/log_message__rosidl_typesupport_introspection_cpp.hpp\n'}
[2.496453] (px4_msgs) StdoutLine: {'line': b'-- Up-to-date symlink: /home/maxim/super_ws/install/px4_msgs/include/px4_msgs/px4_msgs/msg/detail/logger_status__rosidl_typesupport_introspection_cpp.hpp\n'}
[2.496601] (px4_msgs) StdoutLine: {'line': b'-- Up-to-date symlink: /home/maxim/super_ws/install/px4_msgs/include/px4_msgs/px4_msgs/msg/detail/longitudinal_control_configuration__rosidl_typesupport_introspection_cpp.hpp\n'}
[2.496753] (px4_msgs) StdoutLine: {'line': b'-- Up-to-date symlink: /home/maxim/super_ws/install/px4_msgs/include/px4_msgs/px4_msgs/msg/detail/mag_worker_data__rosidl_typesupport_introspection_cpp.hpp\n'}
[2.496917] (px4_msgs) StdoutLine: {'line': b'-- Up-to-date symlink: /home/maxim/super_ws/install/px4_msgs/include/px4_msgs/px4_msgs/msg/detail/magnetometer_bias_estimate__rosidl_typesupport_introspection_cpp.hpp\n'}
[2.497056] (px4_msgs) StdoutLine: {'line': b'-- Up-to-date symlink: /home/maxim/super_ws/install/px4_msgs/include/px4_msgs/px4_msgs/msg/detail/manual_control_setpoint__rosidl_typesupport_introspection_cpp.hpp\n'}
[2.497263] (px4_msgs) StdoutLine: {'line': b'-- Up-to-date symlink: /home/maxim/super_ws/install/px4_msgs/include/px4_msgs/px4_msgs/msg/detail/manual_control_switches__rosidl_typesupport_introspection_cpp.hpp\n'}
[2.497435] (px4_msgs) StdoutLine: {'line': b'-- Up-to-date symlink: /home/maxim/super_ws/install/px4_msgs/include/px4_msgs/px4_msgs/msg/detail/mavlink_log__rosidl_typesupport_introspection_cpp.hpp\n'}
[2.497576] (px4_msgs) StdoutLine: {'line': b'-- Up-to-date symlink: /home/maxim/super_ws/install/px4_msgs/include/px4_msgs/px4_msgs/msg/detail/mavlink_tunnel__rosidl_typesupport_introspection_cpp.hpp\n'}
[2.497852] (px4_msgs) StdoutLine: {'line': b'-- Up-to-date symlink: /home/maxim/super_ws/install/px4_msgs/include/px4_msgs/px4_msgs/msg/detail/message_format_request__rosidl_typesupport_introspection_cpp.hpp\n'}
[2.497981] (px4_msgs) StdoutLine: {'line': b'-- Up-to-date symlink: /home/maxim/super_ws/install/px4_msgs/include/px4_msgs/px4_msgs/msg/detail/message_format_response__rosidl_typesupport_introspection_cpp.hpp\n'}
[2.498218] (px4_msgs) StdoutLine: {'line': b'-- Up-to-date symlink: /home/maxim/super_ws/install/px4_msgs/include/px4_msgs/px4_msgs/msg/detail/mission__rosidl_typesupport_introspection_cpp.hpp\n'}
[2.498395] (px4_msgs) StdoutLine: {'line': b'-- Up-to-date symlink: /home/maxim/super_ws/install/px4_msgs/include/px4_msgs/px4_msgs/msg/detail/mission_result__rosidl_typesupport_introspection_cpp.hpp\n'}
[2.498491] (px4_msgs) StdoutLine: {'line': b'-- Up-to-date symlink: /home/maxim/super_ws/install/px4_msgs/include/px4_msgs/px4_msgs/msg/detail/mode_completed__rosidl_typesupport_introspection_cpp.hpp\n'}
[2.498749] (px4_msgs) StdoutLine: {'line': b'-- Up-to-date symlink: /home/maxim/super_ws/install/px4_msgs/include/px4_msgs/px4_msgs/msg/detail/mount_orientation__rosidl_typesupport_introspection_cpp.hpp\n'}
[2.498924] (px4_msgs) StdoutLine: {'line': b'-- Up-to-date symlink: /home/maxim/super_ws/install/px4_msgs/include/px4_msgs/px4_msgs/msg/detail/navigator_mission_item__rosidl_typesupport_introspection_cpp.hpp\n'}
[2.499117] (px4_msgs) StdoutLine: {'line': b'-- Up-to-date symlink: /home/maxim/super_ws/install/px4_msgs/include/px4_msgs/px4_msgs/msg/detail/navigator_status__rosidl_typesupport_introspection_cpp.hpp\n'}
[2.499283] (px4_msgs) StdoutLine: {'line': b'-- Up-to-date symlink: /home/maxim/super_ws/install/px4_msgs/include/px4_msgs/px4_msgs/msg/detail/neural_control__rosidl_typesupport_introspection_cpp.hpp\n'}
[2.499423] (px4_msgs) StdoutLine: {'line': b'-- Up-to-date symlink: /home/maxim/super_ws/install/px4_msgs/include/px4_msgs/px4_msgs/msg/detail/normalized_unsigned_setpoint__rosidl_typesupport_introspection_cpp.hpp\n'}
[2.499517] (px4_msgs) StdoutLine: {'line': b'-- Up-to-date symlink: /home/maxim/super_ws/install/px4_msgs/include/px4_msgs/px4_msgs/msg/detail/obstacle_distance__rosidl_typesupport_introspection_cpp.hpp\n'}
[2.499625] (px4_msgs) StdoutLine: {'line': b'-- Up-to-date symlink: /home/maxim/super_ws/install/px4_msgs/include/px4_msgs/px4_msgs/msg/detail/offboard_control_mode__rosidl_typesupport_introspection_cpp.hpp\n'}
[2.499738] (px4_msgs) StdoutLine: {'line': b'-- Up-to-date symlink: /home/maxim/super_ws/install/px4_msgs/include/px4_msgs/px4_msgs/msg/detail/onboard_computer_status__rosidl_typesupport_introspection_cpp.hpp\n'}
[2.499850] (px4_msgs) StdoutLine: {'line': b'-- Up-to-date symlink: /home/maxim/super_ws/install/px4_msgs/include/px4_msgs/px4_msgs/msg/detail/open_drone_id_arm_status__rosidl_typesupport_introspection_cpp.hpp\n'}
[2.499963] (px4_msgs) StdoutLine: {'line': b'-- Up-to-date symlink: /home/maxim/super_ws/install/px4_msgs/include/px4_msgs/px4_msgs/msg/detail/open_drone_id_operator_id__rosidl_typesupport_introspection_cpp.hpp\n'}
[2.500083] (px4_msgs) StdoutLine: {'line': b'-- Up-to-date symlink: /home/maxim/super_ws/install/px4_msgs/include/px4_msgs/px4_msgs/msg/detail/open_drone_id_self_id__rosidl_typesupport_introspection_cpp.hpp\n'}
[2.500260] (px4_msgs) StdoutLine: {'line': b'-- Up-to-date symlink: /home/maxim/super_ws/install/px4_msgs/include/px4_msgs/px4_msgs/msg/detail/open_drone_id_system__rosidl_typesupport_introspection_cpp.hpp\n'}
[2.500453] (px4_msgs) StdoutLine: {'line': b'-- Up-to-date symlink: /home/maxim/super_ws/install/px4_msgs/include/px4_msgs/px4_msgs/msg/detail/orb_test__rosidl_typesupport_introspection_cpp.hpp\n'}
[2.500603] (px4_msgs) StdoutLine: {'line': b'-- Up-to-date symlink: /home/maxim/super_ws/install/px4_msgs/include/px4_msgs/px4_msgs/msg/detail/orb_test_large__rosidl_typesupport_introspection_cpp.hpp\n'}
[2.500705] (px4_msgs) StdoutLine: {'line': b'-- Up-to-date symlink: /home/maxim/super_ws/install/px4_msgs/include/px4_msgs/px4_msgs/msg/detail/orb_test_medium__rosidl_typesupport_introspection_cpp.hpp\n'}
[2.500834] (px4_msgs) StdoutLine: {'line': b'-- Up-to-date symlink: /home/maxim/super_ws/install/px4_msgs/include/px4_msgs/px4_msgs/msg/detail/orbit_status__rosidl_typesupport_introspection_cpp.hpp\n'}
[2.500932] (px4_msgs) StdoutLine: {'line': b'-- Up-to-date symlink: /home/maxim/super_ws/install/px4_msgs/include/px4_msgs/px4_msgs/msg/detail/parameter_reset_request__rosidl_typesupport_introspection_cpp.hpp\n'}
[2.501013] (px4_msgs) StdoutLine: {'line': b'-- Up-to-date symlink: /home/maxim/super_ws/install/px4_msgs/include/px4_msgs/px4_msgs/msg/detail/parameter_set_used_request__rosidl_typesupport_introspection_cpp.hpp\n'}
[2.501203] (px4_msgs) StdoutLine: {'line': b'-- Up-to-date symlink: /home/maxim/super_ws/install/px4_msgs/include/px4_msgs/px4_msgs/msg/detail/parameter_set_value_request__rosidl_typesupport_introspection_cpp.hpp\n'}
[2.501390] (px4_msgs) StdoutLine: {'line': b'-- Up-to-date symlink: /home/maxim/super_ws/install/px4_msgs/include/px4_msgs/px4_msgs/msg/detail/parameter_set_value_response__rosidl_typesupport_introspection_cpp.hpp\n'}
[2.501530] (px4_msgs) StdoutLine: {'line': b'-- Up-to-date symlink: /home/maxim/super_ws/install/px4_msgs/include/px4_msgs/px4_msgs/msg/detail/parameter_update__rosidl_typesupport_introspection_cpp.hpp\n'}
[2.501750] (px4_msgs) StdoutLine: {'line': b'-- Up-to-date symlink: /home/maxim/super_ws/install/px4_msgs/include/px4_msgs/px4_msgs/msg/detail/ping__rosidl_typesupport_introspection_cpp.hpp\n'}
[2.501918] (px4_msgs) StdoutLine: {'line': b'-- Up-to-date symlink: /home/maxim/super_ws/install/px4_msgs/include/px4_msgs/px4_msgs/msg/detail/position_controller_landing_status__rosidl_typesupport_introspection_cpp.hpp\n'}
[2.501998] (px4_msgs) StdoutLine: {'line': b'-- Up-to-date symlink: /home/maxim/super_ws/install/px4_msgs/include/px4_msgs/px4_msgs/msg/detail/position_controller_status__rosidl_typesupport_introspection_cpp.hpp\n'}
[2.502144] (px4_msgs) StdoutLine: {'line': b'-- Up-to-date symlink: /home/maxim/super_ws/install/px4_msgs/include/px4_msgs/px4_msgs/msg/detail/position_setpoint__rosidl_typesupport_introspection_cpp.hpp\n'}
[2.502309] (px4_msgs) StdoutLine: {'line': b'-- Up-to-date symlink: /home/maxim/super_ws/install/px4_msgs/include/px4_msgs/px4_msgs/msg/detail/position_setpoint_triplet__rosidl_typesupport_introspection_cpp.hpp\n'}
[2.502472] (px4_msgs) StdoutLine: {'line': b'-- Up-to-date symlink: /home/maxim/super_ws/install/px4_msgs/include/px4_msgs/px4_msgs/msg/detail/power_button_state__rosidl_typesupport_introspection_cpp.hpp\n'}
[2.502653] (px4_msgs) StdoutLine: {'line': b'-- Up-to-date symlink: /home/maxim/super_ws/install/px4_msgs/include/px4_msgs/px4_msgs/msg/detail/power_monitor__rosidl_typesupport_introspection_cpp.hpp\n'}
[2.502754] (px4_msgs) StdoutLine: {'line': b'-- Up-to-date symlink: /home/maxim/super_ws/install/px4_msgs/include/px4_msgs/px4_msgs/msg/detail/pps_capture__rosidl_typesupport_introspection_cpp.hpp\n'}
[2.502876] (px4_msgs) StdoutLine: {'line': b'-- Up-to-date symlink: /home/maxim/super_ws/install/px4_msgs/include/px4_msgs/px4_msgs/msg/detail/prec_land_status__rosidl_typesupport_introspection_cpp.hpp\n'}
[2.502969] (px4_msgs) StdoutLine: {'line': b'-- Up-to-date symlink: /home/maxim/super_ws/install/px4_msgs/include/px4_msgs/px4_msgs/msg/detail/pure_pursuit_status__rosidl_typesupport_introspection_cpp.hpp\n'}
[2.503090] (px4_msgs) StdoutLine: {'line': b'-- Up-to-date symlink: /home/maxim/super_ws/install/px4_msgs/include/px4_msgs/px4_msgs/msg/detail/pwm_input__rosidl_typesupport_introspection_cpp.hpp\n'}
[2.503206] (px4_msgs) StdoutLine: {'line': b'-- Up-to-date symlink: /home/maxim/super_ws/install/px4_msgs/include/px4_msgs/px4_msgs/msg/detail/px4io_status__rosidl_typesupport_introspection_cpp.hpp\n'}
[2.503270] (-) TimerEvent: {}
[2.503342] (px4_msgs) StdoutLine: {'line': b'-- Up-to-date symlink: /home/maxim/super_ws/install/px4_msgs/include/px4_msgs/px4_msgs/msg/detail/qshell_req__rosidl_typesupport_introspection_cpp.hpp\n'}
[2.503463] (px4_msgs) StdoutLine: {'line': b'-- Up-to-date symlink: /home/maxim/super_ws/install/px4_msgs/include/px4_msgs/px4_msgs/msg/detail/qshell_retval__rosidl_typesupport_introspection_cpp.hpp\n'}
[2.503575] (px4_msgs) StdoutLine: {'line': b'-- Up-to-date symlink: /home/maxim/super_ws/install/px4_msgs/include/px4_msgs/px4_msgs/msg/detail/radio_status__rosidl_typesupport_introspection_cpp.hpp\n'}
[2.503690] (px4_msgs) StdoutLine: {'line': b'-- Up-to-date symlink: /home/maxim/super_ws/install/px4_msgs/include/px4_msgs/px4_msgs/msg/detail/ranging_beacon__rosidl_typesupport_introspection_cpp.hpp\n'}
[2.503866] (px4_msgs) StdoutLine: {'line': b'-- Up-to-date symlink: /home/maxim/super_ws/install/px4_msgs/include/px4_msgs/px4_msgs/msg/detail/raptor_input__rosidl_typesupport_introspection_cpp.hpp\n'}
[2.504015] (px4_msgs) StdoutLine: {'line': b'-- Up-to-date symlink: /home/maxim/super_ws/install/px4_msgs/include/px4_msgs/px4_msgs/msg/detail/raptor_status__rosidl_typesupport_introspection_cpp.hpp\n'}
[2.504196] (px4_msgs) StdoutLine: {'line': b'-- Up-to-date symlink: /home/maxim/super_ws/install/px4_msgs/include/px4_msgs/px4_msgs/msg/detail/rate_ctrl_status__rosidl_typesupport_introspection_cpp.hpp\n'}
[2.504451] (px4_msgs) StdoutLine: {'line': b'-- Up-to-date symlink: /home/maxim/super_ws/install/px4_msgs/include/px4_msgs/px4_msgs/msg/detail/rc_channels__rosidl_typesupport_introspection_cpp.hpp\n'}
[2.504663] (px4_msgs) StdoutLine: {'line': b'-- Up-to-date symlink: /home/maxim/super_ws/install/px4_msgs/include/px4_msgs/px4_msgs/msg/detail/rc_parameter_map__rosidl_typesupport_introspection_cpp.hpp\n'}
[2.504837] (px4_msgs) StdoutLine: {'line': b'-- Up-to-date symlink: /home/maxim/super_ws/install/px4_msgs/include/px4_msgs/px4_msgs/msg/detail/register_ext_component_reply__rosidl_typesupport_introspection_cpp.hpp\n'}
[2.504998] (px4_msgs) StdoutLine: {'line': b'-- Up-to-date symlink: /home/maxim/super_ws/install/px4_msgs/include/px4_msgs/px4_msgs/msg/detail/register_ext_component_request__rosidl_typesupport_introspection_cpp.hpp\n'}
[2.505156] (px4_msgs) StdoutLine: {'line': b'-- Up-to-date symlink: /home/maxim/super_ws/install/px4_msgs/include/px4_msgs/px4_msgs/msg/detail/rover_attitude_setpoint__rosidl_typesupport_introspection_cpp.hpp\n'}
[2.505335] (px4_msgs) StdoutLine: {'line': b'-- Up-to-date symlink: /home/maxim/super_ws/install/px4_msgs/include/px4_msgs/px4_msgs/msg/detail/rover_attitude_status__rosidl_typesupport_introspection_cpp.hpp\n'}
[2.505481] (px4_msgs) StdoutLine: {'line': b'-- Up-to-date symlink: /home/maxim/super_ws/install/px4_msgs/include/px4_msgs/px4_msgs/msg/detail/rover_position_setpoint__rosidl_typesupport_introspection_cpp.hpp\n'}
[2.505655] (px4_msgs) StdoutLine: {'line': b'-- Up-to-date symlink: /home/maxim/super_ws/install/px4_msgs/include/px4_msgs/px4_msgs/msg/detail/rover_rate_setpoint__rosidl_typesupport_introspection_cpp.hpp\n'}
[2.505830] (px4_msgs) StdoutLine: {'line': b'-- Up-to-date symlink: /home/maxim/super_ws/install/px4_msgs/include/px4_msgs/px4_msgs/msg/detail/rover_rate_status__rosidl_typesupport_introspection_cpp.hpp\n'}
[2.506004] (px4_msgs) StdoutLine: {'line': b'-- Up-to-date symlink: /home/maxim/super_ws/install/px4_msgs/include/px4_msgs/px4_msgs/msg/detail/rover_speed_setpoint__rosidl_typesupport_introspection_cpp.hpp\n'}
[2.506156] (px4_msgs) StdoutLine: {'line': b'-- Up-to-date symlink: /home/maxim/super_ws/install/px4_msgs/include/px4_msgs/px4_msgs/msg/detail/rover_speed_status__rosidl_typesupport_introspection_cpp.hpp\n'}
[2.506320] (px4_msgs) StdoutLine: {'line': b'-- Up-to-date symlink: /home/maxim/super_ws/install/px4_msgs/include/px4_msgs/px4_msgs/msg/detail/rover_steering_setpoint__rosidl_typesupport_introspection_cpp.hpp\n'}
[2.506429] (px4_msgs) StdoutLine: {'line': b'-- Up-to-date symlink: /home/maxim/super_ws/install/px4_msgs/include/px4_msgs/px4_msgs/msg/detail/rover_throttle_setpoint__rosidl_typesupport_introspection_cpp.hpp\n'}
[2.506573] (px4_msgs) StdoutLine: {'line': b'-- Up-to-date symlink: /home/maxim/super_ws/install/px4_msgs/include/px4_msgs/px4_msgs/msg/detail/rpm__rosidl_typesupport_introspection_cpp.hpp\n'}
[2.506676] (px4_msgs) StdoutLine: {'line': b'-- Up-to-date symlink: /home/maxim/super_ws/install/px4_msgs/include/px4_msgs/px4_msgs/msg/detail/rtl_status__rosidl_typesupport_introspection_cpp.hpp\n'}
[2.506861] (px4_msgs) StdoutLine: {'line': b'-- Up-to-date symlink: /home/maxim/super_ws/install/px4_msgs/include/px4_msgs/px4_msgs/msg/detail/rtl_time_estimate__rosidl_typesupport_introspection_cpp.hpp\n'}
[2.506963] (px4_msgs) StdoutLine: {'line': b'-- Up-to-date symlink: /home/maxim/super_ws/install/px4_msgs/include/px4_msgs/px4_msgs/msg/detail/satellite_info__rosidl_typesupport_introspection_cpp.hpp\n'}
[2.507090] (px4_msgs) StdoutLine: {'line': b'-- Up-to-date symlink: /home/maxim/super_ws/install/px4_msgs/include/px4_msgs/px4_msgs/msg/detail/sensor_accel__rosidl_typesupport_introspection_cpp.hpp\n'}
[2.507207] (px4_msgs) StdoutLine: {'line': b'-- Up-to-date symlink: /home/maxim/super_ws/install/px4_msgs/include/px4_msgs/px4_msgs/msg/detail/sensor_accel_fifo__rosidl_typesupport_introspection_cpp.hpp\n'}
[2.507322] (px4_msgs) StdoutLine: {'line': b'-- Up-to-date symlink: /home/maxim/super_ws/install/px4_msgs/include/px4_msgs/px4_msgs/msg/detail/sensor_airflow__rosidl_typesupport_introspection_cpp.hpp\n'}
[2.507441] (px4_msgs) StdoutLine: {'line': b'-- Up-to-date symlink: /home/maxim/super_ws/install/px4_msgs/include/px4_msgs/px4_msgs/msg/detail/sensor_baro__rosidl_typesupport_introspection_cpp.hpp\n'}
[2.507555] (px4_msgs) StdoutLine: {'line': b'-- Up-to-date symlink: /home/maxim/super_ws/install/px4_msgs/include/px4_msgs/px4_msgs/msg/detail/sensor_combined__rosidl_typesupport_introspection_cpp.hpp\n'}
[2.507669] (px4_msgs) StdoutLine: {'line': b'-- Up-to-date symlink: /home/maxim/super_ws/install/px4_msgs/include/px4_msgs/px4_msgs/msg/detail/sensor_correction__rosidl_typesupport_introspection_cpp.hpp\n'}
[2.507784] (px4_msgs) StdoutLine: {'line': b'-- Up-to-date symlink: /home/maxim/super_ws/install/px4_msgs/include/px4_msgs/px4_msgs/msg/detail/sensor_gnss_relative__rosidl_typesupport_introspection_cpp.hpp\n'}
[2.507903] (px4_msgs) StdoutLine: {'line': b'-- Up-to-date symlink: /home/maxim/super_ws/install/px4_msgs/include/px4_msgs/px4_msgs/msg/detail/sensor_gnss_status__rosidl_typesupport_introspection_cpp.hpp\n'}
[2.508015] (px4_msgs) StdoutLine: {'line': b'-- Up-to-date symlink: /home/maxim/super_ws/install/px4_msgs/include/px4_msgs/px4_msgs/msg/detail/sensor_gps__rosidl_typesupport_introspection_cpp.hpp\n'}
[2.508135] (px4_msgs) StdoutLine: {'line': b'-- Up-to-date symlink: /home/maxim/super_ws/install/px4_msgs/include/px4_msgs/px4_msgs/msg/detail/sensor_gyro__rosidl_typesupport_introspection_cpp.hpp\n'}
[2.508248] (px4_msgs) StdoutLine: {'line': b'-- Up-to-date symlink: /home/maxim/super_ws/install/px4_msgs/include/px4_msgs/px4_msgs/msg/detail/sensor_gyro_fft__rosidl_typesupport_introspection_cpp.hpp\n'}
[2.508359] (px4_msgs) StdoutLine: {'line': b'-- Up-to-date symlink: /home/maxim/super_ws/install/px4_msgs/include/px4_msgs/px4_msgs/msg/detail/sensor_gyro_fifo__rosidl_typesupport_introspection_cpp.hpp\n'}
[2.508470] (px4_msgs) StdoutLine: {'line': b'-- Up-to-date symlink: /home/maxim/super_ws/install/px4_msgs/include/px4_msgs/px4_msgs/msg/detail/sensor_hygrometer__rosidl_typesupport_introspection_cpp.hpp\n'}
[2.508580] (px4_msgs) StdoutLine: {'line': b'-- Up-to-date symlink: /home/maxim/super_ws/install/px4_msgs/include/px4_msgs/px4_msgs/msg/detail/sensor_mag__rosidl_typesupport_introspection_cpp.hpp\n'}
[2.508693] (px4_msgs) StdoutLine: {'line': b'-- Up-to-date symlink: /home/maxim/super_ws/install/px4_msgs/include/px4_msgs/px4_msgs/msg/detail/sensor_optical_flow__rosidl_typesupport_introspection_cpp.hpp\n'}
[2.508807] (px4_msgs) StdoutLine: {'line': b'-- Up-to-date symlink: /home/maxim/super_ws/install/px4_msgs/include/px4_msgs/px4_msgs/msg/detail/sensor_preflight_mag__rosidl_typesupport_introspection_cpp.hpp\n'}
[2.508918] (px4_msgs) StdoutLine: {'line': b'-- Up-to-date symlink: /home/maxim/super_ws/install/px4_msgs/include/px4_msgs/px4_msgs/msg/detail/sensor_selection__rosidl_typesupport_introspection_cpp.hpp\n'}
[2.509031] (px4_msgs) StdoutLine: {'line': b'-- Up-to-date symlink: /home/maxim/super_ws/install/px4_msgs/include/px4_msgs/px4_msgs/msg/detail/sensor_temp__rosidl_typesupport_introspection_cpp.hpp\n'}
[2.509149] (px4_msgs) StdoutLine: {'line': b'-- Up-to-date symlink: /home/maxim/super_ws/install/px4_msgs/include/px4_msgs/px4_msgs/msg/detail/sensor_uwb__rosidl_typesupport_introspection_cpp.hpp\n'}
[2.509258] (px4_msgs) StdoutLine: {'line': b'-- Up-to-date symlink: /home/maxim/super_ws/install/px4_msgs/include/px4_msgs/px4_msgs/msg/detail/sensors_status__rosidl_typesupport_introspection_cpp.hpp\n'}
[2.509371] (px4_msgs) StdoutLine: {'line': b'-- Up-to-date symlink: /home/maxim/super_ws/install/px4_msgs/include/px4_msgs/px4_msgs/msg/detail/sensors_status_imu__rosidl_typesupport_introspection_cpp.hpp\n'}
[2.509482] (px4_msgs) StdoutLine: {'line': b'-- Up-to-date symlink: /home/maxim/super_ws/install/px4_msgs/include/px4_msgs/px4_msgs/msg/detail/system_power__rosidl_typesupport_introspection_cpp.hpp\n'}
[2.509593] (px4_msgs) StdoutLine: {'line': b'-- Up-to-date symlink: /home/maxim/super_ws/install/px4_msgs/include/px4_msgs/px4_msgs/msg/detail/takeoff_status__rosidl_typesupport_introspection_cpp.hpp\n'}
[2.509705] (px4_msgs) StdoutLine: {'line': b'-- Up-to-date symlink: /home/maxim/super_ws/install/px4_msgs/include/px4_msgs/px4_msgs/msg/detail/target_gnss__rosidl_typesupport_introspection_cpp.hpp\n'}
[2.509815] (px4_msgs) StdoutLine: {'line': b'-- Up-to-date symlink: /home/maxim/super_ws/install/px4_msgs/include/px4_msgs/px4_msgs/msg/detail/task_stack_info__rosidl_typesupport_introspection_cpp.hpp\n'}
[2.509927] (px4_msgs) StdoutLine: {'line': b'-- Up-to-date symlink: /home/maxim/super_ws/install/px4_msgs/include/px4_msgs/px4_msgs/msg/detail/tecs_status__rosidl_typesupport_introspection_cpp.hpp\n'}
[2.510039] (px4_msgs) StdoutLine: {'line': b'-- Up-to-date symlink: /home/maxim/super_ws/install/px4_msgs/include/px4_msgs/px4_msgs/msg/detail/telemetry_status__rosidl_typesupport_introspection_cpp.hpp\n'}
[2.510155] (px4_msgs) StdoutLine: {'line': b'-- Up-to-date symlink: /home/maxim/super_ws/install/px4_msgs/include/px4_msgs/px4_msgs/msg/detail/tiltrotor_extra_controls__rosidl_typesupport_introspection_cpp.hpp\n'}
[2.510265] (px4_msgs) StdoutLine: {'line': b'-- Up-to-date symlink: /home/maxim/super_ws/install/px4_msgs/include/px4_msgs/px4_msgs/msg/detail/timesync_status__rosidl_typesupport_introspection_cpp.hpp\n'}
[2.510377] (px4_msgs) StdoutLine: {'line': b'-- Up-to-date symlink: /home/maxim/super_ws/install/px4_msgs/include/px4_msgs/px4_msgs/msg/detail/trajectory_setpoint6dof__rosidl_typesupport_introspection_cpp.hpp\n'}
[2.510488] (px4_msgs) StdoutLine: {'line': b'-- Up-to-date symlink: /home/maxim/super_ws/install/px4_msgs/include/px4_msgs/px4_msgs/msg/detail/trajectory_setpoint__rosidl_typesupport_introspection_cpp.hpp\n'}
[2.510601] (px4_msgs) StdoutLine: {'line': b'-- Up-to-date symlink: /home/maxim/super_ws/install/px4_msgs/include/px4_msgs/px4_msgs/msg/detail/transponder_report__rosidl_typesupport_introspection_cpp.hpp\n'}
[2.510710] (px4_msgs) StdoutLine: {'line': b'-- Up-to-date symlink: /home/maxim/super_ws/install/px4_msgs/include/px4_msgs/px4_msgs/msg/detail/tune_control__rosidl_typesupport_introspection_cpp.hpp\n'}
[2.510907] (px4_msgs) StdoutLine: {'line': b'-- Up-to-date symlink: /home/maxim/super_ws/install/px4_msgs/include/px4_msgs/px4_msgs/msg/detail/uavcan_parameter_request__rosidl_typesupport_introspection_cpp.hpp\n'}
[2.511020] (px4_msgs) StdoutLine: {'line': b'-- Up-to-date symlink: /home/maxim/super_ws/install/px4_msgs/include/px4_msgs/px4_msgs/msg/detail/uavcan_parameter_value__rosidl_typesupport_introspection_cpp.hpp\n'}
[2.511147] (px4_msgs) StdoutLine: {'line': b'-- Up-to-date symlink: /home/maxim/super_ws/install/px4_msgs/include/px4_msgs/px4_msgs/msg/detail/ulog_stream__rosidl_typesupport_introspection_cpp.hpp\n'}
[2.511252] (px4_msgs) StdoutLine: {'line': b'-- Up-to-date symlink: /home/maxim/super_ws/install/px4_msgs/include/px4_msgs/px4_msgs/msg/detail/ulog_stream_ack__rosidl_typesupport_introspection_cpp.hpp\n'}
[2.511357] (px4_msgs) StdoutLine: {'line': b'-- Up-to-date symlink: /home/maxim/super_ws/install/px4_msgs/include/px4_msgs/px4_msgs/msg/detail/unregister_ext_component__rosidl_typesupport_introspection_cpp.hpp\n'}
[2.511436] (px4_msgs) StdoutLine: {'line': b'-- Up-to-date symlink: /home/maxim/super_ws/install/px4_msgs/include/px4_msgs/px4_msgs/msg/detail/vehicle_acceleration__rosidl_typesupport_introspection_cpp.hpp\n'}
[2.511544] (px4_msgs) StdoutLine: {'line': b'-- Up-to-date symlink: /home/maxim/super_ws/install/px4_msgs/include/px4_msgs/px4_msgs/msg/detail/vehicle_air_data__rosidl_typesupport_introspection_cpp.hpp\n'}
[2.511627] (px4_msgs) StdoutLine: {'line': b'-- Up-to-date symlink: /home/maxim/super_ws/install/px4_msgs/include/px4_msgs/px4_msgs/msg/detail/vehicle_angular_acceleration_setpoint__rosidl_typesupport_introspection_cpp.hpp\n'}
[2.511738] (px4_msgs) StdoutLine: {'line': b'-- Up-to-date symlink: /home/maxim/super_ws/install/px4_msgs/include/px4_msgs/px4_msgs/msg/detail/vehicle_angular_velocity__rosidl_typesupport_introspection_cpp.hpp\n'}
[2.511850] (px4_msgs) StdoutLine: {'line': b'-- Up-to-date symlink: /home/maxim/super_ws/install/px4_msgs/include/px4_msgs/px4_msgs/msg/detail/vehicle_attitude__rosidl_typesupport_introspection_cpp.hpp\n'}
[2.512001] (px4_msgs) StdoutLine: {'line': b'-- Up-to-date symlink: /home/maxim/super_ws/install/px4_msgs/include/px4_msgs/px4_msgs/msg/detail/vehicle_attitude_setpoint__rosidl_typesupport_introspection_cpp.hpp\n'}
[2.512143] (px4_msgs) StdoutLine: {'line': b'-- Up-to-date symlink: /home/maxim/super_ws/install/px4_msgs/include/px4_msgs/px4_msgs/msg/detail/vehicle_command__rosidl_typesupport_introspection_cpp.hpp\n'}
[2.512316] (px4_msgs) StdoutLine: {'line': b'-- Up-to-date symlink: /home/maxim/super_ws/install/px4_msgs/include/px4_msgs/px4_msgs/msg/detail/vehicle_command_ack__rosidl_typesupport_introspection_cpp.hpp\n'}
[2.512514] (px4_msgs) StdoutLine: {'line': b'-- Up-to-date symlink: /home/maxim/super_ws/install/px4_msgs/include/px4_msgs/px4_msgs/msg/detail/vehicle_constraints__rosidl_typesupport_introspection_cpp.hpp\n'}
[2.512730] (px4_msgs) StdoutLine: {'line': b'-- Up-to-date symlink: /home/maxim/super_ws/install/px4_msgs/include/px4_msgs/px4_msgs/msg/detail/vehicle_control_mode__rosidl_typesupport_introspection_cpp.hpp\n'}
[2.512882] (px4_msgs) StdoutLine: {'line': b'-- Up-to-date symlink: /home/maxim/super_ws/install/px4_msgs/include/px4_msgs/px4_msgs/msg/detail/vehicle_global_position__rosidl_typesupport_introspection_cpp.hpp\n'}
[2.513028] (px4_msgs) StdoutLine: {'line': b'-- Up-to-date symlink: /home/maxim/super_ws/install/px4_msgs/include/px4_msgs/px4_msgs/msg/detail/vehicle_imu__rosidl_typesupport_introspection_cpp.hpp\n'}
[2.513186] (px4_msgs) StdoutLine: {'line': b'-- Up-to-date symlink: /home/maxim/super_ws/install/px4_msgs/include/px4_msgs/px4_msgs/msg/detail/vehicle_imu_status__rosidl_typesupport_introspection_cpp.hpp\n'}
[2.513341] (px4_msgs) StdoutLine: {'line': b'-- Up-to-date symlink: /home/maxim/super_ws/install/px4_msgs/include/px4_msgs/px4_msgs/msg/detail/vehicle_land_detected__rosidl_typesupport_introspection_cpp.hpp\n'}
[2.513527] (px4_msgs) StdoutLine: {'line': b'-- Up-to-date symlink: /home/maxim/super_ws/install/px4_msgs/include/px4_msgs/px4_msgs/msg/detail/vehicle_local_position__rosidl_typesupport_introspection_cpp.hpp\n'}
[2.513709] (px4_msgs) StdoutLine: {'line': b'-- Up-to-date symlink: /home/maxim/super_ws/install/px4_msgs/include/px4_msgs/px4_msgs/msg/detail/vehicle_local_position_setpoint__rosidl_typesupport_introspection_cpp.hpp\n'}
[2.513877] (px4_msgs) StdoutLine: {'line': b'-- Up-to-date symlink: /home/maxim/super_ws/install/px4_msgs/include/px4_msgs/px4_msgs/msg/detail/vehicle_magnetometer__rosidl_typesupport_introspection_cpp.hpp\n'}
[2.514032] (px4_msgs) StdoutLine: {'line': b'-- Up-to-date symlink: /home/maxim/super_ws/install/px4_msgs/include/px4_msgs/px4_msgs/msg/detail/vehicle_odometry__rosidl_typesupport_introspection_cpp.hpp\n'}
[2.514212] (px4_msgs) StdoutLine: {'line': b'-- Up-to-date symlink: /home/maxim/super_ws/install/px4_msgs/include/px4_msgs/px4_msgs/msg/detail/vehicle_optical_flow__rosidl_typesupport_introspection_cpp.hpp\n'}
[2.514473] (px4_msgs) StdoutLine: {'line': b'-- Up-to-date symlink: /home/maxim/super_ws/install/px4_msgs/include/px4_msgs/px4_msgs/msg/detail/vehicle_optical_flow_vel__rosidl_typesupport_introspection_cpp.hpp\n'}
[2.514649] (px4_msgs) StdoutLine: {'line': b'-- Up-to-date symlink: /home/maxim/super_ws/install/px4_msgs/include/px4_msgs/px4_msgs/msg/detail/vehicle_rates_setpoint__rosidl_typesupport_introspection_cpp.hpp\n'}
[2.514827] (px4_msgs) StdoutLine: {'line': b'-- Up-to-date symlink: /home/maxim/super_ws/install/px4_msgs/include/px4_msgs/px4_msgs/msg/detail/vehicle_roi__rosidl_typesupport_introspection_cpp.hpp\n'}
[2.514984] (px4_msgs) StdoutLine: {'line': b'-- Up-to-date symlink: /home/maxim/super_ws/install/px4_msgs/include/px4_msgs/px4_msgs/msg/detail/vehicle_status__rosidl_typesupport_introspection_cpp.hpp\n'}
[2.515165] (px4_msgs) StdoutLine: {'line': b'-- Up-to-date symlink: /home/maxim/super_ws/install/px4_msgs/include/px4_msgs/px4_msgs/msg/detail/vehicle_thrust_setpoint__rosidl_typesupport_introspection_cpp.hpp\n'}
[2.515335] (px4_msgs) StdoutLine: {'line': b'-- Up-to-date symlink: /home/maxim/super_ws/install/px4_msgs/include/px4_msgs/px4_msgs/msg/detail/vehicle_torque_setpoint__rosidl_typesupport_introspection_cpp.hpp\n'}
[2.515516] (px4_msgs) StdoutLine: {'line': b'-- Up-to-date symlink: /home/maxim/super_ws/install/px4_msgs/include/px4_msgs/px4_msgs/msg/detail/velocity_limits__rosidl_typesupport_introspection_cpp.hpp\n'}
[2.515663] (px4_msgs) StdoutLine: {'line': b'-- Up-to-date symlink: /home/maxim/super_ws/install/px4_msgs/include/px4_msgs/px4_msgs/msg/detail/vte_aid_source1d__rosidl_typesupport_introspection_cpp.hpp\n'}
[2.515788] (px4_msgs) StdoutLine: {'line': b'-- Up-to-date symlink: /home/maxim/super_ws/install/px4_msgs/include/px4_msgs/px4_msgs/msg/detail/vte_aid_source3d__rosidl_typesupport_introspection_cpp.hpp\n'}
[2.515940] (px4_msgs) StdoutLine: {'line': b'-- Up-to-date symlink: /home/maxim/super_ws/install/px4_msgs/include/px4_msgs/px4_msgs/msg/detail/vte_bias_init_status__rosidl_typesupport_introspection_cpp.hpp\n'}
[2.516129] (px4_msgs) StdoutLine: {'line': b'-- Up-to-date symlink: /home/maxim/super_ws/install/px4_msgs/include/px4_msgs/px4_msgs/msg/detail/vte_input__rosidl_typesupport_introspection_cpp.hpp\n'}
[2.516307] (px4_msgs) StdoutLine: {'line': b'-- Up-to-date symlink: /home/maxim/super_ws/install/px4_msgs/include/px4_msgs/px4_msgs/msg/detail/vte_orientation__rosidl_typesupport_introspection_cpp.hpp\n'}
[2.516491] (px4_msgs) StdoutLine: {'line': b'-- Up-to-date symlink: /home/maxim/super_ws/install/px4_msgs/include/px4_msgs/px4_msgs/msg/detail/vte_position__rosidl_typesupport_introspection_cpp.hpp\n'}
[2.516676] (px4_msgs) StdoutLine: {'line': b'-- Up-to-date symlink: /home/maxim/super_ws/install/px4_msgs/include/px4_msgs/px4_msgs/msg/detail/vtol_vehicle_status__rosidl_typesupport_introspection_cpp.hpp\n'}
[2.516871] (px4_msgs) StdoutLine: {'line': b'-- Up-to-date symlink: /home/maxim/super_ws/install/px4_msgs/include/px4_msgs/px4_msgs/msg/detail/vtx__rosidl_typesupport_introspection_cpp.hpp\n'}
[2.517040] (px4_msgs) StdoutLine: {'line': b'-- Up-to-date symlink: /home/maxim/super_ws/install/px4_msgs/include/px4_msgs/px4_msgs/msg/detail/wheel_encoders__rosidl_typesupport_introspection_cpp.hpp\n'}
[2.517219] (px4_msgs) StdoutLine: {'line': b'-- Up-to-date symlink: /home/maxim/super_ws/install/px4_msgs/include/px4_msgs/px4_msgs/msg/detail/wind__rosidl_typesupport_introspection_cpp.hpp\n'}
[2.517366] (px4_msgs) StdoutLine: {'line': b'-- Up-to-date symlink: /home/maxim/super_ws/install/px4_msgs/include/px4_msgs/px4_msgs/msg/detail/yaw_estimator_status__rosidl_typesupport_introspection_cpp.hpp\n'}
[2.517542] (px4_msgs) StdoutLine: {'line': b'-- Up-to-date symlink: /home/maxim/super_ws/install/px4_msgs/include/px4_msgs/px4_msgs/srv/detail/vehicle_command__rosidl_typesupport_introspection_cpp.hpp\n'}
[2.517808] (px4_msgs) StdoutLine: {'line': b'-- Up-to-date symlink: /home/maxim/super_ws/install/px4_msgs/share/px4_msgs/environment/pythonpath.sh\n'}
[2.518022] (px4_msgs) StdoutLine: {'line': b'-- Up-to-date symlink: /home/maxim/super_ws/install/px4_msgs/share/px4_msgs/environment/pythonpath.dsv\n'}
[2.518624] (px4_msgs) StdoutLine: {'line': b'-- Up-to-date symlink: /home/maxim/super_ws/install/px4_msgs/lib/python3.12/site-packages/px4_msgs-2.0.1-py3.12.egg-info/PKG-INFO\n'}
[2.518778] (px4_msgs) StdoutLine: {'line': b'-- Up-to-date symlink: /home/maxim/super_ws/install/px4_msgs/lib/python3.12/site-packages/px4_msgs-2.0.1-py3.12.egg-info/SOURCES.txt\n'}
[2.518962] (px4_msgs) StdoutLine: {'line': b'-- Up-to-date symlink: /home/maxim/super_ws/install/px4_msgs/lib/python3.12/site-packages/px4_msgs-2.0.1-py3.12.egg-info/dependency_links.txt\n'}
[2.519205] (px4_msgs) StdoutLine: {'line': b'-- Up-to-date symlink: /home/maxim/super_ws/install/px4_msgs/lib/python3.12/site-packages/px4_msgs-2.0.1-py3.12.egg-info/top_level.txt\n'}
[2.524741] (px4_msgs) StdoutLine: {'line': b'-- Up-to-date symlink: /home/maxim/super_ws/install/px4_msgs/lib/python3.12/site-packages/px4_msgs/__init__.py\n'}
[2.524978] (px4_msgs) StdoutLine: {'line': b'-- Up-to-date symlink: /home/maxim/super_ws/install/px4_msgs/lib/python3.12/site-packages/px4_msgs/_px4_msgs_s.ep.rosidl_typesupport_c.c\n'}
[2.525175] (px4_msgs) StdoutLine: {'line': b'-- Up-to-date symlink: /home/maxim/super_ws/install/px4_msgs/lib/python3.12/site-packages/px4_msgs/_px4_msgs_s.ep.rosidl_typesupport_fastrtps_c.c\n'}
[2.525364] (px4_msgs) StdoutLine: {'line': b'-- Up-to-date symlink: /home/maxim/super_ws/install/px4_msgs/lib/python3.12/site-packages/px4_msgs/_px4_msgs_s.ep.rosidl_typesupport_introspection_c.c\n'}
[2.525970] (px4_msgs) StdoutLine: {'line': b'-- Up-to-date symlink: /home/maxim/super_ws/install/px4_msgs/lib/python3.12/site-packages/px4_msgs/msg/__init__.py\n'}
[2.526207] (px4_msgs) StdoutLine: {'line': b'-- Up-to-date symlink: /home/maxim/super_ws/install/px4_msgs/lib/python3.12/site-packages/px4_msgs/msg/_action_request.py\n'}
[2.526531] (px4_msgs) StdoutLine: {'line': b'-- Up-to-date symlink: /home/maxim/super_ws/install/px4_msgs/lib/python3.12/site-packages/px4_msgs/msg/_action_request_s.c\n'}
[2.526822] (px4_msgs) StdoutLine: {'line': b'-- Up-to-date symlink: /home/maxim/super_ws/install/px4_msgs/lib/python3.12/site-packages/px4_msgs/msg/_actuator_armed.py\n'}
[2.527105] (px4_msgs) StdoutLine: {'line': b'-- Up-to-date symlink: /home/maxim/super_ws/install/px4_msgs/lib/python3.12/site-packages/px4_msgs/msg/_actuator_armed_s.c\n'}
[2.527322] (px4_msgs) StdoutLine: {'line': b'-- Up-to-date symlink: /home/maxim/super_ws/install/px4_msgs/lib/python3.12/site-packages/px4_msgs/msg/_actuator_controls_status.py\n'}
[2.527505] (px4_msgs) StdoutLine: {'line': b'-- Up-to-date symlink: /home/maxim/super_ws/install/px4_msgs/lib/python3.12/site-packages/px4_msgs/msg/_actuator_controls_status_s.c\n'}
[2.527649] (px4_msgs) StdoutLine: {'line': b'-- Up-to-date symlink: /home/maxim/super_ws/install/px4_msgs/lib/python3.12/site-packages/px4_msgs/msg/_actuator_motors.py\n'}
[2.527830] (px4_msgs) StdoutLine: {'line': b'-- Up-to-date symlink: /home/maxim/super_ws/install/px4_msgs/lib/python3.12/site-packages/px4_msgs/msg/_actuator_motors_s.c\n'}
[2.527999] (px4_msgs) StdoutLine: {'line': b'-- Up-to-date symlink: /home/maxim/super_ws/install/px4_msgs/lib/python3.12/site-packages/px4_msgs/msg/_actuator_outputs.py\n'}
[2.528507] (px4_msgs) StdoutLine: {'line': b'-- Up-to-date symlink: /home/maxim/super_ws/install/px4_msgs/lib/python3.12/site-packages/px4_msgs/msg/_actuator_outputs_s.c\n'}
[2.528600] (px4_msgs) StdoutLine: {'line': b'-- Up-to-date symlink: /home/maxim/super_ws/install/px4_msgs/lib/python3.12/site-packages/px4_msgs/msg/_actuator_servos.py\n'}
[2.528687] (px4_msgs) StdoutLine: {'line': b'-- Up-to-date symlink: /home/maxim/super_ws/install/px4_msgs/lib/python3.12/site-packages/px4_msgs/msg/_actuator_servos_s.c\n'}
[2.528770] (px4_msgs) StdoutLine: {'line': b'-- Up-to-date symlink: /home/maxim/super_ws/install/px4_msgs/lib/python3.12/site-packages/px4_msgs/msg/_actuator_servos_trim.py\n'}
[2.528846] (px4_msgs) StdoutLine: {'line': b'-- Up-to-date symlink: /home/maxim/super_ws/install/px4_msgs/lib/python3.12/site-packages/px4_msgs/msg/_actuator_servos_trim_s.c\n'}
[2.528935] (px4_msgs) StdoutLine: {'line': b'-- Up-to-date symlink: /home/maxim/super_ws/install/px4_msgs/lib/python3.12/site-packages/px4_msgs/msg/_actuator_test.py\n'}
[2.529021] (px4_msgs) StdoutLine: {'line': b'-- Up-to-date symlink: /home/maxim/super_ws/install/px4_msgs/lib/python3.12/site-packages/px4_msgs/msg/_actuator_test_s.c\n'}
[2.529227] (px4_msgs) StdoutLine: {'line': b'-- Up-to-date symlink: /home/maxim/super_ws/install/px4_msgs/lib/python3.12/site-packages/px4_msgs/msg/_adc_report.py\n'}
[2.529346] (px4_msgs) StdoutLine: {'line': b'-- Up-to-date symlink: /home/maxim/super_ws/install/px4_msgs/lib/python3.12/site-packages/px4_msgs/msg/_adc_report_s.c\n'}
[2.529470] (px4_msgs) StdoutLine: {'line': b'-- Up-to-date symlink: /home/maxim/super_ws/install/px4_msgs/lib/python3.12/site-packages/px4_msgs/msg/_airspeed.py\n'}
[2.529608] (px4_msgs) StdoutLine: {'line': b'-- Up-to-date symlink: /home/maxim/super_ws/install/px4_msgs/lib/python3.12/site-packages/px4_msgs/msg/_airspeed_s.c\n'}
[2.529684] (px4_msgs) StdoutLine: {'line': b'-- Up-to-date symlink: /home/maxim/super_ws/install/px4_msgs/lib/python3.12/site-packages/px4_msgs/msg/_airspeed_validated.py\n'}
[2.529760] (px4_msgs) StdoutLine: {'line': b'-- Up-to-date symlink: /home/maxim/super_ws/install/px4_msgs/lib/python3.12/site-packages/px4_msgs/msg/_airspeed_validated_s.c\n'}
[2.529867] (px4_msgs) StdoutLine: {'line': b'-- Up-to-date symlink: /home/maxim/super_ws/install/px4_msgs/lib/python3.12/site-packages/px4_msgs/msg/_airspeed_wind.py\n'}
[2.530038] (px4_msgs) StdoutLine: {'line': b'-- Up-to-date symlink: /home/maxim/super_ws/install/px4_msgs/lib/python3.12/site-packages/px4_msgs/msg/_airspeed_wind_s.c\n'}
[2.530157] (px4_msgs) StdoutLine: {'line': b'-- Up-to-date symlink: /home/maxim/super_ws/install/px4_msgs/lib/python3.12/site-packages/px4_msgs/msg/_arming_check_reply.py\n'}
[2.530325] (px4_msgs) StdoutLine: {'line': b'-- Up-to-date symlink: /home/maxim/super_ws/install/px4_msgs/lib/python3.12/site-packages/px4_msgs/msg/_arming_check_reply_s.c\n'}
[2.530430] (px4_msgs) StdoutLine: {'line': b'-- Up-to-date symlink: /home/maxim/super_ws/install/px4_msgs/lib/python3.12/site-packages/px4_msgs/msg/_arming_check_request.py\n'}
[2.530596] (px4_msgs) StdoutLine: {'line': b'-- Up-to-date symlink: /home/maxim/super_ws/install/px4_msgs/lib/python3.12/site-packages/px4_msgs/msg/_arming_check_request_s.c\n'}
[2.530710] (px4_msgs) StdoutLine: {'line': b'-- Up-to-date symlink: /home/maxim/super_ws/install/px4_msgs/lib/python3.12/site-packages/px4_msgs/msg/_autotune_attitude_control_status.py\n'}
[2.530923] (px4_msgs) StdoutLine: {'line': b'-- Up-to-date symlink: /home/maxim/super_ws/install/px4_msgs/lib/python3.12/site-packages/px4_msgs/msg/_autotune_attitude_control_status_s.c\n'}
[2.531058] (px4_msgs) StdoutLine: {'line': b'-- Up-to-date symlink: /home/maxim/super_ws/install/px4_msgs/lib/python3.12/site-packages/px4_msgs/msg/_aux_global_position.py\n'}
[2.531242] (px4_msgs) StdoutLine: {'line': b'-- Up-to-date symlink: /home/maxim/super_ws/install/px4_msgs/lib/python3.12/site-packages/px4_msgs/msg/_aux_global_position_s.c\n'}
[2.531484] (px4_msgs) StdoutLine: {'line': b'-- Up-to-date symlink: /home/maxim/super_ws/install/px4_msgs/lib/python3.12/site-packages/px4_msgs/msg/_battery_info.py\n'}
[2.531713] (px4_msgs) StdoutLine: {'line': b'-- Up-to-date symlink: /home/maxim/super_ws/install/px4_msgs/lib/python3.12/site-packages/px4_msgs/msg/_battery_info_s.c\n'}
[2.531937] (px4_msgs) StdoutLine: {'line': b'-- Up-to-date symlink: /home/maxim/super_ws/install/px4_msgs/lib/python3.12/site-packages/px4_msgs/msg/_battery_status.py\n'}
[2.532095] (px4_msgs) StdoutLine: {'line': b'-- Up-to-date symlink: /home/maxim/super_ws/install/px4_msgs/lib/python3.12/site-packages/px4_msgs/msg/_battery_status_s.c\n'}
[2.532300] (px4_msgs) StdoutLine: {'line': b'-- Up-to-date symlink: /home/maxim/super_ws/install/px4_msgs/lib/python3.12/site-packages/px4_msgs/msg/_button_event.py\n'}
[2.532460] (px4_msgs) StdoutLine: {'line': b'-- Up-to-date symlink: /home/maxim/super_ws/install/px4_msgs/lib/python3.12/site-packages/px4_msgs/msg/_button_event_s.c\n'}
[2.532616] (px4_msgs) StdoutLine: {'line': b'-- Up-to-date symlink: /home/maxim/super_ws/install/px4_msgs/lib/python3.12/site-packages/px4_msgs/msg/_camera_capture.py\n'}
[2.532797] (px4_msgs) StdoutLine: {'line': b'-- Up-to-date symlink: /home/maxim/super_ws/install/px4_msgs/lib/python3.12/site-packages/px4_msgs/msg/_camera_capture_s.c\n'}
[2.532874] (px4_msgs) StdoutLine: {'line': b'-- Up-to-date symlink: /home/maxim/super_ws/install/px4_msgs/lib/python3.12/site-packages/px4_msgs/msg/_camera_status.py\n'}
[2.533059] (px4_msgs) StdoutLine: {'line': b'-- Up-to-date symlink: /home/maxim/super_ws/install/px4_msgs/lib/python3.12/site-packages/px4_msgs/msg/_camera_status_s.c\n'}
[2.533274] (px4_msgs) StdoutLine: {'line': b'-- Up-to-date symlink: /home/maxim/super_ws/install/px4_msgs/lib/python3.12/site-packages/px4_msgs/msg/_camera_trigger.py\n'}
[2.533441] (px4_msgs) StdoutLine: {'line': b'-- Up-to-date symlink: /home/maxim/super_ws/install/px4_msgs/lib/python3.12/site-packages/px4_msgs/msg/_camera_trigger_s.c\n'}
[2.533619] (px4_msgs) StdoutLine: {'line': b'-- Up-to-date symlink: /home/maxim/super_ws/install/px4_msgs/lib/python3.12/site-packages/px4_msgs/msg/_can_interface_status.py\n'}
[2.533759] (px4_msgs) StdoutLine: {'line': b'-- Up-to-date symlink: /home/maxim/super_ws/install/px4_msgs/lib/python3.12/site-packages/px4_msgs/msg/_can_interface_status_s.c\n'}
[2.533930] (px4_msgs) StdoutLine: {'line': b'-- Up-to-date symlink: /home/maxim/super_ws/install/px4_msgs/lib/python3.12/site-packages/px4_msgs/msg/_cellular_status.py\n'}
[2.534014] (px4_msgs) StdoutLine: {'line': b'-- Up-to-date symlink: /home/maxim/super_ws/install/px4_msgs/lib/python3.12/site-packages/px4_msgs/msg/_cellular_status_s.c\n'}
[2.534240] (px4_msgs) StdoutLine: {'line': b'-- Up-to-date symlink: /home/maxim/super_ws/install/px4_msgs/lib/python3.12/site-packages/px4_msgs/msg/_collision_constraints.py\n'}
[2.534346] (px4_msgs) StdoutLine: {'line': b'-- Up-to-date symlink: /home/maxim/super_ws/install/px4_msgs/lib/python3.12/site-packages/px4_msgs/msg/_collision_constraints_s.c\n'}
[2.534563] (px4_msgs) StdoutLine: {'line': b'-- Up-to-date symlink: /home/maxim/super_ws/install/px4_msgs/lib/python3.12/site-packages/px4_msgs/msg/_config_overrides.py\n'}
[2.534698] (px4_msgs) StdoutLine: {'line': b'-- Up-to-date symlink: /home/maxim/super_ws/install/px4_msgs/lib/python3.12/site-packages/px4_msgs/msg/_config_overrides_s.c\n'}
[2.534836] (px4_msgs) StdoutLine: {'line': b'-- Up-to-date symlink: /home/maxim/super_ws/install/px4_msgs/lib/python3.12/site-packages/px4_msgs/msg/_control_allocator_status.py\n'}
[2.534915] (px4_msgs) StdoutLine: {'line': b'-- Up-to-date symlink: /home/maxim/super_ws/install/px4_msgs/lib/python3.12/site-packages/px4_msgs/msg/_control_allocator_status_s.c\n'}
[2.534986] (px4_msgs) StdoutLine: {'line': b'-- Up-to-date symlink: /home/maxim/super_ws/install/px4_msgs/lib/python3.12/site-packages/px4_msgs/msg/_cpuload.py\n'}
[2.535139] (px4_msgs) StdoutLine: {'line': b'-- Up-to-date symlink: /home/maxim/super_ws/install/px4_msgs/lib/python3.12/site-packages/px4_msgs/msg/_cpuload_s.c\n'}
[2.535216] (px4_msgs) StdoutLine: {'line': b'-- Up-to-date symlink: /home/maxim/super_ws/install/px4_msgs/lib/python3.12/site-packages/px4_msgs/msg/_dataman_request.py\n'}
[2.535309] (px4_msgs) StdoutLine: {'line': b'-- Up-to-date symlink: /home/maxim/super_ws/install/px4_msgs/lib/python3.12/site-packages/px4_msgs/msg/_dataman_request_s.c\n'}
[2.535443] (px4_msgs) StdoutLine: {'line': b'-- Up-to-date symlink: /home/maxim/super_ws/install/px4_msgs/lib/python3.12/site-packages/px4_msgs/msg/_dataman_response.py\n'}
[2.535526] (px4_msgs) StdoutLine: {'line': b'-- Up-to-date symlink: /home/maxim/super_ws/install/px4_msgs/lib/python3.12/site-packages/px4_msgs/msg/_dataman_response_s.c\n'}
[2.535634] (px4_msgs) StdoutLine: {'line': b'-- Up-to-date symlink: /home/maxim/super_ws/install/px4_msgs/lib/python3.12/site-packages/px4_msgs/msg/_debug_array.py\n'}
[2.535709] (px4_msgs) StdoutLine: {'line': b'-- Up-to-date symlink: /home/maxim/super_ws/install/px4_msgs/lib/python3.12/site-packages/px4_msgs/msg/_debug_array_s.c\n'}
[2.535839] (px4_msgs) StdoutLine: {'line': b'-- Up-to-date symlink: /home/maxim/super_ws/install/px4_msgs/lib/python3.12/site-packages/px4_msgs/msg/_debug_key_value.py\n'}
[2.535998] (px4_msgs) StdoutLine: {'line': b'-- Up-to-date symlink: /home/maxim/super_ws/install/px4_msgs/lib/python3.12/site-packages/px4_msgs/msg/_debug_key_value_s.c\n'}
[2.536135] (px4_msgs) StdoutLine: {'line': b'-- Up-to-date symlink: /home/maxim/super_ws/install/px4_msgs/lib/python3.12/site-packages/px4_msgs/msg/_debug_value.py\n'}
[2.536268] (px4_msgs) StdoutLine: {'line': b'-- Up-to-date symlink: /home/maxim/super_ws/install/px4_msgs/lib/python3.12/site-packages/px4_msgs/msg/_debug_value_s.c\n'}
[2.536370] (px4_msgs) StdoutLine: {'line': b'-- Up-to-date symlink: /home/maxim/super_ws/install/px4_msgs/lib/python3.12/site-packages/px4_msgs/msg/_debug_vect.py\n'}
[2.536467] (px4_msgs) StdoutLine: {'line': b'-- Up-to-date symlink: /home/maxim/super_ws/install/px4_msgs/lib/python3.12/site-packages/px4_msgs/msg/_debug_vect_s.c\n'}
[2.536577] (px4_msgs) StdoutLine: {'line': b'-- Up-to-date symlink: /home/maxim/super_ws/install/px4_msgs/lib/python3.12/site-packages/px4_msgs/msg/_device_information.py\n'}
[2.536657] (px4_msgs) StdoutLine: {'line': b'-- Up-to-date symlink: /home/maxim/super_ws/install/px4_msgs/lib/python3.12/site-packages/px4_msgs/msg/_device_information_s.c\n'}
[2.536776] (px4_msgs) StdoutLine: {'line': b'-- Up-to-date symlink: /home/maxim/super_ws/install/px4_msgs/lib/python3.12/site-packages/px4_msgs/msg/_differential_pressure.py\n'}
[2.536942] (px4_msgs) StdoutLine: {'line': b'-- Up-to-date symlink: /home/maxim/super_ws/install/px4_msgs/lib/python3.12/site-packages/px4_msgs/msg/_differential_pressure_s.c\n'}
[2.537015] (px4_msgs) StdoutLine: {'line': b'-- Up-to-date symlink: /home/maxim/super_ws/install/px4_msgs/lib/python3.12/site-packages/px4_msgs/msg/_distance_sensor.py\n'}
[2.537267] (px4_msgs) StdoutLine: {'line': b'-- Up-to-date symlink: /home/maxim/super_ws/install/px4_msgs/lib/python3.12/site-packages/px4_msgs/msg/_distance_sensor_mode_change_request.py\n'}
[2.537451] (px4_msgs) StdoutLine: {'line': b'-- Up-to-date symlink: /home/maxim/super_ws/install/px4_msgs/lib/python3.12/site-packages/px4_msgs/msg/_distance_sensor_mode_change_request_s.c\n'}
[2.537596] (px4_msgs) StdoutLine: {'line': b'-- Up-to-date symlink: /home/maxim/super_ws/install/px4_msgs/lib/python3.12/site-packages/px4_msgs/msg/_distance_sensor_s.c\n'}
[2.537841] (px4_msgs) StdoutLine: {'line': b'-- Up-to-date symlink: /home/maxim/super_ws/install/px4_msgs/lib/python3.12/site-packages/px4_msgs/msg/_dronecan_node_status.py\n'}
[2.538011] (px4_msgs) StdoutLine: {'line': b'-- Up-to-date symlink: /home/maxim/super_ws/install/px4_msgs/lib/python3.12/site-packages/px4_msgs/msg/_dronecan_node_status_s.c\n'}
[2.538305] (px4_msgs) StdoutLine: {'line': b'-- Up-to-date symlink: /home/maxim/super_ws/install/px4_msgs/lib/python3.12/site-packages/px4_msgs/msg/_ekf2_timestamps.py\n'}
[2.538467] (px4_msgs) StdoutLine: {'line': b'-- Up-to-date symlink: /home/maxim/super_ws/install/px4_msgs/lib/python3.12/site-packages/px4_msgs/msg/_ekf2_timestamps_s.c\n'}
[2.538668] (px4_msgs) StdoutLine: {'line': b'-- Up-to-date symlink: /home/maxim/super_ws/install/px4_msgs/lib/python3.12/site-packages/px4_msgs/msg/_esc_eeprom_read.py\n'}
[2.538835] (px4_msgs) StdoutLine: {'line': b'-- Up-to-date symlink: /home/maxim/super_ws/install/px4_msgs/lib/python3.12/site-packages/px4_msgs/msg/_esc_eeprom_read_s.c\n'}
[2.538971] (px4_msgs) StdoutLine: {'line': b'-- Up-to-date symlink: /home/maxim/super_ws/install/px4_msgs/lib/python3.12/site-packages/px4_msgs/msg/_esc_eeprom_write.py\n'}
[2.539202] (px4_msgs) StdoutLine: {'line': b'-- Up-to-date symlink: /home/maxim/super_ws/install/px4_msgs/lib/python3.12/site-packages/px4_msgs/msg/_esc_eeprom_write_s.c\n'}
[2.539371] (px4_msgs) StdoutLine: {'line': b'-- Up-to-date symlink: /home/maxim/super_ws/install/px4_msgs/lib/python3.12/site-packages/px4_msgs/msg/_esc_report.py\n'}
[2.539469] (px4_msgs) StdoutLine: {'line': b'-- Up-to-date symlink: /home/maxim/super_ws/install/px4_msgs/lib/python3.12/site-packages/px4_msgs/msg/_esc_report_s.c\n'}
[2.539666] (px4_msgs) StdoutLine: {'line': b'-- Up-to-date symlink: /home/maxim/super_ws/install/px4_msgs/lib/python3.12/site-packages/px4_msgs/msg/_esc_status.py\n'}
[2.539868] (px4_msgs) StdoutLine: {'line': b'-- Up-to-date symlink: /home/maxim/super_ws/install/px4_msgs/lib/python3.12/site-packages/px4_msgs/msg/_esc_status_s.c\n'}
[2.540004] (px4_msgs) StdoutLine: {'line': b'-- Up-to-date symlink: /home/maxim/super_ws/install/px4_msgs/lib/python3.12/site-packages/px4_msgs/msg/_estimator_aid_source1d.py\n'}
[2.540202] (px4_msgs) StdoutLine: {'line': b'-- Up-to-date symlink: /home/maxim/super_ws/install/px4_msgs/lib/python3.12/site-packages/px4_msgs/msg/_estimator_aid_source1d_s.c\n'}
[2.540349] (px4_msgs) StdoutLine: {'line': b'-- Up-to-date symlink: /home/maxim/super_ws/install/px4_msgs/lib/python3.12/site-packages/px4_msgs/msg/_estimator_aid_source2d.py\n'}
[2.540518] (px4_msgs) StdoutLine: {'line': b'-- Up-to-date symlink: /home/maxim/super_ws/install/px4_msgs/lib/python3.12/site-packages/px4_msgs/msg/_estimator_aid_source2d_s.c\n'}
[2.540662] (px4_msgs) StdoutLine: {'line': b'-- Up-to-date symlink: /home/maxim/super_ws/install/px4_msgs/lib/python3.12/site-packages/px4_msgs/msg/_estimator_aid_source3d.py\n'}
[2.540815] (px4_msgs) StdoutLine: {'line': b'-- Up-to-date symlink: /home/maxim/super_ws/install/px4_msgs/lib/python3.12/site-packages/px4_msgs/msg/_estimator_aid_source3d_s.c\n'}
[2.540984] (px4_msgs) StdoutLine: {'line': b'-- Up-to-date symlink: /home/maxim/super_ws/install/px4_msgs/lib/python3.12/site-packages/px4_msgs/msg/_estimator_bias.py\n'}
[2.541216] (px4_msgs) StdoutLine: {'line': b'-- Up-to-date symlink: /home/maxim/super_ws/install/px4_msgs/lib/python3.12/site-packages/px4_msgs/msg/_estimator_bias3d.py\n'}
[2.541355] (px4_msgs) StdoutLine: {'line': b'-- Up-to-date symlink: /home/maxim/super_ws/install/px4_msgs/lib/python3.12/site-packages/px4_msgs/msg/_estimator_bias3d_s.c\n'}
[2.541493] (px4_msgs) StdoutLine: {'line': b'-- Up-to-date symlink: /home/maxim/super_ws/install/px4_msgs/lib/python3.12/site-packages/px4_msgs/msg/_estimator_bias_s.c\n'}
[2.541661] (px4_msgs) StdoutLine: {'line': b'-- Up-to-date symlink: /home/maxim/super_ws/install/px4_msgs/lib/python3.12/site-packages/px4_msgs/msg/_estimator_event_flags.py\n'}
[2.541834] (px4_msgs) StdoutLine: {'line': b'-- Up-to-date symlink: /home/maxim/super_ws/install/px4_msgs/lib/python3.12/site-packages/px4_msgs/msg/_estimator_event_flags_s.c\n'}
[2.541978] (px4_msgs) StdoutLine: {'line': b'-- Up-to-date symlink: /home/maxim/super_ws/install/px4_msgs/lib/python3.12/site-packages/px4_msgs/msg/_estimator_fusion_control.py\n'}
[2.542113] (px4_msgs) StdoutLine: {'line': b'-- Up-to-date symlink: /home/maxim/super_ws/install/px4_msgs/lib/python3.12/site-packages/px4_msgs/msg/_estimator_fusion_control_s.c\n'}
[2.542325] (px4_msgs) StdoutLine: {'line': b'-- Up-to-date symlink: /home/maxim/super_ws/install/px4_msgs/lib/python3.12/site-packages/px4_msgs/msg/_estimator_gps_status.py\n'}
[2.542596] (px4_msgs) StdoutLine: {'line': b'-- Up-to-date symlink: /home/maxim/super_ws/install/px4_msgs/lib/python3.12/site-packages/px4_msgs/msg/_estimator_gps_status_s.c\n'}
[2.542746] (px4_msgs) StdoutLine: {'line': b'-- Up-to-date symlink: /home/maxim/super_ws/install/px4_msgs/lib/python3.12/site-packages/px4_msgs/msg/_estimator_innovations.py\n'}
[2.542974] (px4_msgs) StdoutLine: {'line': b'-- Up-to-date symlink: /home/maxim/super_ws/install/px4_msgs/lib/python3.12/site-packages/px4_msgs/msg/_estimator_innovations_s.c\n'}
[2.543275] (px4_msgs) StdoutLine: {'line': b'-- Up-to-date symlink: /home/maxim/super_ws/install/px4_msgs/lib/python3.12/site-packages/px4_msgs/msg/_estimator_selector_status.py\n'}
[2.543400] (px4_msgs) StdoutLine: {'line': b'-- Up-to-date symlink: /home/maxim/super_ws/install/px4_msgs/lib/python3.12/site-packages/px4_msgs/msg/_estimator_selector_status_s.c\n'}
[2.543600] (px4_msgs) StdoutLine: {'line': b'-- Up-to-date symlink: /home/maxim/super_ws/install/px4_msgs/lib/python3.12/site-packages/px4_msgs/msg/_estimator_sensor_bias.py\n'}
[2.543801] (px4_msgs) StdoutLine: {'line': b'-- Up-to-date symlink: /home/maxim/super_ws/install/px4_msgs/lib/python3.12/site-packages/px4_msgs/msg/_estimator_sensor_bias_s.c\n'}
[2.544007] (px4_msgs) StdoutLine: {'line': b'-- Up-to-date symlink: /home/maxim/super_ws/install/px4_msgs/lib/python3.12/site-packages/px4_msgs/msg/_estimator_states.py\n'}
[2.544223] (px4_msgs) StdoutLine: {'line': b'-- Up-to-date symlink: /home/maxim/super_ws/install/px4_msgs/lib/python3.12/site-packages/px4_msgs/msg/_estimator_states_s.c\n'}
[2.544374] (px4_msgs) StdoutLine: {'line': b'-- Up-to-date symlink: /home/maxim/super_ws/install/px4_msgs/lib/python3.12/site-packages/px4_msgs/msg/_estimator_status.py\n'}
[2.544537] (px4_msgs) StdoutLine: {'line': b'-- Up-to-date symlink: /home/maxim/super_ws/install/px4_msgs/lib/python3.12/site-packages/px4_msgs/msg/_estimator_status_flags.py\n'}
[2.544705] (px4_msgs) StdoutLine: {'line': b'-- Up-to-date symlink: /home/maxim/super_ws/install/px4_msgs/lib/python3.12/site-packages/px4_msgs/msg/_estimator_status_flags_s.c\n'}
[2.544869] (px4_msgs) StdoutLine: {'line': b'-- Up-to-date symlink: /home/maxim/super_ws/install/px4_msgs/lib/python3.12/site-packages/px4_msgs/msg/_estimator_status_s.c\n'}
[2.545031] (px4_msgs) StdoutLine: {'line': b'-- Up-to-date symlink: /home/maxim/super_ws/install/px4_msgs/lib/python3.12/site-packages/px4_msgs/msg/_event.py\n'}
[2.545191] (px4_msgs) StdoutLine: {'line': b'-- Up-to-date symlink: /home/maxim/super_ws/install/px4_msgs/lib/python3.12/site-packages/px4_msgs/msg/_event_s.c\n'}
[2.545391] (px4_msgs) StdoutLine: {'line': b'-- Up-to-date symlink: /home/maxim/super_ws/install/px4_msgs/lib/python3.12/site-packages/px4_msgs/msg/_failsafe_flags.py\n'}
[2.545681] (px4_msgs) StdoutLine: {'line': b'-- Up-to-date symlink: /home/maxim/super_ws/install/px4_msgs/lib/python3.12/site-packages/px4_msgs/msg/_failsafe_flags_s.c\n'}
[2.545917] (px4_msgs) StdoutLine: {'line': b'-- Up-to-date symlink: /home/maxim/super_ws/install/px4_msgs/lib/python3.12/site-packages/px4_msgs/msg/_failure_detector_status.py\n'}
[2.546109] (px4_msgs) StdoutLine: {'line': b'-- Up-to-date symlink: /home/maxim/super_ws/install/px4_msgs/lib/python3.12/site-packages/px4_msgs/msg/_failure_detector_status_s.c\n'}
[2.546383] (px4_msgs) StdoutLine: {'line': b'-- Up-to-date symlink: /home/maxim/super_ws/install/px4_msgs/lib/python3.12/site-packages/px4_msgs/msg/_fiducial_marker_pos_report.py\n'}
[2.546584] (px4_msgs) StdoutLine: {'line': b'-- Up-to-date symlink: /home/maxim/super_ws/install/px4_msgs/lib/python3.12/site-packages/px4_msgs/msg/_fiducial_marker_pos_report_s.c\n'}
[2.546779] (px4_msgs) StdoutLine: {'line': b'-- Up-to-date symlink: /home/maxim/super_ws/install/px4_msgs/lib/python3.12/site-packages/px4_msgs/msg/_fiducial_marker_yaw_report.py\n'}
[2.546940] (px4_msgs) StdoutLine: {'line': b'-- Up-to-date symlink: /home/maxim/super_ws/install/px4_msgs/lib/python3.12/site-packages/px4_msgs/msg/_fiducial_marker_yaw_report_s.c\n'}
[2.547138] (px4_msgs) StdoutLine: {'line': b'-- Up-to-date symlink: /home/maxim/super_ws/install/px4_msgs/lib/python3.12/site-packages/px4_msgs/msg/_figure_eight_status.py\n'}
[2.547340] (px4_msgs) StdoutLine: {'line': b'-- Up-to-date symlink: /home/maxim/super_ws/install/px4_msgs/lib/python3.12/site-packages/px4_msgs/msg/_figure_eight_status_s.c\n'}
[2.547484] (px4_msgs) StdoutLine: {'line': b'-- Up-to-date symlink: /home/maxim/super_ws/install/px4_msgs/lib/python3.12/site-packages/px4_msgs/msg/_fixed_wing_lateral_guidance_status.py\n'}
[2.547651] (px4_msgs) StdoutLine: {'line': b'-- Up-to-date symlink: /home/maxim/super_ws/install/px4_msgs/lib/python3.12/site-packages/px4_msgs/msg/_fixed_wing_lateral_guidance_status_s.c\n'}
[2.547799] (px4_msgs) StdoutLine: {'line': b'-- Up-to-date symlink: /home/maxim/super_ws/install/px4_msgs/lib/python3.12/site-packages/px4_msgs/msg/_fixed_wing_lateral_setpoint.py\n'}
[2.548002] (px4_msgs) StdoutLine: {'line': b'-- Up-to-date symlink: /home/maxim/super_ws/install/px4_msgs/lib/python3.12/site-packages/px4_msgs/msg/_fixed_wing_lateral_setpoint_s.c\n'}
[2.548191] (px4_msgs) StdoutLine: {'line': b'-- Up-to-date symlink: /home/maxim/super_ws/install/px4_msgs/lib/python3.12/site-packages/px4_msgs/msg/_fixed_wing_lateral_status.py\n'}
[2.548338] (px4_msgs) StdoutLine: {'line': b'-- Up-to-date symlink: /home/maxim/super_ws/install/px4_msgs/lib/python3.12/site-packages/px4_msgs/msg/_fixed_wing_lateral_status_s.c\n'}
[2.548423] (px4_msgs) StdoutLine: {'line': b'-- Up-to-date symlink: /home/maxim/super_ws/install/px4_msgs/lib/python3.12/site-packages/px4_msgs/msg/_fixed_wing_longitudinal_setpoint.py\n'}
[2.548546] (px4_msgs) StdoutLine: {'line': b'-- Up-to-date symlink: /home/maxim/super_ws/install/px4_msgs/lib/python3.12/site-packages/px4_msgs/msg/_fixed_wing_longitudinal_setpoint_s.c\n'}
[2.548749] (px4_msgs) StdoutLine: {'line': b'-- Up-to-date symlink: /home/maxim/super_ws/install/px4_msgs/lib/python3.12/site-packages/px4_msgs/msg/_fixed_wing_runway_control.py\n'}
[2.548944] (px4_msgs) StdoutLine: {'line': b'-- Up-to-date symlink: /home/maxim/super_ws/install/px4_msgs/lib/python3.12/site-packages/px4_msgs/msg/_fixed_wing_runway_control_s.c\n'}
[2.549176] (px4_msgs) StdoutLine: {'line': b'-- Up-to-date symlink: /home/maxim/super_ws/install/px4_msgs/lib/python3.12/site-packages/px4_msgs/msg/_flight_phase_estimation.py\n'}
[2.549297] (px4_msgs) StdoutLine: {'line': b'-- Up-to-date symlink: /home/maxim/super_ws/install/px4_msgs/lib/python3.12/site-packages/px4_msgs/msg/_flight_phase_estimation_s.c\n'}
[2.549471] (px4_msgs) StdoutLine: {'line': b'-- Up-to-date symlink: /home/maxim/super_ws/install/px4_msgs/lib/python3.12/site-packages/px4_msgs/msg/_follow_target.py\n'}
[2.549660] (px4_msgs) StdoutLine: {'line': b'-- Up-to-date symlink: /home/maxim/super_ws/install/px4_msgs/lib/python3.12/site-packages/px4_msgs/msg/_follow_target_estimator.py\n'}
[2.549867] (px4_msgs) StdoutLine: {'line': b'-- Up-to-date symlink: /home/maxim/super_ws/install/px4_msgs/lib/python3.12/site-packages/px4_msgs/msg/_follow_target_estimator_s.c\n'}
[2.549995] (px4_msgs) StdoutLine: {'line': b'-- Up-to-date symlink: /home/maxim/super_ws/install/px4_msgs/lib/python3.12/site-packages/px4_msgs/msg/_follow_target_s.c\n'}
[2.550149] (px4_msgs) StdoutLine: {'line': b'-- Up-to-date symlink: /home/maxim/super_ws/install/px4_msgs/lib/python3.12/site-packages/px4_msgs/msg/_follow_target_status.py\n'}
[2.550304] (px4_msgs) StdoutLine: {'line': b'-- Up-to-date symlink: /home/maxim/super_ws/install/px4_msgs/lib/python3.12/site-packages/px4_msgs/msg/_follow_target_status_s.c\n'}
[2.550532] (px4_msgs) StdoutLine: {'line': b'-- Up-to-date symlink: /home/maxim/super_ws/install/px4_msgs/lib/python3.12/site-packages/px4_msgs/msg/_fuel_tank_status.py\n'}
[2.550687] (px4_msgs) StdoutLine: {'line': b'-- Up-to-date symlink: /home/maxim/super_ws/install/px4_msgs/lib/python3.12/site-packages/px4_msgs/msg/_fuel_tank_status_s.c\n'}
[2.550869] (px4_msgs) StdoutLine: {'line': b'-- Up-to-date symlink: /home/maxim/super_ws/install/px4_msgs/lib/python3.12/site-packages/px4_msgs/msg/_gain_compression.py\n'}
[2.551021] (px4_msgs) StdoutLine: {'line': b'-- Up-to-date symlink: /home/maxim/super_ws/install/px4_msgs/lib/python3.12/site-packages/px4_msgs/msg/_gain_compression_s.c\n'}
[2.551230] (px4_msgs) StdoutLine: {'line': b'-- Up-to-date symlink: /home/maxim/super_ws/install/px4_msgs/lib/python3.12/site-packages/px4_msgs/msg/_generator_status.py\n'}
[2.551391] (px4_msgs) StdoutLine: {'line': b'-- Up-to-date symlink: /home/maxim/super_ws/install/px4_msgs/lib/python3.12/site-packages/px4_msgs/msg/_generator_status_s.c\n'}
[2.551578] (px4_msgs) StdoutLine: {'line': b'-- Up-to-date symlink: /home/maxim/super_ws/install/px4_msgs/lib/python3.12/site-packages/px4_msgs/msg/_geofence_result.py\n'}
[2.551732] (px4_msgs) StdoutLine: {'line': b'-- Up-to-date symlink: /home/maxim/super_ws/install/px4_msgs/lib/python3.12/site-packages/px4_msgs/msg/_geofence_result_s.c\n'}
[2.551955] (px4_msgs) StdoutLine: {'line': b'-- Up-to-date symlink: /home/maxim/super_ws/install/px4_msgs/lib/python3.12/site-packages/px4_msgs/msg/_geofence_status.py\n'}
[2.552183] (px4_msgs) StdoutLine: {'line': b'-- Up-to-date symlink: /home/maxim/super_ws/install/px4_msgs/lib/python3.12/site-packages/px4_msgs/msg/_geofence_status_s.c\n'}
[2.552341] (px4_msgs) StdoutLine: {'line': b'-- Up-to-date symlink: /home/maxim/super_ws/install/px4_msgs/lib/python3.12/site-packages/px4_msgs/msg/_gimbal_controls.py\n'}
[2.552513] (px4_msgs) StdoutLine: {'line': b'-- Up-to-date symlink: /home/maxim/super_ws/install/px4_msgs/lib/python3.12/site-packages/px4_msgs/msg/_gimbal_controls_s.c\n'}
[2.552686] (px4_msgs) StdoutLine: {'line': b'-- Up-to-date symlink: /home/maxim/super_ws/install/px4_msgs/lib/python3.12/site-packages/px4_msgs/msg/_gimbal_device_attitude_status.py\n'}
[2.552850] (px4_msgs) StdoutLine: {'line': b'-- Up-to-date symlink: /home/maxim/super_ws/install/px4_msgs/lib/python3.12/site-packages/px4_msgs/msg/_gimbal_device_attitude_status_s.c\n'}
[2.552963] (px4_msgs) StdoutLine: {'line': b'-- Up-to-date symlink: /home/maxim/super_ws/install/px4_msgs/lib/python3.12/site-packages/px4_msgs/msg/_gimbal_device_information.py\n'}
[2.553163] (px4_msgs) StdoutLine: {'line': b'-- Up-to-date symlink: /home/maxim/super_ws/install/px4_msgs/lib/python3.12/site-packages/px4_msgs/msg/_gimbal_device_information_s.c\n'}
[2.553308] (px4_msgs) StdoutLine: {'line': b'-- Up-to-date symlink: /home/maxim/super_ws/install/px4_msgs/lib/python3.12/site-packages/px4_msgs/msg/_gimbal_device_set_attitude.py\n'}
[2.553478] (px4_msgs) StdoutLine: {'line': b'-- Up-to-date symlink: /home/maxim/super_ws/install/px4_msgs/lib/python3.12/site-packages/px4_msgs/msg/_gimbal_device_set_attitude_s.c\n'}
[2.553708] (px4_msgs) StdoutLine: {'line': b'-- Up-to-date symlink: /home/maxim/super_ws/install/px4_msgs/lib/python3.12/site-packages/px4_msgs/msg/_gimbal_manager_information.py\n'}
[2.553879] (px4_msgs) StdoutLine: {'line': b'-- Up-to-date symlink: /home/maxim/super_ws/install/px4_msgs/lib/python3.12/site-packages/px4_msgs/msg/_gimbal_manager_information_s.c\n'}
[2.554015] (px4_msgs) StdoutLine: {'line': b'-- Up-to-date symlink: /home/maxim/super_ws/install/px4_msgs/lib/python3.12/site-packages/px4_msgs/msg/_gimbal_manager_set_attitude.py\n'}
[2.554249] (px4_msgs) StdoutLine: {'line': b'-- Up-to-date symlink: /home/maxim/super_ws/install/px4_msgs/lib/python3.12/site-packages/px4_msgs/msg/_gimbal_manager_set_attitude_s.c\n'}
[2.554432] (px4_msgs) StdoutLine: {'line': b'-- Up-to-date symlink: /home/maxim/super_ws/install/px4_msgs/lib/python3.12/site-packages/px4_msgs/msg/_gimbal_manager_set_manual_control.py\n'}
[2.554623] (px4_msgs) StdoutLine: {'line': b'-- Up-to-date symlink: /home/maxim/super_ws/install/px4_msgs/lib/python3.12/site-packages/px4_msgs/msg/_gimbal_manager_set_manual_control_s.c\n'}
[2.554773] (px4_msgs) StdoutLine: {'line': b'-- Up-to-date symlink: /home/maxim/super_ws/install/px4_msgs/lib/python3.12/site-packages/px4_msgs/msg/_gimbal_manager_status.py\n'}
[2.554946] (px4_msgs) StdoutLine: {'line': b'-- Up-to-date symlink: /home/maxim/super_ws/install/px4_msgs/lib/python3.12/site-packages/px4_msgs/msg/_gimbal_manager_status_s.c\n'}
[2.555151] (px4_msgs) StdoutLine: {'line': b'-- Up-to-date symlink: /home/maxim/super_ws/install/px4_msgs/lib/python3.12/site-packages/px4_msgs/msg/_goto_setpoint.py\n'}
[2.555436] (px4_msgs) StdoutLine: {'line': b'-- Up-to-date symlink: /home/maxim/super_ws/install/px4_msgs/lib/python3.12/site-packages/px4_msgs/msg/_goto_setpoint_s.c\n'}
[2.555654] (px4_msgs) StdoutLine: {'line': b'-- Up-to-date symlink: /home/maxim/super_ws/install/px4_msgs/lib/python3.12/site-packages/px4_msgs/msg/_gpio_config.py\n'}
[2.555916] (px4_msgs) StdoutLine: {'line': b'-- Up-to-date symlink: /home/maxim/super_ws/install/px4_msgs/lib/python3.12/site-packages/px4_msgs/msg/_gpio_config_s.c\n'}
[2.556051] (px4_msgs) StdoutLine: {'line': b'-- Up-to-date symlink: /home/maxim/super_ws/install/px4_msgs/lib/python3.12/site-packages/px4_msgs/msg/_gpio_in.py\n'}
[2.556295] (px4_msgs) StdoutLine: {'line': b'-- Up-to-date symlink: /home/maxim/super_ws/install/px4_msgs/lib/python3.12/site-packages/px4_msgs/msg/_gpio_in_s.c\n'}
[2.556480] (px4_msgs) StdoutLine: {'line': b'-- Up-to-date symlink: /home/maxim/super_ws/install/px4_msgs/lib/python3.12/site-packages/px4_msgs/msg/_gpio_out.py\n'}
[2.556672] (px4_msgs) StdoutLine: {'line': b'-- Up-to-date symlink: /home/maxim/super_ws/install/px4_msgs/lib/python3.12/site-packages/px4_msgs/msg/_gpio_out_s.c\n'}
[2.556829] (px4_msgs) StdoutLine: {'line': b'-- Up-to-date symlink: /home/maxim/super_ws/install/px4_msgs/lib/python3.12/site-packages/px4_msgs/msg/_gpio_request.py\n'}
[2.557014] (px4_msgs) StdoutLine: {'line': b'-- Up-to-date symlink: /home/maxim/super_ws/install/px4_msgs/lib/python3.12/site-packages/px4_msgs/msg/_gpio_request_s.c\n'}
[2.557199] (px4_msgs) StdoutLine: {'line': b'-- Up-to-date symlink: /home/maxim/super_ws/install/px4_msgs/lib/python3.12/site-packages/px4_msgs/msg/_gps_dump.py\n'}
[2.557320] (px4_msgs) StdoutLine: {'line': b'-- Up-to-date symlink: /home/maxim/super_ws/install/px4_msgs/lib/python3.12/site-packages/px4_msgs/msg/_gps_dump_s.c\n'}
[2.557525] (px4_msgs) StdoutLine: {'line': b'-- Up-to-date symlink: /home/maxim/super_ws/install/px4_msgs/lib/python3.12/site-packages/px4_msgs/msg/_gps_inject_data.py\n'}
[2.557760] (px4_msgs) StdoutLine: {'line': b'-- Up-to-date symlink: /home/maxim/super_ws/install/px4_msgs/lib/python3.12/site-packages/px4_msgs/msg/_gps_inject_data_s.c\n'}
[2.557940] (px4_msgs) StdoutLine: {'line': b'-- Up-to-date symlink: /home/maxim/super_ws/install/px4_msgs/lib/python3.12/site-packages/px4_msgs/msg/_gripper.py\n'}
[2.558109] (px4_msgs) StdoutLine: {'line': b'-- Up-to-date symlink: /home/maxim/super_ws/install/px4_msgs/lib/python3.12/site-packages/px4_msgs/msg/_gripper_s.c\n'}
[2.558283] (px4_msgs) StdoutLine: {'line': b'-- Up-to-date symlink: /home/maxim/super_ws/install/px4_msgs/lib/python3.12/site-packages/px4_msgs/msg/_health_report.py\n'}
[2.558447] (px4_msgs) StdoutLine: {'line': b'-- Up-to-date symlink: /home/maxim/super_ws/install/px4_msgs/lib/python3.12/site-packages/px4_msgs/msg/_health_report_s.c\n'}
[2.558658] (px4_msgs) StdoutLine: {'line': b'-- Up-to-date symlink: /home/maxim/super_ws/install/px4_msgs/lib/python3.12/site-packages/px4_msgs/msg/_heater_status.py\n'}
[2.558786] (px4_msgs) StdoutLine: {'line': b'-- Up-to-date symlink: /home/maxim/super_ws/install/px4_msgs/lib/python3.12/site-packages/px4_msgs/msg/_heater_status_s.c\n'}
[2.558939] (px4_msgs) StdoutLine: {'line': b'-- Up-to-date symlink: /home/maxim/super_ws/install/px4_msgs/lib/python3.12/site-packages/px4_msgs/msg/_home_position.py\n'}
[2.559065] (px4_msgs) StdoutLine: {'line': b'-- Up-to-date symlink: /home/maxim/super_ws/install/px4_msgs/lib/python3.12/site-packages/px4_msgs/msg/_home_position_s.c\n'}
[2.559259] (px4_msgs) StdoutLine: {'line': b'-- Up-to-date symlink: /home/maxim/super_ws/install/px4_msgs/lib/python3.12/site-packages/px4_msgs/msg/_hover_thrust_estimate.py\n'}
[2.559382] (px4_msgs) StdoutLine: {'line': b'-- Up-to-date symlink: /home/maxim/super_ws/install/px4_msgs/lib/python3.12/site-packages/px4_msgs/msg/_hover_thrust_estimate_s.c\n'}
[2.559540] (px4_msgs) StdoutLine: {'line': b'-- Up-to-date symlink: /home/maxim/super_ws/install/px4_msgs/lib/python3.12/site-packages/px4_msgs/msg/_input_rc.py\n'}
[2.559788] (px4_msgs) StdoutLine: {'line': b'-- Up-to-date symlink: /home/maxim/super_ws/install/px4_msgs/lib/python3.12/site-packages/px4_msgs/msg/_input_rc_s.c\n'}
[2.559961] (px4_msgs) StdoutLine: {'line': b'-- Up-to-date symlink: /home/maxim/super_ws/install/px4_msgs/lib/python3.12/site-packages/px4_msgs/msg/_internal_combustion_engine_control.py\n'}
[2.560066] (px4_msgs) StdoutLine: {'line': b'-- Up-to-date symlink: /home/maxim/super_ws/install/px4_msgs/lib/python3.12/site-packages/px4_msgs/msg/_internal_combustion_engine_control_s.c\n'}
[2.560333] (px4_msgs) StdoutLine: {'line': b'-- Up-to-date symlink: /home/maxim/super_ws/install/px4_msgs/lib/python3.12/site-packages/px4_msgs/msg/_internal_combustion_engine_status.py\n'}
[2.560521] (px4_msgs) StdoutLine: {'line': b'-- Up-to-date symlink: /home/maxim/super_ws/install/px4_msgs/lib/python3.12/site-packages/px4_msgs/msg/_internal_combustion_engine_status_s.c\n'}
[2.560750] (px4_msgs) StdoutLine: {'line': b'-- Up-to-date symlink: /home/maxim/super_ws/install/px4_msgs/lib/python3.12/site-packages/px4_msgs/msg/_iridiumsbd_status.py\n'}
[2.560957] (px4_msgs) StdoutLine: {'line': b'-- Up-to-date symlink: /home/maxim/super_ws/install/px4_msgs/lib/python3.12/site-packages/px4_msgs/msg/_iridiumsbd_status_s.c\n'}
[2.561119] (px4_msgs) StdoutLine: {'line': b'-- Up-to-date symlink: /home/maxim/super_ws/install/px4_msgs/lib/python3.12/site-packages/px4_msgs/msg/_irlock_report.py\n'}
[2.561345] (px4_msgs) StdoutLine: {'line': b'-- Up-to-date symlink: /home/maxim/super_ws/install/px4_msgs/lib/python3.12/site-packages/px4_msgs/msg/_irlock_report_s.c\n'}
[2.561504] (px4_msgs) StdoutLine: {'line': b'-- Up-to-date symlink: /home/maxim/super_ws/install/px4_msgs/lib/python3.12/site-packages/px4_msgs/msg/_landing_gear.py\n'}
[2.561757] (px4_msgs) StdoutLine: {'line': b'-- Up-to-date symlink: /home/maxim/super_ws/install/px4_msgs/lib/python3.12/site-packages/px4_msgs/msg/_landing_gear_s.c\n'}
[2.561878] (px4_msgs) StdoutLine: {'line': b'-- Up-to-date symlink: /home/maxim/super_ws/install/px4_msgs/lib/python3.12/site-packages/px4_msgs/msg/_landing_gear_wheel.py\n'}
[2.562017] (px4_msgs) StdoutLine: {'line': b'-- Up-to-date symlink: /home/maxim/super_ws/install/px4_msgs/lib/python3.12/site-packages/px4_msgs/msg/_landing_gear_wheel_s.c\n'}
[2.562218] (px4_msgs) StdoutLine: {'line': b'-- Up-to-date symlink: /home/maxim/super_ws/install/px4_msgs/lib/python3.12/site-packages/px4_msgs/msg/_landing_target_innovations.py\n'}
[2.562381] (px4_msgs) StdoutLine: {'line': b'-- Up-to-date symlink: /home/maxim/super_ws/install/px4_msgs/lib/python3.12/site-packages/px4_msgs/msg/_landing_target_innovations_s.c\n'}
[2.562604] (px4_msgs) StdoutLine: {'line': b'-- Up-to-date symlink: /home/maxim/super_ws/install/px4_msgs/lib/python3.12/site-packages/px4_msgs/msg/_landing_target_pose.py\n'}
[2.562767] (px4_msgs) StdoutLine: {'line': b'-- Up-to-date symlink: /home/maxim/super_ws/install/px4_msgs/lib/python3.12/site-packages/px4_msgs/msg/_landing_target_pose_s.c\n'}
[2.562983] (px4_msgs) StdoutLine: {'line': b'-- Up-to-date symlink: /home/maxim/super_ws/install/px4_msgs/lib/python3.12/site-packages/px4_msgs/msg/_lateral_control_configuration.py\n'}
[2.563273] (px4_msgs) StdoutLine: {'line': b'-- Up-to-date symlink: /home/maxim/super_ws/install/px4_msgs/lib/python3.12/site-packages/px4_msgs/msg/_lateral_control_configuration_s.c\n'}
[2.563543] (px4_msgs) StdoutLine: {'line': b'-- Up-to-date symlink: /home/maxim/super_ws/install/px4_msgs/lib/python3.12/site-packages/px4_msgs/msg/_launch_detection_status.py\n'}
[2.563738] (px4_msgs) StdoutLine: {'line': b'-- Up-to-date symlink: /home/maxim/super_ws/install/px4_msgs/lib/python3.12/site-packages/px4_msgs/msg/_launch_detection_status_s.c\n'}
[2.563925] (px4_msgs) StdoutLine: {'line': b'-- Up-to-date symlink: /home/maxim/super_ws/install/px4_msgs/lib/python3.12/site-packages/px4_msgs/msg/_led_control.py\n'}
[2.564122] (px4_msgs) StdoutLine: {'line': b'-- Up-to-date symlink: /home/maxim/super_ws/install/px4_msgs/lib/python3.12/site-packages/px4_msgs/msg/_led_control_s.c\n'}
[2.564346] (px4_msgs) StdoutLine: {'line': b'-- Up-to-date symlink: /home/maxim/super_ws/install/px4_msgs/lib/python3.12/site-packages/px4_msgs/msg/_log_message.py\n'}
[2.564639] (px4_msgs) StdoutLine: {'line': b'-- Up-to-date symlink: /home/maxim/super_ws/install/px4_msgs/lib/python3.12/site-packages/px4_msgs/msg/_log_message_s.c\n'}
[2.564854] (px4_msgs) StdoutLine: {'line': b'-- Up-to-date symlink: /home/maxim/super_ws/install/px4_msgs/lib/python3.12/site-packages/px4_msgs/msg/_logger_status.py\n'}
[2.564982] (px4_msgs) StdoutLine: {'line': b'-- Up-to-date symlink: /home/maxim/super_ws/install/px4_msgs/lib/python3.12/site-packages/px4_msgs/msg/_logger_status_s.c\n'}
[2.565177] (px4_msgs) StdoutLine: {'line': b'-- Up-to-date symlink: /home/maxim/super_ws/install/px4_msgs/lib/python3.12/site-packages/px4_msgs/msg/_longitudinal_control_configuration.py\n'}
[2.565279] (px4_msgs) StdoutLine: {'line': b'-- Up-to-date symlink: /home/maxim/super_ws/install/px4_msgs/lib/python3.12/site-packages/px4_msgs/msg/_longitudinal_control_configuration_s.c\n'}
[2.565426] (px4_msgs) StdoutLine: {'line': b'-- Up-to-date symlink: /home/maxim/super_ws/install/px4_msgs/lib/python3.12/site-packages/px4_msgs/msg/_mag_worker_data.py\n'}
[2.565592] (px4_msgs) StdoutLine: {'line': b'-- Up-to-date symlink: /home/maxim/super_ws/install/px4_msgs/lib/python3.12/site-packages/px4_msgs/msg/_mag_worker_data_s.c\n'}
[2.565758] (px4_msgs) StdoutLine: {'line': b'-- Up-to-date symlink: /home/maxim/super_ws/install/px4_msgs/lib/python3.12/site-packages/px4_msgs/msg/_magnetometer_bias_estimate.py\n'}
[2.565854] (px4_msgs) StdoutLine: {'line': b'-- Up-to-date symlink: /home/maxim/super_ws/install/px4_msgs/lib/python3.12/site-packages/px4_msgs/msg/_magnetometer_bias_estimate_s.c\n'}
[2.566006] (px4_msgs) StdoutLine: {'line': b'-- Up-to-date symlink: /home/maxim/super_ws/install/px4_msgs/lib/python3.12/site-packages/px4_msgs/msg/_manual_control_setpoint.py\n'}
[2.566208] (px4_msgs) StdoutLine: {'line': b'-- Up-to-date symlink: /home/maxim/super_ws/install/px4_msgs/lib/python3.12/site-packages/px4_msgs/msg/_manual_control_setpoint_s.c\n'}
[2.566327] (px4_msgs) StdoutLine: {'line': b'-- Up-to-date symlink: /home/maxim/super_ws/install/px4_msgs/lib/python3.12/site-packages/px4_msgs/msg/_manual_control_switches.py\n'}
[2.566513] (px4_msgs) StdoutLine: {'line': b'-- Up-to-date symlink: /home/maxim/super_ws/install/px4_msgs/lib/python3.12/site-packages/px4_msgs/msg/_manual_control_switches_s.c\n'}
[2.566693] (px4_msgs) StdoutLine: {'line': b'-- Up-to-date symlink: /home/maxim/super_ws/install/px4_msgs/lib/python3.12/site-packages/px4_msgs/msg/_mavlink_log.py\n'}
[2.566879] (px4_msgs) StdoutLine: {'line': b'-- Up-to-date symlink: /home/maxim/super_ws/install/px4_msgs/lib/python3.12/site-packages/px4_msgs/msg/_mavlink_log_s.c\n'}
[2.567040] (px4_msgs) StdoutLine: {'line': b'-- Up-to-date symlink: /home/maxim/super_ws/install/px4_msgs/lib/python3.12/site-packages/px4_msgs/msg/_mavlink_tunnel.py\n'}
[2.567227] (px4_msgs) StdoutLine: {'line': b'-- Up-to-date symlink: /home/maxim/super_ws/install/px4_msgs/lib/python3.12/site-packages/px4_msgs/msg/_mavlink_tunnel_s.c\n'}
[2.567465] (px4_msgs) StdoutLine: {'line': b'-- Up-to-date symlink: /home/maxim/super_ws/install/px4_msgs/lib/python3.12/site-packages/px4_msgs/msg/_message_format_request.py\n'}
[2.567619] (px4_msgs) StdoutLine: {'line': b'-- Up-to-date symlink: /home/maxim/super_ws/install/px4_msgs/lib/python3.12/site-packages/px4_msgs/msg/_message_format_request_s.c\n'}
[2.567829] (px4_msgs) StdoutLine: {'line': b'-- Up-to-date symlink: /home/maxim/super_ws/install/px4_msgs/lib/python3.12/site-packages/px4_msgs/msg/_message_format_response.py\n'}
[2.567951] (px4_msgs) StdoutLine: {'line': b'-- Up-to-date symlink: /home/maxim/super_ws/install/px4_msgs/lib/python3.12/site-packages/px4_msgs/msg/_message_format_response_s.c\n'}
[2.568116] (px4_msgs) StdoutLine: {'line': b'-- Up-to-date symlink: /home/maxim/super_ws/install/px4_msgs/lib/python3.12/site-packages/px4_msgs/msg/_mission.py\n'}
[2.568246] (px4_msgs) StdoutLine: {'line': b'-- Up-to-date symlink: /home/maxim/super_ws/install/px4_msgs/lib/python3.12/site-packages/px4_msgs/msg/_mission_result.py\n'}
[2.568437] (px4_msgs) StdoutLine: {'line': b'-- Up-to-date symlink: /home/maxim/super_ws/install/px4_msgs/lib/python3.12/site-packages/px4_msgs/msg/_mission_result_s.c\n'}
[2.568543] (px4_msgs) StdoutLine: {'line': b'-- Up-to-date symlink: /home/maxim/super_ws/install/px4_msgs/lib/python3.12/site-packages/px4_msgs/msg/_mission_s.c\n'}
[2.568623] (px4_msgs) StdoutLine: {'line': b'-- Up-to-date symlink: /home/maxim/super_ws/install/px4_msgs/lib/python3.12/site-packages/px4_msgs/msg/_mode_completed.py\n'}
[2.568728] (px4_msgs) StdoutLine: {'line': b'-- Up-to-date symlink: /home/maxim/super_ws/install/px4_msgs/lib/python3.12/site-packages/px4_msgs/msg/_mode_completed_s.c\n'}
[2.568864] (px4_msgs) StdoutLine: {'line': b'-- Up-to-date symlink: /home/maxim/super_ws/install/px4_msgs/lib/python3.12/site-packages/px4_msgs/msg/_mount_orientation.py\n'}
[2.568943] (px4_msgs) StdoutLine: {'line': b'-- Up-to-date symlink: /home/maxim/super_ws/install/px4_msgs/lib/python3.12/site-packages/px4_msgs/msg/_mount_orientation_s.c\n'}
[2.569057] (px4_msgs) StdoutLine: {'line': b'-- Up-to-date symlink: /home/maxim/super_ws/install/px4_msgs/lib/python3.12/site-packages/px4_msgs/msg/_navigator_mission_item.py\n'}
[2.569169] (px4_msgs) StdoutLine: {'line': b'-- Up-to-date symlink: /home/maxim/super_ws/install/px4_msgs/lib/python3.12/site-packages/px4_msgs/msg/_navigator_mission_item_s.c\n'}
[2.569346] (px4_msgs) StdoutLine: {'line': b'-- Up-to-date symlink: /home/maxim/super_ws/install/px4_msgs/lib/python3.12/site-packages/px4_msgs/msg/_navigator_status.py\n'}
[2.569561] (px4_msgs) StdoutLine: {'line': b'-- Up-to-date symlink: /home/maxim/super_ws/install/px4_msgs/lib/python3.12/site-packages/px4_msgs/msg/_navigator_status_s.c\n'}
[2.569737] (px4_msgs) StdoutLine: {'line': b'-- Up-to-date symlink: /home/maxim/super_ws/install/px4_msgs/lib/python3.12/site-packages/px4_msgs/msg/_neural_control.py\n'}
[2.569912] (px4_msgs) StdoutLine: {'line': b'-- Up-to-date symlink: /home/maxim/super_ws/install/px4_msgs/lib/python3.12/site-packages/px4_msgs/msg/_neural_control_s.c\n'}
[2.570122] (px4_msgs) StdoutLine: {'line': b'-- Up-to-date symlink: /home/maxim/super_ws/install/px4_msgs/lib/python3.12/site-packages/px4_msgs/msg/_normalized_unsigned_setpoint.py\n'}
[2.570251] (px4_msgs) StdoutLine: {'line': b'-- Up-to-date symlink: /home/maxim/super_ws/install/px4_msgs/lib/python3.12/site-packages/px4_msgs/msg/_normalized_unsigned_setpoint_s.c\n'}
[2.570422] (px4_msgs) StdoutLine: {'line': b'-- Up-to-date symlink: /home/maxim/super_ws/install/px4_msgs/lib/python3.12/site-packages/px4_msgs/msg/_obstacle_distance.py\n'}
[2.570669] (px4_msgs) StdoutLine: {'line': b'-- Up-to-date symlink: /home/maxim/super_ws/install/px4_msgs/lib/python3.12/site-packages/px4_msgs/msg/_obstacle_distance_s.c\n'}
[2.570819] (px4_msgs) StdoutLine: {'line': b'-- Up-to-date symlink: /home/maxim/super_ws/install/px4_msgs/lib/python3.12/site-packages/px4_msgs/msg/_offboard_control_mode.py\n'}
[2.571005] (px4_msgs) StdoutLine: {'line': b'-- Up-to-date symlink: /home/maxim/super_ws/install/px4_msgs/lib/python3.12/site-packages/px4_msgs/msg/_offboard_control_mode_s.c\n'}
[2.571205] (px4_msgs) StdoutLine: {'line': b'-- Up-to-date symlink: /home/maxim/super_ws/install/px4_msgs/lib/python3.12/site-packages/px4_msgs/msg/_onboard_computer_status.py\n'}
[2.571365] (px4_msgs) StdoutLine: {'line': b'-- Up-to-date symlink: /home/maxim/super_ws/install/px4_msgs/lib/python3.12/site-packages/px4_msgs/msg/_onboard_computer_status_s.c\n'}
[2.571531] (px4_msgs) StdoutLine: {'line': b'-- Up-to-date symlink: /home/maxim/super_ws/install/px4_msgs/lib/python3.12/site-packages/px4_msgs/msg/_open_drone_id_arm_status.py\n'}
[2.571663] (px4_msgs) StdoutLine: {'line': b'-- Up-to-date symlink: /home/maxim/super_ws/install/px4_msgs/lib/python3.12/site-packages/px4_msgs/msg/_open_drone_id_arm_status_s.c\n'}
[2.571830] (px4_msgs) StdoutLine: {'line': b'-- Up-to-date symlink: /home/maxim/super_ws/install/px4_msgs/lib/python3.12/site-packages/px4_msgs/msg/_open_drone_id_operator_id.py\n'}
[2.572029] (px4_msgs) StdoutLine: {'line': b'-- Up-to-date symlink: /home/maxim/super_ws/install/px4_msgs/lib/python3.12/site-packages/px4_msgs/msg/_open_drone_id_operator_id_s.c\n'}
[2.572198] (px4_msgs) StdoutLine: {'line': b'-- Up-to-date symlink: /home/maxim/super_ws/install/px4_msgs/lib/python3.12/site-packages/px4_msgs/msg/_open_drone_id_self_id.py\n'}
[2.572370] (px4_msgs) StdoutLine: {'line': b'-- Up-to-date symlink: /home/maxim/super_ws/install/px4_msgs/lib/python3.12/site-packages/px4_msgs/msg/_open_drone_id_self_id_s.c\n'}
[2.572509] (px4_msgs) StdoutLine: {'line': b'-- Up-to-date symlink: /home/maxim/super_ws/install/px4_msgs/lib/python3.12/site-packages/px4_msgs/msg/_open_drone_id_system.py\n'}
[2.572680] (px4_msgs) StdoutLine: {'line': b'-- Up-to-date symlink: /home/maxim/super_ws/install/px4_msgs/lib/python3.12/site-packages/px4_msgs/msg/_open_drone_id_system_s.c\n'}
[2.572878] (px4_msgs) StdoutLine: {'line': b'-- Up-to-date symlink: /home/maxim/super_ws/install/px4_msgs/lib/python3.12/site-packages/px4_msgs/msg/_orb_test.py\n'}
[2.573015] (px4_msgs) StdoutLine: {'line': b'-- Up-to-date symlink: /home/maxim/super_ws/install/px4_msgs/lib/python3.12/site-packages/px4_msgs/msg/_orb_test_large.py\n'}
[2.573232] (px4_msgs) StdoutLine: {'line': b'-- Up-to-date symlink: /home/maxim/super_ws/install/px4_msgs/lib/python3.12/site-packages/px4_msgs/msg/_orb_test_large_s.c\n'}
[2.573371] (px4_msgs) StdoutLine: {'line': b'-- Up-to-date symlink: /home/maxim/super_ws/install/px4_msgs/lib/python3.12/site-packages/px4_msgs/msg/_orb_test_medium.py\n'}
[2.573513] (px4_msgs) StdoutLine: {'line': b'-- Up-to-date symlink: /home/maxim/super_ws/install/px4_msgs/lib/python3.12/site-packages/px4_msgs/msg/_orb_test_medium_s.c\n'}
[2.573666] (px4_msgs) StdoutLine: {'line': b'-- Up-to-date symlink: /home/maxim/super_ws/install/px4_msgs/lib/python3.12/site-packages/px4_msgs/msg/_orb_test_s.c\n'}
[2.573823] (px4_msgs) StdoutLine: {'line': b'-- Up-to-date symlink: /home/maxim/super_ws/install/px4_msgs/lib/python3.12/site-packages/px4_msgs/msg/_orbit_status.py\n'}
[2.574015] (px4_msgs) StdoutLine: {'line': b'-- Up-to-date symlink: /home/maxim/super_ws/install/px4_msgs/lib/python3.12/site-packages/px4_msgs/msg/_orbit_status_s.c\n'}
[2.574211] (px4_msgs) StdoutLine: {'line': b'-- Up-to-date symlink: /home/maxim/super_ws/install/px4_msgs/lib/python3.12/site-packages/px4_msgs/msg/_parameter_reset_request.py\n'}
[2.574416] (px4_msgs) StdoutLine: {'line': b'-- Up-to-date symlink: /home/maxim/super_ws/install/px4_msgs/lib/python3.12/site-packages/px4_msgs/msg/_parameter_reset_request_s.c\n'}
[2.574604] (px4_msgs) StdoutLine: {'line': b'-- Up-to-date symlink: /home/maxim/super_ws/install/px4_msgs/lib/python3.12/site-packages/px4_msgs/msg/_parameter_set_used_request.py\n'}
[2.574787] (px4_msgs) StdoutLine: {'line': b'-- Up-to-date symlink: /home/maxim/super_ws/install/px4_msgs/lib/python3.12/site-packages/px4_msgs/msg/_parameter_set_used_request_s.c\n'}
[2.574997] (px4_msgs) StdoutLine: {'line': b'-- Up-to-date symlink: /home/maxim/super_ws/install/px4_msgs/lib/python3.12/site-packages/px4_msgs/msg/_parameter_set_value_request.py\n'}
[2.575132] (px4_msgs) StdoutLine: {'line': b'-- Up-to-date symlink: /home/maxim/super_ws/install/px4_msgs/lib/python3.12/site-packages/px4_msgs/msg/_parameter_set_value_request_s.c\n'}
[2.575329] (px4_msgs) StdoutLine: {'line': b'-- Up-to-date symlink: /home/maxim/super_ws/install/px4_msgs/lib/python3.12/site-packages/px4_msgs/msg/_parameter_set_value_response.py\n'}
[2.575495] (px4_msgs) StdoutLine: {'line': b'-- Up-to-date symlink: /home/maxim/super_ws/install/px4_msgs/lib/python3.12/site-packages/px4_msgs/msg/_parameter_set_value_response_s.c\n'}
[2.575709] (px4_msgs) StdoutLine: {'line': b'-- Up-to-date symlink: /home/maxim/super_ws/install/px4_msgs/lib/python3.12/site-packages/px4_msgs/msg/_parameter_update.py\n'}
[2.575881] (px4_msgs) StdoutLine: {'line': b'-- Up-to-date symlink: /home/maxim/super_ws/install/px4_msgs/lib/python3.12/site-packages/px4_msgs/msg/_parameter_update_s.c\n'}
[2.576015] (px4_msgs) StdoutLine: {'line': b'-- Up-to-date symlink: /home/maxim/super_ws/install/px4_msgs/lib/python3.12/site-packages/px4_msgs/msg/_ping.py\n'}
[2.576220] (px4_msgs) StdoutLine: {'line': b'-- Up-to-date symlink: /home/maxim/super_ws/install/px4_msgs/lib/python3.12/site-packages/px4_msgs/msg/_ping_s.c\n'}
[2.576368] (px4_msgs) StdoutLine: {'line': b'-- Up-to-date symlink: /home/maxim/super_ws/install/px4_msgs/lib/python3.12/site-packages/px4_msgs/msg/_position_controller_landing_status.py\n'}
[2.576514] (px4_msgs) StdoutLine: {'line': b'-- Up-to-date symlink: /home/maxim/super_ws/install/px4_msgs/lib/python3.12/site-packages/px4_msgs/msg/_position_controller_landing_status_s.c\n'}
[2.576697] (px4_msgs) StdoutLine: {'line': b'-- Up-to-date symlink: /home/maxim/super_ws/install/px4_msgs/lib/python3.12/site-packages/px4_msgs/msg/_position_controller_status.py\n'}
[2.576883] (px4_msgs) StdoutLine: {'line': b'-- Up-to-date symlink: /home/maxim/super_ws/install/px4_msgs/lib/python3.12/site-packages/px4_msgs/msg/_position_controller_status_s.c\n'}
[2.577030] (px4_msgs) StdoutLine: {'line': b'-- Up-to-date symlink: /home/maxim/super_ws/install/px4_msgs/lib/python3.12/site-packages/px4_msgs/msg/_position_setpoint.py\n'}
[2.577222] (px4_msgs) StdoutLine: {'line': b'-- Up-to-date symlink: /home/maxim/super_ws/install/px4_msgs/lib/python3.12/site-packages/px4_msgs/msg/_position_setpoint_s.c\n'}
[2.577357] (px4_msgs) StdoutLine: {'line': b'-- Up-to-date symlink: /home/maxim/super_ws/install/px4_msgs/lib/python3.12/site-packages/px4_msgs/msg/_position_setpoint_triplet.py\n'}
[2.577526] (px4_msgs) StdoutLine: {'line': b'-- Up-to-date symlink: /home/maxim/super_ws/install/px4_msgs/lib/python3.12/site-packages/px4_msgs/msg/_position_setpoint_triplet_s.c\n'}
[2.577738] (px4_msgs) StdoutLine: {'line': b'-- Up-to-date symlink: /home/maxim/super_ws/install/px4_msgs/lib/python3.12/site-packages/px4_msgs/msg/_power_button_state.py\n'}
[2.577891] (px4_msgs) StdoutLine: {'line': b'-- Up-to-date symlink: /home/maxim/super_ws/install/px4_msgs/lib/python3.12/site-packages/px4_msgs/msg/_power_button_state_s.c\n'}
[2.578028] (px4_msgs) StdoutLine: {'line': b'-- Up-to-date symlink: /home/maxim/super_ws/install/px4_msgs/lib/python3.12/site-packages/px4_msgs/msg/_power_monitor.py\n'}
[2.578161] (px4_msgs) StdoutLine: {'line': b'-- Up-to-date symlink: /home/maxim/super_ws/install/px4_msgs/lib/python3.12/site-packages/px4_msgs/msg/_power_monitor_s.c\n'}
[2.578337] (px4_msgs) StdoutLine: {'line': b'-- Up-to-date symlink: /home/maxim/super_ws/install/px4_msgs/lib/python3.12/site-packages/px4_msgs/msg/_pps_capture.py\n'}
[2.578465] (px4_msgs) StdoutLine: {'line': b'-- Up-to-date symlink: /home/maxim/super_ws/install/px4_msgs/lib/python3.12/site-packages/px4_msgs/msg/_pps_capture_s.c\n'}
[2.578564] (px4_msgs) StdoutLine: {'line': b'-- Up-to-date symlink: /home/maxim/super_ws/install/px4_msgs/lib/python3.12/site-packages/px4_msgs/msg/_prec_land_status.py\n'}
[2.578674] (px4_msgs) StdoutLine: {'line': b'-- Up-to-date symlink: /home/maxim/super_ws/install/px4_msgs/lib/python3.12/site-packages/px4_msgs/msg/_prec_land_status_s.c\n'}
[2.578821] (px4_msgs) StdoutLine: {'line': b'-- Up-to-date symlink: /home/maxim/super_ws/install/px4_msgs/lib/python3.12/site-packages/px4_msgs/msg/_pure_pursuit_status.py\n'}
[2.578913] (px4_msgs) StdoutLine: {'line': b'-- Up-to-date symlink: /home/maxim/super_ws/install/px4_msgs/lib/python3.12/site-packages/px4_msgs/msg/_pure_pursuit_status_s.c\n'}
[2.578991] (px4_msgs) StdoutLine: {'line': b'-- Up-to-date symlink: /home/maxim/super_ws/install/px4_msgs/lib/python3.12/site-packages/px4_msgs/msg/_pwm_input.py\n'}
[2.579071] (px4_msgs) StdoutLine: {'line': b'-- Up-to-date symlink: /home/maxim/super_ws/install/px4_msgs/lib/python3.12/site-packages/px4_msgs/msg/_pwm_input_s.c\n'}
[2.579242] (px4_msgs) StdoutLine: {'line': b'-- Up-to-date symlink: /home/maxim/super_ws/install/px4_msgs/lib/python3.12/site-packages/px4_msgs/msg/_px4io_status.py\n'}
[2.579418] (px4_msgs) StdoutLine: {'line': b'-- Up-to-date symlink: /home/maxim/super_ws/install/px4_msgs/lib/python3.12/site-packages/px4_msgs/msg/_px4io_status_s.c\n'}
[2.579538] (px4_msgs) StdoutLine: {'line': b'-- Up-to-date symlink: /home/maxim/super_ws/install/px4_msgs/lib/python3.12/site-packages/px4_msgs/msg/_qshell_req.py\n'}
[2.579637] (px4_msgs) StdoutLine: {'line': b'-- Up-to-date symlink: /home/maxim/super_ws/install/px4_msgs/lib/python3.12/site-packages/px4_msgs/msg/_qshell_req_s.c\n'}
[2.579734] (px4_msgs) StdoutLine: {'line': b'-- Up-to-date symlink: /home/maxim/super_ws/install/px4_msgs/lib/python3.12/site-packages/px4_msgs/msg/_qshell_retval.py\n'}
[2.579807] (px4_msgs) StdoutLine: {'line': b'-- Up-to-date symlink: /home/maxim/super_ws/install/px4_msgs/lib/python3.12/site-packages/px4_msgs/msg/_qshell_retval_s.c\n'}
[2.579888] (px4_msgs) StdoutLine: {'line': b'-- Up-to-date symlink: /home/maxim/super_ws/install/px4_msgs/lib/python3.12/site-packages/px4_msgs/msg/_radio_status.py\n'}
[2.580065] (px4_msgs) StdoutLine: {'line': b'-- Up-to-date symlink: /home/maxim/super_ws/install/px4_msgs/lib/python3.12/site-packages/px4_msgs/msg/_radio_status_s.c\n'}
[2.580260] (px4_msgs) StdoutLine: {'line': b'-- Up-to-date symlink: /home/maxim/super_ws/install/px4_msgs/lib/python3.12/site-packages/px4_msgs/msg/_ranging_beacon.py\n'}
[2.580434] (px4_msgs) StdoutLine: {'line': b'-- Up-to-date symlink: /home/maxim/super_ws/install/px4_msgs/lib/python3.12/site-packages/px4_msgs/msg/_ranging_beacon_s.c\n'}
[2.580638] (px4_msgs) StdoutLine: {'line': b'-- Up-to-date symlink: /home/maxim/super_ws/install/px4_msgs/lib/python3.12/site-packages/px4_msgs/msg/_raptor_input.py\n'}
[2.580886] (px4_msgs) StdoutLine: {'line': b'-- Up-to-date symlink: /home/maxim/super_ws/install/px4_msgs/lib/python3.12/site-packages/px4_msgs/msg/_raptor_input_s.c\n'}
[2.581042] (px4_msgs) StdoutLine: {'line': b'-- Up-to-date symlink: /home/maxim/super_ws/install/px4_msgs/lib/python3.12/site-packages/px4_msgs/msg/_raptor_status.py\n'}
[2.581245] (px4_msgs) StdoutLine: {'line': b'-- Up-to-date symlink: /home/maxim/super_ws/install/px4_msgs/lib/python3.12/site-packages/px4_msgs/msg/_raptor_status_s.c\n'}
[2.581399] (px4_msgs) StdoutLine: {'line': b'-- Up-to-date symlink: /home/maxim/super_ws/install/px4_msgs/lib/python3.12/site-packages/px4_msgs/msg/_rate_ctrl_status.py\n'}
[2.581574] (px4_msgs) StdoutLine: {'line': b'-- Up-to-date symlink: /home/maxim/super_ws/install/px4_msgs/lib/python3.12/site-packages/px4_msgs/msg/_rate_ctrl_status_s.c\n'}
[2.581713] (px4_msgs) StdoutLine: {'line': b'-- Up-to-date symlink: /home/maxim/super_ws/install/px4_msgs/lib/python3.12/site-packages/px4_msgs/msg/_rc_channels.py\n'}
[2.581910] (px4_msgs) StdoutLine: {'line': b'-- Up-to-date symlink: /home/maxim/super_ws/install/px4_msgs/lib/python3.12/site-packages/px4_msgs/msg/_rc_channels_s.c\n'}
[2.582063] (px4_msgs) StdoutLine: {'line': b'-- Up-to-date symlink: /home/maxim/super_ws/install/px4_msgs/lib/python3.12/site-packages/px4_msgs/msg/_rc_parameter_map.py\n'}
[2.582269] (px4_msgs) StdoutLine: {'line': b'-- Up-to-date symlink: /home/maxim/super_ws/install/px4_msgs/lib/python3.12/site-packages/px4_msgs/msg/_rc_parameter_map_s.c\n'}
[2.582661] (px4_msgs) StdoutLine: {'line': b'-- Up-to-date symlink: /home/maxim/super_ws/install/px4_msgs/lib/python3.12/site-packages/px4_msgs/msg/_register_ext_component_reply.py\n'}
[2.582854] (px4_msgs) StdoutLine: {'line': b'-- Up-to-date symlink: /home/maxim/super_ws/install/px4_msgs/lib/python3.12/site-packages/px4_msgs/msg/_register_ext_component_reply_s.c\n'}
[2.582997] (px4_msgs) StdoutLine: {'line': b'-- Up-to-date symlink: /home/maxim/super_ws/install/px4_msgs/lib/python3.12/site-packages/px4_msgs/msg/_register_ext_component_request.py\n'}
[2.583188] (px4_msgs) StdoutLine: {'line': b'-- Up-to-date symlink: /home/maxim/super_ws/install/px4_msgs/lib/python3.12/site-packages/px4_msgs/msg/_register_ext_component_request_s.c\n'}
[2.583407] (px4_msgs) StdoutLine: {'line': b'-- Up-to-date symlink: /home/maxim/super_ws/install/px4_msgs/lib/python3.12/site-packages/px4_msgs/msg/_rover_attitude_setpoint.py\n'}
[2.583634] (px4_msgs) StdoutLine: {'line': b'-- Up-to-date symlink: /home/maxim/super_ws/install/px4_msgs/lib/python3.12/site-packages/px4_msgs/msg/_rover_attitude_setpoint_s.c\n'}
[2.583857] (px4_msgs) StdoutLine: {'line': b'-- Up-to-date symlink: /home/maxim/super_ws/install/px4_msgs/lib/python3.12/site-packages/px4_msgs/msg/_rover_attitude_status.py\n'}
[2.583990] (px4_msgs) StdoutLine: {'line': b'-- Up-to-date symlink: /home/maxim/super_ws/install/px4_msgs/lib/python3.12/site-packages/px4_msgs/msg/_rover_attitude_status_s.c\n'}
[2.584155] (px4_msgs) StdoutLine: {'line': b'-- Up-to-date symlink: /home/maxim/super_ws/install/px4_msgs/lib/python3.12/site-packages/px4_msgs/msg/_rover_position_setpoint.py\n'}
[2.584301] (px4_msgs) StdoutLine: {'line': b'-- Up-to-date symlink: /home/maxim/super_ws/install/px4_msgs/lib/python3.12/site-packages/px4_msgs/msg/_rover_position_setpoint_s.c\n'}
[2.584450] (px4_msgs) StdoutLine: {'line': b'-- Up-to-date symlink: /home/maxim/super_ws/install/px4_msgs/lib/python3.12/site-packages/px4_msgs/msg/_rover_rate_setpoint.py\n'}
[2.584557] (px4_msgs) StdoutLine: {'line': b'-- Up-to-date symlink: /home/maxim/super_ws/install/px4_msgs/lib/python3.12/site-packages/px4_msgs/msg/_rover_rate_setpoint_s.c\n'}
[2.584643] (px4_msgs) StdoutLine: {'line': b'-- Up-to-date symlink: /home/maxim/super_ws/install/px4_msgs/lib/python3.12/site-packages/px4_msgs/msg/_rover_rate_status.py\n'}
[2.584722] (px4_msgs) StdoutLine: {'line': b'-- Up-to-date symlink: /home/maxim/super_ws/install/px4_msgs/lib/python3.12/site-packages/px4_msgs/msg/_rover_rate_status_s.c\n'}
[2.584925] (px4_msgs) StdoutLine: {'line': b'-- Up-to-date symlink: /home/maxim/super_ws/install/px4_msgs/lib/python3.12/site-packages/px4_msgs/msg/_rover_speed_setpoint.py\n'}
[2.585040] (px4_msgs) StdoutLine: {'line': b'-- Up-to-date symlink: /home/maxim/super_ws/install/px4_msgs/lib/python3.12/site-packages/px4_msgs/msg/_rover_speed_setpoint_s.c\n'}
[2.585279] (px4_msgs) StdoutLine: {'line': b'-- Up-to-date symlink: /home/maxim/super_ws/install/px4_msgs/lib/python3.12/site-packages/px4_msgs/msg/_rover_speed_status.py\n'}
[2.585450] (px4_msgs) StdoutLine: {'line': b'-- Up-to-date symlink: /home/maxim/super_ws/install/px4_msgs/lib/python3.12/site-packages/px4_msgs/msg/_rover_speed_status_s.c\n'}
[2.585584] (px4_msgs) StdoutLine: {'line': b'-- Up-to-date symlink: /home/maxim/super_ws/install/px4_msgs/lib/python3.12/site-packages/px4_msgs/msg/_rover_steering_setpoint.py\n'}
[2.585754] (px4_msgs) StdoutLine: {'line': b'-- Up-to-date symlink: /home/maxim/super_ws/install/px4_msgs/lib/python3.12/site-packages/px4_msgs/msg/_rover_steering_setpoint_s.c\n'}
[2.585899] (px4_msgs) StdoutLine: {'line': b'-- Up-to-date symlink: /home/maxim/super_ws/install/px4_msgs/lib/python3.12/site-packages/px4_msgs/msg/_rover_throttle_setpoint.py\n'}
[2.586037] (px4_msgs) StdoutLine: {'line': b'-- Up-to-date symlink: /home/maxim/super_ws/install/px4_msgs/lib/python3.12/site-packages/px4_msgs/msg/_rover_throttle_setpoint_s.c\n'}
[2.586178] (px4_msgs) StdoutLine: {'line': b'-- Up-to-date symlink: /home/maxim/super_ws/install/px4_msgs/lib/python3.12/site-packages/px4_msgs/msg/_rpm.py\n'}
[2.586369] (px4_msgs) StdoutLine: {'line': b'-- Up-to-date symlink: /home/maxim/super_ws/install/px4_msgs/lib/python3.12/site-packages/px4_msgs/msg/_rpm_s.c\n'}
[2.586549] (px4_msgs) StdoutLine: {'line': b'-- Up-to-date symlink: /home/maxim/super_ws/install/px4_msgs/lib/python3.12/site-packages/px4_msgs/msg/_rtl_status.py\n'}
[2.586788] (px4_msgs) StdoutLine: {'line': b'-- Up-to-date symlink: /home/maxim/super_ws/install/px4_msgs/lib/python3.12/site-packages/px4_msgs/msg/_rtl_status_s.c\n'}
[2.586942] (px4_msgs) StdoutLine: {'line': b'-- Up-to-date symlink: /home/maxim/super_ws/install/px4_msgs/lib/python3.12/site-packages/px4_msgs/msg/_rtl_time_estimate.py\n'}
[2.587033] (px4_msgs) StdoutLine: {'line': b'-- Up-to-date symlink: /home/maxim/super_ws/install/px4_msgs/lib/python3.12/site-packages/px4_msgs/msg/_rtl_time_estimate_s.c\n'}
[2.587273] (px4_msgs) StdoutLine: {'line': b'-- Up-to-date symlink: /home/maxim/super_ws/install/px4_msgs/lib/python3.12/site-packages/px4_msgs/msg/_satellite_info.py\n'}
[2.587494] (px4_msgs) StdoutLine: {'line': b'-- Up-to-date symlink: /home/maxim/super_ws/install/px4_msgs/lib/python3.12/site-packages/px4_msgs/msg/_satellite_info_s.c\n'}
[2.587671] (px4_msgs) StdoutLine: {'line': b'-- Up-to-date symlink: /home/maxim/super_ws/install/px4_msgs/lib/python3.12/site-packages/px4_msgs/msg/_sensor_accel.py\n'}
[2.587851] (px4_msgs) StdoutLine: {'line': b'-- Up-to-date symlink: /home/maxim/super_ws/install/px4_msgs/lib/python3.12/site-packages/px4_msgs/msg/_sensor_accel_fifo.py\n'}
[2.588006] (px4_msgs) StdoutLine: {'line': b'-- Up-to-date symlink: /home/maxim/super_ws/install/px4_msgs/lib/python3.12/site-packages/px4_msgs/msg/_sensor_accel_fifo_s.c\n'}
[2.588186] (px4_msgs) StdoutLine: {'line': b'-- Up-to-date symlink: /home/maxim/super_ws/install/px4_msgs/lib/python3.12/site-packages/px4_msgs/msg/_sensor_accel_s.c\n'}
[2.588366] (px4_msgs) StdoutLine: {'line': b'-- Up-to-date symlink: /home/maxim/super_ws/install/px4_msgs/lib/python3.12/site-packages/px4_msgs/msg/_sensor_airflow.py\n'}
[2.588524] (px4_msgs) StdoutLine: {'line': b'-- Up-to-date symlink: /home/maxim/super_ws/install/px4_msgs/lib/python3.12/site-packages/px4_msgs/msg/_sensor_airflow_s.c\n'}
[2.588681] (px4_msgs) StdoutLine: {'line': b'-- Up-to-date symlink: /home/maxim/super_ws/install/px4_msgs/lib/python3.12/site-packages/px4_msgs/msg/_sensor_baro.py\n'}
[2.588877] (px4_msgs) StdoutLine: {'line': b'-- Up-to-date symlink: /home/maxim/super_ws/install/px4_msgs/lib/python3.12/site-packages/px4_msgs/msg/_sensor_baro_s.c\n'}
[2.589008] (px4_msgs) StdoutLine: {'line': b'-- Up-to-date symlink: /home/maxim/super_ws/install/px4_msgs/lib/python3.12/site-packages/px4_msgs/msg/_sensor_combined.py\n'}
[2.589194] (px4_msgs) StdoutLine: {'line': b'-- Up-to-date symlink: /home/maxim/super_ws/install/px4_msgs/lib/python3.12/site-packages/px4_msgs/msg/_sensor_combined_s.c\n'}
[2.589305] (px4_msgs) StdoutLine: {'line': b'-- Up-to-date symlink: /home/maxim/super_ws/install/px4_msgs/lib/python3.12/site-packages/px4_msgs/msg/_sensor_correction.py\n'}
[2.589466] (px4_msgs) StdoutLine: {'line': b'-- Up-to-date symlink: /home/maxim/super_ws/install/px4_msgs/lib/python3.12/site-packages/px4_msgs/msg/_sensor_correction_s.c\n'}
[2.589657] (px4_msgs) StdoutLine: {'line': b'-- Up-to-date symlink: /home/maxim/super_ws/install/px4_msgs/lib/python3.12/site-packages/px4_msgs/msg/_sensor_gnss_relative.py\n'}
[2.589872] (px4_msgs) StdoutLine: {'line': b'-- Up-to-date symlink: /home/maxim/super_ws/install/px4_msgs/lib/python3.12/site-packages/px4_msgs/msg/_sensor_gnss_relative_s.c\n'}
[2.589987] (px4_msgs) StdoutLine: {'line': b'-- Up-to-date symlink: /home/maxim/super_ws/install/px4_msgs/lib/python3.12/site-packages/px4_msgs/msg/_sensor_gnss_status.py\n'}
[2.590167] (px4_msgs) StdoutLine: {'line': b'-- Up-to-date symlink: /home/maxim/super_ws/install/px4_msgs/lib/python3.12/site-packages/px4_msgs/msg/_sensor_gnss_status_s.c\n'}
[2.590310] (px4_msgs) StdoutLine: {'line': b'-- Up-to-date symlink: /home/maxim/super_ws/install/px4_msgs/lib/python3.12/site-packages/px4_msgs/msg/_sensor_gps.py\n'}
[2.590458] (px4_msgs) StdoutLine: {'line': b'-- Up-to-date symlink: /home/maxim/super_ws/install/px4_msgs/lib/python3.12/site-packages/px4_msgs/msg/_sensor_gps_s.c\n'}
[2.590618] (px4_msgs) StdoutLine: {'line': b'-- Up-to-date symlink: /home/maxim/super_ws/install/px4_msgs/lib/python3.12/site-packages/px4_msgs/msg/_sensor_gyro.py\n'}
[2.590787] (px4_msgs) StdoutLine: {'line': b'-- Up-to-date symlink: /home/maxim/super_ws/install/px4_msgs/lib/python3.12/site-packages/px4_msgs/msg/_sensor_gyro_fft.py\n'}
[2.590966] (px4_msgs) StdoutLine: {'line': b'-- Up-to-date symlink: /home/maxim/super_ws/install/px4_msgs/lib/python3.12/site-packages/px4_msgs/msg/_sensor_gyro_fft_s.c\n'}
[2.591183] (px4_msgs) StdoutLine: {'line': b'-- Up-to-date symlink: /home/maxim/super_ws/install/px4_msgs/lib/python3.12/site-packages/px4_msgs/msg/_sensor_gyro_fifo.py\n'}
[2.591352] (px4_msgs) StdoutLine: {'line': b'-- Up-to-date symlink: /home/maxim/super_ws/install/px4_msgs/lib/python3.12/site-packages/px4_msgs/msg/_sensor_gyro_fifo_s.c\n'}
[2.591509] (px4_msgs) StdoutLine: {'line': b'-- Up-to-date symlink: /home/maxim/super_ws/install/px4_msgs/lib/python3.12/site-packages/px4_msgs/msg/_sensor_gyro_s.c\n'}
[2.591661] (px4_msgs) StdoutLine: {'line': b'-- Up-to-date symlink: /home/maxim/super_ws/install/px4_msgs/lib/python3.12/site-packages/px4_msgs/msg/_sensor_hygrometer.py\n'}
[2.591824] (px4_msgs) StdoutLine: {'line': b'-- Up-to-date symlink: /home/maxim/super_ws/install/px4_msgs/lib/python3.12/site-packages/px4_msgs/msg/_sensor_hygrometer_s.c\n'}
[2.591978] (px4_msgs) StdoutLine: {'line': b'-- Up-to-date symlink: /home/maxim/super_ws/install/px4_msgs/lib/python3.12/site-packages/px4_msgs/msg/_sensor_mag.py\n'}
[2.592071] (px4_msgs) StdoutLine: {'line': b'-- Up-to-date symlink: /home/maxim/super_ws/install/px4_msgs/lib/python3.12/site-packages/px4_msgs/msg/_sensor_mag_s.c\n'}
[2.592204] (px4_msgs) StdoutLine: {'line': b'-- Up-to-date symlink: /home/maxim/super_ws/install/px4_msgs/lib/python3.12/site-packages/px4_msgs/msg/_sensor_optical_flow.py\n'}
[2.592316] (px4_msgs) StdoutLine: {'line': b'-- Up-to-date symlink: /home/maxim/super_ws/install/px4_msgs/lib/python3.12/site-packages/px4_msgs/msg/_sensor_optical_flow_s.c\n'}
[2.592450] (px4_msgs) StdoutLine: {'line': b'-- Up-to-date symlink: /home/maxim/super_ws/install/px4_msgs/lib/python3.12/site-packages/px4_msgs/msg/_sensor_preflight_mag.py\n'}
[2.592586] (px4_msgs) StdoutLine: {'line': b'-- Up-to-date symlink: /home/maxim/super_ws/install/px4_msgs/lib/python3.12/site-packages/px4_msgs/msg/_sensor_preflight_mag_s.c\n'}
[2.592708] (px4_msgs) StdoutLine: {'line': b'-- Up-to-date symlink: /home/maxim/super_ws/install/px4_msgs/lib/python3.12/site-packages/px4_msgs/msg/_sensor_selection.py\n'}
[2.592797] (px4_msgs) StdoutLine: {'line': b'-- Up-to-date symlink: /home/maxim/super_ws/install/px4_msgs/lib/python3.12/site-packages/px4_msgs/msg/_sensor_selection_s.c\n'}
[2.592912] (px4_msgs) StdoutLine: {'line': b'-- Up-to-date symlink: /home/maxim/super_ws/install/px4_msgs/lib/python3.12/site-packages/px4_msgs/msg/_sensor_temp.py\n'}
[2.593026] (px4_msgs) StdoutLine: {'line': b'-- Up-to-date symlink: /home/maxim/super_ws/install/px4_msgs/lib/python3.12/site-packages/px4_msgs/msg/_sensor_temp_s.c\n'}
[2.593139] (px4_msgs) StdoutLine: {'line': b'-- Up-to-date symlink: /home/maxim/super_ws/install/px4_msgs/lib/python3.12/site-packages/px4_msgs/msg/_sensor_uwb.py\n'}
[2.593273] (px4_msgs) StdoutLine: {'line': b'-- Up-to-date symlink: /home/maxim/super_ws/install/px4_msgs/lib/python3.12/site-packages/px4_msgs/msg/_sensor_uwb_s.c\n'}
[2.593354] (px4_msgs) StdoutLine: {'line': b'-- Up-to-date symlink: /home/maxim/super_ws/install/px4_msgs/lib/python3.12/site-packages/px4_msgs/msg/_sensors_status.py\n'}
[2.593462] (px4_msgs) StdoutLine: {'line': b'-- Up-to-date symlink: /home/maxim/super_ws/install/px4_msgs/lib/python3.12/site-packages/px4_msgs/msg/_sensors_status_imu.py\n'}
[2.593571] (px4_msgs) StdoutLine: {'line': b'-- Up-to-date symlink: /home/maxim/super_ws/install/px4_msgs/lib/python3.12/site-packages/px4_msgs/msg/_sensors_status_imu_s.c\n'}
[2.593678] (px4_msgs) StdoutLine: {'line': b'-- Up-to-date symlink: /home/maxim/super_ws/install/px4_msgs/lib/python3.12/site-packages/px4_msgs/msg/_sensors_status_s.c\n'}
[2.593934] (px4_msgs) StdoutLine: {'line': b'-- Up-to-date symlink: /home/maxim/super_ws/install/px4_msgs/lib/python3.12/site-packages/px4_msgs/msg/_system_power.py\n'}
[2.594019] (px4_msgs) StdoutLine: {'line': b'-- Up-to-date symlink: /home/maxim/super_ws/install/px4_msgs/lib/python3.12/site-packages/px4_msgs/msg/_system_power_s.c\n'}
[2.594130] (px4_msgs) StdoutLine: {'line': b'-- Up-to-date symlink: /home/maxim/super_ws/install/px4_msgs/lib/python3.12/site-packages/px4_msgs/msg/_takeoff_status.py\n'}
[2.594267] (px4_msgs) StdoutLine: {'line': b'-- Up-to-date symlink: /home/maxim/super_ws/install/px4_msgs/lib/python3.12/site-packages/px4_msgs/msg/_takeoff_status_s.c\n'}
[2.594352] (px4_msgs) StdoutLine: {'line': b'-- Up-to-date symlink: /home/maxim/super_ws/install/px4_msgs/lib/python3.12/site-packages/px4_msgs/msg/_target_gnss.py\n'}
[2.594446] (px4_msgs) StdoutLine: {'line': b'-- Up-to-date symlink: /home/maxim/super_ws/install/px4_msgs/lib/python3.12/site-packages/px4_msgs/msg/_target_gnss_s.c\n'}
[2.594581] (px4_msgs) StdoutLine: {'line': b'-- Up-to-date symlink: /home/maxim/super_ws/install/px4_msgs/lib/python3.12/site-packages/px4_msgs/msg/_task_stack_info.py\n'}
[2.594690] (px4_msgs) StdoutLine: {'line': b'-- Up-to-date symlink: /home/maxim/super_ws/install/px4_msgs/lib/python3.12/site-packages/px4_msgs/msg/_task_stack_info_s.c\n'}
[2.594822] (px4_msgs) StdoutLine: {'line': b'-- Up-to-date symlink: /home/maxim/super_ws/install/px4_msgs/lib/python3.12/site-packages/px4_msgs/msg/_tecs_status.py\n'}
[2.594924] (px4_msgs) StdoutLine: {'line': b'-- Up-to-date symlink: /home/maxim/super_ws/install/px4_msgs/lib/python3.12/site-packages/px4_msgs/msg/_tecs_status_s.c\n'}
[2.594996] (px4_msgs) StdoutLine: {'line': b'-- Up-to-date symlink: /home/maxim/super_ws/install/px4_msgs/lib/python3.12/site-packages/px4_msgs/msg/_telemetry_status.py\n'}
[2.595155] (px4_msgs) StdoutLine: {'line': b'-- Up-to-date symlink: /home/maxim/super_ws/install/px4_msgs/lib/python3.12/site-packages/px4_msgs/msg/_telemetry_status_s.c\n'}
[2.595241] (px4_msgs) StdoutLine: {'line': b'-- Up-to-date symlink: /home/maxim/super_ws/install/px4_msgs/lib/python3.12/site-packages/px4_msgs/msg/_tiltrotor_extra_controls.py\n'}
[2.595317] (px4_msgs) StdoutLine: {'line': b'-- Up-to-date symlink: /home/maxim/super_ws/install/px4_msgs/lib/python3.12/site-packages/px4_msgs/msg/_tiltrotor_extra_controls_s.c\n'}
[2.595401] (px4_msgs) StdoutLine: {'line': b'-- Up-to-date symlink: /home/maxim/super_ws/install/px4_msgs/lib/python3.12/site-packages/px4_msgs/msg/_timesync_status.py\n'}
[2.595570] (px4_msgs) StdoutLine: {'line': b'-- Up-to-date symlink: /home/maxim/super_ws/install/px4_msgs/lib/python3.12/site-packages/px4_msgs/msg/_timesync_status_s.c\n'}
[2.595777] (px4_msgs) StdoutLine: {'line': b'-- Up-to-date symlink: /home/maxim/super_ws/install/px4_msgs/lib/python3.12/site-packages/px4_msgs/msg/_trajectory_setpoint.py\n'}
[2.595984] (px4_msgs) StdoutLine: {'line': b'-- Up-to-date symlink: /home/maxim/super_ws/install/px4_msgs/lib/python3.12/site-packages/px4_msgs/msg/_trajectory_setpoint6dof.py\n'}
[2.596151] (px4_msgs) StdoutLine: {'line': b'-- Up-to-date symlink: /home/maxim/super_ws/install/px4_msgs/lib/python3.12/site-packages/px4_msgs/msg/_trajectory_setpoint6dof_s.c\n'}
[2.596346] (px4_msgs) StdoutLine: {'line': b'-- Up-to-date symlink: /home/maxim/super_ws/install/px4_msgs/lib/python3.12/site-packages/px4_msgs/msg/_trajectory_setpoint_s.c\n'}
[2.596555] (px4_msgs) StdoutLine: {'line': b'-- Up-to-date symlink: /home/maxim/super_ws/install/px4_msgs/lib/python3.12/site-packages/px4_msgs/msg/_transponder_report.py\n'}
[2.596789] (px4_msgs) StdoutLine: {'line': b'-- Up-to-date symlink: /home/maxim/super_ws/install/px4_msgs/lib/python3.12/site-packages/px4_msgs/msg/_transponder_report_s.c\n'}
[2.596968] (px4_msgs) StdoutLine: {'line': b'-- Up-to-date symlink: /home/maxim/super_ws/install/px4_msgs/lib/python3.12/site-packages/px4_msgs/msg/_tune_control.py\n'}
[2.597242] (px4_msgs) StdoutLine: {'line': b'-- Up-to-date symlink: /home/maxim/super_ws/install/px4_msgs/lib/python3.12/site-packages/px4_msgs/msg/_tune_control_s.c\n'}
[2.597394] (px4_msgs) StdoutLine: {'line': b'-- Up-to-date symlink: /home/maxim/super_ws/install/px4_msgs/lib/python3.12/site-packages/px4_msgs/msg/_uavcan_parameter_request.py\n'}
[2.597536] (px4_msgs) StdoutLine: {'line': b'-- Up-to-date symlink: /home/maxim/super_ws/install/px4_msgs/lib/python3.12/site-packages/px4_msgs/msg/_uavcan_parameter_request_s.c\n'}
[2.597772] (px4_msgs) StdoutLine: {'line': b'-- Up-to-date symlink: /home/maxim/super_ws/install/px4_msgs/lib/python3.12/site-packages/px4_msgs/msg/_uavcan_parameter_value.py\n'}
[2.597933] (px4_msgs) StdoutLine: {'line': b'-- Up-to-date symlink: /home/maxim/super_ws/install/px4_msgs/lib/python3.12/site-packages/px4_msgs/msg/_uavcan_parameter_value_s.c\n'}
[2.598020] (px4_msgs) StdoutLine: {'line': b'-- Up-to-date symlink: /home/maxim/super_ws/install/px4_msgs/lib/python3.12/site-packages/px4_msgs/msg/_ulog_stream.py\n'}
[2.598100] (px4_msgs) StdoutLine: {'line': b'-- Up-to-date symlink: /home/maxim/super_ws/install/px4_msgs/lib/python3.12/site-packages/px4_msgs/msg/_ulog_stream_ack.py\n'}
[2.598239] (px4_msgs) StdoutLine: {'line': b'-- Up-to-date symlink: /home/maxim/super_ws/install/px4_msgs/lib/python3.12/site-packages/px4_msgs/msg/_ulog_stream_ack_s.c\n'}
[2.598437] (px4_msgs) StdoutLine: {'line': b'-- Up-to-date symlink: /home/maxim/super_ws/install/px4_msgs/lib/python3.12/site-packages/px4_msgs/msg/_ulog_stream_s.c\n'}
[2.598578] (px4_msgs) StdoutLine: {'line': b'-- Up-to-date symlink: /home/maxim/super_ws/install/px4_msgs/lib/python3.12/site-packages/px4_msgs/msg/_unregister_ext_component.py\n'}
[2.598753] (px4_msgs) StdoutLine: {'line': b'-- Up-to-date symlink: /home/maxim/super_ws/install/px4_msgs/lib/python3.12/site-packages/px4_msgs/msg/_unregister_ext_component_s.c\n'}
[2.598921] (px4_msgs) StdoutLine: {'line': b'-- Up-to-date symlink: /home/maxim/super_ws/install/px4_msgs/lib/python3.12/site-packages/px4_msgs/msg/_vehicle_acceleration.py\n'}
[2.599164] (px4_msgs) StdoutLine: {'line': b'-- Up-to-date symlink: /home/maxim/super_ws/install/px4_msgs/lib/python3.12/site-packages/px4_msgs/msg/_vehicle_acceleration_s.c\n'}
[2.599305] (px4_msgs) StdoutLine: {'line': b'-- Up-to-date symlink: /home/maxim/super_ws/install/px4_msgs/lib/python3.12/site-packages/px4_msgs/msg/_vehicle_air_data.py\n'}
[2.599465] (px4_msgs) StdoutLine: {'line': b'-- Up-to-date symlink: /home/maxim/super_ws/install/px4_msgs/lib/python3.12/site-packages/px4_msgs/msg/_vehicle_air_data_s.c\n'}
[2.599633] (px4_msgs) StdoutLine: {'line': b'-- Up-to-date symlink: /home/maxim/super_ws/install/px4_msgs/lib/python3.12/site-packages/px4_msgs/msg/_vehicle_angular_acceleration_setpoint.py\n'}
[2.599798] (px4_msgs) StdoutLine: {'line': b'-- Up-to-date symlink: /home/maxim/super_ws/install/px4_msgs/lib/python3.12/site-packages/px4_msgs/msg/_vehicle_angular_acceleration_setpoint_s.c\n'}
[2.599904] (px4_msgs) StdoutLine: {'line': b'-- Up-to-date symlink: /home/maxim/super_ws/install/px4_msgs/lib/python3.12/site-packages/px4_msgs/msg/_vehicle_angular_velocity.py\n'}
[2.600055] (px4_msgs) StdoutLine: {'line': b'-- Up-to-date symlink: /home/maxim/super_ws/install/px4_msgs/lib/python3.12/site-packages/px4_msgs/msg/_vehicle_angular_velocity_s.c\n'}
[2.600200] (px4_msgs) StdoutLine: {'line': b'-- Up-to-date symlink: /home/maxim/super_ws/install/px4_msgs/lib/python3.12/site-packages/px4_msgs/msg/_vehicle_attitude.py\n'}
[2.600375] (px4_msgs) StdoutLine: {'line': b'-- Up-to-date symlink: /home/maxim/super_ws/install/px4_msgs/lib/python3.12/site-packages/px4_msgs/msg/_vehicle_attitude_s.c\n'}
[2.600547] (px4_msgs) StdoutLine: {'line': b'-- Up-to-date symlink: /home/maxim/super_ws/install/px4_msgs/lib/python3.12/site-packages/px4_msgs/msg/_vehicle_attitude_setpoint.py\n'}
[2.600717] (px4_msgs) StdoutLine: {'line': b'-- Up-to-date symlink: /home/maxim/super_ws/install/px4_msgs/lib/python3.12/site-packages/px4_msgs/msg/_vehicle_attitude_setpoint_s.c\n'}
[2.600913] (px4_msgs) StdoutLine: {'line': b'-- Up-to-date symlink: /home/maxim/super_ws/install/px4_msgs/lib/python3.12/site-packages/px4_msgs/msg/_vehicle_command.py\n'}
[2.601030] (px4_msgs) StdoutLine: {'line': b'-- Up-to-date symlink: /home/maxim/super_ws/install/px4_msgs/lib/python3.12/site-packages/px4_msgs/msg/_vehicle_command_ack.py\n'}
[2.601210] (px4_msgs) StdoutLine: {'line': b'-- Up-to-date symlink: /home/maxim/super_ws/install/px4_msgs/lib/python3.12/site-packages/px4_msgs/msg/_vehicle_command_ack_s.c\n'}
[2.601327] (px4_msgs) StdoutLine: {'line': b'-- Up-to-date symlink: /home/maxim/super_ws/install/px4_msgs/lib/python3.12/site-packages/px4_msgs/msg/_vehicle_command_s.c\n'}
[2.601470] (px4_msgs) StdoutLine: {'line': b'-- Up-to-date symlink: /home/maxim/super_ws/install/px4_msgs/lib/python3.12/site-packages/px4_msgs/msg/_vehicle_constraints.py\n'}
[2.601615] (px4_msgs) StdoutLine: {'line': b'-- Up-to-date symlink: /home/maxim/super_ws/install/px4_msgs/lib/python3.12/site-packages/px4_msgs/msg/_vehicle_constraints_s.c\n'}
[2.601825] (px4_msgs) StdoutLine: {'line': b'-- Up-to-date symlink: /home/maxim/super_ws/install/px4_msgs/lib/python3.12/site-packages/px4_msgs/msg/_vehicle_control_mode.py\n'}
[2.602007] (px4_msgs) StdoutLine: {'line': b'-- Up-to-date symlink: /home/maxim/super_ws/install/px4_msgs/lib/python3.12/site-packages/px4_msgs/msg/_vehicle_control_mode_s.c\n'}
[2.602194] (px4_msgs) StdoutLine: {'line': b'-- Up-to-date symlink: /home/maxim/super_ws/install/px4_msgs/lib/python3.12/site-packages/px4_msgs/msg/_vehicle_global_position.py\n'}
[2.602350] (px4_msgs) StdoutLine: {'line': b'-- Up-to-date symlink: /home/maxim/super_ws/install/px4_msgs/lib/python3.12/site-packages/px4_msgs/msg/_vehicle_global_position_s.c\n'}
[2.602513] (px4_msgs) StdoutLine: {'line': b'-- Up-to-date symlink: /home/maxim/super_ws/install/px4_msgs/lib/python3.12/site-packages/px4_msgs/msg/_vehicle_imu.py\n'}
[2.602676] (px4_msgs) StdoutLine: {'line': b'-- Up-to-date symlink: /home/maxim/super_ws/install/px4_msgs/lib/python3.12/site-packages/px4_msgs/msg/_vehicle_imu_s.c\n'}
[2.602812] (px4_msgs) StdoutLine: {'line': b'-- Up-to-date symlink: /home/maxim/super_ws/install/px4_msgs/lib/python3.12/site-packages/px4_msgs/msg/_vehicle_imu_status.py\n'}
[2.602975] (px4_msgs) StdoutLine: {'line': b'-- Up-to-date symlink: /home/maxim/super_ws/install/px4_msgs/lib/python3.12/site-packages/px4_msgs/msg/_vehicle_imu_status_s.c\n'}
[2.603185] (px4_msgs) StdoutLine: {'line': b'-- Up-to-date symlink: /home/maxim/super_ws/install/px4_msgs/lib/python3.12/site-packages/px4_msgs/msg/_vehicle_land_detected.py\n'}
[2.603331] (-) TimerEvent: {}
[2.603419] (px4_msgs) StdoutLine: {'line': b'-- Up-to-date symlink: /home/maxim/super_ws/install/px4_msgs/lib/python3.12/site-packages/px4_msgs/msg/_vehicle_land_detected_s.c\n'}
[2.603629] (px4_msgs) StdoutLine: {'line': b'-- Up-to-date symlink: /home/maxim/super_ws/install/px4_msgs/lib/python3.12/site-packages/px4_msgs/msg/_vehicle_local_position.py\n'}
[2.603865] (px4_msgs) StdoutLine: {'line': b'-- Up-to-date symlink: /home/maxim/super_ws/install/px4_msgs/lib/python3.12/site-packages/px4_msgs/msg/_vehicle_local_position_s.c\n'}
[2.604002] (px4_msgs) StdoutLine: {'line': b'-- Up-to-date symlink: /home/maxim/super_ws/install/px4_msgs/lib/python3.12/site-packages/px4_msgs/msg/_vehicle_local_position_setpoint.py\n'}
[2.604190] (px4_msgs) StdoutLine: {'line': b'-- Up-to-date symlink: /home/maxim/super_ws/install/px4_msgs/lib/python3.12/site-packages/px4_msgs/msg/_vehicle_local_position_setpoint_s.c\n'}
[2.604341] (px4_msgs) StdoutLine: {'line': b'-- Up-to-date symlink: /home/maxim/super_ws/install/px4_msgs/lib/python3.12/site-packages/px4_msgs/msg/_vehicle_magnetometer.py\n'}
[2.604456] (px4_msgs) StdoutLine: {'line': b'-- Up-to-date symlink: /home/maxim/super_ws/install/px4_msgs/lib/python3.12/site-packages/px4_msgs/msg/_vehicle_magnetometer_s.c\n'}
[2.604620] (px4_msgs) StdoutLine: {'line': b'-- Up-to-date symlink: /home/maxim/super_ws/install/px4_msgs/lib/python3.12/site-packages/px4_msgs/msg/_vehicle_odometry.py\n'}
[2.604782] (px4_msgs) StdoutLine: {'line': b'-- Up-to-date symlink: /home/maxim/super_ws/install/px4_msgs/lib/python3.12/site-packages/px4_msgs/msg/_vehicle_odometry_s.c\n'}
[2.604949] (px4_msgs) StdoutLine: {'line': b'-- Up-to-date symlink: /home/maxim/super_ws/install/px4_msgs/lib/python3.12/site-packages/px4_msgs/msg/_vehicle_optical_flow.py\n'}
[2.605156] (px4_msgs) StdoutLine: {'line': b'-- Up-to-date symlink: /home/maxim/super_ws/install/px4_msgs/lib/python3.12/site-packages/px4_msgs/msg/_vehicle_optical_flow_s.c\n'}
[2.605314] (px4_msgs) StdoutLine: {'line': b'-- Up-to-date symlink: /home/maxim/super_ws/install/px4_msgs/lib/python3.12/site-packages/px4_msgs/msg/_vehicle_optical_flow_vel.py\n'}
[2.605498] (px4_msgs) StdoutLine: {'line': b'-- Up-to-date symlink: /home/maxim/super_ws/install/px4_msgs/lib/python3.12/site-packages/px4_msgs/msg/_vehicle_optical_flow_vel_s.c\n'}
[2.605648] (px4_msgs) StdoutLine: {'line': b'-- Up-to-date symlink: /home/maxim/super_ws/install/px4_msgs/lib/python3.12/site-packages/px4_msgs/msg/_vehicle_rates_setpoint.py\n'}
[2.605741] (px4_msgs) StdoutLine: {'line': b'-- Up-to-date symlink: /home/maxim/super_ws/install/px4_msgs/lib/python3.12/site-packages/px4_msgs/msg/_vehicle_rates_setpoint_s.c\n'}
[2.605932] (px4_msgs) StdoutLine: {'line': b'-- Up-to-date symlink: /home/maxim/super_ws/install/px4_msgs/lib/python3.12/site-packages/px4_msgs/msg/_vehicle_roi.py\n'}
[2.606151] (px4_msgs) StdoutLine: {'line': b'-- Up-to-date symlink: /home/maxim/super_ws/install/px4_msgs/lib/python3.12/site-packages/px4_msgs/msg/_vehicle_roi_s.c\n'}
[2.606276] (px4_msgs) StdoutLine: {'line': b'-- Up-to-date symlink: /home/maxim/super_ws/install/px4_msgs/lib/python3.12/site-packages/px4_msgs/msg/_vehicle_status.py\n'}
[2.606445] (px4_msgs) StdoutLine: {'line': b'-- Up-to-date symlink: /home/maxim/super_ws/install/px4_msgs/lib/python3.12/site-packages/px4_msgs/msg/_vehicle_status_s.c\n'}
[2.606632] (px4_msgs) StdoutLine: {'line': b'-- Up-to-date symlink: /home/maxim/super_ws/install/px4_msgs/lib/python3.12/site-packages/px4_msgs/msg/_vehicle_thrust_setpoint.py\n'}
[2.606842] (px4_msgs) StdoutLine: {'line': b'-- Up-to-date symlink: /home/maxim/super_ws/install/px4_msgs/lib/python3.12/site-packages/px4_msgs/msg/_vehicle_thrust_setpoint_s.c\n'}
[2.606993] (px4_msgs) StdoutLine: {'line': b'-- Up-to-date symlink: /home/maxim/super_ws/install/px4_msgs/lib/python3.12/site-packages/px4_msgs/msg/_vehicle_torque_setpoint.py\n'}
[2.607210] (px4_msgs) StdoutLine: {'line': b'-- Up-to-date symlink: /home/maxim/super_ws/install/px4_msgs/lib/python3.12/site-packages/px4_msgs/msg/_vehicle_torque_setpoint_s.c\n'}
[2.607356] (px4_msgs) StdoutLine: {'line': b'-- Up-to-date symlink: /home/maxim/super_ws/install/px4_msgs/lib/python3.12/site-packages/px4_msgs/msg/_velocity_limits.py\n'}
[2.607503] (px4_msgs) StdoutLine: {'line': b'-- Up-to-date symlink: /home/maxim/super_ws/install/px4_msgs/lib/python3.12/site-packages/px4_msgs/msg/_velocity_limits_s.c\n'}
[2.607695] (px4_msgs) StdoutLine: {'line': b'-- Up-to-date symlink: /home/maxim/super_ws/install/px4_msgs/lib/python3.12/site-packages/px4_msgs/msg/_vte_aid_source1d.py\n'}
[2.607773] (px4_msgs) StdoutLine: {'line': b'-- Up-to-date symlink: /home/maxim/super_ws/install/px4_msgs/lib/python3.12/site-packages/px4_msgs/msg/_vte_aid_source1d_s.c\n'}
[2.607881] (px4_msgs) StdoutLine: {'line': b'-- Up-to-date symlink: /home/maxim/super_ws/install/px4_msgs/lib/python3.12/site-packages/px4_msgs/msg/_vte_aid_source3d.py\n'}
[2.607962] (px4_msgs) StdoutLine: {'line': b'-- Up-to-date symlink: /home/maxim/super_ws/install/px4_msgs/lib/python3.12/site-packages/px4_msgs/msg/_vte_aid_source3d_s.c\n'}
[2.608124] (px4_msgs) StdoutLine: {'line': b'-- Up-to-date symlink: /home/maxim/super_ws/install/px4_msgs/lib/python3.12/site-packages/px4_msgs/msg/_vte_bias_init_status.py\n'}
[2.608204] (px4_msgs) StdoutLine: {'line': b'-- Up-to-date symlink: /home/maxim/super_ws/install/px4_msgs/lib/python3.12/site-packages/px4_msgs/msg/_vte_bias_init_status_s.c\n'}
[2.608282] (px4_msgs) StdoutLine: {'line': b'-- Up-to-date symlink: /home/maxim/super_ws/install/px4_msgs/lib/python3.12/site-packages/px4_msgs/msg/_vte_input.py\n'}
[2.608389] (px4_msgs) StdoutLine: {'line': b'-- Up-to-date symlink: /home/maxim/super_ws/install/px4_msgs/lib/python3.12/site-packages/px4_msgs/msg/_vte_input_s.c\n'}
[2.608494] (px4_msgs) StdoutLine: {'line': b'-- Up-to-date symlink: /home/maxim/super_ws/install/px4_msgs/lib/python3.12/site-packages/px4_msgs/msg/_vte_orientation.py\n'}
[2.608627] (px4_msgs) StdoutLine: {'line': b'-- Up-to-date symlink: /home/maxim/super_ws/install/px4_msgs/lib/python3.12/site-packages/px4_msgs/msg/_vte_orientation_s.c\n'}
[2.608782] (px4_msgs) StdoutLine: {'line': b'-- Up-to-date symlink: /home/maxim/super_ws/install/px4_msgs/lib/python3.12/site-packages/px4_msgs/msg/_vte_position.py\n'}
[2.608991] (px4_msgs) StdoutLine: {'line': b'-- Up-to-date symlink: /home/maxim/super_ws/install/px4_msgs/lib/python3.12/site-packages/px4_msgs/msg/_vte_position_s.c\n'}
[2.609116] (px4_msgs) StdoutLine: {'line': b'-- Up-to-date symlink: /home/maxim/super_ws/install/px4_msgs/lib/python3.12/site-packages/px4_msgs/msg/_vtol_vehicle_status.py\n'}
[2.609261] (px4_msgs) StdoutLine: {'line': b'-- Up-to-date symlink: /home/maxim/super_ws/install/px4_msgs/lib/python3.12/site-packages/px4_msgs/msg/_vtol_vehicle_status_s.c\n'}
[2.609449] (px4_msgs) StdoutLine: {'line': b'-- Up-to-date symlink: /home/maxim/super_ws/install/px4_msgs/lib/python3.12/site-packages/px4_msgs/msg/_vtx.py\n'}
[2.609596] (px4_msgs) StdoutLine: {'line': b'-- Up-to-date symlink: /home/maxim/super_ws/install/px4_msgs/lib/python3.12/site-packages/px4_msgs/msg/_vtx_s.c\n'}
[2.609744] (px4_msgs) StdoutLine: {'line': b'-- Up-to-date symlink: /home/maxim/super_ws/install/px4_msgs/lib/python3.12/site-packages/px4_msgs/msg/_wheel_encoders.py\n'}
[2.609849] (px4_msgs) StdoutLine: {'line': b'-- Up-to-date symlink: /home/maxim/super_ws/install/px4_msgs/lib/python3.12/site-packages/px4_msgs/msg/_wheel_encoders_s.c\n'}
[2.609996] (px4_msgs) StdoutLine: {'line': b'-- Up-to-date symlink: /home/maxim/super_ws/install/px4_msgs/lib/python3.12/site-packages/px4_msgs/msg/_wind.py\n'}
[2.610217] (px4_msgs) StdoutLine: {'line': b'-- Up-to-date symlink: /home/maxim/super_ws/install/px4_msgs/lib/python3.12/site-packages/px4_msgs/msg/_wind_s.c\n'}
[2.610396] (px4_msgs) StdoutLine: {'line': b'-- Up-to-date symlink: /home/maxim/super_ws/install/px4_msgs/lib/python3.12/site-packages/px4_msgs/msg/_yaw_estimator_status.py\n'}
[2.610611] (px4_msgs) StdoutLine: {'line': b'-- Up-to-date symlink: /home/maxim/super_ws/install/px4_msgs/lib/python3.12/site-packages/px4_msgs/msg/_yaw_estimator_status_s.c\n'}
[2.610795] (px4_msgs) StdoutLine: {'line': b'-- Up-to-date symlink: /home/maxim/super_ws/install/px4_msgs/lib/python3.12/site-packages/px4_msgs/px4_msgs_s__rosidl_typesupport_c.so\n'}
[2.610954] (px4_msgs) StdoutLine: {'line': b'-- Up-to-date symlink: /home/maxim/super_ws/install/px4_msgs/lib/python3.12/site-packages/px4_msgs/px4_msgs_s__rosidl_typesupport_fastrtps_c.so\n'}
[2.611062] (px4_msgs) StdoutLine: {'line': b'-- Up-to-date symlink: /home/maxim/super_ws/install/px4_msgs/lib/python3.12/site-packages/px4_msgs/px4_msgs_s__rosidl_typesupport_introspection_c.so\n'}
[2.611276] (px4_msgs) StdoutLine: {'line': b'-- Up-to-date symlink: /home/maxim/super_ws/install/px4_msgs/lib/python3.12/site-packages/px4_msgs/srv/__init__.py\n'}
[2.611438] (px4_msgs) StdoutLine: {'line': b'-- Up-to-date symlink: /home/maxim/super_ws/install/px4_msgs/lib/python3.12/site-packages/px4_msgs/srv/_vehicle_command.py\n'}
[2.611623] (px4_msgs) StdoutLine: {'line': b'-- Up-to-date symlink: /home/maxim/super_ws/install/px4_msgs/lib/python3.12/site-packages/px4_msgs/srv/_vehicle_command_s.c\n'}
[2.611902] (px4_msgs) StdoutLine: {'line': b'-- Up-to-date symlink: /home/maxim/super_ws/install/px4_msgs/lib/python3.12/site-packages/px4_msgs/px4_msgs_s__rosidl_typesupport_fastrtps_c.so\n'}
[2.612235] (px4_msgs) StdoutLine: {'line': b'-- Up-to-date symlink: /home/maxim/super_ws/install/px4_msgs/lib/python3.12/site-packages/px4_msgs/px4_msgs_s__rosidl_typesupport_introspection_c.so\n'}
[2.612492] (px4_msgs) StdoutLine: {'line': b'-- Up-to-date symlink: /home/maxim/super_ws/install/px4_msgs/lib/python3.12/site-packages/px4_msgs/px4_msgs_s__rosidl_typesupport_c.so\n'}
[2.612757] (px4_msgs) StdoutLine: {'line': b'-- Up-to-date symlink: /home/maxim/super_ws/install/px4_msgs/share/ament_index/resource_index/rust_packages/px4_msgs\n'}
[2.613204] (px4_msgs) StdoutLine: {'line': b'-- Up-to-date symlink: /home/maxim/super_ws/install/px4_msgs/share/px4_msgs/rust/Cargo.toml\n'}
[2.613351] (px4_msgs) StdoutLine: {'line': b'-- Up-to-date symlink: /home/maxim/super_ws/install/px4_msgs/share/px4_msgs/rust/build.rs\n'}
[2.613610] (px4_msgs) StdoutLine: {'line': b'-- Up-to-date symlink: /home/maxim/super_ws/install/px4_msgs/share/px4_msgs/rust/src/lib.rs\n'}
[2.613744] (px4_msgs) StdoutLine: {'line': b'-- Up-to-date symlink: /home/maxim/super_ws/install/px4_msgs/share/px4_msgs/rust/src/msg.rs\n'}
[2.613956] (px4_msgs) StdoutLine: {'line': b'-- Up-to-date symlink: /home/maxim/super_ws/install/px4_msgs/share/px4_msgs/rust/src/msg/rmw.rs\n'}
[2.614239] (px4_msgs) StdoutLine: {'line': b'-- Up-to-date symlink: /home/maxim/super_ws/install/px4_msgs/share/px4_msgs/rust/src/srv.rs\n'}
[2.614523] (px4_msgs) StdoutLine: {'line': b'-- Up-to-date symlink: /home/maxim/super_ws/install/px4_msgs/share/px4_msgs/rust/src/srv/rmw.rs\n'}
[2.614750] (px4_msgs) StdoutLine: {'line': b'-- Up-to-date symlink: /home/maxim/super_ws/install/px4_msgs/share/px4_msgs/msg/ActionRequest.idl\n'}
[2.614974] (px4_msgs) StdoutLine: {'line': b'-- Up-to-date symlink: /home/maxim/super_ws/install/px4_msgs/share/px4_msgs/msg/ActuatorArmed.idl\n'}
[2.615199] (px4_msgs) StdoutLine: {'line': b'-- Up-to-date symlink: /home/maxim/super_ws/install/px4_msgs/share/px4_msgs/msg/ActuatorControlsStatus.idl\n'}
[2.615422] (px4_msgs) StdoutLine: {'line': b'-- Up-to-date symlink: /home/maxim/super_ws/install/px4_msgs/share/px4_msgs/msg/ActuatorMotors.idl\n'}
[2.615604] (px4_msgs) StdoutLine: {'line': b'-- Up-to-date symlink: /home/maxim/super_ws/install/px4_msgs/share/px4_msgs/msg/ActuatorOutputs.idl\n'}
[2.615808] (px4_msgs) StdoutLine: {'line': b'-- Up-to-date symlink: /home/maxim/super_ws/install/px4_msgs/share/px4_msgs/msg/ActuatorServos.idl\n'}
[2.616029] (px4_msgs) StdoutLine: {'line': b'-- Up-to-date symlink: /home/maxim/super_ws/install/px4_msgs/share/px4_msgs/msg/ActuatorServosTrim.idl\n'}
[2.616250] (px4_msgs) StdoutLine: {'line': b'-- Up-to-date symlink: /home/maxim/super_ws/install/px4_msgs/share/px4_msgs/msg/ActuatorTest.idl\n'}
[2.616514] (px4_msgs) StdoutLine: {'line': b'-- Up-to-date symlink: /home/maxim/super_ws/install/px4_msgs/share/px4_msgs/msg/AdcReport.idl\n'}
[2.616755] (px4_msgs) StdoutLine: {'line': b'-- Up-to-date symlink: /home/maxim/super_ws/install/px4_msgs/share/px4_msgs/msg/Airspeed.idl\n'}
[2.617019] (px4_msgs) StdoutLine: {'line': b'-- Up-to-date symlink: /home/maxim/super_ws/install/px4_msgs/share/px4_msgs/msg/AirspeedValidated.idl\n'}
[2.617289] (px4_msgs) StdoutLine: {'line': b'-- Up-to-date symlink: /home/maxim/super_ws/install/px4_msgs/share/px4_msgs/msg/AirspeedWind.idl\n'}
[2.617565] (px4_msgs) StdoutLine: {'line': b'-- Up-to-date symlink: /home/maxim/super_ws/install/px4_msgs/share/px4_msgs/msg/ArmingCheckReply.idl\n'}
[2.617835] (px4_msgs) StdoutLine: {'line': b'-- Up-to-date symlink: /home/maxim/super_ws/install/px4_msgs/share/px4_msgs/msg/ArmingCheckRequest.idl\n'}
[2.618019] (px4_msgs) StdoutLine: {'line': b'-- Up-to-date symlink: /home/maxim/super_ws/install/px4_msgs/share/px4_msgs/msg/AutotuneAttitudeControlStatus.idl\n'}
[2.618248] (px4_msgs) StdoutLine: {'line': b'-- Up-to-date symlink: /home/maxim/super_ws/install/px4_msgs/share/px4_msgs/msg/AuxGlobalPosition.idl\n'}
[2.618414] (px4_msgs) StdoutLine: {'line': b'-- Up-to-date symlink: /home/maxim/super_ws/install/px4_msgs/share/px4_msgs/msg/BatteryInfo.idl\n'}
[2.618591] (px4_msgs) StdoutLine: {'line': b'-- Up-to-date symlink: /home/maxim/super_ws/install/px4_msgs/share/px4_msgs/msg/BatteryStatus.idl\n'}
[2.618803] (px4_msgs) StdoutLine: {'line': b'-- Up-to-date symlink: /home/maxim/super_ws/install/px4_msgs/share/px4_msgs/msg/ButtonEvent.idl\n'}
[2.619016] (px4_msgs) StdoutLine: {'line': b'-- Up-to-date symlink: /home/maxim/super_ws/install/px4_msgs/share/px4_msgs/msg/CameraCapture.idl\n'}
[2.619271] (px4_msgs) StdoutLine: {'line': b'-- Up-to-date symlink: /home/maxim/super_ws/install/px4_msgs/share/px4_msgs/msg/CameraStatus.idl\n'}
[2.619456] (px4_msgs) StdoutLine: {'line': b'-- Up-to-date symlink: /home/maxim/super_ws/install/px4_msgs/share/px4_msgs/msg/CameraTrigger.idl\n'}
[2.619668] (px4_msgs) StdoutLine: {'line': b'-- Up-to-date symlink: /home/maxim/super_ws/install/px4_msgs/share/px4_msgs/msg/CanInterfaceStatus.idl\n'}
[2.619815] (px4_msgs) StdoutLine: {'line': b'-- Up-to-date symlink: /home/maxim/super_ws/install/px4_msgs/share/px4_msgs/msg/CellularStatus.idl\n'}
[2.619961] (px4_msgs) StdoutLine: {'line': b'-- Up-to-date symlink: /home/maxim/super_ws/install/px4_msgs/share/px4_msgs/msg/CollisionConstraints.idl\n'}
[2.620155] (px4_msgs) StdoutLine: {'line': b'-- Up-to-date symlink: /home/maxim/super_ws/install/px4_msgs/share/px4_msgs/msg/ConfigOverrides.idl\n'}
[2.620320] (px4_msgs) StdoutLine: {'line': b'-- Up-to-date symlink: /home/maxim/super_ws/install/px4_msgs/share/px4_msgs/msg/ControlAllocatorStatus.idl\n'}
[2.620526] (px4_msgs) StdoutLine: {'line': b'-- Up-to-date symlink: /home/maxim/super_ws/install/px4_msgs/share/px4_msgs/msg/Cpuload.idl\n'}
[2.620767] (px4_msgs) StdoutLine: {'line': b'-- Up-to-date symlink: /home/maxim/super_ws/install/px4_msgs/share/px4_msgs/msg/DatamanRequest.idl\n'}
[2.620970] (px4_msgs) StdoutLine: {'line': b'-- Up-to-date symlink: /home/maxim/super_ws/install/px4_msgs/share/px4_msgs/msg/DatamanResponse.idl\n'}
[2.621194] (px4_msgs) StdoutLine: {'line': b'-- Up-to-date symlink: /home/maxim/super_ws/install/px4_msgs/share/px4_msgs/msg/DebugArray.idl\n'}
[2.621397] (px4_msgs) StdoutLine: {'line': b'-- Up-to-date symlink: /home/maxim/super_ws/install/px4_msgs/share/px4_msgs/msg/DebugKeyValue.idl\n'}
[2.621567] (px4_msgs) StdoutLine: {'line': b'-- Up-to-date symlink: /home/maxim/super_ws/install/px4_msgs/share/px4_msgs/msg/DebugValue.idl\n'}
[2.621762] (px4_msgs) StdoutLine: {'line': b'-- Up-to-date symlink: /home/maxim/super_ws/install/px4_msgs/share/px4_msgs/msg/DebugVect.idl\n'}
[2.622004] (px4_msgs) StdoutLine: {'line': b'-- Up-to-date symlink: /home/maxim/super_ws/install/px4_msgs/share/px4_msgs/msg/DeviceInformation.idl\n'}
[2.622179] (px4_msgs) StdoutLine: {'line': b'-- Up-to-date symlink: /home/maxim/super_ws/install/px4_msgs/share/px4_msgs/msg/DifferentialPressure.idl\n'}
[2.622385] (px4_msgs) StdoutLine: {'line': b'-- Up-to-date symlink: /home/maxim/super_ws/install/px4_msgs/share/px4_msgs/msg/DistanceSensor.idl\n'}
[2.622603] (px4_msgs) StdoutLine: {'line': b'-- Up-to-date symlink: /home/maxim/super_ws/install/px4_msgs/share/px4_msgs/msg/DistanceSensorModeChangeRequest.idl\n'}
[2.622754] (px4_msgs) StdoutLine: {'line': b'-- Up-to-date symlink: /home/maxim/super_ws/install/px4_msgs/share/px4_msgs/msg/DronecanNodeStatus.idl\n'}
[2.622961] (px4_msgs) StdoutLine: {'line': b'-- Up-to-date symlink: /home/maxim/super_ws/install/px4_msgs/share/px4_msgs/msg/Ekf2Timestamps.idl\n'}
[2.623176] (px4_msgs) StdoutLine: {'line': b'-- Up-to-date symlink: /home/maxim/super_ws/install/px4_msgs/share/px4_msgs/msg/EscEepromRead.idl\n'}
[2.623362] (px4_msgs) StdoutLine: {'line': b'-- Up-to-date symlink: /home/maxim/super_ws/install/px4_msgs/share/px4_msgs/msg/EscEepromWrite.idl\n'}
[2.623583] (px4_msgs) StdoutLine: {'line': b'-- Up-to-date symlink: /home/maxim/super_ws/install/px4_msgs/share/px4_msgs/msg/EscReport.idl\n'}
[2.623801] (px4_msgs) StdoutLine: {'line': b'-- Up-to-date symlink: /home/maxim/super_ws/install/px4_msgs/share/px4_msgs/msg/EscStatus.idl\n'}
[2.623989] (px4_msgs) StdoutLine: {'line': b'-- Up-to-date symlink: /home/maxim/super_ws/install/px4_msgs/share/px4_msgs/msg/EstimatorAidSource1d.idl\n'}
[2.624251] (px4_msgs) StdoutLine: {'line': b'-- Up-to-date symlink: /home/maxim/super_ws/install/px4_msgs/share/px4_msgs/msg/EstimatorAidSource2d.idl\n'}
[2.624569] (px4_msgs) StdoutLine: {'line': b'-- Up-to-date symlink: /home/maxim/super_ws/install/px4_msgs/share/px4_msgs/msg/EstimatorAidSource3d.idl\n'}
[2.624735] (px4_msgs) StdoutLine: {'line': b'-- Up-to-date symlink: /home/maxim/super_ws/install/px4_msgs/share/px4_msgs/msg/EstimatorBias.idl\n'}
[2.624857] (px4_msgs) StdoutLine: {'line': b'-- Up-to-date symlink: /home/maxim/super_ws/install/px4_msgs/share/px4_msgs/msg/EstimatorBias3d.idl\n'}
[2.625008] (px4_msgs) StdoutLine: {'line': b'-- Up-to-date symlink: /home/maxim/super_ws/install/px4_msgs/share/px4_msgs/msg/EstimatorEventFlags.idl\n'}
[2.625289] (px4_msgs) StdoutLine: {'line': b'-- Up-to-date symlink: /home/maxim/super_ws/install/px4_msgs/share/px4_msgs/msg/EstimatorFusionControl.idl\n'}
[2.625591] (px4_msgs) StdoutLine: {'line': b'-- Up-to-date symlink: /home/maxim/super_ws/install/px4_msgs/share/px4_msgs/msg/EstimatorGpsStatus.idl\n'}
[2.625839] (px4_msgs) StdoutLine: {'line': b'-- Up-to-date symlink: /home/maxim/super_ws/install/px4_msgs/share/px4_msgs/msg/EstimatorInnovations.idl\n'}
[2.626024] (px4_msgs) StdoutLine: {'line': b'-- Up-to-date symlink: /home/maxim/super_ws/install/px4_msgs/share/px4_msgs/msg/EstimatorSelectorStatus.idl\n'}
[2.626223] (px4_msgs) StdoutLine: {'line': b'-- Up-to-date symlink: /home/maxim/super_ws/install/px4_msgs/share/px4_msgs/msg/EstimatorSensorBias.idl\n'}
[2.626439] (px4_msgs) StdoutLine: {'line': b'-- Up-to-date symlink: /home/maxim/super_ws/install/px4_msgs/share/px4_msgs/msg/EstimatorStates.idl\n'}
[2.626660] (px4_msgs) StdoutLine: {'line': b'-- Up-to-date symlink: /home/maxim/super_ws/install/px4_msgs/share/px4_msgs/msg/EstimatorStatus.idl\n'}
[2.626880] (px4_msgs) StdoutLine: {'line': b'-- Up-to-date symlink: /home/maxim/super_ws/install/px4_msgs/share/px4_msgs/msg/EstimatorStatusFlags.idl\n'}
[2.627147] (px4_msgs) StdoutLine: {'line': b'-- Up-to-date symlink: /home/maxim/super_ws/install/px4_msgs/share/px4_msgs/msg/Event.idl\n'}
[2.627343] (px4_msgs) StdoutLine: {'line': b'-- Up-to-date symlink: /home/maxim/super_ws/install/px4_msgs/share/px4_msgs/msg/FailsafeFlags.idl\n'}
[2.627517] (px4_msgs) StdoutLine: {'line': b'-- Up-to-date symlink: /home/maxim/super_ws/install/px4_msgs/share/px4_msgs/msg/FailureDetectorStatus.idl\n'}
[2.627694] (px4_msgs) StdoutLine: {'line': b'-- Up-to-date symlink: /home/maxim/super_ws/install/px4_msgs/share/px4_msgs/msg/FiducialMarkerPosReport.idl\n'}
[2.627891] (px4_msgs) StdoutLine: {'line': b'-- Up-to-date symlink: /home/maxim/super_ws/install/px4_msgs/share/px4_msgs/msg/FiducialMarkerYawReport.idl\n'}
[2.628108] (px4_msgs) StdoutLine: {'line': b'-- Up-to-date symlink: /home/maxim/super_ws/install/px4_msgs/share/px4_msgs/msg/FigureEightStatus.idl\n'}
[2.628314] (px4_msgs) StdoutLine: {'line': b'-- Up-to-date symlink: /home/maxim/super_ws/install/px4_msgs/share/px4_msgs/msg/FixedWingLateralGuidanceStatus.idl\n'}
[2.628522] (px4_msgs) StdoutLine: {'line': b'-- Up-to-date symlink: /home/maxim/super_ws/install/px4_msgs/share/px4_msgs/msg/FixedWingLateralSetpoint.idl\n'}
[2.628729] (px4_msgs) StdoutLine: {'line': b'-- Up-to-date symlink: /home/maxim/super_ws/install/px4_msgs/share/px4_msgs/msg/FixedWingLateralStatus.idl\n'}
[2.628913] (px4_msgs) StdoutLine: {'line': b'-- Up-to-date symlink: /home/maxim/super_ws/install/px4_msgs/share/px4_msgs/msg/FixedWingLongitudinalSetpoint.idl\n'}
[2.629105] (px4_msgs) StdoutLine: {'line': b'-- Up-to-date symlink: /home/maxim/super_ws/install/px4_msgs/share/px4_msgs/msg/FixedWingRunwayControl.idl\n'}
[2.629287] (px4_msgs) StdoutLine: {'line': b'-- Up-to-date symlink: /home/maxim/super_ws/install/px4_msgs/share/px4_msgs/msg/FlightPhaseEstimation.idl\n'}
[2.629471] (px4_msgs) StdoutLine: {'line': b'-- Up-to-date symlink: /home/maxim/super_ws/install/px4_msgs/share/px4_msgs/msg/FollowTarget.idl\n'}
[2.629724] (px4_msgs) StdoutLine: {'line': b'-- Up-to-date symlink: /home/maxim/super_ws/install/px4_msgs/share/px4_msgs/msg/FollowTargetEstimator.idl\n'}
[2.629942] (px4_msgs) StdoutLine: {'line': b'-- Up-to-date symlink: /home/maxim/super_ws/install/px4_msgs/share/px4_msgs/msg/FollowTargetStatus.idl\n'}
[2.630187] (px4_msgs) StdoutLine: {'line': b'-- Up-to-date symlink: /home/maxim/super_ws/install/px4_msgs/share/px4_msgs/msg/FuelTankStatus.idl\n'}
[2.630396] (px4_msgs) StdoutLine: {'line': b'-- Up-to-date symlink: /home/maxim/super_ws/install/px4_msgs/share/px4_msgs/msg/GainCompression.idl\n'}
[2.630596] (px4_msgs) StdoutLine: {'line': b'-- Up-to-date symlink: /home/maxim/super_ws/install/px4_msgs/share/px4_msgs/msg/GeneratorStatus.idl\n'}
[2.630742] (px4_msgs) StdoutLine: {'line': b'-- Up-to-date symlink: /home/maxim/super_ws/install/px4_msgs/share/px4_msgs/msg/GeofenceResult.idl\n'}
[2.630934] (px4_msgs) StdoutLine: {'line': b'-- Up-to-date symlink: /home/maxim/super_ws/install/px4_msgs/share/px4_msgs/msg/GeofenceStatus.idl\n'}
[2.631077] (px4_msgs) StdoutLine: {'line': b'-- Up-to-date symlink: /home/maxim/super_ws/install/px4_msgs/share/px4_msgs/msg/GimbalControls.idl\n'}
[2.631279] (px4_msgs) StdoutLine: {'line': b'-- Up-to-date symlink: /home/maxim/super_ws/install/px4_msgs/share/px4_msgs/msg/GimbalDeviceAttitudeStatus.idl\n'}
[2.631446] (px4_msgs) StdoutLine: {'line': b'-- Up-to-date symlink: /home/maxim/super_ws/install/px4_msgs/share/px4_msgs/msg/GimbalDeviceInformation.idl\n'}
[2.631631] (px4_msgs) StdoutLine: {'line': b'-- Up-to-date symlink: /home/maxim/super_ws/install/px4_msgs/share/px4_msgs/msg/GimbalDeviceSetAttitude.idl\n'}
[2.631782] (px4_msgs) StdoutLine: {'line': b'-- Up-to-date symlink: /home/maxim/super_ws/install/px4_msgs/share/px4_msgs/msg/GimbalManagerInformation.idl\n'}
[2.631923] (px4_msgs) StdoutLine: {'line': b'-- Up-to-date symlink: /home/maxim/super_ws/install/px4_msgs/share/px4_msgs/msg/GimbalManagerSetAttitude.idl\n'}
[2.632050] (px4_msgs) StdoutLine: {'line': b'-- Up-to-date symlink: /home/maxim/super_ws/install/px4_msgs/share/px4_msgs/msg/GimbalManagerSetManualControl.idl\n'}
[2.632237] (px4_msgs) StdoutLine: {'line': b'-- Up-to-date symlink: /home/maxim/super_ws/install/px4_msgs/share/px4_msgs/msg/GimbalManagerStatus.idl\n'}
[2.632348] (px4_msgs) StdoutLine: {'line': b'-- Up-to-date symlink: /home/maxim/super_ws/install/px4_msgs/share/px4_msgs/msg/GotoSetpoint.idl\n'}
[2.632493] (px4_msgs) StdoutLine: {'line': b'-- Up-to-date symlink: /home/maxim/super_ws/install/px4_msgs/share/px4_msgs/msg/GpioConfig.idl\n'}
[2.632639] (px4_msgs) StdoutLine: {'line': b'-- Up-to-date symlink: /home/maxim/super_ws/install/px4_msgs/share/px4_msgs/msg/GpioIn.idl\n'}
[2.632849] (px4_msgs) StdoutLine: {'line': b'-- Up-to-date symlink: /home/maxim/super_ws/install/px4_msgs/share/px4_msgs/msg/GpioOut.idl\n'}
[2.633066] (px4_msgs) StdoutLine: {'line': b'-- Up-to-date symlink: /home/maxim/super_ws/install/px4_msgs/share/px4_msgs/msg/GpioRequest.idl\n'}
[2.633303] (px4_msgs) StdoutLine: {'line': b'-- Up-to-date symlink: /home/maxim/super_ws/install/px4_msgs/share/px4_msgs/msg/GpsDump.idl\n'}
[2.633555] (px4_msgs) StdoutLine: {'line': b'-- Up-to-date symlink: /home/maxim/super_ws/install/px4_msgs/share/px4_msgs/msg/GpsInjectData.idl\n'}
[2.633797] (px4_msgs) StdoutLine: {'line': b'-- Up-to-date symlink: /home/maxim/super_ws/install/px4_msgs/share/px4_msgs/msg/Gripper.idl\n'}
[2.633979] (px4_msgs) StdoutLine: {'line': b'-- Up-to-date symlink: /home/maxim/super_ws/install/px4_msgs/share/px4_msgs/msg/HealthReport.idl\n'}
[2.634202] (px4_msgs) StdoutLine: {'line': b'-- Up-to-date symlink: /home/maxim/super_ws/install/px4_msgs/share/px4_msgs/msg/HeaterStatus.idl\n'}
[2.634389] (px4_msgs) StdoutLine: {'line': b'-- Up-to-date symlink: /home/maxim/super_ws/install/px4_msgs/share/px4_msgs/msg/HomePosition.idl\n'}
[2.634612] (px4_msgs) StdoutLine: {'line': b'-- Up-to-date symlink: /home/maxim/super_ws/install/px4_msgs/share/px4_msgs/msg/HoverThrustEstimate.idl\n'}
[2.634801] (px4_msgs) StdoutLine: {'line': b'-- Up-to-date symlink: /home/maxim/super_ws/install/px4_msgs/share/px4_msgs/msg/InputRc.idl\n'}
[2.635024] (px4_msgs) StdoutLine: {'line': b'-- Up-to-date symlink: /home/maxim/super_ws/install/px4_msgs/share/px4_msgs/msg/InternalCombustionEngineControl.idl\n'}
[2.635282] (px4_msgs) StdoutLine: {'line': b'-- Up-to-date symlink: /home/maxim/super_ws/install/px4_msgs/share/px4_msgs/msg/InternalCombustionEngineStatus.idl\n'}
[2.635491] (px4_msgs) StdoutLine: {'line': b'-- Up-to-date symlink: /home/maxim/super_ws/install/px4_msgs/share/px4_msgs/msg/IridiumsbdStatus.idl\n'}
[2.635605] (px4_msgs) StdoutLine: {'line': b'-- Up-to-date symlink: /home/maxim/super_ws/install/px4_msgs/share/px4_msgs/msg/IrlockReport.idl\n'}
[2.635748] (px4_msgs) StdoutLine: {'line': b'-- Up-to-date symlink: /home/maxim/super_ws/install/px4_msgs/share/px4_msgs/msg/LandingGear.idl\n'}
[2.635897] (px4_msgs) StdoutLine: {'line': b'-- Up-to-date symlink: /home/maxim/super_ws/install/px4_msgs/share/px4_msgs/msg/LandingGearWheel.idl\n'}
[2.636123] (px4_msgs) StdoutLine: {'line': b'-- Up-to-date symlink: /home/maxim/super_ws/install/px4_msgs/share/px4_msgs/msg/LandingTargetInnovations.idl\n'}
[2.636306] (px4_msgs) StdoutLine: {'line': b'-- Up-to-date symlink: /home/maxim/super_ws/install/px4_msgs/share/px4_msgs/msg/LandingTargetPose.idl\n'}
[2.636458] (px4_msgs) StdoutLine: {'line': b'-- Up-to-date symlink: /home/maxim/super_ws/install/px4_msgs/share/px4_msgs/msg/LateralControlConfiguration.idl\n'}
[2.636680] (px4_msgs) StdoutLine: {'line': b'-- Up-to-date symlink: /home/maxim/super_ws/install/px4_msgs/share/px4_msgs/msg/LaunchDetectionStatus.idl\n'}
[2.636930] (px4_msgs) StdoutLine: {'line': b'-- Up-to-date symlink: /home/maxim/super_ws/install/px4_msgs/share/px4_msgs/msg/LedControl.idl\n'}
[2.637147] (px4_msgs) StdoutLine: {'line': b'-- Up-to-date symlink: /home/maxim/super_ws/install/px4_msgs/share/px4_msgs/msg/LogMessage.idl\n'}
[2.637365] (px4_msgs) StdoutLine: {'line': b'-- Up-to-date symlink: /home/maxim/super_ws/install/px4_msgs/share/px4_msgs/msg/LoggerStatus.idl\n'}
[2.637537] (px4_msgs) StdoutLine: {'line': b'-- Up-to-date symlink: /home/maxim/super_ws/install/px4_msgs/share/px4_msgs/msg/LongitudinalControlConfiguration.idl\n'}
[2.637739] (px4_msgs) StdoutLine: {'line': b'-- Up-to-date symlink: /home/maxim/super_ws/install/px4_msgs/share/px4_msgs/msg/MagWorkerData.idl\n'}
[2.637971] (px4_msgs) StdoutLine: {'line': b'-- Up-to-date symlink: /home/maxim/super_ws/install/px4_msgs/share/px4_msgs/msg/MagnetometerBiasEstimate.idl\n'}
[2.638173] (px4_msgs) StdoutLine: {'line': b'-- Up-to-date symlink: /home/maxim/super_ws/install/px4_msgs/share/px4_msgs/msg/ManualControlSetpoint.idl\n'}
[2.638349] (px4_msgs) StdoutLine: {'line': b'-- Up-to-date symlink: /home/maxim/super_ws/install/px4_msgs/share/px4_msgs/msg/ManualControlSwitches.idl\n'}
[2.638556] (px4_msgs) StdoutLine: {'line': b'-- Up-to-date symlink: /home/maxim/super_ws/install/px4_msgs/share/px4_msgs/msg/MavlinkLog.idl\n'}
[2.638774] (px4_msgs) StdoutLine: {'line': b'-- Up-to-date symlink: /home/maxim/super_ws/install/px4_msgs/share/px4_msgs/msg/MavlinkTunnel.idl\n'}
[2.639024] (px4_msgs) StdoutLine: {'line': b'-- Up-to-date symlink: /home/maxim/super_ws/install/px4_msgs/share/px4_msgs/msg/MessageFormatRequest.idl\n'}
[2.639212] (px4_msgs) StdoutLine: {'line': b'-- Up-to-date symlink: /home/maxim/super_ws/install/px4_msgs/share/px4_msgs/msg/MessageFormatResponse.idl\n'}
[2.639394] (px4_msgs) StdoutLine: {'line': b'-- Up-to-date symlink: /home/maxim/super_ws/install/px4_msgs/share/px4_msgs/msg/Mission.idl\n'}
[2.639547] (px4_msgs) StdoutLine: {'line': b'-- Up-to-date symlink: /home/maxim/super_ws/install/px4_msgs/share/px4_msgs/msg/MissionResult.idl\n'}
[2.639723] (px4_msgs) StdoutLine: {'line': b'-- Up-to-date symlink: /home/maxim/super_ws/install/px4_msgs/share/px4_msgs/msg/ModeCompleted.idl\n'}
[2.639979] (px4_msgs) StdoutLine: {'line': b'-- Up-to-date symlink: /home/maxim/super_ws/install/px4_msgs/share/px4_msgs/msg/MountOrientation.idl\n'}
[2.640188] (px4_msgs) StdoutLine: {'line': b'-- Up-to-date symlink: /home/maxim/super_ws/install/px4_msgs/share/px4_msgs/msg/NavigatorMissionItem.idl\n'}
[2.640392] (px4_msgs) StdoutLine: {'line': b'-- Up-to-date symlink: /home/maxim/super_ws/install/px4_msgs/share/px4_msgs/msg/NavigatorStatus.idl\n'}
[2.640562] (px4_msgs) StdoutLine: {'line': b'-- Up-to-date symlink: /home/maxim/super_ws/install/px4_msgs/share/px4_msgs/msg/NeuralControl.idl\n'}
[2.640763] (px4_msgs) StdoutLine: {'line': b'-- Up-to-date symlink: /home/maxim/super_ws/install/px4_msgs/share/px4_msgs/msg/NormalizedUnsignedSetpoint.idl\n'}
[2.640906] (px4_msgs) StdoutLine: {'line': b'-- Up-to-date symlink: /home/maxim/super_ws/install/px4_msgs/share/px4_msgs/msg/ObstacleDistance.idl\n'}
[2.641054] (px4_msgs) StdoutLine: {'line': b'-- Up-to-date symlink: /home/maxim/super_ws/install/px4_msgs/share/px4_msgs/msg/OffboardControlMode.idl\n'}
[2.641201] (px4_msgs) StdoutLine: {'line': b'-- Up-to-date symlink: /home/maxim/super_ws/install/px4_msgs/share/px4_msgs/msg/OnboardComputerStatus.idl\n'}
[2.641426] (px4_msgs) StdoutLine: {'line': b'-- Up-to-date symlink: /home/maxim/super_ws/install/px4_msgs/share/px4_msgs/msg/OpenDroneIdArmStatus.idl\n'}
[2.641640] (px4_msgs) StdoutLine: {'line': b'-- Up-to-date symlink: /home/maxim/super_ws/install/px4_msgs/share/px4_msgs/msg/OpenDroneIdOperatorId.idl\n'}
[2.641834] (px4_msgs) StdoutLine: {'line': b'-- Up-to-date symlink: /home/maxim/super_ws/install/px4_msgs/share/px4_msgs/msg/OpenDroneIdSelfId.idl\n'}
[2.642021] (px4_msgs) StdoutLine: {'line': b'-- Up-to-date symlink: /home/maxim/super_ws/install/px4_msgs/share/px4_msgs/msg/OpenDroneIdSystem.idl\n'}
[2.642254] (px4_msgs) StdoutLine: {'line': b'-- Up-to-date symlink: /home/maxim/super_ws/install/px4_msgs/share/px4_msgs/msg/OrbTest.idl\n'}
[2.642475] (px4_msgs) StdoutLine: {'line': b'-- Up-to-date symlink: /home/maxim/super_ws/install/px4_msgs/share/px4_msgs/msg/OrbTestLarge.idl\n'}
[2.642695] (px4_msgs) StdoutLine: {'line': b'-- Up-to-date symlink: /home/maxim/super_ws/install/px4_msgs/share/px4_msgs/msg/OrbTestMedium.idl\n'}
[2.642915] (px4_msgs) StdoutLine: {'line': b'-- Up-to-date symlink: /home/maxim/super_ws/install/px4_msgs/share/px4_msgs/msg/OrbitStatus.idl\n'}
[2.643150] (px4_msgs) StdoutLine: {'line': b'-- Up-to-date symlink: /home/maxim/super_ws/install/px4_msgs/share/px4_msgs/msg/ParameterResetRequest.idl\n'}
[2.643355] (px4_msgs) StdoutLine: {'line': b'-- Up-to-date symlink: /home/maxim/super_ws/install/px4_msgs/share/px4_msgs/msg/ParameterSetUsedRequest.idl\n'}
[2.643567] (px4_msgs) StdoutLine: {'line': b'-- Up-to-date symlink: /home/maxim/super_ws/install/px4_msgs/share/px4_msgs/msg/ParameterSetValueRequest.idl\n'}
[2.643774] (px4_msgs) StdoutLine: {'line': b'-- Up-to-date symlink: /home/maxim/super_ws/install/px4_msgs/share/px4_msgs/msg/ParameterSetValueResponse.idl\n'}
[2.643989] (px4_msgs) StdoutLine: {'line': b'-- Up-to-date symlink: /home/maxim/super_ws/install/px4_msgs/share/px4_msgs/msg/ParameterUpdate.idl\n'}
[2.644225] (px4_msgs) StdoutLine: {'line': b'-- Up-to-date symlink: /home/maxim/super_ws/install/px4_msgs/share/px4_msgs/msg/Ping.idl\n'}
[2.644549] (px4_msgs) StdoutLine: {'line': b'-- Up-to-date symlink: /home/maxim/super_ws/install/px4_msgs/share/px4_msgs/msg/PositionControllerLandingStatus.idl\n'}
[2.644763] (px4_msgs) StdoutLine: {'line': b'-- Up-to-date symlink: /home/maxim/super_ws/install/px4_msgs/share/px4_msgs/msg/PositionControllerStatus.idl\n'}
[2.644950] (px4_msgs) StdoutLine: {'line': b'-- Up-to-date symlink: /home/maxim/super_ws/install/px4_msgs/share/px4_msgs/msg/PositionSetpoint.idl\n'}
[2.645139] (px4_msgs) StdoutLine: {'line': b'-- Up-to-date symlink: /home/maxim/super_ws/install/px4_msgs/share/px4_msgs/msg/PositionSetpointTriplet.idl\n'}
[2.645366] (px4_msgs) StdoutLine: {'line': b'-- Up-to-date symlink: /home/maxim/super_ws/install/px4_msgs/share/px4_msgs/msg/PowerButtonState.idl\n'}
[2.645572] (px4_msgs) StdoutLine: {'line': b'-- Up-to-date symlink: /home/maxim/super_ws/install/px4_msgs/share/px4_msgs/msg/PowerMonitor.idl\n'}
[2.645783] (px4_msgs) StdoutLine: {'line': b'-- Up-to-date symlink: /home/maxim/super_ws/install/px4_msgs/share/px4_msgs/msg/PpsCapture.idl\n'}
[2.645989] (px4_msgs) StdoutLine: {'line': b'-- Up-to-date symlink: /home/maxim/super_ws/install/px4_msgs/share/px4_msgs/msg/PrecLandStatus.idl\n'}
[2.646204] (px4_msgs) StdoutLine: {'line': b'-- Up-to-date symlink: /home/maxim/super_ws/install/px4_msgs/share/px4_msgs/msg/PurePursuitStatus.idl\n'}
[2.646410] (px4_msgs) StdoutLine: {'line': b'-- Up-to-date symlink: /home/maxim/super_ws/install/px4_msgs/share/px4_msgs/msg/PwmInput.idl\n'}
[2.646616] (px4_msgs) StdoutLine: {'line': b'-- Up-to-date symlink: /home/maxim/super_ws/install/px4_msgs/share/px4_msgs/msg/Px4ioStatus.idl\n'}
[2.646763] (px4_msgs) StdoutLine: {'line': b'-- Up-to-date symlink: /home/maxim/super_ws/install/px4_msgs/share/px4_msgs/msg/QshellReq.idl\n'}
[2.646956] (px4_msgs) StdoutLine: {'line': b'-- Up-to-date symlink: /home/maxim/super_ws/install/px4_msgs/share/px4_msgs/msg/QshellRetval.idl\n'}
[2.647165] (px4_msgs) StdoutLine: {'line': b'-- Up-to-date symlink: /home/maxim/super_ws/install/px4_msgs/share/px4_msgs/msg/RadioStatus.idl\n'}
[2.647321] (px4_msgs) StdoutLine: {'line': b'-- Up-to-date symlink: /home/maxim/super_ws/install/px4_msgs/share/px4_msgs/msg/RangingBeacon.idl\n'}
[2.647494] (px4_msgs) StdoutLine: {'line': b'-- Up-to-date symlink: /home/maxim/super_ws/install/px4_msgs/share/px4_msgs/msg/RaptorInput.idl\n'}
[2.647644] (px4_msgs) StdoutLine: {'line': b'-- Up-to-date symlink: /home/maxim/super_ws/install/px4_msgs/share/px4_msgs/msg/RaptorStatus.idl\n'}
[2.647899] (px4_msgs) StdoutLine: {'line': b'-- Up-to-date symlink: /home/maxim/super_ws/install/px4_msgs/share/px4_msgs/msg/RateCtrlStatus.idl\n'}
[2.648077] (px4_msgs) StdoutLine: {'line': b'-- Up-to-date symlink: /home/maxim/super_ws/install/px4_msgs/share/px4_msgs/msg/RcChannels.idl\n'}
[2.648273] (px4_msgs) StdoutLine: {'line': b'-- Up-to-date symlink: /home/maxim/super_ws/install/px4_msgs/share/px4_msgs/msg/RcParameterMap.idl\n'}
[2.648513] (px4_msgs) StdoutLine: {'line': b'-- Up-to-date symlink: /home/maxim/super_ws/install/px4_msgs/share/px4_msgs/msg/RegisterExtComponentReply.idl\n'}
[2.648721] (px4_msgs) StdoutLine: {'line': b'-- Up-to-date symlink: /home/maxim/super_ws/install/px4_msgs/share/px4_msgs/msg/RegisterExtComponentRequest.idl\n'}
[2.648928] (px4_msgs) StdoutLine: {'line': b'-- Up-to-date symlink: /home/maxim/super_ws/install/px4_msgs/share/px4_msgs/msg/RoverAttitudeSetpoint.idl\n'}
[2.649147] (px4_msgs) StdoutLine: {'line': b'-- Up-to-date symlink: /home/maxim/super_ws/install/px4_msgs/share/px4_msgs/msg/RoverAttitudeStatus.idl\n'}
[2.649355] (px4_msgs) StdoutLine: {'line': b'-- Up-to-date symlink: /home/maxim/super_ws/install/px4_msgs/share/px4_msgs/msg/RoverPositionSetpoint.idl\n'}
[2.649578] (px4_msgs) StdoutLine: {'line': b'-- Up-to-date symlink: /home/maxim/super_ws/install/px4_msgs/share/px4_msgs/msg/RoverRateSetpoint.idl\n'}
[2.649761] (px4_msgs) StdoutLine: {'line': b'-- Up-to-date symlink: /home/maxim/super_ws/install/px4_msgs/share/px4_msgs/msg/RoverRateStatus.idl\n'}
[2.649977] (px4_msgs) StdoutLine: {'line': b'-- Up-to-date symlink: /home/maxim/super_ws/install/px4_msgs/share/px4_msgs/msg/RoverSpeedSetpoint.idl\n'}
[2.650199] (px4_msgs) StdoutLine: {'line': b'-- Up-to-date symlink: /home/maxim/super_ws/install/px4_msgs/share/px4_msgs/msg/RoverSpeedStatus.idl\n'}
[2.650417] (px4_msgs) StdoutLine: {'line': b'-- Up-to-date symlink: /home/maxim/super_ws/install/px4_msgs/share/px4_msgs/msg/RoverSteeringSetpoint.idl\n'}
[2.650598] (px4_msgs) StdoutLine: {'line': b'-- Up-to-date symlink: /home/maxim/super_ws/install/px4_msgs/share/px4_msgs/msg/RoverThrottleSetpoint.idl\n'}
[2.650781] (px4_msgs) StdoutLine: {'line': b'-- Up-to-date symlink: /home/maxim/super_ws/install/px4_msgs/share/px4_msgs/msg/Rpm.idl\n'}
[2.650964] (px4_msgs) StdoutLine: {'line': b'-- Up-to-date symlink: /home/maxim/super_ws/install/px4_msgs/share/px4_msgs/msg/RtlStatus.idl\n'}
[2.651216] (px4_msgs) StdoutLine: {'line': b'-- Up-to-date symlink: /home/maxim/super_ws/install/px4_msgs/share/px4_msgs/msg/RtlTimeEstimate.idl\n'}
[2.651493] (px4_msgs) StdoutLine: {'line': b'-- Up-to-date symlink: /home/maxim/super_ws/install/px4_msgs/share/px4_msgs/msg/SatelliteInfo.idl\n'}
[2.651751] (px4_msgs) StdoutLine: {'line': b'-- Up-to-date symlink: /home/maxim/super_ws/install/px4_msgs/share/px4_msgs/msg/SensorAccel.idl\n'}
[2.651981] (px4_msgs) StdoutLine: {'line': b'-- Up-to-date symlink: /home/maxim/super_ws/install/px4_msgs/share/px4_msgs/msg/SensorAccelFifo.idl\n'}
[2.652266] (px4_msgs) StdoutLine: {'line': b'-- Up-to-date symlink: /home/maxim/super_ws/install/px4_msgs/share/px4_msgs/msg/SensorAirflow.idl\n'}
[2.652471] (px4_msgs) StdoutLine: {'line': b'-- Up-to-date symlink: /home/maxim/super_ws/install/px4_msgs/share/px4_msgs/msg/SensorBaro.idl\n'}
[2.652626] (px4_msgs) StdoutLine: {'line': b'-- Up-to-date symlink: /home/maxim/super_ws/install/px4_msgs/share/px4_msgs/msg/SensorCombined.idl\n'}
[2.652826] (px4_msgs) StdoutLine: {'line': b'-- Up-to-date symlink: /home/maxim/super_ws/install/px4_msgs/share/px4_msgs/msg/SensorCorrection.idl\n'}
[2.653020] (px4_msgs) StdoutLine: {'line': b'-- Up-to-date symlink: /home/maxim/super_ws/install/px4_msgs/share/px4_msgs/msg/SensorGnssRelative.idl\n'}
[2.653233] (px4_msgs) StdoutLine: {'line': b'-- Up-to-date symlink: /home/maxim/super_ws/install/px4_msgs/share/px4_msgs/msg/SensorGnssStatus.idl\n'}
[2.653446] (px4_msgs) StdoutLine: {'line': b'-- Up-to-date symlink: /home/maxim/super_ws/install/px4_msgs/share/px4_msgs/msg/SensorGps.idl\n'}
[2.653654] (px4_msgs) StdoutLine: {'line': b'-- Up-to-date symlink: /home/maxim/super_ws/install/px4_msgs/share/px4_msgs/msg/SensorGyro.idl\n'}
[2.653899] (px4_msgs) StdoutLine: {'line': b'-- Up-to-date symlink: /home/maxim/super_ws/install/px4_msgs/share/px4_msgs/msg/SensorGyroFft.idl\n'}
[2.654126] (px4_msgs) StdoutLine: {'line': b'-- Up-to-date symlink: /home/maxim/super_ws/install/px4_msgs/share/px4_msgs/msg/SensorGyroFifo.idl\n'}
[2.654334] (px4_msgs) StdoutLine: {'line': b'-- Up-to-date symlink: /home/maxim/super_ws/install/px4_msgs/share/px4_msgs/msg/SensorHygrometer.idl\n'}
[2.654560] (px4_msgs) StdoutLine: {'line': b'-- Up-to-date symlink: /home/maxim/super_ws/install/px4_msgs/share/px4_msgs/msg/SensorMag.idl\n'}
[2.654767] (px4_msgs) StdoutLine: {'line': b'-- Up-to-date symlink: /home/maxim/super_ws/install/px4_msgs/share/px4_msgs/msg/SensorOpticalFlow.idl\n'}
[2.654985] (px4_msgs) StdoutLine: {'line': b'-- Up-to-date symlink: /home/maxim/super_ws/install/px4_msgs/share/px4_msgs/msg/SensorPreflightMag.idl\n'}
[2.655148] (px4_msgs) StdoutLine: {'line': b'-- Up-to-date symlink: /home/maxim/super_ws/install/px4_msgs/share/px4_msgs/msg/SensorSelection.idl\n'}
[2.655327] (px4_msgs) StdoutLine: {'line': b'-- Up-to-date symlink: /home/maxim/super_ws/install/px4_msgs/share/px4_msgs/msg/SensorTemp.idl\n'}
[2.655510] (px4_msgs) StdoutLine: {'line': b'-- Up-to-date symlink: /home/maxim/super_ws/install/px4_msgs/share/px4_msgs/msg/SensorUwb.idl\n'}
[2.655692] (px4_msgs) StdoutLine: {'line': b'-- Up-to-date symlink: /home/maxim/super_ws/install/px4_msgs/share/px4_msgs/msg/SensorsStatus.idl\n'}
[2.655834] (px4_msgs) StdoutLine: {'line': b'-- Up-to-date symlink: /home/maxim/super_ws/install/px4_msgs/share/px4_msgs/msg/SensorsStatusImu.idl\n'}
[2.655985] (px4_msgs) StdoutLine: {'line': b'-- Up-to-date symlink: /home/maxim/super_ws/install/px4_msgs/share/px4_msgs/msg/SystemPower.idl\n'}
[2.656133] (px4_msgs) StdoutLine: {'line': b'-- Up-to-date symlink: /home/maxim/super_ws/install/px4_msgs/share/px4_msgs/msg/TakeoffStatus.idl\n'}
[2.656276] (px4_msgs) StdoutLine: {'line': b'-- Up-to-date symlink: /home/maxim/super_ws/install/px4_msgs/share/px4_msgs/msg/TargetGnss.idl\n'}
[2.656453] (px4_msgs) StdoutLine: {'line': b'-- Up-to-date symlink: /home/maxim/super_ws/install/px4_msgs/share/px4_msgs/msg/TaskStackInfo.idl\n'}
[2.656562] (px4_msgs) StdoutLine: {'line': b'-- Up-to-date symlink: /home/maxim/super_ws/install/px4_msgs/share/px4_msgs/msg/TecsStatus.idl\n'}
[2.656706] (px4_msgs) StdoutLine: {'line': b'-- Up-to-date symlink: /home/maxim/super_ws/install/px4_msgs/share/px4_msgs/msg/TelemetryStatus.idl\n'}
[2.656850] (px4_msgs) StdoutLine: {'line': b'-- Up-to-date symlink: /home/maxim/super_ws/install/px4_msgs/share/px4_msgs/msg/TiltrotorExtraControls.idl\n'}
[2.657067] (px4_msgs) StdoutLine: {'line': b'-- Up-to-date symlink: /home/maxim/super_ws/install/px4_msgs/share/px4_msgs/msg/TimesyncStatus.idl\n'}
[2.657304] (px4_msgs) StdoutLine: {'line': b'-- Up-to-date symlink: /home/maxim/super_ws/install/px4_msgs/share/px4_msgs/msg/TrajectorySetpoint.idl\n'}
[2.657515] (px4_msgs) StdoutLine: {'line': b'-- Up-to-date symlink: /home/maxim/super_ws/install/px4_msgs/share/px4_msgs/msg/TrajectorySetpoint6dof.idl\n'}
[2.657721] (px4_msgs) StdoutLine: {'line': b'-- Up-to-date symlink: /home/maxim/super_ws/install/px4_msgs/share/px4_msgs/msg/TransponderReport.idl\n'}
[2.657987] (px4_msgs) StdoutLine: {'line': b'-- Up-to-date symlink: /home/maxim/super_ws/install/px4_msgs/share/px4_msgs/msg/TuneControl.idl\n'}
[2.658129] (px4_msgs) StdoutLine: {'line': b'-- Up-to-date symlink: /home/maxim/super_ws/install/px4_msgs/share/px4_msgs/msg/UavcanParameterRequest.idl\n'}
[2.658280] (px4_msgs) StdoutLine: {'line': b'-- Up-to-date symlink: /home/maxim/super_ws/install/px4_msgs/share/px4_msgs/msg/UavcanParameterValue.idl\n'}
[2.658481] (px4_msgs) StdoutLine: {'line': b'-- Up-to-date symlink: /home/maxim/super_ws/install/px4_msgs/share/px4_msgs/msg/UlogStream.idl\n'}
[2.658649] (px4_msgs) StdoutLine: {'line': b'-- Up-to-date symlink: /home/maxim/super_ws/install/px4_msgs/share/px4_msgs/msg/UlogStreamAck.idl\n'}
[2.658802] (px4_msgs) StdoutLine: {'line': b'-- Up-to-date symlink: /home/maxim/super_ws/install/px4_msgs/share/px4_msgs/msg/UnregisterExtComponent.idl\n'}
[2.658955] (px4_msgs) StdoutLine: {'line': b'-- Up-to-date symlink: /home/maxim/super_ws/install/px4_msgs/share/px4_msgs/msg/VehicleAcceleration.idl\n'}
[2.659142] (px4_msgs) StdoutLine: {'line': b'-- Up-to-date symlink: /home/maxim/super_ws/install/px4_msgs/share/px4_msgs/msg/VehicleAirData.idl\n'}
[2.659299] (px4_msgs) StdoutLine: {'line': b'-- Up-to-date symlink: /home/maxim/super_ws/install/px4_msgs/share/px4_msgs/msg/VehicleAngularAccelerationSetpoint.idl\n'}
[2.659407] (px4_msgs) StdoutLine: {'line': b'-- Up-to-date symlink: /home/maxim/super_ws/install/px4_msgs/share/px4_msgs/msg/VehicleAngularVelocity.idl\n'}
[2.659581] (px4_msgs) StdoutLine: {'line': b'-- Up-to-date symlink: /home/maxim/super_ws/install/px4_msgs/share/px4_msgs/msg/VehicleAttitude.idl\n'}
[2.659730] (px4_msgs) StdoutLine: {'line': b'-- Up-to-date symlink: /home/maxim/super_ws/install/px4_msgs/share/px4_msgs/msg/VehicleAttitudeSetpoint.idl\n'}
[2.659837] (px4_msgs) StdoutLine: {'line': b'-- Up-to-date symlink: /home/maxim/super_ws/install/px4_msgs/share/px4_msgs/msg/VehicleCommand.idl\n'}
[2.659979] (px4_msgs) StdoutLine: {'line': b'-- Up-to-date symlink: /home/maxim/super_ws/install/px4_msgs/share/px4_msgs/msg/VehicleCommandAck.idl\n'}
[2.660126] (px4_msgs) StdoutLine: {'line': b'-- Up-to-date symlink: /home/maxim/super_ws/install/px4_msgs/share/px4_msgs/msg/VehicleConstraints.idl\n'}
[2.660301] (px4_msgs) StdoutLine: {'line': b'-- Up-to-date symlink: /home/maxim/super_ws/install/px4_msgs/share/px4_msgs/msg/VehicleControlMode.idl\n'}
[2.660514] (px4_msgs) StdoutLine: {'line': b'-- Up-to-date symlink: /home/maxim/super_ws/install/px4_msgs/share/px4_msgs/msg/VehicleGlobalPosition.idl\n'}
[2.660714] (px4_msgs) StdoutLine: {'line': b'-- Up-to-date symlink: /home/maxim/super_ws/install/px4_msgs/share/px4_msgs/msg/VehicleImu.idl\n'}
[2.661030] (px4_msgs) StdoutLine: {'line': b'-- Up-to-date symlink: /home/maxim/super_ws/install/px4_msgs/share/px4_msgs/msg/VehicleImuStatus.idl\n'}
[2.661289] (px4_msgs) StdoutLine: {'line': b'-- Up-to-date symlink: /home/maxim/super_ws/install/px4_msgs/share/px4_msgs/msg/VehicleLandDetected.idl\n'}
[2.661503] (px4_msgs) StdoutLine: {'line': b'-- Up-to-date symlink: /home/maxim/super_ws/install/px4_msgs/share/px4_msgs/msg/VehicleLocalPosition.idl\n'}
[2.661804] (px4_msgs) StdoutLine: {'line': b'-- Up-to-date symlink: /home/maxim/super_ws/install/px4_msgs/share/px4_msgs/msg/VehicleLocalPositionSetpoint.idl\n'}
[2.662038] (px4_msgs) StdoutLine: {'line': b'-- Up-to-date symlink: /home/maxim/super_ws/install/px4_msgs/share/px4_msgs/msg/VehicleMagnetometer.idl\n'}
[2.662316] (px4_msgs) StdoutLine: {'line': b'-- Up-to-date symlink: /home/maxim/super_ws/install/px4_msgs/share/px4_msgs/msg/VehicleOdometry.idl\n'}
[2.662543] (px4_msgs) StdoutLine: {'line': b'-- Up-to-date symlink: /home/maxim/super_ws/install/px4_msgs/share/px4_msgs/msg/VehicleOpticalFlow.idl\n'}
[2.662748] (px4_msgs) StdoutLine: {'line': b'-- Up-to-date symlink: /home/maxim/super_ws/install/px4_msgs/share/px4_msgs/msg/VehicleOpticalFlowVel.idl\n'}
[2.662945] (px4_msgs) StdoutLine: {'line': b'-- Up-to-date symlink: /home/maxim/super_ws/install/px4_msgs/share/px4_msgs/msg/VehicleRatesSetpoint.idl\n'}
[2.663206] (px4_msgs) StdoutLine: {'line': b'-- Up-to-date symlink: /home/maxim/super_ws/install/px4_msgs/share/px4_msgs/msg/VehicleRoi.idl\n'}
[2.663462] (px4_msgs) StdoutLine: {'line': b'-- Up-to-date symlink: /home/maxim/super_ws/install/px4_msgs/share/px4_msgs/msg/VehicleStatus.idl\n'}
[2.663578] (px4_msgs) StdoutLine: {'line': b'-- Up-to-date symlink: /home/maxim/super_ws/install/px4_msgs/share/px4_msgs/msg/VehicleThrustSetpoint.idl\n'}
[2.663730] (px4_msgs) StdoutLine: {'line': b'-- Up-to-date symlink: /home/maxim/super_ws/install/px4_msgs/share/px4_msgs/msg/VehicleTorqueSetpoint.idl\n'}
[2.663929] (px4_msgs) StdoutLine: {'line': b'-- Up-to-date symlink: /home/maxim/super_ws/install/px4_msgs/share/px4_msgs/msg/VelocityLimits.idl\n'}
[2.664129] (px4_msgs) StdoutLine: {'line': b'-- Up-to-date symlink: /home/maxim/super_ws/install/px4_msgs/share/px4_msgs/msg/VteAidSource1d.idl\n'}
[2.664296] (px4_msgs) StdoutLine: {'line': b'-- Up-to-date symlink: /home/maxim/super_ws/install/px4_msgs/share/px4_msgs/msg/VteAidSource3d.idl\n'}
[2.664449] (px4_msgs) StdoutLine: {'line': b'-- Up-to-date symlink: /home/maxim/super_ws/install/px4_msgs/share/px4_msgs/msg/VteBiasInitStatus.idl\n'}
[2.664553] (px4_msgs) StdoutLine: {'line': b'-- Up-to-date symlink: /home/maxim/super_ws/install/px4_msgs/share/px4_msgs/msg/VteInput.idl\n'}
[2.664751] (px4_msgs) StdoutLine: {'line': b'-- Up-to-date symlink: /home/maxim/super_ws/install/px4_msgs/share/px4_msgs/msg/VteOrientation.idl\n'}
[2.664886] (px4_msgs) StdoutLine: {'line': b'-- Up-to-date symlink: /home/maxim/super_ws/install/px4_msgs/share/px4_msgs/msg/VtePosition.idl\n'}
[2.665000] (px4_msgs) StdoutLine: {'line': b'-- Up-to-date symlink: /home/maxim/super_ws/install/px4_msgs/share/px4_msgs/msg/VtolVehicleStatus.idl\n'}
[2.665115] (px4_msgs) StdoutLine: {'line': b'-- Up-to-date symlink: /home/maxim/super_ws/install/px4_msgs/share/px4_msgs/msg/Vtx.idl\n'}
[2.665259] (px4_msgs) StdoutLine: {'line': b'-- Up-to-date symlink: /home/maxim/super_ws/install/px4_msgs/share/px4_msgs/msg/WheelEncoders.idl\n'}
[2.665442] (px4_msgs) StdoutLine: {'line': b'-- Up-to-date symlink: /home/maxim/super_ws/install/px4_msgs/share/px4_msgs/msg/Wind.idl\n'}
[2.665587] (px4_msgs) StdoutLine: {'line': b'-- Up-to-date symlink: /home/maxim/super_ws/install/px4_msgs/share/px4_msgs/msg/YawEstimatorStatus.idl\n'}
[2.665730] (px4_msgs) StdoutLine: {'line': b'-- Up-to-date symlink: /home/maxim/super_ws/install/px4_msgs/share/px4_msgs/srv/VehicleCommand.idl\n'}
[2.665870] (px4_msgs) StdoutLine: {'line': b'-- Up-to-date symlink: /home/maxim/super_ws/install/px4_msgs/share/px4_msgs/msg/ActionRequest.msg\n'}
[2.665962] (px4_msgs) StdoutLine: {'line': b'-- Up-to-date symlink: /home/maxim/super_ws/install/px4_msgs/share/px4_msgs/msg/ActuatorArmed.msg\n'}
[2.666160] (px4_msgs) StdoutLine: {'line': b'-- Up-to-date symlink: /home/maxim/super_ws/install/px4_msgs/share/px4_msgs/msg/ActuatorControlsStatus.msg\n'}
[2.666324] (px4_msgs) StdoutLine: {'line': b'-- Up-to-date symlink: /home/maxim/super_ws/install/px4_msgs/share/px4_msgs/msg/ActuatorMotors.msg\n'}
[2.666420] (px4_msgs) StdoutLine: {'line': b'-- Up-to-date symlink: /home/maxim/super_ws/install/px4_msgs/share/px4_msgs/msg/ActuatorOutputs.msg\n'}
[2.666493] (px4_msgs) StdoutLine: {'line': b'-- Up-to-date symlink: /home/maxim/super_ws/install/px4_msgs/share/px4_msgs/msg/ActuatorServos.msg\n'}
[2.666573] (px4_msgs) StdoutLine: {'line': b'-- Up-to-date symlink: /home/maxim/super_ws/install/px4_msgs/share/px4_msgs/msg/ActuatorServosTrim.msg\n'}
[2.666692] (px4_msgs) StdoutLine: {'line': b'-- Up-to-date symlink: /home/maxim/super_ws/install/px4_msgs/share/px4_msgs/msg/ActuatorTest.msg\n'}
[2.666838] (px4_msgs) StdoutLine: {'line': b'-- Up-to-date symlink: /home/maxim/super_ws/install/px4_msgs/share/px4_msgs/msg/AdcReport.msg\n'}
[2.666955] (px4_msgs) StdoutLine: {'line': b'-- Up-to-date symlink: /home/maxim/super_ws/install/px4_msgs/share/px4_msgs/msg/Airspeed.msg\n'}
[2.667041] (px4_msgs) StdoutLine: {'line': b'-- Up-to-date symlink: /home/maxim/super_ws/install/px4_msgs/share/px4_msgs/msg/AirspeedValidated.msg\n'}
[2.667196] (px4_msgs) StdoutLine: {'line': b'-- Up-to-date symlink: /home/maxim/super_ws/install/px4_msgs/share/px4_msgs/msg/AirspeedWind.msg\n'}
[2.667351] (px4_msgs) StdoutLine: {'line': b'-- Up-to-date symlink: /home/maxim/super_ws/install/px4_msgs/share/px4_msgs/msg/ArmingCheckReply.msg\n'}
[2.667447] (px4_msgs) StdoutLine: {'line': b'-- Up-to-date symlink: /home/maxim/super_ws/install/px4_msgs/share/px4_msgs/msg/ArmingCheckRequest.msg\n'}
[2.667601] (px4_msgs) StdoutLine: {'line': b'-- Up-to-date symlink: /home/maxim/super_ws/install/px4_msgs/share/px4_msgs/msg/AutotuneAttitudeControlStatus.msg\n'}
[2.667747] (px4_msgs) StdoutLine: {'line': b'-- Up-to-date symlink: /home/maxim/super_ws/install/px4_msgs/share/px4_msgs/msg/AuxGlobalPosition.msg\n'}
[2.667841] (px4_msgs) StdoutLine: {'line': b'-- Up-to-date symlink: /home/maxim/super_ws/install/px4_msgs/share/px4_msgs/msg/BatteryInfo.msg\n'}
[2.667943] (px4_msgs) StdoutLine: {'line': b'-- Up-to-date symlink: /home/maxim/super_ws/install/px4_msgs/share/px4_msgs/msg/BatteryStatus.msg\n'}
[2.668031] (px4_msgs) StdoutLine: {'line': b'-- Up-to-date symlink: /home/maxim/super_ws/install/px4_msgs/share/px4_msgs/msg/ButtonEvent.msg\n'}
[2.668152] (px4_msgs) StdoutLine: {'line': b'-- Up-to-date symlink: /home/maxim/super_ws/install/px4_msgs/share/px4_msgs/msg/CameraCapture.msg\n'}
[2.668265] (px4_msgs) StdoutLine: {'line': b'-- Up-to-date symlink: /home/maxim/super_ws/install/px4_msgs/share/px4_msgs/msg/CameraStatus.msg\n'}
[2.668379] (px4_msgs) StdoutLine: {'line': b'-- Up-to-date symlink: /home/maxim/super_ws/install/px4_msgs/share/px4_msgs/msg/CameraTrigger.msg\n'}
[2.668517] (px4_msgs) StdoutLine: {'line': b'-- Up-to-date symlink: /home/maxim/super_ws/install/px4_msgs/share/px4_msgs/msg/CanInterfaceStatus.msg\n'}
[2.668635] (px4_msgs) StdoutLine: {'line': b'-- Up-to-date symlink: /home/maxim/super_ws/install/px4_msgs/share/px4_msgs/msg/CellularStatus.msg\n'}
[2.668777] (px4_msgs) StdoutLine: {'line': b'-- Up-to-date symlink: /home/maxim/super_ws/install/px4_msgs/share/px4_msgs/msg/CollisionConstraints.msg\n'}
[2.668923] (px4_msgs) StdoutLine: {'line': b'-- Up-to-date symlink: /home/maxim/super_ws/install/px4_msgs/share/px4_msgs/msg/ConfigOverrides.msg\n'}
[2.669031] (px4_msgs) StdoutLine: {'line': b'-- Up-to-date symlink: /home/maxim/super_ws/install/px4_msgs/share/px4_msgs/msg/ControlAllocatorStatus.msg\n'}
[2.669155] (px4_msgs) StdoutLine: {'line': b'-- Up-to-date symlink: /home/maxim/super_ws/install/px4_msgs/share/px4_msgs/msg/Cpuload.msg\n'}
[2.669298] (px4_msgs) StdoutLine: {'line': b'-- Up-to-date symlink: /home/maxim/super_ws/install/px4_msgs/share/px4_msgs/msg/DatamanRequest.msg\n'}
[2.669413] (px4_msgs) StdoutLine: {'line': b'-- Up-to-date symlink: /home/maxim/super_ws/install/px4_msgs/share/px4_msgs/msg/DatamanResponse.msg\n'}
[2.669500] (px4_msgs) StdoutLine: {'line': b'-- Up-to-date symlink: /home/maxim/super_ws/install/px4_msgs/share/px4_msgs/msg/DebugArray.msg\n'}
[2.669616] (px4_msgs) StdoutLine: {'line': b'-- Up-to-date symlink: /home/maxim/super_ws/install/px4_msgs/share/px4_msgs/msg/DebugKeyValue.msg\n'}
[2.669732] (px4_msgs) StdoutLine: {'line': b'-- Up-to-date symlink: /home/maxim/super_ws/install/px4_msgs/share/px4_msgs/msg/DebugValue.msg\n'}
[2.669846] (px4_msgs) StdoutLine: {'line': b'-- Up-to-date symlink: /home/maxim/super_ws/install/px4_msgs/share/px4_msgs/msg/DebugVect.msg\n'}
[2.669959] (px4_msgs) StdoutLine: {'line': b'-- Up-to-date symlink: /home/maxim/super_ws/install/px4_msgs/share/px4_msgs/msg/DeviceInformation.msg\n'}
[2.670102] (px4_msgs) StdoutLine: {'line': b'-- Up-to-date symlink: /home/maxim/super_ws/install/px4_msgs/share/px4_msgs/msg/DifferentialPressure.msg\n'}
[2.670246] (px4_msgs) StdoutLine: {'line': b'-- Up-to-date symlink: /home/maxim/super_ws/install/px4_msgs/share/px4_msgs/msg/DistanceSensor.msg\n'}
[2.670360] (px4_msgs) StdoutLine: {'line': b'-- Up-to-date symlink: /home/maxim/super_ws/install/px4_msgs/share/px4_msgs/msg/DistanceSensorModeChangeRequest.msg\n'}
[2.670538] (px4_msgs) StdoutLine: {'line': b'-- Up-to-date symlink: /home/maxim/super_ws/install/px4_msgs/share/px4_msgs/msg/DronecanNodeStatus.msg\n'}
[2.670684] (px4_msgs) StdoutLine: {'line': b'-- Up-to-date symlink: /home/maxim/super_ws/install/px4_msgs/share/px4_msgs/msg/Ekf2Timestamps.msg\n'}
[2.670805] (px4_msgs) StdoutLine: {'line': b'-- Up-to-date symlink: /home/maxim/super_ws/install/px4_msgs/share/px4_msgs/msg/EscEepromRead.msg\n'}
[2.670920] (px4_msgs) StdoutLine: {'line': b'-- Up-to-date symlink: /home/maxim/super_ws/install/px4_msgs/share/px4_msgs/msg/EscEepromWrite.msg\n'}
[2.671010] (px4_msgs) StdoutLine: {'line': b'-- Up-to-date symlink: /home/maxim/super_ws/install/px4_msgs/share/px4_msgs/msg/EscReport.msg\n'}
[2.671156] (px4_msgs) StdoutLine: {'line': b'-- Up-to-date symlink: /home/maxim/super_ws/install/px4_msgs/share/px4_msgs/msg/EscStatus.msg\n'}
[2.671266] (px4_msgs) StdoutLine: {'line': b'-- Up-to-date symlink: /home/maxim/super_ws/install/px4_msgs/share/px4_msgs/msg/EstimatorAidSource1d.msg\n'}
[2.671405] (px4_msgs) StdoutLine: {'line': b'-- Up-to-date symlink: /home/maxim/super_ws/install/px4_msgs/share/px4_msgs/msg/EstimatorAidSource2d.msg\n'}
[2.671570] (px4_msgs) StdoutLine: {'line': b'-- Up-to-date symlink: /home/maxim/super_ws/install/px4_msgs/share/px4_msgs/msg/EstimatorAidSource3d.msg\n'}
[2.671689] (px4_msgs) StdoutLine: {'line': b'-- Up-to-date symlink: /home/maxim/super_ws/install/px4_msgs/share/px4_msgs/msg/EstimatorBias.msg\n'}
[2.671805] (px4_msgs) StdoutLine: {'line': b'-- Up-to-date symlink: /home/maxim/super_ws/install/px4_msgs/share/px4_msgs/msg/EstimatorBias3d.msg\n'}
[2.671944] (px4_msgs) StdoutLine: {'line': b'-- Up-to-date symlink: /home/maxim/super_ws/install/px4_msgs/share/px4_msgs/msg/EstimatorEventFlags.msg\n'}
[2.672057] (px4_msgs) StdoutLine: {'line': b'-- Up-to-date symlink: /home/maxim/super_ws/install/px4_msgs/share/px4_msgs/msg/EstimatorFusionControl.msg\n'}
[2.672200] (px4_msgs) StdoutLine: {'line': b'-- Up-to-date symlink: /home/maxim/super_ws/install/px4_msgs/share/px4_msgs/msg/EstimatorGpsStatus.msg\n'}
[2.672338] (px4_msgs) StdoutLine: {'line': b'-- Up-to-date symlink: /home/maxim/super_ws/install/px4_msgs/share/px4_msgs/msg/EstimatorInnovations.msg\n'}
[2.672508] (px4_msgs) StdoutLine: {'line': b'-- Up-to-date symlink: /home/maxim/super_ws/install/px4_msgs/share/px4_msgs/msg/EstimatorSelectorStatus.msg\n'}
[2.672617] (px4_msgs) StdoutLine: {'line': b'-- Up-to-date symlink: /home/maxim/super_ws/install/px4_msgs/share/px4_msgs/msg/EstimatorSensorBias.msg\n'}
[2.672737] (px4_msgs) StdoutLine: {'line': b'-- Up-to-date symlink: /home/maxim/super_ws/install/px4_msgs/share/px4_msgs/msg/EstimatorStates.msg\n'}
[2.672911] (px4_msgs) StdoutLine: {'line': b'-- Up-to-date symlink: /home/maxim/super_ws/install/px4_msgs/share/px4_msgs/msg/EstimatorStatus.msg\n'}
[2.673007] (px4_msgs) StdoutLine: {'line': b'-- Up-to-date symlink: /home/maxim/super_ws/install/px4_msgs/share/px4_msgs/msg/EstimatorStatusFlags.msg\n'}
[2.673150] (px4_msgs) StdoutLine: {'line': b'-- Up-to-date symlink: /home/maxim/super_ws/install/px4_msgs/share/px4_msgs/msg/Event.msg\n'}
[2.673260] (px4_msgs) StdoutLine: {'line': b'-- Up-to-date symlink: /home/maxim/super_ws/install/px4_msgs/share/px4_msgs/msg/FailsafeFlags.msg\n'}
[2.673457] (px4_msgs) StdoutLine: {'line': b'-- Up-to-date symlink: /home/maxim/super_ws/install/px4_msgs/share/px4_msgs/msg/FailureDetectorStatus.msg\n'}
[2.673685] (px4_msgs) StdoutLine: {'line': b'-- Up-to-date symlink: /home/maxim/super_ws/install/px4_msgs/share/px4_msgs/msg/FiducialMarkerPosReport.msg\n'}
[2.673829] (px4_msgs) StdoutLine: {'line': b'-- Up-to-date symlink: /home/maxim/super_ws/install/px4_msgs/share/px4_msgs/msg/FiducialMarkerYawReport.msg\n'}
[2.673934] (px4_msgs) StdoutLine: {'line': b'-- Up-to-date symlink: /home/maxim/super_ws/install/px4_msgs/share/px4_msgs/msg/FigureEightStatus.msg\n'}
[2.674028] (px4_msgs) StdoutLine: {'line': b'-- Up-to-date symlink: /home/maxim/super_ws/install/px4_msgs/share/px4_msgs/msg/FixedWingLateralGuidanceStatus.msg\n'}
[2.674230] (px4_msgs) StdoutLine: {'line': b'-- Up-to-date symlink: /home/maxim/super_ws/install/px4_msgs/share/px4_msgs/msg/FixedWingLateralSetpoint.msg\n'}
[2.674373] (px4_msgs) StdoutLine: {'line': b'-- Up-to-date symlink: /home/maxim/super_ws/install/px4_msgs/share/px4_msgs/msg/FixedWingLateralStatus.msg\n'}
[2.674521] (px4_msgs) StdoutLine: {'line': b'-- Up-to-date symlink: /home/maxim/super_ws/install/px4_msgs/share/px4_msgs/msg/FixedWingLongitudinalSetpoint.msg\n'}
[2.674626] (px4_msgs) StdoutLine: {'line': b'-- Up-to-date symlink: /home/maxim/super_ws/install/px4_msgs/share/px4_msgs/msg/FixedWingRunwayControl.msg\n'}
[2.674762] (px4_msgs) StdoutLine: {'line': b'-- Up-to-date symlink: /home/maxim/super_ws/install/px4_msgs/share/px4_msgs/msg/FlightPhaseEstimation.msg\n'}
[2.674853] (px4_msgs) StdoutLine: {'line': b'-- Up-to-date symlink: /home/maxim/super_ws/install/px4_msgs/share/px4_msgs/msg/FollowTarget.msg\n'}
[2.674994] (px4_msgs) StdoutLine: {'line': b'-- Up-to-date symlink: /home/maxim/super_ws/install/px4_msgs/share/px4_msgs/msg/FollowTargetEstimator.msg\n'}
[2.675139] (px4_msgs) StdoutLine: {'line': b'-- Up-to-date symlink: /home/maxim/super_ws/install/px4_msgs/share/px4_msgs/msg/FollowTargetStatus.msg\n'}
[2.675287] (px4_msgs) StdoutLine: {'line': b'-- Up-to-date symlink: /home/maxim/super_ws/install/px4_msgs/share/px4_msgs/msg/FuelTankStatus.msg\n'}
[2.675386] (px4_msgs) StdoutLine: {'line': b'-- Up-to-date symlink: /home/maxim/super_ws/install/px4_msgs/share/px4_msgs/msg/GainCompression.msg\n'}
[2.675516] (px4_msgs) StdoutLine: {'line': b'-- Up-to-date symlink: /home/maxim/super_ws/install/px4_msgs/share/px4_msgs/msg/GeneratorStatus.msg\n'}
[2.675628] (px4_msgs) StdoutLine: {'line': b'-- Up-to-date symlink: /home/maxim/super_ws/install/px4_msgs/share/px4_msgs/msg/GeofenceResult.msg\n'}
[2.675743] (px4_msgs) StdoutLine: {'line': b'-- Up-to-date symlink: /home/maxim/super_ws/install/px4_msgs/share/px4_msgs/msg/GeofenceStatus.msg\n'}
[2.675857] (px4_msgs) StdoutLine: {'line': b'-- Up-to-date symlink: /home/maxim/super_ws/install/px4_msgs/share/px4_msgs/msg/GimbalControls.msg\n'}
[2.676003] (px4_msgs) StdoutLine: {'line': b'-- Up-to-date symlink: /home/maxim/super_ws/install/px4_msgs/share/px4_msgs/msg/GimbalDeviceAttitudeStatus.msg\n'}
[2.676148] (px4_msgs) StdoutLine: {'line': b'-- Up-to-date symlink: /home/maxim/super_ws/install/px4_msgs/share/px4_msgs/msg/GimbalDeviceInformation.msg\n'}
[2.676351] (px4_msgs) StdoutLine: {'line': b'-- Up-to-date symlink: /home/maxim/super_ws/install/px4_msgs/share/px4_msgs/msg/GimbalDeviceSetAttitude.msg\n'}
[2.676555] (px4_msgs) StdoutLine: {'line': b'-- Up-to-date symlink: /home/maxim/super_ws/install/px4_msgs/share/px4_msgs/msg/GimbalManagerInformation.msg\n'}
[2.676785] (px4_msgs) StdoutLine: {'line': b'-- Up-to-date symlink: /home/maxim/super_ws/install/px4_msgs/share/px4_msgs/msg/GimbalManagerSetAttitude.msg\n'}
[2.676993] (px4_msgs) StdoutLine: {'line': b'-- Up-to-date symlink: /home/maxim/super_ws/install/px4_msgs/share/px4_msgs/msg/GimbalManagerSetManualControl.msg\n'}
[2.677212] (px4_msgs) StdoutLine: {'line': b'-- Up-to-date symlink: /home/maxim/super_ws/install/px4_msgs/share/px4_msgs/msg/GimbalManagerStatus.msg\n'}
[2.677333] (px4_msgs) StdoutLine: {'line': b'-- Up-to-date symlink: /home/maxim/super_ws/install/px4_msgs/share/px4_msgs/msg/GotoSetpoint.msg\n'}
[2.677426] (px4_msgs) StdoutLine: {'line': b'-- Up-to-date symlink: /home/maxim/super_ws/install/px4_msgs/share/px4_msgs/msg/GpioConfig.msg\n'}
[2.677545] (px4_msgs) StdoutLine: {'line': b'-- Up-to-date symlink: /home/maxim/super_ws/install/px4_msgs/share/px4_msgs/msg/GpioIn.msg\n'}
[2.677659] (px4_msgs) StdoutLine: {'line': b'-- Up-to-date symlink: /home/maxim/super_ws/install/px4_msgs/share/px4_msgs/msg/GpioOut.msg\n'}
[2.677773] (px4_msgs) StdoutLine: {'line': b'-- Up-to-date symlink: /home/maxim/super_ws/install/px4_msgs/share/px4_msgs/msg/GpioRequest.msg\n'}
[2.677852] (px4_msgs) StdoutLine: {'line': b'-- Up-to-date symlink: /home/maxim/super_ws/install/px4_msgs/share/px4_msgs/msg/GpsDump.msg\n'}
[2.677966] (px4_msgs) StdoutLine: {'line': b'-- Up-to-date symlink: /home/maxim/super_ws/install/px4_msgs/share/px4_msgs/msg/GpsInjectData.msg\n'}
[2.678088] (px4_msgs) StdoutLine: {'line': b'-- Up-to-date symlink: /home/maxim/super_ws/install/px4_msgs/share/px4_msgs/msg/Gripper.msg\n'}
[2.678237] (px4_msgs) StdoutLine: {'line': b'-- Up-to-date symlink: /home/maxim/super_ws/install/px4_msgs/share/px4_msgs/msg/HealthReport.msg\n'}
[2.678349] (px4_msgs) StdoutLine: {'line': b'-- Up-to-date symlink: /home/maxim/super_ws/install/px4_msgs/share/px4_msgs/msg/HeaterStatus.msg\n'}
[2.678462] (px4_msgs) StdoutLine: {'line': b'-- Up-to-date symlink: /home/maxim/super_ws/install/px4_msgs/share/px4_msgs/msg/HomePosition.msg\n'}
[2.678663] (px4_msgs) StdoutLine: {'line': b'-- Up-to-date symlink: /home/maxim/super_ws/install/px4_msgs/share/px4_msgs/msg/HoverThrustEstimate.msg\n'}
[2.678781] (px4_msgs) StdoutLine: {'line': b'-- Up-to-date symlink: /home/maxim/super_ws/install/px4_msgs/share/px4_msgs/msg/InputRc.msg\n'}
[2.678976] (px4_msgs) StdoutLine: {'line': b'-- Up-to-date symlink: /home/maxim/super_ws/install/px4_msgs/share/px4_msgs/msg/InternalCombustionEngineControl.msg\n'}
[2.679166] (px4_msgs) StdoutLine: {'line': b'-- Up-to-date symlink: /home/maxim/super_ws/install/px4_msgs/share/px4_msgs/msg/InternalCombustionEngineStatus.msg\n'}
[2.679319] (px4_msgs) StdoutLine: {'line': b'-- Up-to-date symlink: /home/maxim/super_ws/install/px4_msgs/share/px4_msgs/msg/IridiumsbdStatus.msg\n'}
[2.679424] (px4_msgs) StdoutLine: {'line': b'-- Up-to-date symlink: /home/maxim/super_ws/install/px4_msgs/share/px4_msgs/msg/IrlockReport.msg\n'}
[2.679507] (px4_msgs) StdoutLine: {'line': b'-- Up-to-date symlink: /home/maxim/super_ws/install/px4_msgs/share/px4_msgs/msg/LandingGear.msg\n'}
[2.679576] (px4_msgs) StdoutLine: {'line': b'-- Up-to-date symlink: /home/maxim/super_ws/install/px4_msgs/share/px4_msgs/msg/LandingGearWheel.msg\n'}
[2.679756] (px4_msgs) StdoutLine: {'line': b'-- Up-to-date symlink: /home/maxim/super_ws/install/px4_msgs/share/px4_msgs/msg/LandingTargetInnovations.msg\n'}
[2.679895] (px4_msgs) StdoutLine: {'line': b'-- Up-to-date symlink: /home/maxim/super_ws/install/px4_msgs/share/px4_msgs/msg/LandingTargetPose.msg\n'}
[2.679993] (px4_msgs) StdoutLine: {'line': b'-- Up-to-date symlink: /home/maxim/super_ws/install/px4_msgs/share/px4_msgs/msg/LateralControlConfiguration.msg\n'}
[2.680140] (px4_msgs) StdoutLine: {'line': b'-- Up-to-date symlink: /home/maxim/super_ws/install/px4_msgs/share/px4_msgs/msg/LaunchDetectionStatus.msg\n'}
[2.680260] (px4_msgs) StdoutLine: {'line': b'-- Up-to-date symlink: /home/maxim/super_ws/install/px4_msgs/share/px4_msgs/msg/LedControl.msg\n'}
[2.680372] (px4_msgs) StdoutLine: {'line': b'-- Up-to-date symlink: /home/maxim/super_ws/install/px4_msgs/share/px4_msgs/msg/LogMessage.msg\n'}
[2.680492] (px4_msgs) StdoutLine: {'line': b'-- Up-to-date symlink: /home/maxim/super_ws/install/px4_msgs/share/px4_msgs/msg/LoggerStatus.msg\n'}
[2.680612] (px4_msgs) StdoutLine: {'line': b'-- Up-to-date symlink: /home/maxim/super_ws/install/px4_msgs/share/px4_msgs/msg/LongitudinalControlConfiguration.msg\n'}
[2.680733] (px4_msgs) StdoutLine: {'line': b'-- Up-to-date symlink: /home/maxim/super_ws/install/px4_msgs/share/px4_msgs/msg/MagWorkerData.msg\n'}
[2.680875] (px4_msgs) StdoutLine: {'line': b'-- Up-to-date symlink: /home/maxim/super_ws/install/px4_msgs/share/px4_msgs/msg/MagnetometerBiasEstimate.msg\n'}
[2.681012] (px4_msgs) StdoutLine: {'line': b'-- Up-to-date symlink: /home/maxim/super_ws/install/px4_msgs/share/px4_msgs/msg/ManualControlSetpoint.msg\n'}
[2.681159] (px4_msgs) StdoutLine: {'line': b'-- Up-to-date symlink: /home/maxim/super_ws/install/px4_msgs/share/px4_msgs/msg/ManualControlSwitches.msg\n'}
[2.681275] (px4_msgs) StdoutLine: {'line': b'-- Up-to-date symlink: /home/maxim/super_ws/install/px4_msgs/share/px4_msgs/msg/MavlinkLog.msg\n'}
[2.681389] (px4_msgs) StdoutLine: {'line': b'-- Up-to-date symlink: /home/maxim/super_ws/install/px4_msgs/share/px4_msgs/msg/MavlinkTunnel.msg\n'}
[2.681532] (px4_msgs) StdoutLine: {'line': b'-- Up-to-date symlink: /home/maxim/super_ws/install/px4_msgs/share/px4_msgs/msg/MessageFormatRequest.msg\n'}
[2.681672] (px4_msgs) StdoutLine: {'line': b'-- Up-to-date symlink: /home/maxim/super_ws/install/px4_msgs/share/px4_msgs/msg/MessageFormatResponse.msg\n'}
[2.681790] (px4_msgs) StdoutLine: {'line': b'-- Up-to-date symlink: /home/maxim/super_ws/install/px4_msgs/share/px4_msgs/msg/Mission.msg\n'}
[2.681906] (px4_msgs) StdoutLine: {'line': b'-- Up-to-date symlink: /home/maxim/super_ws/install/px4_msgs/share/px4_msgs/msg/MissionResult.msg\n'}
[2.682020] (px4_msgs) StdoutLine: {'line': b'-- Up-to-date symlink: /home/maxim/super_ws/install/px4_msgs/share/px4_msgs/msg/ModeCompleted.msg\n'}
[2.682142] (px4_msgs) StdoutLine: {'line': b'-- Up-to-date symlink: /home/maxim/super_ws/install/px4_msgs/share/px4_msgs/msg/MountOrientation.msg\n'}
[2.682279] (px4_msgs) StdoutLine: {'line': b'-- Up-to-date symlink: /home/maxim/super_ws/install/px4_msgs/share/px4_msgs/msg/NavigatorMissionItem.msg\n'}
[2.682395] (px4_msgs) StdoutLine: {'line': b'-- Up-to-date symlink: /home/maxim/super_ws/install/px4_msgs/share/px4_msgs/msg/NavigatorStatus.msg\n'}
[2.682514] (px4_msgs) StdoutLine: {'line': b'-- Up-to-date symlink: /home/maxim/super_ws/install/px4_msgs/share/px4_msgs/msg/NeuralControl.msg\n'}
[2.682653] (px4_msgs) StdoutLine: {'line': b'-- Up-to-date symlink: /home/maxim/super_ws/install/px4_msgs/share/px4_msgs/msg/NormalizedUnsignedSetpoint.msg\n'}
[2.682772] (px4_msgs) StdoutLine: {'line': b'-- Up-to-date symlink: /home/maxim/super_ws/install/px4_msgs/share/px4_msgs/msg/ObstacleDistance.msg\n'}
[2.682911] (px4_msgs) StdoutLine: {'line': b'-- Up-to-date symlink: /home/maxim/super_ws/install/px4_msgs/share/px4_msgs/msg/OffboardControlMode.msg\n'}
[2.683053] (px4_msgs) StdoutLine: {'line': b'-- Up-to-date symlink: /home/maxim/super_ws/install/px4_msgs/share/px4_msgs/msg/OnboardComputerStatus.msg\n'}
[2.683198] (px4_msgs) StdoutLine: {'line': b'-- Up-to-date symlink: /home/maxim/super_ws/install/px4_msgs/share/px4_msgs/msg/OpenDroneIdArmStatus.msg\n'}
[2.683334] (px4_msgs) StdoutLine: {'line': b'-- Up-to-date symlink: /home/maxim/super_ws/install/px4_msgs/share/px4_msgs/msg/OpenDroneIdOperatorId.msg\n'}
[2.683452] (px4_msgs) StdoutLine: {'line': b'-- Up-to-date symlink: /home/maxim/super_ws/install/px4_msgs/share/px4_msgs/msg/OpenDroneIdSelfId.msg\n'}
[2.683567] (px4_msgs) StdoutLine: {'line': b'-- Up-to-date symlink: /home/maxim/super_ws/install/px4_msgs/share/px4_msgs/msg/OpenDroneIdSystem.msg\n'}
[2.683682] (px4_msgs) StdoutLine: {'line': b'-- Up-to-date symlink: /home/maxim/super_ws/install/px4_msgs/share/px4_msgs/msg/OrbTest.msg\n'}
[2.683797] (px4_msgs) StdoutLine: {'line': b'-- Up-to-date symlink: /home/maxim/super_ws/install/px4_msgs/share/px4_msgs/msg/OrbTestLarge.msg\n'}
[2.683911] (px4_msgs) StdoutLine: {'line': b'-- Up-to-date symlink: /home/maxim/super_ws/install/px4_msgs/share/px4_msgs/msg/OrbTestMedium.msg\n'}
[2.684025] (px4_msgs) StdoutLine: {'line': b'-- Up-to-date symlink: /home/maxim/super_ws/install/px4_msgs/share/px4_msgs/msg/OrbitStatus.msg\n'}
[2.684170] (px4_msgs) StdoutLine: {'line': b'-- Up-to-date symlink: /home/maxim/super_ws/install/px4_msgs/share/px4_msgs/msg/ParameterResetRequest.msg\n'}
[2.684307] (px4_msgs) StdoutLine: {'line': b'-- Up-to-date symlink: /home/maxim/super_ws/install/px4_msgs/share/px4_msgs/msg/ParameterSetUsedRequest.msg\n'}
[2.684447] (px4_msgs) StdoutLine: {'line': b'-- Up-to-date symlink: /home/maxim/super_ws/install/px4_msgs/share/px4_msgs/msg/ParameterSetValueRequest.msg\n'}
[2.684586] (px4_msgs) StdoutLine: {'line': b'-- Up-to-date symlink: /home/maxim/super_ws/install/px4_msgs/share/px4_msgs/msg/ParameterSetValueResponse.msg\n'}
[2.684702] (px4_msgs) StdoutLine: {'line': b'-- Up-to-date symlink: /home/maxim/super_ws/install/px4_msgs/share/px4_msgs/msg/ParameterUpdate.msg\n'}
[2.684818] (px4_msgs) StdoutLine: {'line': b'-- Up-to-date symlink: /home/maxim/super_ws/install/px4_msgs/share/px4_msgs/msg/Ping.msg\n'}
[2.684957] (px4_msgs) StdoutLine: {'line': b'-- Up-to-date symlink: /home/maxim/super_ws/install/px4_msgs/share/px4_msgs/msg/PositionControllerLandingStatus.msg\n'}
[2.685102] (px4_msgs) StdoutLine: {'line': b'-- Up-to-date symlink: /home/maxim/super_ws/install/px4_msgs/share/px4_msgs/msg/PositionControllerStatus.msg\n'}
[2.685218] (px4_msgs) StdoutLine: {'line': b'-- Up-to-date symlink: /home/maxim/super_ws/install/px4_msgs/share/px4_msgs/msg/PositionSetpoint.msg\n'}
[2.685433] (px4_msgs) StdoutLine: {'line': b'-- Up-to-date symlink: /home/maxim/super_ws/install/px4_msgs/share/px4_msgs/msg/PositionSetpointTriplet.msg\n'}
[2.685552] (px4_msgs) StdoutLine: {'line': b'-- Up-to-date symlink: /home/maxim/super_ws/install/px4_msgs/share/px4_msgs/msg/PowerButtonState.msg\n'}
[2.685670] (px4_msgs) StdoutLine: {'line': b'-- Up-to-date symlink: /home/maxim/super_ws/install/px4_msgs/share/px4_msgs/msg/PowerMonitor.msg\n'}
[2.685788] (px4_msgs) StdoutLine: {'line': b'-- Up-to-date symlink: /home/maxim/super_ws/install/px4_msgs/share/px4_msgs/msg/PpsCapture.msg\n'}
[2.685902] (px4_msgs) StdoutLine: {'line': b'-- Up-to-date symlink: /home/maxim/super_ws/install/px4_msgs/share/px4_msgs/msg/PrecLandStatus.msg\n'}
[2.686016] (px4_msgs) StdoutLine: {'line': b'-- Up-to-date symlink: /home/maxim/super_ws/install/px4_msgs/share/px4_msgs/msg/PurePursuitStatus.msg\n'}
[2.686136] (px4_msgs) StdoutLine: {'line': b'-- Up-to-date symlink: /home/maxim/super_ws/install/px4_msgs/share/px4_msgs/msg/PwmInput.msg\n'}
[2.686255] (px4_msgs) StdoutLine: {'line': b'-- Up-to-date symlink: /home/maxim/super_ws/install/px4_msgs/share/px4_msgs/msg/Px4ioStatus.msg\n'}
[2.686370] (px4_msgs) StdoutLine: {'line': b'-- Up-to-date symlink: /home/maxim/super_ws/install/px4_msgs/share/px4_msgs/msg/QshellReq.msg\n'}
[2.686486] (px4_msgs) StdoutLine: {'line': b'-- Up-to-date symlink: /home/maxim/super_ws/install/px4_msgs/share/px4_msgs/msg/QshellRetval.msg\n'}
[2.686602] (px4_msgs) StdoutLine: {'line': b'-- Up-to-date symlink: /home/maxim/super_ws/install/px4_msgs/share/px4_msgs/msg/RadioStatus.msg\n'}
[2.686716] (px4_msgs) StdoutLine: {'line': b'-- Up-to-date symlink: /home/maxim/super_ws/install/px4_msgs/share/px4_msgs/msg/RangingBeacon.msg\n'}
[2.686828] (px4_msgs) StdoutLine: {'line': b'-- Up-to-date symlink: /home/maxim/super_ws/install/px4_msgs/share/px4_msgs/msg/RaptorInput.msg\n'}
[2.686942] (px4_msgs) StdoutLine: {'line': b'-- Up-to-date symlink: /home/maxim/super_ws/install/px4_msgs/share/px4_msgs/msg/RaptorStatus.msg\n'}
[2.687067] (px4_msgs) StdoutLine: {'line': b'-- Up-to-date symlink: /home/maxim/super_ws/install/px4_msgs/share/px4_msgs/msg/RateCtrlStatus.msg\n'}
[2.687183] (px4_msgs) StdoutLine: {'line': b'-- Up-to-date symlink: /home/maxim/super_ws/install/px4_msgs/share/px4_msgs/msg/RcChannels.msg\n'}
[2.687298] (px4_msgs) StdoutLine: {'line': b'-- Up-to-date symlink: /home/maxim/super_ws/install/px4_msgs/share/px4_msgs/msg/RcParameterMap.msg\n'}
[2.687440] (px4_msgs) StdoutLine: {'line': b'-- Up-to-date symlink: /home/maxim/super_ws/install/px4_msgs/share/px4_msgs/msg/RegisterExtComponentReply.msg\n'}
[2.687579] (px4_msgs) StdoutLine: {'line': b'-- Up-to-date symlink: /home/maxim/super_ws/install/px4_msgs/share/px4_msgs/msg/RegisterExtComponentRequest.msg\n'}
[2.687776] (px4_msgs) StdoutLine: {'line': b'-- Up-to-date symlink: /home/maxim/super_ws/install/px4_msgs/share/px4_msgs/msg/RoverAttitudeSetpoint.msg\n'}
[2.687972] (px4_msgs) StdoutLine: {'line': b'-- Up-to-date symlink: /home/maxim/super_ws/install/px4_msgs/share/px4_msgs/msg/RoverAttitudeStatus.msg\n'}
[2.688203] (px4_msgs) StdoutLine: {'line': b'-- Up-to-date symlink: /home/maxim/super_ws/install/px4_msgs/share/px4_msgs/msg/RoverPositionSetpoint.msg\n'}
[2.688302] (px4_msgs) StdoutLine: {'line': b'-- Up-to-date symlink: /home/maxim/super_ws/install/px4_msgs/share/px4_msgs/msg/RoverRateSetpoint.msg\n'}
[2.688440] (px4_msgs) StdoutLine: {'line': b'-- Up-to-date symlink: /home/maxim/super_ws/install/px4_msgs/share/px4_msgs/msg/RoverRateStatus.msg\n'}
[2.688673] (px4_msgs) StdoutLine: {'line': b'-- Up-to-date symlink: /home/maxim/super_ws/install/px4_msgs/share/px4_msgs/msg/RoverSpeedSetpoint.msg\n'}
[2.688819] (px4_msgs) StdoutLine: {'line': b'-- Up-to-date symlink: /home/maxim/super_ws/install/px4_msgs/share/px4_msgs/msg/RoverSpeedStatus.msg\n'}
[2.688999] (px4_msgs) StdoutLine: {'line': b'-- Up-to-date symlink: /home/maxim/super_ws/install/px4_msgs/share/px4_msgs/msg/RoverSteeringSetpoint.msg\n'}
[2.689245] (px4_msgs) StdoutLine: {'line': b'-- Up-to-date symlink: /home/maxim/super_ws/install/px4_msgs/share/px4_msgs/msg/RoverThrottleSetpoint.msg\n'}
[2.689351] (px4_msgs) StdoutLine: {'line': b'-- Up-to-date symlink: /home/maxim/super_ws/install/px4_msgs/share/px4_msgs/msg/Rpm.msg\n'}
[2.689455] (px4_msgs) StdoutLine: {'line': b'-- Up-to-date symlink: /home/maxim/super_ws/install/px4_msgs/share/px4_msgs/msg/RtlStatus.msg\n'}
[2.689574] (px4_msgs) StdoutLine: {'line': b'-- Up-to-date symlink: /home/maxim/super_ws/install/px4_msgs/share/px4_msgs/msg/RtlTimeEstimate.msg\n'}
[2.689695] (px4_msgs) StdoutLine: {'line': b'-- Up-to-date symlink: /home/maxim/super_ws/install/px4_msgs/share/px4_msgs/msg/SatelliteInfo.msg\n'}
[2.689811] (px4_msgs) StdoutLine: {'line': b'-- Up-to-date symlink: /home/maxim/super_ws/install/px4_msgs/share/px4_msgs/msg/SensorAccel.msg\n'}
[2.689927] (px4_msgs) StdoutLine: {'line': b'-- Up-to-date symlink: /home/maxim/super_ws/install/px4_msgs/share/px4_msgs/msg/SensorAccelFifo.msg\n'}
[2.690049] (px4_msgs) StdoutLine: {'line': b'-- Up-to-date symlink: /home/maxim/super_ws/install/px4_msgs/share/px4_msgs/msg/SensorAirflow.msg\n'}
[2.690171] (px4_msgs) StdoutLine: {'line': b'-- Up-to-date symlink: /home/maxim/super_ws/install/px4_msgs/share/px4_msgs/msg/SensorBaro.msg\n'}
[2.690291] (px4_msgs) StdoutLine: {'line': b'-- Up-to-date symlink: /home/maxim/super_ws/install/px4_msgs/share/px4_msgs/msg/SensorCombined.msg\n'}
[2.690408] (px4_msgs) StdoutLine: {'line': b'-- Up-to-date symlink: /home/maxim/super_ws/install/px4_msgs/share/px4_msgs/msg/SensorCorrection.msg\n'}
[2.690611] (px4_msgs) StdoutLine: {'line': b'-- Up-to-date symlink: /home/maxim/super_ws/install/px4_msgs/share/px4_msgs/msg/SensorGnssRelative.msg\n'}
[2.690729] (px4_msgs) StdoutLine: {'line': b'-- Up-to-date symlink: /home/maxim/super_ws/install/px4_msgs/share/px4_msgs/msg/SensorGnssStatus.msg\n'}
[2.690845] (px4_msgs) StdoutLine: {'line': b'-- Up-to-date symlink: /home/maxim/super_ws/install/px4_msgs/share/px4_msgs/msg/SensorGps.msg\n'}
[2.690962] (px4_msgs) StdoutLine: {'line': b'-- Up-to-date symlink: /home/maxim/super_ws/install/px4_msgs/share/px4_msgs/msg/SensorGyro.msg\n'}
[2.691080] (px4_msgs) StdoutLine: {'line': b'-- Up-to-date symlink: /home/maxim/super_ws/install/px4_msgs/share/px4_msgs/msg/SensorGyroFft.msg\n'}
[2.691199] (px4_msgs) StdoutLine: {'line': b'-- Up-to-date symlink: /home/maxim/super_ws/install/px4_msgs/share/px4_msgs/msg/SensorGyroFifo.msg\n'}
[2.691314] (px4_msgs) StdoutLine: {'line': b'-- Up-to-date symlink: /home/maxim/super_ws/install/px4_msgs/share/px4_msgs/msg/SensorHygrometer.msg\n'}
[2.691430] (px4_msgs) StdoutLine: {'line': b'-- Up-to-date symlink: /home/maxim/super_ws/install/px4_msgs/share/px4_msgs/msg/SensorMag.msg\n'}
[2.691544] (px4_msgs) StdoutLine: {'line': b'-- Up-to-date symlink: /home/maxim/super_ws/install/px4_msgs/share/px4_msgs/msg/SensorOpticalFlow.msg\n'}
[2.691724] (px4_msgs) StdoutLine: {'line': b'-- Up-to-date symlink: /home/maxim/super_ws/install/px4_msgs/share/px4_msgs/msg/SensorPreflightMag.msg\n'}
[2.691838] (px4_msgs) StdoutLine: {'line': b'-- Up-to-date symlink: /home/maxim/super_ws/install/px4_msgs/share/px4_msgs/msg/SensorSelection.msg\n'}
[2.691955] (px4_msgs) StdoutLine: {'line': b'-- Up-to-date symlink: /home/maxim/super_ws/install/px4_msgs/share/px4_msgs/msg/SensorTemp.msg\n'}
[2.692074] (px4_msgs) StdoutLine: {'line': b'-- Up-to-date symlink: /home/maxim/super_ws/install/px4_msgs/share/px4_msgs/msg/SensorUwb.msg\n'}
[2.692194] (px4_msgs) StdoutLine: {'line': b'-- Up-to-date symlink: /home/maxim/super_ws/install/px4_msgs/share/px4_msgs/msg/SensorsStatus.msg\n'}
[2.692308] (px4_msgs) StdoutLine: {'line': b'-- Up-to-date symlink: /home/maxim/super_ws/install/px4_msgs/share/px4_msgs/msg/SensorsStatusImu.msg\n'}
[2.692423] (px4_msgs) StdoutLine: {'line': b'-- Up-to-date symlink: /home/maxim/super_ws/install/px4_msgs/share/px4_msgs/msg/SystemPower.msg\n'}
[2.692536] (px4_msgs) StdoutLine: {'line': b'-- Up-to-date symlink: /home/maxim/super_ws/install/px4_msgs/share/px4_msgs/msg/TakeoffStatus.msg\n'}
[2.692652] (px4_msgs) StdoutLine: {'line': b'-- Up-to-date symlink: /home/maxim/super_ws/install/px4_msgs/share/px4_msgs/msg/TargetGnss.msg\n'}
[2.692765] (px4_msgs) StdoutLine: {'line': b'-- Up-to-date symlink: /home/maxim/super_ws/install/px4_msgs/share/px4_msgs/msg/TaskStackInfo.msg\n'}
[2.692881] (px4_msgs) StdoutLine: {'line': b'-- Up-to-date symlink: /home/maxim/super_ws/install/px4_msgs/share/px4_msgs/msg/TecsStatus.msg\n'}
[2.692995] (px4_msgs) StdoutLine: {'line': b'-- Up-to-date symlink: /home/maxim/super_ws/install/px4_msgs/share/px4_msgs/msg/TelemetryStatus.msg\n'}
[2.693178] (px4_msgs) StdoutLine: {'line': b'-- Up-to-date symlink: /home/maxim/super_ws/install/px4_msgs/share/px4_msgs/msg/TiltrotorExtraControls.msg\n'}
[2.693297] (px4_msgs) StdoutLine: {'line': b'-- Up-to-date symlink: /home/maxim/super_ws/install/px4_msgs/share/px4_msgs/msg/TimesyncStatus.msg\n'}
[2.693474] (px4_msgs) StdoutLine: {'line': b'-- Up-to-date symlink: /home/maxim/super_ws/install/px4_msgs/share/px4_msgs/msg/TrajectorySetpoint.msg\n'}
[2.693651] (px4_msgs) StdoutLine: {'line': b'-- Up-to-date symlink: /home/maxim/super_ws/install/px4_msgs/share/px4_msgs/msg/TrajectorySetpoint6dof.msg\n'}
[2.693804] (px4_msgs) StdoutLine: {'line': b'-- Up-to-date symlink: /home/maxim/super_ws/install/px4_msgs/share/px4_msgs/msg/TransponderReport.msg\n'}
[2.693897] (px4_msgs) StdoutLine: {'line': b'-- Up-to-date symlink: /home/maxim/super_ws/install/px4_msgs/share/px4_msgs/msg/TuneControl.msg\n'}
[2.694030] (px4_msgs) StdoutLine: {'line': b'-- Up-to-date symlink: /home/maxim/super_ws/install/px4_msgs/share/px4_msgs/msg/UavcanParameterRequest.msg\n'}
[2.694208] (px4_msgs) StdoutLine: {'line': b'-- Up-to-date symlink: /home/maxim/super_ws/install/px4_msgs/share/px4_msgs/msg/UavcanParameterValue.msg\n'}
[2.694311] (px4_msgs) StdoutLine: {'line': b'-- Up-to-date symlink: /home/maxim/super_ws/install/px4_msgs/share/px4_msgs/msg/UlogStream.msg\n'}
[2.694452] (px4_msgs) StdoutLine: {'line': b'-- Up-to-date symlink: /home/maxim/super_ws/install/px4_msgs/share/px4_msgs/msg/UlogStreamAck.msg\n'}
[2.694560] (px4_msgs) StdoutLine: {'line': b'-- Up-to-date symlink: /home/maxim/super_ws/install/px4_msgs/share/px4_msgs/msg/UnregisterExtComponent.msg\n'}
[2.694730] (px4_msgs) StdoutLine: {'line': b'-- Up-to-date symlink: /home/maxim/super_ws/install/px4_msgs/share/px4_msgs/msg/VehicleAcceleration.msg\n'}
[2.694833] (px4_msgs) StdoutLine: {'line': b'-- Up-to-date symlink: /home/maxim/super_ws/install/px4_msgs/share/px4_msgs/msg/VehicleAirData.msg\n'}
[2.695019] (px4_msgs) StdoutLine: {'line': b'-- Up-to-date symlink: /home/maxim/super_ws/install/px4_msgs/share/px4_msgs/msg/VehicleAngularAccelerationSetpoint.msg\n'}
[2.695229] (px4_msgs) StdoutLine: {'line': b'-- Up-to-date symlink: /home/maxim/super_ws/install/px4_msgs/share/px4_msgs/msg/VehicleAngularVelocity.msg\n'}
[2.695349] (px4_msgs) StdoutLine: {'line': b'-- Up-to-date symlink: /home/maxim/super_ws/install/px4_msgs/share/px4_msgs/msg/VehicleAttitude.msg\n'}
[2.695552] (px4_msgs) StdoutLine: {'line': b'-- Up-to-date symlink: /home/maxim/super_ws/install/px4_msgs/share/px4_msgs/msg/VehicleAttitudeSetpoint.msg\n'}
[2.695700] (px4_msgs) StdoutLine: {'line': b'-- Up-to-date symlink: /home/maxim/super_ws/install/px4_msgs/share/px4_msgs/msg/VehicleCommand.msg\n'}
[2.695798] (px4_msgs) StdoutLine: {'line': b'-- Up-to-date symlink: /home/maxim/super_ws/install/px4_msgs/share/px4_msgs/msg/VehicleCommandAck.msg\n'}
[2.696037] (px4_msgs) StdoutLine: {'line': b'-- Up-to-date symlink: /home/maxim/super_ws/install/px4_msgs/share/px4_msgs/msg/VehicleConstraints.msg\n'}
[2.696244] (px4_msgs) StdoutLine: {'line': b'-- Up-to-date symlink: /home/maxim/super_ws/install/px4_msgs/share/px4_msgs/msg/VehicleControlMode.msg\n'}
[2.696462] (px4_msgs) StdoutLine: {'line': b'-- Up-to-date symlink: /home/maxim/super_ws/install/px4_msgs/share/px4_msgs/msg/VehicleGlobalPosition.msg\n'}
[2.696614] (px4_msgs) StdoutLine: {'line': b'-- Up-to-date symlink: /home/maxim/super_ws/install/px4_msgs/share/px4_msgs/msg/VehicleImu.msg\n'}
[2.696707] (px4_msgs) StdoutLine: {'line': b'-- Up-to-date symlink: /home/maxim/super_ws/install/px4_msgs/share/px4_msgs/msg/VehicleImuStatus.msg\n'}
[2.696936] (px4_msgs) StdoutLine: {'line': b'-- Up-to-date symlink: /home/maxim/super_ws/install/px4_msgs/share/px4_msgs/msg/VehicleLandDetected.msg\n'}
[2.697134] (px4_msgs) StdoutLine: {'line': b'-- Up-to-date symlink: /home/maxim/super_ws/install/px4_msgs/share/px4_msgs/msg/VehicleLocalPosition.msg\n'}
[2.697303] (px4_msgs) StdoutLine: {'line': b'-- Up-to-date symlink: /home/maxim/super_ws/install/px4_msgs/share/px4_msgs/msg/VehicleLocalPositionSetpoint.msg\n'}
[2.697434] (px4_msgs) StdoutLine: {'line': b'-- Up-to-date symlink: /home/maxim/super_ws/install/px4_msgs/share/px4_msgs/msg/VehicleMagnetometer.msg\n'}
[2.697560] (px4_msgs) StdoutLine: {'line': b'-- Up-to-date symlink: /home/maxim/super_ws/install/px4_msgs/share/px4_msgs/msg/VehicleOdometry.msg\n'}
[2.697705] (px4_msgs) StdoutLine: {'line': b'-- Up-to-date symlink: /home/maxim/super_ws/install/px4_msgs/share/px4_msgs/msg/VehicleOpticalFlow.msg\n'}
[2.697850] (px4_msgs) StdoutLine: {'line': b'-- Up-to-date symlink: /home/maxim/super_ws/install/px4_msgs/share/px4_msgs/msg/VehicleOpticalFlowVel.msg\n'}
[2.698077] (px4_msgs) StdoutLine: {'line': b'-- Up-to-date symlink: /home/maxim/super_ws/install/px4_msgs/share/px4_msgs/msg/VehicleRatesSetpoint.msg\n'}
[2.698200] (px4_msgs) StdoutLine: {'line': b'-- Up-to-date symlink: /home/maxim/super_ws/install/px4_msgs/share/px4_msgs/msg/VehicleRoi.msg\n'}
[2.698320] (px4_msgs) StdoutLine: {'line': b'-- Up-to-date symlink: /home/maxim/super_ws/install/px4_msgs/share/px4_msgs/msg/VehicleStatus.msg\n'}
[2.698525] (px4_msgs) StdoutLine: {'line': b'-- Up-to-date symlink: /home/maxim/super_ws/install/px4_msgs/share/px4_msgs/msg/VehicleThrustSetpoint.msg\n'}
[2.698733] (px4_msgs) StdoutLine: {'line': b'-- Up-to-date symlink: /home/maxim/super_ws/install/px4_msgs/share/px4_msgs/msg/VehicleTorqueSetpoint.msg\n'}
[2.698887] (px4_msgs) StdoutLine: {'line': b'-- Up-to-date symlink: /home/maxim/super_ws/install/px4_msgs/share/px4_msgs/msg/VelocityLimits.msg\n'}
[2.698981] (px4_msgs) StdoutLine: {'line': b'-- Up-to-date symlink: /home/maxim/super_ws/install/px4_msgs/share/px4_msgs/msg/VteAidSource1d.msg\n'}
[2.699129] (px4_msgs) StdoutLine: {'line': b'-- Up-to-date symlink: /home/maxim/super_ws/install/px4_msgs/share/px4_msgs/msg/VteAidSource3d.msg\n'}
[2.699242] (px4_msgs) StdoutLine: {'line': b'-- Up-to-date symlink: /home/maxim/super_ws/install/px4_msgs/share/px4_msgs/msg/VteBiasInitStatus.msg\n'}
[2.699367] (px4_msgs) StdoutLine: {'line': b'-- Up-to-date symlink: /home/maxim/super_ws/install/px4_msgs/share/px4_msgs/msg/VteInput.msg\n'}
[2.699462] (px4_msgs) StdoutLine: {'line': b'-- Up-to-date symlink: /home/maxim/super_ws/install/px4_msgs/share/px4_msgs/msg/VteOrientation.msg\n'}
[2.699595] (px4_msgs) StdoutLine: {'line': b'-- Up-to-date symlink: /home/maxim/super_ws/install/px4_msgs/share/px4_msgs/msg/VtePosition.msg\n'}
[2.699689] (px4_msgs) StdoutLine: {'line': b'-- Up-to-date symlink: /home/maxim/super_ws/install/px4_msgs/share/px4_msgs/msg/VtolVehicleStatus.msg\n'}
[2.699825] (px4_msgs) StdoutLine: {'line': b'-- Up-to-date symlink: /home/maxim/super_ws/install/px4_msgs/share/px4_msgs/msg/Vtx.msg\n'}
[2.699926] (px4_msgs) StdoutLine: {'line': b'-- Up-to-date symlink: /home/maxim/super_ws/install/px4_msgs/share/px4_msgs/msg/WheelEncoders.msg\n'}
[2.700027] (px4_msgs) StdoutLine: {'line': b'-- Up-to-date symlink: /home/maxim/super_ws/install/px4_msgs/share/px4_msgs/msg/Wind.msg\n'}
[2.700240] (px4_msgs) StdoutLine: {'line': b'-- Up-to-date symlink: /home/maxim/super_ws/install/px4_msgs/share/px4_msgs/msg/YawEstimatorStatus.msg\n'}
[2.700390] (px4_msgs) StdoutLine: {'line': b'-- Up-to-date symlink: /home/maxim/super_ws/install/px4_msgs/share/px4_msgs/srv/VehicleCommand.srv\n'}
[2.700748] (px4_msgs) StdoutLine: {'line': b'-- Up-to-date symlink: /home/maxim/super_ws/install/px4_msgs/share/ament_index/resource_index/package_run_dependencies/px4_msgs\n'}
[2.700922] (px4_msgs) StdoutLine: {'line': b'-- Up-to-date symlink: /home/maxim/super_ws/install/px4_msgs/share/ament_index/resource_index/parent_prefix_path/px4_msgs\n'}
[2.701143] (px4_msgs) StdoutLine: {'line': b'-- Up-to-date symlink: /home/maxim/super_ws/install/px4_msgs/share/px4_msgs/environment/ament_prefix_path.sh\n'}
[2.701337] (px4_msgs) StdoutLine: {'line': b'-- Up-to-date symlink: /home/maxim/super_ws/install/px4_msgs/share/px4_msgs/environment/ament_prefix_path.dsv\n'}
[2.701540] (px4_msgs) StdoutLine: {'line': b'-- Up-to-date symlink: /home/maxim/super_ws/install/px4_msgs/share/px4_msgs/environment/path.sh\n'}
[2.701739] (px4_msgs) StdoutLine: {'line': b'-- Up-to-date symlink: /home/maxim/super_ws/install/px4_msgs/share/px4_msgs/environment/path.dsv\n'}
[2.701887] (px4_msgs) StdoutLine: {'line': b'-- Up-to-date symlink: /home/maxim/super_ws/install/px4_msgs/share/px4_msgs/local_setup.bash\n'}
[2.702070] (px4_msgs) StdoutLine: {'line': b'-- Up-to-date symlink: /home/maxim/super_ws/install/px4_msgs/share/px4_msgs/local_setup.sh\n'}
[2.702245] (px4_msgs) StdoutLine: {'line': b'-- Up-to-date symlink: /home/maxim/super_ws/install/px4_msgs/share/px4_msgs/local_setup.zsh\n'}
[2.702422] (px4_msgs) StdoutLine: {'line': b'-- Up-to-date symlink: /home/maxim/super_ws/install/px4_msgs/share/px4_msgs/local_setup.dsv\n'}
[2.702549] (px4_msgs) StdoutLine: {'line': b'-- Symlinking: /home/maxim/super_ws/install/px4_msgs/share/px4_msgs/package.dsv\n'}
[2.703398] (-) TimerEvent: {}
[2.708776] (px4_msgs) StdoutLine: {'line': b'-- Up-to-date symlink: /home/maxim/super_ws/install/px4_msgs/share/ament_index/resource_index/packages/px4_msgs\n'}
[2.709118] (px4_msgs) StdoutLine: {'line': b'-- Up-to-date symlink: /home/maxim/super_ws/install/px4_msgs/share/px4_msgs/cmake/rosidl_cmake-extras.cmake\n'}
[2.709371] (px4_msgs) StdoutLine: {'line': b'-- Up-to-date symlink: /home/maxim/super_ws/install/px4_msgs/share/px4_msgs/cmake/ament_cmake_export_dependencies-extras.cmake\n'}
[2.709600] (px4_msgs) StdoutLine: {'line': b'-- Up-to-date symlink: /home/maxim/super_ws/install/px4_msgs/share/px4_msgs/cmake/ament_cmake_export_include_directories-extras.cmake\n'}
[2.709811] (px4_msgs) StdoutLine: {'line': b'-- Up-to-date symlink: /home/maxim/super_ws/install/px4_msgs/share/px4_msgs/cmake/ament_cmake_export_libraries-extras.cmake\n'}
[2.709932] (px4_msgs) StdoutLine: {'line': b'-- Up-to-date symlink: /home/maxim/super_ws/install/px4_msgs/share/px4_msgs/cmake/ament_cmake_export_targets-extras.cmake\n'}
[2.710017] (px4_msgs) StdoutLine: {'line': b'-- Up-to-date symlink: /home/maxim/super_ws/install/px4_msgs/share/px4_msgs/cmake/rosidl_cmake_export_typesupport_targets-extras.cmake\n'}
[2.710253] (px4_msgs) StdoutLine: {'line': b'-- Up-to-date symlink: /home/maxim/super_ws/install/px4_msgs/share/px4_msgs/cmake/rosidl_cmake_export_typesupport_libraries-extras.cmake\n'}
[2.710482] (px4_msgs) StdoutLine: {'line': b'-- Up-to-date symlink: /home/maxim/super_ws/install/px4_msgs/share/px4_msgs/cmake/px4_msgsConfig.cmake\n'}
[2.710629] (px4_msgs) StdoutLine: {'line': b'-- Up-to-date symlink: /home/maxim/super_ws/install/px4_msgs/share/px4_msgs/cmake/px4_msgsConfig-version.cmake\n'}
[2.710735] (px4_msgs) StdoutLine: {'line': b'-- Up-to-date symlink: /home/maxim/super_ws/install/px4_msgs/share/px4_msgs/package.xml\n'}
[2.712078] (px4_msgs) StdoutLine: {'line': b'-- Up-to-date: /home/maxim/super_ws/install/px4_msgs/lib/libpx4_msgs__rosidl_generator_c.so\n'}
[2.712714] (px4_msgs) StdoutLine: {'line': b'-- Up-to-date: /home/maxim/super_ws/install/px4_msgs/lib/libpx4_msgs__rosidl_typesupport_fastrtps_c.so\n'}
[2.713319] (px4_msgs) StdoutLine: {'line': b'-- Up-to-date: /home/maxim/super_ws/install/px4_msgs/lib/libpx4_msgs__rosidl_typesupport_fastrtps_cpp.so\n'}
[2.714037] (px4_msgs) StdoutLine: {'line': b'-- Up-to-date: /home/maxim/super_ws/install/px4_msgs/lib/libpx4_msgs__rosidl_typesupport_introspection_c.so\n'}
[2.714802] (px4_msgs) StdoutLine: {'line': b'-- Up-to-date: /home/maxim/super_ws/install/px4_msgs/lib/libpx4_msgs__rosidl_typesupport_c.so\n'}
[2.715725] (px4_msgs) StdoutLine: {'line': b'-- Up-to-date: /home/maxim/super_ws/install/px4_msgs/lib/libpx4_msgs__rosidl_typesupport_introspection_cpp.so\n'}
[2.716658] (px4_msgs) StdoutLine: {'line': b'-- Up-to-date: /home/maxim/super_ws/install/px4_msgs/lib/libpx4_msgs__rosidl_typesupport_cpp.so\n'}
[2.791946] (px4_msgs) StdoutLine: {'line': b"Listing '/home/maxim/super_ws/install/px4_msgs/lib/python3.12/site-packages/px4_msgs'...\n"}
[2.792109] (px4_msgs) StdoutLine: {'line': b"Listing '/home/maxim/super_ws/install/px4_msgs/lib/python3.12/site-packages/px4_msgs/msg'...\n"}
[2.792172] (px4_msgs) StdoutLine: {'line': b"Listing '/home/maxim/super_ws/install/px4_msgs/lib/python3.12/site-packages/px4_msgs/srv'...\n"}
[2.797456] (px4_msgs) StdoutLine: {'line': b'-- Up-to-date: /home/maxim/super_ws/install/px4_msgs/lib/libpx4_msgs__rosidl_generator_py.so\n'}
[2.798074] (px4_msgs) StdoutLine: {'line': b'-- Up-to-date: /home/maxim/super_ws/install/px4_msgs/share/px4_msgs/cmake/export_px4_msgs__rosidl_generator_cExport.cmake\n'}
[2.798161] (px4_msgs) StdoutLine: {'line': b'-- Up-to-date: /home/maxim/super_ws/install/px4_msgs/share/px4_msgs/cmake/export_px4_msgs__rosidl_generator_cExport-noconfig.cmake\n'}
[2.798393] (px4_msgs) StdoutLine: {'line': b'-- Up-to-date: /home/maxim/super_ws/install/px4_msgs/share/px4_msgs/cmake/export_px4_msgs__rosidl_typesupport_fastrtps_cExport.cmake\n'}
[2.798541] (px4_msgs) StdoutLine: {'line': b'-- Up-to-date: /home/maxim/super_ws/install/px4_msgs/share/px4_msgs/cmake/export_px4_msgs__rosidl_typesupport_fastrtps_cExport-noconfig.cmake\n'}
[2.798686] (px4_msgs) StdoutLine: {'line': b'-- Up-to-date: /home/maxim/super_ws/install/px4_msgs/share/px4_msgs/cmake/export_px4_msgs__rosidl_generator_cppExport.cmake\n'}
[2.798885] (px4_msgs) StdoutLine: {'line': b'-- Up-to-date: /home/maxim/super_ws/install/px4_msgs/share/px4_msgs/cmake/export_px4_msgs__rosidl_typesupport_fastrtps_cppExport.cmake\n'}
[2.798965] (px4_msgs) StdoutLine: {'line': b'-- Up-to-date: /home/maxim/super_ws/install/px4_msgs/share/px4_msgs/cmake/export_px4_msgs__rosidl_typesupport_fastrtps_cppExport-noconfig.cmake\n'}
[2.799228] (px4_msgs) StdoutLine: {'line': b'-- Up-to-date: /home/maxim/super_ws/install/px4_msgs/share/px4_msgs/cmake/px4_msgs__rosidl_typesupport_introspection_cExport.cmake\n'}
[2.799319] (px4_msgs) StdoutLine: {'line': b'-- Up-to-date: /home/maxim/super_ws/install/px4_msgs/share/px4_msgs/cmake/px4_msgs__rosidl_typesupport_introspection_cExport-noconfig.cmake\n'}
[2.799444] (px4_msgs) StdoutLine: {'line': b'-- Up-to-date: /home/maxim/super_ws/install/px4_msgs/share/px4_msgs/cmake/px4_msgs__rosidl_typesupport_cExport.cmake\n'}
[2.799541] (px4_msgs) StdoutLine: {'line': b'-- Up-to-date: /home/maxim/super_ws/install/px4_msgs/share/px4_msgs/cmake/px4_msgs__rosidl_typesupport_cExport-noconfig.cmake\n'}
[2.799688] (px4_msgs) StdoutLine: {'line': b'-- Up-to-date: /home/maxim/super_ws/install/px4_msgs/share/px4_msgs/cmake/px4_msgs__rosidl_typesupport_introspection_cppExport.cmake\n'}
[2.799774] (px4_msgs) StdoutLine: {'line': b'-- Up-to-date: /home/maxim/super_ws/install/px4_msgs/share/px4_msgs/cmake/px4_msgs__rosidl_typesupport_introspection_cppExport-noconfig.cmake\n'}
[2.800005] (px4_msgs) StdoutLine: {'line': b'-- Up-to-date: /home/maxim/super_ws/install/px4_msgs/share/px4_msgs/cmake/px4_msgs__rosidl_typesupport_cppExport.cmake\n'}
[2.800065] (px4_msgs) StdoutLine: {'line': b'-- Up-to-date: /home/maxim/super_ws/install/px4_msgs/share/px4_msgs/cmake/px4_msgs__rosidl_typesupport_cppExport-noconfig.cmake\n'}
[2.800307] (px4_msgs) StdoutLine: {'line': b'-- Up-to-date: /home/maxim/super_ws/install/px4_msgs/share/px4_msgs/cmake/export_px4_msgs__rosidl_generator_pyExport.cmake\n'}
[2.800399] (px4_msgs) StdoutLine: {'line': b'-- Up-to-date: /home/maxim/super_ws/install/px4_msgs/share/px4_msgs/cmake/export_px4_msgs__rosidl_generator_pyExport-noconfig.cmake\n'}
[2.802058] (px4_msgs) CommandEnded: {'returncode': 0}
[2.803540] (-) TimerEvent: {}
[2.851947] (px4_msgs) JobEnded: {'identifier': 'px4_msgs', 'rc': 0}
[2.852538] (flight_control_node) JobStarted: {'identifier': 'flight_control_node'}
[2.903654] (-) TimerEvent: {}
[3.003853] (-) TimerEvent: {}
[3.104063] (-) TimerEvent: {}
[3.204244] (-) TimerEvent: {}
[3.304452] (-) TimerEvent: {}
[3.404647] (-) TimerEvent: {}
[3.504859] (-) TimerEvent: {}
[3.519644] (flight_control_node) Command: {'cmd': ['/usr/bin/python3', '-W', 'ignore:setup.py install is deprecated', '-W', 'ignore:easy_install command is deprecated', 'setup.py', 'egg_info', '--egg-base', '../../build/flight_control_node', 'build', '--build-base', '/home/maxim/super_ws/build/flight_control_node/build', 'install', '--record', '/home/maxim/super_ws/build/flight_control_node/install.log', '--install-scripts', '$base/lib/flight_control_node', '--single-version-externally-managed', 'install_data'], 'cwd': '/home/maxim/super_ws/src/flight_control_node', 'env': {'GJS_DEBUG_TOPICS': 'JS ERROR;JS LOG', 'XDG_ACTIVATION_TOKEN': 'gnome-shell/Terminator/1878-2-akula_TIME994393', 'LESSOPEN': '| /usr/bin/lesspipe %s', 'USER': 'maxim', 'XDG_SESSION_TYPE': 'x11', 'CLUTTER_DISABLE_MIPMAPPED_TEXT': '1', 'SHLVL': '1', 'LD_LIBRARY_PATH': '/home/maxim/super_ws/install/px4_msgs/lib', 'HOME': '/home/maxim', 'OLDPWD': '/home/maxim', 'DESKTOP_SESSION': 'ubuntu', 'GIO_LAUNCHED_DESKTOP_FILE': '/usr/share/applications/terminator.desktop', 'GNOME_SHELL_SESSION_MODE': 'ubuntu', 'GTK_MODULES': 'gail:atk-bridge', 'PS1': '(.local) \\[\\e]0;\\u@\\h: \\w\\a\\]${debian_chroot:+($debian_chroot)}\\[\\033[01;35m\\]\\u@\\h\\[\\033[00m\\]:\\[\\033[01;34m\\]\\w\\[\\033[00m\\]\\$', 'MANAGERPID': '1451', 'SYSTEMD_EXEC_PID': '1878', 'GSM_SKIP_SSH_AGENT_WORKAROUND': 'true', 'DBUS_SESSION_BUS_ADDRESS': 'unix:path=/run/user/1000/bus', 'COLORTERM': 'truecolor', 'TERMINATOR_DBUS_NAME': 'net.tenshu.Terminator21a9d5db22c73a993ff0b42f64b396873', 'GIO_LAUNCHED_DESKTOP_FILE_PID': '33306', '_colcon_cd_root': '/opt/ros/jazzy/', 'DEBUGINFOD_URLS': 'https://debuginfod.ubuntu.com', 'LOGNAME': 'maxim', 'JOURNAL_STREAM': '9:18990', '_': '/usr/bin/colcon', 'MEMORY_PRESSURE_WATCH': '/sys/fs/cgroup/user.slice/user-1000.slice/user@1000.service/session.slice/org.gnome.Shell@x11.service/memory.pressure', 'XDG_SESSION_CLASS': 'user', 'USERNAME': 'maxim', 'TERM': 'xterm-256color', 'GNOME_DESKTOP_SESSION_ID': 'this-is-deprecated', 'WINDOWPATH': '2', 'PATH': '/home/maxim/.local/bin:/home/maxim/.local/bin:/usr/local/sbin:/usr/local/bin:/usr/sbin:/usr/bin:/sbin:/bin:/usr/games:/usr/local/games:/snap/bin:/snap/bin:/opt/xtensa-esp-elf/bin/', 'SESSION_MANAGER': 'local/akula:@/tmp/.ICE-unix/1833,unix/akula:/tmp/.ICE-unix/1833', 'INVOCATION_ID': 'f2401b29c7284bafa3b57a5abd2edac0', 'XDG_MENU_PREFIX': 'gnome-', 'XDG_RUNTIME_DIR': '/run/user/1000', 'DISPLAY': ':0', 'TERMINATOR_DBUS_PATH': '/net/tenshu/Terminator2', 'LANG': 'en_US.UTF-8', 'XDG_CURRENT_DESKTOP': 'ubuntu:GNOME', 'VIRTUAL_ENV_PROMPT': '(.local)', 'XMODIFIERS': '@im=ibus', 'XDG_SESSION_DESKTOP': 'ubuntu', 'XAUTHORITY': '/run/user/1000/gdm/Xauthority', 'LS_COLORS': 'rs=0:di=01;34:ln=01;36:mh=00:pi=40;33:so=01;35:do=01;35:bd=40;33;01:cd=40;33;01:or=40;31;01:mi=00:su=37;41:sg=30;43:ca=00:tw=30;42:ow=34;42:st=37;44:ex=01;32:*.tar=01;31:*.tgz=01;31:*.arc=01;31:*.arj=01;31:*.taz=01;31:*.lha=01;31:*.lz4=01;31:*.lzh=01;31:*.lzma=01;31:*.tlz=01;31:*.txz=01;31:*.tzo=01;31:*.t7z=01;31:*.zip=01;31:*.z=01;31:*.dz=01;31:*.gz=01;31:*.lrz=01;31:*.lz=01;31:*.lzo=01;31:*.xz=01;31:*.zst=01;31:*.tzst=01;31:*.bz2=01;31:*.bz=01;31:*.tbz=01;31:*.tbz2=01;31:*.tz=01;31:*.deb=01;31:*.rpm=01;31:*.jar=01;31:*.war=01;31:*.ear=01;31:*.sar=01;31:*.rar=01;31:*.alz=01;31:*.ace=01;31:*.zoo=01;31:*.cpio=01;31:*.7z=01;31:*.rz=01;31:*.cab=01;31:*.wim=01;31:*.swm=01;31:*.dwm=01;31:*.esd=01;31:*.avif=01;35:*.jpg=01;35:*.jpeg=01;35:*.mjpg=01;35:*.mjpeg=01;35:*.gif=01;35:*.bmp=01;35:*.pbm=01;35:*.pgm=01;35:*.ppm=01;35:*.tga=01;35:*.xbm=01;35:*.xpm=01;35:*.tif=01;35:*.tiff=01;35:*.png=01;35:*.svg=01;35:*.svgz=01;35:*.mng=01;35:*.pcx=01;35:*.mov=01;35:*.mpg=01;35:*.mpeg=01;35:*.m2v=01;35:*.mkv=01;35:*.webm=01;35:*.webp=01;35:*.ogm=01;35:*.mp4=01;35:*.m4v=01;35:*.mp4v=01;35:*.vob=01;35:*.qt=01;35:*.nuv=01;35:*.wmv=01;35:*.asf=01;35:*.rm=01;35:*.rmvb=01;35:*.flc=01;35:*.avi=01;35:*.fli=01;35:*.flv=01;35:*.gl=01;35:*.dl=01;35:*.xcf=01;35:*.xwd=01;35:*.yuv=01;35:*.cgm=01;35:*.emf=01;35:*.ogv=01;35:*.ogx=01;35:*.aac=00;36:*.au=00;36:*.flac=00;36:*.m4a=00;36:*.mid=00;36:*.midi=00;36:*.mka=00;36:*.mp3=00;36:*.mpc=00;36:*.ogg=00;36:*.ra=00;36:*.wav=00;36:*.oga=00;36:*.opus=00;36:*.spx=00;36:*.xspf=00;36:*~=00;90:*#=00;90:*.bak=00;90:*.crdownload=00;90:*.dpkg-dist=00;90:*.dpkg-new=00;90:*.dpkg-old=00;90:*.dpkg-tmp=00;90:*.old=00;90:*.orig=00;90:*.part=00;90:*.rej=00;90:*.rpmnew=00;90:*.rpmorig=00;90:*.rpmsave=00;90:*.swp=00;90:*.tmp=00;90:*.ucf-dist=00;90:*.ucf-new=00;90:*.ucf-old=00;90:', 'SSH_AUTH_SOCK': '/run/user/1000/keyring/ssh', 'AMENT_PREFIX_PATH': '/home/maxim/super_ws/install/px4_msgs', 'SHELL': '/bin/bash', 'TERMINATOR_UUID': 'urn:uuid:b72b14b7-8241-40b0-b85d-97e5d905c368', 'QT_ACCESSIBILITY': '1', 'GDMSESSION': 'ubuntu', 'LESSCLOSE': '/usr/bin/lesspipe %s %s', 'GPG_AGENT_INFO': '/run/user/1000/gnupg/S.gpg-agent:0:1', 'GJS_DEBUG_OUTPUT': 'stderr', 'VIRTUAL_ENV': '/home/maxim/.local', 'QT_IM_MODULE': 'ibus', 'PWD': '/home/maxim/super_ws/build/flight_control_node', 'QT_QPA_PLATFORM': 'xcb', 'XDG_CONFIG_DIRS': '/etc/xdg/xdg-ubuntu:/etc/xdg', 'XDG_DATA_DIRS': '/usr/share/ubuntu:/usr/share/gnome:/usr/local/share/:/usr/share/:/var/lib/snapd/desktop', 'PYTHONPATH': '/home/maxim/super_ws/build/flight_control_node/prefix_override:/usr/lib/python3/dist-packages/colcon_core/task/python/colcon_distutils_commands:/home/maxim/super_ws/install/flight_control_node/lib/python3.12/site-packages:/home/maxim/super_ws/install/px4_msgs/lib/python3.12/site-packages', 'COLCON': '1', 'MEMORY_PRESSURE_WRITE': 'c29tZSAyMDAwMDAgMjAwMDAwMAA=', 'VTE_VERSION': '7600', 'CMAKE_PREFIX_PATH': '/home/maxim/super_ws/install/px4_msgs'}, 'shell': False}
[3.604963] (-) TimerEvent: {}
[3.705118] (-) TimerEvent: {}
[3.717935] (flight_control_node) StdoutLine: {'line': b'running egg_info\n'}
[3.731203] (flight_control_node) StdoutLine: {'line': b'writing ../../build/flight_control_node/flight_control_node.egg-info/PKG-INFO\n'}
[3.735022] (flight_control_node) StdoutLine: {'line': b'writing dependency_links to ../../build/flight_control_node/flight_control_node.egg-info/dependency_links.txt\n'}
[3.735246] (flight_control_node) StdoutLine: {'line': b'writing entry points to ../../build/flight_control_node/flight_control_node.egg-info/entry_points.txt\n'}
[3.735394] (flight_control_node) StdoutLine: {'line': b'writing requirements to ../../build/flight_control_node/flight_control_node.egg-info/requires.txt\n'}
[3.735479] (flight_control_node) StdoutLine: {'line': b'writing top-level names to ../../build/flight_control_node/flight_control_node.egg-info/top_level.txt\n'}
[3.763814] (flight_control_node) StdoutLine: {'line': b"reading manifest file '../../build/flight_control_node/flight_control_node.egg-info/SOURCES.txt'\n"}
[3.764637] (flight_control_node) StdoutLine: {'line': b"adding license file 'LICENSE'\n"}
[3.765227] (flight_control_node) StdoutLine: {'line': b"writing manifest file '../../build/flight_control_node/flight_control_node.egg-info/SOURCES.txt'\n"}
[3.765401] (flight_control_node) StdoutLine: {'line': b'running build\n'}
[3.765465] (flight_control_node) StdoutLine: {'line': b'running build_py\n'}
[3.766117] (flight_control_node) StdoutLine: {'line': b'copying flight_control_node/flight_node.py -> /home/maxim/super_ws/build/flight_control_node/build/lib/flight_control_node\n'}
[3.766296] (flight_control_node) StdoutLine: {'line': b'copying flight_control_node/__init__.py -> /home/maxim/super_ws/build/flight_control_node/build/lib/flight_control_node\n'}
[3.766503] (flight_control_node) StdoutLine: {'line': b'running install\n'}
[3.770462] (flight_control_node) StdoutLine: {'line': b'running install_lib\n'}
[3.784171] (flight_control_node) StdoutLine: {'line': b'copying /home/maxim/super_ws/build/flight_control_node/build/lib/flight_control_node/flight_node.py -> /home/maxim/super_ws/install/flight_control_node/lib/python3.12/site-packages/flight_control_node\n'}
[3.784718] (flight_control_node) StdoutLine: {'line': b'byte-compiling /home/maxim/super_ws/install/flight_control_node/lib/python3.12/site-packages/flight_control_node/flight_node.py to flight_node.cpython-312.pyc\n'}
[3.786342] (flight_control_node) StdoutLine: {'line': b'running install_data\n'}
[3.787158] (flight_control_node) StdoutLine: {'line': b'copying resource/flight_control_node -> /home/maxim/super_ws/install/flight_control_node/share/ament_index/resource_index/packages\n'}
[3.787527] (flight_control_node) StdoutLine: {'line': b'copying package.xml -> /home/maxim/super_ws/install/flight_control_node/share/flight_control_node\n'}
[3.787676] (flight_control_node) StdoutLine: {'line': b'running install_egg_info\n'}
[3.801602] (flight_control_node) StdoutLine: {'line': b"removing '/home/maxim/super_ws/install/flight_control_node/lib/python3.12/site-packages/flight_control_node-0.0.0-py3.12.egg-info' (and everything under it)\n"}
[3.801789] (flight_control_node) StdoutLine: {'line': b'Copying ../../build/flight_control_node/flight_control_node.egg-info to /home/maxim/super_ws/install/flight_control_node/lib/python3.12/site-packages/flight_control_node-0.0.0-py3.12.egg-info\n'}
[3.802787] (flight_control_node) StdoutLine: {'line': b'running install_scripts\n'}
[3.805180] (-) TimerEvent: {}
[3.872961] (flight_control_node) StdoutLine: {'line': b'Installing start_flight script to /home/maxim/super_ws/install/flight_control_node/lib/flight_control_node\n'}
[3.873695] (flight_control_node) StdoutLine: {'line': b"writing list of installed files to '/home/maxim/super_ws/build/flight_control_node/install.log'\n"}
[3.892915] (flight_control_node) CommandEnded: {'returncode': 0}
[3.897804] (flight_control_node) JobEnded: {'identifier': 'flight_control_node', 'rc': 0}
[3.898317] (-) EventReactorShutdown: {}
