[0.000000] (-) TimerEvent: {}
[0.000083] (px4_msgs) JobQueued: {'identifier': 'px4_msgs', 'dependencies': OrderedDict()}
[0.000106] (flight_control_node) JobQueued: {'identifier': 'flight_control_node', 'dependencies': OrderedDict({'px4_msgs': '/home/maxim/super_ws/install/px4_msgs'})}
[0.000128] (px4_msgs) JobStarted: {'identifier': 'px4_msgs'}
[0.003683] (px4_msgs) JobProgress: {'identifier': 'px4_msgs', 'progress': 'cmake'}
[0.004482] (px4_msgs) JobProgress: {'identifier': 'px4_msgs', 'progress': 'build'}
[0.004562] (px4_msgs) Command: {'cmd': ['/usr/bin/cmake', '--build', '/home/maxim/super_ws/build/px4_msgs', '--', '-j8', '-l8'], 'cwd': '/home/maxim/super_ws/build/px4_msgs', 'env': OrderedDict({'LESSOPEN': '| /usr/bin/lesspipe %s', 'USER': 'maxim', 'XDG_SESSION_TYPE': 'x11', 'CLUTTER_DISABLE_MIPMAPPED_TEXT': '1', 'SHLVL': '1', 'HOME': '/home/maxim', 'OLDPWD': '/home/maxim', 'DESKTOP_SESSION': 'ubuntu', 'GNOME_SHELL_SESSION_MODE': 'ubuntu', 'GTK_MODULES': 'gail:atk-bridge', 'PS1': '(.local) \\[\\e]0;\\u@\\h: \\w\\a\\]${debian_chroot:+($debian_chroot)}\\[\\033[01;35m\\]\\u@\\h\\[\\033[00m\\]:\\[\\033[01;34m\\]\\w\\[\\033[00m\\]\\$', 'SYSTEMD_EXEC_PID': '1878', 'GSM_SKIP_SSH_AGENT_WORKAROUND': 'true', 'DBUS_SESSION_BUS_ADDRESS': 'unix:path=/run/user/1000/bus', 'COLORTERM': 'truecolor', '_colcon_cd_root': '/opt/ros/jazzy/', 'DEBUGINFOD_URLS': 'https://debuginfod.ubuntu.com', 'LOGNAME': 'maxim', '_': '/usr/bin/colcon', 'MEMORY_PRESSURE_WATCH': '/sys/fs/cgroup/user.slice/user-1000.slice/user@1000.service/session.slice/org.gnome.Shell@x11.service/memory.pressure', 'XDG_SESSION_CLASS': 'user', 'USERNAME': 'maxim', 'TERM': 'xterm-256color', 'GNOME_DESKTOP_SESSION_ID': 'this-is-deprecated', 'WINDOWPATH': '2', 'PATH': '/home/maxim/.local/bin:/home/maxim/.local/bin:/usr/local/sbin:/usr/local/bin:/usr/sbin:/usr/bin:/sbin:/bin:/usr/games:/usr/local/games:/snap/bin:/snap/bin:/opt/xtensa-esp-elf/bin/', 'SESSION_MANAGER': 'local/akula:@/tmp/.ICE-unix/1833,unix/akula:/tmp/.ICE-unix/1833', 'XDG_MENU_PREFIX': 'gnome-', 'GNOME_TERMINAL_SCREEN': '/org/gnome/Terminal/screen/a6d8dae2_6f64_4b3a_8e76_fd23d3969c67', 'XDG_RUNTIME_DIR': '/run/user/1000', 'DISPLAY': ':0', 'LANG': 'en_US.UTF-8', 'XDG_CURRENT_DESKTOP': 'ubuntu:GNOME', 'VIRTUAL_ENV_PROMPT': '(.local)', 'XMODIFIERS': '@im=ibus', 'XDG_SESSION_DESKTOP': 'ubuntu', 'XAUTHORITY': '/run/user/1000/gdm/Xauthority', 'LS_COLORS': 'rs=0:di=01;34:ln=01;36:mh=00:pi=40;33:so=01;35:do=01;35:bd=40;33;01:cd=40;33;01:or=40;31;01:mi=00:su=37;41:sg=30;43:ca=00:tw=30;42:ow=34;42:st=37;44:ex=01;32:*.tar=01;31:*.tgz=01;31:*.arc=01;31:*.arj=01;31:*.taz=01;31:*.lha=01;31:*.lz4=01;31:*.lzh=01;31:*.lzma=01;31:*.tlz=01;31:*.txz=01;31:*.tzo=01;31:*.t7z=01;31:*.zip=01;31:*.z=01;31:*.dz=01;31:*.gz=01;31:*.lrz=01;31:*.lz=01;31:*.lzo=01;31:*.xz=01;31:*.zst=01;31:*.tzst=01;31:*.bz2=01;31:*.bz=01;31:*.tbz=01;31:*.tbz2=01;31:*.tz=01;31:*.deb=01;31:*.rpm=01;31:*.jar=01;31:*.war=01;31:*.ear=01;31:*.sar=01;31:*.rar=01;31:*.alz=01;31:*.ace=01;31:*.zoo=01;31:*.cpio=01;31:*.7z=01;31:*.rz=01;31:*.cab=01;31:*.wim=01;31:*.swm=01;31:*.dwm=01;31:*.esd=01;31:*.avif=01;35:*.jpg=01;35:*.jpeg=01;35:*.mjpg=01;35:*.mjpeg=01;35:*.gif=01;35:*.bmp=01;35:*.pbm=01;35:*.pgm=01;35:*.ppm=01;35:*.tga=01;35:*.xbm=01;35:*.xpm=01;35:*.tif=01;35:*.tiff=01;35:*.png=01;35:*.svg=01;35:*.svgz=01;35:*.mng=01;35:*.pcx=01;35:*.mov=01;35:*.mpg=01;35:*.mpeg=01;35:*.m2v=01;35:*.mkv=01;35:*.webm=01;35:*.webp=01;35:*.ogm=01;35:*.mp4=01;35:*.m4v=01;35:*.mp4v=01;35:*.vob=01;35:*.qt=01;35:*.nuv=01;35:*.wmv=01;35:*.asf=01;35:*.rm=01;35:*.rmvb=01;35:*.flc=01;35:*.avi=01;35:*.fli=01;35:*.flv=01;35:*.gl=01;35:*.dl=01;35:*.xcf=01;35:*.xwd=01;35:*.yuv=01;35:*.cgm=01;35:*.emf=01;35:*.ogv=01;35:*.ogx=01;35:*.aac=00;36:*.au=00;36:*.flac=00;36:*.m4a=00;36:*.mid=00;36:*.midi=00;36:*.mka=00;36:*.mp3=00;36:*.mpc=00;36:*.ogg=00;36:*.ra=00;36:*.wav=00;36:*.oga=00;36:*.opus=00;36:*.spx=00;36:*.xspf=00;36:*~=00;90:*#=00;90:*.bak=00;90:*.crdownload=00;90:*.dpkg-dist=00;90:*.dpkg-new=00;90:*.dpkg-old=00;90:*.dpkg-tmp=00;90:*.old=00;90:*.orig=00;90:*.part=00;90:*.rej=00;90:*.rpmnew=00;90:*.rpmorig=00;90:*.rpmsave=00;90:*.swp=00;90:*.tmp=00;90:*.ucf-dist=00;90:*.ucf-new=00;90:*.ucf-old=00;90:', 'GNOME_TERMINAL_SERVICE': ':1.119', 'SSH_AUTH_SOCK': '/run/user/1000/keyring/ssh', 'SHELL': '/bin/bash', 'QT_ACCESSIBILITY': '1', 'GDMSESSION': 'ubuntu', 'LESSCLOSE': '/usr/bin/lesspipe %s %s', 'GPG_AGENT_INFO': '/run/user/1000/gnupg/S.gpg-agent:0:1', 'VIRTUAL_ENV': '/home/maxim/.local', 'QT_IM_MODULE': 'ibus', 'PWD': '/home/maxim/super_ws/build/px4_msgs', 'QT_QPA_PLATFORM': 'xcb', 'XDG_CONFIG_DIRS': '/etc/xdg/xdg-ubuntu:/etc/xdg', 'XDG_DATA_DIRS': '/usr/share/ubuntu:/usr/share/gnome:/usr/local/share/:/usr/share/:/var/lib/snapd/desktop', 'COLCON': '1', 'MEMORY_PRESSURE_WRITE': 'c29tZSAyMDAwMDAgMjAwMDAwMAA=', 'VTE_VERSION': '7600'}), 'shell': False}
[0.099565] (-) TimerEvent: {}
[0.199788] (-) TimerEvent: {}
[0.300002] (-) TimerEvent: {}
[0.400224] (-) TimerEvent: {}
[0.500509] (-) TimerEvent: {}
[0.600712] (-) TimerEvent: {}
[0.700919] (-) TimerEvent: {}
[0.801129] (-) TimerEvent: {}
[0.901389] (-) TimerEvent: {}
[1.001593] (-) TimerEvent: {}
[1.101801] (-) TimerEvent: {}
[1.196892] (px4_msgs) StdoutLine: {'line': b'[  0%] Built target px4_msgs__rs\n'}
[1.198921] (px4_msgs) StdoutLine: {'line': b'[  0%] Built target px4_msgs__rosidl_generator_type_description\n'}
[1.201917] (-) TimerEvent: {}
[1.204878] (px4_msgs) StdoutLine: {'line': b'[  0%] Built target ament_cmake_python_symlink_px4_msgs\n'}
[1.241937] (px4_msgs) StdoutLine: {'line': b'[  0%] Built target px4_msgs__cpp\n'}
[1.302022] (-) TimerEvent: {}
[1.360857] (px4_msgs) StdoutLine: {'line': b'[ 29%] Built target px4_msgs__rosidl_generator_c\n'}
[1.375458] (px4_msgs) StdoutLine: {'line': b'running egg_info\n'}
[1.388663] (px4_msgs) StdoutLine: {'line': b'writing px4_msgs.egg-info/PKG-INFO\n'}
[1.389015] (px4_msgs) StdoutLine: {'line': b'writing dependency_links to px4_msgs.egg-info/dependency_links.txt\n'}
[1.389208] (px4_msgs) StdoutLine: {'line': b'writing top-level names to px4_msgs.egg-info/top_level.txt\n'}
[1.402137] (-) TimerEvent: {}
[1.428399] (px4_msgs) StdoutLine: {'line': b'[ 39%] Built target px4_msgs__rosidl_typesupport_c\n'}
[1.435521] (px4_msgs) StdoutLine: {'line': b"reading manifest file 'px4_msgs.egg-info/SOURCES.txt'\n"}
[1.440297] (px4_msgs) StdoutLine: {'line': b"writing manifest file 'px4_msgs.egg-info/SOURCES.txt'\n"}
[1.444496] (px4_msgs) StdoutLine: {'line': b'[ 49%] Built target px4_msgs__rosidl_typesupport_introspection_c\n'}
[1.462368] (px4_msgs) StdoutLine: {'line': b'[ 59%] Built target px4_msgs__rosidl_typesupport_cpp\n'}
[1.463480] (px4_msgs) StdoutLine: {'line': b'[ 59%] Built target ament_cmake_python_build_px4_msgs_egg\n'}
[1.473256] (px4_msgs) StdoutLine: {'line': b'[ 69%] Built target px4_msgs__rosidl_typesupport_introspection_cpp\n'}
[1.485715] (px4_msgs) StdoutLine: {'line': b'[ 79%] Built target px4_msgs__rosidl_typesupport_fastrtps_c\n'}
[1.497106] (px4_msgs) StdoutLine: {'line': b'[ 89%] Built target px4_msgs__rosidl_typesupport_fastrtps_cpp\n'}
[1.502236] (-) TimerEvent: {}
[1.510027] (px4_msgs) StdoutLine: {'line': b'[ 89%] Built target px4_msgs\n'}
[1.532844] (px4_msgs) StdoutLine: {'line': b'[ 89%] Built target px4_msgs__py\n'}
[1.602354] (-) TimerEvent: {}
[1.639216] (px4_msgs) StdoutLine: {'line': b'[ 99%] Built target px4_msgs__rosidl_generator_py\n'}
[1.657375] (px4_msgs) StdoutLine: {'line': b'[100%] Built target px4_msgs_s__rosidl_typesupport_introspection_c\n'}
[1.657511] (px4_msgs) StdoutLine: {'line': b'[100%] Built target px4_msgs_s__rosidl_typesupport_fastrtps_c\n'}
[1.657570] (px4_msgs) StdoutLine: {'line': b'[100%] Built target px4_msgs_s__rosidl_typesupport_c\n'}
[1.665886] (px4_msgs) CommandEnded: {'returncode': 0}
[1.666347] (px4_msgs) JobProgress: {'identifier': 'px4_msgs', 'progress': 'install'}
[1.671874] (px4_msgs) Command: {'cmd': ['/usr/bin/cmake', '--install', '/home/maxim/super_ws/build/px4_msgs'], 'cwd': '/home/maxim/super_ws/build/px4_msgs', 'env': OrderedDict({'LESSOPEN': '| /usr/bin/lesspipe %s', 'USER': 'maxim', 'XDG_SESSION_TYPE': 'x11', 'CLUTTER_DISABLE_MIPMAPPED_TEXT': '1', 'SHLVL': '1', 'HOME': '/home/maxim', 'OLDPWD': '/home/maxim', 'DESKTOP_SESSION': 'ubuntu', 'GNOME_SHELL_SESSION_MODE': 'ubuntu', 'GTK_MODULES': 'gail:atk-bridge', 'PS1': '(.local) \\[\\e]0;\\u@\\h: \\w\\a\\]${debian_chroot:+($debian_chroot)}\\[\\033[01;35m\\]\\u@\\h\\[\\033[00m\\]:\\[\\033[01;34m\\]\\w\\[\\033[00m\\]\\$', 'SYSTEMD_EXEC_PID': '1878', 'GSM_SKIP_SSH_AGENT_WORKAROUND': 'true', 'DBUS_SESSION_BUS_ADDRESS': 'unix:path=/run/user/1000/bus', 'COLORTERM': 'truecolor', '_colcon_cd_root': '/opt/ros/jazzy/', 'DEBUGINFOD_URLS': 'https://debuginfod.ubuntu.com', 'LOGNAME': 'maxim', '_': '/usr/bin/colcon', 'MEMORY_PRESSURE_WATCH': '/sys/fs/cgroup/user.slice/user-1000.slice/user@1000.service/session.slice/org.gnome.Shell@x11.service/memory.pressure', 'XDG_SESSION_CLASS': 'user', 'USERNAME': 'maxim', 'TERM': 'xterm-256color', 'GNOME_DESKTOP_SESSION_ID': 'this-is-deprecated', 'WINDOWPATH': '2', 'PATH': '/home/maxim/.local/bin:/home/maxim/.local/bin:/usr/local/sbin:/usr/local/bin:/usr/sbin:/usr/bin:/sbin:/bin:/usr/games:/usr/local/games:/snap/bin:/snap/bin:/opt/xtensa-esp-elf/bin/', 'SESSION_MANAGER': 'local/akula:@/tmp/.ICE-unix/1833,unix/akula:/tmp/.ICE-unix/1833', 'XDG_MENU_PREFIX': 'gnome-', 'GNOME_TERMINAL_SCREEN': '/org/gnome/Terminal/screen/a6d8dae2_6f64_4b3a_8e76_fd23d3969c67', 'XDG_RUNTIME_DIR': '/run/user/1000', 'DISPLAY': ':0', 'LANG': 'en_US.UTF-8', 'XDG_CURRENT_DESKTOP': 'ubuntu:GNOME', 'VIRTUAL_ENV_PROMPT': '(.local)', 'XMODIFIERS': '@im=ibus', 'XDG_SESSION_DESKTOP': 'ubuntu', 'XAUTHORITY': '/run/user/1000/gdm/Xauthority', 'LS_COLORS': 'rs=0:di=01;34:ln=01;36:mh=00:pi=40;33:so=01;35:do=01;35:bd=40;33;01:cd=40;33;01:or=40;31;01:mi=00:su=37;41:sg=30;43:ca=00:tw=30;42:ow=34;42:st=37;44:ex=01;32:*.tar=01;31:*.tgz=01;31:*.arc=01;31:*.arj=01;31:*.taz=01;31:*.lha=01;31:*.lz4=01;31:*.lzh=01;31:*.lzma=01;31:*.tlz=01;31:*.txz=01;31:*.tzo=01;31:*.t7z=01;31:*.zip=01;31:*.z=01;31:*.dz=01;31:*.gz=01;31:*.lrz=01;31:*.lz=01;31:*.lzo=01;31:*.xz=01;31:*.zst=01;31:*.tzst=01;31:*.bz2=01;31:*.bz=01;31:*.tbz=01;31:*.tbz2=01;31:*.tz=01;31:*.deb=01;31:*.rpm=01;31:*.jar=01;31:*.war=01;31:*.ear=01;31:*.sar=01;31:*.rar=01;31:*.alz=01;31:*.ace=01;31:*.zoo=01;31:*.cpio=01;31:*.7z=01;31:*.rz=01;31:*.cab=01;31:*.wim=01;31:*.swm=01;31:*.dwm=01;31:*.esd=01;31:*.avif=01;35:*.jpg=01;35:*.jpeg=01;35:*.mjpg=01;35:*.mjpeg=01;35:*.gif=01;35:*.bmp=01;35:*.pbm=01;35:*.pgm=01;35:*.ppm=01;35:*.tga=01;35:*.xbm=01;35:*.xpm=01;35:*.tif=01;35:*.tiff=01;35:*.png=01;35:*.svg=01;35:*.svgz=01;35:*.mng=01;35:*.pcx=01;35:*.mov=01;35:*.mpg=01;35:*.mpeg=01;35:*.m2v=01;35:*.mkv=01;35:*.webm=01;35:*.webp=01;35:*.ogm=01;35:*.mp4=01;35:*.m4v=01;35:*.mp4v=01;35:*.vob=01;35:*.qt=01;35:*.nuv=01;35:*.wmv=01;35:*.asf=01;35:*.rm=01;35:*.rmvb=01;35:*.flc=01;35:*.avi=01;35:*.fli=01;35:*.flv=01;35:*.gl=01;35:*.dl=01;35:*.xcf=01;35:*.xwd=01;35:*.yuv=01;35:*.cgm=01;35:*.emf=01;35:*.ogv=01;35:*.ogx=01;35:*.aac=00;36:*.au=00;36:*.flac=00;36:*.m4a=00;36:*.mid=00;36:*.midi=00;36:*.mka=00;36:*.mp3=00;36:*.mpc=00;36:*.ogg=00;36:*.ra=00;36:*.wav=00;36:*.oga=00;36:*.opus=00;36:*.spx=00;36:*.xspf=00;36:*~=00;90:*#=00;90:*.bak=00;90:*.crdownload=00;90:*.dpkg-dist=00;90:*.dpkg-new=00;90:*.dpkg-old=00;90:*.dpkg-tmp=00;90:*.old=00;90:*.orig=00;90:*.part=00;90:*.rej=00;90:*.rpmnew=00;90:*.rpmorig=00;90:*.rpmsave=00;90:*.swp=00;90:*.tmp=00;90:*.ucf-dist=00;90:*.ucf-new=00;90:*.ucf-old=00;90:', 'GNOME_TERMINAL_SERVICE': ':1.119', 'SSH_AUTH_SOCK': '/run/user/1000/keyring/ssh', 'SHELL': '/bin/bash', 'QT_ACCESSIBILITY': '1', 'GDMSESSION': 'ubuntu', 'LESSCLOSE': '/usr/bin/lesspipe %s %s', 'GPG_AGENT_INFO': '/run/user/1000/gnupg/S.gpg-agent:0:1', 'VIRTUAL_ENV': '/home/maxim/.local', 'QT_IM_MODULE': 'ibus', 'PWD': '/home/maxim/super_ws/build/px4_msgs', 'QT_QPA_PLATFORM': 'xcb', 'XDG_CONFIG_DIRS': '/etc/xdg/xdg-ubuntu:/etc/xdg', 'XDG_DATA_DIRS': '/usr/share/ubuntu:/usr/share/gnome:/usr/local/share/:/usr/share/:/var/lib/snapd/desktop', 'COLCON': '1', 'MEMORY_PRESSURE_WRITE': 'c29tZSAyMDAwMDAgMjAwMDAwMAA=', 'VTE_VERSION': '7600'}), 'shell': False}
[1.676561] (px4_msgs) StdoutLine: {'line': b'-- Install configuration: ""\n'}
[1.678887] (px4_msgs) StdoutLine: {'line': b'-- Execute custom install script\n'}
[1.679062] (px4_msgs) StdoutLine: {'line': b'-- Up-to-date symlink: /home/maxim/super_ws/install/px4_msgs/share/ament_index/resource_index/rosidl_interfaces/px4_msgs\n'}
[1.679226] (px4_msgs) StdoutLine: {'line': b'-- Up-to-date symlink: /home/maxim/super_ws/install/px4_msgs/share/px4_msgs/msg/ActionRequest.json\n'}
[1.679308] (px4_msgs) StdoutLine: {'line': b'-- Up-to-date symlink: /home/maxim/super_ws/install/px4_msgs/share/px4_msgs/msg/ActuatorArmed.json\n'}
[1.679384] (px4_msgs) StdoutLine: {'line': b'-- Up-to-date symlink: /home/maxim/super_ws/install/px4_msgs/share/px4_msgs/msg/ActuatorControlsStatus.json\n'}
[1.679530] (px4_msgs) StdoutLine: {'line': b'-- Up-to-date symlink: /home/maxim/super_ws/install/px4_msgs/share/px4_msgs/msg/ActuatorMotors.json\n'}
[1.679626] (px4_msgs) StdoutLine: {'line': b'-- Up-to-date symlink: /home/maxim/super_ws/install/px4_msgs/share/px4_msgs/msg/ActuatorOutputs.json\n'}
[1.679702] (px4_msgs) StdoutLine: {'line': b'-- Up-to-date symlink: /home/maxim/super_ws/install/px4_msgs/share/px4_msgs/msg/ActuatorServos.json\n'}
[1.679856] (px4_msgs) StdoutLine: {'line': b'-- Up-to-date symlink: /home/maxim/super_ws/install/px4_msgs/share/px4_msgs/msg/ActuatorServosTrim.json\n'}
[1.679968] (px4_msgs) StdoutLine: {'line': b'-- Up-to-date symlink: /home/maxim/super_ws/install/px4_msgs/share/px4_msgs/msg/ActuatorTest.json\n'}
[1.680105] (px4_msgs) StdoutLine: {'line': b'-- Up-to-date symlink: /home/maxim/super_ws/install/px4_msgs/share/px4_msgs/msg/AdcReport.json\n'}
[1.680177] (px4_msgs) StdoutLine: {'line': b'-- Up-to-date symlink: /home/maxim/super_ws/install/px4_msgs/share/px4_msgs/msg/Airspeed.json\n'}
[1.680293] (px4_msgs) StdoutLine: {'line': b'-- Up-to-date symlink: /home/maxim/super_ws/install/px4_msgs/share/px4_msgs/msg/AirspeedValidated.json\n'}
[1.680442] (px4_msgs) StdoutLine: {'line': b'-- Up-to-date symlink: /home/maxim/super_ws/install/px4_msgs/share/px4_msgs/msg/AirspeedWind.json\n'}
[1.680593] (px4_msgs) StdoutLine: {'line': b'-- Up-to-date symlink: /home/maxim/super_ws/install/px4_msgs/share/px4_msgs/msg/ArmingCheckReply.json\n'}
[1.680693] (px4_msgs) StdoutLine: {'line': b'-- Up-to-date symlink: /home/maxim/super_ws/install/px4_msgs/share/px4_msgs/msg/ArmingCheckRequest.json\n'}
[1.680823] (px4_msgs) StdoutLine: {'line': b'-- Up-to-date symlink: /home/maxim/super_ws/install/px4_msgs/share/px4_msgs/msg/AutotuneAttitudeControlStatus.json\n'}
[1.680908] (px4_msgs) StdoutLine: {'line': b'-- Up-to-date symlink: /home/maxim/super_ws/install/px4_msgs/share/px4_msgs/msg/AuxGlobalPosition.json\n'}
[1.681021] (px4_msgs) StdoutLine: {'line': b'-- Up-to-date symlink: /home/maxim/super_ws/install/px4_msgs/share/px4_msgs/msg/BatteryInfo.json\n'}
[1.681137] (px4_msgs) StdoutLine: {'line': b'-- Up-to-date symlink: /home/maxim/super_ws/install/px4_msgs/share/px4_msgs/msg/BatteryStatus.json\n'}
[1.681253] (px4_msgs) StdoutLine: {'line': b'-- Up-to-date symlink: /home/maxim/super_ws/install/px4_msgs/share/px4_msgs/msg/ButtonEvent.json\n'}
[1.681366] (px4_msgs) StdoutLine: {'line': b'-- Up-to-date symlink: /home/maxim/super_ws/install/px4_msgs/share/px4_msgs/msg/CameraCapture.json\n'}
[1.681517] (px4_msgs) StdoutLine: {'line': b'-- Up-to-date symlink: /home/maxim/super_ws/install/px4_msgs/share/px4_msgs/msg/CameraStatus.json\n'}
[1.681665] (px4_msgs) StdoutLine: {'line': b'-- Up-to-date symlink: /home/maxim/super_ws/install/px4_msgs/share/px4_msgs/msg/CameraTrigger.json\n'}
[1.681773] (px4_msgs) StdoutLine: {'line': b'-- Up-to-date symlink: /home/maxim/super_ws/install/px4_msgs/share/px4_msgs/msg/CanInterfaceStatus.json\n'}
[1.681861] (px4_msgs) StdoutLine: {'line': b'-- Up-to-date symlink: /home/maxim/super_ws/install/px4_msgs/share/px4_msgs/msg/CellularStatus.json\n'}
[1.681945] (px4_msgs) StdoutLine: {'line': b'-- Up-to-date symlink: /home/maxim/super_ws/install/px4_msgs/share/px4_msgs/msg/CollisionConstraints.json\n'}
[1.682061] (px4_msgs) StdoutLine: {'line': b'-- Up-to-date symlink: /home/maxim/super_ws/install/px4_msgs/share/px4_msgs/msg/ConfigOverrides.json\n'}
[1.682175] (px4_msgs) StdoutLine: {'line': b'-- Up-to-date symlink: /home/maxim/super_ws/install/px4_msgs/share/px4_msgs/msg/ControlAllocatorStatus.json\n'}
[1.682299] (px4_msgs) StdoutLine: {'line': b'-- Up-to-date symlink: /home/maxim/super_ws/install/px4_msgs/share/px4_msgs/msg/Cpuload.json\n'}
[1.682458] (px4_msgs) StdoutLine: {'line': b'-- Up-to-date symlink: /home/maxim/super_ws/install/px4_msgs/share/px4_msgs/msg/DatamanRequest.json\n'}
[1.682565] (px4_msgs) StdoutLine: {'line': b'-- Up-to-date symlink: /home/maxim/super_ws/install/px4_msgs/share/px4_msgs/msg/DatamanResponse.json\n'}
[1.682679] (px4_msgs) StdoutLine: {'line': b'-- Up-to-date symlink: /home/maxim/super_ws/install/px4_msgs/share/px4_msgs/msg/DebugArray.json\n'}
[1.682793] (px4_msgs) StdoutLine: {'line': b'-- Up-to-date symlink: /home/maxim/super_ws/install/px4_msgs/share/px4_msgs/msg/DebugKeyValue.json\n'}
[1.682907] (px4_msgs) StdoutLine: {'line': b'-- Up-to-date symlink: /home/maxim/super_ws/install/px4_msgs/share/px4_msgs/msg/DebugValue.json\n'}
[1.683021] (px4_msgs) StdoutLine: {'line': b'-- Up-to-date symlink: /home/maxim/super_ws/install/px4_msgs/share/px4_msgs/msg/DebugVect.json\n'}
[1.683108] (px4_msgs) StdoutLine: {'line': b'-- Up-to-date symlink: /home/maxim/super_ws/install/px4_msgs/share/px4_msgs/msg/DeviceInformation.json\n'}
[1.683223] (px4_msgs) StdoutLine: {'line': b'-- Up-to-date symlink: /home/maxim/super_ws/install/px4_msgs/share/px4_msgs/msg/DifferentialPressure.json\n'}
[1.683339] (px4_msgs) StdoutLine: {'line': b'-- Up-to-date symlink: /home/maxim/super_ws/install/px4_msgs/share/px4_msgs/msg/DistanceSensor.json\n'}
[1.683460] (px4_msgs) StdoutLine: {'line': b'-- Up-to-date symlink: /home/maxim/super_ws/install/px4_msgs/share/px4_msgs/msg/DistanceSensorModeChangeRequest.json\n'}
[1.683575] (px4_msgs) StdoutLine: {'line': b'-- Up-to-date symlink: /home/maxim/super_ws/install/px4_msgs/share/px4_msgs/msg/DronecanNodeStatus.json\n'}
[1.683691] (px4_msgs) StdoutLine: {'line': b'-- Up-to-date symlink: /home/maxim/super_ws/install/px4_msgs/share/px4_msgs/msg/Ekf2Timestamps.json\n'}
[1.683806] (px4_msgs) StdoutLine: {'line': b'-- Up-to-date symlink: /home/maxim/super_ws/install/px4_msgs/share/px4_msgs/msg/EscEepromRead.json\n'}
[1.683920] (px4_msgs) StdoutLine: {'line': b'-- Up-to-date symlink: /home/maxim/super_ws/install/px4_msgs/share/px4_msgs/msg/EscEepromWrite.json\n'}
[1.684035] (px4_msgs) StdoutLine: {'line': b'-- Up-to-date symlink: /home/maxim/super_ws/install/px4_msgs/share/px4_msgs/msg/EscReport.json\n'}
[1.684149] (px4_msgs) StdoutLine: {'line': b'-- Up-to-date symlink: /home/maxim/super_ws/install/px4_msgs/share/px4_msgs/msg/EscStatus.json\n'}
[1.684263] (px4_msgs) StdoutLine: {'line': b'-- Up-to-date symlink: /home/maxim/super_ws/install/px4_msgs/share/px4_msgs/msg/EstimatorAidSource1d.json\n'}
[1.684382] (px4_msgs) StdoutLine: {'line': b'-- Up-to-date symlink: /home/maxim/super_ws/install/px4_msgs/share/px4_msgs/msg/EstimatorAidSource2d.json\n'}
[1.684558] (px4_msgs) StdoutLine: {'line': b'-- Up-to-date symlink: /home/maxim/super_ws/install/px4_msgs/share/px4_msgs/msg/EstimatorAidSource3d.json\n'}
[1.684673] (px4_msgs) StdoutLine: {'line': b'-- Up-to-date symlink: /home/maxim/super_ws/install/px4_msgs/share/px4_msgs/msg/EstimatorBias.json\n'}
[1.684788] (px4_msgs) StdoutLine: {'line': b'-- Up-to-date symlink: /home/maxim/super_ws/install/px4_msgs/share/px4_msgs/msg/EstimatorBias3d.json\n'}
[1.684908] (px4_msgs) StdoutLine: {'line': b'-- Up-to-date symlink: /home/maxim/super_ws/install/px4_msgs/share/px4_msgs/msg/EstimatorEventFlags.json\n'}
[1.685025] (px4_msgs) StdoutLine: {'line': b'-- Up-to-date symlink: /home/maxim/super_ws/install/px4_msgs/share/px4_msgs/msg/EstimatorFusionControl.json\n'}
[1.685137] (px4_msgs) StdoutLine: {'line': b'-- Up-to-date symlink: /home/maxim/super_ws/install/px4_msgs/share/px4_msgs/msg/EstimatorGpsStatus.json\n'}
[1.685229] (px4_msgs) StdoutLine: {'line': b'-- Up-to-date symlink: /home/maxim/super_ws/install/px4_msgs/share/px4_msgs/msg/EstimatorInnovations.json\n'}
[1.685344] (px4_msgs) StdoutLine: {'line': b'-- Up-to-date symlink: /home/maxim/super_ws/install/px4_msgs/share/px4_msgs/msg/EstimatorSelectorStatus.json\n'}
[1.685466] (px4_msgs) StdoutLine: {'line': b'-- Up-to-date symlink: /home/maxim/super_ws/install/px4_msgs/share/px4_msgs/msg/EstimatorSensorBias.json\n'}
[1.685580] (px4_msgs) StdoutLine: {'line': b'-- Up-to-date symlink: /home/maxim/super_ws/install/px4_msgs/share/px4_msgs/msg/EstimatorStates.json\n'}
[1.685695] (px4_msgs) StdoutLine: {'line': b'-- Up-to-date symlink: /home/maxim/super_ws/install/px4_msgs/share/px4_msgs/msg/EstimatorStatus.json\n'}
[1.685810] (px4_msgs) StdoutLine: {'line': b'-- Up-to-date symlink: /home/maxim/super_ws/install/px4_msgs/share/px4_msgs/msg/EstimatorStatusFlags.json\n'}
[1.685926] (px4_msgs) StdoutLine: {'line': b'-- Up-to-date symlink: /home/maxim/super_ws/install/px4_msgs/share/px4_msgs/msg/Event.json\n'}
[1.686046] (px4_msgs) StdoutLine: {'line': b'-- Up-to-date symlink: /home/maxim/super_ws/install/px4_msgs/share/px4_msgs/msg/FailsafeFlags.json\n'}
[1.686162] (px4_msgs) StdoutLine: {'line': b'-- Up-to-date symlink: /home/maxim/super_ws/install/px4_msgs/share/px4_msgs/msg/FailureDetectorStatus.json\n'}
[1.686285] (px4_msgs) StdoutLine: {'line': b'-- Up-to-date symlink: /home/maxim/super_ws/install/px4_msgs/share/px4_msgs/msg/FiducialMarkerPosReport.json\n'}
[1.686451] (px4_msgs) StdoutLine: {'line': b'-- Up-to-date symlink: /home/maxim/super_ws/install/px4_msgs/share/px4_msgs/msg/FiducialMarkerYawReport.json\n'}
[1.686546] (px4_msgs) StdoutLine: {'line': b'-- Up-to-date symlink: /home/maxim/super_ws/install/px4_msgs/share/px4_msgs/msg/FigureEightStatus.json\n'}
[1.686668] (px4_msgs) StdoutLine: {'line': b'-- Up-to-date symlink: /home/maxim/super_ws/install/px4_msgs/share/px4_msgs/msg/FixedWingLateralGuidanceStatus.json\n'}
[1.686778] (px4_msgs) StdoutLine: {'line': b'-- Up-to-date symlink: /home/maxim/super_ws/install/px4_msgs/share/px4_msgs/msg/FixedWingLateralSetpoint.json\n'}
[1.686892] (px4_msgs) StdoutLine: {'line': b'-- Up-to-date symlink: /home/maxim/super_ws/install/px4_msgs/share/px4_msgs/msg/FixedWingLateralStatus.json\n'}
[1.687009] (px4_msgs) StdoutLine: {'line': b'-- Up-to-date symlink: /home/maxim/super_ws/install/px4_msgs/share/px4_msgs/msg/FixedWingLongitudinalSetpoint.json\n'}
[1.687099] (px4_msgs) StdoutLine: {'line': b'-- Up-to-date symlink: /home/maxim/super_ws/install/px4_msgs/share/px4_msgs/msg/FixedWingRunwayControl.json\n'}
[1.687213] (px4_msgs) StdoutLine: {'line': b'-- Up-to-date symlink: /home/maxim/super_ws/install/px4_msgs/share/px4_msgs/msg/FlightPhaseEstimation.json\n'}
[1.687328] (px4_msgs) StdoutLine: {'line': b'-- Up-to-date symlink: /home/maxim/super_ws/install/px4_msgs/share/px4_msgs/msg/FollowTarget.json\n'}
[1.687477] (px4_msgs) StdoutLine: {'line': b'-- Up-to-date symlink: /home/maxim/super_ws/install/px4_msgs/share/px4_msgs/msg/FollowTargetEstimator.json\n'}
[1.687587] (px4_msgs) StdoutLine: {'line': b'-- Up-to-date symlink: /home/maxim/super_ws/install/px4_msgs/share/px4_msgs/msg/FollowTargetStatus.json\n'}
[1.687703] (px4_msgs) StdoutLine: {'line': b'-- Up-to-date symlink: /home/maxim/super_ws/install/px4_msgs/share/px4_msgs/msg/FuelTankStatus.json\n'}
[1.687820] (px4_msgs) StdoutLine: {'line': b'-- Up-to-date symlink: /home/maxim/super_ws/install/px4_msgs/share/px4_msgs/msg/GainCompression.json\n'}
[1.687931] (px4_msgs) StdoutLine: {'line': b'-- Up-to-date symlink: /home/maxim/super_ws/install/px4_msgs/share/px4_msgs/msg/GeneratorStatus.json\n'}
[1.688023] (px4_msgs) StdoutLine: {'line': b'-- Up-to-date symlink: /home/maxim/super_ws/install/px4_msgs/share/px4_msgs/msg/GeofenceResult.json\n'}
[1.688136] (px4_msgs) StdoutLine: {'line': b'-- Up-to-date symlink: /home/maxim/super_ws/install/px4_msgs/share/px4_msgs/msg/GeofenceStatus.json\n'}
[1.688249] (px4_msgs) StdoutLine: {'line': b'-- Up-to-date symlink: /home/maxim/super_ws/install/px4_msgs/share/px4_msgs/msg/GimbalControls.json\n'}
[1.688364] (px4_msgs) StdoutLine: {'line': b'-- Up-to-date symlink: /home/maxim/super_ws/install/px4_msgs/share/px4_msgs/msg/GimbalDeviceAttitudeStatus.json\n'}
[1.688516] (px4_msgs) StdoutLine: {'line': b'-- Up-to-date symlink: /home/maxim/super_ws/install/px4_msgs/share/px4_msgs/msg/GimbalDeviceInformation.json\n'}
[1.688628] (px4_msgs) StdoutLine: {'line': b'-- Up-to-date symlink: /home/maxim/super_ws/install/px4_msgs/share/px4_msgs/msg/GimbalDeviceSetAttitude.json\n'}
[1.688741] (px4_msgs) StdoutLine: {'line': b'-- Up-to-date symlink: /home/maxim/super_ws/install/px4_msgs/share/px4_msgs/msg/GimbalManagerInformation.json\n'}
[1.688854] (px4_msgs) StdoutLine: {'line': b'-- Up-to-date symlink: /home/maxim/super_ws/install/px4_msgs/share/px4_msgs/msg/GimbalManagerSetAttitude.json\n'}
[1.688975] (px4_msgs) StdoutLine: {'line': b'-- Up-to-date symlink: /home/maxim/super_ws/install/px4_msgs/share/px4_msgs/msg/GimbalManagerSetManualControl.json\n'}
[1.689060] (px4_msgs) StdoutLine: {'line': b'-- Up-to-date symlink: /home/maxim/super_ws/install/px4_msgs/share/px4_msgs/msg/GimbalManagerStatus.json\n'}
[1.689174] (px4_msgs) StdoutLine: {'line': b'-- Up-to-date symlink: /home/maxim/super_ws/install/px4_msgs/share/px4_msgs/msg/GotoSetpoint.json\n'}
[1.689289] (px4_msgs) StdoutLine: {'line': b'-- Up-to-date symlink: /home/maxim/super_ws/install/px4_msgs/share/px4_msgs/msg/GpioConfig.json\n'}
[1.689410] (px4_msgs) StdoutLine: {'line': b'-- Up-to-date symlink: /home/maxim/super_ws/install/px4_msgs/share/px4_msgs/msg/GpioIn.json\n'}
[1.689549] (px4_msgs) StdoutLine: {'line': b'-- Up-to-date symlink: /home/maxim/super_ws/install/px4_msgs/share/px4_msgs/msg/GpioOut.json\n'}
[1.689664] (px4_msgs) StdoutLine: {'line': b'-- Up-to-date symlink: /home/maxim/super_ws/install/px4_msgs/share/px4_msgs/msg/GpioRequest.json\n'}
[1.689780] (px4_msgs) StdoutLine: {'line': b'-- Up-to-date symlink: /home/maxim/super_ws/install/px4_msgs/share/px4_msgs/msg/GpsDump.json\n'}
[1.689870] (px4_msgs) StdoutLine: {'line': b'-- Up-to-date symlink: /home/maxim/super_ws/install/px4_msgs/share/px4_msgs/msg/GpsInjectData.json\n'}
[1.690009] (px4_msgs) StdoutLine: {'line': b'-- Up-to-date symlink: /home/maxim/super_ws/install/px4_msgs/share/px4_msgs/msg/Gripper.json\n'}
[1.690100] (px4_msgs) StdoutLine: {'line': b'-- Up-to-date symlink: /home/maxim/super_ws/install/px4_msgs/share/px4_msgs/msg/HealthReport.json\n'}
[1.690213] (px4_msgs) StdoutLine: {'line': b'-- Up-to-date symlink: /home/maxim/super_ws/install/px4_msgs/share/px4_msgs/msg/HeaterStatus.json\n'}
[1.690329] (px4_msgs) StdoutLine: {'line': b'-- Up-to-date symlink: /home/maxim/super_ws/install/px4_msgs/share/px4_msgs/msg/HomePosition.json\n'}
[1.690448] (px4_msgs) StdoutLine: {'line': b'-- Up-to-date symlink: /home/maxim/super_ws/install/px4_msgs/share/px4_msgs/msg/HoverThrustEstimate.json\n'}
[1.690564] (px4_msgs) StdoutLine: {'line': b'-- Up-to-date symlink: /home/maxim/super_ws/install/px4_msgs/share/px4_msgs/msg/InputRc.json\n'}
[1.690681] (px4_msgs) StdoutLine: {'line': b'-- Up-to-date symlink: /home/maxim/super_ws/install/px4_msgs/share/px4_msgs/msg/InternalCombustionEngineControl.json\n'}
[1.690796] (px4_msgs) StdoutLine: {'line': b'-- Up-to-date symlink: /home/maxim/super_ws/install/px4_msgs/share/px4_msgs/msg/InternalCombustionEngineStatus.json\n'}
[1.690913] (px4_msgs) StdoutLine: {'line': b'-- Up-to-date symlink: /home/maxim/super_ws/install/px4_msgs/share/px4_msgs/msg/IridiumsbdStatus.json\n'}
[1.691031] (px4_msgs) StdoutLine: {'line': b'-- Up-to-date symlink: /home/maxim/super_ws/install/px4_msgs/share/px4_msgs/msg/IrlockReport.json\n'}
[1.691168] (px4_msgs) StdoutLine: {'line': b'-- Up-to-date symlink: /home/maxim/super_ws/install/px4_msgs/share/px4_msgs/msg/LandingGear.json\n'}
[1.691261] (px4_msgs) StdoutLine: {'line': b'-- Up-to-date symlink: /home/maxim/super_ws/install/px4_msgs/share/px4_msgs/msg/LandingGearWheel.json\n'}
[1.691379] (px4_msgs) StdoutLine: {'line': b'-- Up-to-date symlink: /home/maxim/super_ws/install/px4_msgs/share/px4_msgs/msg/LandingTargetInnovations.json\n'}
[1.691495] (px4_msgs) StdoutLine: {'line': b'-- Up-to-date symlink: /home/maxim/super_ws/install/px4_msgs/share/px4_msgs/msg/LandingTargetPose.json\n'}
[1.691610] (px4_msgs) StdoutLine: {'line': b'-- Up-to-date symlink: /home/maxim/super_ws/install/px4_msgs/share/px4_msgs/msg/LateralControlConfiguration.json\n'}
[1.691724] (px4_msgs) StdoutLine: {'line': b'-- Up-to-date symlink: /home/maxim/super_ws/install/px4_msgs/share/px4_msgs/msg/LaunchDetectionStatus.json\n'}
[1.691840] (px4_msgs) StdoutLine: {'line': b'-- Up-to-date symlink: /home/maxim/super_ws/install/px4_msgs/share/px4_msgs/msg/LedControl.json\n'}
[1.691955] (px4_msgs) StdoutLine: {'line': b'-- Up-to-date symlink: /home/maxim/super_ws/install/px4_msgs/share/px4_msgs/msg/LogMessage.json\n'}
[1.692070] (px4_msgs) StdoutLine: {'line': b'-- Up-to-date symlink: /home/maxim/super_ws/install/px4_msgs/share/px4_msgs/msg/LoggerStatus.json\n'}
[1.692211] (px4_msgs) StdoutLine: {'line': b'-- Up-to-date symlink: /home/maxim/super_ws/install/px4_msgs/share/px4_msgs/msg/LongitudinalControlConfiguration.json\n'}
[1.692301] (px4_msgs) StdoutLine: {'line': b'-- Up-to-date symlink: /home/maxim/super_ws/install/px4_msgs/share/px4_msgs/msg/MagWorkerData.json\n'}
[1.692422] (px4_msgs) StdoutLine: {'line': b'-- Up-to-date symlink: /home/maxim/super_ws/install/px4_msgs/share/px4_msgs/msg/MagnetometerBiasEstimate.json\n'}
[1.692538] (px4_msgs) StdoutLine: {'line': b'-- Up-to-date symlink: /home/maxim/super_ws/install/px4_msgs/share/px4_msgs/msg/ManualControlSetpoint.json\n'}
[1.692691] (px4_msgs) StdoutLine: {'line': b'-- Up-to-date symlink: /home/maxim/super_ws/install/px4_msgs/share/px4_msgs/msg/ManualControlSwitches.json\n'}
[1.692793] (px4_msgs) StdoutLine: {'line': b'-- Up-to-date symlink: /home/maxim/super_ws/install/px4_msgs/share/px4_msgs/msg/MavlinkLog.json\n'}
[1.692955] (px4_msgs) StdoutLine: {'line': b'-- Up-to-date symlink: /home/maxim/super_ws/install/px4_msgs/share/px4_msgs/msg/MavlinkTunnel.json\n'}
[1.693119] (px4_msgs) StdoutLine: {'line': b'-- Up-to-date symlink: /home/maxim/super_ws/install/px4_msgs/share/px4_msgs/msg/MessageFormatRequest.json\n'}
[1.693228] (px4_msgs) StdoutLine: {'line': b'-- Up-to-date symlink: /home/maxim/super_ws/install/px4_msgs/share/px4_msgs/msg/MessageFormatResponse.json\n'}
[1.693314] (px4_msgs) StdoutLine: {'line': b'-- Up-to-date symlink: /home/maxim/super_ws/install/px4_msgs/share/px4_msgs/msg/Mission.json\n'}
[1.693404] (px4_msgs) StdoutLine: {'line': b'-- Up-to-date symlink: /home/maxim/super_ws/install/px4_msgs/share/px4_msgs/msg/MissionResult.json\n'}
[1.693496] (px4_msgs) StdoutLine: {'line': b'-- Up-to-date symlink: /home/maxim/super_ws/install/px4_msgs/share/px4_msgs/msg/ModeCompleted.json\n'}
[1.693601] (px4_msgs) StdoutLine: {'line': b'-- Up-to-date symlink: /home/maxim/super_ws/install/px4_msgs/share/px4_msgs/msg/MountOrientation.json\n'}
[1.693719] (px4_msgs) StdoutLine: {'line': b'-- Up-to-date symlink: /home/maxim/super_ws/install/px4_msgs/share/px4_msgs/msg/NavigatorMissionItem.json\n'}
[1.693871] (px4_msgs) StdoutLine: {'line': b'-- Up-to-date symlink: /home/maxim/super_ws/install/px4_msgs/share/px4_msgs/msg/NavigatorStatus.json\n'}
[1.693966] (px4_msgs) StdoutLine: {'line': b'-- Up-to-date symlink: /home/maxim/super_ws/install/px4_msgs/share/px4_msgs/msg/NeuralControl.json\n'}
[1.694078] (px4_msgs) StdoutLine: {'line': b'-- Up-to-date symlink: /home/maxim/super_ws/install/px4_msgs/share/px4_msgs/msg/NormalizedUnsignedSetpoint.json\n'}
[1.694193] (px4_msgs) StdoutLine: {'line': b'-- Up-to-date symlink: /home/maxim/super_ws/install/px4_msgs/share/px4_msgs/msg/ObstacleDistance.json\n'}
[1.694302] (px4_msgs) StdoutLine: {'line': b'-- Up-to-date symlink: /home/maxim/super_ws/install/px4_msgs/share/px4_msgs/msg/OffboardControlMode.json\n'}
[1.694463] (px4_msgs) StdoutLine: {'line': b'-- Up-to-date symlink: /home/maxim/super_ws/install/px4_msgs/share/px4_msgs/msg/OnboardComputerStatus.json\n'}
[1.694582] (px4_msgs) StdoutLine: {'line': b'-- Up-to-date symlink: /home/maxim/super_ws/install/px4_msgs/share/px4_msgs/msg/OpenDroneIdArmStatus.json\n'}
[1.694683] (px4_msgs) StdoutLine: {'line': b'-- Up-to-date symlink: /home/maxim/super_ws/install/px4_msgs/share/px4_msgs/msg/OpenDroneIdOperatorId.json\n'}
[1.694799] (px4_msgs) StdoutLine: {'line': b'-- Up-to-date symlink: /home/maxim/super_ws/install/px4_msgs/share/px4_msgs/msg/OpenDroneIdSelfId.json\n'}
[1.694912] (px4_msgs) StdoutLine: {'line': b'-- Up-to-date symlink: /home/maxim/super_ws/install/px4_msgs/share/px4_msgs/msg/OpenDroneIdSystem.json\n'}
[1.695020] (px4_msgs) StdoutLine: {'line': b'-- Up-to-date symlink: /home/maxim/super_ws/install/px4_msgs/share/px4_msgs/msg/OrbTest.json\n'}
[1.695091] (px4_msgs) StdoutLine: {'line': b'-- Up-to-date symlink: /home/maxim/super_ws/install/px4_msgs/share/px4_msgs/msg/OrbTestLarge.json\n'}
[1.695197] (px4_msgs) StdoutLine: {'line': b'-- Up-to-date symlink: /home/maxim/super_ws/install/px4_msgs/share/px4_msgs/msg/OrbTestMedium.json\n'}
[1.695337] (px4_msgs) StdoutLine: {'line': b'-- Up-to-date symlink: /home/maxim/super_ws/install/px4_msgs/share/px4_msgs/msg/OrbitStatus.json\n'}
[1.695459] (px4_msgs) StdoutLine: {'line': b'-- Up-to-date symlink: /home/maxim/super_ws/install/px4_msgs/share/px4_msgs/msg/ParameterResetRequest.json\n'}
[1.695570] (px4_msgs) StdoutLine: {'line': b'-- Up-to-date symlink: /home/maxim/super_ws/install/px4_msgs/share/px4_msgs/msg/ParameterSetUsedRequest.json\n'}
[1.695710] (px4_msgs) StdoutLine: {'line': b'-- Up-to-date symlink: /home/maxim/super_ws/install/px4_msgs/share/px4_msgs/msg/ParameterSetValueRequest.json\n'}
[1.695798] (px4_msgs) StdoutLine: {'line': b'-- Up-to-date symlink: /home/maxim/super_ws/install/px4_msgs/share/px4_msgs/msg/ParameterSetValueResponse.json\n'}
[1.695911] (px4_msgs) StdoutLine: {'line': b'-- Up-to-date symlink: /home/maxim/super_ws/install/px4_msgs/share/px4_msgs/msg/ParameterUpdate.json\n'}
[1.696027] (px4_msgs) StdoutLine: {'line': b'-- Up-to-date symlink: /home/maxim/super_ws/install/px4_msgs/share/px4_msgs/msg/Ping.json\n'}
[1.696120] (px4_msgs) StdoutLine: {'line': b'-- Up-to-date symlink: /home/maxim/super_ws/install/px4_msgs/share/px4_msgs/msg/PositionControllerLandingStatus.json\n'}
[1.696234] (px4_msgs) StdoutLine: {'line': b'-- Up-to-date symlink: /home/maxim/super_ws/install/px4_msgs/share/px4_msgs/msg/PositionControllerStatus.json\n'}
[1.696350] (px4_msgs) StdoutLine: {'line': b'-- Up-to-date symlink: /home/maxim/super_ws/install/px4_msgs/share/px4_msgs/msg/PositionSetpoint.json\n'}
[1.696471] (px4_msgs) StdoutLine: {'line': b'-- Up-to-date symlink: /home/maxim/super_ws/install/px4_msgs/share/px4_msgs/msg/PositionSetpointTriplet.json\n'}
[1.696584] (px4_msgs) StdoutLine: {'line': b'-- Up-to-date symlink: /home/maxim/super_ws/install/px4_msgs/share/px4_msgs/msg/PowerButtonState.json\n'}
[1.696699] (px4_msgs) StdoutLine: {'line': b'-- Up-to-date symlink: /home/maxim/super_ws/install/px4_msgs/share/px4_msgs/msg/PowerMonitor.json\n'}
[1.696813] (px4_msgs) StdoutLine: {'line': b'-- Up-to-date symlink: /home/maxim/super_ws/install/px4_msgs/share/px4_msgs/msg/PpsCapture.json\n'}
[1.696931] (px4_msgs) StdoutLine: {'line': b'-- Up-to-date symlink: /home/maxim/super_ws/install/px4_msgs/share/px4_msgs/msg/PrecLandStatus.json\n'}
[1.697047] (px4_msgs) StdoutLine: {'line': b'-- Up-to-date symlink: /home/maxim/super_ws/install/px4_msgs/share/px4_msgs/msg/PurePursuitStatus.json\n'}
[1.697162] (px4_msgs) StdoutLine: {'line': b'-- Up-to-date symlink: /home/maxim/super_ws/install/px4_msgs/share/px4_msgs/msg/PwmInput.json\n'}
[1.697278] (px4_msgs) StdoutLine: {'line': b'-- Up-to-date symlink: /home/maxim/super_ws/install/px4_msgs/share/px4_msgs/msg/Px4ioStatus.json\n'}
[1.697444] (px4_msgs) StdoutLine: {'line': b'-- Up-to-date symlink: /home/maxim/super_ws/install/px4_msgs/share/px4_msgs/msg/QshellReq.json\n'}
[1.697536] (px4_msgs) StdoutLine: {'line': b'-- Up-to-date symlink: /home/maxim/super_ws/install/px4_msgs/share/px4_msgs/msg/QshellRetval.json\n'}
[1.697653] (px4_msgs) StdoutLine: {'line': b'-- Up-to-date symlink: /home/maxim/super_ws/install/px4_msgs/share/px4_msgs/msg/RadioStatus.json\n'}
[1.697767] (px4_msgs) StdoutLine: {'line': b'-- Up-to-date symlink: /home/maxim/super_ws/install/px4_msgs/share/px4_msgs/msg/RangingBeacon.json\n'}
[1.697883] (px4_msgs) StdoutLine: {'line': b'-- Up-to-date symlink: /home/maxim/super_ws/install/px4_msgs/share/px4_msgs/msg/RaptorInput.json\n'}
[1.697994] (px4_msgs) StdoutLine: {'line': b'-- Up-to-date symlink: /home/maxim/super_ws/install/px4_msgs/share/px4_msgs/msg/RaptorStatus.json\n'}
[1.698084] (px4_msgs) StdoutLine: {'line': b'-- Up-to-date symlink: /home/maxim/super_ws/install/px4_msgs/share/px4_msgs/msg/RateCtrlStatus.json\n'}
[1.698199] (px4_msgs) StdoutLine: {'line': b'-- Up-to-date symlink: /home/maxim/super_ws/install/px4_msgs/share/px4_msgs/msg/RcChannels.json\n'}
[1.698312] (px4_msgs) StdoutLine: {'line': b'-- Up-to-date symlink: /home/maxim/super_ws/install/px4_msgs/share/px4_msgs/msg/RcParameterMap.json\n'}
[1.698434] (px4_msgs) StdoutLine: {'line': b'-- Up-to-date symlink: /home/maxim/super_ws/install/px4_msgs/share/px4_msgs/msg/RegisterExtComponentReply.json\n'}
[1.698547] (px4_msgs) StdoutLine: {'line': b'-- Up-to-date symlink: /home/maxim/super_ws/install/px4_msgs/share/px4_msgs/msg/RegisterExtComponentRequest.json\n'}
[1.698685] (px4_msgs) StdoutLine: {'line': b'-- Up-to-date symlink: /home/maxim/super_ws/install/px4_msgs/share/px4_msgs/msg/RoverAttitudeSetpoint.json\n'}
[1.698776] (px4_msgs) StdoutLine: {'line': b'-- Up-to-date symlink: /home/maxim/super_ws/install/px4_msgs/share/px4_msgs/msg/RoverAttitudeStatus.json\n'}
[1.698890] (px4_msgs) StdoutLine: {'line': b'-- Up-to-date symlink: /home/maxim/super_ws/install/px4_msgs/share/px4_msgs/msg/RoverPositionSetpoint.json\n'}
[1.699003] (px4_msgs) StdoutLine: {'line': b'-- Up-to-date symlink: /home/maxim/super_ws/install/px4_msgs/share/px4_msgs/msg/RoverRateSetpoint.json\n'}
[1.699118] (px4_msgs) StdoutLine: {'line': b'-- Up-to-date symlink: /home/maxim/super_ws/install/px4_msgs/share/px4_msgs/msg/RoverRateStatus.json\n'}
[1.699232] (px4_msgs) StdoutLine: {'line': b'-- Up-to-date symlink: /home/maxim/super_ws/install/px4_msgs/share/px4_msgs/msg/RoverSpeedSetpoint.json\n'}
[1.699347] (px4_msgs) StdoutLine: {'line': b'-- Up-to-date symlink: /home/maxim/super_ws/install/px4_msgs/share/px4_msgs/msg/RoverSpeedStatus.json\n'}
[1.699468] (px4_msgs) StdoutLine: {'line': b'-- Up-to-date symlink: /home/maxim/super_ws/install/px4_msgs/share/px4_msgs/msg/RoverSteeringSetpoint.json\n'}
[1.699581] (px4_msgs) StdoutLine: {'line': b'-- Up-to-date symlink: /home/maxim/super_ws/install/px4_msgs/share/px4_msgs/msg/RoverThrottleSetpoint.json\n'}
[1.699698] (px4_msgs) StdoutLine: {'line': b'-- Up-to-date symlink: /home/maxim/super_ws/install/px4_msgs/share/px4_msgs/msg/Rpm.json\n'}
[1.699813] (px4_msgs) StdoutLine: {'line': b'-- Up-to-date symlink: /home/maxim/super_ws/install/px4_msgs/share/px4_msgs/msg/RtlStatus.json\n'}
[1.699928] (px4_msgs) StdoutLine: {'line': b'-- Up-to-date symlink: /home/maxim/super_ws/install/px4_msgs/share/px4_msgs/msg/RtlTimeEstimate.json\n'}
[1.700043] (px4_msgs) StdoutLine: {'line': b'-- Up-to-date symlink: /home/maxim/super_ws/install/px4_msgs/share/px4_msgs/msg/SatelliteInfo.json\n'}
[1.700166] (px4_msgs) StdoutLine: {'line': b'-- Up-to-date symlink: /home/maxim/super_ws/install/px4_msgs/share/px4_msgs/msg/SensorAccel.json\n'}
[1.700283] (px4_msgs) StdoutLine: {'line': b'-- Up-to-date symlink: /home/maxim/super_ws/install/px4_msgs/share/px4_msgs/msg/SensorAccelFifo.json\n'}
[1.700451] (px4_msgs) StdoutLine: {'line': b'-- Up-to-date symlink: /home/maxim/super_ws/install/px4_msgs/share/px4_msgs/msg/SensorAirflow.json\n'}
[1.700544] (px4_msgs) StdoutLine: {'line': b'-- Up-to-date symlink: /home/maxim/super_ws/install/px4_msgs/share/px4_msgs/msg/SensorBaro.json\n'}
[1.700660] (px4_msgs) StdoutLine: {'line': b'-- Up-to-date symlink: /home/maxim/super_ws/install/px4_msgs/share/px4_msgs/msg/SensorCombined.json\n'}
[1.700775] (px4_msgs) StdoutLine: {'line': b'-- Up-to-date symlink: /home/maxim/super_ws/install/px4_msgs/share/px4_msgs/msg/SensorCorrection.json\n'}
[1.700890] (px4_msgs) StdoutLine: {'line': b'-- Up-to-date symlink: /home/maxim/super_ws/install/px4_msgs/share/px4_msgs/msg/SensorGnssRelative.json\n'}
[1.701005] (px4_msgs) StdoutLine: {'line': b'-- Up-to-date symlink: /home/maxim/super_ws/install/px4_msgs/share/px4_msgs/msg/SensorGnssStatus.json\n'}
[1.701096] (px4_msgs) StdoutLine: {'line': b'-- Up-to-date symlink: /home/maxim/super_ws/install/px4_msgs/share/px4_msgs/msg/SensorGps.json\n'}
[1.701211] (px4_msgs) StdoutLine: {'line': b'-- Up-to-date symlink: /home/maxim/super_ws/install/px4_msgs/share/px4_msgs/msg/SensorGyro.json\n'}
[1.701325] (px4_msgs) StdoutLine: {'line': b'-- Up-to-date symlink: /home/maxim/super_ws/install/px4_msgs/share/px4_msgs/msg/SensorGyroFft.json\n'}
[1.701472] (px4_msgs) StdoutLine: {'line': b'-- Up-to-date symlink: /home/maxim/super_ws/install/px4_msgs/share/px4_msgs/msg/SensorGyroFifo.json\n'}
[1.701583] (px4_msgs) StdoutLine: {'line': b'-- Up-to-date symlink: /home/maxim/super_ws/install/px4_msgs/share/px4_msgs/msg/SensorHygrometer.json\n'}
[1.701702] (px4_msgs) StdoutLine: {'line': b'-- Up-to-date symlink: /home/maxim/super_ws/install/px4_msgs/share/px4_msgs/msg/SensorMag.json\n'}
[1.701813] (px4_msgs) StdoutLine: {'line': b'-- Up-to-date symlink: /home/maxim/super_ws/install/px4_msgs/share/px4_msgs/msg/SensorOpticalFlow.json\n'}
[1.701927] (px4_msgs) StdoutLine: {'line': b'-- Up-to-date symlink: /home/maxim/super_ws/install/px4_msgs/share/px4_msgs/msg/SensorPreflightMag.json\n'}
[1.702041] (px4_msgs) StdoutLine: {'line': b'-- Up-to-date symlink: /home/maxim/super_ws/install/px4_msgs/share/px4_msgs/msg/SensorSelection.json\n'}
[1.702132] (px4_msgs) StdoutLine: {'line': b'-- Up-to-date symlink: /home/maxim/super_ws/install/px4_msgs/share/px4_msgs/msg/SensorTemp.json\n'}
[1.702245] (px4_msgs) StdoutLine: {'line': b'-- Up-to-date symlink: /home/maxim/super_ws/install/px4_msgs/share/px4_msgs/msg/SensorUwb.json\n'}
[1.702358] (px4_msgs) StdoutLine: {'line': b'-- Up-to-date symlink: /home/maxim/super_ws/install/px4_msgs/share/px4_msgs/msg/SensorsStatus.json\n'}
[1.702420] (-) TimerEvent: {}
[1.702505] (px4_msgs) StdoutLine: {'line': b'-- Up-to-date symlink: /home/maxim/super_ws/install/px4_msgs/share/px4_msgs/msg/SensorsStatusImu.json\n'}
[1.702621] (px4_msgs) StdoutLine: {'line': b'-- Up-to-date symlink: /home/maxim/super_ws/install/px4_msgs/share/px4_msgs/msg/SystemPower.json\n'}
[1.702732] (px4_msgs) StdoutLine: {'line': b'-- Up-to-date symlink: /home/maxim/super_ws/install/px4_msgs/share/px4_msgs/msg/TakeoffStatus.json\n'}
[1.702845] (px4_msgs) StdoutLine: {'line': b'-- Up-to-date symlink: /home/maxim/super_ws/install/px4_msgs/share/px4_msgs/msg/TargetGnss.json\n'}
[1.702961] (px4_msgs) StdoutLine: {'line': b'-- Up-to-date symlink: /home/maxim/super_ws/install/px4_msgs/share/px4_msgs/msg/TaskStackInfo.json\n'}
[1.703052] (px4_msgs) StdoutLine: {'line': b'-- Up-to-date symlink: /home/maxim/super_ws/install/px4_msgs/share/px4_msgs/msg/TecsStatus.json\n'}
[1.703167] (px4_msgs) StdoutLine: {'line': b'-- Up-to-date symlink: /home/maxim/super_ws/install/px4_msgs/share/px4_msgs/msg/TelemetryStatus.json\n'}
[1.703281] (px4_msgs) StdoutLine: {'line': b'-- Up-to-date symlink: /home/maxim/super_ws/install/px4_msgs/share/px4_msgs/msg/TiltrotorExtraControls.json\n'}
[1.703402] (px4_msgs) StdoutLine: {'line': b'-- Up-to-date symlink: /home/maxim/super_ws/install/px4_msgs/share/px4_msgs/msg/TimesyncStatus.json\n'}
[1.703541] (px4_msgs) StdoutLine: {'line': b'-- Up-to-date symlink: /home/maxim/super_ws/install/px4_msgs/share/px4_msgs/msg/TrajectorySetpoint.json\n'}
[1.703665] (px4_msgs) StdoutLine: {'line': b'-- Up-to-date symlink: /home/maxim/super_ws/install/px4_msgs/share/px4_msgs/msg/TrajectorySetpoint6dof.json\n'}
[1.703768] (px4_msgs) StdoutLine: {'line': b'-- Up-to-date symlink: /home/maxim/super_ws/install/px4_msgs/share/px4_msgs/msg/TransponderReport.json\n'}
[1.703882] (px4_msgs) StdoutLine: {'line': b'-- Up-to-date symlink: /home/maxim/super_ws/install/px4_msgs/share/px4_msgs/msg/TuneControl.json\n'}
[1.704005] (px4_msgs) StdoutLine: {'line': b'-- Up-to-date symlink: /home/maxim/super_ws/install/px4_msgs/share/px4_msgs/msg/UavcanParameterRequest.json\n'}
[1.704148] (px4_msgs) StdoutLine: {'line': b'-- Up-to-date symlink: /home/maxim/super_ws/install/px4_msgs/share/px4_msgs/msg/UavcanParameterValue.json\n'}
[1.704239] (px4_msgs) StdoutLine: {'line': b'-- Up-to-date symlink: /home/maxim/super_ws/install/px4_msgs/share/px4_msgs/msg/UlogStream.json\n'}
[1.704321] (px4_msgs) StdoutLine: {'line': b'-- Up-to-date symlink: /home/maxim/super_ws/install/px4_msgs/share/px4_msgs/msg/UlogStreamAck.json\n'}
[1.704476] (px4_msgs) StdoutLine: {'line': b'-- Up-to-date symlink: /home/maxim/super_ws/install/px4_msgs/share/px4_msgs/msg/UnregisterExtComponent.json\n'}
[1.704593] (px4_msgs) StdoutLine: {'line': b'-- Up-to-date symlink: /home/maxim/super_ws/install/px4_msgs/share/px4_msgs/msg/VehicleAcceleration.json\n'}
[1.704667] (px4_msgs) StdoutLine: {'line': b'-- Up-to-date symlink: /home/maxim/super_ws/install/px4_msgs/share/px4_msgs/msg/VehicleAirData.json\n'}
[1.704815] (px4_msgs) StdoutLine: {'line': b'-- Up-to-date symlink: /home/maxim/super_ws/install/px4_msgs/share/px4_msgs/msg/VehicleAngularAccelerationSetpoint.json\n'}
[1.704949] (px4_msgs) StdoutLine: {'line': b'-- Up-to-date symlink: /home/maxim/super_ws/install/px4_msgs/share/px4_msgs/msg/VehicleAngularVelocity.json\n'}
[1.705049] (px4_msgs) StdoutLine: {'line': b'-- Up-to-date symlink: /home/maxim/super_ws/install/px4_msgs/share/px4_msgs/msg/VehicleAttitude.json\n'}
[1.705126] (px4_msgs) StdoutLine: {'line': b'-- Up-to-date symlink: /home/maxim/super_ws/install/px4_msgs/share/px4_msgs/msg/VehicleAttitudeSetpoint.json\n'}
[1.705240] (px4_msgs) StdoutLine: {'line': b'-- Up-to-date symlink: /home/maxim/super_ws/install/px4_msgs/share/px4_msgs/msg/VehicleCommand.json\n'}
[1.705356] (px4_msgs) StdoutLine: {'line': b'-- Up-to-date symlink: /home/maxim/super_ws/install/px4_msgs/share/px4_msgs/msg/VehicleCommandAck.json\n'}
[1.705475] (px4_msgs) StdoutLine: {'line': b'-- Up-to-date symlink: /home/maxim/super_ws/install/px4_msgs/share/px4_msgs/msg/VehicleConstraints.json\n'}
[1.705626] (px4_msgs) StdoutLine: {'line': b'-- Up-to-date symlink: /home/maxim/super_ws/install/px4_msgs/share/px4_msgs/msg/VehicleControlMode.json\n'}
[1.705739] (px4_msgs) StdoutLine: {'line': b'-- Up-to-date symlink: /home/maxim/super_ws/install/px4_msgs/share/px4_msgs/msg/VehicleGlobalPosition.json\n'}
[1.705857] (px4_msgs) StdoutLine: {'line': b'-- Up-to-date symlink: /home/maxim/super_ws/install/px4_msgs/share/px4_msgs/msg/VehicleImu.json\n'}
[1.705933] (px4_msgs) StdoutLine: {'line': b'-- Up-to-date symlink: /home/maxim/super_ws/install/px4_msgs/share/px4_msgs/msg/VehicleImuStatus.json\n'}
[1.706048] (px4_msgs) StdoutLine: {'line': b'-- Up-to-date symlink: /home/maxim/super_ws/install/px4_msgs/share/px4_msgs/msg/VehicleLandDetected.json\n'}
[1.706161] (px4_msgs) StdoutLine: {'line': b'-- Up-to-date symlink: /home/maxim/super_ws/install/px4_msgs/share/px4_msgs/msg/VehicleLocalPosition.json\n'}
[1.706275] (px4_msgs) StdoutLine: {'line': b'-- Up-to-date symlink: /home/maxim/super_ws/install/px4_msgs/share/px4_msgs/msg/VehicleLocalPositionSetpoint.json\n'}
[1.706458] (px4_msgs) StdoutLine: {'line': b'-- Up-to-date symlink: /home/maxim/super_ws/install/px4_msgs/share/px4_msgs/msg/VehicleMagnetometer.json\n'}
[1.706549] (px4_msgs) StdoutLine: {'line': b'-- Up-to-date symlink: /home/maxim/super_ws/install/px4_msgs/share/px4_msgs/msg/VehicleOdometry.json\n'}
[1.706663] (px4_msgs) StdoutLine: {'line': b'-- Up-to-date symlink: /home/maxim/super_ws/install/px4_msgs/share/px4_msgs/msg/VehicleOpticalFlow.json\n'}
[1.706781] (px4_msgs) StdoutLine: {'line': b'-- Up-to-date symlink: /home/maxim/super_ws/install/px4_msgs/share/px4_msgs/msg/VehicleOpticalFlowVel.json\n'}
[1.706898] (px4_msgs) StdoutLine: {'line': b'-- Up-to-date symlink: /home/maxim/super_ws/install/px4_msgs/share/px4_msgs/msg/VehicleRatesSetpoint.json\n'}
[1.706970] (px4_msgs) StdoutLine: {'line': b'-- Up-to-date symlink: /home/maxim/super_ws/install/px4_msgs/share/px4_msgs/msg/VehicleRoi.json\n'}
[1.707083] (px4_msgs) StdoutLine: {'line': b'-- Up-to-date symlink: /home/maxim/super_ws/install/px4_msgs/share/px4_msgs/msg/VehicleStatus.json\n'}
[1.707198] (px4_msgs) StdoutLine: {'line': b'-- Up-to-date symlink: /home/maxim/super_ws/install/px4_msgs/share/px4_msgs/msg/VehicleThrustSetpoint.json\n'}
[1.707311] (px4_msgs) StdoutLine: {'line': b'-- Up-to-date symlink: /home/maxim/super_ws/install/px4_msgs/share/px4_msgs/msg/VehicleTorqueSetpoint.json\n'}
[1.707433] (px4_msgs) StdoutLine: {'line': b'-- Up-to-date symlink: /home/maxim/super_ws/install/px4_msgs/share/px4_msgs/msg/VelocityLimits.json\n'}
[1.707580] (px4_msgs) StdoutLine: {'line': b'-- Up-to-date symlink: /home/maxim/super_ws/install/px4_msgs/share/px4_msgs/msg/VteAidSource1d.json\n'}
[1.707698] (px4_msgs) StdoutLine: {'line': b'-- Up-to-date symlink: /home/maxim/super_ws/install/px4_msgs/share/px4_msgs/msg/VteAidSource3d.json\n'}
[1.707813] (px4_msgs) StdoutLine: {'line': b'-- Up-to-date symlink: /home/maxim/super_ws/install/px4_msgs/share/px4_msgs/msg/VteBiasInitStatus.json\n'}
[1.707918] (px4_msgs) StdoutLine: {'line': b'-- Up-to-date symlink: /home/maxim/super_ws/install/px4_msgs/share/px4_msgs/msg/VteInput.json\n'}
[1.708005] (px4_msgs) StdoutLine: {'line': b'-- Up-to-date symlink: /home/maxim/super_ws/install/px4_msgs/share/px4_msgs/msg/VteOrientation.json\n'}
[1.708118] (px4_msgs) StdoutLine: {'line': b'-- Up-to-date symlink: /home/maxim/super_ws/install/px4_msgs/share/px4_msgs/msg/VtePosition.json\n'}
[1.708234] (px4_msgs) StdoutLine: {'line': b'-- Up-to-date symlink: /home/maxim/super_ws/install/px4_msgs/share/px4_msgs/msg/VtolVehicleStatus.json\n'}
[1.708348] (px4_msgs) StdoutLine: {'line': b'-- Up-to-date symlink: /home/maxim/super_ws/install/px4_msgs/share/px4_msgs/msg/Vtx.json\n'}
[1.708522] (px4_msgs) StdoutLine: {'line': b'-- Up-to-date symlink: /home/maxim/super_ws/install/px4_msgs/share/px4_msgs/msg/WheelEncoders.json\n'}
[1.708628] (px4_msgs) StdoutLine: {'line': b'-- Up-to-date symlink: /home/maxim/super_ws/install/px4_msgs/share/px4_msgs/msg/Wind.json\n'}
[1.708715] (px4_msgs) StdoutLine: {'line': b'-- Up-to-date symlink: /home/maxim/super_ws/install/px4_msgs/share/px4_msgs/msg/YawEstimatorStatus.json\n'}
[1.708833] (px4_msgs) StdoutLine: {'line': b'-- Up-to-date symlink: /home/maxim/super_ws/install/px4_msgs/share/px4_msgs/srv/VehicleCommand.json\n'}
[1.716580] (px4_msgs) StdoutLine: {'line': b'-- Up-to-date symlink: /home/maxim/super_ws/install/px4_msgs/include/px4_msgs/px4_msgs/msg/action_request.h\n'}
[1.716735] (px4_msgs) StdoutLine: {'line': b'-- Up-to-date symlink: /home/maxim/super_ws/install/px4_msgs/include/px4_msgs/px4_msgs/msg/actuator_armed.h\n'}
[1.716821] (px4_msgs) StdoutLine: {'line': b'-- Up-to-date symlink: /home/maxim/super_ws/install/px4_msgs/include/px4_msgs/px4_msgs/msg/actuator_controls_status.h\n'}
[1.716947] (px4_msgs) StdoutLine: {'line': b'-- Up-to-date symlink: /home/maxim/super_ws/install/px4_msgs/include/px4_msgs/px4_msgs/msg/actuator_motors.h\n'}
[1.717108] (px4_msgs) StdoutLine: {'line': b'-- Up-to-date symlink: /home/maxim/super_ws/install/px4_msgs/include/px4_msgs/px4_msgs/msg/actuator_outputs.h\n'}
[1.717190] (px4_msgs) StdoutLine: {'line': b'-- Up-to-date symlink: /home/maxim/super_ws/install/px4_msgs/include/px4_msgs/px4_msgs/msg/actuator_servos.h\n'}
[1.717269] (px4_msgs) StdoutLine: {'line': b'-- Up-to-date symlink: /home/maxim/super_ws/install/px4_msgs/include/px4_msgs/px4_msgs/msg/actuator_servos_trim.h\n'}
[1.717341] (px4_msgs) StdoutLine: {'line': b'-- Up-to-date symlink: /home/maxim/super_ws/install/px4_msgs/include/px4_msgs/px4_msgs/msg/actuator_test.h\n'}
[1.717429] (px4_msgs) StdoutLine: {'line': b'-- Up-to-date symlink: /home/maxim/super_ws/install/px4_msgs/include/px4_msgs/px4_msgs/msg/adc_report.h\n'}
[1.717500] (px4_msgs) StdoutLine: {'line': b'-- Up-to-date symlink: /home/maxim/super_ws/install/px4_msgs/include/px4_msgs/px4_msgs/msg/airspeed.h\n'}
[1.717577] (px4_msgs) StdoutLine: {'line': b'-- Up-to-date symlink: /home/maxim/super_ws/install/px4_msgs/include/px4_msgs/px4_msgs/msg/airspeed_validated.h\n'}
[1.717647] (px4_msgs) StdoutLine: {'line': b'-- Up-to-date symlink: /home/maxim/super_ws/install/px4_msgs/include/px4_msgs/px4_msgs/msg/airspeed_wind.h\n'}
[1.717720] (px4_msgs) StdoutLine: {'line': b'-- Up-to-date symlink: /home/maxim/super_ws/install/px4_msgs/include/px4_msgs/px4_msgs/msg/arming_check_reply.h\n'}
[1.717792] (px4_msgs) StdoutLine: {'line': b'-- Up-to-date symlink: /home/maxim/super_ws/install/px4_msgs/include/px4_msgs/px4_msgs/msg/arming_check_request.h\n'}
[1.717862] (px4_msgs) StdoutLine: {'line': b'-- Up-to-date symlink: /home/maxim/super_ws/install/px4_msgs/include/px4_msgs/px4_msgs/msg/autotune_attitude_control_status.h\n'}
[1.717931] (px4_msgs) StdoutLine: {'line': b'-- Up-to-date symlink: /home/maxim/super_ws/install/px4_msgs/include/px4_msgs/px4_msgs/msg/aux_global_position.h\n'}
[1.717989] (px4_msgs) StdoutLine: {'line': b'-- Up-to-date symlink: /home/maxim/super_ws/install/px4_msgs/include/px4_msgs/px4_msgs/msg/battery_info.h\n'}
[1.718066] (px4_msgs) StdoutLine: {'line': b'-- Up-to-date symlink: /home/maxim/super_ws/install/px4_msgs/include/px4_msgs/px4_msgs/msg/battery_status.h\n'}
[1.718126] (px4_msgs) StdoutLine: {'line': b'-- Up-to-date symlink: /home/maxim/super_ws/install/px4_msgs/include/px4_msgs/px4_msgs/msg/button_event.h\n'}
[1.718194] (px4_msgs) StdoutLine: {'line': b'-- Up-to-date symlink: /home/maxim/super_ws/install/px4_msgs/include/px4_msgs/px4_msgs/msg/camera_capture.h\n'}
[1.718263] (px4_msgs) StdoutLine: {'line': b'-- Up-to-date symlink: /home/maxim/super_ws/install/px4_msgs/include/px4_msgs/px4_msgs/msg/camera_status.h\n'}
[1.718332] (px4_msgs) StdoutLine: {'line': b'-- Up-to-date symlink: /home/maxim/super_ws/install/px4_msgs/include/px4_msgs/px4_msgs/msg/camera_trigger.h\n'}
[1.718405] (px4_msgs) StdoutLine: {'line': b'-- Up-to-date symlink: /home/maxim/super_ws/install/px4_msgs/include/px4_msgs/px4_msgs/msg/can_interface_status.h\n'}
[1.718473] (px4_msgs) StdoutLine: {'line': b'-- Up-to-date symlink: /home/maxim/super_ws/install/px4_msgs/include/px4_msgs/px4_msgs/msg/cellular_status.h\n'}
[1.718531] (px4_msgs) StdoutLine: {'line': b'-- Up-to-date symlink: /home/maxim/super_ws/install/px4_msgs/include/px4_msgs/px4_msgs/msg/collision_constraints.h\n'}
[1.718608] (px4_msgs) StdoutLine: {'line': b'-- Up-to-date symlink: /home/maxim/super_ws/install/px4_msgs/include/px4_msgs/px4_msgs/msg/config_overrides.h\n'}
[1.718673] (px4_msgs) StdoutLine: {'line': b'-- Up-to-date symlink: /home/maxim/super_ws/install/px4_msgs/include/px4_msgs/px4_msgs/msg/control_allocator_status.h\n'}
[1.718729] (px4_msgs) StdoutLine: {'line': b'-- Up-to-date symlink: /home/maxim/super_ws/install/px4_msgs/include/px4_msgs/px4_msgs/msg/cpuload.h\n'}
[1.718797] (px4_msgs) StdoutLine: {'line': b'-- Up-to-date symlink: /home/maxim/super_ws/install/px4_msgs/include/px4_msgs/px4_msgs/msg/dataman_request.h\n'}
[1.718866] (px4_msgs) StdoutLine: {'line': b'-- Up-to-date symlink: /home/maxim/super_ws/install/px4_msgs/include/px4_msgs/px4_msgs/msg/dataman_response.h\n'}
[1.718933] (px4_msgs) StdoutLine: {'line': b'-- Up-to-date symlink: /home/maxim/super_ws/install/px4_msgs/include/px4_msgs/px4_msgs/msg/debug_array.h\n'}
[1.719000] (px4_msgs) StdoutLine: {'line': b'-- Up-to-date symlink: /home/maxim/super_ws/install/px4_msgs/include/px4_msgs/px4_msgs/msg/debug_key_value.h\n'}
[1.719065] (px4_msgs) StdoutLine: {'line': b'-- Up-to-date symlink: /home/maxim/super_ws/install/px4_msgs/include/px4_msgs/px4_msgs/msg/debug_value.h\n'}
[1.719122] (px4_msgs) StdoutLine: {'line': b'-- Up-to-date symlink: /home/maxim/super_ws/install/px4_msgs/include/px4_msgs/px4_msgs/msg/debug_vect.h\n'}
[1.719189] (px4_msgs) StdoutLine: {'line': b'-- Up-to-date symlink: /home/maxim/super_ws/install/px4_msgs/include/px4_msgs/px4_msgs/msg/detail/action_request__functions.h\n'}
[1.719268] (px4_msgs) StdoutLine: {'line': b'-- Up-to-date symlink: /home/maxim/super_ws/install/px4_msgs/include/px4_msgs/px4_msgs/msg/detail/action_request__struct.h\n'}
[1.719336] (px4_msgs) StdoutLine: {'line': b'-- Up-to-date symlink: /home/maxim/super_ws/install/px4_msgs/include/px4_msgs/px4_msgs/msg/detail/action_request__type_support.h\n'}
[1.719407] (px4_msgs) StdoutLine: {'line': b'-- Up-to-date symlink: /home/maxim/super_ws/install/px4_msgs/include/px4_msgs/px4_msgs/msg/detail/actuator_armed__functions.h\n'}
[1.719479] (px4_msgs) StdoutLine: {'line': b'-- Up-to-date symlink: /home/maxim/super_ws/install/px4_msgs/include/px4_msgs/px4_msgs/msg/detail/actuator_armed__struct.h\n'}
[1.719548] (px4_msgs) StdoutLine: {'line': b'-- Up-to-date symlink: /home/maxim/super_ws/install/px4_msgs/include/px4_msgs/px4_msgs/msg/detail/actuator_armed__type_support.h\n'}
[1.719615] (px4_msgs) StdoutLine: {'line': b'-- Up-to-date symlink: /home/maxim/super_ws/install/px4_msgs/include/px4_msgs/px4_msgs/msg/detail/actuator_controls_status__functions.h\n'}
[1.719687] (px4_msgs) StdoutLine: {'line': b'-- Up-to-date symlink: /home/maxim/super_ws/install/px4_msgs/include/px4_msgs/px4_msgs/msg/detail/actuator_controls_status__struct.h\n'}
[1.719766] (px4_msgs) StdoutLine: {'line': b'-- Up-to-date symlink: /home/maxim/super_ws/install/px4_msgs/include/px4_msgs/px4_msgs/msg/detail/actuator_controls_status__type_support.h\n'}
[1.719886] (px4_msgs) StdoutLine: {'line': b'-- Up-to-date symlink: /home/maxim/super_ws/install/px4_msgs/include/px4_msgs/px4_msgs/msg/detail/actuator_motors__functions.h\n'}
[1.719961] (px4_msgs) StdoutLine: {'line': b'-- Up-to-date symlink: /home/maxim/super_ws/install/px4_msgs/include/px4_msgs/px4_msgs/msg/detail/actuator_motors__struct.h\n'}
[1.720037] (px4_msgs) StdoutLine: {'line': b'-- Up-to-date symlink: /home/maxim/super_ws/install/px4_msgs/include/px4_msgs/px4_msgs/msg/detail/actuator_motors__type_support.h\n'}
[1.720106] (px4_msgs) StdoutLine: {'line': b'-- Up-to-date symlink: /home/maxim/super_ws/install/px4_msgs/include/px4_msgs/px4_msgs/msg/detail/actuator_outputs__functions.h\n'}
[1.720178] (px4_msgs) StdoutLine: {'line': b'-- Up-to-date symlink: /home/maxim/super_ws/install/px4_msgs/include/px4_msgs/px4_msgs/msg/detail/actuator_outputs__struct.h\n'}
[1.720250] (px4_msgs) StdoutLine: {'line': b'-- Up-to-date symlink: /home/maxim/super_ws/install/px4_msgs/include/px4_msgs/px4_msgs/msg/detail/actuator_outputs__type_support.h\n'}
[1.720329] (px4_msgs) StdoutLine: {'line': b'-- Up-to-date symlink: /home/maxim/super_ws/install/px4_msgs/include/px4_msgs/px4_msgs/msg/detail/actuator_servos__functions.h\n'}
[1.720448] (px4_msgs) StdoutLine: {'line': b'-- Up-to-date symlink: /home/maxim/super_ws/install/px4_msgs/include/px4_msgs/px4_msgs/msg/detail/actuator_servos__struct.h\n'}
[1.720528] (px4_msgs) StdoutLine: {'line': b'-- Up-to-date symlink: /home/maxim/super_ws/install/px4_msgs/include/px4_msgs/px4_msgs/msg/detail/actuator_servos__type_support.h\n'}
[1.720605] (px4_msgs) StdoutLine: {'line': b'-- Up-to-date symlink: /home/maxim/super_ws/install/px4_msgs/include/px4_msgs/px4_msgs/msg/detail/actuator_servos_trim__functions.h\n'}
[1.720678] (px4_msgs) StdoutLine: {'line': b'-- Up-to-date symlink: /home/maxim/super_ws/install/px4_msgs/include/px4_msgs/px4_msgs/msg/detail/actuator_servos_trim__struct.h\n'}
[1.720752] (px4_msgs) StdoutLine: {'line': b'-- Up-to-date symlink: /home/maxim/super_ws/install/px4_msgs/include/px4_msgs/px4_msgs/msg/detail/actuator_servos_trim__type_support.h\n'}
[1.720824] (px4_msgs) StdoutLine: {'line': b'-- Up-to-date symlink: /home/maxim/super_ws/install/px4_msgs/include/px4_msgs/px4_msgs/msg/detail/actuator_test__functions.h\n'}
[1.720897] (px4_msgs) StdoutLine: {'line': b'-- Up-to-date symlink: /home/maxim/super_ws/install/px4_msgs/include/px4_msgs/px4_msgs/msg/detail/actuator_test__struct.h\n'}
[1.720966] (px4_msgs) StdoutLine: {'line': b'-- Up-to-date symlink: /home/maxim/super_ws/install/px4_msgs/include/px4_msgs/px4_msgs/msg/detail/actuator_test__type_support.h\n'}
[1.721036] (px4_msgs) StdoutLine: {'line': b'-- Up-to-date symlink: /home/maxim/super_ws/install/px4_msgs/include/px4_msgs/px4_msgs/msg/detail/adc_report__functions.h\n'}
[1.721114] (px4_msgs) StdoutLine: {'line': b'-- Up-to-date symlink: /home/maxim/super_ws/install/px4_msgs/include/px4_msgs/px4_msgs/msg/detail/adc_report__struct.h\n'}
[1.721236] (px4_msgs) StdoutLine: {'line': b'-- Up-to-date symlink: /home/maxim/super_ws/install/px4_msgs/include/px4_msgs/px4_msgs/msg/detail/adc_report__type_support.h\n'}
[1.721317] (px4_msgs) StdoutLine: {'line': b'-- Up-to-date symlink: /home/maxim/super_ws/install/px4_msgs/include/px4_msgs/px4_msgs/msg/detail/airspeed__functions.h\n'}
[1.721395] (px4_msgs) StdoutLine: {'line': b'-- Up-to-date symlink: /home/maxim/super_ws/install/px4_msgs/include/px4_msgs/px4_msgs/msg/detail/airspeed__struct.h\n'}
[1.721469] (px4_msgs) StdoutLine: {'line': b'-- Up-to-date symlink: /home/maxim/super_ws/install/px4_msgs/include/px4_msgs/px4_msgs/msg/detail/airspeed__type_support.h\n'}
[1.721544] (px4_msgs) StdoutLine: {'line': b'-- Up-to-date symlink: /home/maxim/super_ws/install/px4_msgs/include/px4_msgs/px4_msgs/msg/detail/airspeed_validated__functions.h\n'}
[1.721614] (px4_msgs) StdoutLine: {'line': b'-- Up-to-date symlink: /home/maxim/super_ws/install/px4_msgs/include/px4_msgs/px4_msgs/msg/detail/airspeed_validated__struct.h\n'}
[1.721677] (px4_msgs) StdoutLine: {'line': b'-- Up-to-date symlink: /home/maxim/super_ws/install/px4_msgs/include/px4_msgs/px4_msgs/msg/detail/airspeed_validated__type_support.h\n'}
[1.721749] (px4_msgs) StdoutLine: {'line': b'-- Up-to-date symlink: /home/maxim/super_ws/install/px4_msgs/include/px4_msgs/px4_msgs/msg/detail/airspeed_wind__functions.h\n'}
[1.721826] (px4_msgs) StdoutLine: {'line': b'-- Up-to-date symlink: /home/maxim/super_ws/install/px4_msgs/include/px4_msgs/px4_msgs/msg/detail/airspeed_wind__struct.h\n'}
[1.721946] (px4_msgs) StdoutLine: {'line': b'-- Up-to-date symlink: /home/maxim/super_ws/install/px4_msgs/include/px4_msgs/px4_msgs/msg/detail/airspeed_wind__type_support.h\n'}
[1.722026] (px4_msgs) StdoutLine: {'line': b'-- Up-to-date symlink: /home/maxim/super_ws/install/px4_msgs/include/px4_msgs/px4_msgs/msg/detail/arming_check_reply__functions.h\n'}
[1.722101] (px4_msgs) StdoutLine: {'line': b'-- Up-to-date symlink: /home/maxim/super_ws/install/px4_msgs/include/px4_msgs/px4_msgs/msg/detail/arming_check_reply__struct.h\n'}
[1.722176] (px4_msgs) StdoutLine: {'line': b'-- Up-to-date symlink: /home/maxim/super_ws/install/px4_msgs/include/px4_msgs/px4_msgs/msg/detail/arming_check_reply__type_support.h\n'}
[1.722250] (px4_msgs) StdoutLine: {'line': b'-- Up-to-date symlink: /home/maxim/super_ws/install/px4_msgs/include/px4_msgs/px4_msgs/msg/detail/arming_check_request__functions.h\n'}
[1.722323] (px4_msgs) StdoutLine: {'line': b'-- Up-to-date symlink: /home/maxim/super_ws/install/px4_msgs/include/px4_msgs/px4_msgs/msg/detail/arming_check_request__struct.h\n'}
[1.722399] (px4_msgs) StdoutLine: {'line': b'-- Up-to-date symlink: /home/maxim/super_ws/install/px4_msgs/include/px4_msgs/px4_msgs/msg/detail/arming_check_request__type_support.h\n'}
[1.722474] (px4_msgs) StdoutLine: {'line': b'-- Up-to-date symlink: /home/maxim/super_ws/install/px4_msgs/include/px4_msgs/px4_msgs/msg/detail/autotune_attitude_control_status__functions.h\n'}
[1.722554] (px4_msgs) StdoutLine: {'line': b'-- Up-to-date symlink: /home/maxim/super_ws/install/px4_msgs/include/px4_msgs/px4_msgs/msg/detail/autotune_attitude_control_status__struct.h\n'}
[1.722662] (px4_msgs) StdoutLine: {'line': b'-- Up-to-date symlink: /home/maxim/super_ws/install/px4_msgs/include/px4_msgs/px4_msgs/msg/detail/autotune_attitude_control_status__type_support.h\n'}
[1.722739] (px4_msgs) StdoutLine: {'line': b'-- Up-to-date symlink: /home/maxim/super_ws/install/px4_msgs/include/px4_msgs/px4_msgs/msg/detail/aux_global_position__functions.h\n'}
[1.722821] (px4_msgs) StdoutLine: {'line': b'-- Up-to-date symlink: /home/maxim/super_ws/install/px4_msgs/include/px4_msgs/px4_msgs/msg/detail/aux_global_position__struct.h\n'}
[1.722894] (px4_msgs) StdoutLine: {'line': b'-- Up-to-date symlink: /home/maxim/super_ws/install/px4_msgs/include/px4_msgs/px4_msgs/msg/detail/aux_global_position__type_support.h\n'}
[1.722965] (px4_msgs) StdoutLine: {'line': b'-- Up-to-date symlink: /home/maxim/super_ws/install/px4_msgs/include/px4_msgs/px4_msgs/msg/detail/battery_info__functions.h\n'}
[1.723034] (px4_msgs) StdoutLine: {'line': b'-- Up-to-date symlink: /home/maxim/super_ws/install/px4_msgs/include/px4_msgs/px4_msgs/msg/detail/battery_info__struct.h\n'}
[1.723109] (px4_msgs) StdoutLine: {'line': b'-- Up-to-date symlink: /home/maxim/super_ws/install/px4_msgs/include/px4_msgs/px4_msgs/msg/detail/battery_info__type_support.h\n'}
[1.723202] (px4_msgs) StdoutLine: {'line': b'-- Up-to-date symlink: /home/maxim/super_ws/install/px4_msgs/include/px4_msgs/px4_msgs/msg/detail/battery_status__functions.h\n'}
[1.723278] (px4_msgs) StdoutLine: {'line': b'-- Up-to-date symlink: /home/maxim/super_ws/install/px4_msgs/include/px4_msgs/px4_msgs/msg/detail/battery_status__struct.h\n'}
[1.723363] (px4_msgs) StdoutLine: {'line': b'-- Up-to-date symlink: /home/maxim/super_ws/install/px4_msgs/include/px4_msgs/px4_msgs/msg/detail/battery_status__type_support.h\n'}
[1.723489] (px4_msgs) StdoutLine: {'line': b'-- Up-to-date symlink: /home/maxim/super_ws/install/px4_msgs/include/px4_msgs/px4_msgs/msg/detail/button_event__functions.h\n'}
[1.723569] (px4_msgs) StdoutLine: {'line': b'-- Up-to-date symlink: /home/maxim/super_ws/install/px4_msgs/include/px4_msgs/px4_msgs/msg/detail/button_event__struct.h\n'}
[1.723640] (px4_msgs) StdoutLine: {'line': b'-- Up-to-date symlink: /home/maxim/super_ws/install/px4_msgs/include/px4_msgs/px4_msgs/msg/detail/button_event__type_support.h\n'}
[1.723733] (px4_msgs) StdoutLine: {'line': b'-- Up-to-date symlink: /home/maxim/super_ws/install/px4_msgs/include/px4_msgs/px4_msgs/msg/detail/camera_capture__functions.h\n'}
[1.723805] (px4_msgs) StdoutLine: {'line': b'-- Up-to-date symlink: /home/maxim/super_ws/install/px4_msgs/include/px4_msgs/px4_msgs/msg/detail/camera_capture__struct.h\n'}
[1.723874] (px4_msgs) StdoutLine: {'line': b'-- Up-to-date symlink: /home/maxim/super_ws/install/px4_msgs/include/px4_msgs/px4_msgs/msg/detail/camera_capture__type_support.h\n'}
[1.723946] (px4_msgs) StdoutLine: {'line': b'-- Up-to-date symlink: /home/maxim/super_ws/install/px4_msgs/include/px4_msgs/px4_msgs/msg/detail/camera_status__functions.h\n'}
[1.724019] (px4_msgs) StdoutLine: {'line': b'-- Up-to-date symlink: /home/maxim/super_ws/install/px4_msgs/include/px4_msgs/px4_msgs/msg/detail/camera_status__struct.h\n'}
[1.724088] (px4_msgs) StdoutLine: {'line': b'-- Up-to-date symlink: /home/maxim/super_ws/install/px4_msgs/include/px4_msgs/px4_msgs/msg/detail/camera_status__type_support.h\n'}
[1.724152] (px4_msgs) StdoutLine: {'line': b'-- Up-to-date symlink: /home/maxim/super_ws/install/px4_msgs/include/px4_msgs/px4_msgs/msg/detail/camera_trigger__functions.h\n'}
[1.724221] (px4_msgs) StdoutLine: {'line': b'-- Up-to-date symlink: /home/maxim/super_ws/install/px4_msgs/include/px4_msgs/px4_msgs/msg/detail/camera_trigger__struct.h\n'}
[1.724294] (px4_msgs) StdoutLine: {'line': b'-- Up-to-date symlink: /home/maxim/super_ws/install/px4_msgs/include/px4_msgs/px4_msgs/msg/detail/camera_trigger__type_support.h\n'}
[1.724365] (px4_msgs) StdoutLine: {'line': b'-- Up-to-date symlink: /home/maxim/super_ws/install/px4_msgs/include/px4_msgs/px4_msgs/msg/detail/can_interface_status__functions.h\n'}
[1.724441] (px4_msgs) StdoutLine: {'line': b'-- Up-to-date symlink: /home/maxim/super_ws/install/px4_msgs/include/px4_msgs/px4_msgs/msg/detail/can_interface_status__struct.h\n'}
[1.724559] (px4_msgs) StdoutLine: {'line': b'-- Up-to-date symlink: /home/maxim/super_ws/install/px4_msgs/include/px4_msgs/px4_msgs/msg/detail/can_interface_status__type_support.h\n'}
[1.724643] (px4_msgs) StdoutLine: {'line': b'-- Up-to-date symlink: /home/maxim/super_ws/install/px4_msgs/include/px4_msgs/px4_msgs/msg/detail/cellular_status__functions.h\n'}
[1.724726] (px4_msgs) StdoutLine: {'line': b'-- Up-to-date symlink: /home/maxim/super_ws/install/px4_msgs/include/px4_msgs/px4_msgs/msg/detail/cellular_status__struct.h\n'}
[1.724801] (px4_msgs) StdoutLine: {'line': b'-- Up-to-date symlink: /home/maxim/super_ws/install/px4_msgs/include/px4_msgs/px4_msgs/msg/detail/cellular_status__type_support.h\n'}
[1.724873] (px4_msgs) StdoutLine: {'line': b'-- Up-to-date symlink: /home/maxim/super_ws/install/px4_msgs/include/px4_msgs/px4_msgs/msg/detail/collision_constraints__functions.h\n'}
[1.724947] (px4_msgs) StdoutLine: {'line': b'-- Up-to-date symlink: /home/maxim/super_ws/install/px4_msgs/include/px4_msgs/px4_msgs/msg/detail/collision_constraints__struct.h\n'}
[1.725018] (px4_msgs) StdoutLine: {'line': b'-- Up-to-date symlink: /home/maxim/super_ws/install/px4_msgs/include/px4_msgs/px4_msgs/msg/detail/collision_constraints__type_support.h\n'}
[1.725097] (px4_msgs) StdoutLine: {'line': b'-- Up-to-date symlink: /home/maxim/super_ws/install/px4_msgs/include/px4_msgs/px4_msgs/msg/detail/config_overrides__functions.h\n'}
[1.725163] (px4_msgs) StdoutLine: {'line': b'-- Up-to-date symlink: /home/maxim/super_ws/install/px4_msgs/include/px4_msgs/px4_msgs/msg/detail/config_overrides__struct.h\n'}
[1.725227] (px4_msgs) StdoutLine: {'line': b'-- Up-to-date symlink: /home/maxim/super_ws/install/px4_msgs/include/px4_msgs/px4_msgs/msg/detail/config_overrides__type_support.h\n'}
[1.725300] (px4_msgs) StdoutLine: {'line': b'-- Up-to-date symlink: /home/maxim/super_ws/install/px4_msgs/include/px4_msgs/px4_msgs/msg/detail/control_allocator_status__functions.h\n'}
[1.725379] (px4_msgs) StdoutLine: {'line': b'-- Up-to-date symlink: /home/maxim/super_ws/install/px4_msgs/include/px4_msgs/px4_msgs/msg/detail/control_allocator_status__struct.h\n'}
[1.725459] (px4_msgs) StdoutLine: {'line': b'-- Up-to-date symlink: /home/maxim/super_ws/install/px4_msgs/include/px4_msgs/px4_msgs/msg/detail/control_allocator_status__type_support.h\n'}
[1.725538] (px4_msgs) StdoutLine: {'line': b'-- Up-to-date symlink: /home/maxim/super_ws/install/px4_msgs/include/px4_msgs/px4_msgs/msg/detail/cpuload__functions.h\n'}
[1.725617] (px4_msgs) StdoutLine: {'line': b'-- Up-to-date symlink: /home/maxim/super_ws/install/px4_msgs/include/px4_msgs/px4_msgs/msg/detail/cpuload__struct.h\n'}
[1.725695] (px4_msgs) StdoutLine: {'line': b'-- Up-to-date symlink: /home/maxim/super_ws/install/px4_msgs/include/px4_msgs/px4_msgs/msg/detail/cpuload__type_support.h\n'}
[1.725772] (px4_msgs) StdoutLine: {'line': b'-- Up-to-date symlink: /home/maxim/super_ws/install/px4_msgs/include/px4_msgs/px4_msgs/msg/detail/dataman_request__functions.h\n'}
[1.725850] (px4_msgs) StdoutLine: {'line': b'-- Up-to-date symlink: /home/maxim/super_ws/install/px4_msgs/include/px4_msgs/px4_msgs/msg/detail/dataman_request__struct.h\n'}
[1.725927] (px4_msgs) StdoutLine: {'line': b'-- Up-to-date symlink: /home/maxim/super_ws/install/px4_msgs/include/px4_msgs/px4_msgs/msg/detail/dataman_request__type_support.h\n'}
[1.726005] (px4_msgs) StdoutLine: {'line': b'-- Up-to-date symlink: /home/maxim/super_ws/install/px4_msgs/include/px4_msgs/px4_msgs/msg/detail/dataman_response__functions.h\n'}
[1.726082] (px4_msgs) StdoutLine: {'line': b'-- Up-to-date symlink: /home/maxim/super_ws/install/px4_msgs/include/px4_msgs/px4_msgs/msg/detail/dataman_response__struct.h\n'}
[1.726164] (px4_msgs) StdoutLine: {'line': b'-- Up-to-date symlink: /home/maxim/super_ws/install/px4_msgs/include/px4_msgs/px4_msgs/msg/detail/dataman_response__type_support.h\n'}
[1.726244] (px4_msgs) StdoutLine: {'line': b'-- Up-to-date symlink: /home/maxim/super_ws/install/px4_msgs/include/px4_msgs/px4_msgs/msg/detail/debug_array__functions.h\n'}
[1.726322] (px4_msgs) StdoutLine: {'line': b'-- Up-to-date symlink: /home/maxim/super_ws/install/px4_msgs/include/px4_msgs/px4_msgs/msg/detail/debug_array__struct.h\n'}
[1.726406] (px4_msgs) StdoutLine: {'line': b'-- Up-to-date symlink: /home/maxim/super_ws/install/px4_msgs/include/px4_msgs/px4_msgs/msg/detail/debug_array__type_support.h\n'}
[1.726483] (px4_msgs) StdoutLine: {'line': b'-- Up-to-date symlink: /home/maxim/super_ws/install/px4_msgs/include/px4_msgs/px4_msgs/msg/detail/debug_key_value__functions.h\n'}
[1.726560] (px4_msgs) StdoutLine: {'line': b'-- Up-to-date symlink: /home/maxim/super_ws/install/px4_msgs/include/px4_msgs/px4_msgs/msg/detail/debug_key_value__struct.h\n'}
[1.726639] (px4_msgs) StdoutLine: {'line': b'-- Up-to-date symlink: /home/maxim/super_ws/install/px4_msgs/include/px4_msgs/px4_msgs/msg/detail/debug_key_value__type_support.h\n'}
[1.726718] (px4_msgs) StdoutLine: {'line': b'-- Up-to-date symlink: /home/maxim/super_ws/install/px4_msgs/include/px4_msgs/px4_msgs/msg/detail/debug_value__functions.h\n'}
[1.726794] (px4_msgs) StdoutLine: {'line': b'-- Up-to-date symlink: /home/maxim/super_ws/install/px4_msgs/include/px4_msgs/px4_msgs/msg/detail/debug_value__struct.h\n'}
[1.726871] (px4_msgs) StdoutLine: {'line': b'-- Up-to-date symlink: /home/maxim/super_ws/install/px4_msgs/include/px4_msgs/px4_msgs/msg/detail/debug_value__type_support.h\n'}
[1.726949] (px4_msgs) StdoutLine: {'line': b'-- Up-to-date symlink: /home/maxim/super_ws/install/px4_msgs/include/px4_msgs/px4_msgs/msg/detail/debug_vect__functions.h\n'}
[1.727027] (px4_msgs) StdoutLine: {'line': b'-- Up-to-date symlink: /home/maxim/super_ws/install/px4_msgs/include/px4_msgs/px4_msgs/msg/detail/debug_vect__struct.h\n'}
[1.727105] (px4_msgs) StdoutLine: {'line': b'-- Up-to-date symlink: /home/maxim/super_ws/install/px4_msgs/include/px4_msgs/px4_msgs/msg/detail/debug_vect__type_support.h\n'}
[1.727184] (px4_msgs) StdoutLine: {'line': b'-- Up-to-date symlink: /home/maxim/super_ws/install/px4_msgs/include/px4_msgs/px4_msgs/msg/detail/device_information__functions.h\n'}
[1.727263] (px4_msgs) StdoutLine: {'line': b'-- Up-to-date symlink: /home/maxim/super_ws/install/px4_msgs/include/px4_msgs/px4_msgs/msg/detail/device_information__struct.h\n'}
[1.727342] (px4_msgs) StdoutLine: {'line': b'-- Up-to-date symlink: /home/maxim/super_ws/install/px4_msgs/include/px4_msgs/px4_msgs/msg/detail/device_information__type_support.h\n'}
[1.727428] (px4_msgs) StdoutLine: {'line': b'-- Up-to-date symlink: /home/maxim/super_ws/install/px4_msgs/include/px4_msgs/px4_msgs/msg/detail/differential_pressure__functions.h\n'}
[1.727504] (px4_msgs) StdoutLine: {'line': b'-- Up-to-date symlink: /home/maxim/super_ws/install/px4_msgs/include/px4_msgs/px4_msgs/msg/detail/differential_pressure__struct.h\n'}
[1.727584] (px4_msgs) StdoutLine: {'line': b'-- Up-to-date symlink: /home/maxim/super_ws/install/px4_msgs/include/px4_msgs/px4_msgs/msg/detail/differential_pressure__type_support.h\n'}
[1.727664] (px4_msgs) StdoutLine: {'line': b'-- Up-to-date symlink: /home/maxim/super_ws/install/px4_msgs/include/px4_msgs/px4_msgs/msg/detail/distance_sensor__functions.h\n'}
[1.727742] (px4_msgs) StdoutLine: {'line': b'-- Up-to-date symlink: /home/maxim/super_ws/install/px4_msgs/include/px4_msgs/px4_msgs/msg/detail/distance_sensor__struct.h\n'}
[1.727821] (px4_msgs) StdoutLine: {'line': b'-- Up-to-date symlink: /home/maxim/super_ws/install/px4_msgs/include/px4_msgs/px4_msgs/msg/detail/distance_sensor__type_support.h\n'}
[1.727901] (px4_msgs) StdoutLine: {'line': b'-- Up-to-date symlink: /home/maxim/super_ws/install/px4_msgs/include/px4_msgs/px4_msgs/msg/detail/distance_sensor_mode_change_request__functions.h\n'}
[1.727980] (px4_msgs) StdoutLine: {'line': b'-- Up-to-date symlink: /home/maxim/super_ws/install/px4_msgs/include/px4_msgs/px4_msgs/msg/detail/distance_sensor_mode_change_request__struct.h\n'}
[1.728060] (px4_msgs) StdoutLine: {'line': b'-- Up-to-date symlink: /home/maxim/super_ws/install/px4_msgs/include/px4_msgs/px4_msgs/msg/detail/distance_sensor_mode_change_request__type_support.h\n'}
[1.728140] (px4_msgs) StdoutLine: {'line': b'-- Up-to-date symlink: /home/maxim/super_ws/install/px4_msgs/include/px4_msgs/px4_msgs/msg/detail/dronecan_node_status__functions.h\n'}
[1.728219] (px4_msgs) StdoutLine: {'line': b'-- Up-to-date symlink: /home/maxim/super_ws/install/px4_msgs/include/px4_msgs/px4_msgs/msg/detail/dronecan_node_status__struct.h\n'}
[1.728297] (px4_msgs) StdoutLine: {'line': b'-- Up-to-date symlink: /home/maxim/super_ws/install/px4_msgs/include/px4_msgs/px4_msgs/msg/detail/dronecan_node_status__type_support.h\n'}
[1.728379] (px4_msgs) StdoutLine: {'line': b'-- Up-to-date symlink: /home/maxim/super_ws/install/px4_msgs/include/px4_msgs/px4_msgs/msg/detail/ekf2_timestamps__functions.h\n'}
[1.728462] (px4_msgs) StdoutLine: {'line': b'-- Up-to-date symlink: /home/maxim/super_ws/install/px4_msgs/include/px4_msgs/px4_msgs/msg/detail/ekf2_timestamps__struct.h\n'}
[1.728541] (px4_msgs) StdoutLine: {'line': b'-- Up-to-date symlink: /home/maxim/super_ws/install/px4_msgs/include/px4_msgs/px4_msgs/msg/detail/ekf2_timestamps__type_support.h\n'}
[1.728618] (px4_msgs) StdoutLine: {'line': b'-- Up-to-date symlink: /home/maxim/super_ws/install/px4_msgs/include/px4_msgs/px4_msgs/msg/detail/esc_eeprom_read__functions.h\n'}
[1.728697] (px4_msgs) StdoutLine: {'line': b'-- Up-to-date symlink: /home/maxim/super_ws/install/px4_msgs/include/px4_msgs/px4_msgs/msg/detail/esc_eeprom_read__struct.h\n'}
[1.728775] (px4_msgs) StdoutLine: {'line': b'-- Up-to-date symlink: /home/maxim/super_ws/install/px4_msgs/include/px4_msgs/px4_msgs/msg/detail/esc_eeprom_read__type_support.h\n'}
[1.728854] (px4_msgs) StdoutLine: {'line': b'-- Up-to-date symlink: /home/maxim/super_ws/install/px4_msgs/include/px4_msgs/px4_msgs/msg/detail/esc_eeprom_write__functions.h\n'}
[1.728932] (px4_msgs) StdoutLine: {'line': b'-- Up-to-date symlink: /home/maxim/super_ws/install/px4_msgs/include/px4_msgs/px4_msgs/msg/detail/esc_eeprom_write__struct.h\n'}
[1.729012] (px4_msgs) StdoutLine: {'line': b'-- Up-to-date symlink: /home/maxim/super_ws/install/px4_msgs/include/px4_msgs/px4_msgs/msg/detail/esc_eeprom_write__type_support.h\n'}
[1.729090] (px4_msgs) StdoutLine: {'line': b'-- Up-to-date symlink: /home/maxim/super_ws/install/px4_msgs/include/px4_msgs/px4_msgs/msg/detail/esc_report__functions.h\n'}
[1.729178] (px4_msgs) StdoutLine: {'line': b'-- Up-to-date symlink: /home/maxim/super_ws/install/px4_msgs/include/px4_msgs/px4_msgs/msg/detail/esc_report__struct.h\n'}
[1.729267] (px4_msgs) StdoutLine: {'line': b'-- Up-to-date symlink: /home/maxim/super_ws/install/px4_msgs/include/px4_msgs/px4_msgs/msg/detail/esc_report__type_support.h\n'}
[1.729341] (px4_msgs) StdoutLine: {'line': b'-- Up-to-date symlink: /home/maxim/super_ws/install/px4_msgs/include/px4_msgs/px4_msgs/msg/detail/esc_status__functions.h\n'}
[1.729451] (px4_msgs) StdoutLine: {'line': b'-- Up-to-date symlink: /home/maxim/super_ws/install/px4_msgs/include/px4_msgs/px4_msgs/msg/detail/esc_status__struct.h\n'}
[1.729538] (px4_msgs) StdoutLine: {'line': b'-- Up-to-date symlink: /home/maxim/super_ws/install/px4_msgs/include/px4_msgs/px4_msgs/msg/detail/esc_status__type_support.h\n'}
[1.729611] (px4_msgs) StdoutLine: {'line': b'-- Up-to-date symlink: /home/maxim/super_ws/install/px4_msgs/include/px4_msgs/px4_msgs/msg/detail/estimator_aid_source1d__functions.h\n'}
[1.729683] (px4_msgs) StdoutLine: {'line': b'-- Up-to-date symlink: /home/maxim/super_ws/install/px4_msgs/include/px4_msgs/px4_msgs/msg/detail/estimator_aid_source1d__struct.h\n'}
[1.729756] (px4_msgs) StdoutLine: {'line': b'-- Up-to-date symlink: /home/maxim/super_ws/install/px4_msgs/include/px4_msgs/px4_msgs/msg/detail/estimator_aid_source1d__type_support.h\n'}
[1.729829] (px4_msgs) StdoutLine: {'line': b'-- Up-to-date symlink: /home/maxim/super_ws/install/px4_msgs/include/px4_msgs/px4_msgs/msg/detail/estimator_aid_source2d__functions.h\n'}
[1.729901] (px4_msgs) StdoutLine: {'line': b'-- Up-to-date symlink: /home/maxim/super_ws/install/px4_msgs/include/px4_msgs/px4_msgs/msg/detail/estimator_aid_source2d__struct.h\n'}
[1.729970] (px4_msgs) StdoutLine: {'line': b'-- Up-to-date symlink: /home/maxim/super_ws/install/px4_msgs/include/px4_msgs/px4_msgs/msg/detail/estimator_aid_source2d__type_support.h\n'}
[1.730048] (px4_msgs) StdoutLine: {'line': b'-- Up-to-date symlink: /home/maxim/super_ws/install/px4_msgs/include/px4_msgs/px4_msgs/msg/detail/estimator_aid_source3d__functions.h\n'}
[1.730165] (px4_msgs) StdoutLine: {'line': b'-- Up-to-date symlink: /home/maxim/super_ws/install/px4_msgs/include/px4_msgs/px4_msgs/msg/detail/estimator_aid_source3d__struct.h\n'}
[1.730250] (px4_msgs) StdoutLine: {'line': b'-- Up-to-date symlink: /home/maxim/super_ws/install/px4_msgs/include/px4_msgs/px4_msgs/msg/detail/estimator_aid_source3d__type_support.h\n'}
[1.730323] (px4_msgs) StdoutLine: {'line': b'-- Up-to-date symlink: /home/maxim/super_ws/install/px4_msgs/include/px4_msgs/px4_msgs/msg/detail/estimator_bias3d__functions.h\n'}
[1.730397] (px4_msgs) StdoutLine: {'line': b'-- Up-to-date symlink: /home/maxim/super_ws/install/px4_msgs/include/px4_msgs/px4_msgs/msg/detail/estimator_bias3d__struct.h\n'}
[1.730486] (px4_msgs) StdoutLine: {'line': b'-- Up-to-date symlink: /home/maxim/super_ws/install/px4_msgs/include/px4_msgs/px4_msgs/msg/detail/estimator_bias3d__type_support.h\n'}
[1.730561] (px4_msgs) StdoutLine: {'line': b'-- Up-to-date symlink: /home/maxim/super_ws/install/px4_msgs/include/px4_msgs/px4_msgs/msg/detail/estimator_bias__functions.h\n'}
[1.730632] (px4_msgs) StdoutLine: {'line': b'-- Up-to-date symlink: /home/maxim/super_ws/install/px4_msgs/include/px4_msgs/px4_msgs/msg/detail/estimator_bias__struct.h\n'}
[1.730702] (px4_msgs) StdoutLine: {'line': b'-- Up-to-date symlink: /home/maxim/super_ws/install/px4_msgs/include/px4_msgs/px4_msgs/msg/detail/estimator_bias__type_support.h\n'}
[1.730774] (px4_msgs) StdoutLine: {'line': b'-- Up-to-date symlink: /home/maxim/super_ws/install/px4_msgs/include/px4_msgs/px4_msgs/msg/detail/estimator_event_flags__functions.h\n'}
[1.730847] (px4_msgs) StdoutLine: {'line': b'-- Up-to-date symlink: /home/maxim/super_ws/install/px4_msgs/include/px4_msgs/px4_msgs/msg/detail/estimator_event_flags__struct.h\n'}
[1.730916] (px4_msgs) StdoutLine: {'line': b'-- Up-to-date symlink: /home/maxim/super_ws/install/px4_msgs/include/px4_msgs/px4_msgs/msg/detail/estimator_event_flags__type_support.h\n'}
[1.731031] (px4_msgs) StdoutLine: {'line': b'-- Up-to-date symlink: /home/maxim/super_ws/install/px4_msgs/include/px4_msgs/px4_msgs/msg/detail/estimator_fusion_control__functions.h\n'}
[1.731116] (px4_msgs) StdoutLine: {'line': b'-- Up-to-date symlink: /home/maxim/super_ws/install/px4_msgs/include/px4_msgs/px4_msgs/msg/detail/estimator_fusion_control__struct.h\n'}
[1.731193] (px4_msgs) StdoutLine: {'line': b'-- Up-to-date symlink: /home/maxim/super_ws/install/px4_msgs/include/px4_msgs/px4_msgs/msg/detail/estimator_fusion_control__type_support.h\n'}
[1.731267] (px4_msgs) StdoutLine: {'line': b'-- Up-to-date symlink: /home/maxim/super_ws/install/px4_msgs/include/px4_msgs/px4_msgs/msg/detail/estimator_gps_status__functions.h\n'}
[1.731338] (px4_msgs) StdoutLine: {'line': b'-- Up-to-date symlink: /home/maxim/super_ws/install/px4_msgs/include/px4_msgs/px4_msgs/msg/detail/estimator_gps_status__struct.h\n'}
[1.731415] (px4_msgs) StdoutLine: {'line': b'-- Up-to-date symlink: /home/maxim/super_ws/install/px4_msgs/include/px4_msgs/px4_msgs/msg/detail/estimator_gps_status__type_support.h\n'}
[1.731485] (px4_msgs) StdoutLine: {'line': b'-- Up-to-date symlink: /home/maxim/super_ws/install/px4_msgs/include/px4_msgs/px4_msgs/msg/detail/estimator_innovations__functions.h\n'}
[1.731552] (px4_msgs) StdoutLine: {'line': b'-- Up-to-date symlink: /home/maxim/super_ws/install/px4_msgs/include/px4_msgs/px4_msgs/msg/detail/estimator_innovations__struct.h\n'}
[1.731621] (px4_msgs) StdoutLine: {'line': b'-- Up-to-date symlink: /home/maxim/super_ws/install/px4_msgs/include/px4_msgs/px4_msgs/msg/detail/estimator_innovations__type_support.h\n'}
[1.731739] (px4_msgs) StdoutLine: {'line': b'-- Up-to-date symlink: /home/maxim/super_ws/install/px4_msgs/include/px4_msgs/px4_msgs/msg/detail/estimator_selector_status__functions.h\n'}
[1.731819] (px4_msgs) StdoutLine: {'line': b'-- Up-to-date symlink: /home/maxim/super_ws/install/px4_msgs/include/px4_msgs/px4_msgs/msg/detail/estimator_selector_status__struct.h\n'}
[1.731902] (px4_msgs) StdoutLine: {'line': b'-- Up-to-date symlink: /home/maxim/super_ws/install/px4_msgs/include/px4_msgs/px4_msgs/msg/detail/estimator_selector_status__type_support.h\n'}
[1.731976] (px4_msgs) StdoutLine: {'line': b'-- Up-to-date symlink: /home/maxim/super_ws/install/px4_msgs/include/px4_msgs/px4_msgs/msg/detail/estimator_sensor_bias__functions.h\n'}
[1.732048] (px4_msgs) StdoutLine: {'line': b'-- Up-to-date symlink: /home/maxim/super_ws/install/px4_msgs/include/px4_msgs/px4_msgs/msg/detail/estimator_sensor_bias__struct.h\n'}
[1.732121] (px4_msgs) StdoutLine: {'line': b'-- Up-to-date symlink: /home/maxim/super_ws/install/px4_msgs/include/px4_msgs/px4_msgs/msg/detail/estimator_sensor_bias__type_support.h\n'}
[1.732199] (px4_msgs) StdoutLine: {'line': b'-- Up-to-date symlink: /home/maxim/super_ws/install/px4_msgs/include/px4_msgs/px4_msgs/msg/detail/estimator_states__functions.h\n'}
[1.732272] (px4_msgs) StdoutLine: {'line': b'-- Up-to-date symlink: /home/maxim/super_ws/install/px4_msgs/include/px4_msgs/px4_msgs/msg/detail/estimator_states__struct.h\n'}
[1.732345] (px4_msgs) StdoutLine: {'line': b'-- Up-to-date symlink: /home/maxim/super_ws/install/px4_msgs/include/px4_msgs/px4_msgs/msg/detail/estimator_states__type_support.h\n'}
[1.732422] (px4_msgs) StdoutLine: {'line': b'-- Up-to-date symlink: /home/maxim/super_ws/install/px4_msgs/include/px4_msgs/px4_msgs/msg/detail/estimator_status__functions.h\n'}
[1.732493] (px4_msgs) StdoutLine: {'line': b'-- Up-to-date symlink: /home/maxim/super_ws/install/px4_msgs/include/px4_msgs/px4_msgs/msg/detail/estimator_status__struct.h\n'}
[1.732581] (px4_msgs) StdoutLine: {'line': b'-- Up-to-date symlink: /home/maxim/super_ws/install/px4_msgs/include/px4_msgs/px4_msgs/msg/detail/estimator_status__type_support.h\n'}
[1.732688] (px4_msgs) StdoutLine: {'line': b'-- Up-to-date symlink: /home/maxim/super_ws/install/px4_msgs/include/px4_msgs/px4_msgs/msg/detail/estimator_status_flags__functions.h\n'}
[1.732771] (px4_msgs) StdoutLine: {'line': b'-- Up-to-date symlink: /home/maxim/super_ws/install/px4_msgs/include/px4_msgs/px4_msgs/msg/detail/estimator_status_flags__struct.h\n'}
[1.732845] (px4_msgs) StdoutLine: {'line': b'-- Up-to-date symlink: /home/maxim/super_ws/install/px4_msgs/include/px4_msgs/px4_msgs/msg/detail/estimator_status_flags__type_support.h\n'}
[1.732914] (px4_msgs) StdoutLine: {'line': b'-- Up-to-date symlink: /home/maxim/super_ws/install/px4_msgs/include/px4_msgs/px4_msgs/msg/detail/event__functions.h\n'}
[1.732988] (px4_msgs) StdoutLine: {'line': b'-- Up-to-date symlink: /home/maxim/super_ws/install/px4_msgs/include/px4_msgs/px4_msgs/msg/detail/event__struct.h\n'}
[1.733061] (px4_msgs) StdoutLine: {'line': b'-- Up-to-date symlink: /home/maxim/super_ws/install/px4_msgs/include/px4_msgs/px4_msgs/msg/detail/event__type_support.h\n'}
[1.733135] (px4_msgs) StdoutLine: {'line': b'-- Up-to-date symlink: /home/maxim/super_ws/install/px4_msgs/include/px4_msgs/px4_msgs/msg/detail/failsafe_flags__functions.h\n'}
[1.733206] (px4_msgs) StdoutLine: {'line': b'-- Up-to-date symlink: /home/maxim/super_ws/install/px4_msgs/include/px4_msgs/px4_msgs/msg/detail/failsafe_flags__struct.h\n'}
[1.733276] (px4_msgs) StdoutLine: {'line': b'-- Up-to-date symlink: /home/maxim/super_ws/install/px4_msgs/include/px4_msgs/px4_msgs/msg/detail/failsafe_flags__type_support.h\n'}
[1.733349] (px4_msgs) StdoutLine: {'line': b'-- Up-to-date symlink: /home/maxim/super_ws/install/px4_msgs/include/px4_msgs/px4_msgs/msg/detail/failure_detector_status__functions.h\n'}
[1.733477] (px4_msgs) StdoutLine: {'line': b'-- Up-to-date symlink: /home/maxim/super_ws/install/px4_msgs/include/px4_msgs/px4_msgs/msg/detail/failure_detector_status__struct.h\n'}
[1.733567] (px4_msgs) StdoutLine: {'line': b'-- Up-to-date symlink: /home/maxim/super_ws/install/px4_msgs/include/px4_msgs/px4_msgs/msg/detail/failure_detector_status__type_support.h\n'}
[1.733647] (px4_msgs) StdoutLine: {'line': b'-- Up-to-date symlink: /home/maxim/super_ws/install/px4_msgs/include/px4_msgs/px4_msgs/msg/detail/fiducial_marker_pos_report__functions.h\n'}
[1.733721] (px4_msgs) StdoutLine: {'line': b'-- Up-to-date symlink: /home/maxim/super_ws/install/px4_msgs/include/px4_msgs/px4_msgs/msg/detail/fiducial_marker_pos_report__struct.h\n'}
[1.733795] (px4_msgs) StdoutLine: {'line': b'-- Up-to-date symlink: /home/maxim/super_ws/install/px4_msgs/include/px4_msgs/px4_msgs/msg/detail/fiducial_marker_pos_report__type_support.h\n'}
[1.733867] (px4_msgs) StdoutLine: {'line': b'-- Up-to-date symlink: /home/maxim/super_ws/install/px4_msgs/include/px4_msgs/px4_msgs/msg/detail/fiducial_marker_yaw_report__functions.h\n'}
[1.733937] (px4_msgs) StdoutLine: {'line': b'-- Up-to-date symlink: /home/maxim/super_ws/install/px4_msgs/include/px4_msgs/px4_msgs/msg/detail/fiducial_marker_yaw_report__struct.h\n'}
[1.734015] (px4_msgs) StdoutLine: {'line': b'-- Up-to-date symlink: /home/maxim/super_ws/install/px4_msgs/include/px4_msgs/px4_msgs/msg/detail/fiducial_marker_yaw_report__type_support.h\n'}
[1.734086] (px4_msgs) StdoutLine: {'line': b'-- Up-to-date symlink: /home/maxim/super_ws/install/px4_msgs/include/px4_msgs/px4_msgs/msg/detail/figure_eight_status__functions.h\n'}
[1.734167] (px4_msgs) StdoutLine: {'line': b'-- Up-to-date symlink: /home/maxim/super_ws/install/px4_msgs/include/px4_msgs/px4_msgs/msg/detail/figure_eight_status__struct.h\n'}
[1.734237] (px4_msgs) StdoutLine: {'line': b'-- Up-to-date symlink: /home/maxim/super_ws/install/px4_msgs/include/px4_msgs/px4_msgs/msg/detail/figure_eight_status__type_support.h\n'}
[1.734319] (px4_msgs) StdoutLine: {'line': b'-- Up-to-date symlink: /home/maxim/super_ws/install/px4_msgs/include/px4_msgs/px4_msgs/msg/detail/fixed_wing_lateral_guidance_status__functions.h\n'}
[1.734440] (px4_msgs) StdoutLine: {'line': b'-- Up-to-date symlink: /home/maxim/super_ws/install/px4_msgs/include/px4_msgs/px4_msgs/msg/detail/fixed_wing_lateral_guidance_status__struct.h\n'}
[1.734518] (px4_msgs) StdoutLine: {'line': b'-- Up-to-date symlink: /home/maxim/super_ws/install/px4_msgs/include/px4_msgs/px4_msgs/msg/detail/fixed_wing_lateral_guidance_status__type_support.h\n'}
[1.734604] (px4_msgs) StdoutLine: {'line': b'-- Up-to-date symlink: /home/maxim/super_ws/install/px4_msgs/include/px4_msgs/px4_msgs/msg/detail/fixed_wing_lateral_setpoint__functions.h\n'}
[1.734687] (px4_msgs) StdoutLine: {'line': b'-- Up-to-date symlink: /home/maxim/super_ws/install/px4_msgs/include/px4_msgs/px4_msgs/msg/detail/fixed_wing_lateral_setpoint__struct.h\n'}
[1.734761] (px4_msgs) StdoutLine: {'line': b'-- Up-to-date symlink: /home/maxim/super_ws/install/px4_msgs/include/px4_msgs/px4_msgs/msg/detail/fixed_wing_lateral_setpoint__type_support.h\n'}
[1.734831] (px4_msgs) StdoutLine: {'line': b'-- Up-to-date symlink: /home/maxim/super_ws/install/px4_msgs/include/px4_msgs/px4_msgs/msg/detail/fixed_wing_lateral_status__functions.h\n'}
[1.734900] (px4_msgs) StdoutLine: {'line': b'-- Up-to-date symlink: /home/maxim/super_ws/install/px4_msgs/include/px4_msgs/px4_msgs/msg/detail/fixed_wing_lateral_status__struct.h\n'}
[1.734967] (px4_msgs) StdoutLine: {'line': b'-- Up-to-date symlink: /home/maxim/super_ws/install/px4_msgs/include/px4_msgs/px4_msgs/msg/detail/fixed_wing_lateral_status__type_support.h\n'}
[1.735042] (px4_msgs) StdoutLine: {'line': b'-- Up-to-date symlink: /home/maxim/super_ws/install/px4_msgs/include/px4_msgs/px4_msgs/msg/detail/fixed_wing_longitudinal_setpoint__functions.h\n'}
[1.735113] (px4_msgs) StdoutLine: {'line': b'-- Up-to-date symlink: /home/maxim/super_ws/install/px4_msgs/include/px4_msgs/px4_msgs/msg/detail/fixed_wing_longitudinal_setpoint__struct.h\n'}
[1.735182] (px4_msgs) StdoutLine: {'line': b'-- Up-to-date symlink: /home/maxim/super_ws/install/px4_msgs/include/px4_msgs/px4_msgs/msg/detail/fixed_wing_longitudinal_setpoint__type_support.h\n'}
[1.735252] (px4_msgs) StdoutLine: {'line': b'-- Up-to-date symlink: /home/maxim/super_ws/install/px4_msgs/include/px4_msgs/px4_msgs/msg/detail/fixed_wing_runway_control__functions.h\n'}
[1.735325] (px4_msgs) StdoutLine: {'line': b'-- Up-to-date symlink: /home/maxim/super_ws/install/px4_msgs/include/px4_msgs/px4_msgs/msg/detail/fixed_wing_runway_control__struct.h\n'}
[1.735439] (px4_msgs) StdoutLine: {'line': b'-- Up-to-date symlink: /home/maxim/super_ws/install/px4_msgs/include/px4_msgs/px4_msgs/msg/detail/fixed_wing_runway_control__type_support.h\n'}
[1.735508] (px4_msgs) StdoutLine: {'line': b'-- Up-to-date symlink: /home/maxim/super_ws/install/px4_msgs/include/px4_msgs/px4_msgs/msg/detail/flight_phase_estimation__functions.h\n'}
[1.735580] (px4_msgs) StdoutLine: {'line': b'-- Up-to-date symlink: /home/maxim/super_ws/install/px4_msgs/include/px4_msgs/px4_msgs/msg/detail/flight_phase_estimation__struct.h\n'}
[1.735659] (px4_msgs) StdoutLine: {'line': b'-- Up-to-date symlink: /home/maxim/super_ws/install/px4_msgs/include/px4_msgs/px4_msgs/msg/detail/flight_phase_estimation__type_support.h\n'}
[1.735731] (px4_msgs) StdoutLine: {'line': b'-- Up-to-date symlink: /home/maxim/super_ws/install/px4_msgs/include/px4_msgs/px4_msgs/msg/detail/follow_target__functions.h\n'}
[1.735800] (px4_msgs) StdoutLine: {'line': b'-- Up-to-date symlink: /home/maxim/super_ws/install/px4_msgs/include/px4_msgs/px4_msgs/msg/detail/follow_target__struct.h\n'}
[1.735879] (px4_msgs) StdoutLine: {'line': b'-- Up-to-date symlink: /home/maxim/super_ws/install/px4_msgs/include/px4_msgs/px4_msgs/msg/detail/follow_target__type_support.h\n'}
[1.735957] (px4_msgs) StdoutLine: {'line': b'-- Up-to-date symlink: /home/maxim/super_ws/install/px4_msgs/include/px4_msgs/px4_msgs/msg/detail/follow_target_estimator__functions.h\n'}
[1.736035] (px4_msgs) StdoutLine: {'line': b'-- Up-to-date symlink: /home/maxim/super_ws/install/px4_msgs/include/px4_msgs/px4_msgs/msg/detail/follow_target_estimator__struct.h\n'}
[1.736112] (px4_msgs) StdoutLine: {'line': b'-- Up-to-date symlink: /home/maxim/super_ws/install/px4_msgs/include/px4_msgs/px4_msgs/msg/detail/follow_target_estimator__type_support.h\n'}
[1.736190] (px4_msgs) StdoutLine: {'line': b'-- Up-to-date symlink: /home/maxim/super_ws/install/px4_msgs/include/px4_msgs/px4_msgs/msg/detail/follow_target_status__functions.h\n'}
[1.736267] (px4_msgs) StdoutLine: {'line': b'-- Up-to-date symlink: /home/maxim/super_ws/install/px4_msgs/include/px4_msgs/px4_msgs/msg/detail/follow_target_status__struct.h\n'}
[1.736344] (px4_msgs) StdoutLine: {'line': b'-- Up-to-date symlink: /home/maxim/super_ws/install/px4_msgs/include/px4_msgs/px4_msgs/msg/detail/follow_target_status__type_support.h\n'}
[1.736428] (px4_msgs) StdoutLine: {'line': b'-- Up-to-date symlink: /home/maxim/super_ws/install/px4_msgs/include/px4_msgs/px4_msgs/msg/detail/fuel_tank_status__functions.h\n'}
[1.736504] (px4_msgs) StdoutLine: {'line': b'-- Up-to-date symlink: /home/maxim/super_ws/install/px4_msgs/include/px4_msgs/px4_msgs/msg/detail/fuel_tank_status__struct.h\n'}
[1.736582] (px4_msgs) StdoutLine: {'line': b'-- Up-to-date symlink: /home/maxim/super_ws/install/px4_msgs/include/px4_msgs/px4_msgs/msg/detail/fuel_tank_status__type_support.h\n'}
[1.736660] (px4_msgs) StdoutLine: {'line': b'-- Up-to-date symlink: /home/maxim/super_ws/install/px4_msgs/include/px4_msgs/px4_msgs/msg/detail/gain_compression__functions.h\n'}
[1.736737] (px4_msgs) StdoutLine: {'line': b'-- Up-to-date symlink: /home/maxim/super_ws/install/px4_msgs/include/px4_msgs/px4_msgs/msg/detail/gain_compression__struct.h\n'}
[1.736815] (px4_msgs) StdoutLine: {'line': b'-- Up-to-date symlink: /home/maxim/super_ws/install/px4_msgs/include/px4_msgs/px4_msgs/msg/detail/gain_compression__type_support.h\n'}
[1.736893] (px4_msgs) StdoutLine: {'line': b'-- Up-to-date symlink: /home/maxim/super_ws/install/px4_msgs/include/px4_msgs/px4_msgs/msg/detail/generator_status__functions.h\n'}
[1.736971] (px4_msgs) StdoutLine: {'line': b'-- Up-to-date symlink: /home/maxim/super_ws/install/px4_msgs/include/px4_msgs/px4_msgs/msg/detail/generator_status__struct.h\n'}
[1.737049] (px4_msgs) StdoutLine: {'line': b'-- Up-to-date symlink: /home/maxim/super_ws/install/px4_msgs/include/px4_msgs/px4_msgs/msg/detail/generator_status__type_support.h\n'}
[1.737127] (px4_msgs) StdoutLine: {'line': b'-- Up-to-date symlink: /home/maxim/super_ws/install/px4_msgs/include/px4_msgs/px4_msgs/msg/detail/geofence_result__functions.h\n'}
[1.737205] (px4_msgs) StdoutLine: {'line': b'-- Up-to-date symlink: /home/maxim/super_ws/install/px4_msgs/include/px4_msgs/px4_msgs/msg/detail/geofence_result__struct.h\n'}
[1.737283] (px4_msgs) StdoutLine: {'line': b'-- Up-to-date symlink: /home/maxim/super_ws/install/px4_msgs/include/px4_msgs/px4_msgs/msg/detail/geofence_result__type_support.h\n'}
[1.737361] (px4_msgs) StdoutLine: {'line': b'-- Up-to-date symlink: /home/maxim/super_ws/install/px4_msgs/include/px4_msgs/px4_msgs/msg/detail/geofence_status__functions.h\n'}
[1.737446] (px4_msgs) StdoutLine: {'line': b'-- Up-to-date symlink: /home/maxim/super_ws/install/px4_msgs/include/px4_msgs/px4_msgs/msg/detail/geofence_status__struct.h\n'}
[1.737522] (px4_msgs) StdoutLine: {'line': b'-- Up-to-date symlink: /home/maxim/super_ws/install/px4_msgs/include/px4_msgs/px4_msgs/msg/detail/geofence_status__type_support.h\n'}
[1.737601] (px4_msgs) StdoutLine: {'line': b'-- Up-to-date symlink: /home/maxim/super_ws/install/px4_msgs/include/px4_msgs/px4_msgs/msg/detail/gimbal_controls__functions.h\n'}
[1.737679] (px4_msgs) StdoutLine: {'line': b'-- Up-to-date symlink: /home/maxim/super_ws/install/px4_msgs/include/px4_msgs/px4_msgs/msg/detail/gimbal_controls__struct.h\n'}
[1.737759] (px4_msgs) StdoutLine: {'line': b'-- Up-to-date symlink: /home/maxim/super_ws/install/px4_msgs/include/px4_msgs/px4_msgs/msg/detail/gimbal_controls__type_support.h\n'}
[1.737838] (px4_msgs) StdoutLine: {'line': b'-- Up-to-date symlink: /home/maxim/super_ws/install/px4_msgs/include/px4_msgs/px4_msgs/msg/detail/gimbal_device_attitude_status__functions.h\n'}
[1.737917] (px4_msgs) StdoutLine: {'line': b'-- Up-to-date symlink: /home/maxim/super_ws/install/px4_msgs/include/px4_msgs/px4_msgs/msg/detail/gimbal_device_attitude_status__struct.h\n'}
[1.737996] (px4_msgs) StdoutLine: {'line': b'-- Up-to-date symlink: /home/maxim/super_ws/install/px4_msgs/include/px4_msgs/px4_msgs/msg/detail/gimbal_device_attitude_status__type_support.h\n'}
[1.738079] (px4_msgs) StdoutLine: {'line': b'-- Up-to-date symlink: /home/maxim/super_ws/install/px4_msgs/include/px4_msgs/px4_msgs/msg/detail/gimbal_device_information__functions.h\n'}
[1.738169] (px4_msgs) StdoutLine: {'line': b'-- Up-to-date symlink: /home/maxim/super_ws/install/px4_msgs/include/px4_msgs/px4_msgs/msg/detail/gimbal_device_information__struct.h\n'}
[1.738245] (px4_msgs) StdoutLine: {'line': b'-- Up-to-date symlink: /home/maxim/super_ws/install/px4_msgs/include/px4_msgs/px4_msgs/msg/detail/gimbal_device_information__type_support.h\n'}
[1.738317] (px4_msgs) StdoutLine: {'line': b'-- Up-to-date symlink: /home/maxim/super_ws/install/px4_msgs/include/px4_msgs/px4_msgs/msg/detail/gimbal_device_set_attitude__functions.h\n'}
[1.738402] (px4_msgs) StdoutLine: {'line': b'-- Up-to-date symlink: /home/maxim/super_ws/install/px4_msgs/include/px4_msgs/px4_msgs/msg/detail/gimbal_device_set_attitude__struct.h\n'}
[1.738549] (px4_msgs) StdoutLine: {'line': b'-- Up-to-date symlink: /home/maxim/super_ws/install/px4_msgs/include/px4_msgs/px4_msgs/msg/detail/gimbal_device_set_attitude__type_support.h\n'}
[1.738641] (px4_msgs) StdoutLine: {'line': b'-- Up-to-date symlink: /home/maxim/super_ws/install/px4_msgs/include/px4_msgs/px4_msgs/msg/detail/gimbal_manager_information__functions.h\n'}
[1.738725] (px4_msgs) StdoutLine: {'line': b'-- Up-to-date symlink: /home/maxim/super_ws/install/px4_msgs/include/px4_msgs/px4_msgs/msg/detail/gimbal_manager_information__struct.h\n'}
[1.738785] (px4_msgs) StdoutLine: {'line': b'-- Up-to-date symlink: /home/maxim/super_ws/install/px4_msgs/include/px4_msgs/px4_msgs/msg/detail/gimbal_manager_information__type_support.h\n'}
[1.738859] (px4_msgs) StdoutLine: {'line': b'-- Up-to-date symlink: /home/maxim/super_ws/install/px4_msgs/include/px4_msgs/px4_msgs/msg/detail/gimbal_manager_set_attitude__functions.h\n'}
[1.738931] (px4_msgs) StdoutLine: {'line': b'-- Up-to-date symlink: /home/maxim/super_ws/install/px4_msgs/include/px4_msgs/px4_msgs/msg/detail/gimbal_manager_set_attitude__struct.h\n'}
[1.739000] (px4_msgs) StdoutLine: {'line': b'-- Up-to-date symlink: /home/maxim/super_ws/install/px4_msgs/include/px4_msgs/px4_msgs/msg/detail/gimbal_manager_set_attitude__type_support.h\n'}
[1.739070] (px4_msgs) StdoutLine: {'line': b'-- Up-to-date symlink: /home/maxim/super_ws/install/px4_msgs/include/px4_msgs/px4_msgs/msg/detail/gimbal_manager_set_manual_control__functions.h\n'}
[1.739144] (px4_msgs) StdoutLine: {'line': b'-- Up-to-date symlink: /home/maxim/super_ws/install/px4_msgs/include/px4_msgs/px4_msgs/msg/detail/gimbal_manager_set_manual_control__struct.h\n'}
[1.739219] (px4_msgs) StdoutLine: {'line': b'-- Up-to-date symlink: /home/maxim/super_ws/install/px4_msgs/include/px4_msgs/px4_msgs/msg/detail/gimbal_manager_set_manual_control__type_support.h\n'}
[1.739291] (px4_msgs) StdoutLine: {'line': b'-- Up-to-date symlink: /home/maxim/super_ws/install/px4_msgs/include/px4_msgs/px4_msgs/msg/detail/gimbal_manager_status__functions.h\n'}
[1.739362] (px4_msgs) StdoutLine: {'line': b'-- Up-to-date symlink: /home/maxim/super_ws/install/px4_msgs/include/px4_msgs/px4_msgs/msg/detail/gimbal_manager_status__struct.h\n'}
[1.739440] (px4_msgs) StdoutLine: {'line': b'-- Up-to-date symlink: /home/maxim/super_ws/install/px4_msgs/include/px4_msgs/px4_msgs/msg/detail/gimbal_manager_status__type_support.h\n'}
[1.739517] (px4_msgs) StdoutLine: {'line': b'-- Up-to-date symlink: /home/maxim/super_ws/install/px4_msgs/include/px4_msgs/px4_msgs/msg/detail/goto_setpoint__functions.h\n'}
[1.739596] (px4_msgs) StdoutLine: {'line': b'-- Up-to-date symlink: /home/maxim/super_ws/install/px4_msgs/include/px4_msgs/px4_msgs/msg/detail/goto_setpoint__struct.h\n'}
[1.739675] (px4_msgs) StdoutLine: {'line': b'-- Up-to-date symlink: /home/maxim/super_ws/install/px4_msgs/include/px4_msgs/px4_msgs/msg/detail/goto_setpoint__type_support.h\n'}
[1.739753] (px4_msgs) StdoutLine: {'line': b'-- Up-to-date symlink: /home/maxim/super_ws/install/px4_msgs/include/px4_msgs/px4_msgs/msg/detail/gpio_config__functions.h\n'}
[1.739831] (px4_msgs) StdoutLine: {'line': b'-- Up-to-date symlink: /home/maxim/super_ws/install/px4_msgs/include/px4_msgs/px4_msgs/msg/detail/gpio_config__struct.h\n'}
[1.739908] (px4_msgs) StdoutLine: {'line': b'-- Up-to-date symlink: /home/maxim/super_ws/install/px4_msgs/include/px4_msgs/px4_msgs/msg/detail/gpio_config__type_support.h\n'}
[1.739986] (px4_msgs) StdoutLine: {'line': b'-- Up-to-date symlink: /home/maxim/super_ws/install/px4_msgs/include/px4_msgs/px4_msgs/msg/detail/gpio_in__functions.h\n'}
[1.740064] (px4_msgs) StdoutLine: {'line': b'-- Up-to-date symlink: /home/maxim/super_ws/install/px4_msgs/include/px4_msgs/px4_msgs/msg/detail/gpio_in__struct.h\n'}
[1.740142] (px4_msgs) StdoutLine: {'line': b'-- Up-to-date symlink: /home/maxim/super_ws/install/px4_msgs/include/px4_msgs/px4_msgs/msg/detail/gpio_in__type_support.h\n'}
[1.740220] (px4_msgs) StdoutLine: {'line': b'-- Up-to-date symlink: /home/maxim/super_ws/install/px4_msgs/include/px4_msgs/px4_msgs/msg/detail/gpio_out__functions.h\n'}
[1.740297] (px4_msgs) StdoutLine: {'line': b'-- Up-to-date symlink: /home/maxim/super_ws/install/px4_msgs/include/px4_msgs/px4_msgs/msg/detail/gpio_out__struct.h\n'}
[1.740377] (px4_msgs) StdoutLine: {'line': b'-- Up-to-date symlink: /home/maxim/super_ws/install/px4_msgs/include/px4_msgs/px4_msgs/msg/detail/gpio_out__type_support.h\n'}
[1.740458] (px4_msgs) StdoutLine: {'line': b'-- Up-to-date symlink: /home/maxim/super_ws/install/px4_msgs/include/px4_msgs/px4_msgs/msg/detail/gpio_request__functions.h\n'}
[1.740535] (px4_msgs) StdoutLine: {'line': b'-- Up-to-date symlink: /home/maxim/super_ws/install/px4_msgs/include/px4_msgs/px4_msgs/msg/detail/gpio_request__struct.h\n'}
[1.740612] (px4_msgs) StdoutLine: {'line': b'-- Up-to-date symlink: /home/maxim/super_ws/install/px4_msgs/include/px4_msgs/px4_msgs/msg/detail/gpio_request__type_support.h\n'}
[1.740689] (px4_msgs) StdoutLine: {'line': b'-- Up-to-date symlink: /home/maxim/super_ws/install/px4_msgs/include/px4_msgs/px4_msgs/msg/detail/gps_dump__functions.h\n'}
[1.740767] (px4_msgs) StdoutLine: {'line': b'-- Up-to-date symlink: /home/maxim/super_ws/install/px4_msgs/include/px4_msgs/px4_msgs/msg/detail/gps_dump__struct.h\n'}
[1.740843] (px4_msgs) StdoutLine: {'line': b'-- Up-to-date symlink: /home/maxim/super_ws/install/px4_msgs/include/px4_msgs/px4_msgs/msg/detail/gps_dump__type_support.h\n'}
[1.740920] (px4_msgs) StdoutLine: {'line': b'-- Up-to-date symlink: /home/maxim/super_ws/install/px4_msgs/include/px4_msgs/px4_msgs/msg/detail/gps_inject_data__functions.h\n'}
[1.740997] (px4_msgs) StdoutLine: {'line': b'-- Up-to-date symlink: /home/maxim/super_ws/install/px4_msgs/include/px4_msgs/px4_msgs/msg/detail/gps_inject_data__struct.h\n'}
[1.741074] (px4_msgs) StdoutLine: {'line': b'-- Up-to-date symlink: /home/maxim/super_ws/install/px4_msgs/include/px4_msgs/px4_msgs/msg/detail/gps_inject_data__type_support.h\n'}
[1.741165] (px4_msgs) StdoutLine: {'line': b'-- Up-to-date symlink: /home/maxim/super_ws/install/px4_msgs/include/px4_msgs/px4_msgs/msg/detail/gripper__functions.h\n'}
[1.741242] (px4_msgs) StdoutLine: {'line': b'-- Up-to-date symlink: /home/maxim/super_ws/install/px4_msgs/include/px4_msgs/px4_msgs/msg/detail/gripper__struct.h\n'}
[1.741313] (px4_msgs) StdoutLine: {'line': b'-- Up-to-date symlink: /home/maxim/super_ws/install/px4_msgs/include/px4_msgs/px4_msgs/msg/detail/gripper__type_support.h\n'}
[1.741398] (px4_msgs) StdoutLine: {'line': b'-- Up-to-date symlink: /home/maxim/super_ws/install/px4_msgs/include/px4_msgs/px4_msgs/msg/detail/health_report__functions.h\n'}
[1.741503] (px4_msgs) StdoutLine: {'line': b'-- Up-to-date symlink: /home/maxim/super_ws/install/px4_msgs/include/px4_msgs/px4_msgs/msg/detail/health_report__struct.h\n'}
[1.741611] (px4_msgs) StdoutLine: {'line': b'-- Up-to-date symlink: /home/maxim/super_ws/install/px4_msgs/include/px4_msgs/px4_msgs/msg/detail/health_report__type_support.h\n'}
[1.741691] (px4_msgs) StdoutLine: {'line': b'-- Up-to-date symlink: /home/maxim/super_ws/install/px4_msgs/include/px4_msgs/px4_msgs/msg/detail/heater_status__functions.h\n'}
[1.741763] (px4_msgs) StdoutLine: {'line': b'-- Up-to-date symlink: /home/maxim/super_ws/install/px4_msgs/include/px4_msgs/px4_msgs/msg/detail/heater_status__struct.h\n'}
[1.741835] (px4_msgs) StdoutLine: {'line': b'-- Up-to-date symlink: /home/maxim/super_ws/install/px4_msgs/include/px4_msgs/px4_msgs/msg/detail/heater_status__type_support.h\n'}
[1.741908] (px4_msgs) StdoutLine: {'line': b'-- Up-to-date symlink: /home/maxim/super_ws/install/px4_msgs/include/px4_msgs/px4_msgs/msg/detail/home_position__functions.h\n'}
[1.741975] (px4_msgs) StdoutLine: {'line': b'-- Up-to-date symlink: /home/maxim/super_ws/install/px4_msgs/include/px4_msgs/px4_msgs/msg/detail/home_position__struct.h\n'}
[1.742039] (px4_msgs) StdoutLine: {'line': b'-- Up-to-date symlink: /home/maxim/super_ws/install/px4_msgs/include/px4_msgs/px4_msgs/msg/detail/home_position__type_support.h\n'}
[1.742109] (px4_msgs) StdoutLine: {'line': b'-- Up-to-date symlink: /home/maxim/super_ws/install/px4_msgs/include/px4_msgs/px4_msgs/msg/detail/hover_thrust_estimate__functions.h\n'}
[1.742208] (px4_msgs) StdoutLine: {'line': b'-- Up-to-date symlink: /home/maxim/super_ws/install/px4_msgs/include/px4_msgs/px4_msgs/msg/detail/hover_thrust_estimate__struct.h\n'}
[1.742281] (px4_msgs) StdoutLine: {'line': b'-- Up-to-date symlink: /home/maxim/super_ws/install/px4_msgs/include/px4_msgs/px4_msgs/msg/detail/hover_thrust_estimate__type_support.h\n'}
[1.742353] (px4_msgs) StdoutLine: {'line': b'-- Up-to-date symlink: /home/maxim/super_ws/install/px4_msgs/include/px4_msgs/px4_msgs/msg/detail/input_rc__functions.h\n'}
[1.742437] (px4_msgs) StdoutLine: {'line': b'-- Up-to-date symlink: /home/maxim/super_ws/install/px4_msgs/include/px4_msgs/px4_msgs/msg/detail/input_rc__struct.h\n'}
[1.742503] (px4_msgs) StdoutLine: {'line': b'-- Up-to-date symlink: /home/maxim/super_ws/install/px4_msgs/include/px4_msgs/px4_msgs/msg/detail/input_rc__type_support.h\n'}
[1.742575] (px4_msgs) StdoutLine: {'line': b'-- Up-to-date symlink: /home/maxim/super_ws/install/px4_msgs/include/px4_msgs/px4_msgs/msg/detail/internal_combustion_engine_control__functions.h\n'}
[1.742655] (px4_msgs) StdoutLine: {'line': b'-- Up-to-date symlink: /home/maxim/super_ws/install/px4_msgs/include/px4_msgs/px4_msgs/msg/detail/internal_combustion_engine_control__struct.h\n'}
[1.742733] (px4_msgs) StdoutLine: {'line': b'-- Up-to-date symlink: /home/maxim/super_ws/install/px4_msgs/include/px4_msgs/px4_msgs/msg/detail/internal_combustion_engine_control__type_support.h\n'}
[1.742857] (px4_msgs) StdoutLine: {'line': b'-- Up-to-date symlink: /home/maxim/super_ws/install/px4_msgs/include/px4_msgs/px4_msgs/msg/detail/internal_combustion_engine_status__functions.h\n'}
[1.742970] (px4_msgs) StdoutLine: {'line': b'-- Up-to-date symlink: /home/maxim/super_ws/install/px4_msgs/include/px4_msgs/px4_msgs/msg/detail/internal_combustion_engine_status__struct.h\n'}
[1.743043] (px4_msgs) StdoutLine: {'line': b'-- Up-to-date symlink: /home/maxim/super_ws/install/px4_msgs/include/px4_msgs/px4_msgs/msg/detail/internal_combustion_engine_status__type_support.h\n'}
[1.743111] (px4_msgs) StdoutLine: {'line': b'-- Up-to-date symlink: /home/maxim/super_ws/install/px4_msgs/include/px4_msgs/px4_msgs/msg/detail/iridiumsbd_status__functions.h\n'}
[1.743182] (px4_msgs) StdoutLine: {'line': b'-- Up-to-date symlink: /home/maxim/super_ws/install/px4_msgs/include/px4_msgs/px4_msgs/msg/detail/iridiumsbd_status__struct.h\n'}
[1.743253] (px4_msgs) StdoutLine: {'line': b'-- Up-to-date symlink: /home/maxim/super_ws/install/px4_msgs/include/px4_msgs/px4_msgs/msg/detail/iridiumsbd_status__type_support.h\n'}
[1.743327] (px4_msgs) StdoutLine: {'line': b'-- Up-to-date symlink: /home/maxim/super_ws/install/px4_msgs/include/px4_msgs/px4_msgs/msg/detail/irlock_report__functions.h\n'}
[1.743404] (px4_msgs) StdoutLine: {'line': b'-- Up-to-date symlink: /home/maxim/super_ws/install/px4_msgs/include/px4_msgs/px4_msgs/msg/detail/irlock_report__struct.h\n'}
[1.743490] (px4_msgs) StdoutLine: {'line': b'-- Up-to-date symlink: /home/maxim/super_ws/install/px4_msgs/include/px4_msgs/px4_msgs/msg/detail/irlock_report__type_support.h\n'}
[1.743561] (px4_msgs) StdoutLine: {'line': b'-- Up-to-date symlink: /home/maxim/super_ws/install/px4_msgs/include/px4_msgs/px4_msgs/msg/detail/landing_gear__functions.h\n'}
[1.743630] (px4_msgs) StdoutLine: {'line': b'-- Up-to-date symlink: /home/maxim/super_ws/install/px4_msgs/include/px4_msgs/px4_msgs/msg/detail/landing_gear__struct.h\n'}
[1.743699] (px4_msgs) StdoutLine: {'line': b'-- Up-to-date symlink: /home/maxim/super_ws/install/px4_msgs/include/px4_msgs/px4_msgs/msg/detail/landing_gear__type_support.h\n'}
[1.743768] (px4_msgs) StdoutLine: {'line': b'-- Up-to-date symlink: /home/maxim/super_ws/install/px4_msgs/include/px4_msgs/px4_msgs/msg/detail/landing_gear_wheel__functions.h\n'}
[1.743864] (px4_msgs) StdoutLine: {'line': b'-- Up-to-date symlink: /home/maxim/super_ws/install/px4_msgs/include/px4_msgs/px4_msgs/msg/detail/landing_gear_wheel__struct.h\n'}
[1.743978] (px4_msgs) StdoutLine: {'line': b'-- Up-to-date symlink: /home/maxim/super_ws/install/px4_msgs/include/px4_msgs/px4_msgs/msg/detail/landing_gear_wheel__type_support.h\n'}
[1.744063] (px4_msgs) StdoutLine: {'line': b'-- Up-to-date symlink: /home/maxim/super_ws/install/px4_msgs/include/px4_msgs/px4_msgs/msg/detail/landing_target_innovations__functions.h\n'}
[1.744135] (px4_msgs) StdoutLine: {'line': b'-- Up-to-date symlink: /home/maxim/super_ws/install/px4_msgs/include/px4_msgs/px4_msgs/msg/detail/landing_target_innovations__struct.h\n'}
[1.744212] (px4_msgs) StdoutLine: {'line': b'-- Up-to-date symlink: /home/maxim/super_ws/install/px4_msgs/include/px4_msgs/px4_msgs/msg/detail/landing_target_innovations__type_support.h\n'}
[1.744298] (px4_msgs) StdoutLine: {'line': b'-- Up-to-date symlink: /home/maxim/super_ws/install/px4_msgs/include/px4_msgs/px4_msgs/msg/detail/landing_target_pose__functions.h\n'}
[1.744379] (px4_msgs) StdoutLine: {'line': b'-- Up-to-date symlink: /home/maxim/super_ws/install/px4_msgs/include/px4_msgs/px4_msgs/msg/detail/landing_target_pose__struct.h\n'}
[1.744454] (px4_msgs) StdoutLine: {'line': b'-- Up-to-date symlink: /home/maxim/super_ws/install/px4_msgs/include/px4_msgs/px4_msgs/msg/detail/landing_target_pose__type_support.h\n'}
[1.744526] (px4_msgs) StdoutLine: {'line': b'-- Up-to-date symlink: /home/maxim/super_ws/install/px4_msgs/include/px4_msgs/px4_msgs/msg/detail/lateral_control_configuration__functions.h\n'}
[1.744598] (px4_msgs) StdoutLine: {'line': b'-- Up-to-date symlink: /home/maxim/super_ws/install/px4_msgs/include/px4_msgs/px4_msgs/msg/detail/lateral_control_configuration__struct.h\n'}
[1.744668] (px4_msgs) StdoutLine: {'line': b'-- Up-to-date symlink: /home/maxim/super_ws/install/px4_msgs/include/px4_msgs/px4_msgs/msg/detail/lateral_control_configuration__type_support.h\n'}
[1.744744] (px4_msgs) StdoutLine: {'line': b'-- Up-to-date symlink: /home/maxim/super_ws/install/px4_msgs/include/px4_msgs/px4_msgs/msg/detail/launch_detection_status__functions.h\n'}
[1.744816] (px4_msgs) StdoutLine: {'line': b'-- Up-to-date symlink: /home/maxim/super_ws/install/px4_msgs/include/px4_msgs/px4_msgs/msg/detail/launch_detection_status__struct.h\n'}
[1.744895] (px4_msgs) StdoutLine: {'line': b'-- Up-to-date symlink: /home/maxim/super_ws/install/px4_msgs/include/px4_msgs/px4_msgs/msg/detail/launch_detection_status__type_support.h\n'}
[1.744965] (px4_msgs) StdoutLine: {'line': b'-- Up-to-date symlink: /home/maxim/super_ws/install/px4_msgs/include/px4_msgs/px4_msgs/msg/detail/led_control__functions.h\n'}
[1.745035] (px4_msgs) StdoutLine: {'line': b'-- Up-to-date symlink: /home/maxim/super_ws/install/px4_msgs/include/px4_msgs/px4_msgs/msg/detail/led_control__struct.h\n'}
[1.745113] (px4_msgs) StdoutLine: {'line': b'-- Up-to-date symlink: /home/maxim/super_ws/install/px4_msgs/include/px4_msgs/px4_msgs/msg/detail/led_control__type_support.h\n'}
[1.745193] (px4_msgs) StdoutLine: {'line': b'-- Up-to-date symlink: /home/maxim/super_ws/install/px4_msgs/include/px4_msgs/px4_msgs/msg/detail/log_message__functions.h\n'}
[1.745270] (px4_msgs) StdoutLine: {'line': b'-- Up-to-date symlink: /home/maxim/super_ws/install/px4_msgs/include/px4_msgs/px4_msgs/msg/detail/log_message__struct.h\n'}
[1.745348] (px4_msgs) StdoutLine: {'line': b'-- Up-to-date symlink: /home/maxim/super_ws/install/px4_msgs/include/px4_msgs/px4_msgs/msg/detail/log_message__type_support.h\n'}
[1.745473] (px4_msgs) StdoutLine: {'line': b'-- Up-to-date symlink: /home/maxim/super_ws/install/px4_msgs/include/px4_msgs/px4_msgs/msg/detail/logger_status__functions.h\n'}
[1.745543] (px4_msgs) StdoutLine: {'line': b'-- Up-to-date symlink: /home/maxim/super_ws/install/px4_msgs/include/px4_msgs/px4_msgs/msg/detail/logger_status__struct.h\n'}
[1.745612] (px4_msgs) StdoutLine: {'line': b'-- Up-to-date symlink: /home/maxim/super_ws/install/px4_msgs/include/px4_msgs/px4_msgs/msg/detail/logger_status__type_support.h\n'}
[1.745681] (px4_msgs) StdoutLine: {'line': b'-- Up-to-date symlink: /home/maxim/super_ws/install/px4_msgs/include/px4_msgs/px4_msgs/msg/detail/longitudinal_control_configuration__functions.h\n'}
[1.745749] (px4_msgs) StdoutLine: {'line': b'-- Up-to-date symlink: /home/maxim/super_ws/install/px4_msgs/include/px4_msgs/px4_msgs/msg/detail/longitudinal_control_configuration__struct.h\n'}
[1.745828] (px4_msgs) StdoutLine: {'line': b'-- Up-to-date symlink: /home/maxim/super_ws/install/px4_msgs/include/px4_msgs/px4_msgs/msg/detail/longitudinal_control_configuration__type_support.h\n'}
[1.745907] (px4_msgs) StdoutLine: {'line': b'-- Up-to-date symlink: /home/maxim/super_ws/install/px4_msgs/include/px4_msgs/px4_msgs/msg/detail/mag_worker_data__functions.h\n'}
[1.745987] (px4_msgs) StdoutLine: {'line': b'-- Up-to-date symlink: /home/maxim/super_ws/install/px4_msgs/include/px4_msgs/px4_msgs/msg/detail/mag_worker_data__struct.h\n'}
[1.746065] (px4_msgs) StdoutLine: {'line': b'-- Up-to-date symlink: /home/maxim/super_ws/install/px4_msgs/include/px4_msgs/px4_msgs/msg/detail/mag_worker_data__type_support.h\n'}
[1.746144] (px4_msgs) StdoutLine: {'line': b'-- Up-to-date symlink: /home/maxim/super_ws/install/px4_msgs/include/px4_msgs/px4_msgs/msg/detail/magnetometer_bias_estimate__functions.h\n'}
[1.746223] (px4_msgs) StdoutLine: {'line': b'-- Up-to-date symlink: /home/maxim/super_ws/install/px4_msgs/include/px4_msgs/px4_msgs/msg/detail/magnetometer_bias_estimate__struct.h\n'}
[1.746301] (px4_msgs) StdoutLine: {'line': b'-- Up-to-date symlink: /home/maxim/super_ws/install/px4_msgs/include/px4_msgs/px4_msgs/msg/detail/magnetometer_bias_estimate__type_support.h\n'}
[1.746381] (px4_msgs) StdoutLine: {'line': b'-- Up-to-date symlink: /home/maxim/super_ws/install/px4_msgs/include/px4_msgs/px4_msgs/msg/detail/manual_control_setpoint__functions.h\n'}
[1.746463] (px4_msgs) StdoutLine: {'line': b'-- Up-to-date symlink: /home/maxim/super_ws/install/px4_msgs/include/px4_msgs/px4_msgs/msg/detail/manual_control_setpoint__struct.h\n'}
[1.746540] (px4_msgs) StdoutLine: {'line': b'-- Up-to-date symlink: /home/maxim/super_ws/install/px4_msgs/include/px4_msgs/px4_msgs/msg/detail/manual_control_setpoint__type_support.h\n'}
[1.746617] (px4_msgs) StdoutLine: {'line': b'-- Up-to-date symlink: /home/maxim/super_ws/install/px4_msgs/include/px4_msgs/px4_msgs/msg/detail/manual_control_switches__functions.h\n'}
[1.746695] (px4_msgs) StdoutLine: {'line': b'-- Up-to-date symlink: /home/maxim/super_ws/install/px4_msgs/include/px4_msgs/px4_msgs/msg/detail/manual_control_switches__struct.h\n'}
[1.746773] (px4_msgs) StdoutLine: {'line': b'-- Up-to-date symlink: /home/maxim/super_ws/install/px4_msgs/include/px4_msgs/px4_msgs/msg/detail/manual_control_switches__type_support.h\n'}
[1.746850] (px4_msgs) StdoutLine: {'line': b'-- Up-to-date symlink: /home/maxim/super_ws/install/px4_msgs/include/px4_msgs/px4_msgs/msg/detail/mavlink_log__functions.h\n'}
[1.746928] (px4_msgs) StdoutLine: {'line': b'-- Up-to-date symlink: /home/maxim/super_ws/install/px4_msgs/include/px4_msgs/px4_msgs/msg/detail/mavlink_log__struct.h\n'}
[1.747006] (px4_msgs) StdoutLine: {'line': b'-- Up-to-date symlink: /home/maxim/super_ws/install/px4_msgs/include/px4_msgs/px4_msgs/msg/detail/mavlink_log__type_support.h\n'}
[1.747085] (px4_msgs) StdoutLine: {'line': b'-- Up-to-date symlink: /home/maxim/super_ws/install/px4_msgs/include/px4_msgs/px4_msgs/msg/detail/mavlink_tunnel__functions.h\n'}
[1.747165] (px4_msgs) StdoutLine: {'line': b'-- Up-to-date symlink: /home/maxim/super_ws/install/px4_msgs/include/px4_msgs/px4_msgs/msg/detail/mavlink_tunnel__struct.h\n'}
[1.747296] (px4_msgs) StdoutLine: {'line': b'-- Up-to-date symlink: /home/maxim/super_ws/install/px4_msgs/include/px4_msgs/px4_msgs/msg/detail/mavlink_tunnel__type_support.h\n'}
[1.747378] (px4_msgs) StdoutLine: {'line': b'-- Up-to-date symlink: /home/maxim/super_ws/install/px4_msgs/include/px4_msgs/px4_msgs/msg/detail/message_format_request__functions.h\n'}
[1.747455] (px4_msgs) StdoutLine: {'line': b'-- Up-to-date symlink: /home/maxim/super_ws/install/px4_msgs/include/px4_msgs/px4_msgs/msg/detail/message_format_request__struct.h\n'}
[1.747541] (px4_msgs) StdoutLine: {'line': b'-- Up-to-date symlink: /home/maxim/super_ws/install/px4_msgs/include/px4_msgs/px4_msgs/msg/detail/message_format_request__type_support.h\n'}
[1.747613] (px4_msgs) StdoutLine: {'line': b'-- Up-to-date symlink: /home/maxim/super_ws/install/px4_msgs/include/px4_msgs/px4_msgs/msg/detail/message_format_response__functions.h\n'}
[1.747686] (px4_msgs) StdoutLine: {'line': b'-- Up-to-date symlink: /home/maxim/super_ws/install/px4_msgs/include/px4_msgs/px4_msgs/msg/detail/message_format_response__struct.h\n'}
[1.747761] (px4_msgs) StdoutLine: {'line': b'-- Up-to-date symlink: /home/maxim/super_ws/install/px4_msgs/include/px4_msgs/px4_msgs/msg/detail/message_format_response__type_support.h\n'}
[1.747829] (px4_msgs) StdoutLine: {'line': b'-- Up-to-date symlink: /home/maxim/super_ws/install/px4_msgs/include/px4_msgs/px4_msgs/msg/detail/mission__functions.h\n'}
[1.747899] (px4_msgs) StdoutLine: {'line': b'-- Up-to-date symlink: /home/maxim/super_ws/install/px4_msgs/include/px4_msgs/px4_msgs/msg/detail/mission__struct.h\n'}
[1.747961] (px4_msgs) StdoutLine: {'line': b'-- Up-to-date symlink: /home/maxim/super_ws/install/px4_msgs/include/px4_msgs/px4_msgs/msg/detail/mission__type_support.h\n'}
[1.748036] (px4_msgs) StdoutLine: {'line': b'-- Up-to-date symlink: /home/maxim/super_ws/install/px4_msgs/include/px4_msgs/px4_msgs/msg/detail/mission_result__functions.h\n'}
[1.748112] (px4_msgs) StdoutLine: {'line': b'-- Up-to-date symlink: /home/maxim/super_ws/install/px4_msgs/include/px4_msgs/px4_msgs/msg/detail/mission_result__struct.h\n'}
[1.748191] (px4_msgs) StdoutLine: {'line': b'-- Up-to-date symlink: /home/maxim/super_ws/install/px4_msgs/include/px4_msgs/px4_msgs/msg/detail/mission_result__type_support.h\n'}
[1.748271] (px4_msgs) StdoutLine: {'line': b'-- Up-to-date symlink: /home/maxim/super_ws/install/px4_msgs/include/px4_msgs/px4_msgs/msg/detail/mode_completed__functions.h\n'}
[1.748349] (px4_msgs) StdoutLine: {'line': b'-- Up-to-date symlink: /home/maxim/super_ws/install/px4_msgs/include/px4_msgs/px4_msgs/msg/detail/mode_completed__struct.h\n'}
[1.748435] (px4_msgs) StdoutLine: {'line': b'-- Up-to-date symlink: /home/maxim/super_ws/install/px4_msgs/include/px4_msgs/px4_msgs/msg/detail/mode_completed__type_support.h\n'}
[1.748510] (px4_msgs) StdoutLine: {'line': b'-- Up-to-date symlink: /home/maxim/super_ws/install/px4_msgs/include/px4_msgs/px4_msgs/msg/detail/mount_orientation__functions.h\n'}
[1.748590] (px4_msgs) StdoutLine: {'line': b'-- Up-to-date symlink: /home/maxim/super_ws/install/px4_msgs/include/px4_msgs/px4_msgs/msg/detail/mount_orientation__struct.h\n'}
[1.748667] (px4_msgs) StdoutLine: {'line': b'-- Up-to-date symlink: /home/maxim/super_ws/install/px4_msgs/include/px4_msgs/px4_msgs/msg/detail/mount_orientation__type_support.h\n'}
[1.748745] (px4_msgs) StdoutLine: {'line': b'-- Up-to-date symlink: /home/maxim/super_ws/install/px4_msgs/include/px4_msgs/px4_msgs/msg/detail/navigator_mission_item__functions.h\n'}
[1.748823] (px4_msgs) StdoutLine: {'line': b'-- Up-to-date symlink: /home/maxim/super_ws/install/px4_msgs/include/px4_msgs/px4_msgs/msg/detail/navigator_mission_item__struct.h\n'}
[1.748902] (px4_msgs) StdoutLine: {'line': b'-- Up-to-date symlink: /home/maxim/super_ws/install/px4_msgs/include/px4_msgs/px4_msgs/msg/detail/navigator_mission_item__type_support.h\n'}
[1.748980] (px4_msgs) StdoutLine: {'line': b'-- Up-to-date symlink: /home/maxim/super_ws/install/px4_msgs/include/px4_msgs/px4_msgs/msg/detail/navigator_status__functions.h\n'}
[1.749058] (px4_msgs) StdoutLine: {'line': b'-- Up-to-date symlink: /home/maxim/super_ws/install/px4_msgs/include/px4_msgs/px4_msgs/msg/detail/navigator_status__struct.h\n'}
[1.749135] (px4_msgs) StdoutLine: {'line': b'-- Up-to-date symlink: /home/maxim/super_ws/install/px4_msgs/include/px4_msgs/px4_msgs/msg/detail/navigator_status__type_support.h\n'}
[1.749214] (px4_msgs) StdoutLine: {'line': b'-- Up-to-date symlink: /home/maxim/super_ws/install/px4_msgs/include/px4_msgs/px4_msgs/msg/detail/neural_control__functions.h\n'}
[1.749291] (px4_msgs) StdoutLine: {'line': b'-- Up-to-date symlink: /home/maxim/super_ws/install/px4_msgs/include/px4_msgs/px4_msgs/msg/detail/neural_control__struct.h\n'}
[1.749372] (px4_msgs) StdoutLine: {'line': b'-- Up-to-date symlink: /home/maxim/super_ws/install/px4_msgs/include/px4_msgs/px4_msgs/msg/detail/neural_control__type_support.h\n'}
[1.749454] (px4_msgs) StdoutLine: {'line': b'-- Up-to-date symlink: /home/maxim/super_ws/install/px4_msgs/include/px4_msgs/px4_msgs/msg/detail/normalized_unsigned_setpoint__functions.h\n'}
[1.749531] (px4_msgs) StdoutLine: {'line': b'-- Up-to-date symlink: /home/maxim/super_ws/install/px4_msgs/include/px4_msgs/px4_msgs/msg/detail/normalized_unsigned_setpoint__struct.h\n'}
[1.749610] (px4_msgs) StdoutLine: {'line': b'-- Up-to-date symlink: /home/maxim/super_ws/install/px4_msgs/include/px4_msgs/px4_msgs/msg/detail/normalized_unsigned_setpoint__type_support.h\n'}
[1.749687] (px4_msgs) StdoutLine: {'line': b'-- Up-to-date symlink: /home/maxim/super_ws/install/px4_msgs/include/px4_msgs/px4_msgs/msg/detail/obstacle_distance__functions.h\n'}
[1.749765] (px4_msgs) StdoutLine: {'line': b'-- Up-to-date symlink: /home/maxim/super_ws/install/px4_msgs/include/px4_msgs/px4_msgs/msg/detail/obstacle_distance__struct.h\n'}
[1.749844] (px4_msgs) StdoutLine: {'line': b'-- Up-to-date symlink: /home/maxim/super_ws/install/px4_msgs/include/px4_msgs/px4_msgs/msg/detail/obstacle_distance__type_support.h\n'}
[1.749922] (px4_msgs) StdoutLine: {'line': b'-- Up-to-date symlink: /home/maxim/super_ws/install/px4_msgs/include/px4_msgs/px4_msgs/msg/detail/offboard_control_mode__functions.h\n'}
[1.750000] (px4_msgs) StdoutLine: {'line': b'-- Up-to-date symlink: /home/maxim/super_ws/install/px4_msgs/include/px4_msgs/px4_msgs/msg/detail/offboard_control_mode__struct.h\n'}
[1.750079] (px4_msgs) StdoutLine: {'line': b'-- Up-to-date symlink: /home/maxim/super_ws/install/px4_msgs/include/px4_msgs/px4_msgs/msg/detail/offboard_control_mode__type_support.h\n'}
[1.750164] (px4_msgs) StdoutLine: {'line': b'-- Up-to-date symlink: /home/maxim/super_ws/install/px4_msgs/include/px4_msgs/px4_msgs/msg/detail/onboard_computer_status__functions.h\n'}
[1.750243] (px4_msgs) StdoutLine: {'line': b'-- Up-to-date symlink: /home/maxim/super_ws/install/px4_msgs/include/px4_msgs/px4_msgs/msg/detail/onboard_computer_status__struct.h\n'}
[1.750321] (px4_msgs) StdoutLine: {'line': b'-- Up-to-date symlink: /home/maxim/super_ws/install/px4_msgs/include/px4_msgs/px4_msgs/msg/detail/onboard_computer_status__type_support.h\n'}
[1.750403] (px4_msgs) StdoutLine: {'line': b'-- Up-to-date symlink: /home/maxim/super_ws/install/px4_msgs/include/px4_msgs/px4_msgs/msg/detail/open_drone_id_arm_status__functions.h\n'}
[1.750482] (px4_msgs) StdoutLine: {'line': b'-- Up-to-date symlink: /home/maxim/super_ws/install/px4_msgs/include/px4_msgs/px4_msgs/msg/detail/open_drone_id_arm_status__struct.h\n'}
[1.750560] (px4_msgs) StdoutLine: {'line': b'-- Up-to-date symlink: /home/maxim/super_ws/install/px4_msgs/include/px4_msgs/px4_msgs/msg/detail/open_drone_id_arm_status__type_support.h\n'}
[1.750637] (px4_msgs) StdoutLine: {'line': b'-- Up-to-date symlink: /home/maxim/super_ws/install/px4_msgs/include/px4_msgs/px4_msgs/msg/detail/open_drone_id_operator_id__functions.h\n'}
[1.750716] (px4_msgs) StdoutLine: {'line': b'-- Up-to-date symlink: /home/maxim/super_ws/install/px4_msgs/include/px4_msgs/px4_msgs/msg/detail/open_drone_id_operator_id__struct.h\n'}
[1.750795] (px4_msgs) StdoutLine: {'line': b'-- Up-to-date symlink: /home/maxim/super_ws/install/px4_msgs/include/px4_msgs/px4_msgs/msg/detail/open_drone_id_operator_id__type_support.h\n'}
[1.750871] (px4_msgs) StdoutLine: {'line': b'-- Up-to-date symlink: /home/maxim/super_ws/install/px4_msgs/include/px4_msgs/px4_msgs/msg/detail/open_drone_id_self_id__functions.h\n'}
[1.750949] (px4_msgs) StdoutLine: {'line': b'-- Up-to-date symlink: /home/maxim/super_ws/install/px4_msgs/include/px4_msgs/px4_msgs/msg/detail/open_drone_id_self_id__struct.h\n'}
[1.751029] (px4_msgs) StdoutLine: {'line': b'-- Up-to-date symlink: /home/maxim/super_ws/install/px4_msgs/include/px4_msgs/px4_msgs/msg/detail/open_drone_id_self_id__type_support.h\n'}
[1.751106] (px4_msgs) StdoutLine: {'line': b'-- Up-to-date symlink: /home/maxim/super_ws/install/px4_msgs/include/px4_msgs/px4_msgs/msg/detail/open_drone_id_system__functions.h\n'}
[1.751182] (px4_msgs) StdoutLine: {'line': b'-- Up-to-date symlink: /home/maxim/super_ws/install/px4_msgs/include/px4_msgs/px4_msgs/msg/detail/open_drone_id_system__struct.h\n'}
[1.751261] (px4_msgs) StdoutLine: {'line': b'-- Up-to-date symlink: /home/maxim/super_ws/install/px4_msgs/include/px4_msgs/px4_msgs/msg/detail/open_drone_id_system__type_support.h\n'}
[1.751341] (px4_msgs) StdoutLine: {'line': b'-- Up-to-date symlink: /home/maxim/super_ws/install/px4_msgs/include/px4_msgs/px4_msgs/msg/detail/orb_test__functions.h\n'}
[1.751425] (px4_msgs) StdoutLine: {'line': b'-- Up-to-date symlink: /home/maxim/super_ws/install/px4_msgs/include/px4_msgs/px4_msgs/msg/detail/orb_test__struct.h\n'}
[1.751504] (px4_msgs) StdoutLine: {'line': b'-- Up-to-date symlink: /home/maxim/super_ws/install/px4_msgs/include/px4_msgs/px4_msgs/msg/detail/orb_test__type_support.h\n'}
[1.751581] (px4_msgs) StdoutLine: {'line': b'-- Up-to-date symlink: /home/maxim/super_ws/install/px4_msgs/include/px4_msgs/px4_msgs/msg/detail/orb_test_large__functions.h\n'}
[1.751660] (px4_msgs) StdoutLine: {'line': b'-- Up-to-date symlink: /home/maxim/super_ws/install/px4_msgs/include/px4_msgs/px4_msgs/msg/detail/orb_test_large__struct.h\n'}
[1.751737] (px4_msgs) StdoutLine: {'line': b'-- Up-to-date symlink: /home/maxim/super_ws/install/px4_msgs/include/px4_msgs/px4_msgs/msg/detail/orb_test_large__type_support.h\n'}
[1.751815] (px4_msgs) StdoutLine: {'line': b'-- Up-to-date symlink: /home/maxim/super_ws/install/px4_msgs/include/px4_msgs/px4_msgs/msg/detail/orb_test_medium__functions.h\n'}
[1.751894] (px4_msgs) StdoutLine: {'line': b'-- Up-to-date symlink: /home/maxim/super_ws/install/px4_msgs/include/px4_msgs/px4_msgs/msg/detail/orb_test_medium__struct.h\n'}
[1.751972] (px4_msgs) StdoutLine: {'line': b'-- Up-to-date symlink: /home/maxim/super_ws/install/px4_msgs/include/px4_msgs/px4_msgs/msg/detail/orb_test_medium__type_support.h\n'}
[1.752049] (px4_msgs) StdoutLine: {'line': b'-- Up-to-date symlink: /home/maxim/super_ws/install/px4_msgs/include/px4_msgs/px4_msgs/msg/detail/orbit_status__functions.h\n'}
[1.752127] (px4_msgs) StdoutLine: {'line': b'-- Up-to-date symlink: /home/maxim/super_ws/install/px4_msgs/include/px4_msgs/px4_msgs/msg/detail/orbit_status__struct.h\n'}
[1.752205] (px4_msgs) StdoutLine: {'line': b'-- Up-to-date symlink: /home/maxim/super_ws/install/px4_msgs/include/px4_msgs/px4_msgs/msg/detail/orbit_status__type_support.h\n'}
[1.752283] (px4_msgs) StdoutLine: {'line': b'-- Up-to-date symlink: /home/maxim/super_ws/install/px4_msgs/include/px4_msgs/px4_msgs/msg/detail/parameter_reset_request__functions.h\n'}
[1.752361] (px4_msgs) StdoutLine: {'line': b'-- Up-to-date symlink: /home/maxim/super_ws/install/px4_msgs/include/px4_msgs/px4_msgs/msg/detail/parameter_reset_request__struct.h\n'}
[1.752444] (px4_msgs) StdoutLine: {'line': b'-- Up-to-date symlink: /home/maxim/super_ws/install/px4_msgs/include/px4_msgs/px4_msgs/msg/detail/parameter_reset_request__type_support.h\n'}
[1.752522] (px4_msgs) StdoutLine: {'line': b'-- Up-to-date symlink: /home/maxim/super_ws/install/px4_msgs/include/px4_msgs/px4_msgs/msg/detail/parameter_set_used_request__functions.h\n'}
[1.752600] (px4_msgs) StdoutLine: {'line': b'-- Up-to-date symlink: /home/maxim/super_ws/install/px4_msgs/include/px4_msgs/px4_msgs/msg/detail/parameter_set_used_request__struct.h\n'}
[1.752678] (px4_msgs) StdoutLine: {'line': b'-- Up-to-date symlink: /home/maxim/super_ws/install/px4_msgs/include/px4_msgs/px4_msgs/msg/detail/parameter_set_used_request__type_support.h\n'}
[1.752758] (px4_msgs) StdoutLine: {'line': b'-- Up-to-date symlink: /home/maxim/super_ws/install/px4_msgs/include/px4_msgs/px4_msgs/msg/detail/parameter_set_value_request__functions.h\n'}
[1.752834] (px4_msgs) StdoutLine: {'line': b'-- Up-to-date symlink: /home/maxim/super_ws/install/px4_msgs/include/px4_msgs/px4_msgs/msg/detail/parameter_set_value_request__struct.h\n'}
[1.752912] (px4_msgs) StdoutLine: {'line': b'-- Up-to-date symlink: /home/maxim/super_ws/install/px4_msgs/include/px4_msgs/px4_msgs/msg/detail/parameter_set_value_request__type_support.h\n'}
[1.752991] (px4_msgs) StdoutLine: {'line': b'-- Up-to-date symlink: /home/maxim/super_ws/install/px4_msgs/include/px4_msgs/px4_msgs/msg/detail/parameter_set_value_response__functions.h\n'}
[1.753070] (px4_msgs) StdoutLine: {'line': b'-- Up-to-date symlink: /home/maxim/super_ws/install/px4_msgs/include/px4_msgs/px4_msgs/msg/detail/parameter_set_value_response__struct.h\n'}
[1.753151] (px4_msgs) StdoutLine: {'line': b'-- Up-to-date symlink: /home/maxim/super_ws/install/px4_msgs/include/px4_msgs/px4_msgs/msg/detail/parameter_set_value_response__type_support.h\n'}
[1.753231] (px4_msgs) StdoutLine: {'line': b'-- Up-to-date symlink: /home/maxim/super_ws/install/px4_msgs/include/px4_msgs/px4_msgs/msg/detail/parameter_update__functions.h\n'}
[1.753311] (px4_msgs) StdoutLine: {'line': b'-- Up-to-date symlink: /home/maxim/super_ws/install/px4_msgs/include/px4_msgs/px4_msgs/msg/detail/parameter_update__struct.h\n'}
[1.753396] (px4_msgs) StdoutLine: {'line': b'-- Up-to-date symlink: /home/maxim/super_ws/install/px4_msgs/include/px4_msgs/px4_msgs/msg/detail/parameter_update__type_support.h\n'}
[1.753475] (px4_msgs) StdoutLine: {'line': b'-- Up-to-date symlink: /home/maxim/super_ws/install/px4_msgs/include/px4_msgs/px4_msgs/msg/detail/ping__functions.h\n'}
[1.753554] (px4_msgs) StdoutLine: {'line': b'-- Up-to-date symlink: /home/maxim/super_ws/install/px4_msgs/include/px4_msgs/px4_msgs/msg/detail/ping__struct.h\n'}
[1.753632] (px4_msgs) StdoutLine: {'line': b'-- Up-to-date symlink: /home/maxim/super_ws/install/px4_msgs/include/px4_msgs/px4_msgs/msg/detail/ping__type_support.h\n'}
[1.753712] (px4_msgs) StdoutLine: {'line': b'-- Up-to-date symlink: /home/maxim/super_ws/install/px4_msgs/include/px4_msgs/px4_msgs/msg/detail/position_controller_landing_status__functions.h\n'}
[1.753792] (px4_msgs) StdoutLine: {'line': b'-- Up-to-date symlink: /home/maxim/super_ws/install/px4_msgs/include/px4_msgs/px4_msgs/msg/detail/position_controller_landing_status__struct.h\n'}
[1.753873] (px4_msgs) StdoutLine: {'line': b'-- Up-to-date symlink: /home/maxim/super_ws/install/px4_msgs/include/px4_msgs/px4_msgs/msg/detail/position_controller_landing_status__type_support.h\n'}
[1.753951] (px4_msgs) StdoutLine: {'line': b'-- Up-to-date symlink: /home/maxim/super_ws/install/px4_msgs/include/px4_msgs/px4_msgs/msg/detail/position_controller_status__functions.h\n'}
[1.754030] (px4_msgs) StdoutLine: {'line': b'-- Up-to-date symlink: /home/maxim/super_ws/install/px4_msgs/include/px4_msgs/px4_msgs/msg/detail/position_controller_status__struct.h\n'}
[1.754109] (px4_msgs) StdoutLine: {'line': b'-- Up-to-date symlink: /home/maxim/super_ws/install/px4_msgs/include/px4_msgs/px4_msgs/msg/detail/position_controller_status__type_support.h\n'}
[1.754189] (px4_msgs) StdoutLine: {'line': b'-- Up-to-date symlink: /home/maxim/super_ws/install/px4_msgs/include/px4_msgs/px4_msgs/msg/detail/position_setpoint__functions.h\n'}
[1.754267] (px4_msgs) StdoutLine: {'line': b'-- Up-to-date symlink: /home/maxim/super_ws/install/px4_msgs/include/px4_msgs/px4_msgs/msg/detail/position_setpoint__struct.h\n'}
[1.754347] (px4_msgs) StdoutLine: {'line': b'-- Up-to-date symlink: /home/maxim/super_ws/install/px4_msgs/include/px4_msgs/px4_msgs/msg/detail/position_setpoint__type_support.h\n'}
[1.754433] (px4_msgs) StdoutLine: {'line': b'-- Up-to-date symlink: /home/maxim/super_ws/install/px4_msgs/include/px4_msgs/px4_msgs/msg/detail/position_setpoint_triplet__functions.h\n'}
[1.754510] (px4_msgs) StdoutLine: {'line': b'-- Up-to-date symlink: /home/maxim/super_ws/install/px4_msgs/include/px4_msgs/px4_msgs/msg/detail/position_setpoint_triplet__struct.h\n'}
[1.754590] (px4_msgs) StdoutLine: {'line': b'-- Up-to-date symlink: /home/maxim/super_ws/install/px4_msgs/include/px4_msgs/px4_msgs/msg/detail/position_setpoint_triplet__type_support.h\n'}
[1.754669] (px4_msgs) StdoutLine: {'line': b'-- Up-to-date symlink: /home/maxim/super_ws/install/px4_msgs/include/px4_msgs/px4_msgs/msg/detail/power_button_state__functions.h\n'}
[1.754748] (px4_msgs) StdoutLine: {'line': b'-- Up-to-date symlink: /home/maxim/super_ws/install/px4_msgs/include/px4_msgs/px4_msgs/msg/detail/power_button_state__struct.h\n'}
[1.754829] (px4_msgs) StdoutLine: {'line': b'-- Up-to-date symlink: /home/maxim/super_ws/install/px4_msgs/include/px4_msgs/px4_msgs/msg/detail/power_button_state__type_support.h\n'}
[1.754908] (px4_msgs) StdoutLine: {'line': b'-- Up-to-date symlink: /home/maxim/super_ws/install/px4_msgs/include/px4_msgs/px4_msgs/msg/detail/power_monitor__functions.h\n'}
[1.754987] (px4_msgs) StdoutLine: {'line': b'-- Up-to-date symlink: /home/maxim/super_ws/install/px4_msgs/include/px4_msgs/px4_msgs/msg/detail/power_monitor__struct.h\n'}
[1.755066] (px4_msgs) StdoutLine: {'line': b'-- Up-to-date symlink: /home/maxim/super_ws/install/px4_msgs/include/px4_msgs/px4_msgs/msg/detail/power_monitor__type_support.h\n'}
[1.755143] (px4_msgs) StdoutLine: {'line': b'-- Up-to-date symlink: /home/maxim/super_ws/install/px4_msgs/include/px4_msgs/px4_msgs/msg/detail/pps_capture__functions.h\n'}
[1.755224] (px4_msgs) StdoutLine: {'line': b'-- Up-to-date symlink: /home/maxim/super_ws/install/px4_msgs/include/px4_msgs/px4_msgs/msg/detail/pps_capture__struct.h\n'}
[1.755301] (px4_msgs) StdoutLine: {'line': b'-- Up-to-date symlink: /home/maxim/super_ws/install/px4_msgs/include/px4_msgs/px4_msgs/msg/detail/pps_capture__type_support.h\n'}
[1.755384] (px4_msgs) StdoutLine: {'line': b'-- Up-to-date symlink: /home/maxim/super_ws/install/px4_msgs/include/px4_msgs/px4_msgs/msg/detail/prec_land_status__functions.h\n'}
[1.755463] (px4_msgs) StdoutLine: {'line': b'-- Up-to-date symlink: /home/maxim/super_ws/install/px4_msgs/include/px4_msgs/px4_msgs/msg/detail/prec_land_status__struct.h\n'}
[1.755542] (px4_msgs) StdoutLine: {'line': b'-- Up-to-date symlink: /home/maxim/super_ws/install/px4_msgs/include/px4_msgs/px4_msgs/msg/detail/prec_land_status__type_support.h\n'}
[1.755621] (px4_msgs) StdoutLine: {'line': b'-- Up-to-date symlink: /home/maxim/super_ws/install/px4_msgs/include/px4_msgs/px4_msgs/msg/detail/pure_pursuit_status__functions.h\n'}
[1.755699] (px4_msgs) StdoutLine: {'line': b'-- Up-to-date symlink: /home/maxim/super_ws/install/px4_msgs/include/px4_msgs/px4_msgs/msg/detail/pure_pursuit_status__struct.h\n'}
[1.755777] (px4_msgs) StdoutLine: {'line': b'-- Up-to-date symlink: /home/maxim/super_ws/install/px4_msgs/include/px4_msgs/px4_msgs/msg/detail/pure_pursuit_status__type_support.h\n'}
[1.755855] (px4_msgs) StdoutLine: {'line': b'-- Up-to-date symlink: /home/maxim/super_ws/install/px4_msgs/include/px4_msgs/px4_msgs/msg/detail/pwm_input__functions.h\n'}
[1.755932] (px4_msgs) StdoutLine: {'line': b'-- Up-to-date symlink: /home/maxim/super_ws/install/px4_msgs/include/px4_msgs/px4_msgs/msg/detail/pwm_input__struct.h\n'}
[1.756011] (px4_msgs) StdoutLine: {'line': b'-- Up-to-date symlink: /home/maxim/super_ws/install/px4_msgs/include/px4_msgs/px4_msgs/msg/detail/pwm_input__type_support.h\n'}
[1.756088] (px4_msgs) StdoutLine: {'line': b'-- Up-to-date symlink: /home/maxim/super_ws/install/px4_msgs/include/px4_msgs/px4_msgs/msg/detail/px4io_status__functions.h\n'}
[1.756171] (px4_msgs) StdoutLine: {'line': b'-- Up-to-date symlink: /home/maxim/super_ws/install/px4_msgs/include/px4_msgs/px4_msgs/msg/detail/px4io_status__struct.h\n'}
[1.756250] (px4_msgs) StdoutLine: {'line': b'-- Up-to-date symlink: /home/maxim/super_ws/install/px4_msgs/include/px4_msgs/px4_msgs/msg/detail/px4io_status__type_support.h\n'}
[1.756328] (px4_msgs) StdoutLine: {'line': b'-- Up-to-date symlink: /home/maxim/super_ws/install/px4_msgs/include/px4_msgs/px4_msgs/msg/detail/qshell_req__functions.h\n'}
[1.756411] (px4_msgs) StdoutLine: {'line': b'-- Up-to-date symlink: /home/maxim/super_ws/install/px4_msgs/include/px4_msgs/px4_msgs/msg/detail/qshell_req__struct.h\n'}
[1.756491] (px4_msgs) StdoutLine: {'line': b'-- Up-to-date symlink: /home/maxim/super_ws/install/px4_msgs/include/px4_msgs/px4_msgs/msg/detail/qshell_req__type_support.h\n'}
[1.756568] (px4_msgs) StdoutLine: {'line': b'-- Up-to-date symlink: /home/maxim/super_ws/install/px4_msgs/include/px4_msgs/px4_msgs/msg/detail/qshell_retval__functions.h\n'}
[1.756647] (px4_msgs) StdoutLine: {'line': b'-- Up-to-date symlink: /home/maxim/super_ws/install/px4_msgs/include/px4_msgs/px4_msgs/msg/detail/qshell_retval__struct.h\n'}
[1.756725] (px4_msgs) StdoutLine: {'line': b'-- Up-to-date symlink: /home/maxim/super_ws/install/px4_msgs/include/px4_msgs/px4_msgs/msg/detail/qshell_retval__type_support.h\n'}
[1.756804] (px4_msgs) StdoutLine: {'line': b'-- Up-to-date symlink: /home/maxim/super_ws/install/px4_msgs/include/px4_msgs/px4_msgs/msg/detail/radio_status__functions.h\n'}
[1.756882] (px4_msgs) StdoutLine: {'line': b'-- Up-to-date symlink: /home/maxim/super_ws/install/px4_msgs/include/px4_msgs/px4_msgs/msg/detail/radio_status__struct.h\n'}
[1.756961] (px4_msgs) StdoutLine: {'line': b'-- Up-to-date symlink: /home/maxim/super_ws/install/px4_msgs/include/px4_msgs/px4_msgs/msg/detail/radio_status__type_support.h\n'}
[1.757039] (px4_msgs) StdoutLine: {'line': b'-- Up-to-date symlink: /home/maxim/super_ws/install/px4_msgs/include/px4_msgs/px4_msgs/msg/detail/ranging_beacon__functions.h\n'}
[1.757117] (px4_msgs) StdoutLine: {'line': b'-- Up-to-date symlink: /home/maxim/super_ws/install/px4_msgs/include/px4_msgs/px4_msgs/msg/detail/ranging_beacon__struct.h\n'}
[1.757197] (px4_msgs) StdoutLine: {'line': b'-- Up-to-date symlink: /home/maxim/super_ws/install/px4_msgs/include/px4_msgs/px4_msgs/msg/detail/ranging_beacon__type_support.h\n'}
[1.757276] (px4_msgs) StdoutLine: {'line': b'-- Up-to-date symlink: /home/maxim/super_ws/install/px4_msgs/include/px4_msgs/px4_msgs/msg/detail/raptor_input__functions.h\n'}
[1.757353] (px4_msgs) StdoutLine: {'line': b'-- Up-to-date symlink: /home/maxim/super_ws/install/px4_msgs/include/px4_msgs/px4_msgs/msg/detail/raptor_input__struct.h\n'}
[1.757438] (px4_msgs) StdoutLine: {'line': b'-- Up-to-date symlink: /home/maxim/super_ws/install/px4_msgs/include/px4_msgs/px4_msgs/msg/detail/raptor_input__type_support.h\n'}
[1.757515] (px4_msgs) StdoutLine: {'line': b'-- Up-to-date symlink: /home/maxim/super_ws/install/px4_msgs/include/px4_msgs/px4_msgs/msg/detail/raptor_status__functions.h\n'}
[1.757593] (px4_msgs) StdoutLine: {'line': b'-- Up-to-date symlink: /home/maxim/super_ws/install/px4_msgs/include/px4_msgs/px4_msgs/msg/detail/raptor_status__struct.h\n'}
[1.757672] (px4_msgs) StdoutLine: {'line': b'-- Up-to-date symlink: /home/maxim/super_ws/install/px4_msgs/include/px4_msgs/px4_msgs/msg/detail/raptor_status__type_support.h\n'}
[1.757748] (px4_msgs) StdoutLine: {'line': b'-- Up-to-date symlink: /home/maxim/super_ws/install/px4_msgs/include/px4_msgs/px4_msgs/msg/detail/rate_ctrl_status__functions.h\n'}
[1.757826] (px4_msgs) StdoutLine: {'line': b'-- Up-to-date symlink: /home/maxim/super_ws/install/px4_msgs/include/px4_msgs/px4_msgs/msg/detail/rate_ctrl_status__struct.h\n'}
[1.757906] (px4_msgs) StdoutLine: {'line': b'-- Up-to-date symlink: /home/maxim/super_ws/install/px4_msgs/include/px4_msgs/px4_msgs/msg/detail/rate_ctrl_status__type_support.h\n'}
[1.757985] (px4_msgs) StdoutLine: {'line': b'-- Up-to-date symlink: /home/maxim/super_ws/install/px4_msgs/include/px4_msgs/px4_msgs/msg/detail/rc_channels__functions.h\n'}
[1.758063] (px4_msgs) StdoutLine: {'line': b'-- Up-to-date symlink: /home/maxim/super_ws/install/px4_msgs/include/px4_msgs/px4_msgs/msg/detail/rc_channels__struct.h\n'}
[1.758141] (px4_msgs) StdoutLine: {'line': b'-- Up-to-date symlink: /home/maxim/super_ws/install/px4_msgs/include/px4_msgs/px4_msgs/msg/detail/rc_channels__type_support.h\n'}
[1.758218] (px4_msgs) StdoutLine: {'line': b'-- Up-to-date symlink: /home/maxim/super_ws/install/px4_msgs/include/px4_msgs/px4_msgs/msg/detail/rc_parameter_map__functions.h\n'}
[1.758297] (px4_msgs) StdoutLine: {'line': b'-- Up-to-date symlink: /home/maxim/super_ws/install/px4_msgs/include/px4_msgs/px4_msgs/msg/detail/rc_parameter_map__struct.h\n'}
[1.758379] (px4_msgs) StdoutLine: {'line': b'-- Up-to-date symlink: /home/maxim/super_ws/install/px4_msgs/include/px4_msgs/px4_msgs/msg/detail/rc_parameter_map__type_support.h\n'}
[1.758462] (px4_msgs) StdoutLine: {'line': b'-- Up-to-date symlink: /home/maxim/super_ws/install/px4_msgs/include/px4_msgs/px4_msgs/msg/detail/register_ext_component_reply__functions.h\n'}
[1.758539] (px4_msgs) StdoutLine: {'line': b'-- Up-to-date symlink: /home/maxim/super_ws/install/px4_msgs/include/px4_msgs/px4_msgs/msg/detail/register_ext_component_reply__struct.h\n'}
[1.758618] (px4_msgs) StdoutLine: {'line': b'-- Up-to-date symlink: /home/maxim/super_ws/install/px4_msgs/include/px4_msgs/px4_msgs/msg/detail/register_ext_component_reply__type_support.h\n'}
[1.758697] (px4_msgs) StdoutLine: {'line': b'-- Up-to-date symlink: /home/maxim/super_ws/install/px4_msgs/include/px4_msgs/px4_msgs/msg/detail/register_ext_component_request__functions.h\n'}
[1.758775] (px4_msgs) StdoutLine: {'line': b'-- Up-to-date symlink: /home/maxim/super_ws/install/px4_msgs/include/px4_msgs/px4_msgs/msg/detail/register_ext_component_request__struct.h\n'}
[1.758853] (px4_msgs) StdoutLine: {'line': b'-- Up-to-date symlink: /home/maxim/super_ws/install/px4_msgs/include/px4_msgs/px4_msgs/msg/detail/register_ext_component_request__type_support.h\n'}
[1.758933] (px4_msgs) StdoutLine: {'line': b'-- Up-to-date symlink: /home/maxim/super_ws/install/px4_msgs/include/px4_msgs/px4_msgs/msg/detail/rover_attitude_setpoint__functions.h\n'}
[1.759010] (px4_msgs) StdoutLine: {'line': b'-- Up-to-date symlink: /home/maxim/super_ws/install/px4_msgs/include/px4_msgs/px4_msgs/msg/detail/rover_attitude_setpoint__struct.h\n'}
[1.759088] (px4_msgs) StdoutLine: {'line': b'-- Up-to-date symlink: /home/maxim/super_ws/install/px4_msgs/include/px4_msgs/px4_msgs/msg/detail/rover_attitude_setpoint__type_support.h\n'}
[1.759166] (px4_msgs) StdoutLine: {'line': b'-- Up-to-date symlink: /home/maxim/super_ws/install/px4_msgs/include/px4_msgs/px4_msgs/msg/detail/rover_attitude_status__functions.h\n'}
[1.759247] (px4_msgs) StdoutLine: {'line': b'-- Up-to-date symlink: /home/maxim/super_ws/install/px4_msgs/include/px4_msgs/px4_msgs/msg/detail/rover_attitude_status__struct.h\n'}
[1.759326] (px4_msgs) StdoutLine: {'line': b'-- Up-to-date symlink: /home/maxim/super_ws/install/px4_msgs/include/px4_msgs/px4_msgs/msg/detail/rover_attitude_status__type_support.h\n'}
[1.759410] (px4_msgs) StdoutLine: {'line': b'-- Up-to-date symlink: /home/maxim/super_ws/install/px4_msgs/include/px4_msgs/px4_msgs/msg/detail/rover_position_setpoint__functions.h\n'}
[1.759517] (px4_msgs) StdoutLine: {'line': b'-- Up-to-date symlink: /home/maxim/super_ws/install/px4_msgs/include/px4_msgs/px4_msgs/msg/detail/rover_position_setpoint__struct.h\n'}
[1.759594] (px4_msgs) StdoutLine: {'line': b'-- Up-to-date symlink: /home/maxim/super_ws/install/px4_msgs/include/px4_msgs/px4_msgs/msg/detail/rover_position_setpoint__type_support.h\n'}
[1.759673] (px4_msgs) StdoutLine: {'line': b'-- Up-to-date symlink: /home/maxim/super_ws/install/px4_msgs/include/px4_msgs/px4_msgs/msg/detail/rover_rate_setpoint__functions.h\n'}
[1.759781] (px4_msgs) StdoutLine: {'line': b'-- Up-to-date symlink: /home/maxim/super_ws/install/px4_msgs/include/px4_msgs/px4_msgs/msg/detail/rover_rate_setpoint__struct.h\n'}
[1.759858] (px4_msgs) StdoutLine: {'line': b'-- Up-to-date symlink: /home/maxim/super_ws/install/px4_msgs/include/px4_msgs/px4_msgs/msg/detail/rover_rate_setpoint__type_support.h\n'}
[1.759934] (px4_msgs) StdoutLine: {'line': b'-- Up-to-date symlink: /home/maxim/super_ws/install/px4_msgs/include/px4_msgs/px4_msgs/msg/detail/rover_rate_status__functions.h\n'}
[1.760007] (px4_msgs) StdoutLine: {'line': b'-- Up-to-date symlink: /home/maxim/super_ws/install/px4_msgs/include/px4_msgs/px4_msgs/msg/detail/rover_rate_status__struct.h\n'}
[1.760078] (px4_msgs) StdoutLine: {'line': b'-- Up-to-date symlink: /home/maxim/super_ws/install/px4_msgs/include/px4_msgs/px4_msgs/msg/detail/rover_rate_status__type_support.h\n'}
[1.760149] (px4_msgs) StdoutLine: {'line': b'-- Up-to-date symlink: /home/maxim/super_ws/install/px4_msgs/include/px4_msgs/px4_msgs/msg/detail/rover_speed_setpoint__functions.h\n'}
[1.760217] (px4_msgs) StdoutLine: {'line': b'-- Up-to-date symlink: /home/maxim/super_ws/install/px4_msgs/include/px4_msgs/px4_msgs/msg/detail/rover_speed_setpoint__struct.h\n'}
[1.760342] (px4_msgs) StdoutLine: {'line': b'-- Up-to-date symlink: /home/maxim/super_ws/install/px4_msgs/include/px4_msgs/px4_msgs/msg/detail/rover_speed_setpoint__type_support.h\n'}
[1.760419] (px4_msgs) StdoutLine: {'line': b'-- Up-to-date symlink: /home/maxim/super_ws/install/px4_msgs/include/px4_msgs/px4_msgs/msg/detail/rover_speed_status__functions.h\n'}
[1.760498] (px4_msgs) StdoutLine: {'line': b'-- Up-to-date symlink: /home/maxim/super_ws/install/px4_msgs/include/px4_msgs/px4_msgs/msg/detail/rover_speed_status__struct.h\n'}
[1.760586] (px4_msgs) StdoutLine: {'line': b'-- Up-to-date symlink: /home/maxim/super_ws/install/px4_msgs/include/px4_msgs/px4_msgs/msg/detail/rover_speed_status__type_support.h\n'}
[1.760644] (px4_msgs) StdoutLine: {'line': b'-- Up-to-date symlink: /home/maxim/super_ws/install/px4_msgs/include/px4_msgs/px4_msgs/msg/detail/rover_steering_setpoint__functions.h\n'}
[1.760763] (px4_msgs) StdoutLine: {'line': b'-- Up-to-date symlink: /home/maxim/super_ws/install/px4_msgs/include/px4_msgs/px4_msgs/msg/detail/rover_steering_setpoint__struct.h\n'}
[1.760842] (px4_msgs) StdoutLine: {'line': b'-- Up-to-date symlink: /home/maxim/super_ws/install/px4_msgs/include/px4_msgs/px4_msgs/msg/detail/rover_steering_setpoint__type_support.h\n'}
[1.760902] (px4_msgs) StdoutLine: {'line': b'-- Up-to-date symlink: /home/maxim/super_ws/install/px4_msgs/include/px4_msgs/px4_msgs/msg/detail/rover_throttle_setpoint__functions.h\n'}
[1.760978] (px4_msgs) StdoutLine: {'line': b'-- Up-to-date symlink: /home/maxim/super_ws/install/px4_msgs/include/px4_msgs/px4_msgs/msg/detail/rover_throttle_setpoint__struct.h\n'}
[1.761035] (px4_msgs) StdoutLine: {'line': b'-- Up-to-date symlink: /home/maxim/super_ws/install/px4_msgs/include/px4_msgs/px4_msgs/msg/detail/rover_throttle_setpoint__type_support.h\n'}
[1.761100] (px4_msgs) StdoutLine: {'line': b'-- Up-to-date symlink: /home/maxim/super_ws/install/px4_msgs/include/px4_msgs/px4_msgs/msg/detail/rpm__functions.h\n'}
[1.761170] (px4_msgs) StdoutLine: {'line': b'-- Up-to-date symlink: /home/maxim/super_ws/install/px4_msgs/include/px4_msgs/px4_msgs/msg/detail/rpm__struct.h\n'}
[1.761261] (px4_msgs) StdoutLine: {'line': b'-- Up-to-date symlink: /home/maxim/super_ws/install/px4_msgs/include/px4_msgs/px4_msgs/msg/detail/rpm__type_support.h\n'}
[1.761380] (px4_msgs) StdoutLine: {'line': b'-- Up-to-date symlink: /home/maxim/super_ws/install/px4_msgs/include/px4_msgs/px4_msgs/msg/detail/rtl_status__functions.h\n'}
[1.761469] (px4_msgs) StdoutLine: {'line': b'-- Up-to-date symlink: /home/maxim/super_ws/install/px4_msgs/include/px4_msgs/px4_msgs/msg/detail/rtl_status__struct.h\n'}
[1.761594] (px4_msgs) StdoutLine: {'line': b'-- Up-to-date symlink: /home/maxim/super_ws/install/px4_msgs/include/px4_msgs/px4_msgs/msg/detail/rtl_status__type_support.h\n'}
[1.761689] (px4_msgs) StdoutLine: {'line': b'-- Up-to-date symlink: /home/maxim/super_ws/install/px4_msgs/include/px4_msgs/px4_msgs/msg/detail/rtl_time_estimate__functions.h\n'}
[1.761764] (px4_msgs) StdoutLine: {'line': b'-- Up-to-date symlink: /home/maxim/super_ws/install/px4_msgs/include/px4_msgs/px4_msgs/msg/detail/rtl_time_estimate__struct.h\n'}
[1.761837] (px4_msgs) StdoutLine: {'line': b'-- Up-to-date symlink: /home/maxim/super_ws/install/px4_msgs/include/px4_msgs/px4_msgs/msg/detail/rtl_time_estimate__type_support.h\n'}
[1.761896] (px4_msgs) StdoutLine: {'line': b'-- Up-to-date symlink: /home/maxim/super_ws/install/px4_msgs/include/px4_msgs/px4_msgs/msg/detail/satellite_info__functions.h\n'}
[1.761976] (px4_msgs) StdoutLine: {'line': b'-- Up-to-date symlink: /home/maxim/super_ws/install/px4_msgs/include/px4_msgs/px4_msgs/msg/detail/satellite_info__struct.h\n'}
[1.762040] (px4_msgs) StdoutLine: {'line': b'-- Up-to-date symlink: /home/maxim/super_ws/install/px4_msgs/include/px4_msgs/px4_msgs/msg/detail/satellite_info__type_support.h\n'}
[1.762097] (px4_msgs) StdoutLine: {'line': b'-- Up-to-date symlink: /home/maxim/super_ws/install/px4_msgs/include/px4_msgs/px4_msgs/msg/detail/sensor_accel__functions.h\n'}
[1.762173] (px4_msgs) StdoutLine: {'line': b'-- Up-to-date symlink: /home/maxim/super_ws/install/px4_msgs/include/px4_msgs/px4_msgs/msg/detail/sensor_accel__struct.h\n'}
[1.762230] (px4_msgs) StdoutLine: {'line': b'-- Up-to-date symlink: /home/maxim/super_ws/install/px4_msgs/include/px4_msgs/px4_msgs/msg/detail/sensor_accel__type_support.h\n'}
[1.762298] (px4_msgs) StdoutLine: {'line': b'-- Up-to-date symlink: /home/maxim/super_ws/install/px4_msgs/include/px4_msgs/px4_msgs/msg/detail/sensor_accel_fifo__functions.h\n'}
[1.762375] (px4_msgs) StdoutLine: {'line': b'-- Up-to-date symlink: /home/maxim/super_ws/install/px4_msgs/include/px4_msgs/px4_msgs/msg/detail/sensor_accel_fifo__struct.h\n'}
[1.762450] (px4_msgs) StdoutLine: {'line': b'-- Up-to-date symlink: /home/maxim/super_ws/install/px4_msgs/include/px4_msgs/px4_msgs/msg/detail/sensor_accel_fifo__type_support.h\n'}
[1.762515] (px4_msgs) StdoutLine: {'line': b'-- Up-to-date symlink: /home/maxim/super_ws/install/px4_msgs/include/px4_msgs/px4_msgs/msg/detail/sensor_airflow__functions.h\n'}
[1.762584] (px4_msgs) StdoutLine: {'line': b'-- Up-to-date symlink: /home/maxim/super_ws/install/px4_msgs/include/px4_msgs/px4_msgs/msg/detail/sensor_airflow__struct.h\n'}
[1.762660] (px4_msgs) StdoutLine: {'line': b'-- Up-to-date symlink: /home/maxim/super_ws/install/px4_msgs/include/px4_msgs/px4_msgs/msg/detail/sensor_airflow__type_support.h\n'}
[1.762743] (px4_msgs) StdoutLine: {'line': b'-- Up-to-date symlink: /home/maxim/super_ws/install/px4_msgs/include/px4_msgs/px4_msgs/msg/detail/sensor_baro__functions.h\n'}
[1.762817] (px4_msgs) StdoutLine: {'line': b'-- Up-to-date symlink: /home/maxim/super_ws/install/px4_msgs/include/px4_msgs/px4_msgs/msg/detail/sensor_baro__struct.h\n'}
[1.762882] (px4_msgs) StdoutLine: {'line': b'-- Up-to-date symlink: /home/maxim/super_ws/install/px4_msgs/include/px4_msgs/px4_msgs/msg/detail/sensor_baro__type_support.h\n'}
[1.762952] (px4_msgs) StdoutLine: {'line': b'-- Up-to-date symlink: /home/maxim/super_ws/install/px4_msgs/include/px4_msgs/px4_msgs/msg/detail/sensor_combined__functions.h\n'}
[1.763030] (px4_msgs) StdoutLine: {'line': b'-- Up-to-date symlink: /home/maxim/super_ws/install/px4_msgs/include/px4_msgs/px4_msgs/msg/detail/sensor_combined__struct.h\n'}
[1.763108] (px4_msgs) StdoutLine: {'line': b'-- Up-to-date symlink: /home/maxim/super_ws/install/px4_msgs/include/px4_msgs/px4_msgs/msg/detail/sensor_combined__type_support.h\n'}
[1.763185] (px4_msgs) StdoutLine: {'line': b'-- Up-to-date symlink: /home/maxim/super_ws/install/px4_msgs/include/px4_msgs/px4_msgs/msg/detail/sensor_correction__functions.h\n'}
[1.763263] (px4_msgs) StdoutLine: {'line': b'-- Up-to-date symlink: /home/maxim/super_ws/install/px4_msgs/include/px4_msgs/px4_msgs/msg/detail/sensor_correction__struct.h\n'}
[1.763346] (px4_msgs) StdoutLine: {'line': b'-- Up-to-date symlink: /home/maxim/super_ws/install/px4_msgs/include/px4_msgs/px4_msgs/msg/detail/sensor_correction__type_support.h\n'}
[1.763427] (px4_msgs) StdoutLine: {'line': b'-- Up-to-date symlink: /home/maxim/super_ws/install/px4_msgs/include/px4_msgs/px4_msgs/msg/detail/sensor_gnss_relative__functions.h\n'}
[1.763505] (px4_msgs) StdoutLine: {'line': b'-- Up-to-date symlink: /home/maxim/super_ws/install/px4_msgs/include/px4_msgs/px4_msgs/msg/detail/sensor_gnss_relative__struct.h\n'}
[1.763582] (px4_msgs) StdoutLine: {'line': b'-- Up-to-date symlink: /home/maxim/super_ws/install/px4_msgs/include/px4_msgs/px4_msgs/msg/detail/sensor_gnss_relative__type_support.h\n'}
[1.763659] (px4_msgs) StdoutLine: {'line': b'-- Up-to-date symlink: /home/maxim/super_ws/install/px4_msgs/include/px4_msgs/px4_msgs/msg/detail/sensor_gnss_status__functions.h\n'}
[1.763738] (px4_msgs) StdoutLine: {'line': b'-- Up-to-date symlink: /home/maxim/super_ws/install/px4_msgs/include/px4_msgs/px4_msgs/msg/detail/sensor_gnss_status__struct.h\n'}
[1.763817] (px4_msgs) StdoutLine: {'line': b'-- Up-to-date symlink: /home/maxim/super_ws/install/px4_msgs/include/px4_msgs/px4_msgs/msg/detail/sensor_gnss_status__type_support.h\n'}
[1.763896] (px4_msgs) StdoutLine: {'line': b'-- Up-to-date symlink: /home/maxim/super_ws/install/px4_msgs/include/px4_msgs/px4_msgs/msg/detail/sensor_gps__functions.h\n'}
[1.763975] (px4_msgs) StdoutLine: {'line': b'-- Up-to-date symlink: /home/maxim/super_ws/install/px4_msgs/include/px4_msgs/px4_msgs/msg/detail/sensor_gps__struct.h\n'}
[1.764053] (px4_msgs) StdoutLine: {'line': b'-- Up-to-date symlink: /home/maxim/super_ws/install/px4_msgs/include/px4_msgs/px4_msgs/msg/detail/sensor_gps__type_support.h\n'}
[1.764131] (px4_msgs) StdoutLine: {'line': b'-- Up-to-date symlink: /home/maxim/super_ws/install/px4_msgs/include/px4_msgs/px4_msgs/msg/detail/sensor_gyro__functions.h\n'}
[1.764208] (px4_msgs) StdoutLine: {'line': b'-- Up-to-date symlink: /home/maxim/super_ws/install/px4_msgs/include/px4_msgs/px4_msgs/msg/detail/sensor_gyro__struct.h\n'}
[1.764287] (px4_msgs) StdoutLine: {'line': b'-- Up-to-date symlink: /home/maxim/super_ws/install/px4_msgs/include/px4_msgs/px4_msgs/msg/detail/sensor_gyro__type_support.h\n'}
[1.764365] (px4_msgs) StdoutLine: {'line': b'-- Up-to-date symlink: /home/maxim/super_ws/install/px4_msgs/include/px4_msgs/px4_msgs/msg/detail/sensor_gyro_fft__functions.h\n'}
[1.764449] (px4_msgs) StdoutLine: {'line': b'-- Up-to-date symlink: /home/maxim/super_ws/install/px4_msgs/include/px4_msgs/px4_msgs/msg/detail/sensor_gyro_fft__struct.h\n'}
[1.764527] (px4_msgs) StdoutLine: {'line': b'-- Up-to-date symlink: /home/maxim/super_ws/install/px4_msgs/include/px4_msgs/px4_msgs/msg/detail/sensor_gyro_fft__type_support.h\n'}
[1.764634] (px4_msgs) StdoutLine: {'line': b'-- Up-to-date symlink: /home/maxim/super_ws/install/px4_msgs/include/px4_msgs/px4_msgs/msg/detail/sensor_gyro_fifo__functions.h\n'}
[1.764712] (px4_msgs) StdoutLine: {'line': b'-- Up-to-date symlink: /home/maxim/super_ws/install/px4_msgs/include/px4_msgs/px4_msgs/msg/detail/sensor_gyro_fifo__struct.h\n'}
[1.764789] (px4_msgs) StdoutLine: {'line': b'-- Up-to-date symlink: /home/maxim/super_ws/install/px4_msgs/include/px4_msgs/px4_msgs/msg/detail/sensor_gyro_fifo__type_support.h\n'}
[1.764871] (px4_msgs) StdoutLine: {'line': b'-- Up-to-date symlink: /home/maxim/super_ws/install/px4_msgs/include/px4_msgs/px4_msgs/msg/detail/sensor_hygrometer__functions.h\n'}
[1.764948] (px4_msgs) StdoutLine: {'line': b'-- Up-to-date symlink: /home/maxim/super_ws/install/px4_msgs/include/px4_msgs/px4_msgs/msg/detail/sensor_hygrometer__struct.h\n'}
[1.765027] (px4_msgs) StdoutLine: {'line': b'-- Up-to-date symlink: /home/maxim/super_ws/install/px4_msgs/include/px4_msgs/px4_msgs/msg/detail/sensor_hygrometer__type_support.h\n'}
[1.765105] (px4_msgs) StdoutLine: {'line': b'-- Up-to-date symlink: /home/maxim/super_ws/install/px4_msgs/include/px4_msgs/px4_msgs/msg/detail/sensor_mag__functions.h\n'}
[1.765173] (px4_msgs) StdoutLine: {'line': b'-- Up-to-date symlink: /home/maxim/super_ws/install/px4_msgs/include/px4_msgs/px4_msgs/msg/detail/sensor_mag__struct.h\n'}
[1.765243] (px4_msgs) StdoutLine: {'line': b'-- Up-to-date symlink: /home/maxim/super_ws/install/px4_msgs/include/px4_msgs/px4_msgs/msg/detail/sensor_mag__type_support.h\n'}
[1.765310] (px4_msgs) StdoutLine: {'line': b'-- Up-to-date symlink: /home/maxim/super_ws/install/px4_msgs/include/px4_msgs/px4_msgs/msg/detail/sensor_optical_flow__functions.h\n'}
[1.765399] (px4_msgs) StdoutLine: {'line': b'-- Up-to-date symlink: /home/maxim/super_ws/install/px4_msgs/include/px4_msgs/px4_msgs/msg/detail/sensor_optical_flow__struct.h\n'}
[1.765475] (px4_msgs) StdoutLine: {'line': b'-- Up-to-date symlink: /home/maxim/super_ws/install/px4_msgs/include/px4_msgs/px4_msgs/msg/detail/sensor_optical_flow__type_support.h\n'}
[1.765552] (px4_msgs) StdoutLine: {'line': b'-- Up-to-date symlink: /home/maxim/super_ws/install/px4_msgs/include/px4_msgs/px4_msgs/msg/detail/sensor_preflight_mag__functions.h\n'}
[1.765630] (px4_msgs) StdoutLine: {'line': b'-- Up-to-date symlink: /home/maxim/super_ws/install/px4_msgs/include/px4_msgs/px4_msgs/msg/detail/sensor_preflight_mag__struct.h\n'}
[1.765707] (px4_msgs) StdoutLine: {'line': b'-- Up-to-date symlink: /home/maxim/super_ws/install/px4_msgs/include/px4_msgs/px4_msgs/msg/detail/sensor_preflight_mag__type_support.h\n'}
[1.765784] (px4_msgs) StdoutLine: {'line': b'-- Up-to-date symlink: /home/maxim/super_ws/install/px4_msgs/include/px4_msgs/px4_msgs/msg/detail/sensor_selection__functions.h\n'}
[1.765862] (px4_msgs) StdoutLine: {'line': b'-- Up-to-date symlink: /home/maxim/super_ws/install/px4_msgs/include/px4_msgs/px4_msgs/msg/detail/sensor_selection__struct.h\n'}
[1.765941] (px4_msgs) StdoutLine: {'line': b'-- Up-to-date symlink: /home/maxim/super_ws/install/px4_msgs/include/px4_msgs/px4_msgs/msg/detail/sensor_selection__type_support.h\n'}
[1.766019] (px4_msgs) StdoutLine: {'line': b'-- Up-to-date symlink: /home/maxim/super_ws/install/px4_msgs/include/px4_msgs/px4_msgs/msg/detail/sensor_temp__functions.h\n'}
[1.766144] (px4_msgs) StdoutLine: {'line': b'-- Up-to-date symlink: /home/maxim/super_ws/install/px4_msgs/include/px4_msgs/px4_msgs/msg/detail/sensor_temp__struct.h\n'}
[1.766254] (px4_msgs) StdoutLine: {'line': b'-- Up-to-date symlink: /home/maxim/super_ws/install/px4_msgs/include/px4_msgs/px4_msgs/msg/detail/sensor_temp__type_support.h\n'}
[1.766343] (px4_msgs) StdoutLine: {'line': b'-- Up-to-date symlink: /home/maxim/super_ws/install/px4_msgs/include/px4_msgs/px4_msgs/msg/detail/sensor_uwb__functions.h\n'}
[1.766409] (px4_msgs) StdoutLine: {'line': b'-- Up-to-date symlink: /home/maxim/super_ws/install/px4_msgs/include/px4_msgs/px4_msgs/msg/detail/sensor_uwb__struct.h\n'}
[1.766490] (px4_msgs) StdoutLine: {'line': b'-- Up-to-date symlink: /home/maxim/super_ws/install/px4_msgs/include/px4_msgs/px4_msgs/msg/detail/sensor_uwb__type_support.h\n'}
[1.766630] (px4_msgs) StdoutLine: {'line': b'-- Up-to-date symlink: /home/maxim/super_ws/install/px4_msgs/include/px4_msgs/px4_msgs/msg/detail/sensors_status__functions.h\n'}
[1.766731] (px4_msgs) StdoutLine: {'line': b'-- Up-to-date symlink: /home/maxim/super_ws/install/px4_msgs/include/px4_msgs/px4_msgs/msg/detail/sensors_status__struct.h\n'}
[1.766806] (px4_msgs) StdoutLine: {'line': b'-- Up-to-date symlink: /home/maxim/super_ws/install/px4_msgs/include/px4_msgs/px4_msgs/msg/detail/sensors_status__type_support.h\n'}
[1.766883] (px4_msgs) StdoutLine: {'line': b'-- Up-to-date symlink: /home/maxim/super_ws/install/px4_msgs/include/px4_msgs/px4_msgs/msg/detail/sensors_status_imu__functions.h\n'}
[1.766953] (px4_msgs) StdoutLine: {'line': b'-- Up-to-date symlink: /home/maxim/super_ws/install/px4_msgs/include/px4_msgs/px4_msgs/msg/detail/sensors_status_imu__struct.h\n'}
[1.767021] (px4_msgs) StdoutLine: {'line': b'-- Up-to-date symlink: /home/maxim/super_ws/install/px4_msgs/include/px4_msgs/px4_msgs/msg/detail/sensors_status_imu__type_support.h\n'}
[1.767083] (px4_msgs) StdoutLine: {'line': b'-- Up-to-date symlink: /home/maxim/super_ws/install/px4_msgs/include/px4_msgs/px4_msgs/msg/detail/system_power__functions.h\n'}
[1.767154] (px4_msgs) StdoutLine: {'line': b'-- Up-to-date symlink: /home/maxim/super_ws/install/px4_msgs/include/px4_msgs/px4_msgs/msg/detail/system_power__struct.h\n'}
[1.767211] (px4_msgs) StdoutLine: {'line': b'-- Up-to-date symlink: /home/maxim/super_ws/install/px4_msgs/include/px4_msgs/px4_msgs/msg/detail/system_power__type_support.h\n'}
[1.767281] (px4_msgs) StdoutLine: {'line': b'-- Up-to-date symlink: /home/maxim/super_ws/install/px4_msgs/include/px4_msgs/px4_msgs/msg/detail/takeoff_status__functions.h\n'}
[1.767350] (px4_msgs) StdoutLine: {'line': b'-- Up-to-date symlink: /home/maxim/super_ws/install/px4_msgs/include/px4_msgs/px4_msgs/msg/detail/takeoff_status__struct.h\n'}
[1.767424] (px4_msgs) StdoutLine: {'line': b'-- Up-to-date symlink: /home/maxim/super_ws/install/px4_msgs/include/px4_msgs/px4_msgs/msg/detail/takeoff_status__type_support.h\n'}
[1.767497] (px4_msgs) StdoutLine: {'line': b'-- Up-to-date symlink: /home/maxim/super_ws/install/px4_msgs/include/px4_msgs/px4_msgs/msg/detail/target_gnss__functions.h\n'}
[1.767574] (px4_msgs) StdoutLine: {'line': b'-- Up-to-date symlink: /home/maxim/super_ws/install/px4_msgs/include/px4_msgs/px4_msgs/msg/detail/target_gnss__struct.h\n'}
[1.767646] (px4_msgs) StdoutLine: {'line': b'-- Up-to-date symlink: /home/maxim/super_ws/install/px4_msgs/include/px4_msgs/px4_msgs/msg/detail/target_gnss__type_support.h\n'}
[1.767712] (px4_msgs) StdoutLine: {'line': b'-- Up-to-date symlink: /home/maxim/super_ws/install/px4_msgs/include/px4_msgs/px4_msgs/msg/detail/task_stack_info__functions.h\n'}
[1.767782] (px4_msgs) StdoutLine: {'line': b'-- Up-to-date symlink: /home/maxim/super_ws/install/px4_msgs/include/px4_msgs/px4_msgs/msg/detail/task_stack_info__struct.h\n'}
[1.767850] (px4_msgs) StdoutLine: {'line': b'-- Up-to-date symlink: /home/maxim/super_ws/install/px4_msgs/include/px4_msgs/px4_msgs/msg/detail/task_stack_info__type_support.h\n'}
[1.767918] (px4_msgs) StdoutLine: {'line': b'-- Up-to-date symlink: /home/maxim/super_ws/install/px4_msgs/include/px4_msgs/px4_msgs/msg/detail/tecs_status__functions.h\n'}
[1.767989] (px4_msgs) StdoutLine: {'line': b'-- Up-to-date symlink: /home/maxim/super_ws/install/px4_msgs/include/px4_msgs/px4_msgs/msg/detail/tecs_status__struct.h\n'}
[1.768062] (px4_msgs) StdoutLine: {'line': b'-- Up-to-date symlink: /home/maxim/super_ws/install/px4_msgs/include/px4_msgs/px4_msgs/msg/detail/tecs_status__type_support.h\n'}
[1.768182] (px4_msgs) StdoutLine: {'line': b'-- Up-to-date symlink: /home/maxim/super_ws/install/px4_msgs/include/px4_msgs/px4_msgs/msg/detail/telemetry_status__functions.h\n'}
[1.768259] (px4_msgs) StdoutLine: {'line': b'-- Up-to-date symlink: /home/maxim/super_ws/install/px4_msgs/include/px4_msgs/px4_msgs/msg/detail/telemetry_status__struct.h\n'}
[1.768338] (px4_msgs) StdoutLine: {'line': b'-- Up-to-date symlink: /home/maxim/super_ws/install/px4_msgs/include/px4_msgs/px4_msgs/msg/detail/telemetry_status__type_support.h\n'}
[1.768412] (px4_msgs) StdoutLine: {'line': b'-- Up-to-date symlink: /home/maxim/super_ws/install/px4_msgs/include/px4_msgs/px4_msgs/msg/detail/tiltrotor_extra_controls__functions.h\n'}
[1.768503] (px4_msgs) StdoutLine: {'line': b'-- Up-to-date symlink: /home/maxim/super_ws/install/px4_msgs/include/px4_msgs/px4_msgs/msg/detail/tiltrotor_extra_controls__struct.h\n'}
[1.768577] (px4_msgs) StdoutLine: {'line': b'-- Up-to-date symlink: /home/maxim/super_ws/install/px4_msgs/include/px4_msgs/px4_msgs/msg/detail/tiltrotor_extra_controls__type_support.h\n'}
[1.768661] (px4_msgs) StdoutLine: {'line': b'-- Up-to-date symlink: /home/maxim/super_ws/install/px4_msgs/include/px4_msgs/px4_msgs/msg/detail/timesync_status__functions.h\n'}
[1.768736] (px4_msgs) StdoutLine: {'line': b'-- Up-to-date symlink: /home/maxim/super_ws/install/px4_msgs/include/px4_msgs/px4_msgs/msg/detail/timesync_status__struct.h\n'}
[1.768809] (px4_msgs) StdoutLine: {'line': b'-- Up-to-date symlink: /home/maxim/super_ws/install/px4_msgs/include/px4_msgs/px4_msgs/msg/detail/timesync_status__type_support.h\n'}
[1.768879] (px4_msgs) StdoutLine: {'line': b'-- Up-to-date symlink: /home/maxim/super_ws/install/px4_msgs/include/px4_msgs/px4_msgs/msg/detail/trajectory_setpoint6dof__functions.h\n'}
[1.768949] (px4_msgs) StdoutLine: {'line': b'-- Up-to-date symlink: /home/maxim/super_ws/install/px4_msgs/include/px4_msgs/px4_msgs/msg/detail/trajectory_setpoint6dof__struct.h\n'}
[1.769020] (px4_msgs) StdoutLine: {'line': b'-- Up-to-date symlink: /home/maxim/super_ws/install/px4_msgs/include/px4_msgs/px4_msgs/msg/detail/trajectory_setpoint6dof__type_support.h\n'}
[1.769098] (px4_msgs) StdoutLine: {'line': b'-- Up-to-date symlink: /home/maxim/super_ws/install/px4_msgs/include/px4_msgs/px4_msgs/msg/detail/trajectory_setpoint__functions.h\n'}
[1.769209] (px4_msgs) StdoutLine: {'line': b'-- Up-to-date symlink: /home/maxim/super_ws/install/px4_msgs/include/px4_msgs/px4_msgs/msg/detail/trajectory_setpoint__struct.h\n'}
[1.769282] (px4_msgs) StdoutLine: {'line': b'-- Up-to-date symlink: /home/maxim/super_ws/install/px4_msgs/include/px4_msgs/px4_msgs/msg/detail/trajectory_setpoint__type_support.h\n'}
[1.769352] (px4_msgs) StdoutLine: {'line': b'-- Up-to-date symlink: /home/maxim/super_ws/install/px4_msgs/include/px4_msgs/px4_msgs/msg/detail/transponder_report__functions.h\n'}
[1.769429] (px4_msgs) StdoutLine: {'line': b'-- Up-to-date symlink: /home/maxim/super_ws/install/px4_msgs/include/px4_msgs/px4_msgs/msg/detail/transponder_report__struct.h\n'}
[1.769495] (px4_msgs) StdoutLine: {'line': b'-- Up-to-date symlink: /home/maxim/super_ws/install/px4_msgs/include/px4_msgs/px4_msgs/msg/detail/transponder_report__type_support.h\n'}
[1.769565] (px4_msgs) StdoutLine: {'line': b'-- Up-to-date symlink: /home/maxim/super_ws/install/px4_msgs/include/px4_msgs/px4_msgs/msg/detail/tune_control__functions.h\n'}
[1.769644] (px4_msgs) StdoutLine: {'line': b'-- Up-to-date symlink: /home/maxim/super_ws/install/px4_msgs/include/px4_msgs/px4_msgs/msg/detail/tune_control__struct.h\n'}
[1.769761] (px4_msgs) StdoutLine: {'line': b'-- Up-to-date symlink: /home/maxim/super_ws/install/px4_msgs/include/px4_msgs/px4_msgs/msg/detail/tune_control__type_support.h\n'}
[1.769837] (px4_msgs) StdoutLine: {'line': b'-- Up-to-date symlink: /home/maxim/super_ws/install/px4_msgs/include/px4_msgs/px4_msgs/msg/detail/uavcan_parameter_request__functions.h\n'}
[1.769915] (px4_msgs) StdoutLine: {'line': b'-- Up-to-date symlink: /home/maxim/super_ws/install/px4_msgs/include/px4_msgs/px4_msgs/msg/detail/uavcan_parameter_request__struct.h\n'}
[1.769984] (px4_msgs) StdoutLine: {'line': b'-- Up-to-date symlink: /home/maxim/super_ws/install/px4_msgs/include/px4_msgs/px4_msgs/msg/detail/uavcan_parameter_request__type_support.h\n'}
[1.770055] (px4_msgs) StdoutLine: {'line': b'-- Up-to-date symlink: /home/maxim/super_ws/install/px4_msgs/include/px4_msgs/px4_msgs/msg/detail/uavcan_parameter_value__functions.h\n'}
[1.770131] (px4_msgs) StdoutLine: {'line': b'-- Up-to-date symlink: /home/maxim/super_ws/install/px4_msgs/include/px4_msgs/px4_msgs/msg/detail/uavcan_parameter_value__struct.h\n'}
[1.770200] (px4_msgs) StdoutLine: {'line': b'-- Up-to-date symlink: /home/maxim/super_ws/install/px4_msgs/include/px4_msgs/px4_msgs/msg/detail/uavcan_parameter_value__type_support.h\n'}
[1.770267] (px4_msgs) StdoutLine: {'line': b'-- Up-to-date symlink: /home/maxim/super_ws/install/px4_msgs/include/px4_msgs/px4_msgs/msg/detail/ulog_stream__functions.h\n'}
[1.770344] (px4_msgs) StdoutLine: {'line': b'-- Up-to-date symlink: /home/maxim/super_ws/install/px4_msgs/include/px4_msgs/px4_msgs/msg/detail/ulog_stream__struct.h\n'}
[1.770469] (px4_msgs) StdoutLine: {'line': b'-- Up-to-date symlink: /home/maxim/super_ws/install/px4_msgs/include/px4_msgs/px4_msgs/msg/detail/ulog_stream__type_support.h\n'}
[1.770546] (px4_msgs) StdoutLine: {'line': b'-- Up-to-date symlink: /home/maxim/super_ws/install/px4_msgs/include/px4_msgs/px4_msgs/msg/detail/ulog_stream_ack__functions.h\n'}
[1.770626] (px4_msgs) StdoutLine: {'line': b'-- Up-to-date symlink: /home/maxim/super_ws/install/px4_msgs/include/px4_msgs/px4_msgs/msg/detail/ulog_stream_ack__struct.h\n'}
[1.770699] (px4_msgs) StdoutLine: {'line': b'-- Up-to-date symlink: /home/maxim/super_ws/install/px4_msgs/include/px4_msgs/px4_msgs/msg/detail/ulog_stream_ack__type_support.h\n'}
[1.770772] (px4_msgs) StdoutLine: {'line': b'-- Up-to-date symlink: /home/maxim/super_ws/install/px4_msgs/include/px4_msgs/px4_msgs/msg/detail/unregister_ext_component__functions.h\n'}
[1.770843] (px4_msgs) StdoutLine: {'line': b'-- Up-to-date symlink: /home/maxim/super_ws/install/px4_msgs/include/px4_msgs/px4_msgs/msg/detail/unregister_ext_component__struct.h\n'}
[1.770914] (px4_msgs) StdoutLine: {'line': b'-- Up-to-date symlink: /home/maxim/super_ws/install/px4_msgs/include/px4_msgs/px4_msgs/msg/detail/unregister_ext_component__type_support.h\n'}
[1.770985] (px4_msgs) StdoutLine: {'line': b'-- Up-to-date symlink: /home/maxim/super_ws/install/px4_msgs/include/px4_msgs/px4_msgs/msg/detail/vehicle_acceleration__functions.h\n'}
[1.771054] (px4_msgs) StdoutLine: {'line': b'-- Up-to-date symlink: /home/maxim/super_ws/install/px4_msgs/include/px4_msgs/px4_msgs/msg/detail/vehicle_acceleration__struct.h\n'}
[1.771131] (px4_msgs) StdoutLine: {'line': b'-- Up-to-date symlink: /home/maxim/super_ws/install/px4_msgs/include/px4_msgs/px4_msgs/msg/detail/vehicle_acceleration__type_support.h\n'}
[1.771253] (px4_msgs) StdoutLine: {'line': b'-- Up-to-date symlink: /home/maxim/super_ws/install/px4_msgs/include/px4_msgs/px4_msgs/msg/detail/vehicle_air_data__functions.h\n'}
[1.771327] (px4_msgs) StdoutLine: {'line': b'-- Up-to-date symlink: /home/maxim/super_ws/install/px4_msgs/include/px4_msgs/px4_msgs/msg/detail/vehicle_air_data__struct.h\n'}
[1.771435] (px4_msgs) StdoutLine: {'line': b'-- Up-to-date symlink: /home/maxim/super_ws/install/px4_msgs/include/px4_msgs/px4_msgs/msg/detail/vehicle_air_data__type_support.h\n'}
[1.771521] (px4_msgs) StdoutLine: {'line': b'-- Up-to-date symlink: /home/maxim/super_ws/install/px4_msgs/include/px4_msgs/px4_msgs/msg/detail/vehicle_angular_acceleration_setpoint__functions.h\n'}
[1.771629] (px4_msgs) StdoutLine: {'line': b'-- Up-to-date symlink: /home/maxim/super_ws/install/px4_msgs/include/px4_msgs/px4_msgs/msg/detail/vehicle_angular_acceleration_setpoint__struct.h\n'}
[1.771705] (px4_msgs) StdoutLine: {'line': b'-- Up-to-date symlink: /home/maxim/super_ws/install/px4_msgs/include/px4_msgs/px4_msgs/msg/detail/vehicle_angular_acceleration_setpoint__type_support.h\n'}
[1.771775] (px4_msgs) StdoutLine: {'line': b'-- Up-to-date symlink: /home/maxim/super_ws/install/px4_msgs/include/px4_msgs/px4_msgs/msg/detail/vehicle_angular_velocity__functions.h\n'}
[1.771844] (px4_msgs) StdoutLine: {'line': b'-- Up-to-date symlink: /home/maxim/super_ws/install/px4_msgs/include/px4_msgs/px4_msgs/msg/detail/vehicle_angular_velocity__struct.h\n'}
[1.771915] (px4_msgs) StdoutLine: {'line': b'-- Up-to-date symlink: /home/maxim/super_ws/install/px4_msgs/include/px4_msgs/px4_msgs/msg/detail/vehicle_angular_velocity__type_support.h\n'}
[1.771981] (px4_msgs) StdoutLine: {'line': b'-- Up-to-date symlink: /home/maxim/super_ws/install/px4_msgs/include/px4_msgs/px4_msgs/msg/detail/vehicle_attitude__functions.h\n'}
[1.772054] (px4_msgs) StdoutLine: {'line': b'-- Up-to-date symlink: /home/maxim/super_ws/install/px4_msgs/include/px4_msgs/px4_msgs/msg/detail/vehicle_attitude__struct.h\n'}
[1.772128] (px4_msgs) StdoutLine: {'line': b'-- Up-to-date symlink: /home/maxim/super_ws/install/px4_msgs/include/px4_msgs/px4_msgs/msg/detail/vehicle_attitude__type_support.h\n'}
[1.772202] (px4_msgs) StdoutLine: {'line': b'-- Up-to-date symlink: /home/maxim/super_ws/install/px4_msgs/include/px4_msgs/px4_msgs/msg/detail/vehicle_attitude_setpoint__functions.h\n'}
[1.772273] (px4_msgs) StdoutLine: {'line': b'-- Up-to-date symlink: /home/maxim/super_ws/install/px4_msgs/include/px4_msgs/px4_msgs/msg/detail/vehicle_attitude_setpoint__struct.h\n'}
[1.772347] (px4_msgs) StdoutLine: {'line': b'-- Up-to-date symlink: /home/maxim/super_ws/install/px4_msgs/include/px4_msgs/px4_msgs/msg/detail/vehicle_attitude_setpoint__type_support.h\n'}
[1.772423] (px4_msgs) StdoutLine: {'line': b'-- Up-to-date symlink: /home/maxim/super_ws/install/px4_msgs/include/px4_msgs/px4_msgs/msg/detail/vehicle_command__functions.h\n'}
[1.772493] (px4_msgs) StdoutLine: {'line': b'-- Up-to-date symlink: /home/maxim/super_ws/install/px4_msgs/include/px4_msgs/px4_msgs/msg/detail/vehicle_command__struct.h\n'}
[1.772570] (px4_msgs) StdoutLine: {'line': b'-- Up-to-date symlink: /home/maxim/super_ws/install/px4_msgs/include/px4_msgs/px4_msgs/msg/detail/vehicle_command__type_support.h\n'}
[1.772689] (px4_msgs) StdoutLine: {'line': b'-- Up-to-date symlink: /home/maxim/super_ws/install/px4_msgs/include/px4_msgs/px4_msgs/msg/detail/vehicle_command_ack__functions.h\n'}
[1.772770] (px4_msgs) StdoutLine: {'line': b'-- Up-to-date symlink: /home/maxim/super_ws/install/px4_msgs/include/px4_msgs/px4_msgs/msg/detail/vehicle_command_ack__struct.h\n'}
[1.772852] (px4_msgs) StdoutLine: {'line': b'-- Up-to-date symlink: /home/maxim/super_ws/install/px4_msgs/include/px4_msgs/px4_msgs/msg/detail/vehicle_command_ack__type_support.h\n'}
[1.772929] (px4_msgs) StdoutLine: {'line': b'-- Up-to-date symlink: /home/maxim/super_ws/install/px4_msgs/include/px4_msgs/px4_msgs/msg/detail/vehicle_constraints__functions.h\n'}
[1.773001] (px4_msgs) StdoutLine: {'line': b'-- Up-to-date symlink: /home/maxim/super_ws/install/px4_msgs/include/px4_msgs/px4_msgs/msg/detail/vehicle_constraints__struct.h\n'}
[1.773071] (px4_msgs) StdoutLine: {'line': b'-- Up-to-date symlink: /home/maxim/super_ws/install/px4_msgs/include/px4_msgs/px4_msgs/msg/detail/vehicle_constraints__type_support.h\n'}
[1.773144] (px4_msgs) StdoutLine: {'line': b'-- Up-to-date symlink: /home/maxim/super_ws/install/px4_msgs/include/px4_msgs/px4_msgs/msg/detail/vehicle_control_mode__functions.h\n'}
[1.773215] (px4_msgs) StdoutLine: {'line': b'-- Up-to-date symlink: /home/maxim/super_ws/install/px4_msgs/include/px4_msgs/px4_msgs/msg/detail/vehicle_control_mode__struct.h\n'}
[1.773287] (px4_msgs) StdoutLine: {'line': b'-- Up-to-date symlink: /home/maxim/super_ws/install/px4_msgs/include/px4_msgs/px4_msgs/msg/detail/vehicle_control_mode__type_support.h\n'}
[1.773358] (px4_msgs) StdoutLine: {'line': b'-- Up-to-date symlink: /home/maxim/super_ws/install/px4_msgs/include/px4_msgs/px4_msgs/msg/detail/vehicle_global_position__functions.h\n'}
[1.773433] (px4_msgs) StdoutLine: {'line': b'-- Up-to-date symlink: /home/maxim/super_ws/install/px4_msgs/include/px4_msgs/px4_msgs/msg/detail/vehicle_global_position__struct.h\n'}
[1.773552] (px4_msgs) StdoutLine: {'line': b'-- Up-to-date symlink: /home/maxim/super_ws/install/px4_msgs/include/px4_msgs/px4_msgs/msg/detail/vehicle_global_position__type_support.h\n'}
[1.773626] (px4_msgs) StdoutLine: {'line': b'-- Up-to-date symlink: /home/maxim/super_ws/install/px4_msgs/include/px4_msgs/px4_msgs/msg/detail/vehicle_imu__functions.h\n'}
[1.773709] (px4_msgs) StdoutLine: {'line': b'-- Up-to-date symlink: /home/maxim/super_ws/install/px4_msgs/include/px4_msgs/px4_msgs/msg/detail/vehicle_imu__struct.h\n'}
[1.773779] (px4_msgs) StdoutLine: {'line': b'-- Up-to-date symlink: /home/maxim/super_ws/install/px4_msgs/include/px4_msgs/px4_msgs/msg/detail/vehicle_imu__type_support.h\n'}
[1.773853] (px4_msgs) StdoutLine: {'line': b'-- Up-to-date symlink: /home/maxim/super_ws/install/px4_msgs/include/px4_msgs/px4_msgs/msg/detail/vehicle_imu_status__functions.h\n'}
[1.773924] (px4_msgs) StdoutLine: {'line': b'-- Up-to-date symlink: /home/maxim/super_ws/install/px4_msgs/include/px4_msgs/px4_msgs/msg/detail/vehicle_imu_status__struct.h\n'}
[1.773996] (px4_msgs) StdoutLine: {'line': b'-- Up-to-date symlink: /home/maxim/super_ws/install/px4_msgs/include/px4_msgs/px4_msgs/msg/detail/vehicle_imu_status__type_support.h\n'}
[1.774066] (px4_msgs) StdoutLine: {'line': b'-- Up-to-date symlink: /home/maxim/super_ws/install/px4_msgs/include/px4_msgs/px4_msgs/msg/detail/vehicle_land_detected__functions.h\n'}
[1.774135] (px4_msgs) StdoutLine: {'line': b'-- Up-to-date symlink: /home/maxim/super_ws/install/px4_msgs/include/px4_msgs/px4_msgs/msg/detail/vehicle_land_detected__struct.h\n'}
[1.774212] (px4_msgs) StdoutLine: {'line': b'-- Up-to-date symlink: /home/maxim/super_ws/install/px4_msgs/include/px4_msgs/px4_msgs/msg/detail/vehicle_land_detected__type_support.h\n'}
[1.774293] (px4_msgs) StdoutLine: {'line': b'-- Up-to-date symlink: /home/maxim/super_ws/install/px4_msgs/include/px4_msgs/px4_msgs/msg/detail/vehicle_local_position__functions.h\n'}
[1.774372] (px4_msgs) StdoutLine: {'line': b'-- Up-to-date symlink: /home/maxim/super_ws/install/px4_msgs/include/px4_msgs/px4_msgs/msg/detail/vehicle_local_position__struct.h\n'}
[1.774495] (px4_msgs) StdoutLine: {'line': b'-- Up-to-date symlink: /home/maxim/super_ws/install/px4_msgs/include/px4_msgs/px4_msgs/msg/detail/vehicle_local_position__type_support.h\n'}
[1.774575] (px4_msgs) StdoutLine: {'line': b'-- Up-to-date symlink: /home/maxim/super_ws/install/px4_msgs/include/px4_msgs/px4_msgs/msg/detail/vehicle_local_position_setpoint__functions.h\n'}
[1.774652] (px4_msgs) StdoutLine: {'line': b'-- Up-to-date symlink: /home/maxim/super_ws/install/px4_msgs/include/px4_msgs/px4_msgs/msg/detail/vehicle_local_position_setpoint__struct.h\n'}
[1.774727] (px4_msgs) StdoutLine: {'line': b'-- Up-to-date symlink: /home/maxim/super_ws/install/px4_msgs/include/px4_msgs/px4_msgs/msg/detail/vehicle_local_position_setpoint__type_support.h\n'}
[1.774805] (px4_msgs) StdoutLine: {'line': b'-- Up-to-date symlink: /home/maxim/super_ws/install/px4_msgs/include/px4_msgs/px4_msgs/msg/detail/vehicle_magnetometer__functions.h\n'}
[1.774871] (px4_msgs) StdoutLine: {'line': b'-- Up-to-date symlink: /home/maxim/super_ws/install/px4_msgs/include/px4_msgs/px4_msgs/msg/detail/vehicle_magnetometer__struct.h\n'}
[1.774940] (px4_msgs) StdoutLine: {'line': b'-- Up-to-date symlink: /home/maxim/super_ws/install/px4_msgs/include/px4_msgs/px4_msgs/msg/detail/vehicle_magnetometer__type_support.h\n'}
[1.775008] (px4_msgs) StdoutLine: {'line': b'-- Up-to-date symlink: /home/maxim/super_ws/install/px4_msgs/include/px4_msgs/px4_msgs/msg/detail/vehicle_odometry__functions.h\n'}
[1.775123] (px4_msgs) StdoutLine: {'line': b'-- Up-to-date symlink: /home/maxim/super_ws/install/px4_msgs/include/px4_msgs/px4_msgs/msg/detail/vehicle_odometry__struct.h\n'}
[1.775206] (px4_msgs) StdoutLine: {'line': b'-- Up-to-date symlink: /home/maxim/super_ws/install/px4_msgs/include/px4_msgs/px4_msgs/msg/detail/vehicle_odometry__type_support.h\n'}
[1.775282] (px4_msgs) StdoutLine: {'line': b'-- Up-to-date symlink: /home/maxim/super_ws/install/px4_msgs/include/px4_msgs/px4_msgs/msg/detail/vehicle_optical_flow__functions.h\n'}
[1.775356] (px4_msgs) StdoutLine: {'line': b'-- Up-to-date symlink: /home/maxim/super_ws/install/px4_msgs/include/px4_msgs/px4_msgs/msg/detail/vehicle_optical_flow__struct.h\n'}
[1.775439] (px4_msgs) StdoutLine: {'line': b'-- Up-to-date symlink: /home/maxim/super_ws/install/px4_msgs/include/px4_msgs/px4_msgs/msg/detail/vehicle_optical_flow__type_support.h\n'}
[1.775510] (px4_msgs) StdoutLine: {'line': b'-- Up-to-date symlink: /home/maxim/super_ws/install/px4_msgs/include/px4_msgs/px4_msgs/msg/detail/vehicle_optical_flow_vel__functions.h\n'}
[1.775582] (px4_msgs) StdoutLine: {'line': b'-- Up-to-date symlink: /home/maxim/super_ws/install/px4_msgs/include/px4_msgs/px4_msgs/msg/detail/vehicle_optical_flow_vel__struct.h\n'}
[1.775654] (px4_msgs) StdoutLine: {'line': b'-- Up-to-date symlink: /home/maxim/super_ws/install/px4_msgs/include/px4_msgs/px4_msgs/msg/detail/vehicle_optical_flow_vel__type_support.h\n'}
[1.775725] (px4_msgs) StdoutLine: {'line': b'-- Up-to-date symlink: /home/maxim/super_ws/install/px4_msgs/include/px4_msgs/px4_msgs/msg/detail/vehicle_rates_setpoint__functions.h\n'}
[1.775792] (px4_msgs) StdoutLine: {'line': b'-- Up-to-date symlink: /home/maxim/super_ws/install/px4_msgs/include/px4_msgs/px4_msgs/msg/detail/vehicle_rates_setpoint__struct.h\n'}
[1.775871] (px4_msgs) StdoutLine: {'line': b'-- Up-to-date symlink: /home/maxim/super_ws/install/px4_msgs/include/px4_msgs/px4_msgs/msg/detail/vehicle_rates_setpoint__type_support.h\n'}
[1.775988] (px4_msgs) StdoutLine: {'line': b'-- Up-to-date symlink: /home/maxim/super_ws/install/px4_msgs/include/px4_msgs/px4_msgs/msg/detail/vehicle_roi__functions.h\n'}
[1.776069] (px4_msgs) StdoutLine: {'line': b'-- Up-to-date symlink: /home/maxim/super_ws/install/px4_msgs/include/px4_msgs/px4_msgs/msg/detail/vehicle_roi__struct.h\n'}
[1.776149] (px4_msgs) StdoutLine: {'line': b'-- Up-to-date symlink: /home/maxim/super_ws/install/px4_msgs/include/px4_msgs/px4_msgs/msg/detail/vehicle_roi__type_support.h\n'}
[1.776222] (px4_msgs) StdoutLine: {'line': b'-- Up-to-date symlink: /home/maxim/super_ws/install/px4_msgs/include/px4_msgs/px4_msgs/msg/detail/vehicle_status__functions.h\n'}
[1.776293] (px4_msgs) StdoutLine: {'line': b'-- Up-to-date symlink: /home/maxim/super_ws/install/px4_msgs/include/px4_msgs/px4_msgs/msg/detail/vehicle_status__struct.h\n'}
[1.776365] (px4_msgs) StdoutLine: {'line': b'-- Up-to-date symlink: /home/maxim/super_ws/install/px4_msgs/include/px4_msgs/px4_msgs/msg/detail/vehicle_status__type_support.h\n'}
[1.776439] (px4_msgs) StdoutLine: {'line': b'-- Up-to-date symlink: /home/maxim/super_ws/install/px4_msgs/include/px4_msgs/px4_msgs/msg/detail/vehicle_thrust_setpoint__functions.h\n'}
[1.776509] (px4_msgs) StdoutLine: {'line': b'-- Up-to-date symlink: /home/maxim/super_ws/install/px4_msgs/include/px4_msgs/px4_msgs/msg/detail/vehicle_thrust_setpoint__struct.h\n'}
[1.776581] (px4_msgs) StdoutLine: {'line': b'-- Up-to-date symlink: /home/maxim/super_ws/install/px4_msgs/include/px4_msgs/px4_msgs/msg/detail/vehicle_thrust_setpoint__type_support.h\n'}
[1.776687] (px4_msgs) StdoutLine: {'line': b'-- Up-to-date symlink: /home/maxim/super_ws/install/px4_msgs/include/px4_msgs/px4_msgs/msg/detail/vehicle_torque_setpoint__functions.h\n'}
[1.776803] (px4_msgs) StdoutLine: {'line': b'-- Up-to-date symlink: /home/maxim/super_ws/install/px4_msgs/include/px4_msgs/px4_msgs/msg/detail/vehicle_torque_setpoint__struct.h\n'}
[1.776885] (px4_msgs) StdoutLine: {'line': b'-- Up-to-date symlink: /home/maxim/super_ws/install/px4_msgs/include/px4_msgs/px4_msgs/msg/detail/vehicle_torque_setpoint__type_support.h\n'}
[1.777022] (px4_msgs) StdoutLine: {'line': b'-- Up-to-date symlink: /home/maxim/super_ws/install/px4_msgs/include/px4_msgs/px4_msgs/msg/detail/velocity_limits__functions.h\n'}
[1.777080] (px4_msgs) StdoutLine: {'line': b'-- Up-to-date symlink: /home/maxim/super_ws/install/px4_msgs/include/px4_msgs/px4_msgs/msg/detail/velocity_limits__struct.h\n'}
[1.777155] (px4_msgs) StdoutLine: {'line': b'-- Up-to-date symlink: /home/maxim/super_ws/install/px4_msgs/include/px4_msgs/px4_msgs/msg/detail/velocity_limits__type_support.h\n'}
[1.777235] (px4_msgs) StdoutLine: {'line': b'-- Up-to-date symlink: /home/maxim/super_ws/install/px4_msgs/include/px4_msgs/px4_msgs/msg/detail/vte_aid_source1d__functions.h\n'}
[1.777306] (px4_msgs) StdoutLine: {'line': b'-- Up-to-date symlink: /home/maxim/super_ws/install/px4_msgs/include/px4_msgs/px4_msgs/msg/detail/vte_aid_source1d__struct.h\n'}
[1.777382] (px4_msgs) StdoutLine: {'line': b'-- Up-to-date symlink: /home/maxim/super_ws/install/px4_msgs/include/px4_msgs/px4_msgs/msg/detail/vte_aid_source1d__type_support.h\n'}
[1.777463] (px4_msgs) StdoutLine: {'line': b'-- Up-to-date symlink: /home/maxim/super_ws/install/px4_msgs/include/px4_msgs/px4_msgs/msg/detail/vte_aid_source3d__functions.h\n'}
[1.777520] (px4_msgs) StdoutLine: {'line': b'-- Up-to-date symlink: /home/maxim/super_ws/install/px4_msgs/include/px4_msgs/px4_msgs/msg/detail/vte_aid_source3d__struct.h\n'}
[1.777602] (px4_msgs) StdoutLine: {'line': b'-- Up-to-date symlink: /home/maxim/super_ws/install/px4_msgs/include/px4_msgs/px4_msgs/msg/detail/vte_aid_source3d__type_support.h\n'}
[1.777677] (px4_msgs) StdoutLine: {'line': b'-- Up-to-date symlink: /home/maxim/super_ws/install/px4_msgs/include/px4_msgs/px4_msgs/msg/detail/vte_bias_init_status__functions.h\n'}
[1.777751] (px4_msgs) StdoutLine: {'line': b'-- Up-to-date symlink: /home/maxim/super_ws/install/px4_msgs/include/px4_msgs/px4_msgs/msg/detail/vte_bias_init_status__struct.h\n'}
[1.777820] (px4_msgs) StdoutLine: {'line': b'-- Up-to-date symlink: /home/maxim/super_ws/install/px4_msgs/include/px4_msgs/px4_msgs/msg/detail/vte_bias_init_status__type_support.h\n'}
[1.777882] (px4_msgs) StdoutLine: {'line': b'-- Up-to-date symlink: /home/maxim/super_ws/install/px4_msgs/include/px4_msgs/px4_msgs/msg/detail/vte_input__functions.h\n'}
[1.777960] (px4_msgs) StdoutLine: {'line': b'-- Up-to-date symlink: /home/maxim/super_ws/install/px4_msgs/include/px4_msgs/px4_msgs/msg/detail/vte_input__struct.h\n'}
[1.778032] (px4_msgs) StdoutLine: {'line': b'-- Up-to-date symlink: /home/maxim/super_ws/install/px4_msgs/include/px4_msgs/px4_msgs/msg/detail/vte_input__type_support.h\n'}
[1.778123] (px4_msgs) StdoutLine: {'line': b'-- Up-to-date symlink: /home/maxim/super_ws/install/px4_msgs/include/px4_msgs/px4_msgs/msg/detail/vte_orientation__functions.h\n'}
[1.778213] (px4_msgs) StdoutLine: {'line': b'-- Up-to-date symlink: /home/maxim/super_ws/install/px4_msgs/include/px4_msgs/px4_msgs/msg/detail/vte_orientation__struct.h\n'}
[1.778290] (px4_msgs) StdoutLine: {'line': b'-- Up-to-date symlink: /home/maxim/super_ws/install/px4_msgs/include/px4_msgs/px4_msgs/msg/detail/vte_orientation__type_support.h\n'}
[1.778367] (px4_msgs) StdoutLine: {'line': b'-- Up-to-date symlink: /home/maxim/super_ws/install/px4_msgs/include/px4_msgs/px4_msgs/msg/detail/vte_position__functions.h\n'}
[1.778447] (px4_msgs) StdoutLine: {'line': b'-- Up-to-date symlink: /home/maxim/super_ws/install/px4_msgs/include/px4_msgs/px4_msgs/msg/detail/vte_position__struct.h\n'}
[1.778521] (px4_msgs) StdoutLine: {'line': b'-- Up-to-date symlink: /home/maxim/super_ws/install/px4_msgs/include/px4_msgs/px4_msgs/msg/detail/vte_position__type_support.h\n'}
[1.778595] (px4_msgs) StdoutLine: {'line': b'-- Up-to-date symlink: /home/maxim/super_ws/install/px4_msgs/include/px4_msgs/px4_msgs/msg/detail/vtol_vehicle_status__functions.h\n'}
[1.778667] (px4_msgs) StdoutLine: {'line': b'-- Up-to-date symlink: /home/maxim/super_ws/install/px4_msgs/include/px4_msgs/px4_msgs/msg/detail/vtol_vehicle_status__struct.h\n'}
[1.778747] (px4_msgs) StdoutLine: {'line': b'-- Up-to-date symlink: /home/maxim/super_ws/install/px4_msgs/include/px4_msgs/px4_msgs/msg/detail/vtol_vehicle_status__type_support.h\n'}
[1.778818] (px4_msgs) StdoutLine: {'line': b'-- Up-to-date symlink: /home/maxim/super_ws/install/px4_msgs/include/px4_msgs/px4_msgs/msg/detail/vtx__functions.h\n'}
[1.778889] (px4_msgs) StdoutLine: {'line': b'-- Up-to-date symlink: /home/maxim/super_ws/install/px4_msgs/include/px4_msgs/px4_msgs/msg/detail/vtx__struct.h\n'}
[1.778960] (px4_msgs) StdoutLine: {'line': b'-- Up-to-date symlink: /home/maxim/super_ws/install/px4_msgs/include/px4_msgs/px4_msgs/msg/detail/vtx__type_support.h\n'}
[1.779030] (px4_msgs) StdoutLine: {'line': b'-- Up-to-date symlink: /home/maxim/super_ws/install/px4_msgs/include/px4_msgs/px4_msgs/msg/detail/wheel_encoders__functions.h\n'}
[1.779109] (px4_msgs) StdoutLine: {'line': b'-- Up-to-date symlink: /home/maxim/super_ws/install/px4_msgs/include/px4_msgs/px4_msgs/msg/detail/wheel_encoders__struct.h\n'}
[1.779218] (px4_msgs) StdoutLine: {'line': b'-- Up-to-date symlink: /home/maxim/super_ws/install/px4_msgs/include/px4_msgs/px4_msgs/msg/detail/wheel_encoders__type_support.h\n'}
[1.779290] (px4_msgs) StdoutLine: {'line': b'-- Up-to-date symlink: /home/maxim/super_ws/install/px4_msgs/include/px4_msgs/px4_msgs/msg/detail/wind__functions.h\n'}
[1.779362] (px4_msgs) StdoutLine: {'line': b'-- Up-to-date symlink: /home/maxim/super_ws/install/px4_msgs/include/px4_msgs/px4_msgs/msg/detail/wind__struct.h\n'}
[1.779436] (px4_msgs) StdoutLine: {'line': b'-- Up-to-date symlink: /home/maxim/super_ws/install/px4_msgs/include/px4_msgs/px4_msgs/msg/detail/wind__type_support.h\n'}
[1.779505] (px4_msgs) StdoutLine: {'line': b'-- Up-to-date symlink: /home/maxim/super_ws/install/px4_msgs/include/px4_msgs/px4_msgs/msg/detail/yaw_estimator_status__functions.h\n'}
[1.779583] (px4_msgs) StdoutLine: {'line': b'-- Up-to-date symlink: /home/maxim/super_ws/install/px4_msgs/include/px4_msgs/px4_msgs/msg/detail/yaw_estimator_status__struct.h\n'}
[1.779690] (px4_msgs) StdoutLine: {'line': b'-- Up-to-date symlink: /home/maxim/super_ws/install/px4_msgs/include/px4_msgs/px4_msgs/msg/detail/yaw_estimator_status__type_support.h\n'}
[1.779791] (px4_msgs) StdoutLine: {'line': b'-- Up-to-date symlink: /home/maxim/super_ws/install/px4_msgs/include/px4_msgs/px4_msgs/msg/device_information.h\n'}
[1.779866] (px4_msgs) StdoutLine: {'line': b'-- Up-to-date symlink: /home/maxim/super_ws/install/px4_msgs/include/px4_msgs/px4_msgs/msg/differential_pressure.h\n'}
[1.779937] (px4_msgs) StdoutLine: {'line': b'-- Up-to-date symlink: /home/maxim/super_ws/install/px4_msgs/include/px4_msgs/px4_msgs/msg/distance_sensor.h\n'}
[1.780008] (px4_msgs) StdoutLine: {'line': b'-- Up-to-date symlink: /home/maxim/super_ws/install/px4_msgs/include/px4_msgs/px4_msgs/msg/distance_sensor_mode_change_request.h\n'}
[1.780074] (px4_msgs) StdoutLine: {'line': b'-- Up-to-date symlink: /home/maxim/super_ws/install/px4_msgs/include/px4_msgs/px4_msgs/msg/dronecan_node_status.h\n'}
[1.780139] (px4_msgs) StdoutLine: {'line': b'-- Up-to-date symlink: /home/maxim/super_ws/install/px4_msgs/include/px4_msgs/px4_msgs/msg/ekf2_timestamps.h\n'}
[1.780208] (px4_msgs) StdoutLine: {'line': b'-- Up-to-date symlink: /home/maxim/super_ws/install/px4_msgs/include/px4_msgs/px4_msgs/msg/esc_eeprom_read.h\n'}
[1.780281] (px4_msgs) StdoutLine: {'line': b'-- Up-to-date symlink: /home/maxim/super_ws/install/px4_msgs/include/px4_msgs/px4_msgs/msg/esc_eeprom_write.h\n'}
[1.780352] (px4_msgs) StdoutLine: {'line': b'-- Up-to-date symlink: /home/maxim/super_ws/install/px4_msgs/include/px4_msgs/px4_msgs/msg/esc_report.h\n'}
[1.780426] (px4_msgs) StdoutLine: {'line': b'-- Up-to-date symlink: /home/maxim/super_ws/install/px4_msgs/include/px4_msgs/px4_msgs/msg/esc_status.h\n'}
[1.780500] (px4_msgs) StdoutLine: {'line': b'-- Up-to-date symlink: /home/maxim/super_ws/install/px4_msgs/include/px4_msgs/px4_msgs/msg/estimator_aid_source1d.h\n'}
[1.780577] (px4_msgs) StdoutLine: {'line': b'-- Up-to-date symlink: /home/maxim/super_ws/install/px4_msgs/include/px4_msgs/px4_msgs/msg/estimator_aid_source2d.h\n'}
[1.780680] (px4_msgs) StdoutLine: {'line': b'-- Up-to-date symlink: /home/maxim/super_ws/install/px4_msgs/include/px4_msgs/px4_msgs/msg/estimator_aid_source3d.h\n'}
[1.780759] (px4_msgs) StdoutLine: {'line': b'-- Up-to-date symlink: /home/maxim/super_ws/install/px4_msgs/include/px4_msgs/px4_msgs/msg/estimator_bias.h\n'}
[1.780832] (px4_msgs) StdoutLine: {'line': b'-- Up-to-date symlink: /home/maxim/super_ws/install/px4_msgs/include/px4_msgs/px4_msgs/msg/estimator_bias3d.h\n'}
[1.780904] (px4_msgs) StdoutLine: {'line': b'-- Up-to-date symlink: /home/maxim/super_ws/install/px4_msgs/include/px4_msgs/px4_msgs/msg/estimator_event_flags.h\n'}
[1.780979] (px4_msgs) StdoutLine: {'line': b'-- Up-to-date symlink: /home/maxim/super_ws/install/px4_msgs/include/px4_msgs/px4_msgs/msg/estimator_fusion_control.h\n'}
[1.781050] (px4_msgs) StdoutLine: {'line': b'-- Up-to-date symlink: /home/maxim/super_ws/install/px4_msgs/include/px4_msgs/px4_msgs/msg/estimator_gps_status.h\n'}
[1.781118] (px4_msgs) StdoutLine: {'line': b'-- Up-to-date symlink: /home/maxim/super_ws/install/px4_msgs/include/px4_msgs/px4_msgs/msg/estimator_innovations.h\n'}
[1.781188] (px4_msgs) StdoutLine: {'line': b'-- Up-to-date symlink: /home/maxim/super_ws/install/px4_msgs/include/px4_msgs/px4_msgs/msg/estimator_selector_status.h\n'}
[1.781300] (px4_msgs) StdoutLine: {'line': b'-- Up-to-date symlink: /home/maxim/super_ws/install/px4_msgs/include/px4_msgs/px4_msgs/msg/estimator_sensor_bias.h\n'}
[1.781372] (px4_msgs) StdoutLine: {'line': b'-- Up-to-date symlink: /home/maxim/super_ws/install/px4_msgs/include/px4_msgs/px4_msgs/msg/estimator_states.h\n'}
[1.781447] (px4_msgs) StdoutLine: {'line': b'-- Up-to-date symlink: /home/maxim/super_ws/install/px4_msgs/include/px4_msgs/px4_msgs/msg/estimator_status.h\n'}
[1.781522] (px4_msgs) StdoutLine: {'line': b'-- Up-to-date symlink: /home/maxim/super_ws/install/px4_msgs/include/px4_msgs/px4_msgs/msg/estimator_status_flags.h\n'}
[1.781591] (px4_msgs) StdoutLine: {'line': b'-- Up-to-date symlink: /home/maxim/super_ws/install/px4_msgs/include/px4_msgs/px4_msgs/msg/event.h\n'}
[1.781660] (px4_msgs) StdoutLine: {'line': b'-- Up-to-date symlink: /home/maxim/super_ws/install/px4_msgs/include/px4_msgs/px4_msgs/msg/failsafe_flags.h\n'}
[1.781730] (px4_msgs) StdoutLine: {'line': b'-- Up-to-date symlink: /home/maxim/super_ws/install/px4_msgs/include/px4_msgs/px4_msgs/msg/failure_detector_status.h\n'}
[1.781799] (px4_msgs) StdoutLine: {'line': b'-- Up-to-date symlink: /home/maxim/super_ws/install/px4_msgs/include/px4_msgs/px4_msgs/msg/fiducial_marker_pos_report.h\n'}
[1.781870] (px4_msgs) StdoutLine: {'line': b'-- Up-to-date symlink: /home/maxim/super_ws/install/px4_msgs/include/px4_msgs/px4_msgs/msg/fiducial_marker_yaw_report.h\n'}
[1.781946] (px4_msgs) StdoutLine: {'line': b'-- Up-to-date symlink: /home/maxim/super_ws/install/px4_msgs/include/px4_msgs/px4_msgs/msg/figure_eight_status.h\n'}
[1.782022] (px4_msgs) StdoutLine: {'line': b'-- Up-to-date symlink: /home/maxim/super_ws/install/px4_msgs/include/px4_msgs/px4_msgs/msg/fixed_wing_lateral_guidance_status.h\n'}
[1.782098] (px4_msgs) StdoutLine: {'line': b'-- Up-to-date symlink: /home/maxim/super_ws/install/px4_msgs/include/px4_msgs/px4_msgs/msg/fixed_wing_lateral_setpoint.h\n'}
[1.782176] (px4_msgs) StdoutLine: {'line': b'-- Up-to-date symlink: /home/maxim/super_ws/install/px4_msgs/include/px4_msgs/px4_msgs/msg/fixed_wing_lateral_status.h\n'}
[1.782250] (px4_msgs) StdoutLine: {'line': b'-- Up-to-date symlink: /home/maxim/super_ws/install/px4_msgs/include/px4_msgs/px4_msgs/msg/fixed_wing_longitudinal_setpoint.h\n'}
[1.782325] (px4_msgs) StdoutLine: {'line': b'-- Up-to-date symlink: /home/maxim/super_ws/install/px4_msgs/include/px4_msgs/px4_msgs/msg/fixed_wing_runway_control.h\n'}
[1.782406] (px4_msgs) StdoutLine: {'line': b'-- Up-to-date symlink: /home/maxim/super_ws/install/px4_msgs/include/px4_msgs/px4_msgs/msg/flight_phase_estimation.h\n'}
[1.782483] (px4_msgs) StdoutLine: {'line': b'-- Up-to-date symlink: /home/maxim/super_ws/install/px4_msgs/include/px4_msgs/px4_msgs/msg/follow_target.h\n'}
[1.782559] (px4_msgs) StdoutLine: {'line': b'-- Up-to-date symlink: /home/maxim/super_ws/install/px4_msgs/include/px4_msgs/px4_msgs/msg/follow_target_estimator.h\n'}
[1.782634] (px4_msgs) StdoutLine: {'line': b'-- Up-to-date symlink: /home/maxim/super_ws/install/px4_msgs/include/px4_msgs/px4_msgs/msg/follow_target_status.h\n'}
[1.782711] (px4_msgs) StdoutLine: {'line': b'-- Up-to-date symlink: /home/maxim/super_ws/install/px4_msgs/include/px4_msgs/px4_msgs/msg/fuel_tank_status.h\n'}
[1.782785] (px4_msgs) StdoutLine: {'line': b'-- Up-to-date symlink: /home/maxim/super_ws/install/px4_msgs/include/px4_msgs/px4_msgs/msg/gain_compression.h\n'}
[1.782861] (px4_msgs) StdoutLine: {'line': b'-- Up-to-date symlink: /home/maxim/super_ws/install/px4_msgs/include/px4_msgs/px4_msgs/msg/generator_status.h\n'}
[1.782935] (px4_msgs) StdoutLine: {'line': b'-- Up-to-date symlink: /home/maxim/super_ws/install/px4_msgs/include/px4_msgs/px4_msgs/msg/geofence_result.h\n'}
[1.783010] (px4_msgs) StdoutLine: {'line': b'-- Up-to-date symlink: /home/maxim/super_ws/install/px4_msgs/include/px4_msgs/px4_msgs/msg/geofence_status.h\n'}
[1.783085] (px4_msgs) StdoutLine: {'line': b'-- Up-to-date symlink: /home/maxim/super_ws/install/px4_msgs/include/px4_msgs/px4_msgs/msg/gimbal_controls.h\n'}
[1.783162] (px4_msgs) StdoutLine: {'line': b'-- Up-to-date symlink: /home/maxim/super_ws/install/px4_msgs/include/px4_msgs/px4_msgs/msg/gimbal_device_attitude_status.h\n'}
[1.783237] (px4_msgs) StdoutLine: {'line': b'-- Up-to-date symlink: /home/maxim/super_ws/install/px4_msgs/include/px4_msgs/px4_msgs/msg/gimbal_device_information.h\n'}
[1.783313] (px4_msgs) StdoutLine: {'line': b'-- Up-to-date symlink: /home/maxim/super_ws/install/px4_msgs/include/px4_msgs/px4_msgs/msg/gimbal_device_set_attitude.h\n'}
[1.783413] (px4_msgs) StdoutLine: {'line': b'-- Up-to-date symlink: /home/maxim/super_ws/install/px4_msgs/include/px4_msgs/px4_msgs/msg/gimbal_manager_information.h\n'}
[1.783485] (px4_msgs) StdoutLine: {'line': b'-- Up-to-date symlink: /home/maxim/super_ws/install/px4_msgs/include/px4_msgs/px4_msgs/msg/gimbal_manager_set_attitude.h\n'}
[1.783585] (px4_msgs) StdoutLine: {'line': b'-- Up-to-date symlink: /home/maxim/super_ws/install/px4_msgs/include/px4_msgs/px4_msgs/msg/gimbal_manager_set_manual_control.h\n'}
[1.783659] (px4_msgs) StdoutLine: {'line': b'-- Up-to-date symlink: /home/maxim/super_ws/install/px4_msgs/include/px4_msgs/px4_msgs/msg/gimbal_manager_status.h\n'}
[1.783731] (px4_msgs) StdoutLine: {'line': b'-- Up-to-date symlink: /home/maxim/super_ws/install/px4_msgs/include/px4_msgs/px4_msgs/msg/goto_setpoint.h\n'}
[1.783800] (px4_msgs) StdoutLine: {'line': b'-- Up-to-date symlink: /home/maxim/super_ws/install/px4_msgs/include/px4_msgs/px4_msgs/msg/gpio_config.h\n'}
[1.783872] (px4_msgs) StdoutLine: {'line': b'-- Up-to-date symlink: /home/maxim/super_ws/install/px4_msgs/include/px4_msgs/px4_msgs/msg/gpio_in.h\n'}
[1.783939] (px4_msgs) StdoutLine: {'line': b'-- Up-to-date symlink: /home/maxim/super_ws/install/px4_msgs/include/px4_msgs/px4_msgs/msg/gpio_out.h\n'}
[1.784009] (px4_msgs) StdoutLine: {'line': b'-- Up-to-date symlink: /home/maxim/super_ws/install/px4_msgs/include/px4_msgs/px4_msgs/msg/gpio_request.h\n'}
[1.784075] (px4_msgs) StdoutLine: {'line': b'-- Up-to-date symlink: /home/maxim/super_ws/install/px4_msgs/include/px4_msgs/px4_msgs/msg/gps_dump.h\n'}
[1.784146] (px4_msgs) StdoutLine: {'line': b'-- Up-to-date symlink: /home/maxim/super_ws/install/px4_msgs/include/px4_msgs/px4_msgs/msg/gps_inject_data.h\n'}
[1.784221] (px4_msgs) StdoutLine: {'line': b'-- Up-to-date symlink: /home/maxim/super_ws/install/px4_msgs/include/px4_msgs/px4_msgs/msg/gripper.h\n'}
[1.784301] (px4_msgs) StdoutLine: {'line': b'-- Up-to-date symlink: /home/maxim/super_ws/install/px4_msgs/include/px4_msgs/px4_msgs/msg/health_report.h\n'}
[1.784376] (px4_msgs) StdoutLine: {'line': b'-- Up-to-date symlink: /home/maxim/super_ws/install/px4_msgs/include/px4_msgs/px4_msgs/msg/heater_status.h\n'}
[1.784520] (px4_msgs) StdoutLine: {'line': b'-- Up-to-date symlink: /home/maxim/super_ws/install/px4_msgs/include/px4_msgs/px4_msgs/msg/home_position.h\n'}
[1.784591] (px4_msgs) StdoutLine: {'line': b'-- Up-to-date symlink: /home/maxim/super_ws/install/px4_msgs/include/px4_msgs/px4_msgs/msg/hover_thrust_estimate.h\n'}
[1.784658] (px4_msgs) StdoutLine: {'line': b'-- Up-to-date symlink: /home/maxim/super_ws/install/px4_msgs/include/px4_msgs/px4_msgs/msg/input_rc.h\n'}
[1.784727] (px4_msgs) StdoutLine: {'line': b'-- Up-to-date symlink: /home/maxim/super_ws/install/px4_msgs/include/px4_msgs/px4_msgs/msg/internal_combustion_engine_control.h\n'}
[1.784802] (px4_msgs) StdoutLine: {'line': b'-- Up-to-date symlink: /home/maxim/super_ws/install/px4_msgs/include/px4_msgs/px4_msgs/msg/internal_combustion_engine_status.h\n'}
[1.784876] (px4_msgs) StdoutLine: {'line': b'-- Up-to-date symlink: /home/maxim/super_ws/install/px4_msgs/include/px4_msgs/px4_msgs/msg/iridiumsbd_status.h\n'}
[1.784945] (px4_msgs) StdoutLine: {'line': b'-- Up-to-date symlink: /home/maxim/super_ws/install/px4_msgs/include/px4_msgs/px4_msgs/msg/irlock_report.h\n'}
[1.785016] (px4_msgs) StdoutLine: {'line': b'-- Up-to-date symlink: /home/maxim/super_ws/install/px4_msgs/include/px4_msgs/px4_msgs/msg/landing_gear.h\n'}
[1.785086] (px4_msgs) StdoutLine: {'line': b'-- Up-to-date symlink: /home/maxim/super_ws/install/px4_msgs/include/px4_msgs/px4_msgs/msg/landing_gear_wheel.h\n'}
[1.785157] (px4_msgs) StdoutLine: {'line': b'-- Up-to-date symlink: /home/maxim/super_ws/install/px4_msgs/include/px4_msgs/px4_msgs/msg/landing_target_innovations.h\n'}
[1.785227] (px4_msgs) StdoutLine: {'line': b'-- Up-to-date symlink: /home/maxim/super_ws/install/px4_msgs/include/px4_msgs/px4_msgs/msg/landing_target_pose.h\n'}
[1.785296] (px4_msgs) StdoutLine: {'line': b'-- Up-to-date symlink: /home/maxim/super_ws/install/px4_msgs/include/px4_msgs/px4_msgs/msg/lateral_control_configuration.h\n'}
[1.785375] (px4_msgs) StdoutLine: {'line': b'-- Up-to-date symlink: /home/maxim/super_ws/install/px4_msgs/include/px4_msgs/px4_msgs/msg/launch_detection_status.h\n'}
[1.785449] (px4_msgs) StdoutLine: {'line': b'-- Up-to-date symlink: /home/maxim/super_ws/install/px4_msgs/include/px4_msgs/px4_msgs/msg/led_control.h\n'}
[1.785565] (px4_msgs) StdoutLine: {'line': b'-- Up-to-date symlink: /home/maxim/super_ws/install/px4_msgs/include/px4_msgs/px4_msgs/msg/log_message.h\n'}
[1.785644] (px4_msgs) StdoutLine: {'line': b'-- Up-to-date symlink: /home/maxim/super_ws/install/px4_msgs/include/px4_msgs/px4_msgs/msg/logger_status.h\n'}
[1.785723] (px4_msgs) StdoutLine: {'line': b'-- Up-to-date symlink: /home/maxim/super_ws/install/px4_msgs/include/px4_msgs/px4_msgs/msg/longitudinal_control_configuration.h\n'}
[1.785794] (px4_msgs) StdoutLine: {'line': b'-- Up-to-date symlink: /home/maxim/super_ws/install/px4_msgs/include/px4_msgs/px4_msgs/msg/mag_worker_data.h\n'}
[1.785866] (px4_msgs) StdoutLine: {'line': b'-- Up-to-date symlink: /home/maxim/super_ws/install/px4_msgs/include/px4_msgs/px4_msgs/msg/magnetometer_bias_estimate.h\n'}
[1.785938] (px4_msgs) StdoutLine: {'line': b'-- Up-to-date symlink: /home/maxim/super_ws/install/px4_msgs/include/px4_msgs/px4_msgs/msg/manual_control_setpoint.h\n'}
[1.786009] (px4_msgs) StdoutLine: {'line': b'-- Up-to-date symlink: /home/maxim/super_ws/install/px4_msgs/include/px4_msgs/px4_msgs/msg/manual_control_switches.h\n'}
[1.786082] (px4_msgs) StdoutLine: {'line': b'-- Up-to-date symlink: /home/maxim/super_ws/install/px4_msgs/include/px4_msgs/px4_msgs/msg/mavlink_log.h\n'}
[1.786154] (px4_msgs) StdoutLine: {'line': b'-- Up-to-date symlink: /home/maxim/super_ws/install/px4_msgs/include/px4_msgs/px4_msgs/msg/mavlink_tunnel.h\n'}
[1.786225] (px4_msgs) StdoutLine: {'line': b'-- Up-to-date symlink: /home/maxim/super_ws/install/px4_msgs/include/px4_msgs/px4_msgs/msg/message_format_request.h\n'}
[1.786296] (px4_msgs) StdoutLine: {'line': b'-- Up-to-date symlink: /home/maxim/super_ws/install/px4_msgs/include/px4_msgs/px4_msgs/msg/message_format_response.h\n'}
[1.786403] (px4_msgs) StdoutLine: {'line': b'-- Up-to-date symlink: /home/maxim/super_ws/install/px4_msgs/include/px4_msgs/px4_msgs/msg/mission.h\n'}
[1.786489] (px4_msgs) StdoutLine: {'line': b'-- Up-to-date symlink: /home/maxim/super_ws/install/px4_msgs/include/px4_msgs/px4_msgs/msg/mission_result.h\n'}
[1.786564] (px4_msgs) StdoutLine: {'line': b'-- Up-to-date symlink: /home/maxim/super_ws/install/px4_msgs/include/px4_msgs/px4_msgs/msg/mode_completed.h\n'}
[1.786682] (px4_msgs) StdoutLine: {'line': b'-- Up-to-date symlink: /home/maxim/super_ws/install/px4_msgs/include/px4_msgs/px4_msgs/msg/mount_orientation.h\n'}
[1.786759] (px4_msgs) StdoutLine: {'line': b'-- Up-to-date symlink: /home/maxim/super_ws/install/px4_msgs/include/px4_msgs/px4_msgs/msg/navigator_mission_item.h\n'}
[1.786840] (px4_msgs) StdoutLine: {'line': b'-- Up-to-date symlink: /home/maxim/super_ws/install/px4_msgs/include/px4_msgs/px4_msgs/msg/navigator_status.h\n'}
[1.786897] (px4_msgs) StdoutLine: {'line': b'-- Up-to-date symlink: /home/maxim/super_ws/install/px4_msgs/include/px4_msgs/px4_msgs/msg/neural_control.h\n'}
[1.786965] (px4_msgs) StdoutLine: {'line': b'-- Up-to-date symlink: /home/maxim/super_ws/install/px4_msgs/include/px4_msgs/px4_msgs/msg/normalized_unsigned_setpoint.h\n'}
[1.787033] (px4_msgs) StdoutLine: {'line': b'-- Up-to-date symlink: /home/maxim/super_ws/install/px4_msgs/include/px4_msgs/px4_msgs/msg/obstacle_distance.h\n'}
[1.787152] (px4_msgs) StdoutLine: {'line': b'-- Up-to-date symlink: /home/maxim/super_ws/install/px4_msgs/include/px4_msgs/px4_msgs/msg/offboard_control_mode.h\n'}
[1.787230] (px4_msgs) StdoutLine: {'line': b'-- Up-to-date symlink: /home/maxim/super_ws/install/px4_msgs/include/px4_msgs/px4_msgs/msg/onboard_computer_status.h\n'}
[1.787287] (px4_msgs) StdoutLine: {'line': b'-- Up-to-date symlink: /home/maxim/super_ws/install/px4_msgs/include/px4_msgs/px4_msgs/msg/open_drone_id_arm_status.h\n'}
[1.787356] (px4_msgs) StdoutLine: {'line': b'-- Up-to-date symlink: /home/maxim/super_ws/install/px4_msgs/include/px4_msgs/px4_msgs/msg/open_drone_id_operator_id.h\n'}
[1.787430] (px4_msgs) StdoutLine: {'line': b'-- Up-to-date symlink: /home/maxim/super_ws/install/px4_msgs/include/px4_msgs/px4_msgs/msg/open_drone_id_self_id.h\n'}
[1.787499] (px4_msgs) StdoutLine: {'line': b'-- Up-to-date symlink: /home/maxim/super_ws/install/px4_msgs/include/px4_msgs/px4_msgs/msg/open_drone_id_system.h\n'}
[1.787568] (px4_msgs) StdoutLine: {'line': b'-- Up-to-date symlink: /home/maxim/super_ws/install/px4_msgs/include/px4_msgs/px4_msgs/msg/orb_test.h\n'}
[1.787636] (px4_msgs) StdoutLine: {'line': b'-- Up-to-date symlink: /home/maxim/super_ws/install/px4_msgs/include/px4_msgs/px4_msgs/msg/orb_test_large.h\n'}
[1.787704] (px4_msgs) StdoutLine: {'line': b'-- Up-to-date symlink: /home/maxim/super_ws/install/px4_msgs/include/px4_msgs/px4_msgs/msg/orb_test_medium.h\n'}
[1.787773] (px4_msgs) StdoutLine: {'line': b'-- Up-to-date symlink: /home/maxim/super_ws/install/px4_msgs/include/px4_msgs/px4_msgs/msg/orbit_status.h\n'}
[1.787841] (px4_msgs) StdoutLine: {'line': b'-- Up-to-date symlink: /home/maxim/super_ws/install/px4_msgs/include/px4_msgs/px4_msgs/msg/parameter_reset_request.h\n'}
[1.787913] (px4_msgs) StdoutLine: {'line': b'-- Up-to-date symlink: /home/maxim/super_ws/install/px4_msgs/include/px4_msgs/px4_msgs/msg/parameter_set_used_request.h\n'}
[1.787981] (px4_msgs) StdoutLine: {'line': b'-- Up-to-date symlink: /home/maxim/super_ws/install/px4_msgs/include/px4_msgs/px4_msgs/msg/parameter_set_value_request.h\n'}
[1.788050] (px4_msgs) StdoutLine: {'line': b'-- Up-to-date symlink: /home/maxim/super_ws/install/px4_msgs/include/px4_msgs/px4_msgs/msg/parameter_set_value_response.h\n'}
[1.788124] (px4_msgs) StdoutLine: {'line': b'-- Up-to-date symlink: /home/maxim/super_ws/install/px4_msgs/include/px4_msgs/px4_msgs/msg/parameter_update.h\n'}
[1.788192] (px4_msgs) StdoutLine: {'line': b'-- Up-to-date symlink: /home/maxim/super_ws/install/px4_msgs/include/px4_msgs/px4_msgs/msg/ping.h\n'}
[1.788293] (px4_msgs) StdoutLine: {'line': b'-- Up-to-date symlink: /home/maxim/super_ws/install/px4_msgs/include/px4_msgs/px4_msgs/msg/position_controller_landing_status.h\n'}
[1.788362] (px4_msgs) StdoutLine: {'line': b'-- Up-to-date symlink: /home/maxim/super_ws/install/px4_msgs/include/px4_msgs/px4_msgs/msg/position_controller_status.h\n'}
[1.788462] (px4_msgs) StdoutLine: {'line': b'-- Up-to-date symlink: /home/maxim/super_ws/install/px4_msgs/include/px4_msgs/px4_msgs/msg/position_setpoint.h\n'}
[1.788533] (px4_msgs) StdoutLine: {'line': b'-- Up-to-date symlink: /home/maxim/super_ws/install/px4_msgs/include/px4_msgs/px4_msgs/msg/position_setpoint_triplet.h\n'}
[1.788604] (px4_msgs) StdoutLine: {'line': b'-- Up-to-date symlink: /home/maxim/super_ws/install/px4_msgs/include/px4_msgs/px4_msgs/msg/power_button_state.h\n'}
[1.788680] (px4_msgs) StdoutLine: {'line': b'-- Up-to-date symlink: /home/maxim/super_ws/install/px4_msgs/include/px4_msgs/px4_msgs/msg/power_monitor.h\n'}
[1.788749] (px4_msgs) StdoutLine: {'line': b'-- Up-to-date symlink: /home/maxim/super_ws/install/px4_msgs/include/px4_msgs/px4_msgs/msg/pps_capture.h\n'}
[1.788820] (px4_msgs) StdoutLine: {'line': b'-- Up-to-date symlink: /home/maxim/super_ws/install/px4_msgs/include/px4_msgs/px4_msgs/msg/prec_land_status.h\n'}
[1.788891] (px4_msgs) StdoutLine: {'line': b'-- Up-to-date symlink: /home/maxim/super_ws/install/px4_msgs/include/px4_msgs/px4_msgs/msg/pure_pursuit_status.h\n'}
[1.788956] (px4_msgs) StdoutLine: {'line': b'-- Up-to-date symlink: /home/maxim/super_ws/install/px4_msgs/include/px4_msgs/px4_msgs/msg/pwm_input.h\n'}
[1.789025] (px4_msgs) StdoutLine: {'line': b'-- Up-to-date symlink: /home/maxim/super_ws/install/px4_msgs/include/px4_msgs/px4_msgs/msg/px4io_status.h\n'}
[1.789098] (px4_msgs) StdoutLine: {'line': b'-- Up-to-date symlink: /home/maxim/super_ws/install/px4_msgs/include/px4_msgs/px4_msgs/msg/qshell_req.h\n'}
[1.789175] (px4_msgs) StdoutLine: {'line': b'-- Up-to-date symlink: /home/maxim/super_ws/install/px4_msgs/include/px4_msgs/px4_msgs/msg/qshell_retval.h\n'}
[1.789249] (px4_msgs) StdoutLine: {'line': b'-- Up-to-date symlink: /home/maxim/super_ws/install/px4_msgs/include/px4_msgs/px4_msgs/msg/radio_status.h\n'}
[1.789323] (px4_msgs) StdoutLine: {'line': b'-- Up-to-date symlink: /home/maxim/super_ws/install/px4_msgs/include/px4_msgs/px4_msgs/msg/ranging_beacon.h\n'}
[1.789405] (px4_msgs) StdoutLine: {'line': b'-- Up-to-date symlink: /home/maxim/super_ws/install/px4_msgs/include/px4_msgs/px4_msgs/msg/raptor_input.h\n'}
[1.789478] (px4_msgs) StdoutLine: {'line': b'-- Up-to-date symlink: /home/maxim/super_ws/install/px4_msgs/include/px4_msgs/px4_msgs/msg/raptor_status.h\n'}
[1.789553] (px4_msgs) StdoutLine: {'line': b'-- Up-to-date symlink: /home/maxim/super_ws/install/px4_msgs/include/px4_msgs/px4_msgs/msg/rate_ctrl_status.h\n'}
[1.789628] (px4_msgs) StdoutLine: {'line': b'-- Up-to-date symlink: /home/maxim/super_ws/install/px4_msgs/include/px4_msgs/px4_msgs/msg/rc_channels.h\n'}
[1.789701] (px4_msgs) StdoutLine: {'line': b'-- Up-to-date symlink: /home/maxim/super_ws/install/px4_msgs/include/px4_msgs/px4_msgs/msg/rc_parameter_map.h\n'}
[1.789779] (px4_msgs) StdoutLine: {'line': b'-- Up-to-date symlink: /home/maxim/super_ws/install/px4_msgs/include/px4_msgs/px4_msgs/msg/register_ext_component_reply.h\n'}
[1.789854] (px4_msgs) StdoutLine: {'line': b'-- Up-to-date symlink: /home/maxim/super_ws/install/px4_msgs/include/px4_msgs/px4_msgs/msg/register_ext_component_request.h\n'}
[1.789932] (px4_msgs) StdoutLine: {'line': b'-- Up-to-date symlink: /home/maxim/super_ws/install/px4_msgs/include/px4_msgs/px4_msgs/msg/rosidl_generator_c__visibility_control.h\n'}
[1.790007] (px4_msgs) StdoutLine: {'line': b'-- Up-to-date symlink: /home/maxim/super_ws/install/px4_msgs/include/px4_msgs/px4_msgs/msg/rover_attitude_setpoint.h\n'}
[1.790083] (px4_msgs) StdoutLine: {'line': b'-- Up-to-date symlink: /home/maxim/super_ws/install/px4_msgs/include/px4_msgs/px4_msgs/msg/rover_attitude_status.h\n'}
[1.790158] (px4_msgs) StdoutLine: {'line': b'-- Up-to-date symlink: /home/maxim/super_ws/install/px4_msgs/include/px4_msgs/px4_msgs/msg/rover_position_setpoint.h\n'}
[1.790233] (px4_msgs) StdoutLine: {'line': b'-- Up-to-date symlink: /home/maxim/super_ws/install/px4_msgs/include/px4_msgs/px4_msgs/msg/rover_rate_setpoint.h\n'}
[1.790309] (px4_msgs) StdoutLine: {'line': b'-- Up-to-date symlink: /home/maxim/super_ws/install/px4_msgs/include/px4_msgs/px4_msgs/msg/rover_rate_status.h\n'}
[1.790390] (px4_msgs) StdoutLine: {'line': b'-- Up-to-date symlink: /home/maxim/super_ws/install/px4_msgs/include/px4_msgs/px4_msgs/msg/rover_speed_setpoint.h\n'}
[1.790495] (px4_msgs) StdoutLine: {'line': b'-- Up-to-date symlink: /home/maxim/super_ws/install/px4_msgs/include/px4_msgs/px4_msgs/msg/rover_speed_status.h\n'}
[1.790570] (px4_msgs) StdoutLine: {'line': b'-- Up-to-date symlink: /home/maxim/super_ws/install/px4_msgs/include/px4_msgs/px4_msgs/msg/rover_steering_setpoint.h\n'}
[1.790645] (px4_msgs) StdoutLine: {'line': b'-- Up-to-date symlink: /home/maxim/super_ws/install/px4_msgs/include/px4_msgs/px4_msgs/msg/rover_throttle_setpoint.h\n'}
[1.790715] (px4_msgs) StdoutLine: {'line': b'-- Up-to-date symlink: /home/maxim/super_ws/install/px4_msgs/include/px4_msgs/px4_msgs/msg/rpm.h\n'}
[1.790783] (px4_msgs) StdoutLine: {'line': b'-- Up-to-date symlink: /home/maxim/super_ws/install/px4_msgs/include/px4_msgs/px4_msgs/msg/rtl_status.h\n'}
[1.790883] (px4_msgs) StdoutLine: {'line': b'-- Up-to-date symlink: /home/maxim/super_ws/install/px4_msgs/include/px4_msgs/px4_msgs/msg/rtl_time_estimate.h\n'}
[1.790962] (px4_msgs) StdoutLine: {'line': b'-- Up-to-date symlink: /home/maxim/super_ws/install/px4_msgs/include/px4_msgs/px4_msgs/msg/satellite_info.h\n'}
[1.791037] (px4_msgs) StdoutLine: {'line': b'-- Up-to-date symlink: /home/maxim/super_ws/install/px4_msgs/include/px4_msgs/px4_msgs/msg/sensor_accel.h\n'}
[1.791107] (px4_msgs) StdoutLine: {'line': b'-- Up-to-date symlink: /home/maxim/super_ws/install/px4_msgs/include/px4_msgs/px4_msgs/msg/sensor_accel_fifo.h\n'}
[1.791176] (px4_msgs) StdoutLine: {'line': b'-- Up-to-date symlink: /home/maxim/super_ws/install/px4_msgs/include/px4_msgs/px4_msgs/msg/sensor_airflow.h\n'}
[1.791249] (px4_msgs) StdoutLine: {'line': b'-- Up-to-date symlink: /home/maxim/super_ws/install/px4_msgs/include/px4_msgs/px4_msgs/msg/sensor_baro.h\n'}
[1.791318] (px4_msgs) StdoutLine: {'line': b'-- Up-to-date symlink: /home/maxim/super_ws/install/px4_msgs/include/px4_msgs/px4_msgs/msg/sensor_combined.h\n'}
[1.791392] (px4_msgs) StdoutLine: {'line': b'-- Up-to-date symlink: /home/maxim/super_ws/install/px4_msgs/include/px4_msgs/px4_msgs/msg/sensor_correction.h\n'}
[1.791495] (px4_msgs) StdoutLine: {'line': b'-- Up-to-date symlink: /home/maxim/super_ws/install/px4_msgs/include/px4_msgs/px4_msgs/msg/sensor_gnss_relative.h\n'}
[1.791574] (px4_msgs) StdoutLine: {'line': b'-- Up-to-date symlink: /home/maxim/super_ws/install/px4_msgs/include/px4_msgs/px4_msgs/msg/sensor_gnss_status.h\n'}
[1.791652] (px4_msgs) StdoutLine: {'line': b'-- Up-to-date symlink: /home/maxim/super_ws/install/px4_msgs/include/px4_msgs/px4_msgs/msg/sensor_gps.h\n'}
[1.791725] (px4_msgs) StdoutLine: {'line': b'-- Up-to-date symlink: /home/maxim/super_ws/install/px4_msgs/include/px4_msgs/px4_msgs/msg/sensor_gyro.h\n'}
[1.791796] (px4_msgs) StdoutLine: {'line': b'-- Up-to-date symlink: /home/maxim/super_ws/install/px4_msgs/include/px4_msgs/px4_msgs/msg/sensor_gyro_fft.h\n'}
[1.791867] (px4_msgs) StdoutLine: {'line': b'-- Up-to-date symlink: /home/maxim/super_ws/install/px4_msgs/include/px4_msgs/px4_msgs/msg/sensor_gyro_fifo.h\n'}
[1.791936] (px4_msgs) StdoutLine: {'line': b'-- Up-to-date symlink: /home/maxim/super_ws/install/px4_msgs/include/px4_msgs/px4_msgs/msg/sensor_hygrometer.h\n'}
[1.792009] (px4_msgs) StdoutLine: {'line': b'-- Up-to-date symlink: /home/maxim/super_ws/install/px4_msgs/include/px4_msgs/px4_msgs/msg/sensor_mag.h\n'}
[1.792082] (px4_msgs) StdoutLine: {'line': b'-- Up-to-date symlink: /home/maxim/super_ws/install/px4_msgs/include/px4_msgs/px4_msgs/msg/sensor_optical_flow.h\n'}
[1.792151] (px4_msgs) StdoutLine: {'line': b'-- Up-to-date symlink: /home/maxim/super_ws/install/px4_msgs/include/px4_msgs/px4_msgs/msg/sensor_preflight_mag.h\n'}
[1.792220] (px4_msgs) StdoutLine: {'line': b'-- Up-to-date symlink: /home/maxim/super_ws/install/px4_msgs/include/px4_msgs/px4_msgs/msg/sensor_selection.h\n'}
[1.792284] (px4_msgs) StdoutLine: {'line': b'-- Up-to-date symlink: /home/maxim/super_ws/install/px4_msgs/include/px4_msgs/px4_msgs/msg/sensor_temp.h\n'}
[1.792352] (px4_msgs) StdoutLine: {'line': b'-- Up-to-date symlink: /home/maxim/super_ws/install/px4_msgs/include/px4_msgs/px4_msgs/msg/sensor_uwb.h\n'}
[1.792435] (px4_msgs) StdoutLine: {'line': b'-- Up-to-date symlink: /home/maxim/super_ws/install/px4_msgs/include/px4_msgs/px4_msgs/msg/sensors_status.h\n'}
[1.792548] (px4_msgs) StdoutLine: {'line': b'-- Up-to-date symlink: /home/maxim/super_ws/install/px4_msgs/include/px4_msgs/px4_msgs/msg/sensors_status_imu.h\n'}
[1.792631] (px4_msgs) StdoutLine: {'line': b'-- Up-to-date symlink: /home/maxim/super_ws/install/px4_msgs/include/px4_msgs/px4_msgs/msg/system_power.h\n'}
[1.792703] (px4_msgs) StdoutLine: {'line': b'-- Up-to-date symlink: /home/maxim/super_ws/install/px4_msgs/include/px4_msgs/px4_msgs/msg/takeoff_status.h\n'}
[1.792774] (px4_msgs) StdoutLine: {'line': b'-- Up-to-date symlink: /home/maxim/super_ws/install/px4_msgs/include/px4_msgs/px4_msgs/msg/target_gnss.h\n'}
[1.792843] (px4_msgs) StdoutLine: {'line': b'-- Up-to-date symlink: /home/maxim/super_ws/install/px4_msgs/include/px4_msgs/px4_msgs/msg/task_stack_info.h\n'}
[1.792913] (px4_msgs) StdoutLine: {'line': b'-- Up-to-date symlink: /home/maxim/super_ws/install/px4_msgs/include/px4_msgs/px4_msgs/msg/tecs_status.h\n'}
[1.792984] (px4_msgs) StdoutLine: {'line': b'-- Up-to-date symlink: /home/maxim/super_ws/install/px4_msgs/include/px4_msgs/px4_msgs/msg/telemetry_status.h\n'}
[1.793055] (px4_msgs) StdoutLine: {'line': b'-- Up-to-date symlink: /home/maxim/super_ws/install/px4_msgs/include/px4_msgs/px4_msgs/msg/tiltrotor_extra_controls.h\n'}
[1.793141] (px4_msgs) StdoutLine: {'line': b'-- Up-to-date symlink: /home/maxim/super_ws/install/px4_msgs/include/px4_msgs/px4_msgs/msg/timesync_status.h\n'}
[1.793216] (px4_msgs) StdoutLine: {'line': b'-- Up-to-date symlink: /home/maxim/super_ws/install/px4_msgs/include/px4_msgs/px4_msgs/msg/trajectory_setpoint.h\n'}
[1.793287] (px4_msgs) StdoutLine: {'line': b'-- Up-to-date symlink: /home/maxim/super_ws/install/px4_msgs/include/px4_msgs/px4_msgs/msg/trajectory_setpoint6dof.h\n'}
[1.793358] (px4_msgs) StdoutLine: {'line': b'-- Up-to-date symlink: /home/maxim/super_ws/install/px4_msgs/include/px4_msgs/px4_msgs/msg/transponder_report.h\n'}
[1.793437] (px4_msgs) StdoutLine: {'line': b'-- Up-to-date symlink: /home/maxim/super_ws/install/px4_msgs/include/px4_msgs/px4_msgs/msg/tune_control.h\n'}
[1.793508] (px4_msgs) StdoutLine: {'line': b'-- Up-to-date symlink: /home/maxim/super_ws/install/px4_msgs/include/px4_msgs/px4_msgs/msg/uavcan_parameter_request.h\n'}
[1.793583] (px4_msgs) StdoutLine: {'line': b'-- Up-to-date symlink: /home/maxim/super_ws/install/px4_msgs/include/px4_msgs/px4_msgs/msg/uavcan_parameter_value.h\n'}
[1.793654] (px4_msgs) StdoutLine: {'line': b'-- Up-to-date symlink: /home/maxim/super_ws/install/px4_msgs/include/px4_msgs/px4_msgs/msg/ulog_stream.h\n'}
[1.793753] (px4_msgs) StdoutLine: {'line': b'-- Up-to-date symlink: /home/maxim/super_ws/install/px4_msgs/include/px4_msgs/px4_msgs/msg/ulog_stream_ack.h\n'}
[1.793866] (px4_msgs) StdoutLine: {'line': b'-- Up-to-date symlink: /home/maxim/super_ws/install/px4_msgs/include/px4_msgs/px4_msgs/msg/unregister_ext_component.h\n'}
[1.793945] (px4_msgs) StdoutLine: {'line': b'-- Up-to-date symlink: /home/maxim/super_ws/install/px4_msgs/include/px4_msgs/px4_msgs/msg/vehicle_acceleration.h\n'}
[1.794027] (px4_msgs) StdoutLine: {'line': b'-- Up-to-date symlink: /home/maxim/super_ws/install/px4_msgs/include/px4_msgs/px4_msgs/msg/vehicle_air_data.h\n'}
[1.794098] (px4_msgs) StdoutLine: {'line': b'-- Up-to-date symlink: /home/maxim/super_ws/install/px4_msgs/include/px4_msgs/px4_msgs/msg/vehicle_angular_acceleration_setpoint.h\n'}
[1.794169] (px4_msgs) StdoutLine: {'line': b'-- Up-to-date symlink: /home/maxim/super_ws/install/px4_msgs/include/px4_msgs/px4_msgs/msg/vehicle_angular_velocity.h\n'}
[1.794241] (px4_msgs) StdoutLine: {'line': b'-- Up-to-date symlink: /home/maxim/super_ws/install/px4_msgs/include/px4_msgs/px4_msgs/msg/vehicle_attitude.h\n'}
[1.794308] (px4_msgs) StdoutLine: {'line': b'-- Up-to-date symlink: /home/maxim/super_ws/install/px4_msgs/include/px4_msgs/px4_msgs/msg/vehicle_attitude_setpoint.h\n'}
[1.794391] (px4_msgs) StdoutLine: {'line': b'-- Up-to-date symlink: /home/maxim/super_ws/install/px4_msgs/include/px4_msgs/px4_msgs/msg/vehicle_command.h\n'}
[1.794464] (px4_msgs) StdoutLine: {'line': b'-- Up-to-date symlink: /home/maxim/super_ws/install/px4_msgs/include/px4_msgs/px4_msgs/msg/vehicle_command_ack.h\n'}
[1.794584] (px4_msgs) StdoutLine: {'line': b'-- Up-to-date symlink: /home/maxim/super_ws/install/px4_msgs/include/px4_msgs/px4_msgs/msg/vehicle_constraints.h\n'}
[1.794659] (px4_msgs) StdoutLine: {'line': b'-- Up-to-date symlink: /home/maxim/super_ws/install/px4_msgs/include/px4_msgs/px4_msgs/msg/vehicle_control_mode.h\n'}
[1.794726] (px4_msgs) StdoutLine: {'line': b'-- Up-to-date symlink: /home/maxim/super_ws/install/px4_msgs/include/px4_msgs/px4_msgs/msg/vehicle_global_position.h\n'}
[1.794801] (px4_msgs) StdoutLine: {'line': b'-- Up-to-date symlink: /home/maxim/super_ws/install/px4_msgs/include/px4_msgs/px4_msgs/msg/vehicle_imu.h\n'}
[1.794859] (px4_msgs) StdoutLine: {'line': b'-- Up-to-date symlink: /home/maxim/super_ws/install/px4_msgs/include/px4_msgs/px4_msgs/msg/vehicle_imu_status.h\n'}
[1.794926] (px4_msgs) StdoutLine: {'line': b'-- Up-to-date symlink: /home/maxim/super_ws/install/px4_msgs/include/px4_msgs/px4_msgs/msg/vehicle_land_detected.h\n'}
[1.794997] (px4_msgs) StdoutLine: {'line': b'-- Up-to-date symlink: /home/maxim/super_ws/install/px4_msgs/include/px4_msgs/px4_msgs/msg/vehicle_local_position.h\n'}
[1.795067] (px4_msgs) StdoutLine: {'line': b'-- Up-to-date symlink: /home/maxim/super_ws/install/px4_msgs/include/px4_msgs/px4_msgs/msg/vehicle_local_position_setpoint.h\n'}
[1.795133] (px4_msgs) StdoutLine: {'line': b'-- Up-to-date symlink: /home/maxim/super_ws/install/px4_msgs/include/px4_msgs/px4_msgs/msg/vehicle_magnetometer.h\n'}
[1.795201] (px4_msgs) StdoutLine: {'line': b'-- Up-to-date symlink: /home/maxim/super_ws/install/px4_msgs/include/px4_msgs/px4_msgs/msg/vehicle_odometry.h\n'}
[1.795268] (px4_msgs) StdoutLine: {'line': b'-- Up-to-date symlink: /home/maxim/super_ws/install/px4_msgs/include/px4_msgs/px4_msgs/msg/vehicle_optical_flow.h\n'}
[1.795335] (px4_msgs) StdoutLine: {'line': b'-- Up-to-date symlink: /home/maxim/super_ws/install/px4_msgs/include/px4_msgs/px4_msgs/msg/vehicle_optical_flow_vel.h\n'}
[1.795446] (px4_msgs) StdoutLine: {'line': b'-- Up-to-date symlink: /home/maxim/super_ws/install/px4_msgs/include/px4_msgs/px4_msgs/msg/vehicle_rates_setpoint.h\n'}
[1.795525] (px4_msgs) StdoutLine: {'line': b'-- Up-to-date symlink: /home/maxim/super_ws/install/px4_msgs/include/px4_msgs/px4_msgs/msg/vehicle_roi.h\n'}
[1.795600] (px4_msgs) StdoutLine: {'line': b'-- Up-to-date symlink: /home/maxim/super_ws/install/px4_msgs/include/px4_msgs/px4_msgs/msg/vehicle_status.h\n'}
[1.795672] (px4_msgs) StdoutLine: {'line': b'-- Up-to-date symlink: /home/maxim/super_ws/install/px4_msgs/include/px4_msgs/px4_msgs/msg/vehicle_thrust_setpoint.h\n'}
[1.795739] (px4_msgs) StdoutLine: {'line': b'-- Up-to-date symlink: /home/maxim/super_ws/install/px4_msgs/include/px4_msgs/px4_msgs/msg/vehicle_torque_setpoint.h\n'}
[1.795806] (px4_msgs) StdoutLine: {'line': b'-- Up-to-date symlink: /home/maxim/super_ws/install/px4_msgs/include/px4_msgs/px4_msgs/msg/velocity_limits.h\n'}
[1.795874] (px4_msgs) StdoutLine: {'line': b'-- Up-to-date symlink: /home/maxim/super_ws/install/px4_msgs/include/px4_msgs/px4_msgs/msg/vte_aid_source1d.h\n'}
[1.795971] (px4_msgs) StdoutLine: {'line': b'-- Up-to-date symlink: /home/maxim/super_ws/install/px4_msgs/include/px4_msgs/px4_msgs/msg/vte_aid_source3d.h\n'}
[1.796049] (px4_msgs) StdoutLine: {'line': b'-- Up-to-date symlink: /home/maxim/super_ws/install/px4_msgs/include/px4_msgs/px4_msgs/msg/vte_bias_init_status.h\n'}
[1.796125] (px4_msgs) StdoutLine: {'line': b'-- Up-to-date symlink: /home/maxim/super_ws/install/px4_msgs/include/px4_msgs/px4_msgs/msg/vte_input.h\n'}
[1.796197] (px4_msgs) StdoutLine: {'line': b'-- Up-to-date symlink: /home/maxim/super_ws/install/px4_msgs/include/px4_msgs/px4_msgs/msg/vte_orientation.h\n'}
[1.796266] (px4_msgs) StdoutLine: {'line': b'-- Up-to-date symlink: /home/maxim/super_ws/install/px4_msgs/include/px4_msgs/px4_msgs/msg/vte_position.h\n'}
[1.796337] (px4_msgs) StdoutLine: {'line': b'-- Up-to-date symlink: /home/maxim/super_ws/install/px4_msgs/include/px4_msgs/px4_msgs/msg/vtol_vehicle_status.h\n'}
[1.796412] (px4_msgs) StdoutLine: {'line': b'-- Up-to-date symlink: /home/maxim/super_ws/install/px4_msgs/include/px4_msgs/px4_msgs/msg/vtx.h\n'}
[1.796497] (px4_msgs) StdoutLine: {'line': b'-- Up-to-date symlink: /home/maxim/super_ws/install/px4_msgs/include/px4_msgs/px4_msgs/msg/wheel_encoders.h\n'}
[1.796569] (px4_msgs) StdoutLine: {'line': b'-- Up-to-date symlink: /home/maxim/super_ws/install/px4_msgs/include/px4_msgs/px4_msgs/msg/wind.h\n'}
[1.796684] (px4_msgs) StdoutLine: {'line': b'-- Up-to-date symlink: /home/maxim/super_ws/install/px4_msgs/include/px4_msgs/px4_msgs/msg/yaw_estimator_status.h\n'}
[1.796767] (px4_msgs) StdoutLine: {'line': b'-- Up-to-date symlink: /home/maxim/super_ws/install/px4_msgs/include/px4_msgs/px4_msgs/srv/detail/vehicle_command__functions.h\n'}
[1.796837] (px4_msgs) StdoutLine: {'line': b'-- Up-to-date symlink: /home/maxim/super_ws/install/px4_msgs/include/px4_msgs/px4_msgs/srv/detail/vehicle_command__struct.h\n'}
[1.796906] (px4_msgs) StdoutLine: {'line': b'-- Up-to-date symlink: /home/maxim/super_ws/install/px4_msgs/include/px4_msgs/px4_msgs/srv/detail/vehicle_command__type_support.h\n'}
[1.796976] (px4_msgs) StdoutLine: {'line': b'-- Up-to-date symlink: /home/maxim/super_ws/install/px4_msgs/include/px4_msgs/px4_msgs/srv/vehicle_command.h\n'}
[1.797118] (px4_msgs) StdoutLine: {'line': b'-- Up-to-date symlink: /home/maxim/super_ws/install/px4_msgs/share/px4_msgs/environment/library_path.sh\n'}
[1.797237] (px4_msgs) StdoutLine: {'line': b'-- Up-to-date symlink: /home/maxim/super_ws/install/px4_msgs/share/px4_msgs/environment/library_path.dsv\n'}
[1.802307] (px4_msgs) StdoutLine: {'line': b'-- Up-to-date symlink: /home/maxim/super_ws/install/px4_msgs/include/px4_msgs/px4_msgs/msg/detail/action_request__rosidl_typesupport_fastrtps_c.h\n'}
[1.802404] (px4_msgs) StdoutLine: {'line': b'-- Up-to-date symlink: /home/maxim/super_ws/install/px4_msgs/include/px4_msgs/px4_msgs/msg/detail/actuator_armed__rosidl_typesupport_fastrtps_c.h\n'}
[1.802619] (-) TimerEvent: {}
[1.802688] (px4_msgs) StdoutLine: {'line': b'-- Up-to-date symlink: /home/maxim/super_ws/install/px4_msgs/include/px4_msgs/px4_msgs/msg/detail/actuator_controls_status__rosidl_typesupport_fastrtps_c.h\n'}
[1.802764] (px4_msgs) StdoutLine: {'line': b'-- Up-to-date symlink: /home/maxim/super_ws/install/px4_msgs/include/px4_msgs/px4_msgs/msg/detail/actuator_motors__rosidl_typesupport_fastrtps_c.h\n'}
[1.802826] (px4_msgs) StdoutLine: {'line': b'-- Up-to-date symlink: /home/maxim/super_ws/install/px4_msgs/include/px4_msgs/px4_msgs/msg/detail/actuator_outputs__rosidl_typesupport_fastrtps_c.h\n'}
[1.802885] (px4_msgs) StdoutLine: {'line': b'-- Up-to-date symlink: /home/maxim/super_ws/install/px4_msgs/include/px4_msgs/px4_msgs/msg/detail/actuator_servos__rosidl_typesupport_fastrtps_c.h\n'}
[1.803027] (px4_msgs) StdoutLine: {'line': b'-- Up-to-date symlink: /home/maxim/super_ws/install/px4_msgs/include/px4_msgs/px4_msgs/msg/detail/actuator_servos_trim__rosidl_typesupport_fastrtps_c.h\n'}
[1.803114] (px4_msgs) StdoutLine: {'line': b'-- Up-to-date symlink: /home/maxim/super_ws/install/px4_msgs/include/px4_msgs/px4_msgs/msg/detail/actuator_test__rosidl_typesupport_fastrtps_c.h\n'}
[1.803260] (px4_msgs) StdoutLine: {'line': b'-- Up-to-date symlink: /home/maxim/super_ws/install/px4_msgs/include/px4_msgs/px4_msgs/msg/detail/adc_report__rosidl_typesupport_fastrtps_c.h\n'}
[1.803349] (px4_msgs) StdoutLine: {'line': b'-- Up-to-date symlink: /home/maxim/super_ws/install/px4_msgs/include/px4_msgs/px4_msgs/msg/detail/airspeed__rosidl_typesupport_fastrtps_c.h\n'}
[1.803430] (px4_msgs) StdoutLine: {'line': b'-- Up-to-date symlink: /home/maxim/super_ws/install/px4_msgs/include/px4_msgs/px4_msgs/msg/detail/airspeed_validated__rosidl_typesupport_fastrtps_c.h\n'}
[1.803499] (px4_msgs) StdoutLine: {'line': b'-- Up-to-date symlink: /home/maxim/super_ws/install/px4_msgs/include/px4_msgs/px4_msgs/msg/detail/airspeed_wind__rosidl_typesupport_fastrtps_c.h\n'}
[1.803556] (px4_msgs) StdoutLine: {'line': b'-- Up-to-date symlink: /home/maxim/super_ws/install/px4_msgs/include/px4_msgs/px4_msgs/msg/detail/arming_check_reply__rosidl_typesupport_fastrtps_c.h\n'}
[1.803619] (px4_msgs) StdoutLine: {'line': b'-- Up-to-date symlink: /home/maxim/super_ws/install/px4_msgs/include/px4_msgs/px4_msgs/msg/detail/arming_check_request__rosidl_typesupport_fastrtps_c.h\n'}
[1.803675] (px4_msgs) StdoutLine: {'line': b'-- Up-to-date symlink: /home/maxim/super_ws/install/px4_msgs/include/px4_msgs/px4_msgs/msg/detail/autotune_attitude_control_status__rosidl_typesupport_fastrtps_c.h\n'}
[1.803732] (px4_msgs) StdoutLine: {'line': b'-- Up-to-date symlink: /home/maxim/super_ws/install/px4_msgs/include/px4_msgs/px4_msgs/msg/detail/aux_global_position__rosidl_typesupport_fastrtps_c.h\n'}
[1.803826] (px4_msgs) StdoutLine: {'line': b'-- Up-to-date symlink: /home/maxim/super_ws/install/px4_msgs/include/px4_msgs/px4_msgs/msg/detail/battery_info__rosidl_typesupport_fastrtps_c.h\n'}
[1.803896] (px4_msgs) StdoutLine: {'line': b'-- Up-to-date symlink: /home/maxim/super_ws/install/px4_msgs/include/px4_msgs/px4_msgs/msg/detail/battery_status__rosidl_typesupport_fastrtps_c.h\n'}
[1.803952] (px4_msgs) StdoutLine: {'line': b'-- Up-to-date symlink: /home/maxim/super_ws/install/px4_msgs/include/px4_msgs/px4_msgs/msg/detail/button_event__rosidl_typesupport_fastrtps_c.h\n'}
[1.804028] (px4_msgs) StdoutLine: {'line': b'-- Up-to-date symlink: /home/maxim/super_ws/install/px4_msgs/include/px4_msgs/px4_msgs/msg/detail/camera_capture__rosidl_typesupport_fastrtps_c.h\n'}
[1.804084] (px4_msgs) StdoutLine: {'line': b'-- Up-to-date symlink: /home/maxim/super_ws/install/px4_msgs/include/px4_msgs/px4_msgs/msg/detail/camera_status__rosidl_typesupport_fastrtps_c.h\n'}
[1.804154] (px4_msgs) StdoutLine: {'line': b'-- Up-to-date symlink: /home/maxim/super_ws/install/px4_msgs/include/px4_msgs/px4_msgs/msg/detail/camera_trigger__rosidl_typesupport_fastrtps_c.h\n'}
[1.804208] (px4_msgs) StdoutLine: {'line': b'-- Up-to-date symlink: /home/maxim/super_ws/install/px4_msgs/include/px4_msgs/px4_msgs/msg/detail/can_interface_status__rosidl_typesupport_fastrtps_c.h\n'}
[1.804266] (px4_msgs) StdoutLine: {'line': b'-- Up-to-date symlink: /home/maxim/super_ws/install/px4_msgs/include/px4_msgs/px4_msgs/msg/detail/cellular_status__rosidl_typesupport_fastrtps_c.h\n'}
[1.804353] (px4_msgs) StdoutLine: {'line': b'-- Up-to-date symlink: /home/maxim/super_ws/install/px4_msgs/include/px4_msgs/px4_msgs/msg/detail/collision_constraints__rosidl_typesupport_fastrtps_c.h\n'}
[1.804416] (px4_msgs) StdoutLine: {'line': b'-- Up-to-date symlink: /home/maxim/super_ws/install/px4_msgs/include/px4_msgs/px4_msgs/msg/detail/config_overrides__rosidl_typesupport_fastrtps_c.h\n'}
[1.804501] (px4_msgs) StdoutLine: {'line': b'-- Up-to-date symlink: /home/maxim/super_ws/install/px4_msgs/include/px4_msgs/px4_msgs/msg/detail/control_allocator_status__rosidl_typesupport_fastrtps_c.h\n'}
[1.804562] (px4_msgs) StdoutLine: {'line': b'-- Up-to-date symlink: /home/maxim/super_ws/install/px4_msgs/include/px4_msgs/px4_msgs/msg/detail/cpuload__rosidl_typesupport_fastrtps_c.h\n'}
[1.804636] (px4_msgs) StdoutLine: {'line': b'-- Up-to-date symlink: /home/maxim/super_ws/install/px4_msgs/include/px4_msgs/px4_msgs/msg/detail/dataman_request__rosidl_typesupport_fastrtps_c.h\n'}
[1.804695] (px4_msgs) StdoutLine: {'line': b'-- Up-to-date symlink: /home/maxim/super_ws/install/px4_msgs/include/px4_msgs/px4_msgs/msg/detail/dataman_response__rosidl_typesupport_fastrtps_c.h\n'}
[1.804771] (px4_msgs) StdoutLine: {'line': b'-- Up-to-date symlink: /home/maxim/super_ws/install/px4_msgs/include/px4_msgs/px4_msgs/msg/detail/debug_array__rosidl_typesupport_fastrtps_c.h\n'}
[1.804829] (px4_msgs) StdoutLine: {'line': b'-- Up-to-date symlink: /home/maxim/super_ws/install/px4_msgs/include/px4_msgs/px4_msgs/msg/detail/debug_key_value__rosidl_typesupport_fastrtps_c.h\n'}
[1.804895] (px4_msgs) StdoutLine: {'line': b'-- Up-to-date symlink: /home/maxim/super_ws/install/px4_msgs/include/px4_msgs/px4_msgs/msg/detail/debug_value__rosidl_typesupport_fastrtps_c.h\n'}
[1.804957] (px4_msgs) StdoutLine: {'line': b'-- Up-to-date symlink: /home/maxim/super_ws/install/px4_msgs/include/px4_msgs/px4_msgs/msg/detail/debug_vect__rosidl_typesupport_fastrtps_c.h\n'}
[1.805027] (px4_msgs) StdoutLine: {'line': b'-- Up-to-date symlink: /home/maxim/super_ws/install/px4_msgs/include/px4_msgs/px4_msgs/msg/detail/device_information__rosidl_typesupport_fastrtps_c.h\n'}
[1.805095] (px4_msgs) StdoutLine: {'line': b'-- Up-to-date symlink: /home/maxim/super_ws/install/px4_msgs/include/px4_msgs/px4_msgs/msg/detail/differential_pressure__rosidl_typesupport_fastrtps_c.h\n'}
[1.805166] (px4_msgs) StdoutLine: {'line': b'-- Up-to-date symlink: /home/maxim/super_ws/install/px4_msgs/include/px4_msgs/px4_msgs/msg/detail/distance_sensor__rosidl_typesupport_fastrtps_c.h\n'}
[1.805236] (px4_msgs) StdoutLine: {'line': b'-- Up-to-date symlink: /home/maxim/super_ws/install/px4_msgs/include/px4_msgs/px4_msgs/msg/detail/distance_sensor_mode_change_request__rosidl_typesupport_fastrtps_c.h\n'}
[1.805310] (px4_msgs) StdoutLine: {'line': b'-- Up-to-date symlink: /home/maxim/super_ws/install/px4_msgs/include/px4_msgs/px4_msgs/msg/detail/dronecan_node_status__rosidl_typesupport_fastrtps_c.h\n'}
[1.805452] (px4_msgs) StdoutLine: {'line': b'-- Up-to-date symlink: /home/maxim/super_ws/install/px4_msgs/include/px4_msgs/px4_msgs/msg/detail/ekf2_timestamps__rosidl_typesupport_fastrtps_c.h\n'}
[1.805525] (px4_msgs) StdoutLine: {'line': b'-- Up-to-date symlink: /home/maxim/super_ws/install/px4_msgs/include/px4_msgs/px4_msgs/msg/detail/esc_eeprom_read__rosidl_typesupport_fastrtps_c.h\n'}
[1.805598] (px4_msgs) StdoutLine: {'line': b'-- Up-to-date symlink: /home/maxim/super_ws/install/px4_msgs/include/px4_msgs/px4_msgs/msg/detail/esc_eeprom_write__rosidl_typesupport_fastrtps_c.h\n'}
[1.805668] (px4_msgs) StdoutLine: {'line': b'-- Up-to-date symlink: /home/maxim/super_ws/install/px4_msgs/include/px4_msgs/px4_msgs/msg/detail/esc_report__rosidl_typesupport_fastrtps_c.h\n'}
[1.805738] (px4_msgs) StdoutLine: {'line': b'-- Up-to-date symlink: /home/maxim/super_ws/install/px4_msgs/include/px4_msgs/px4_msgs/msg/detail/esc_status__rosidl_typesupport_fastrtps_c.h\n'}
[1.805808] (px4_msgs) StdoutLine: {'line': b'-- Up-to-date symlink: /home/maxim/super_ws/install/px4_msgs/include/px4_msgs/px4_msgs/msg/detail/estimator_aid_source1d__rosidl_typesupport_fastrtps_c.h\n'}
[1.805878] (px4_msgs) StdoutLine: {'line': b'-- Up-to-date symlink: /home/maxim/super_ws/install/px4_msgs/include/px4_msgs/px4_msgs/msg/detail/estimator_aid_source2d__rosidl_typesupport_fastrtps_c.h\n'}
[1.805957] (px4_msgs) StdoutLine: {'line': b'-- Up-to-date symlink: /home/maxim/super_ws/install/px4_msgs/include/px4_msgs/px4_msgs/msg/detail/estimator_aid_source3d__rosidl_typesupport_fastrtps_c.h\n'}
[1.806075] (px4_msgs) StdoutLine: {'line': b'-- Up-to-date symlink: /home/maxim/super_ws/install/px4_msgs/include/px4_msgs/px4_msgs/msg/detail/estimator_bias3d__rosidl_typesupport_fastrtps_c.h\n'}
[1.806159] (px4_msgs) StdoutLine: {'line': b'-- Up-to-date symlink: /home/maxim/super_ws/install/px4_msgs/include/px4_msgs/px4_msgs/msg/detail/estimator_bias__rosidl_typesupport_fastrtps_c.h\n'}
[1.806244] (px4_msgs) StdoutLine: {'line': b'-- Up-to-date symlink: /home/maxim/super_ws/install/px4_msgs/include/px4_msgs/px4_msgs/msg/detail/estimator_event_flags__rosidl_typesupport_fastrtps_c.h\n'}
[1.806315] (px4_msgs) StdoutLine: {'line': b'-- Up-to-date symlink: /home/maxim/super_ws/install/px4_msgs/include/px4_msgs/px4_msgs/msg/detail/estimator_fusion_control__rosidl_typesupport_fastrtps_c.h\n'}
[1.806389] (px4_msgs) StdoutLine: {'line': b'-- Up-to-date symlink: /home/maxim/super_ws/install/px4_msgs/include/px4_msgs/px4_msgs/msg/detail/estimator_gps_status__rosidl_typesupport_fastrtps_c.h\n'}
[1.806464] (px4_msgs) StdoutLine: {'line': b'-- Up-to-date symlink: /home/maxim/super_ws/install/px4_msgs/include/px4_msgs/px4_msgs/msg/detail/estimator_innovations__rosidl_typesupport_fastrtps_c.h\n'}
[1.806550] (px4_msgs) StdoutLine: {'line': b'-- Up-to-date symlink: /home/maxim/super_ws/install/px4_msgs/include/px4_msgs/px4_msgs/msg/detail/estimator_selector_status__rosidl_typesupport_fastrtps_c.h\n'}
[1.806637] (px4_msgs) StdoutLine: {'line': b'-- Up-to-date symlink: /home/maxim/super_ws/install/px4_msgs/include/px4_msgs/px4_msgs/msg/detail/estimator_sensor_bias__rosidl_typesupport_fastrtps_c.h\n'}
[1.806721] (px4_msgs) StdoutLine: {'line': b'-- Up-to-date symlink: /home/maxim/super_ws/install/px4_msgs/include/px4_msgs/px4_msgs/msg/detail/estimator_states__rosidl_typesupport_fastrtps_c.h\n'}
[1.806795] (px4_msgs) StdoutLine: {'line': b'-- Up-to-date symlink: /home/maxim/super_ws/install/px4_msgs/include/px4_msgs/px4_msgs/msg/detail/estimator_status__rosidl_typesupport_fastrtps_c.h\n'}
[1.806867] (px4_msgs) StdoutLine: {'line': b'-- Up-to-date symlink: /home/maxim/super_ws/install/px4_msgs/include/px4_msgs/px4_msgs/msg/detail/estimator_status_flags__rosidl_typesupport_fastrtps_c.h\n'}
[1.806938] (px4_msgs) StdoutLine: {'line': b'-- Up-to-date symlink: /home/maxim/super_ws/install/px4_msgs/include/px4_msgs/px4_msgs/msg/detail/event__rosidl_typesupport_fastrtps_c.h\n'}
[1.807008] (px4_msgs) StdoutLine: {'line': b'-- Up-to-date symlink: /home/maxim/super_ws/install/px4_msgs/include/px4_msgs/px4_msgs/msg/detail/failsafe_flags__rosidl_typesupport_fastrtps_c.h\n'}
[1.807082] (px4_msgs) StdoutLine: {'line': b'-- Up-to-date symlink: /home/maxim/super_ws/install/px4_msgs/include/px4_msgs/px4_msgs/msg/detail/failure_detector_status__rosidl_typesupport_fastrtps_c.h\n'}
[1.807161] (px4_msgs) StdoutLine: {'line': b'-- Up-to-date symlink: /home/maxim/super_ws/install/px4_msgs/include/px4_msgs/px4_msgs/msg/detail/fiducial_marker_pos_report__rosidl_typesupport_fastrtps_c.h\n'}
[1.807287] (px4_msgs) StdoutLine: {'line': b'-- Up-to-date symlink: /home/maxim/super_ws/install/px4_msgs/include/px4_msgs/px4_msgs/msg/detail/fiducial_marker_yaw_report__rosidl_typesupport_fastrtps_c.h\n'}
[1.807358] (px4_msgs) StdoutLine: {'line': b'-- Up-to-date symlink: /home/maxim/super_ws/install/px4_msgs/include/px4_msgs/px4_msgs/msg/detail/figure_eight_status__rosidl_typesupport_fastrtps_c.h\n'}
[1.807495] (px4_msgs) StdoutLine: {'line': b'-- Up-to-date symlink: /home/maxim/super_ws/install/px4_msgs/include/px4_msgs/px4_msgs/msg/detail/fixed_wing_lateral_guidance_status__rosidl_typesupport_fastrtps_c.h\n'}
[1.807631] (px4_msgs) StdoutLine: {'line': b'-- Up-to-date symlink: /home/maxim/super_ws/install/px4_msgs/include/px4_msgs/px4_msgs/msg/detail/fixed_wing_lateral_setpoint__rosidl_typesupport_fastrtps_c.h\n'}
[1.807755] (px4_msgs) StdoutLine: {'line': b'-- Up-to-date symlink: /home/maxim/super_ws/install/px4_msgs/include/px4_msgs/px4_msgs/msg/detail/fixed_wing_lateral_status__rosidl_typesupport_fastrtps_c.h\n'}
[1.807852] (px4_msgs) StdoutLine: {'line': b'-- Up-to-date symlink: /home/maxim/super_ws/install/px4_msgs/include/px4_msgs/px4_msgs/msg/detail/fixed_wing_longitudinal_setpoint__rosidl_typesupport_fastrtps_c.h\n'}
[1.807936] (px4_msgs) StdoutLine: {'line': b'-- Up-to-date symlink: /home/maxim/super_ws/install/px4_msgs/include/px4_msgs/px4_msgs/msg/detail/fixed_wing_runway_control__rosidl_typesupport_fastrtps_c.h\n'}
[1.808008] (px4_msgs) StdoutLine: {'line': b'-- Up-to-date symlink: /home/maxim/super_ws/install/px4_msgs/include/px4_msgs/px4_msgs/msg/detail/flight_phase_estimation__rosidl_typesupport_fastrtps_c.h\n'}
[1.808079] (px4_msgs) StdoutLine: {'line': b'-- Up-to-date symlink: /home/maxim/super_ws/install/px4_msgs/include/px4_msgs/px4_msgs/msg/detail/follow_target__rosidl_typesupport_fastrtps_c.h\n'}
[1.808144] (px4_msgs) StdoutLine: {'line': b'-- Up-to-date symlink: /home/maxim/super_ws/install/px4_msgs/include/px4_msgs/px4_msgs/msg/detail/follow_target_estimator__rosidl_typesupport_fastrtps_c.h\n'}
[1.808201] (px4_msgs) StdoutLine: {'line': b'-- Up-to-date symlink: /home/maxim/super_ws/install/px4_msgs/include/px4_msgs/px4_msgs/msg/detail/follow_target_status__rosidl_typesupport_fastrtps_c.h\n'}
[1.808273] (px4_msgs) StdoutLine: {'line': b'-- Up-to-date symlink: /home/maxim/super_ws/install/px4_msgs/include/px4_msgs/px4_msgs/msg/detail/fuel_tank_status__rosidl_typesupport_fastrtps_c.h\n'}
[1.808331] (px4_msgs) StdoutLine: {'line': b'-- Up-to-date symlink: /home/maxim/super_ws/install/px4_msgs/include/px4_msgs/px4_msgs/msg/detail/gain_compression__rosidl_typesupport_fastrtps_c.h\n'}
[1.808420] (px4_msgs) StdoutLine: {'line': b'-- Up-to-date symlink: /home/maxim/super_ws/install/px4_msgs/include/px4_msgs/px4_msgs/msg/detail/generator_status__rosidl_typesupport_fastrtps_c.h\n'}
[1.808474] (px4_msgs) StdoutLine: {'line': b'-- Up-to-date symlink: /home/maxim/super_ws/install/px4_msgs/include/px4_msgs/px4_msgs/msg/detail/geofence_result__rosidl_typesupport_fastrtps_c.h\n'}
[1.808546] (px4_msgs) StdoutLine: {'line': b'-- Up-to-date symlink: /home/maxim/super_ws/install/px4_msgs/include/px4_msgs/px4_msgs/msg/detail/geofence_status__rosidl_typesupport_fastrtps_c.h\n'}
[1.808621] (px4_msgs) StdoutLine: {'line': b'-- Up-to-date symlink: /home/maxim/super_ws/install/px4_msgs/include/px4_msgs/px4_msgs/msg/detail/gimbal_controls__rosidl_typesupport_fastrtps_c.h\n'}
[1.808695] (px4_msgs) StdoutLine: {'line': b'-- Up-to-date symlink: /home/maxim/super_ws/install/px4_msgs/include/px4_msgs/px4_msgs/msg/detail/gimbal_device_attitude_status__rosidl_typesupport_fastrtps_c.h\n'}
[1.808765] (px4_msgs) StdoutLine: {'line': b'-- Up-to-date symlink: /home/maxim/super_ws/install/px4_msgs/include/px4_msgs/px4_msgs/msg/detail/gimbal_device_information__rosidl_typesupport_fastrtps_c.h\n'}
[1.808836] (px4_msgs) StdoutLine: {'line': b'-- Up-to-date symlink: /home/maxim/super_ws/install/px4_msgs/include/px4_msgs/px4_msgs/msg/detail/gimbal_device_set_attitude__rosidl_typesupport_fastrtps_c.h\n'}
[1.808902] (px4_msgs) StdoutLine: {'line': b'-- Up-to-date symlink: /home/maxim/super_ws/install/px4_msgs/include/px4_msgs/px4_msgs/msg/detail/gimbal_manager_information__rosidl_typesupport_fastrtps_c.h\n'}
[1.808972] (px4_msgs) StdoutLine: {'line': b'-- Up-to-date symlink: /home/maxim/super_ws/install/px4_msgs/include/px4_msgs/px4_msgs/msg/detail/gimbal_manager_set_attitude__rosidl_typesupport_fastrtps_c.h\n'}
[1.809043] (px4_msgs) StdoutLine: {'line': b'-- Up-to-date symlink: /home/maxim/super_ws/install/px4_msgs/include/px4_msgs/px4_msgs/msg/detail/gimbal_manager_set_manual_control__rosidl_typesupport_fastrtps_c.h\n'}
[1.809115] (px4_msgs) StdoutLine: {'line': b'-- Up-to-date symlink: /home/maxim/super_ws/install/px4_msgs/include/px4_msgs/px4_msgs/msg/detail/gimbal_manager_status__rosidl_typesupport_fastrtps_c.h\n'}
[1.809211] (px4_msgs) StdoutLine: {'line': b'-- Up-to-date symlink: /home/maxim/super_ws/install/px4_msgs/include/px4_msgs/px4_msgs/msg/detail/goto_setpoint__rosidl_typesupport_fastrtps_c.h\n'}
[1.809284] (px4_msgs) StdoutLine: {'line': b'-- Up-to-date symlink: /home/maxim/super_ws/install/px4_msgs/include/px4_msgs/px4_msgs/msg/detail/gpio_config__rosidl_typesupport_fastrtps_c.h\n'}
[1.809358] (px4_msgs) StdoutLine: {'line': b'-- Up-to-date symlink: /home/maxim/super_ws/install/px4_msgs/include/px4_msgs/px4_msgs/msg/detail/gpio_in__rosidl_typesupport_fastrtps_c.h\n'}
[1.809461] (px4_msgs) StdoutLine: {'line': b'-- Up-to-date symlink: /home/maxim/super_ws/install/px4_msgs/include/px4_msgs/px4_msgs/msg/detail/gpio_out__rosidl_typesupport_fastrtps_c.h\n'}
[1.809542] (px4_msgs) StdoutLine: {'line': b'-- Up-to-date symlink: /home/maxim/super_ws/install/px4_msgs/include/px4_msgs/px4_msgs/msg/detail/gpio_request__rosidl_typesupport_fastrtps_c.h\n'}
[1.809620] (px4_msgs) StdoutLine: {'line': b'-- Up-to-date symlink: /home/maxim/super_ws/install/px4_msgs/include/px4_msgs/px4_msgs/msg/detail/gps_dump__rosidl_typesupport_fastrtps_c.h\n'}
[1.809744] (px4_msgs) StdoutLine: {'line': b'-- Up-to-date symlink: /home/maxim/super_ws/install/px4_msgs/include/px4_msgs/px4_msgs/msg/detail/gps_inject_data__rosidl_typesupport_fastrtps_c.h\n'}
[1.809833] (px4_msgs) StdoutLine: {'line': b'-- Up-to-date symlink: /home/maxim/super_ws/install/px4_msgs/include/px4_msgs/px4_msgs/msg/detail/gripper__rosidl_typesupport_fastrtps_c.h\n'}
[1.809916] (px4_msgs) StdoutLine: {'line': b'-- Up-to-date symlink: /home/maxim/super_ws/install/px4_msgs/include/px4_msgs/px4_msgs/msg/detail/health_report__rosidl_typesupport_fastrtps_c.h\n'}
[1.810036] (px4_msgs) StdoutLine: {'line': b'-- Up-to-date symlink: /home/maxim/super_ws/install/px4_msgs/include/px4_msgs/px4_msgs/msg/detail/heater_status__rosidl_typesupport_fastrtps_c.h\n'}
[1.810116] (px4_msgs) StdoutLine: {'line': b'-- Up-to-date symlink: /home/maxim/super_ws/install/px4_msgs/include/px4_msgs/px4_msgs/msg/detail/home_position__rosidl_typesupport_fastrtps_c.h\n'}
[1.810189] (px4_msgs) StdoutLine: {'line': b'-- Up-to-date symlink: /home/maxim/super_ws/install/px4_msgs/include/px4_msgs/px4_msgs/msg/detail/hover_thrust_estimate__rosidl_typesupport_fastrtps_c.h\n'}
[1.810258] (px4_msgs) StdoutLine: {'line': b'-- Up-to-date symlink: /home/maxim/super_ws/install/px4_msgs/include/px4_msgs/px4_msgs/msg/detail/input_rc__rosidl_typesupport_fastrtps_c.h\n'}
[1.810318] (px4_msgs) StdoutLine: {'line': b'-- Up-to-date symlink: /home/maxim/super_ws/install/px4_msgs/include/px4_msgs/px4_msgs/msg/detail/internal_combustion_engine_control__rosidl_typesupport_fastrtps_c.h\n'}
[1.810393] (px4_msgs) StdoutLine: {'line': b'-- Up-to-date symlink: /home/maxim/super_ws/install/px4_msgs/include/px4_msgs/px4_msgs/msg/detail/internal_combustion_engine_status__rosidl_typesupport_fastrtps_c.h\n'}
[1.810461] (px4_msgs) StdoutLine: {'line': b'-- Up-to-date symlink: /home/maxim/super_ws/install/px4_msgs/include/px4_msgs/px4_msgs/msg/detail/iridiumsbd_status__rosidl_typesupport_fastrtps_c.h\n'}
[1.810533] (px4_msgs) StdoutLine: {'line': b'-- Up-to-date symlink: /home/maxim/super_ws/install/px4_msgs/include/px4_msgs/px4_msgs/msg/detail/irlock_report__rosidl_typesupport_fastrtps_c.h\n'}
[1.810618] (px4_msgs) StdoutLine: {'line': b'-- Up-to-date symlink: /home/maxim/super_ws/install/px4_msgs/include/px4_msgs/px4_msgs/msg/detail/landing_gear__rosidl_typesupport_fastrtps_c.h\n'}
[1.810691] (px4_msgs) StdoutLine: {'line': b'-- Up-to-date symlink: /home/maxim/super_ws/install/px4_msgs/include/px4_msgs/px4_msgs/msg/detail/landing_gear_wheel__rosidl_typesupport_fastrtps_c.h\n'}
[1.810765] (px4_msgs) StdoutLine: {'line': b'-- Up-to-date symlink: /home/maxim/super_ws/install/px4_msgs/include/px4_msgs/px4_msgs/msg/detail/landing_target_innovations__rosidl_typesupport_fastrtps_c.h\n'}
[1.810838] (px4_msgs) StdoutLine: {'line': b'-- Up-to-date symlink: /home/maxim/super_ws/install/px4_msgs/include/px4_msgs/px4_msgs/msg/detail/landing_target_pose__rosidl_typesupport_fastrtps_c.h\n'}
[1.810907] (px4_msgs) StdoutLine: {'line': b'-- Up-to-date symlink: /home/maxim/super_ws/install/px4_msgs/include/px4_msgs/px4_msgs/msg/detail/lateral_control_configuration__rosidl_typesupport_fastrtps_c.h\n'}
[1.810983] (px4_msgs) StdoutLine: {'line': b'-- Up-to-date symlink: /home/maxim/super_ws/install/px4_msgs/include/px4_msgs/px4_msgs/msg/detail/launch_detection_status__rosidl_typesupport_fastrtps_c.h\n'}
[1.811063] (px4_msgs) StdoutLine: {'line': b'-- Up-to-date symlink: /home/maxim/super_ws/install/px4_msgs/include/px4_msgs/px4_msgs/msg/detail/led_control__rosidl_typesupport_fastrtps_c.h\n'}
[1.811135] (px4_msgs) StdoutLine: {'line': b'-- Up-to-date symlink: /home/maxim/super_ws/install/px4_msgs/include/px4_msgs/px4_msgs/msg/detail/log_message__rosidl_typesupport_fastrtps_c.h\n'}
[1.811207] (px4_msgs) StdoutLine: {'line': b'-- Up-to-date symlink: /home/maxim/super_ws/install/px4_msgs/include/px4_msgs/px4_msgs/msg/detail/logger_status__rosidl_typesupport_fastrtps_c.h\n'}
[1.811311] (px4_msgs) StdoutLine: {'line': b'-- Up-to-date symlink: /home/maxim/super_ws/install/px4_msgs/include/px4_msgs/px4_msgs/msg/detail/longitudinal_control_configuration__rosidl_typesupport_fastrtps_c.h\n'}
[1.811399] (px4_msgs) StdoutLine: {'line': b'-- Up-to-date symlink: /home/maxim/super_ws/install/px4_msgs/include/px4_msgs/px4_msgs/msg/detail/mag_worker_data__rosidl_typesupport_fastrtps_c.h\n'}
[1.811482] (px4_msgs) StdoutLine: {'line': b'-- Up-to-date symlink: /home/maxim/super_ws/install/px4_msgs/include/px4_msgs/px4_msgs/msg/detail/magnetometer_bias_estimate__rosidl_typesupport_fastrtps_c.h\n'}
[1.811563] (px4_msgs) StdoutLine: {'line': b'-- Up-to-date symlink: /home/maxim/super_ws/install/px4_msgs/include/px4_msgs/px4_msgs/msg/detail/manual_control_setpoint__rosidl_typesupport_fastrtps_c.h\n'}
[1.811669] (px4_msgs) StdoutLine: {'line': b'-- Up-to-date symlink: /home/maxim/super_ws/install/px4_msgs/include/px4_msgs/px4_msgs/msg/detail/manual_control_switches__rosidl_typesupport_fastrtps_c.h\n'}
[1.811742] (px4_msgs) StdoutLine: {'line': b'-- Up-to-date symlink: /home/maxim/super_ws/install/px4_msgs/include/px4_msgs/px4_msgs/msg/detail/mavlink_log__rosidl_typesupport_fastrtps_c.h\n'}
[1.811814] (px4_msgs) StdoutLine: {'line': b'-- Up-to-date symlink: /home/maxim/super_ws/install/px4_msgs/include/px4_msgs/px4_msgs/msg/detail/mavlink_tunnel__rosidl_typesupport_fastrtps_c.h\n'}
[1.811881] (px4_msgs) StdoutLine: {'line': b'-- Up-to-date symlink: /home/maxim/super_ws/install/px4_msgs/include/px4_msgs/px4_msgs/msg/detail/message_format_request__rosidl_typesupport_fastrtps_c.h\n'}
[1.811952] (px4_msgs) StdoutLine: {'line': b'-- Up-to-date symlink: /home/maxim/super_ws/install/px4_msgs/include/px4_msgs/px4_msgs/msg/detail/message_format_response__rosidl_typesupport_fastrtps_c.h\n'}
[1.812025] (px4_msgs) StdoutLine: {'line': b'-- Up-to-date symlink: /home/maxim/super_ws/install/px4_msgs/include/px4_msgs/px4_msgs/msg/detail/mission__rosidl_typesupport_fastrtps_c.h\n'}
[1.812097] (px4_msgs) StdoutLine: {'line': b'-- Up-to-date symlink: /home/maxim/super_ws/install/px4_msgs/include/px4_msgs/px4_msgs/msg/detail/mission_result__rosidl_typesupport_fastrtps_c.h\n'}
[1.812179] (px4_msgs) StdoutLine: {'line': b'-- Up-to-date symlink: /home/maxim/super_ws/install/px4_msgs/include/px4_msgs/px4_msgs/msg/detail/mode_completed__rosidl_typesupport_fastrtps_c.h\n'}
[1.812251] (px4_msgs) StdoutLine: {'line': b'-- Up-to-date symlink: /home/maxim/super_ws/install/px4_msgs/include/px4_msgs/px4_msgs/msg/detail/mount_orientation__rosidl_typesupport_fastrtps_c.h\n'}
[1.812324] (px4_msgs) StdoutLine: {'line': b'-- Up-to-date symlink: /home/maxim/super_ws/install/px4_msgs/include/px4_msgs/px4_msgs/msg/detail/navigator_mission_item__rosidl_typesupport_fastrtps_c.h\n'}
[1.812439] (px4_msgs) StdoutLine: {'line': b'-- Up-to-date symlink: /home/maxim/super_ws/install/px4_msgs/include/px4_msgs/px4_msgs/msg/detail/navigator_status__rosidl_typesupport_fastrtps_c.h\n'}
[1.812518] (px4_msgs) StdoutLine: {'line': b'-- Up-to-date symlink: /home/maxim/super_ws/install/px4_msgs/include/px4_msgs/px4_msgs/msg/detail/neural_control__rosidl_typesupport_fastrtps_c.h\n'}
[1.812628] (px4_msgs) StdoutLine: {'line': b'-- Up-to-date symlink: /home/maxim/super_ws/install/px4_msgs/include/px4_msgs/px4_msgs/msg/detail/normalized_unsigned_setpoint__rosidl_typesupport_fastrtps_c.h\n'}
[1.812713] (px4_msgs) StdoutLine: {'line': b'-- Up-to-date symlink: /home/maxim/super_ws/install/px4_msgs/include/px4_msgs/px4_msgs/msg/detail/obstacle_distance__rosidl_typesupport_fastrtps_c.h\n'}
[1.812792] (px4_msgs) StdoutLine: {'line': b'-- Up-to-date symlink: /home/maxim/super_ws/install/px4_msgs/include/px4_msgs/px4_msgs/msg/detail/offboard_control_mode__rosidl_typesupport_fastrtps_c.h\n'}
[1.812862] (px4_msgs) StdoutLine: {'line': b'-- Up-to-date symlink: /home/maxim/super_ws/install/px4_msgs/include/px4_msgs/px4_msgs/msg/detail/onboard_computer_status__rosidl_typesupport_fastrtps_c.h\n'}
[1.812927] (px4_msgs) StdoutLine: {'line': b'-- Up-to-date symlink: /home/maxim/super_ws/install/px4_msgs/include/px4_msgs/px4_msgs/msg/detail/open_drone_id_arm_status__rosidl_typesupport_fastrtps_c.h\n'}
[1.812999] (px4_msgs) StdoutLine: {'line': b'-- Up-to-date symlink: /home/maxim/super_ws/install/px4_msgs/include/px4_msgs/px4_msgs/msg/detail/open_drone_id_operator_id__rosidl_typesupport_fastrtps_c.h\n'}
[1.813068] (px4_msgs) StdoutLine: {'line': b'-- Up-to-date symlink: /home/maxim/super_ws/install/px4_msgs/include/px4_msgs/px4_msgs/msg/detail/open_drone_id_self_id__rosidl_typesupport_fastrtps_c.h\n'}
[1.813136] (px4_msgs) StdoutLine: {'line': b'-- Up-to-date symlink: /home/maxim/super_ws/install/px4_msgs/include/px4_msgs/px4_msgs/msg/detail/open_drone_id_system__rosidl_typesupport_fastrtps_c.h\n'}
[1.813210] (px4_msgs) StdoutLine: {'line': b'-- Up-to-date symlink: /home/maxim/super_ws/install/px4_msgs/include/px4_msgs/px4_msgs/msg/detail/orb_test__rosidl_typesupport_fastrtps_c.h\n'}
[1.813325] (px4_msgs) StdoutLine: {'line': b'-- Up-to-date symlink: /home/maxim/super_ws/install/px4_msgs/include/px4_msgs/px4_msgs/msg/detail/orb_test_large__rosidl_typesupport_fastrtps_c.h\n'}
[1.813412] (px4_msgs) StdoutLine: {'line': b'-- Up-to-date symlink: /home/maxim/super_ws/install/px4_msgs/include/px4_msgs/px4_msgs/msg/detail/orb_test_medium__rosidl_typesupport_fastrtps_c.h\n'}
[1.813491] (px4_msgs) StdoutLine: {'line': b'-- Up-to-date symlink: /home/maxim/super_ws/install/px4_msgs/include/px4_msgs/px4_msgs/msg/detail/orbit_status__rosidl_typesupport_fastrtps_c.h\n'}
[1.813571] (px4_msgs) StdoutLine: {'line': b'-- Up-to-date symlink: /home/maxim/super_ws/install/px4_msgs/include/px4_msgs/px4_msgs/msg/detail/parameter_reset_request__rosidl_typesupport_fastrtps_c.h\n'}
[1.813652] (px4_msgs) StdoutLine: {'line': b'-- Up-to-date symlink: /home/maxim/super_ws/install/px4_msgs/include/px4_msgs/px4_msgs/msg/detail/parameter_set_used_request__rosidl_typesupport_fastrtps_c.h\n'}
[1.813725] (px4_msgs) StdoutLine: {'line': b'-- Up-to-date symlink: /home/maxim/super_ws/install/px4_msgs/include/px4_msgs/px4_msgs/msg/detail/parameter_set_value_request__rosidl_typesupport_fastrtps_c.h\n'}
[1.813795] (px4_msgs) StdoutLine: {'line': b'-- Up-to-date symlink: /home/maxim/super_ws/install/px4_msgs/include/px4_msgs/px4_msgs/msg/detail/parameter_set_value_response__rosidl_typesupport_fastrtps_c.h\n'}
[1.813866] (px4_msgs) StdoutLine: {'line': b'-- Up-to-date symlink: /home/maxim/super_ws/install/px4_msgs/include/px4_msgs/px4_msgs/msg/detail/parameter_update__rosidl_typesupport_fastrtps_c.h\n'}
[1.813929] (px4_msgs) StdoutLine: {'line': b'-- Up-to-date symlink: /home/maxim/super_ws/install/px4_msgs/include/px4_msgs/px4_msgs/msg/detail/ping__rosidl_typesupport_fastrtps_c.h\n'}
[1.814006] (px4_msgs) StdoutLine: {'line': b'-- Up-to-date symlink: /home/maxim/super_ws/install/px4_msgs/include/px4_msgs/px4_msgs/msg/detail/position_controller_landing_status__rosidl_typesupport_fastrtps_c.h\n'}
[1.814084] (px4_msgs) StdoutLine: {'line': b'-- Up-to-date symlink: /home/maxim/super_ws/install/px4_msgs/include/px4_msgs/px4_msgs/msg/detail/position_controller_status__rosidl_typesupport_fastrtps_c.h\n'}
[1.814164] (px4_msgs) StdoutLine: {'line': b'-- Up-to-date symlink: /home/maxim/super_ws/install/px4_msgs/include/px4_msgs/px4_msgs/msg/detail/position_setpoint__rosidl_typesupport_fastrtps_c.h\n'}
[1.814282] (px4_msgs) StdoutLine: {'line': b'-- Up-to-date symlink: /home/maxim/super_ws/install/px4_msgs/include/px4_msgs/px4_msgs/msg/detail/position_setpoint_triplet__rosidl_typesupport_fastrtps_c.h\n'}
[1.814357] (px4_msgs) StdoutLine: {'line': b'-- Up-to-date symlink: /home/maxim/super_ws/install/px4_msgs/include/px4_msgs/px4_msgs/msg/detail/power_button_state__rosidl_typesupport_fastrtps_c.h\n'}
[1.814463] (px4_msgs) StdoutLine: {'line': b'-- Up-to-date symlink: /home/maxim/super_ws/install/px4_msgs/include/px4_msgs/px4_msgs/msg/detail/power_monitor__rosidl_typesupport_fastrtps_c.h\n'}
[1.814532] (px4_msgs) StdoutLine: {'line': b'-- Up-to-date symlink: /home/maxim/super_ws/install/px4_msgs/include/px4_msgs/px4_msgs/msg/detail/pps_capture__rosidl_typesupport_fastrtps_c.h\n'}
[1.814602] (px4_msgs) StdoutLine: {'line': b'-- Up-to-date symlink: /home/maxim/super_ws/install/px4_msgs/include/px4_msgs/px4_msgs/msg/detail/prec_land_status__rosidl_typesupport_fastrtps_c.h\n'}
[1.814670] (px4_msgs) StdoutLine: {'line': b'-- Up-to-date symlink: /home/maxim/super_ws/install/px4_msgs/include/px4_msgs/px4_msgs/msg/detail/pure_pursuit_status__rosidl_typesupport_fastrtps_c.h\n'}
[1.814734] (px4_msgs) StdoutLine: {'line': b'-- Up-to-date symlink: /home/maxim/super_ws/install/px4_msgs/include/px4_msgs/px4_msgs/msg/detail/pwm_input__rosidl_typesupport_fastrtps_c.h\n'}
[1.814808] (px4_msgs) StdoutLine: {'line': b'-- Up-to-date symlink: /home/maxim/super_ws/install/px4_msgs/include/px4_msgs/px4_msgs/msg/detail/px4io_status__rosidl_typesupport_fastrtps_c.h\n'}
[1.814892] (px4_msgs) StdoutLine: {'line': b'-- Up-to-date symlink: /home/maxim/super_ws/install/px4_msgs/include/px4_msgs/px4_msgs/msg/detail/qshell_req__rosidl_typesupport_fastrtps_c.h\n'}
[1.815002] (px4_msgs) StdoutLine: {'line': b'-- Up-to-date symlink: /home/maxim/super_ws/install/px4_msgs/include/px4_msgs/px4_msgs/msg/detail/qshell_retval__rosidl_typesupport_fastrtps_c.h\n'}
[1.815085] (px4_msgs) StdoutLine: {'line': b'-- Up-to-date symlink: /home/maxim/super_ws/install/px4_msgs/include/px4_msgs/px4_msgs/msg/detail/radio_status__rosidl_typesupport_fastrtps_c.h\n'}
[1.815156] (px4_msgs) StdoutLine: {'line': b'-- Up-to-date symlink: /home/maxim/super_ws/install/px4_msgs/include/px4_msgs/px4_msgs/msg/detail/ranging_beacon__rosidl_typesupport_fastrtps_c.h\n'}
[1.815227] (px4_msgs) StdoutLine: {'line': b'-- Up-to-date symlink: /home/maxim/super_ws/install/px4_msgs/include/px4_msgs/px4_msgs/msg/detail/raptor_input__rosidl_typesupport_fastrtps_c.h\n'}
[1.815299] (px4_msgs) StdoutLine: {'line': b'-- Up-to-date symlink: /home/maxim/super_ws/install/px4_msgs/include/px4_msgs/px4_msgs/msg/detail/raptor_status__rosidl_typesupport_fastrtps_c.h\n'}
[1.815373] (px4_msgs) StdoutLine: {'line': b'-- Up-to-date symlink: /home/maxim/super_ws/install/px4_msgs/include/px4_msgs/px4_msgs/msg/detail/rate_ctrl_status__rosidl_typesupport_fastrtps_c.h\n'}
[1.815444] (px4_msgs) StdoutLine: {'line': b'-- Up-to-date symlink: /home/maxim/super_ws/install/px4_msgs/include/px4_msgs/px4_msgs/msg/detail/rc_channels__rosidl_typesupport_fastrtps_c.h\n'}
[1.815569] (px4_msgs) StdoutLine: {'line': b'-- Up-to-date symlink: /home/maxim/super_ws/install/px4_msgs/include/px4_msgs/px4_msgs/msg/detail/rc_parameter_map__rosidl_typesupport_fastrtps_c.h\n'}
[1.815650] (px4_msgs) StdoutLine: {'line': b'-- Up-to-date symlink: /home/maxim/super_ws/install/px4_msgs/include/px4_msgs/px4_msgs/msg/detail/register_ext_component_reply__rosidl_typesupport_fastrtps_c.h\n'}
[1.815729] (px4_msgs) StdoutLine: {'line': b'-- Up-to-date symlink: /home/maxim/super_ws/install/px4_msgs/include/px4_msgs/px4_msgs/msg/detail/register_ext_component_request__rosidl_typesupport_fastrtps_c.h\n'}
[1.815807] (px4_msgs) StdoutLine: {'line': b'-- Up-to-date symlink: /home/maxim/super_ws/install/px4_msgs/include/px4_msgs/px4_msgs/msg/detail/rover_attitude_setpoint__rosidl_typesupport_fastrtps_c.h\n'}
[1.815877] (px4_msgs) StdoutLine: {'line': b'-- Up-to-date symlink: /home/maxim/super_ws/install/px4_msgs/include/px4_msgs/px4_msgs/msg/detail/rover_attitude_status__rosidl_typesupport_fastrtps_c.h\n'}
[1.815945] (px4_msgs) StdoutLine: {'line': b'-- Up-to-date symlink: /home/maxim/super_ws/install/px4_msgs/include/px4_msgs/px4_msgs/msg/detail/rover_position_setpoint__rosidl_typesupport_fastrtps_c.h\n'}
[1.816013] (px4_msgs) StdoutLine: {'line': b'-- Up-to-date symlink: /home/maxim/super_ws/install/px4_msgs/include/px4_msgs/px4_msgs/msg/detail/rover_rate_setpoint__rosidl_typesupport_fastrtps_c.h\n'}
[1.816084] (px4_msgs) StdoutLine: {'line': b'-- Up-to-date symlink: /home/maxim/super_ws/install/px4_msgs/include/px4_msgs/px4_msgs/msg/detail/rover_rate_status__rosidl_typesupport_fastrtps_c.h\n'}
[1.816201] (px4_msgs) StdoutLine: {'line': b'-- Up-to-date symlink: /home/maxim/super_ws/install/px4_msgs/include/px4_msgs/px4_msgs/msg/detail/rover_speed_setpoint__rosidl_typesupport_fastrtps_c.h\n'}
[1.816276] (px4_msgs) StdoutLine: {'line': b'-- Up-to-date symlink: /home/maxim/super_ws/install/px4_msgs/include/px4_msgs/px4_msgs/msg/detail/rover_speed_status__rosidl_typesupport_fastrtps_c.h\n'}
[1.816345] (px4_msgs) StdoutLine: {'line': b'-- Up-to-date symlink: /home/maxim/super_ws/install/px4_msgs/include/px4_msgs/px4_msgs/msg/detail/rover_steering_setpoint__rosidl_typesupport_fastrtps_c.h\n'}
[1.816414] (px4_msgs) StdoutLine: {'line': b'-- Up-to-date symlink: /home/maxim/super_ws/install/px4_msgs/include/px4_msgs/px4_msgs/msg/detail/rover_throttle_setpoint__rosidl_typesupport_fastrtps_c.h\n'}
[1.816515] (px4_msgs) StdoutLine: {'line': b'-- Up-to-date symlink: /home/maxim/super_ws/install/px4_msgs/include/px4_msgs/px4_msgs/msg/detail/rpm__rosidl_typesupport_fastrtps_c.h\n'}
[1.816595] (px4_msgs) StdoutLine: {'line': b'-- Up-to-date symlink: /home/maxim/super_ws/install/px4_msgs/include/px4_msgs/px4_msgs/msg/detail/rtl_status__rosidl_typesupport_fastrtps_c.h\n'}
[1.816711] (px4_msgs) StdoutLine: {'line': b'-- Up-to-date symlink: /home/maxim/super_ws/install/px4_msgs/include/px4_msgs/px4_msgs/msg/detail/rtl_time_estimate__rosidl_typesupport_fastrtps_c.h\n'}
[1.816785] (px4_msgs) StdoutLine: {'line': b'-- Up-to-date symlink: /home/maxim/super_ws/install/px4_msgs/include/px4_msgs/px4_msgs/msg/detail/satellite_info__rosidl_typesupport_fastrtps_c.h\n'}
[1.816855] (px4_msgs) StdoutLine: {'line': b'-- Up-to-date symlink: /home/maxim/super_ws/install/px4_msgs/include/px4_msgs/px4_msgs/msg/detail/sensor_accel__rosidl_typesupport_fastrtps_c.h\n'}
[1.816924] (px4_msgs) StdoutLine: {'line': b'-- Up-to-date symlink: /home/maxim/super_ws/install/px4_msgs/include/px4_msgs/px4_msgs/msg/detail/sensor_accel_fifo__rosidl_typesupport_fastrtps_c.h\n'}
[1.816995] (px4_msgs) StdoutLine: {'line': b'-- Up-to-date symlink: /home/maxim/super_ws/install/px4_msgs/include/px4_msgs/px4_msgs/msg/detail/sensor_airflow__rosidl_typesupport_fastrtps_c.h\n'}
[1.817066] (px4_msgs) StdoutLine: {'line': b'-- Up-to-date symlink: /home/maxim/super_ws/install/px4_msgs/include/px4_msgs/px4_msgs/msg/detail/sensor_baro__rosidl_typesupport_fastrtps_c.h\n'}
[1.817140] (px4_msgs) StdoutLine: {'line': b'-- Up-to-date symlink: /home/maxim/super_ws/install/px4_msgs/include/px4_msgs/px4_msgs/msg/detail/sensor_combined__rosidl_typesupport_fastrtps_c.h\n'}
[1.817211] (px4_msgs) StdoutLine: {'line': b'-- Up-to-date symlink: /home/maxim/super_ws/install/px4_msgs/include/px4_msgs/px4_msgs/msg/detail/sensor_correction__rosidl_typesupport_fastrtps_c.h\n'}
[1.817280] (px4_msgs) StdoutLine: {'line': b'-- Up-to-date symlink: /home/maxim/super_ws/install/px4_msgs/include/px4_msgs/px4_msgs/msg/detail/sensor_gnss_relative__rosidl_typesupport_fastrtps_c.h\n'}
[1.817360] (px4_msgs) StdoutLine: {'line': b'-- Up-to-date symlink: /home/maxim/super_ws/install/px4_msgs/include/px4_msgs/px4_msgs/msg/detail/sensor_gnss_status__rosidl_typesupport_fastrtps_c.h\n'}
[1.817483] (px4_msgs) StdoutLine: {'line': b'-- Up-to-date symlink: /home/maxim/super_ws/install/px4_msgs/include/px4_msgs/px4_msgs/msg/detail/sensor_gps__rosidl_typesupport_fastrtps_c.h\n'}
[1.817564] (px4_msgs) StdoutLine: {'line': b'-- Up-to-date symlink: /home/maxim/super_ws/install/px4_msgs/include/px4_msgs/px4_msgs/msg/detail/sensor_gyro__rosidl_typesupport_fastrtps_c.h\n'}
[1.817641] (px4_msgs) StdoutLine: {'line': b'-- Up-to-date symlink: /home/maxim/super_ws/install/px4_msgs/include/px4_msgs/px4_msgs/msg/detail/sensor_gyro_fft__rosidl_typesupport_fastrtps_c.h\n'}
[1.817715] (px4_msgs) StdoutLine: {'line': b'-- Up-to-date symlink: /home/maxim/super_ws/install/px4_msgs/include/px4_msgs/px4_msgs/msg/detail/sensor_gyro_fifo__rosidl_typesupport_fastrtps_c.h\n'}
[1.817784] (px4_msgs) StdoutLine: {'line': b'-- Up-to-date symlink: /home/maxim/super_ws/install/px4_msgs/include/px4_msgs/px4_msgs/msg/detail/sensor_hygrometer__rosidl_typesupport_fastrtps_c.h\n'}
[1.817848] (px4_msgs) StdoutLine: {'line': b'-- Up-to-date symlink: /home/maxim/super_ws/install/px4_msgs/include/px4_msgs/px4_msgs/msg/detail/sensor_mag__rosidl_typesupport_fastrtps_c.h\n'}
[1.817920] (px4_msgs) StdoutLine: {'line': b'-- Up-to-date symlink: /home/maxim/super_ws/install/px4_msgs/include/px4_msgs/px4_msgs/msg/detail/sensor_optical_flow__rosidl_typesupport_fastrtps_c.h\n'}
[1.818000] (px4_msgs) StdoutLine: {'line': b'-- Up-to-date symlink: /home/maxim/super_ws/install/px4_msgs/include/px4_msgs/px4_msgs/msg/detail/sensor_preflight_mag__rosidl_typesupport_fastrtps_c.h\n'}
[1.818079] (px4_msgs) StdoutLine: {'line': b'-- Up-to-date symlink: /home/maxim/super_ws/install/px4_msgs/include/px4_msgs/px4_msgs/msg/detail/sensor_selection__rosidl_typesupport_fastrtps_c.h\n'}
[1.818200] (px4_msgs) StdoutLine: {'line': b'-- Up-to-date symlink: /home/maxim/super_ws/install/px4_msgs/include/px4_msgs/px4_msgs/msg/detail/sensor_temp__rosidl_typesupport_fastrtps_c.h\n'}
[1.818274] (px4_msgs) StdoutLine: {'line': b'-- Up-to-date symlink: /home/maxim/super_ws/install/px4_msgs/include/px4_msgs/px4_msgs/msg/detail/sensor_uwb__rosidl_typesupport_fastrtps_c.h\n'}
[1.818347] (px4_msgs) StdoutLine: {'line': b'-- Up-to-date symlink: /home/maxim/super_ws/install/px4_msgs/include/px4_msgs/px4_msgs/msg/detail/sensors_status__rosidl_typesupport_fastrtps_c.h\n'}
[1.818424] (px4_msgs) StdoutLine: {'line': b'-- Up-to-date symlink: /home/maxim/super_ws/install/px4_msgs/include/px4_msgs/px4_msgs/msg/detail/sensors_status_imu__rosidl_typesupport_fastrtps_c.h\n'}
[1.818508] (px4_msgs) StdoutLine: {'line': b'-- Up-to-date symlink: /home/maxim/super_ws/install/px4_msgs/include/px4_msgs/px4_msgs/msg/detail/system_power__rosidl_typesupport_fastrtps_c.h\n'}
[1.818594] (px4_msgs) StdoutLine: {'line': b'-- Up-to-date symlink: /home/maxim/super_ws/install/px4_msgs/include/px4_msgs/px4_msgs/msg/detail/takeoff_status__rosidl_typesupport_fastrtps_c.h\n'}
[1.818720] (px4_msgs) StdoutLine: {'line': b'-- Up-to-date symlink: /home/maxim/super_ws/install/px4_msgs/include/px4_msgs/px4_msgs/msg/detail/target_gnss__rosidl_typesupport_fastrtps_c.h\n'}
[1.818798] (px4_msgs) StdoutLine: {'line': b'-- Up-to-date symlink: /home/maxim/super_ws/install/px4_msgs/include/px4_msgs/px4_msgs/msg/detail/task_stack_info__rosidl_typesupport_fastrtps_c.h\n'}
[1.818872] (px4_msgs) StdoutLine: {'line': b'-- Up-to-date symlink: /home/maxim/super_ws/install/px4_msgs/include/px4_msgs/px4_msgs/msg/detail/tecs_status__rosidl_typesupport_fastrtps_c.h\n'}
[1.818942] (px4_msgs) StdoutLine: {'line': b'-- Up-to-date symlink: /home/maxim/super_ws/install/px4_msgs/include/px4_msgs/px4_msgs/msg/detail/telemetry_status__rosidl_typesupport_fastrtps_c.h\n'}
[1.819015] (px4_msgs) StdoutLine: {'line': b'-- Up-to-date symlink: /home/maxim/super_ws/install/px4_msgs/include/px4_msgs/px4_msgs/msg/detail/tiltrotor_extra_controls__rosidl_typesupport_fastrtps_c.h\n'}
[1.819086] (px4_msgs) StdoutLine: {'line': b'-- Up-to-date symlink: /home/maxim/super_ws/install/px4_msgs/include/px4_msgs/px4_msgs/msg/detail/timesync_status__rosidl_typesupport_fastrtps_c.h\n'}
[1.819158] (px4_msgs) StdoutLine: {'line': b'-- Up-to-date symlink: /home/maxim/super_ws/install/px4_msgs/include/px4_msgs/px4_msgs/msg/detail/trajectory_setpoint6dof__rosidl_typesupport_fastrtps_c.h\n'}
[1.819228] (px4_msgs) StdoutLine: {'line': b'-- Up-to-date symlink: /home/maxim/super_ws/install/px4_msgs/include/px4_msgs/px4_msgs/msg/detail/trajectory_setpoint__rosidl_typesupport_fastrtps_c.h\n'}
[1.819297] (px4_msgs) StdoutLine: {'line': b'-- Up-to-date symlink: /home/maxim/super_ws/install/px4_msgs/include/px4_msgs/px4_msgs/msg/detail/transponder_report__rosidl_typesupport_fastrtps_c.h\n'}
[1.819391] (px4_msgs) StdoutLine: {'line': b'-- Up-to-date symlink: /home/maxim/super_ws/install/px4_msgs/include/px4_msgs/px4_msgs/msg/detail/tune_control__rosidl_typesupport_fastrtps_c.h\n'}
[1.819474] (px4_msgs) StdoutLine: {'line': b'-- Up-to-date symlink: /home/maxim/super_ws/install/px4_msgs/include/px4_msgs/px4_msgs/msg/detail/uavcan_parameter_request__rosidl_typesupport_fastrtps_c.h\n'}
[1.819555] (px4_msgs) StdoutLine: {'line': b'-- Up-to-date symlink: /home/maxim/super_ws/install/px4_msgs/include/px4_msgs/px4_msgs/msg/detail/uavcan_parameter_value__rosidl_typesupport_fastrtps_c.h\n'}
[1.819631] (px4_msgs) StdoutLine: {'line': b'-- Up-to-date symlink: /home/maxim/super_ws/install/px4_msgs/include/px4_msgs/px4_msgs/msg/detail/ulog_stream__rosidl_typesupport_fastrtps_c.h\n'}
[1.819709] (px4_msgs) StdoutLine: {'line': b'-- Up-to-date symlink: /home/maxim/super_ws/install/px4_msgs/include/px4_msgs/px4_msgs/msg/detail/ulog_stream_ack__rosidl_typesupport_fastrtps_c.h\n'}
[1.819788] (px4_msgs) StdoutLine: {'line': b'-- Up-to-date symlink: /home/maxim/super_ws/install/px4_msgs/include/px4_msgs/px4_msgs/msg/detail/unregister_ext_component__rosidl_typesupport_fastrtps_c.h\n'}
[1.819866] (px4_msgs) StdoutLine: {'line': b'-- Up-to-date symlink: /home/maxim/super_ws/install/px4_msgs/include/px4_msgs/px4_msgs/msg/detail/vehicle_acceleration__rosidl_typesupport_fastrtps_c.h\n'}
[1.819937] (px4_msgs) StdoutLine: {'line': b'-- Up-to-date symlink: /home/maxim/super_ws/install/px4_msgs/include/px4_msgs/px4_msgs/msg/detail/vehicle_air_data__rosidl_typesupport_fastrtps_c.h\n'}
[1.820008] (px4_msgs) StdoutLine: {'line': b'-- Up-to-date symlink: /home/maxim/super_ws/install/px4_msgs/include/px4_msgs/px4_msgs/msg/detail/vehicle_angular_acceleration_setpoint__rosidl_typesupport_fastrtps_c.h\n'}
[1.820079] (px4_msgs) StdoutLine: {'line': b'-- Up-to-date symlink: /home/maxim/super_ws/install/px4_msgs/include/px4_msgs/px4_msgs/msg/detail/vehicle_angular_velocity__rosidl_typesupport_fastrtps_c.h\n'}
[1.820158] (px4_msgs) StdoutLine: {'line': b'-- Up-to-date symlink: /home/maxim/super_ws/install/px4_msgs/include/px4_msgs/px4_msgs/msg/detail/vehicle_attitude__rosidl_typesupport_fastrtps_c.h\n'}
[1.820239] (px4_msgs) StdoutLine: {'line': b'-- Up-to-date symlink: /home/maxim/super_ws/install/px4_msgs/include/px4_msgs/px4_msgs/msg/detail/vehicle_attitude_setpoint__rosidl_typesupport_fastrtps_c.h\n'}
[1.820321] (px4_msgs) StdoutLine: {'line': b'-- Up-to-date symlink: /home/maxim/super_ws/install/px4_msgs/include/px4_msgs/px4_msgs/msg/detail/vehicle_command__rosidl_typesupport_fastrtps_c.h\n'}
[1.820430] (px4_msgs) StdoutLine: {'line': b'-- Up-to-date symlink: /home/maxim/super_ws/install/px4_msgs/include/px4_msgs/px4_msgs/msg/detail/vehicle_command_ack__rosidl_typesupport_fastrtps_c.h\n'}
[1.820552] (px4_msgs) StdoutLine: {'line': b'-- Up-to-date symlink: /home/maxim/super_ws/install/px4_msgs/include/px4_msgs/px4_msgs/msg/detail/vehicle_constraints__rosidl_typesupport_fastrtps_c.h\n'}
[1.820636] (px4_msgs) StdoutLine: {'line': b'-- Up-to-date symlink: /home/maxim/super_ws/install/px4_msgs/include/px4_msgs/px4_msgs/msg/detail/vehicle_control_mode__rosidl_typesupport_fastrtps_c.h\n'}
[1.820713] (px4_msgs) StdoutLine: {'line': b'-- Up-to-date symlink: /home/maxim/super_ws/install/px4_msgs/include/px4_msgs/px4_msgs/msg/detail/vehicle_global_position__rosidl_typesupport_fastrtps_c.h\n'}
[1.820789] (px4_msgs) StdoutLine: {'line': b'-- Up-to-date symlink: /home/maxim/super_ws/install/px4_msgs/include/px4_msgs/px4_msgs/msg/detail/vehicle_imu__rosidl_typesupport_fastrtps_c.h\n'}
[1.820865] (px4_msgs) StdoutLine: {'line': b'-- Up-to-date symlink: /home/maxim/super_ws/install/px4_msgs/include/px4_msgs/px4_msgs/msg/detail/vehicle_imu_status__rosidl_typesupport_fastrtps_c.h\n'}
[1.820934] (px4_msgs) StdoutLine: {'line': b'-- Up-to-date symlink: /home/maxim/super_ws/install/px4_msgs/include/px4_msgs/px4_msgs/msg/detail/vehicle_land_detected__rosidl_typesupport_fastrtps_c.h\n'}
[1.821004] (px4_msgs) StdoutLine: {'line': b'-- Up-to-date symlink: /home/maxim/super_ws/install/px4_msgs/include/px4_msgs/px4_msgs/msg/detail/vehicle_local_position__rosidl_typesupport_fastrtps_c.h\n'}
[1.821078] (px4_msgs) StdoutLine: {'line': b'-- Up-to-date symlink: /home/maxim/super_ws/install/px4_msgs/include/px4_msgs/px4_msgs/msg/detail/vehicle_local_position_setpoint__rosidl_typesupport_fastrtps_c.h\n'}
[1.821151] (px4_msgs) StdoutLine: {'line': b'-- Up-to-date symlink: /home/maxim/super_ws/install/px4_msgs/include/px4_msgs/px4_msgs/msg/detail/vehicle_magnetometer__rosidl_typesupport_fastrtps_c.h\n'}
[1.821225] (px4_msgs) StdoutLine: {'line': b'-- Up-to-date symlink: /home/maxim/super_ws/install/px4_msgs/include/px4_msgs/px4_msgs/msg/detail/vehicle_odometry__rosidl_typesupport_fastrtps_c.h\n'}
[1.821316] (px4_msgs) StdoutLine: {'line': b'-- Up-to-date symlink: /home/maxim/super_ws/install/px4_msgs/include/px4_msgs/px4_msgs/msg/detail/vehicle_optical_flow__rosidl_typesupport_fastrtps_c.h\n'}
[1.821392] (px4_msgs) StdoutLine: {'line': b'-- Up-to-date symlink: /home/maxim/super_ws/install/px4_msgs/include/px4_msgs/px4_msgs/msg/detail/vehicle_optical_flow_vel__rosidl_typesupport_fastrtps_c.h\n'}
[1.821472] (px4_msgs) StdoutLine: {'line': b'-- Up-to-date symlink: /home/maxim/super_ws/install/px4_msgs/include/px4_msgs/px4_msgs/msg/detail/vehicle_rates_setpoint__rosidl_typesupport_fastrtps_c.h\n'}
[1.821541] (px4_msgs) StdoutLine: {'line': b'-- Up-to-date symlink: /home/maxim/super_ws/install/px4_msgs/include/px4_msgs/px4_msgs/msg/detail/vehicle_roi__rosidl_typesupport_fastrtps_c.h\n'}
[1.821612] (px4_msgs) StdoutLine: {'line': b'-- Up-to-date symlink: /home/maxim/super_ws/install/px4_msgs/include/px4_msgs/px4_msgs/msg/detail/vehicle_status__rosidl_typesupport_fastrtps_c.h\n'}
[1.821684] (px4_msgs) StdoutLine: {'line': b'-- Up-to-date symlink: /home/maxim/super_ws/install/px4_msgs/include/px4_msgs/px4_msgs/msg/detail/vehicle_thrust_setpoint__rosidl_typesupport_fastrtps_c.h\n'}
[1.821788] (px4_msgs) StdoutLine: {'line': b'-- Up-to-date symlink: /home/maxim/super_ws/install/px4_msgs/include/px4_msgs/px4_msgs/msg/detail/vehicle_torque_setpoint__rosidl_typesupport_fastrtps_c.h\n'}
[1.821871] (px4_msgs) StdoutLine: {'line': b'-- Up-to-date symlink: /home/maxim/super_ws/install/px4_msgs/include/px4_msgs/px4_msgs/msg/detail/velocity_limits__rosidl_typesupport_fastrtps_c.h\n'}
[1.821950] (px4_msgs) StdoutLine: {'line': b'-- Up-to-date symlink: /home/maxim/super_ws/install/px4_msgs/include/px4_msgs/px4_msgs/msg/detail/vte_aid_source1d__rosidl_typesupport_fastrtps_c.h\n'}
[1.822020] (px4_msgs) StdoutLine: {'line': b'-- Up-to-date symlink: /home/maxim/super_ws/install/px4_msgs/include/px4_msgs/px4_msgs/msg/detail/vte_aid_source3d__rosidl_typesupport_fastrtps_c.h\n'}
[1.822090] (px4_msgs) StdoutLine: {'line': b'-- Up-to-date symlink: /home/maxim/super_ws/install/px4_msgs/include/px4_msgs/px4_msgs/msg/detail/vte_bias_init_status__rosidl_typesupport_fastrtps_c.h\n'}
[1.822162] (px4_msgs) StdoutLine: {'line': b'-- Up-to-date symlink: /home/maxim/super_ws/install/px4_msgs/include/px4_msgs/px4_msgs/msg/detail/vte_input__rosidl_typesupport_fastrtps_c.h\n'}
[1.822241] (px4_msgs) StdoutLine: {'line': b'-- Up-to-date symlink: /home/maxim/super_ws/install/px4_msgs/include/px4_msgs/px4_msgs/msg/detail/vte_orientation__rosidl_typesupport_fastrtps_c.h\n'}
[1.822321] (px4_msgs) StdoutLine: {'line': b'-- Up-to-date symlink: /home/maxim/super_ws/install/px4_msgs/include/px4_msgs/px4_msgs/msg/detail/vte_position__rosidl_typesupport_fastrtps_c.h\n'}
[1.822433] (px4_msgs) StdoutLine: {'line': b'-- Up-to-date symlink: /home/maxim/super_ws/install/px4_msgs/include/px4_msgs/px4_msgs/msg/detail/vtol_vehicle_status__rosidl_typesupport_fastrtps_c.h\n'}
[1.822542] (px4_msgs) StdoutLine: {'line': b'-- Up-to-date symlink: /home/maxim/super_ws/install/px4_msgs/include/px4_msgs/px4_msgs/msg/detail/vtx__rosidl_typesupport_fastrtps_c.h\n'}
[1.822613] (px4_msgs) StdoutLine: {'line': b'-- Up-to-date symlink: /home/maxim/super_ws/install/px4_msgs/include/px4_msgs/px4_msgs/msg/detail/wheel_encoders__rosidl_typesupport_fastrtps_c.h\n'}
[1.822700] (px4_msgs) StdoutLine: {'line': b'-- Up-to-date symlink: /home/maxim/super_ws/install/px4_msgs/include/px4_msgs/px4_msgs/msg/detail/wind__rosidl_typesupport_fastrtps_c.h\n'}
[1.822771] (px4_msgs) StdoutLine: {'line': b'-- Up-to-date symlink: /home/maxim/super_ws/install/px4_msgs/include/px4_msgs/px4_msgs/msg/detail/yaw_estimator_status__rosidl_typesupport_fastrtps_c.h\n'}
[1.822839] (px4_msgs) StdoutLine: {'line': b'-- Up-to-date symlink: /home/maxim/super_ws/install/px4_msgs/include/px4_msgs/px4_msgs/msg/rosidl_typesupport_fastrtps_c__visibility_control.h\n'}
[1.822911] (px4_msgs) StdoutLine: {'line': b'-- Up-to-date symlink: /home/maxim/super_ws/install/px4_msgs/include/px4_msgs/px4_msgs/srv/detail/vehicle_command__rosidl_typesupport_fastrtps_c.h\n'}
[1.829954] (px4_msgs) StdoutLine: {'line': b'-- Up-to-date symlink: /home/maxim/super_ws/install/px4_msgs/include/px4_msgs/px4_msgs/msg/action_request.hpp\n'}
[1.830149] (px4_msgs) StdoutLine: {'line': b'-- Up-to-date symlink: /home/maxim/super_ws/install/px4_msgs/include/px4_msgs/px4_msgs/msg/actuator_armed.hpp\n'}
[1.830214] (px4_msgs) StdoutLine: {'line': b'-- Up-to-date symlink: /home/maxim/super_ws/install/px4_msgs/include/px4_msgs/px4_msgs/msg/actuator_controls_status.hpp\n'}
[1.830284] (px4_msgs) StdoutLine: {'line': b'-- Up-to-date symlink: /home/maxim/super_ws/install/px4_msgs/include/px4_msgs/px4_msgs/msg/actuator_motors.hpp\n'}
[1.830382] (px4_msgs) StdoutLine: {'line': b'-- Up-to-date symlink: /home/maxim/super_ws/install/px4_msgs/include/px4_msgs/px4_msgs/msg/actuator_outputs.hpp\n'}
[1.830441] (px4_msgs) StdoutLine: {'line': b'-- Up-to-date symlink: /home/maxim/super_ws/install/px4_msgs/include/px4_msgs/px4_msgs/msg/actuator_servos.hpp\n'}
[1.830511] (px4_msgs) StdoutLine: {'line': b'-- Up-to-date symlink: /home/maxim/super_ws/install/px4_msgs/include/px4_msgs/px4_msgs/msg/actuator_servos_trim.hpp\n'}
[1.830585] (px4_msgs) StdoutLine: {'line': b'-- Up-to-date symlink: /home/maxim/super_ws/install/px4_msgs/include/px4_msgs/px4_msgs/msg/actuator_test.hpp\n'}
[1.830643] (px4_msgs) StdoutLine: {'line': b'-- Up-to-date symlink: /home/maxim/super_ws/install/px4_msgs/include/px4_msgs/px4_msgs/msg/adc_report.hpp\n'}
[1.830700] (px4_msgs) StdoutLine: {'line': b'-- Up-to-date symlink: /home/maxim/super_ws/install/px4_msgs/include/px4_msgs/px4_msgs/msg/airspeed.hpp\n'}
[1.830775] (px4_msgs) StdoutLine: {'line': b'-- Up-to-date symlink: /home/maxim/super_ws/install/px4_msgs/include/px4_msgs/px4_msgs/msg/airspeed_validated.hpp\n'}
[1.830843] (px4_msgs) StdoutLine: {'line': b'-- Up-to-date symlink: /home/maxim/super_ws/install/px4_msgs/include/px4_msgs/px4_msgs/msg/airspeed_wind.hpp\n'}
[1.830916] (px4_msgs) StdoutLine: {'line': b'-- Up-to-date symlink: /home/maxim/super_ws/install/px4_msgs/include/px4_msgs/px4_msgs/msg/arming_check_reply.hpp\n'}
[1.830971] (px4_msgs) StdoutLine: {'line': b'-- Up-to-date symlink: /home/maxim/super_ws/install/px4_msgs/include/px4_msgs/px4_msgs/msg/arming_check_request.hpp\n'}
[1.831036] (px4_msgs) StdoutLine: {'line': b'-- Up-to-date symlink: /home/maxim/super_ws/install/px4_msgs/include/px4_msgs/px4_msgs/msg/autotune_attitude_control_status.hpp\n'}
[1.831103] (px4_msgs) StdoutLine: {'line': b'-- Up-to-date symlink: /home/maxim/super_ws/install/px4_msgs/include/px4_msgs/px4_msgs/msg/aux_global_position.hpp\n'}
[1.831167] (px4_msgs) StdoutLine: {'line': b'-- Up-to-date symlink: /home/maxim/super_ws/install/px4_msgs/include/px4_msgs/px4_msgs/msg/battery_info.hpp\n'}
[1.831236] (px4_msgs) StdoutLine: {'line': b'-- Up-to-date symlink: /home/maxim/super_ws/install/px4_msgs/include/px4_msgs/px4_msgs/msg/battery_status.hpp\n'}
[1.831308] (px4_msgs) StdoutLine: {'line': b'-- Up-to-date symlink: /home/maxim/super_ws/install/px4_msgs/include/px4_msgs/px4_msgs/msg/button_event.hpp\n'}
[1.831381] (px4_msgs) StdoutLine: {'line': b'-- Up-to-date symlink: /home/maxim/super_ws/install/px4_msgs/include/px4_msgs/px4_msgs/msg/camera_capture.hpp\n'}
[1.831452] (px4_msgs) StdoutLine: {'line': b'-- Up-to-date symlink: /home/maxim/super_ws/install/px4_msgs/include/px4_msgs/px4_msgs/msg/camera_status.hpp\n'}
[1.831521] (px4_msgs) StdoutLine: {'line': b'-- Up-to-date symlink: /home/maxim/super_ws/install/px4_msgs/include/px4_msgs/px4_msgs/msg/camera_trigger.hpp\n'}
[1.831590] (px4_msgs) StdoutLine: {'line': b'-- Up-to-date symlink: /home/maxim/super_ws/install/px4_msgs/include/px4_msgs/px4_msgs/msg/can_interface_status.hpp\n'}
[1.831657] (px4_msgs) StdoutLine: {'line': b'-- Up-to-date symlink: /home/maxim/super_ws/install/px4_msgs/include/px4_msgs/px4_msgs/msg/cellular_status.hpp\n'}
[1.831733] (px4_msgs) StdoutLine: {'line': b'-- Up-to-date symlink: /home/maxim/super_ws/install/px4_msgs/include/px4_msgs/px4_msgs/msg/collision_constraints.hpp\n'}
[1.831850] (px4_msgs) StdoutLine: {'line': b'-- Up-to-date symlink: /home/maxim/super_ws/install/px4_msgs/include/px4_msgs/px4_msgs/msg/config_overrides.hpp\n'}
[1.831932] (px4_msgs) StdoutLine: {'line': b'-- Up-to-date symlink: /home/maxim/super_ws/install/px4_msgs/include/px4_msgs/px4_msgs/msg/control_allocator_status.hpp\n'}
[1.832009] (px4_msgs) StdoutLine: {'line': b'-- Up-to-date symlink: /home/maxim/super_ws/install/px4_msgs/include/px4_msgs/px4_msgs/msg/cpuload.hpp\n'}
[1.832092] (px4_msgs) StdoutLine: {'line': b'-- Up-to-date symlink: /home/maxim/super_ws/install/px4_msgs/include/px4_msgs/px4_msgs/msg/dataman_request.hpp\n'}
[1.832164] (px4_msgs) StdoutLine: {'line': b'-- Up-to-date symlink: /home/maxim/super_ws/install/px4_msgs/include/px4_msgs/px4_msgs/msg/dataman_response.hpp\n'}
[1.832235] (px4_msgs) StdoutLine: {'line': b'-- Up-to-date symlink: /home/maxim/super_ws/install/px4_msgs/include/px4_msgs/px4_msgs/msg/debug_array.hpp\n'}
[1.832305] (px4_msgs) StdoutLine: {'line': b'-- Up-to-date symlink: /home/maxim/super_ws/install/px4_msgs/include/px4_msgs/px4_msgs/msg/debug_key_value.hpp\n'}
[1.832368] (px4_msgs) StdoutLine: {'line': b'-- Up-to-date symlink: /home/maxim/super_ws/install/px4_msgs/include/px4_msgs/px4_msgs/msg/debug_value.hpp\n'}
[1.832439] (px4_msgs) StdoutLine: {'line': b'-- Up-to-date symlink: /home/maxim/super_ws/install/px4_msgs/include/px4_msgs/px4_msgs/msg/debug_vect.hpp\n'}
[1.832508] (px4_msgs) StdoutLine: {'line': b'-- Up-to-date symlink: /home/maxim/super_ws/install/px4_msgs/include/px4_msgs/px4_msgs/msg/detail/action_request__builder.hpp\n'}
[1.832577] (px4_msgs) StdoutLine: {'line': b'-- Up-to-date symlink: /home/maxim/super_ws/install/px4_msgs/include/px4_msgs/px4_msgs/msg/detail/action_request__struct.hpp\n'}
[1.832695] (px4_msgs) StdoutLine: {'line': b'-- Up-to-date symlink: /home/maxim/super_ws/install/px4_msgs/include/px4_msgs/px4_msgs/msg/detail/action_request__traits.hpp\n'}
[1.832772] (px4_msgs) StdoutLine: {'line': b'-- Up-to-date symlink: /home/maxim/super_ws/install/px4_msgs/include/px4_msgs/px4_msgs/msg/detail/action_request__type_support.hpp\n'}
[1.832845] (px4_msgs) StdoutLine: {'line': b'-- Up-to-date symlink: /home/maxim/super_ws/install/px4_msgs/include/px4_msgs/px4_msgs/msg/detail/actuator_armed__builder.hpp\n'}
[1.832917] (px4_msgs) StdoutLine: {'line': b'-- Up-to-date symlink: /home/maxim/super_ws/install/px4_msgs/include/px4_msgs/px4_msgs/msg/detail/actuator_armed__struct.hpp\n'}
[1.832988] (px4_msgs) StdoutLine: {'line': b'-- Up-to-date symlink: /home/maxim/super_ws/install/px4_msgs/include/px4_msgs/px4_msgs/msg/detail/actuator_armed__traits.hpp\n'}
[1.833059] (px4_msgs) StdoutLine: {'line': b'-- Up-to-date symlink: /home/maxim/super_ws/install/px4_msgs/include/px4_msgs/px4_msgs/msg/detail/actuator_armed__type_support.hpp\n'}
[1.833128] (px4_msgs) StdoutLine: {'line': b'-- Up-to-date symlink: /home/maxim/super_ws/install/px4_msgs/include/px4_msgs/px4_msgs/msg/detail/actuator_controls_status__builder.hpp\n'}
[1.833206] (px4_msgs) StdoutLine: {'line': b'-- Up-to-date symlink: /home/maxim/super_ws/install/px4_msgs/include/px4_msgs/px4_msgs/msg/detail/actuator_controls_status__struct.hpp\n'}
[1.833287] (px4_msgs) StdoutLine: {'line': b'-- Up-to-date symlink: /home/maxim/super_ws/install/px4_msgs/include/px4_msgs/px4_msgs/msg/detail/actuator_controls_status__traits.hpp\n'}
[1.833362] (px4_msgs) StdoutLine: {'line': b'-- Up-to-date symlink: /home/maxim/super_ws/install/px4_msgs/include/px4_msgs/px4_msgs/msg/detail/actuator_controls_status__type_support.hpp\n'}
[1.833485] (px4_msgs) StdoutLine: {'line': b'-- Up-to-date symlink: /home/maxim/super_ws/install/px4_msgs/include/px4_msgs/px4_msgs/msg/detail/actuator_motors__builder.hpp\n'}
[1.833569] (px4_msgs) StdoutLine: {'line': b'-- Up-to-date symlink: /home/maxim/super_ws/install/px4_msgs/include/px4_msgs/px4_msgs/msg/detail/actuator_motors__struct.hpp\n'}
[1.833644] (px4_msgs) StdoutLine: {'line': b'-- Up-to-date symlink: /home/maxim/super_ws/install/px4_msgs/include/px4_msgs/px4_msgs/msg/detail/actuator_motors__traits.hpp\n'}
[1.833715] (px4_msgs) StdoutLine: {'line': b'-- Up-to-date symlink: /home/maxim/super_ws/install/px4_msgs/include/px4_msgs/px4_msgs/msg/detail/actuator_motors__type_support.hpp\n'}
[1.833787] (px4_msgs) StdoutLine: {'line': b'-- Up-to-date symlink: /home/maxim/super_ws/install/px4_msgs/include/px4_msgs/px4_msgs/msg/detail/actuator_outputs__builder.hpp\n'}
[1.833858] (px4_msgs) StdoutLine: {'line': b'-- Up-to-date symlink: /home/maxim/super_ws/install/px4_msgs/include/px4_msgs/px4_msgs/msg/detail/actuator_outputs__struct.hpp\n'}
[1.833933] (px4_msgs) StdoutLine: {'line': b'-- Up-to-date symlink: /home/maxim/super_ws/install/px4_msgs/include/px4_msgs/px4_msgs/msg/detail/actuator_outputs__traits.hpp\n'}
[1.834001] (px4_msgs) StdoutLine: {'line': b'-- Up-to-date symlink: /home/maxim/super_ws/install/px4_msgs/include/px4_msgs/px4_msgs/msg/detail/actuator_outputs__type_support.hpp\n'}
[1.834070] (px4_msgs) StdoutLine: {'line': b'-- Up-to-date symlink: /home/maxim/super_ws/install/px4_msgs/include/px4_msgs/px4_msgs/msg/detail/actuator_servos__builder.hpp\n'}
[1.834147] (px4_msgs) StdoutLine: {'line': b'-- Up-to-date symlink: /home/maxim/super_ws/install/px4_msgs/include/px4_msgs/px4_msgs/msg/detail/actuator_servos__struct.hpp\n'}
[1.834267] (px4_msgs) StdoutLine: {'line': b'-- Up-to-date symlink: /home/maxim/super_ws/install/px4_msgs/include/px4_msgs/px4_msgs/msg/detail/actuator_servos__traits.hpp\n'}
[1.834342] (px4_msgs) StdoutLine: {'line': b'-- Up-to-date symlink: /home/maxim/super_ws/install/px4_msgs/include/px4_msgs/px4_msgs/msg/detail/actuator_servos__type_support.hpp\n'}
[1.834428] (px4_msgs) StdoutLine: {'line': b'-- Up-to-date symlink: /home/maxim/super_ws/install/px4_msgs/include/px4_msgs/px4_msgs/msg/detail/actuator_servos_trim__builder.hpp\n'}
[1.834503] (px4_msgs) StdoutLine: {'line': b'-- Up-to-date symlink: /home/maxim/super_ws/install/px4_msgs/include/px4_msgs/px4_msgs/msg/detail/actuator_servos_trim__struct.hpp\n'}
[1.834579] (px4_msgs) StdoutLine: {'line': b'-- Up-to-date symlink: /home/maxim/super_ws/install/px4_msgs/include/px4_msgs/px4_msgs/msg/detail/actuator_servos_trim__traits.hpp\n'}
[1.834665] (px4_msgs) StdoutLine: {'line': b'-- Up-to-date symlink: /home/maxim/super_ws/install/px4_msgs/include/px4_msgs/px4_msgs/msg/detail/actuator_servos_trim__type_support.hpp\n'}
[1.834744] (px4_msgs) StdoutLine: {'line': b'-- Up-to-date symlink: /home/maxim/super_ws/install/px4_msgs/include/px4_msgs/px4_msgs/msg/detail/actuator_test__builder.hpp\n'}
[1.834818] (px4_msgs) StdoutLine: {'line': b'-- Up-to-date symlink: /home/maxim/super_ws/install/px4_msgs/include/px4_msgs/px4_msgs/msg/detail/actuator_test__struct.hpp\n'}
[1.834891] (px4_msgs) StdoutLine: {'line': b'-- Up-to-date symlink: /home/maxim/super_ws/install/px4_msgs/include/px4_msgs/px4_msgs/msg/detail/actuator_test__traits.hpp\n'}
[1.834962] (px4_msgs) StdoutLine: {'line': b'-- Up-to-date symlink: /home/maxim/super_ws/install/px4_msgs/include/px4_msgs/px4_msgs/msg/detail/actuator_test__type_support.hpp\n'}
[1.835029] (px4_msgs) StdoutLine: {'line': b'-- Up-to-date symlink: /home/maxim/super_ws/install/px4_msgs/include/px4_msgs/px4_msgs/msg/detail/adc_report__builder.hpp\n'}
[1.835099] (px4_msgs) StdoutLine: {'line': b'-- Up-to-date symlink: /home/maxim/super_ws/install/px4_msgs/include/px4_msgs/px4_msgs/msg/detail/adc_report__struct.hpp\n'}
[1.835179] (px4_msgs) StdoutLine: {'line': b'-- Up-to-date symlink: /home/maxim/super_ws/install/px4_msgs/include/px4_msgs/px4_msgs/msg/detail/adc_report__traits.hpp\n'}
[1.835255] (px4_msgs) StdoutLine: {'line': b'-- Up-to-date symlink: /home/maxim/super_ws/install/px4_msgs/include/px4_msgs/px4_msgs/msg/detail/adc_report__type_support.hpp\n'}
[1.835333] (px4_msgs) StdoutLine: {'line': b'-- Up-to-date symlink: /home/maxim/super_ws/install/px4_msgs/include/px4_msgs/px4_msgs/msg/detail/airspeed__builder.hpp\n'}
[1.835457] (px4_msgs) StdoutLine: {'line': b'-- Up-to-date symlink: /home/maxim/super_ws/install/px4_msgs/include/px4_msgs/px4_msgs/msg/detail/airspeed__struct.hpp\n'}
[1.835530] (px4_msgs) StdoutLine: {'line': b'-- Up-to-date symlink: /home/maxim/super_ws/install/px4_msgs/include/px4_msgs/px4_msgs/msg/detail/airspeed__traits.hpp\n'}
[1.835603] (px4_msgs) StdoutLine: {'line': b'-- Up-to-date symlink: /home/maxim/super_ws/install/px4_msgs/include/px4_msgs/px4_msgs/msg/detail/airspeed__type_support.hpp\n'}
[1.835674] (px4_msgs) StdoutLine: {'line': b'-- Up-to-date symlink: /home/maxim/super_ws/install/px4_msgs/include/px4_msgs/px4_msgs/msg/detail/airspeed_validated__builder.hpp\n'}
[1.835750] (px4_msgs) StdoutLine: {'line': b'-- Up-to-date symlink: /home/maxim/super_ws/install/px4_msgs/include/px4_msgs/px4_msgs/msg/detail/airspeed_validated__struct.hpp\n'}
[1.835822] (px4_msgs) StdoutLine: {'line': b'-- Up-to-date symlink: /home/maxim/super_ws/install/px4_msgs/include/px4_msgs/px4_msgs/msg/detail/airspeed_validated__traits.hpp\n'}
[1.835892] (px4_msgs) StdoutLine: {'line': b'-- Up-to-date symlink: /home/maxim/super_ws/install/px4_msgs/include/px4_msgs/px4_msgs/msg/detail/airspeed_validated__type_support.hpp\n'}
[1.835963] (px4_msgs) StdoutLine: {'line': b'-- Up-to-date symlink: /home/maxim/super_ws/install/px4_msgs/include/px4_msgs/px4_msgs/msg/detail/airspeed_wind__builder.hpp\n'}
[1.836041] (px4_msgs) StdoutLine: {'line': b'-- Up-to-date symlink: /home/maxim/super_ws/install/px4_msgs/include/px4_msgs/px4_msgs/msg/detail/airspeed_wind__struct.hpp\n'}
[1.836161] (px4_msgs) StdoutLine: {'line': b'-- Up-to-date symlink: /home/maxim/super_ws/install/px4_msgs/include/px4_msgs/px4_msgs/msg/detail/airspeed_wind__traits.hpp\n'}
[1.836232] (px4_msgs) StdoutLine: {'line': b'-- Up-to-date symlink: /home/maxim/super_ws/install/px4_msgs/include/px4_msgs/px4_msgs/msg/detail/airspeed_wind__type_support.hpp\n'}
[1.836313] (px4_msgs) StdoutLine: {'line': b'-- Up-to-date symlink: /home/maxim/super_ws/install/px4_msgs/include/px4_msgs/px4_msgs/msg/detail/arming_check_reply__builder.hpp\n'}
[1.836383] (px4_msgs) StdoutLine: {'line': b'-- Up-to-date symlink: /home/maxim/super_ws/install/px4_msgs/include/px4_msgs/px4_msgs/msg/detail/arming_check_reply__struct.hpp\n'}
[1.836455] (px4_msgs) StdoutLine: {'line': b'-- Up-to-date symlink: /home/maxim/super_ws/install/px4_msgs/include/px4_msgs/px4_msgs/msg/detail/arming_check_reply__traits.hpp\n'}
[1.836525] (px4_msgs) StdoutLine: {'line': b'-- Up-to-date symlink: /home/maxim/super_ws/install/px4_msgs/include/px4_msgs/px4_msgs/msg/detail/arming_check_reply__type_support.hpp\n'}
[1.836593] (px4_msgs) StdoutLine: {'line': b'-- Up-to-date symlink: /home/maxim/super_ws/install/px4_msgs/include/px4_msgs/px4_msgs/msg/detail/arming_check_request__builder.hpp\n'}
[1.836668] (px4_msgs) StdoutLine: {'line': b'-- Up-to-date symlink: /home/maxim/super_ws/install/px4_msgs/include/px4_msgs/px4_msgs/msg/detail/arming_check_request__struct.hpp\n'}
[1.836745] (px4_msgs) StdoutLine: {'line': b'-- Up-to-date symlink: /home/maxim/super_ws/install/px4_msgs/include/px4_msgs/px4_msgs/msg/detail/arming_check_request__traits.hpp\n'}
[1.836823] (px4_msgs) StdoutLine: {'line': b'-- Up-to-date symlink: /home/maxim/super_ws/install/px4_msgs/include/px4_msgs/px4_msgs/msg/detail/arming_check_request__type_support.hpp\n'}
[1.836901] (px4_msgs) StdoutLine: {'line': b'-- Up-to-date symlink: /home/maxim/super_ws/install/px4_msgs/include/px4_msgs/px4_msgs/msg/detail/autotune_attitude_control_status__builder.hpp\n'}
[1.836980] (px4_msgs) StdoutLine: {'line': b'-- Up-to-date symlink: /home/maxim/super_ws/install/px4_msgs/include/px4_msgs/px4_msgs/msg/detail/autotune_attitude_control_status__struct.hpp\n'}
[1.837059] (px4_msgs) StdoutLine: {'line': b'-- Up-to-date symlink: /home/maxim/super_ws/install/px4_msgs/include/px4_msgs/px4_msgs/msg/detail/autotune_attitude_control_status__traits.hpp\n'}
[1.837137] (px4_msgs) StdoutLine: {'line': b'-- Up-to-date symlink: /home/maxim/super_ws/install/px4_msgs/include/px4_msgs/px4_msgs/msg/detail/autotune_attitude_control_status__type_support.hpp\n'}
[1.837219] (px4_msgs) StdoutLine: {'line': b'-- Up-to-date symlink: /home/maxim/super_ws/install/px4_msgs/include/px4_msgs/px4_msgs/msg/detail/aux_global_position__builder.hpp\n'}
[1.837301] (px4_msgs) StdoutLine: {'line': b'-- Up-to-date symlink: /home/maxim/super_ws/install/px4_msgs/include/px4_msgs/px4_msgs/msg/detail/aux_global_position__struct.hpp\n'}
[1.837384] (px4_msgs) StdoutLine: {'line': b'-- Up-to-date symlink: /home/maxim/super_ws/install/px4_msgs/include/px4_msgs/px4_msgs/msg/detail/aux_global_position__traits.hpp\n'}
[1.837464] (px4_msgs) StdoutLine: {'line': b'-- Up-to-date symlink: /home/maxim/super_ws/install/px4_msgs/include/px4_msgs/px4_msgs/msg/detail/aux_global_position__type_support.hpp\n'}
[1.837544] (px4_msgs) StdoutLine: {'line': b'-- Up-to-date symlink: /home/maxim/super_ws/install/px4_msgs/include/px4_msgs/px4_msgs/msg/detail/battery_info__builder.hpp\n'}
[1.837621] (px4_msgs) StdoutLine: {'line': b'-- Up-to-date symlink: /home/maxim/super_ws/install/px4_msgs/include/px4_msgs/px4_msgs/msg/detail/battery_info__struct.hpp\n'}
[1.837699] (px4_msgs) StdoutLine: {'line': b'-- Up-to-date symlink: /home/maxim/super_ws/install/px4_msgs/include/px4_msgs/px4_msgs/msg/detail/battery_info__traits.hpp\n'}
[1.837776] (px4_msgs) StdoutLine: {'line': b'-- Up-to-date symlink: /home/maxim/super_ws/install/px4_msgs/include/px4_msgs/px4_msgs/msg/detail/battery_info__type_support.hpp\n'}
[1.837854] (px4_msgs) StdoutLine: {'line': b'-- Up-to-date symlink: /home/maxim/super_ws/install/px4_msgs/include/px4_msgs/px4_msgs/msg/detail/battery_status__builder.hpp\n'}
[1.837932] (px4_msgs) StdoutLine: {'line': b'-- Up-to-date symlink: /home/maxim/super_ws/install/px4_msgs/include/px4_msgs/px4_msgs/msg/detail/battery_status__struct.hpp\n'}
[1.838010] (px4_msgs) StdoutLine: {'line': b'-- Up-to-date symlink: /home/maxim/super_ws/install/px4_msgs/include/px4_msgs/px4_msgs/msg/detail/battery_status__traits.hpp\n'}
[1.838089] (px4_msgs) StdoutLine: {'line': b'-- Up-to-date symlink: /home/maxim/super_ws/install/px4_msgs/include/px4_msgs/px4_msgs/msg/detail/battery_status__type_support.hpp\n'}
[1.838166] (px4_msgs) StdoutLine: {'line': b'-- Up-to-date symlink: /home/maxim/super_ws/install/px4_msgs/include/px4_msgs/px4_msgs/msg/detail/button_event__builder.hpp\n'}
[1.838243] (px4_msgs) StdoutLine: {'line': b'-- Up-to-date symlink: /home/maxim/super_ws/install/px4_msgs/include/px4_msgs/px4_msgs/msg/detail/button_event__struct.hpp\n'}
[1.838321] (px4_msgs) StdoutLine: {'line': b'-- Up-to-date symlink: /home/maxim/super_ws/install/px4_msgs/include/px4_msgs/px4_msgs/msg/detail/button_event__traits.hpp\n'}
[1.838405] (px4_msgs) StdoutLine: {'line': b'-- Up-to-date symlink: /home/maxim/super_ws/install/px4_msgs/include/px4_msgs/px4_msgs/msg/detail/button_event__type_support.hpp\n'}
[1.838517] (px4_msgs) StdoutLine: {'line': b'-- Up-to-date symlink: /home/maxim/super_ws/install/px4_msgs/include/px4_msgs/px4_msgs/msg/detail/camera_capture__builder.hpp\n'}
[1.838591] (px4_msgs) StdoutLine: {'line': b'-- Up-to-date symlink: /home/maxim/super_ws/install/px4_msgs/include/px4_msgs/px4_msgs/msg/detail/camera_capture__struct.hpp\n'}
[1.838669] (px4_msgs) StdoutLine: {'line': b'-- Up-to-date symlink: /home/maxim/super_ws/install/px4_msgs/include/px4_msgs/px4_msgs/msg/detail/camera_capture__traits.hpp\n'}
[1.838737] (px4_msgs) StdoutLine: {'line': b'-- Up-to-date symlink: /home/maxim/super_ws/install/px4_msgs/include/px4_msgs/px4_msgs/msg/detail/camera_capture__type_support.hpp\n'}
[1.838836] (px4_msgs) StdoutLine: {'line': b'-- Up-to-date symlink: /home/maxim/super_ws/install/px4_msgs/include/px4_msgs/px4_msgs/msg/detail/camera_status__builder.hpp\n'}
[1.838912] (px4_msgs) StdoutLine: {'line': b'-- Up-to-date symlink: /home/maxim/super_ws/install/px4_msgs/include/px4_msgs/px4_msgs/msg/detail/camera_status__struct.hpp\n'}
[1.838985] (px4_msgs) StdoutLine: {'line': b'-- Up-to-date symlink: /home/maxim/super_ws/install/px4_msgs/include/px4_msgs/px4_msgs/msg/detail/camera_status__traits.hpp\n'}
[1.839057] (px4_msgs) StdoutLine: {'line': b'-- Up-to-date symlink: /home/maxim/super_ws/install/px4_msgs/include/px4_msgs/px4_msgs/msg/detail/camera_status__type_support.hpp\n'}
[1.839128] (px4_msgs) StdoutLine: {'line': b'-- Up-to-date symlink: /home/maxim/super_ws/install/px4_msgs/include/px4_msgs/px4_msgs/msg/detail/camera_trigger__builder.hpp\n'}
[1.839199] (px4_msgs) StdoutLine: {'line': b'-- Up-to-date symlink: /home/maxim/super_ws/install/px4_msgs/include/px4_msgs/px4_msgs/msg/detail/camera_trigger__struct.hpp\n'}
[1.839270] (px4_msgs) StdoutLine: {'line': b'-- Up-to-date symlink: /home/maxim/super_ws/install/px4_msgs/include/px4_msgs/px4_msgs/msg/detail/camera_trigger__traits.hpp\n'}
[1.839345] (px4_msgs) StdoutLine: {'line': b'-- Up-to-date symlink: /home/maxim/super_ws/install/px4_msgs/include/px4_msgs/px4_msgs/msg/detail/camera_trigger__type_support.hpp\n'}
[1.839464] (px4_msgs) StdoutLine: {'line': b'-- Up-to-date symlink: /home/maxim/super_ws/install/px4_msgs/include/px4_msgs/px4_msgs/msg/detail/can_interface_status__builder.hpp\n'}
[1.839542] (px4_msgs) StdoutLine: {'line': b'-- Up-to-date symlink: /home/maxim/super_ws/install/px4_msgs/include/px4_msgs/px4_msgs/msg/detail/can_interface_status__struct.hpp\n'}
[1.839615] (px4_msgs) StdoutLine: {'line': b'-- Up-to-date symlink: /home/maxim/super_ws/install/px4_msgs/include/px4_msgs/px4_msgs/msg/detail/can_interface_status__traits.hpp\n'}
[1.839687] (px4_msgs) StdoutLine: {'line': b'-- Up-to-date symlink: /home/maxim/super_ws/install/px4_msgs/include/px4_msgs/px4_msgs/msg/detail/can_interface_status__type_support.hpp\n'}
[1.839759] (px4_msgs) StdoutLine: {'line': b'-- Up-to-date symlink: /home/maxim/super_ws/install/px4_msgs/include/px4_msgs/px4_msgs/msg/detail/cellular_status__builder.hpp\n'}
[1.839829] (px4_msgs) StdoutLine: {'line': b'-- Up-to-date symlink: /home/maxim/super_ws/install/px4_msgs/include/px4_msgs/px4_msgs/msg/detail/cellular_status__struct.hpp\n'}
[1.839900] (px4_msgs) StdoutLine: {'line': b'-- Up-to-date symlink: /home/maxim/super_ws/install/px4_msgs/include/px4_msgs/px4_msgs/msg/detail/cellular_status__traits.hpp\n'}
[1.839969] (px4_msgs) StdoutLine: {'line': b'-- Up-to-date symlink: /home/maxim/super_ws/install/px4_msgs/include/px4_msgs/px4_msgs/msg/detail/cellular_status__type_support.hpp\n'}
[1.840046] (px4_msgs) StdoutLine: {'line': b'-- Up-to-date symlink: /home/maxim/super_ws/install/px4_msgs/include/px4_msgs/px4_msgs/msg/detail/collision_constraints__builder.hpp\n'}
[1.840160] (px4_msgs) StdoutLine: {'line': b'-- Up-to-date symlink: /home/maxim/super_ws/install/px4_msgs/include/px4_msgs/px4_msgs/msg/detail/collision_constraints__struct.hpp\n'}
[1.840238] (px4_msgs) StdoutLine: {'line': b'-- Up-to-date symlink: /home/maxim/super_ws/install/px4_msgs/include/px4_msgs/px4_msgs/msg/detail/collision_constraints__traits.hpp\n'}
[1.840314] (px4_msgs) StdoutLine: {'line': b'-- Up-to-date symlink: /home/maxim/super_ws/install/px4_msgs/include/px4_msgs/px4_msgs/msg/detail/collision_constraints__type_support.hpp\n'}
[1.840387] (px4_msgs) StdoutLine: {'line': b'-- Up-to-date symlink: /home/maxim/super_ws/install/px4_msgs/include/px4_msgs/px4_msgs/msg/detail/config_overrides__builder.hpp\n'}
[1.840475] (px4_msgs) StdoutLine: {'line': b'-- Up-to-date symlink: /home/maxim/super_ws/install/px4_msgs/include/px4_msgs/px4_msgs/msg/detail/config_overrides__struct.hpp\n'}
[1.840543] (px4_msgs) StdoutLine: {'line': b'-- Up-to-date symlink: /home/maxim/super_ws/install/px4_msgs/include/px4_msgs/px4_msgs/msg/detail/config_overrides__traits.hpp\n'}
[1.840607] (px4_msgs) StdoutLine: {'line': b'-- Up-to-date symlink: /home/maxim/super_ws/install/px4_msgs/include/px4_msgs/px4_msgs/msg/detail/config_overrides__type_support.hpp\n'}
[1.840717] (px4_msgs) StdoutLine: {'line': b'-- Up-to-date symlink: /home/maxim/super_ws/install/px4_msgs/include/px4_msgs/px4_msgs/msg/detail/control_allocator_status__builder.hpp\n'}
[1.840792] (px4_msgs) StdoutLine: {'line': b'-- Up-to-date symlink: /home/maxim/super_ws/install/px4_msgs/include/px4_msgs/px4_msgs/msg/detail/control_allocator_status__struct.hpp\n'}
[1.840863] (px4_msgs) StdoutLine: {'line': b'-- Up-to-date symlink: /home/maxim/super_ws/install/px4_msgs/include/px4_msgs/px4_msgs/msg/detail/control_allocator_status__traits.hpp\n'}
[1.840931] (px4_msgs) StdoutLine: {'line': b'-- Up-to-date symlink: /home/maxim/super_ws/install/px4_msgs/include/px4_msgs/px4_msgs/msg/detail/control_allocator_status__type_support.hpp\n'}
[1.841002] (px4_msgs) StdoutLine: {'line': b'-- Up-to-date symlink: /home/maxim/super_ws/install/px4_msgs/include/px4_msgs/px4_msgs/msg/detail/cpuload__builder.hpp\n'}
[1.841073] (px4_msgs) StdoutLine: {'line': b'-- Up-to-date symlink: /home/maxim/super_ws/install/px4_msgs/include/px4_msgs/px4_msgs/msg/detail/cpuload__struct.hpp\n'}
[1.841148] (px4_msgs) StdoutLine: {'line': b'-- Up-to-date symlink: /home/maxim/super_ws/install/px4_msgs/include/px4_msgs/px4_msgs/msg/detail/cpuload__traits.hpp\n'}
[1.841221] (px4_msgs) StdoutLine: {'line': b'-- Up-to-date symlink: /home/maxim/super_ws/install/px4_msgs/include/px4_msgs/px4_msgs/msg/detail/cpuload__type_support.hpp\n'}
[1.841298] (px4_msgs) StdoutLine: {'line': b'-- Up-to-date symlink: /home/maxim/super_ws/install/px4_msgs/include/px4_msgs/px4_msgs/msg/detail/dataman_request__builder.hpp\n'}
[1.841379] (px4_msgs) StdoutLine: {'line': b'-- Up-to-date symlink: /home/maxim/super_ws/install/px4_msgs/include/px4_msgs/px4_msgs/msg/detail/dataman_request__struct.hpp\n'}
[1.841459] (px4_msgs) StdoutLine: {'line': b'-- Up-to-date symlink: /home/maxim/super_ws/install/px4_msgs/include/px4_msgs/px4_msgs/msg/detail/dataman_request__traits.hpp\n'}
[1.841538] (px4_msgs) StdoutLine: {'line': b'-- Up-to-date symlink: /home/maxim/super_ws/install/px4_msgs/include/px4_msgs/px4_msgs/msg/detail/dataman_request__type_support.hpp\n'}
[1.841616] (px4_msgs) StdoutLine: {'line': b'-- Up-to-date symlink: /home/maxim/super_ws/install/px4_msgs/include/px4_msgs/px4_msgs/msg/detail/dataman_response__builder.hpp\n'}
[1.841694] (px4_msgs) StdoutLine: {'line': b'-- Up-to-date symlink: /home/maxim/super_ws/install/px4_msgs/include/px4_msgs/px4_msgs/msg/detail/dataman_response__struct.hpp\n'}
[1.841771] (px4_msgs) StdoutLine: {'line': b'-- Up-to-date symlink: /home/maxim/super_ws/install/px4_msgs/include/px4_msgs/px4_msgs/msg/detail/dataman_response__traits.hpp\n'}
[1.841850] (px4_msgs) StdoutLine: {'line': b'-- Up-to-date symlink: /home/maxim/super_ws/install/px4_msgs/include/px4_msgs/px4_msgs/msg/detail/dataman_response__type_support.hpp\n'}
[1.841928] (px4_msgs) StdoutLine: {'line': b'-- Up-to-date symlink: /home/maxim/super_ws/install/px4_msgs/include/px4_msgs/px4_msgs/msg/detail/debug_array__builder.hpp\n'}
[1.842006] (px4_msgs) StdoutLine: {'line': b'-- Up-to-date symlink: /home/maxim/super_ws/install/px4_msgs/include/px4_msgs/px4_msgs/msg/detail/debug_array__struct.hpp\n'}
[1.842084] (px4_msgs) StdoutLine: {'line': b'-- Up-to-date symlink: /home/maxim/super_ws/install/px4_msgs/include/px4_msgs/px4_msgs/msg/detail/debug_array__traits.hpp\n'}
[1.842162] (px4_msgs) StdoutLine: {'line': b'-- Up-to-date symlink: /home/maxim/super_ws/install/px4_msgs/include/px4_msgs/px4_msgs/msg/detail/debug_array__type_support.hpp\n'}
[1.842241] (px4_msgs) StdoutLine: {'line': b'-- Up-to-date symlink: /home/maxim/super_ws/install/px4_msgs/include/px4_msgs/px4_msgs/msg/detail/debug_key_value__builder.hpp\n'}
[1.842319] (px4_msgs) StdoutLine: {'line': b'-- Up-to-date symlink: /home/maxim/super_ws/install/px4_msgs/include/px4_msgs/px4_msgs/msg/detail/debug_key_value__struct.hpp\n'}
[1.842401] (px4_msgs) StdoutLine: {'line': b'-- Up-to-date symlink: /home/maxim/super_ws/install/px4_msgs/include/px4_msgs/px4_msgs/msg/detail/debug_key_value__traits.hpp\n'}
[1.842511] (px4_msgs) StdoutLine: {'line': b'-- Up-to-date symlink: /home/maxim/super_ws/install/px4_msgs/include/px4_msgs/px4_msgs/msg/detail/debug_key_value__type_support.hpp\n'}
[1.842591] (px4_msgs) StdoutLine: {'line': b'-- Up-to-date symlink: /home/maxim/super_ws/install/px4_msgs/include/px4_msgs/px4_msgs/msg/detail/debug_value__builder.hpp\n'}
[1.842667] (px4_msgs) StdoutLine: {'line': b'-- Up-to-date symlink: /home/maxim/super_ws/install/px4_msgs/include/px4_msgs/px4_msgs/msg/detail/debug_value__struct.hpp\n'}
[1.842737] (px4_msgs) StdoutLine: {'line': b'-- Up-to-date symlink: /home/maxim/super_ws/install/px4_msgs/include/px4_msgs/px4_msgs/msg/detail/debug_value__traits.hpp\n'}
[1.842832] (px4_msgs) StdoutLine: {'line': b'-- Up-to-date symlink: /home/maxim/super_ws/install/px4_msgs/include/px4_msgs/px4_msgs/msg/detail/debug_value__type_support.hpp\n'}
[1.842906] (px4_msgs) StdoutLine: {'line': b'-- Up-to-date symlink: /home/maxim/super_ws/install/px4_msgs/include/px4_msgs/px4_msgs/msg/detail/debug_vect__builder.hpp\n'}
[1.842983] (px4_msgs) StdoutLine: {'line': b'-- Up-to-date symlink: /home/maxim/super_ws/install/px4_msgs/include/px4_msgs/px4_msgs/msg/detail/debug_vect__struct.hpp\n'}
[1.843056] (px4_msgs) StdoutLine: {'line': b'-- Up-to-date symlink: /home/maxim/super_ws/install/px4_msgs/include/px4_msgs/px4_msgs/msg/detail/debug_vect__traits.hpp\n'}
[1.843127] (px4_msgs) StdoutLine: {'line': b'-- Up-to-date symlink: /home/maxim/super_ws/install/px4_msgs/include/px4_msgs/px4_msgs/msg/detail/debug_vect__type_support.hpp\n'}
[1.843213] (px4_msgs) StdoutLine: {'line': b'-- Up-to-date symlink: /home/maxim/super_ws/install/px4_msgs/include/px4_msgs/px4_msgs/msg/detail/device_information__builder.hpp\n'}
[1.843286] (px4_msgs) StdoutLine: {'line': b'-- Up-to-date symlink: /home/maxim/super_ws/install/px4_msgs/include/px4_msgs/px4_msgs/msg/detail/device_information__struct.hpp\n'}
[1.843355] (px4_msgs) StdoutLine: {'line': b'-- Up-to-date symlink: /home/maxim/super_ws/install/px4_msgs/include/px4_msgs/px4_msgs/msg/detail/device_information__traits.hpp\n'}
[1.843431] (px4_msgs) StdoutLine: {'line': b'-- Up-to-date symlink: /home/maxim/super_ws/install/px4_msgs/include/px4_msgs/px4_msgs/msg/detail/device_information__type_support.hpp\n'}
[1.843506] (px4_msgs) StdoutLine: {'line': b'-- Up-to-date symlink: /home/maxim/super_ws/install/px4_msgs/include/px4_msgs/px4_msgs/msg/detail/differential_pressure__builder.hpp\n'}
[1.843613] (px4_msgs) StdoutLine: {'line': b'-- Up-to-date symlink: /home/maxim/super_ws/install/px4_msgs/include/px4_msgs/px4_msgs/msg/detail/differential_pressure__struct.hpp\n'}
[1.843685] (px4_msgs) StdoutLine: {'line': b'-- Up-to-date symlink: /home/maxim/super_ws/install/px4_msgs/include/px4_msgs/px4_msgs/msg/detail/differential_pressure__traits.hpp\n'}
[1.843758] (px4_msgs) StdoutLine: {'line': b'-- Up-to-date symlink: /home/maxim/super_ws/install/px4_msgs/include/px4_msgs/px4_msgs/msg/detail/differential_pressure__type_support.hpp\n'}
[1.843890] (px4_msgs) StdoutLine: {'line': b'-- Up-to-date symlink: /home/maxim/super_ws/install/px4_msgs/include/px4_msgs/px4_msgs/msg/detail/distance_sensor__builder.hpp\n'}
[1.843976] (px4_msgs) StdoutLine: {'line': b'-- Up-to-date symlink: /home/maxim/super_ws/install/px4_msgs/include/px4_msgs/px4_msgs/msg/detail/distance_sensor__struct.hpp\n'}
[1.844094] (px4_msgs) StdoutLine: {'line': b'-- Up-to-date symlink: /home/maxim/super_ws/install/px4_msgs/include/px4_msgs/px4_msgs/msg/detail/distance_sensor__traits.hpp\n'}
[1.844175] (px4_msgs) StdoutLine: {'line': b'-- Up-to-date symlink: /home/maxim/super_ws/install/px4_msgs/include/px4_msgs/px4_msgs/msg/detail/distance_sensor__type_support.hpp\n'}
[1.844270] (px4_msgs) StdoutLine: {'line': b'-- Up-to-date symlink: /home/maxim/super_ws/install/px4_msgs/include/px4_msgs/px4_msgs/msg/detail/distance_sensor_mode_change_request__builder.hpp\n'}
[1.844333] (px4_msgs) StdoutLine: {'line': b'-- Up-to-date symlink: /home/maxim/super_ws/install/px4_msgs/include/px4_msgs/px4_msgs/msg/detail/distance_sensor_mode_change_request__struct.hpp\n'}
[1.844413] (px4_msgs) StdoutLine: {'line': b'-- Up-to-date symlink: /home/maxim/super_ws/install/px4_msgs/include/px4_msgs/px4_msgs/msg/detail/distance_sensor_mode_change_request__traits.hpp\n'}
[1.844494] (px4_msgs) StdoutLine: {'line': b'-- Up-to-date symlink: /home/maxim/super_ws/install/px4_msgs/include/px4_msgs/px4_msgs/msg/detail/distance_sensor_mode_change_request__type_support.hpp\n'}
[1.844550] (px4_msgs) StdoutLine: {'line': b'-- Up-to-date symlink: /home/maxim/super_ws/install/px4_msgs/include/px4_msgs/px4_msgs/msg/detail/dronecan_node_status__builder.hpp\n'}
[1.844619] (px4_msgs) StdoutLine: {'line': b'-- Up-to-date symlink: /home/maxim/super_ws/install/px4_msgs/include/px4_msgs/px4_msgs/msg/detail/dronecan_node_status__struct.hpp\n'}
[1.844686] (px4_msgs) StdoutLine: {'line': b'-- Up-to-date symlink: /home/maxim/super_ws/install/px4_msgs/include/px4_msgs/px4_msgs/msg/detail/dronecan_node_status__traits.hpp\n'}
[1.844757] (px4_msgs) StdoutLine: {'line': b'-- Up-to-date symlink: /home/maxim/super_ws/install/px4_msgs/include/px4_msgs/px4_msgs/msg/detail/dronecan_node_status__type_support.hpp\n'}
[1.844834] (px4_msgs) StdoutLine: {'line': b'-- Up-to-date symlink: /home/maxim/super_ws/install/px4_msgs/include/px4_msgs/px4_msgs/msg/detail/ekf2_timestamps__builder.hpp\n'}
[1.844902] (px4_msgs) StdoutLine: {'line': b'-- Up-to-date symlink: /home/maxim/super_ws/install/px4_msgs/include/px4_msgs/px4_msgs/msg/detail/ekf2_timestamps__struct.hpp\n'}
[1.844969] (px4_msgs) StdoutLine: {'line': b'-- Up-to-date symlink: /home/maxim/super_ws/install/px4_msgs/include/px4_msgs/px4_msgs/msg/detail/ekf2_timestamps__traits.hpp\n'}
[1.845037] (px4_msgs) StdoutLine: {'line': b'-- Up-to-date symlink: /home/maxim/super_ws/install/px4_msgs/include/px4_msgs/px4_msgs/msg/detail/ekf2_timestamps__type_support.hpp\n'}
[1.845106] (px4_msgs) StdoutLine: {'line': b'-- Up-to-date symlink: /home/maxim/super_ws/install/px4_msgs/include/px4_msgs/px4_msgs/msg/detail/esc_eeprom_read__builder.hpp\n'}
[1.845177] (px4_msgs) StdoutLine: {'line': b'-- Up-to-date symlink: /home/maxim/super_ws/install/px4_msgs/include/px4_msgs/px4_msgs/msg/detail/esc_eeprom_read__struct.hpp\n'}
[1.845249] (px4_msgs) StdoutLine: {'line': b'-- Up-to-date symlink: /home/maxim/super_ws/install/px4_msgs/include/px4_msgs/px4_msgs/msg/detail/esc_eeprom_read__traits.hpp\n'}
[1.845320] (px4_msgs) StdoutLine: {'line': b'-- Up-to-date symlink: /home/maxim/super_ws/install/px4_msgs/include/px4_msgs/px4_msgs/msg/detail/esc_eeprom_read__type_support.hpp\n'}
[1.845392] (px4_msgs) StdoutLine: {'line': b'-- Up-to-date symlink: /home/maxim/super_ws/install/px4_msgs/include/px4_msgs/px4_msgs/msg/detail/esc_eeprom_write__builder.hpp\n'}
[1.845501] (px4_msgs) StdoutLine: {'line': b'-- Up-to-date symlink: /home/maxim/super_ws/install/px4_msgs/include/px4_msgs/px4_msgs/msg/detail/esc_eeprom_write__struct.hpp\n'}
[1.845618] (px4_msgs) StdoutLine: {'line': b'-- Up-to-date symlink: /home/maxim/super_ws/install/px4_msgs/include/px4_msgs/px4_msgs/msg/detail/esc_eeprom_write__traits.hpp\n'}
[1.845742] (px4_msgs) StdoutLine: {'line': b'-- Up-to-date symlink: /home/maxim/super_ws/install/px4_msgs/include/px4_msgs/px4_msgs/msg/detail/esc_eeprom_write__type_support.hpp\n'}
[1.845828] (px4_msgs) StdoutLine: {'line': b'-- Up-to-date symlink: /home/maxim/super_ws/install/px4_msgs/include/px4_msgs/px4_msgs/msg/detail/esc_report__builder.hpp\n'}
[1.845954] (px4_msgs) StdoutLine: {'line': b'-- Up-to-date symlink: /home/maxim/super_ws/install/px4_msgs/include/px4_msgs/px4_msgs/msg/detail/esc_report__struct.hpp\n'}
[1.846052] (px4_msgs) StdoutLine: {'line': b'-- Up-to-date symlink: /home/maxim/super_ws/install/px4_msgs/include/px4_msgs/px4_msgs/msg/detail/esc_report__traits.hpp\n'}
[1.846124] (px4_msgs) StdoutLine: {'line': b'-- Up-to-date symlink: /home/maxim/super_ws/install/px4_msgs/include/px4_msgs/px4_msgs/msg/detail/esc_report__type_support.hpp\n'}
[1.846201] (px4_msgs) StdoutLine: {'line': b'-- Up-to-date symlink: /home/maxim/super_ws/install/px4_msgs/include/px4_msgs/px4_msgs/msg/detail/esc_status__builder.hpp\n'}
[1.846261] (px4_msgs) StdoutLine: {'line': b'-- Up-to-date symlink: /home/maxim/super_ws/install/px4_msgs/include/px4_msgs/px4_msgs/msg/detail/esc_status__struct.hpp\n'}
[1.846320] (px4_msgs) StdoutLine: {'line': b'-- Up-to-date symlink: /home/maxim/super_ws/install/px4_msgs/include/px4_msgs/px4_msgs/msg/detail/esc_status__traits.hpp\n'}
[1.846398] (px4_msgs) StdoutLine: {'line': b'-- Up-to-date symlink: /home/maxim/super_ws/install/px4_msgs/include/px4_msgs/px4_msgs/msg/detail/esc_status__type_support.hpp\n'}
[1.846466] (px4_msgs) StdoutLine: {'line': b'-- Up-to-date symlink: /home/maxim/super_ws/install/px4_msgs/include/px4_msgs/px4_msgs/msg/detail/estimator_aid_source1d__builder.hpp\n'}
[1.846521] (px4_msgs) StdoutLine: {'line': b'-- Up-to-date symlink: /home/maxim/super_ws/install/px4_msgs/include/px4_msgs/px4_msgs/msg/detail/estimator_aid_source1d__struct.hpp\n'}
[1.846600] (px4_msgs) StdoutLine: {'line': b'-- Up-to-date symlink: /home/maxim/super_ws/install/px4_msgs/include/px4_msgs/px4_msgs/msg/detail/estimator_aid_source1d__traits.hpp\n'}
[1.846661] (px4_msgs) StdoutLine: {'line': b'-- Up-to-date symlink: /home/maxim/super_ws/install/px4_msgs/include/px4_msgs/px4_msgs/msg/detail/estimator_aid_source1d__type_support.hpp\n'}
[1.846729] (px4_msgs) StdoutLine: {'line': b'-- Up-to-date symlink: /home/maxim/super_ws/install/px4_msgs/include/px4_msgs/px4_msgs/msg/detail/estimator_aid_source2d__builder.hpp\n'}
[1.846795] (px4_msgs) StdoutLine: {'line': b'-- Up-to-date symlink: /home/maxim/super_ws/install/px4_msgs/include/px4_msgs/px4_msgs/msg/detail/estimator_aid_source2d__struct.hpp\n'}
[1.846879] (px4_msgs) StdoutLine: {'line': b'-- Up-to-date symlink: /home/maxim/super_ws/install/px4_msgs/include/px4_msgs/px4_msgs/msg/detail/estimator_aid_source2d__traits.hpp\n'}
[1.846939] (px4_msgs) StdoutLine: {'line': b'-- Up-to-date symlink: /home/maxim/super_ws/install/px4_msgs/include/px4_msgs/px4_msgs/msg/detail/estimator_aid_source2d__type_support.hpp\n'}
[1.847008] (px4_msgs) StdoutLine: {'line': b'-- Up-to-date symlink: /home/maxim/super_ws/install/px4_msgs/include/px4_msgs/px4_msgs/msg/detail/estimator_aid_source3d__builder.hpp\n'}
[1.847078] (px4_msgs) StdoutLine: {'line': b'-- Up-to-date symlink: /home/maxim/super_ws/install/px4_msgs/include/px4_msgs/px4_msgs/msg/detail/estimator_aid_source3d__struct.hpp\n'}
[1.847148] (px4_msgs) StdoutLine: {'line': b'-- Up-to-date symlink: /home/maxim/super_ws/install/px4_msgs/include/px4_msgs/px4_msgs/msg/detail/estimator_aid_source3d__traits.hpp\n'}
[1.847219] (px4_msgs) StdoutLine: {'line': b'-- Up-to-date symlink: /home/maxim/super_ws/install/px4_msgs/include/px4_msgs/px4_msgs/msg/detail/estimator_aid_source3d__type_support.hpp\n'}
[1.847291] (px4_msgs) StdoutLine: {'line': b'-- Up-to-date symlink: /home/maxim/super_ws/install/px4_msgs/include/px4_msgs/px4_msgs/msg/detail/estimator_bias3d__builder.hpp\n'}
[1.847362] (px4_msgs) StdoutLine: {'line': b'-- Up-to-date symlink: /home/maxim/super_ws/install/px4_msgs/include/px4_msgs/px4_msgs/msg/detail/estimator_bias3d__struct.hpp\n'}
[1.847433] (px4_msgs) StdoutLine: {'line': b'-- Up-to-date symlink: /home/maxim/super_ws/install/px4_msgs/include/px4_msgs/px4_msgs/msg/detail/estimator_bias3d__traits.hpp\n'}
[1.847501] (px4_msgs) StdoutLine: {'line': b'-- Up-to-date symlink: /home/maxim/super_ws/install/px4_msgs/include/px4_msgs/px4_msgs/msg/detail/estimator_bias3d__type_support.hpp\n'}
[1.847579] (px4_msgs) StdoutLine: {'line': b'-- Up-to-date symlink: /home/maxim/super_ws/install/px4_msgs/include/px4_msgs/px4_msgs/msg/detail/estimator_bias__builder.hpp\n'}
[1.847658] (px4_msgs) StdoutLine: {'line': b'-- Up-to-date symlink: /home/maxim/super_ws/install/px4_msgs/include/px4_msgs/px4_msgs/msg/detail/estimator_bias__struct.hpp\n'}
[1.847736] (px4_msgs) StdoutLine: {'line': b'-- Up-to-date symlink: /home/maxim/super_ws/install/px4_msgs/include/px4_msgs/px4_msgs/msg/detail/estimator_bias__traits.hpp\n'}
[1.847814] (px4_msgs) StdoutLine: {'line': b'-- Up-to-date symlink: /home/maxim/super_ws/install/px4_msgs/include/px4_msgs/px4_msgs/msg/detail/estimator_bias__type_support.hpp\n'}
[1.847892] (px4_msgs) StdoutLine: {'line': b'-- Up-to-date symlink: /home/maxim/super_ws/install/px4_msgs/include/px4_msgs/px4_msgs/msg/detail/estimator_event_flags__builder.hpp\n'}
[1.847971] (px4_msgs) StdoutLine: {'line': b'-- Up-to-date symlink: /home/maxim/super_ws/install/px4_msgs/include/px4_msgs/px4_msgs/msg/detail/estimator_event_flags__struct.hpp\n'}
[1.848047] (px4_msgs) StdoutLine: {'line': b'-- Up-to-date symlink: /home/maxim/super_ws/install/px4_msgs/include/px4_msgs/px4_msgs/msg/detail/estimator_event_flags__traits.hpp\n'}
[1.848124] (px4_msgs) StdoutLine: {'line': b'-- Up-to-date symlink: /home/maxim/super_ws/install/px4_msgs/include/px4_msgs/px4_msgs/msg/detail/estimator_event_flags__type_support.hpp\n'}
[1.848202] (px4_msgs) StdoutLine: {'line': b'-- Up-to-date symlink: /home/maxim/super_ws/install/px4_msgs/include/px4_msgs/px4_msgs/msg/detail/estimator_fusion_control__builder.hpp\n'}
[1.848280] (px4_msgs) StdoutLine: {'line': b'-- Up-to-date symlink: /home/maxim/super_ws/install/px4_msgs/include/px4_msgs/px4_msgs/msg/detail/estimator_fusion_control__struct.hpp\n'}
[1.848357] (px4_msgs) StdoutLine: {'line': b'-- Up-to-date symlink: /home/maxim/super_ws/install/px4_msgs/include/px4_msgs/px4_msgs/msg/detail/estimator_fusion_control__traits.hpp\n'}
[1.848439] (px4_msgs) StdoutLine: {'line': b'-- Up-to-date symlink: /home/maxim/super_ws/install/px4_msgs/include/px4_msgs/px4_msgs/msg/detail/estimator_fusion_control__type_support.hpp\n'}
[1.848515] (px4_msgs) StdoutLine: {'line': b'-- Up-to-date symlink: /home/maxim/super_ws/install/px4_msgs/include/px4_msgs/px4_msgs/msg/detail/estimator_gps_status__builder.hpp\n'}
[1.848592] (px4_msgs) StdoutLine: {'line': b'-- Up-to-date symlink: /home/maxim/super_ws/install/px4_msgs/include/px4_msgs/px4_msgs/msg/detail/estimator_gps_status__struct.hpp\n'}
[1.848668] (px4_msgs) StdoutLine: {'line': b'-- Up-to-date symlink: /home/maxim/super_ws/install/px4_msgs/include/px4_msgs/px4_msgs/msg/detail/estimator_gps_status__traits.hpp\n'}
[1.848745] (px4_msgs) StdoutLine: {'line': b'-- Up-to-date symlink: /home/maxim/super_ws/install/px4_msgs/include/px4_msgs/px4_msgs/msg/detail/estimator_gps_status__type_support.hpp\n'}
[1.848823] (px4_msgs) StdoutLine: {'line': b'-- Up-to-date symlink: /home/maxim/super_ws/install/px4_msgs/include/px4_msgs/px4_msgs/msg/detail/estimator_innovations__builder.hpp\n'}
[1.848899] (px4_msgs) StdoutLine: {'line': b'-- Up-to-date symlink: /home/maxim/super_ws/install/px4_msgs/include/px4_msgs/px4_msgs/msg/detail/estimator_innovations__struct.hpp\n'}
[1.848974] (px4_msgs) StdoutLine: {'line': b'-- Up-to-date symlink: /home/maxim/super_ws/install/px4_msgs/include/px4_msgs/px4_msgs/msg/detail/estimator_innovations__traits.hpp\n'}
[1.849053] (px4_msgs) StdoutLine: {'line': b'-- Up-to-date symlink: /home/maxim/super_ws/install/px4_msgs/include/px4_msgs/px4_msgs/msg/detail/estimator_innovations__type_support.hpp\n'}
[1.849128] (px4_msgs) StdoutLine: {'line': b'-- Up-to-date symlink: /home/maxim/super_ws/install/px4_msgs/include/px4_msgs/px4_msgs/msg/detail/estimator_selector_status__builder.hpp\n'}
[1.849207] (px4_msgs) StdoutLine: {'line': b'-- Up-to-date symlink: /home/maxim/super_ws/install/px4_msgs/include/px4_msgs/px4_msgs/msg/detail/estimator_selector_status__struct.hpp\n'}
[1.849287] (px4_msgs) StdoutLine: {'line': b'-- Up-to-date symlink: /home/maxim/super_ws/install/px4_msgs/include/px4_msgs/px4_msgs/msg/detail/estimator_selector_status__traits.hpp\n'}
[1.849366] (px4_msgs) StdoutLine: {'line': b'-- Up-to-date symlink: /home/maxim/super_ws/install/px4_msgs/include/px4_msgs/px4_msgs/msg/detail/estimator_selector_status__type_support.hpp\n'}
[1.849449] (px4_msgs) StdoutLine: {'line': b'-- Up-to-date symlink: /home/maxim/super_ws/install/px4_msgs/include/px4_msgs/px4_msgs/msg/detail/estimator_sensor_bias__builder.hpp\n'}
[1.849526] (px4_msgs) StdoutLine: {'line': b'-- Up-to-date symlink: /home/maxim/super_ws/install/px4_msgs/include/px4_msgs/px4_msgs/msg/detail/estimator_sensor_bias__struct.hpp\n'}
[1.849602] (px4_msgs) StdoutLine: {'line': b'-- Up-to-date symlink: /home/maxim/super_ws/install/px4_msgs/include/px4_msgs/px4_msgs/msg/detail/estimator_sensor_bias__traits.hpp\n'}
[1.849679] (px4_msgs) StdoutLine: {'line': b'-- Up-to-date symlink: /home/maxim/super_ws/install/px4_msgs/include/px4_msgs/px4_msgs/msg/detail/estimator_sensor_bias__type_support.hpp\n'}
[1.849756] (px4_msgs) StdoutLine: {'line': b'-- Up-to-date symlink: /home/maxim/super_ws/install/px4_msgs/include/px4_msgs/px4_msgs/msg/detail/estimator_states__builder.hpp\n'}
[1.849834] (px4_msgs) StdoutLine: {'line': b'-- Up-to-date symlink: /home/maxim/super_ws/install/px4_msgs/include/px4_msgs/px4_msgs/msg/detail/estimator_states__struct.hpp\n'}
[1.849911] (px4_msgs) StdoutLine: {'line': b'-- Up-to-date symlink: /home/maxim/super_ws/install/px4_msgs/include/px4_msgs/px4_msgs/msg/detail/estimator_states__traits.hpp\n'}
[1.849990] (px4_msgs) StdoutLine: {'line': b'-- Up-to-date symlink: /home/maxim/super_ws/install/px4_msgs/include/px4_msgs/px4_msgs/msg/detail/estimator_states__type_support.hpp\n'}
[1.850067] (px4_msgs) StdoutLine: {'line': b'-- Up-to-date symlink: /home/maxim/super_ws/install/px4_msgs/include/px4_msgs/px4_msgs/msg/detail/estimator_status__builder.hpp\n'}
[1.850144] (px4_msgs) StdoutLine: {'line': b'-- Up-to-date symlink: /home/maxim/super_ws/install/px4_msgs/include/px4_msgs/px4_msgs/msg/detail/estimator_status__struct.hpp\n'}
[1.850222] (px4_msgs) StdoutLine: {'line': b'-- Up-to-date symlink: /home/maxim/super_ws/install/px4_msgs/include/px4_msgs/px4_msgs/msg/detail/estimator_status__traits.hpp\n'}
[1.850301] (px4_msgs) StdoutLine: {'line': b'-- Up-to-date symlink: /home/maxim/super_ws/install/px4_msgs/include/px4_msgs/px4_msgs/msg/detail/estimator_status__type_support.hpp\n'}
[1.850384] (px4_msgs) StdoutLine: {'line': b'-- Up-to-date symlink: /home/maxim/super_ws/install/px4_msgs/include/px4_msgs/px4_msgs/msg/detail/estimator_status_flags__builder.hpp\n'}
[1.850462] (px4_msgs) StdoutLine: {'line': b'-- Up-to-date symlink: /home/maxim/super_ws/install/px4_msgs/include/px4_msgs/px4_msgs/msg/detail/estimator_status_flags__struct.hpp\n'}
[1.850540] (px4_msgs) StdoutLine: {'line': b'-- Up-to-date symlink: /home/maxim/super_ws/install/px4_msgs/include/px4_msgs/px4_msgs/msg/detail/estimator_status_flags__traits.hpp\n'}
[1.850617] (px4_msgs) StdoutLine: {'line': b'-- Up-to-date symlink: /home/maxim/super_ws/install/px4_msgs/include/px4_msgs/px4_msgs/msg/detail/estimator_status_flags__type_support.hpp\n'}
[1.850696] (px4_msgs) StdoutLine: {'line': b'-- Up-to-date symlink: /home/maxim/super_ws/install/px4_msgs/include/px4_msgs/px4_msgs/msg/detail/event__builder.hpp\n'}
[1.850774] (px4_msgs) StdoutLine: {'line': b'-- Up-to-date symlink: /home/maxim/super_ws/install/px4_msgs/include/px4_msgs/px4_msgs/msg/detail/event__struct.hpp\n'}
[1.850852] (px4_msgs) StdoutLine: {'line': b'-- Up-to-date symlink: /home/maxim/super_ws/install/px4_msgs/include/px4_msgs/px4_msgs/msg/detail/event__traits.hpp\n'}
[1.850929] (px4_msgs) StdoutLine: {'line': b'-- Up-to-date symlink: /home/maxim/super_ws/install/px4_msgs/include/px4_msgs/px4_msgs/msg/detail/event__type_support.hpp\n'}
[1.851009] (px4_msgs) StdoutLine: {'line': b'-- Up-to-date symlink: /home/maxim/super_ws/install/px4_msgs/include/px4_msgs/px4_msgs/msg/detail/failsafe_flags__builder.hpp\n'}
[1.851126] (px4_msgs) StdoutLine: {'line': b'-- Up-to-date symlink: /home/maxim/super_ws/install/px4_msgs/include/px4_msgs/px4_msgs/msg/detail/failsafe_flags__struct.hpp\n'}
[1.851203] (px4_msgs) StdoutLine: {'line': b'-- Up-to-date symlink: /home/maxim/super_ws/install/px4_msgs/include/px4_msgs/px4_msgs/msg/detail/failsafe_flags__traits.hpp\n'}
[1.851277] (px4_msgs) StdoutLine: {'line': b'-- Up-to-date symlink: /home/maxim/super_ws/install/px4_msgs/include/px4_msgs/px4_msgs/msg/detail/failsafe_flags__type_support.hpp\n'}
[1.851349] (px4_msgs) StdoutLine: {'line': b'-- Up-to-date symlink: /home/maxim/super_ws/install/px4_msgs/include/px4_msgs/px4_msgs/msg/detail/failure_detector_status__builder.hpp\n'}
[1.851426] (px4_msgs) StdoutLine: {'line': b'-- Up-to-date symlink: /home/maxim/super_ws/install/px4_msgs/include/px4_msgs/px4_msgs/msg/detail/failure_detector_status__struct.hpp\n'}
[1.851510] (px4_msgs) StdoutLine: {'line': b'-- Up-to-date symlink: /home/maxim/super_ws/install/px4_msgs/include/px4_msgs/px4_msgs/msg/detail/failure_detector_status__traits.hpp\n'}
[1.851590] (px4_msgs) StdoutLine: {'line': b'-- Up-to-date symlink: /home/maxim/super_ws/install/px4_msgs/include/px4_msgs/px4_msgs/msg/detail/failure_detector_status__type_support.hpp\n'}
[1.851710] (px4_msgs) StdoutLine: {'line': b'-- Up-to-date symlink: /home/maxim/super_ws/install/px4_msgs/include/px4_msgs/px4_msgs/msg/detail/fiducial_marker_pos_report__builder.hpp\n'}
[1.851768] (px4_msgs) StdoutLine: {'line': b'-- Up-to-date symlink: /home/maxim/super_ws/install/px4_msgs/include/px4_msgs/px4_msgs/msg/detail/fiducial_marker_pos_report__struct.hpp\n'}
[1.851844] (px4_msgs) StdoutLine: {'line': b'-- Up-to-date symlink: /home/maxim/super_ws/install/px4_msgs/include/px4_msgs/px4_msgs/msg/detail/fiducial_marker_pos_report__traits.hpp\n'}
[1.851931] (px4_msgs) StdoutLine: {'line': b'-- Up-to-date symlink: /home/maxim/super_ws/install/px4_msgs/include/px4_msgs/px4_msgs/msg/detail/fiducial_marker_pos_report__type_support.hpp\n'}
[1.852011] (px4_msgs) StdoutLine: {'line': b'-- Up-to-date symlink: /home/maxim/super_ws/install/px4_msgs/include/px4_msgs/px4_msgs/msg/detail/fiducial_marker_yaw_report__builder.hpp\n'}
[1.852081] (px4_msgs) StdoutLine: {'line': b'-- Up-to-date symlink: /home/maxim/super_ws/install/px4_msgs/include/px4_msgs/px4_msgs/msg/detail/fiducial_marker_yaw_report__struct.hpp\n'}
[1.852147] (px4_msgs) StdoutLine: {'line': b'-- Up-to-date symlink: /home/maxim/super_ws/install/px4_msgs/include/px4_msgs/px4_msgs/msg/detail/fiducial_marker_yaw_report__traits.hpp\n'}
[1.852220] (px4_msgs) StdoutLine: {'line': b'-- Up-to-date symlink: /home/maxim/super_ws/install/px4_msgs/include/px4_msgs/px4_msgs/msg/detail/fiducial_marker_yaw_report__type_support.hpp\n'}
[1.852292] (px4_msgs) StdoutLine: {'line': b'-- Up-to-date symlink: /home/maxim/super_ws/install/px4_msgs/include/px4_msgs/px4_msgs/msg/detail/figure_eight_status__builder.hpp\n'}
[1.852365] (px4_msgs) StdoutLine: {'line': b'-- Up-to-date symlink: /home/maxim/super_ws/install/px4_msgs/include/px4_msgs/px4_msgs/msg/detail/figure_eight_status__struct.hpp\n'}
[1.852439] (px4_msgs) StdoutLine: {'line': b'-- Up-to-date symlink: /home/maxim/super_ws/install/px4_msgs/include/px4_msgs/px4_msgs/msg/detail/figure_eight_status__traits.hpp\n'}
[1.852505] (px4_msgs) StdoutLine: {'line': b'-- Up-to-date symlink: /home/maxim/super_ws/install/px4_msgs/include/px4_msgs/px4_msgs/msg/detail/figure_eight_status__type_support.hpp\n'}
[1.852576] (px4_msgs) StdoutLine: {'line': b'-- Up-to-date symlink: /home/maxim/super_ws/install/px4_msgs/include/px4_msgs/px4_msgs/msg/detail/fixed_wing_lateral_guidance_status__builder.hpp\n'}
[1.852694] (px4_msgs) StdoutLine: {'line': b'-- Up-to-date symlink: /home/maxim/super_ws/install/px4_msgs/include/px4_msgs/px4_msgs/msg/detail/fixed_wing_lateral_guidance_status__struct.hpp\n'}
[1.852773] (px4_msgs) StdoutLine: {'line': b'-- Up-to-date symlink: /home/maxim/super_ws/install/px4_msgs/include/px4_msgs/px4_msgs/msg/detail/fixed_wing_lateral_guidance_status__traits.hpp\n'}
[1.852850] (px4_msgs) StdoutLine: {'line': b'-- Up-to-date symlink: /home/maxim/super_ws/install/px4_msgs/include/px4_msgs/px4_msgs/msg/detail/fixed_wing_lateral_guidance_status__type_support.hpp\n'}
[1.852925] (px4_msgs) StdoutLine: {'line': b'-- Up-to-date symlink: /home/maxim/super_ws/install/px4_msgs/include/px4_msgs/px4_msgs/msg/detail/fixed_wing_lateral_setpoint__builder.hpp\n'}
[1.852993] (px4_msgs) StdoutLine: {'line': b'-- Up-to-date symlink: /home/maxim/super_ws/install/px4_msgs/include/px4_msgs/px4_msgs/msg/detail/fixed_wing_lateral_setpoint__struct.hpp\n'}
[1.853057] (px4_msgs) StdoutLine: {'line': b'-- Up-to-date symlink: /home/maxim/super_ws/install/px4_msgs/include/px4_msgs/px4_msgs/msg/detail/fixed_wing_lateral_setpoint__traits.hpp\n'}
[1.853129] (px4_msgs) StdoutLine: {'line': b'-- Up-to-date symlink: /home/maxim/super_ws/install/px4_msgs/include/px4_msgs/px4_msgs/msg/detail/fixed_wing_lateral_setpoint__type_support.hpp\n'}
[1.853209] (px4_msgs) StdoutLine: {'line': b'-- Up-to-date symlink: /home/maxim/super_ws/install/px4_msgs/include/px4_msgs/px4_msgs/msg/detail/fixed_wing_lateral_status__builder.hpp\n'}
[1.853289] (px4_msgs) StdoutLine: {'line': b'-- Up-to-date symlink: /home/maxim/super_ws/install/px4_msgs/include/px4_msgs/px4_msgs/msg/detail/fixed_wing_lateral_status__struct.hpp\n'}
[1.853372] (px4_msgs) StdoutLine: {'line': b'-- Up-to-date symlink: /home/maxim/super_ws/install/px4_msgs/include/px4_msgs/px4_msgs/msg/detail/fixed_wing_lateral_status__traits.hpp\n'}
[1.853453] (px4_msgs) StdoutLine: {'line': b'-- Up-to-date symlink: /home/maxim/super_ws/install/px4_msgs/include/px4_msgs/px4_msgs/msg/detail/fixed_wing_lateral_status__type_support.hpp\n'}
[1.853529] (px4_msgs) StdoutLine: {'line': b'-- Up-to-date symlink: /home/maxim/super_ws/install/px4_msgs/include/px4_msgs/px4_msgs/msg/detail/fixed_wing_longitudinal_setpoint__builder.hpp\n'}
[1.853608] (px4_msgs) StdoutLine: {'line': b'-- Up-to-date symlink: /home/maxim/super_ws/install/px4_msgs/include/px4_msgs/px4_msgs/msg/detail/fixed_wing_longitudinal_setpoint__struct.hpp\n'}
[1.853685] (px4_msgs) StdoutLine: {'line': b'-- Up-to-date symlink: /home/maxim/super_ws/install/px4_msgs/include/px4_msgs/px4_msgs/msg/detail/fixed_wing_longitudinal_setpoint__traits.hpp\n'}
[1.853764] (px4_msgs) StdoutLine: {'line': b'-- Up-to-date symlink: /home/maxim/super_ws/install/px4_msgs/include/px4_msgs/px4_msgs/msg/detail/fixed_wing_longitudinal_setpoint__type_support.hpp\n'}
[1.853844] (px4_msgs) StdoutLine: {'line': b'-- Up-to-date symlink: /home/maxim/super_ws/install/px4_msgs/include/px4_msgs/px4_msgs/msg/detail/fixed_wing_runway_control__builder.hpp\n'}
[1.853924] (px4_msgs) StdoutLine: {'line': b'-- Up-to-date symlink: /home/maxim/super_ws/install/px4_msgs/include/px4_msgs/px4_msgs/msg/detail/fixed_wing_runway_control__struct.hpp\n'}
[1.854002] (px4_msgs) StdoutLine: {'line': b'-- Up-to-date symlink: /home/maxim/super_ws/install/px4_msgs/include/px4_msgs/px4_msgs/msg/detail/fixed_wing_runway_control__traits.hpp\n'}
[1.854081] (px4_msgs) StdoutLine: {'line': b'-- Up-to-date symlink: /home/maxim/super_ws/install/px4_msgs/include/px4_msgs/px4_msgs/msg/detail/fixed_wing_runway_control__type_support.hpp\n'}
[1.854159] (px4_msgs) StdoutLine: {'line': b'-- Up-to-date symlink: /home/maxim/super_ws/install/px4_msgs/include/px4_msgs/px4_msgs/msg/detail/flight_phase_estimation__builder.hpp\n'}
[1.854237] (px4_msgs) StdoutLine: {'line': b'-- Up-to-date symlink: /home/maxim/super_ws/install/px4_msgs/include/px4_msgs/px4_msgs/msg/detail/flight_phase_estimation__struct.hpp\n'}
[1.854315] (px4_msgs) StdoutLine: {'line': b'-- Up-to-date symlink: /home/maxim/super_ws/install/px4_msgs/include/px4_msgs/px4_msgs/msg/detail/flight_phase_estimation__traits.hpp\n'}
[1.854399] (px4_msgs) StdoutLine: {'line': b'-- Up-to-date symlink: /home/maxim/super_ws/install/px4_msgs/include/px4_msgs/px4_msgs/msg/detail/flight_phase_estimation__type_support.hpp\n'}
[1.854478] (px4_msgs) StdoutLine: {'line': b'-- Up-to-date symlink: /home/maxim/super_ws/install/px4_msgs/include/px4_msgs/px4_msgs/msg/detail/follow_target__builder.hpp\n'}
[1.854557] (px4_msgs) StdoutLine: {'line': b'-- Up-to-date symlink: /home/maxim/super_ws/install/px4_msgs/include/px4_msgs/px4_msgs/msg/detail/follow_target__struct.hpp\n'}
[1.854636] (px4_msgs) StdoutLine: {'line': b'-- Up-to-date symlink: /home/maxim/super_ws/install/px4_msgs/include/px4_msgs/px4_msgs/msg/detail/follow_target__traits.hpp\n'}
[1.854713] (px4_msgs) StdoutLine: {'line': b'-- Up-to-date symlink: /home/maxim/super_ws/install/px4_msgs/include/px4_msgs/px4_msgs/msg/detail/follow_target__type_support.hpp\n'}
[1.854791] (px4_msgs) StdoutLine: {'line': b'-- Up-to-date symlink: /home/maxim/super_ws/install/px4_msgs/include/px4_msgs/px4_msgs/msg/detail/follow_target_estimator__builder.hpp\n'}
[1.854869] (px4_msgs) StdoutLine: {'line': b'-- Up-to-date symlink: /home/maxim/super_ws/install/px4_msgs/include/px4_msgs/px4_msgs/msg/detail/follow_target_estimator__struct.hpp\n'}
[1.854946] (px4_msgs) StdoutLine: {'line': b'-- Up-to-date symlink: /home/maxim/super_ws/install/px4_msgs/include/px4_msgs/px4_msgs/msg/detail/follow_target_estimator__traits.hpp\n'}
[1.855025] (px4_msgs) StdoutLine: {'line': b'-- Up-to-date symlink: /home/maxim/super_ws/install/px4_msgs/include/px4_msgs/px4_msgs/msg/detail/follow_target_estimator__type_support.hpp\n'}
[1.855106] (px4_msgs) StdoutLine: {'line': b'-- Up-to-date symlink: /home/maxim/super_ws/install/px4_msgs/include/px4_msgs/px4_msgs/msg/detail/follow_target_status__builder.hpp\n'}
[1.855185] (px4_msgs) StdoutLine: {'line': b'-- Up-to-date symlink: /home/maxim/super_ws/install/px4_msgs/include/px4_msgs/px4_msgs/msg/detail/follow_target_status__struct.hpp\n'}
[1.855261] (px4_msgs) StdoutLine: {'line': b'-- Up-to-date symlink: /home/maxim/super_ws/install/px4_msgs/include/px4_msgs/px4_msgs/msg/detail/follow_target_status__traits.hpp\n'}
[1.855339] (px4_msgs) StdoutLine: {'line': b'-- Up-to-date symlink: /home/maxim/super_ws/install/px4_msgs/include/px4_msgs/px4_msgs/msg/detail/follow_target_status__type_support.hpp\n'}
[1.855422] (px4_msgs) StdoutLine: {'line': b'-- Up-to-date symlink: /home/maxim/super_ws/install/px4_msgs/include/px4_msgs/px4_msgs/msg/detail/fuel_tank_status__builder.hpp\n'}
[1.855500] (px4_msgs) StdoutLine: {'line': b'-- Up-to-date symlink: /home/maxim/super_ws/install/px4_msgs/include/px4_msgs/px4_msgs/msg/detail/fuel_tank_status__struct.hpp\n'}
[1.855578] (px4_msgs) StdoutLine: {'line': b'-- Up-to-date symlink: /home/maxim/super_ws/install/px4_msgs/include/px4_msgs/px4_msgs/msg/detail/fuel_tank_status__traits.hpp\n'}
[1.855657] (px4_msgs) StdoutLine: {'line': b'-- Up-to-date symlink: /home/maxim/super_ws/install/px4_msgs/include/px4_msgs/px4_msgs/msg/detail/fuel_tank_status__type_support.hpp\n'}
[1.855734] (px4_msgs) StdoutLine: {'line': b'-- Up-to-date symlink: /home/maxim/super_ws/install/px4_msgs/include/px4_msgs/px4_msgs/msg/detail/gain_compression__builder.hpp\n'}
[1.855813] (px4_msgs) StdoutLine: {'line': b'-- Up-to-date symlink: /home/maxim/super_ws/install/px4_msgs/include/px4_msgs/px4_msgs/msg/detail/gain_compression__struct.hpp\n'}
[1.855890] (px4_msgs) StdoutLine: {'line': b'-- Up-to-date symlink: /home/maxim/super_ws/install/px4_msgs/include/px4_msgs/px4_msgs/msg/detail/gain_compression__traits.hpp\n'}
[1.855968] (px4_msgs) StdoutLine: {'line': b'-- Up-to-date symlink: /home/maxim/super_ws/install/px4_msgs/include/px4_msgs/px4_msgs/msg/detail/gain_compression__type_support.hpp\n'}
[1.856045] (px4_msgs) StdoutLine: {'line': b'-- Up-to-date symlink: /home/maxim/super_ws/install/px4_msgs/include/px4_msgs/px4_msgs/msg/detail/generator_status__builder.hpp\n'}
[1.856124] (px4_msgs) StdoutLine: {'line': b'-- Up-to-date symlink: /home/maxim/super_ws/install/px4_msgs/include/px4_msgs/px4_msgs/msg/detail/generator_status__struct.hpp\n'}
[1.856202] (px4_msgs) StdoutLine: {'line': b'-- Up-to-date symlink: /home/maxim/super_ws/install/px4_msgs/include/px4_msgs/px4_msgs/msg/detail/generator_status__traits.hpp\n'}
[1.856280] (px4_msgs) StdoutLine: {'line': b'-- Up-to-date symlink: /home/maxim/super_ws/install/px4_msgs/include/px4_msgs/px4_msgs/msg/detail/generator_status__type_support.hpp\n'}
[1.856359] (px4_msgs) StdoutLine: {'line': b'-- Up-to-date symlink: /home/maxim/super_ws/install/px4_msgs/include/px4_msgs/px4_msgs/msg/detail/geofence_result__builder.hpp\n'}
[1.856441] (px4_msgs) StdoutLine: {'line': b'-- Up-to-date symlink: /home/maxim/super_ws/install/px4_msgs/include/px4_msgs/px4_msgs/msg/detail/geofence_result__struct.hpp\n'}
[1.856519] (px4_msgs) StdoutLine: {'line': b'-- Up-to-date symlink: /home/maxim/super_ws/install/px4_msgs/include/px4_msgs/px4_msgs/msg/detail/geofence_result__traits.hpp\n'}
[1.856598] (px4_msgs) StdoutLine: {'line': b'-- Up-to-date symlink: /home/maxim/super_ws/install/px4_msgs/include/px4_msgs/px4_msgs/msg/detail/geofence_result__type_support.hpp\n'}
[1.856675] (px4_msgs) StdoutLine: {'line': b'-- Up-to-date symlink: /home/maxim/super_ws/install/px4_msgs/include/px4_msgs/px4_msgs/msg/detail/geofence_status__builder.hpp\n'}
[1.856753] (px4_msgs) StdoutLine: {'line': b'-- Up-to-date symlink: /home/maxim/super_ws/install/px4_msgs/include/px4_msgs/px4_msgs/msg/detail/geofence_status__struct.hpp\n'}
[1.856831] (px4_msgs) StdoutLine: {'line': b'-- Up-to-date symlink: /home/maxim/super_ws/install/px4_msgs/include/px4_msgs/px4_msgs/msg/detail/geofence_status__traits.hpp\n'}
[1.856907] (px4_msgs) StdoutLine: {'line': b'-- Up-to-date symlink: /home/maxim/super_ws/install/px4_msgs/include/px4_msgs/px4_msgs/msg/detail/geofence_status__type_support.hpp\n'}
[1.856985] (px4_msgs) StdoutLine: {'line': b'-- Up-to-date symlink: /home/maxim/super_ws/install/px4_msgs/include/px4_msgs/px4_msgs/msg/detail/gimbal_controls__builder.hpp\n'}
[1.857062] (px4_msgs) StdoutLine: {'line': b'-- Up-to-date symlink: /home/maxim/super_ws/install/px4_msgs/include/px4_msgs/px4_msgs/msg/detail/gimbal_controls__struct.hpp\n'}
[1.857141] (px4_msgs) StdoutLine: {'line': b'-- Up-to-date symlink: /home/maxim/super_ws/install/px4_msgs/include/px4_msgs/px4_msgs/msg/detail/gimbal_controls__traits.hpp\n'}
[1.857217] (px4_msgs) StdoutLine: {'line': b'-- Up-to-date symlink: /home/maxim/super_ws/install/px4_msgs/include/px4_msgs/px4_msgs/msg/detail/gimbal_controls__type_support.hpp\n'}
[1.857296] (px4_msgs) StdoutLine: {'line': b'-- Up-to-date symlink: /home/maxim/super_ws/install/px4_msgs/include/px4_msgs/px4_msgs/msg/detail/gimbal_device_attitude_status__builder.hpp\n'}
[1.857381] (px4_msgs) StdoutLine: {'line': b'-- Up-to-date symlink: /home/maxim/super_ws/install/px4_msgs/include/px4_msgs/px4_msgs/msg/detail/gimbal_device_attitude_status__struct.hpp\n'}
[1.857460] (px4_msgs) StdoutLine: {'line': b'-- Up-to-date symlink: /home/maxim/super_ws/install/px4_msgs/include/px4_msgs/px4_msgs/msg/detail/gimbal_device_attitude_status__traits.hpp\n'}
[1.857538] (px4_msgs) StdoutLine: {'line': b'-- Up-to-date symlink: /home/maxim/super_ws/install/px4_msgs/include/px4_msgs/px4_msgs/msg/detail/gimbal_device_attitude_status__type_support.hpp\n'}
[1.857618] (px4_msgs) StdoutLine: {'line': b'-- Up-to-date symlink: /home/maxim/super_ws/install/px4_msgs/include/px4_msgs/px4_msgs/msg/detail/gimbal_device_information__builder.hpp\n'}
[1.857697] (px4_msgs) StdoutLine: {'line': b'-- Up-to-date symlink: /home/maxim/super_ws/install/px4_msgs/include/px4_msgs/px4_msgs/msg/detail/gimbal_device_information__struct.hpp\n'}
[1.857776] (px4_msgs) StdoutLine: {'line': b'-- Up-to-date symlink: /home/maxim/super_ws/install/px4_msgs/include/px4_msgs/px4_msgs/msg/detail/gimbal_device_information__traits.hpp\n'}
[1.857855] (px4_msgs) StdoutLine: {'line': b'-- Up-to-date symlink: /home/maxim/super_ws/install/px4_msgs/include/px4_msgs/px4_msgs/msg/detail/gimbal_device_information__type_support.hpp\n'}
[1.857935] (px4_msgs) StdoutLine: {'line': b'-- Up-to-date symlink: /home/maxim/super_ws/install/px4_msgs/include/px4_msgs/px4_msgs/msg/detail/gimbal_device_set_attitude__builder.hpp\n'}
[1.858016] (px4_msgs) StdoutLine: {'line': b'-- Up-to-date symlink: /home/maxim/super_ws/install/px4_msgs/include/px4_msgs/px4_msgs/msg/detail/gimbal_device_set_attitude__struct.hpp\n'}
[1.858097] (px4_msgs) StdoutLine: {'line': b'-- Up-to-date symlink: /home/maxim/super_ws/install/px4_msgs/include/px4_msgs/px4_msgs/msg/detail/gimbal_device_set_attitude__traits.hpp\n'}
[1.858177] (px4_msgs) StdoutLine: {'line': b'-- Up-to-date symlink: /home/maxim/super_ws/install/px4_msgs/include/px4_msgs/px4_msgs/msg/detail/gimbal_device_set_attitude__type_support.hpp\n'}
[1.858254] (px4_msgs) StdoutLine: {'line': b'-- Up-to-date symlink: /home/maxim/super_ws/install/px4_msgs/include/px4_msgs/px4_msgs/msg/detail/gimbal_manager_information__builder.hpp\n'}
[1.858333] (px4_msgs) StdoutLine: {'line': b'-- Up-to-date symlink: /home/maxim/super_ws/install/px4_msgs/include/px4_msgs/px4_msgs/msg/detail/gimbal_manager_information__struct.hpp\n'}
[1.858418] (px4_msgs) StdoutLine: {'line': b'-- Up-to-date symlink: /home/maxim/super_ws/install/px4_msgs/include/px4_msgs/px4_msgs/msg/detail/gimbal_manager_information__traits.hpp\n'}
[1.858497] (px4_msgs) StdoutLine: {'line': b'-- Up-to-date symlink: /home/maxim/super_ws/install/px4_msgs/include/px4_msgs/px4_msgs/msg/detail/gimbal_manager_information__type_support.hpp\n'}
[1.858577] (px4_msgs) StdoutLine: {'line': b'-- Up-to-date symlink: /home/maxim/super_ws/install/px4_msgs/include/px4_msgs/px4_msgs/msg/detail/gimbal_manager_set_attitude__builder.hpp\n'}
[1.858655] (px4_msgs) StdoutLine: {'line': b'-- Up-to-date symlink: /home/maxim/super_ws/install/px4_msgs/include/px4_msgs/px4_msgs/msg/detail/gimbal_manager_set_attitude__struct.hpp\n'}
[1.858732] (px4_msgs) StdoutLine: {'line': b'-- Up-to-date symlink: /home/maxim/super_ws/install/px4_msgs/include/px4_msgs/px4_msgs/msg/detail/gimbal_manager_set_attitude__traits.hpp\n'}
[1.858812] (px4_msgs) StdoutLine: {'line': b'-- Up-to-date symlink: /home/maxim/super_ws/install/px4_msgs/include/px4_msgs/px4_msgs/msg/detail/gimbal_manager_set_attitude__type_support.hpp\n'}
[1.858891] (px4_msgs) StdoutLine: {'line': b'-- Up-to-date symlink: /home/maxim/super_ws/install/px4_msgs/include/px4_msgs/px4_msgs/msg/detail/gimbal_manager_set_manual_control__builder.hpp\n'}
[1.858968] (px4_msgs) StdoutLine: {'line': b'-- Up-to-date symlink: /home/maxim/super_ws/install/px4_msgs/include/px4_msgs/px4_msgs/msg/detail/gimbal_manager_set_manual_control__struct.hpp\n'}
[1.859047] (px4_msgs) StdoutLine: {'line': b'-- Up-to-date symlink: /home/maxim/super_ws/install/px4_msgs/include/px4_msgs/px4_msgs/msg/detail/gimbal_manager_set_manual_control__traits.hpp\n'}
[1.859125] (px4_msgs) StdoutLine: {'line': b'-- Up-to-date symlink: /home/maxim/super_ws/install/px4_msgs/include/px4_msgs/px4_msgs/msg/detail/gimbal_manager_set_manual_control__type_support.hpp\n'}
[1.859204] (px4_msgs) StdoutLine: {'line': b'-- Up-to-date symlink: /home/maxim/super_ws/install/px4_msgs/include/px4_msgs/px4_msgs/msg/detail/gimbal_manager_status__builder.hpp\n'}
[1.859282] (px4_msgs) StdoutLine: {'line': b'-- Up-to-date symlink: /home/maxim/super_ws/install/px4_msgs/include/px4_msgs/px4_msgs/msg/detail/gimbal_manager_status__struct.hpp\n'}
[1.859362] (px4_msgs) StdoutLine: {'line': b'-- Up-to-date symlink: /home/maxim/super_ws/install/px4_msgs/include/px4_msgs/px4_msgs/msg/detail/gimbal_manager_status__traits.hpp\n'}
[1.859445] (px4_msgs) StdoutLine: {'line': b'-- Up-to-date symlink: /home/maxim/super_ws/install/px4_msgs/include/px4_msgs/px4_msgs/msg/detail/gimbal_manager_status__type_support.hpp\n'}
[1.859524] (px4_msgs) StdoutLine: {'line': b'-- Up-to-date symlink: /home/maxim/super_ws/install/px4_msgs/include/px4_msgs/px4_msgs/msg/detail/goto_setpoint__builder.hpp\n'}
[1.859603] (px4_msgs) StdoutLine: {'line': b'-- Up-to-date symlink: /home/maxim/super_ws/install/px4_msgs/include/px4_msgs/px4_msgs/msg/detail/goto_setpoint__struct.hpp\n'}
[1.859682] (px4_msgs) StdoutLine: {'line': b'-- Up-to-date symlink: /home/maxim/super_ws/install/px4_msgs/include/px4_msgs/px4_msgs/msg/detail/goto_setpoint__traits.hpp\n'}
[1.859761] (px4_msgs) StdoutLine: {'line': b'-- Up-to-date symlink: /home/maxim/super_ws/install/px4_msgs/include/px4_msgs/px4_msgs/msg/detail/goto_setpoint__type_support.hpp\n'}
[1.859840] (px4_msgs) StdoutLine: {'line': b'-- Up-to-date symlink: /home/maxim/super_ws/install/px4_msgs/include/px4_msgs/px4_msgs/msg/detail/gpio_config__builder.hpp\n'}
[1.859917] (px4_msgs) StdoutLine: {'line': b'-- Up-to-date symlink: /home/maxim/super_ws/install/px4_msgs/include/px4_msgs/px4_msgs/msg/detail/gpio_config__struct.hpp\n'}
[1.859995] (px4_msgs) StdoutLine: {'line': b'-- Up-to-date symlink: /home/maxim/super_ws/install/px4_msgs/include/px4_msgs/px4_msgs/msg/detail/gpio_config__traits.hpp\n'}
[1.860074] (px4_msgs) StdoutLine: {'line': b'-- Up-to-date symlink: /home/maxim/super_ws/install/px4_msgs/include/px4_msgs/px4_msgs/msg/detail/gpio_config__type_support.hpp\n'}
[1.860154] (px4_msgs) StdoutLine: {'line': b'-- Up-to-date symlink: /home/maxim/super_ws/install/px4_msgs/include/px4_msgs/px4_msgs/msg/detail/gpio_in__builder.hpp\n'}
[1.860234] (px4_msgs) StdoutLine: {'line': b'-- Up-to-date symlink: /home/maxim/super_ws/install/px4_msgs/include/px4_msgs/px4_msgs/msg/detail/gpio_in__struct.hpp\n'}
[1.860309] (px4_msgs) StdoutLine: {'line': b'-- Up-to-date symlink: /home/maxim/super_ws/install/px4_msgs/include/px4_msgs/px4_msgs/msg/detail/gpio_in__traits.hpp\n'}
[1.860391] (px4_msgs) StdoutLine: {'line': b'-- Up-to-date symlink: /home/maxim/super_ws/install/px4_msgs/include/px4_msgs/px4_msgs/msg/detail/gpio_in__type_support.hpp\n'}
[1.860470] (px4_msgs) StdoutLine: {'line': b'-- Up-to-date symlink: /home/maxim/super_ws/install/px4_msgs/include/px4_msgs/px4_msgs/msg/detail/gpio_out__builder.hpp\n'}
[1.860547] (px4_msgs) StdoutLine: {'line': b'-- Up-to-date symlink: /home/maxim/super_ws/install/px4_msgs/include/px4_msgs/px4_msgs/msg/detail/gpio_out__struct.hpp\n'}
[1.860674] (px4_msgs) StdoutLine: {'line': b'-- Up-to-date symlink: /home/maxim/super_ws/install/px4_msgs/include/px4_msgs/px4_msgs/msg/detail/gpio_out__traits.hpp\n'}
[1.860782] (px4_msgs) StdoutLine: {'line': b'-- Up-to-date symlink: /home/maxim/super_ws/install/px4_msgs/include/px4_msgs/px4_msgs/msg/detail/gpio_out__type_support.hpp\n'}
[1.860875] (px4_msgs) StdoutLine: {'line': b'-- Up-to-date symlink: /home/maxim/super_ws/install/px4_msgs/include/px4_msgs/px4_msgs/msg/detail/gpio_request__builder.hpp\n'}
[1.860939] (px4_msgs) StdoutLine: {'line': b'-- Up-to-date symlink: /home/maxim/super_ws/install/px4_msgs/include/px4_msgs/px4_msgs/msg/detail/gpio_request__struct.hpp\n'}
[1.861013] (px4_msgs) StdoutLine: {'line': b'-- Up-to-date symlink: /home/maxim/super_ws/install/px4_msgs/include/px4_msgs/px4_msgs/msg/detail/gpio_request__traits.hpp\n'}
[1.861093] (px4_msgs) StdoutLine: {'line': b'-- Up-to-date symlink: /home/maxim/super_ws/install/px4_msgs/include/px4_msgs/px4_msgs/msg/detail/gpio_request__type_support.hpp\n'}
[1.861172] (px4_msgs) StdoutLine: {'line': b'-- Up-to-date symlink: /home/maxim/super_ws/install/px4_msgs/include/px4_msgs/px4_msgs/msg/detail/gps_dump__builder.hpp\n'}
[1.861252] (px4_msgs) StdoutLine: {'line': b'-- Up-to-date symlink: /home/maxim/super_ws/install/px4_msgs/include/px4_msgs/px4_msgs/msg/detail/gps_dump__struct.hpp\n'}
[1.861368] (px4_msgs) StdoutLine: {'line': b'-- Up-to-date symlink: /home/maxim/super_ws/install/px4_msgs/include/px4_msgs/px4_msgs/msg/detail/gps_dump__traits.hpp\n'}
[1.861438] (px4_msgs) StdoutLine: {'line': b'-- Up-to-date symlink: /home/maxim/super_ws/install/px4_msgs/include/px4_msgs/px4_msgs/msg/detail/gps_dump__type_support.hpp\n'}
[1.861511] (px4_msgs) StdoutLine: {'line': b'-- Up-to-date symlink: /home/maxim/super_ws/install/px4_msgs/include/px4_msgs/px4_msgs/msg/detail/gps_inject_data__builder.hpp\n'}
[1.861580] (px4_msgs) StdoutLine: {'line': b'-- Up-to-date symlink: /home/maxim/super_ws/install/px4_msgs/include/px4_msgs/px4_msgs/msg/detail/gps_inject_data__struct.hpp\n'}
[1.861661] (px4_msgs) StdoutLine: {'line': b'-- Up-to-date symlink: /home/maxim/super_ws/install/px4_msgs/include/px4_msgs/px4_msgs/msg/detail/gps_inject_data__traits.hpp\n'}
[1.861721] (px4_msgs) StdoutLine: {'line': b'-- Up-to-date symlink: /home/maxim/super_ws/install/px4_msgs/include/px4_msgs/px4_msgs/msg/detail/gps_inject_data__type_support.hpp\n'}
[1.861799] (px4_msgs) StdoutLine: {'line': b'-- Up-to-date symlink: /home/maxim/super_ws/install/px4_msgs/include/px4_msgs/px4_msgs/msg/detail/gripper__builder.hpp\n'}
[1.861873] (px4_msgs) StdoutLine: {'line': b'-- Up-to-date symlink: /home/maxim/super_ws/install/px4_msgs/include/px4_msgs/px4_msgs/msg/detail/gripper__struct.hpp\n'}
[1.861942] (px4_msgs) StdoutLine: {'line': b'-- Up-to-date symlink: /home/maxim/super_ws/install/px4_msgs/include/px4_msgs/px4_msgs/msg/detail/gripper__traits.hpp\n'}
[1.862009] (px4_msgs) StdoutLine: {'line': b'-- Up-to-date symlink: /home/maxim/super_ws/install/px4_msgs/include/px4_msgs/px4_msgs/msg/detail/gripper__type_support.hpp\n'}
[1.862078] (px4_msgs) StdoutLine: {'line': b'-- Up-to-date symlink: /home/maxim/super_ws/install/px4_msgs/include/px4_msgs/px4_msgs/msg/detail/health_report__builder.hpp\n'}
[1.862143] (px4_msgs) StdoutLine: {'line': b'-- Up-to-date symlink: /home/maxim/super_ws/install/px4_msgs/include/px4_msgs/px4_msgs/msg/detail/health_report__struct.hpp\n'}
[1.862211] (px4_msgs) StdoutLine: {'line': b'-- Up-to-date symlink: /home/maxim/super_ws/install/px4_msgs/include/px4_msgs/px4_msgs/msg/detail/health_report__traits.hpp\n'}
[1.862283] (px4_msgs) StdoutLine: {'line': b'-- Up-to-date symlink: /home/maxim/super_ws/install/px4_msgs/include/px4_msgs/px4_msgs/msg/detail/health_report__type_support.hpp\n'}
[1.862354] (px4_msgs) StdoutLine: {'line': b'-- Up-to-date symlink: /home/maxim/super_ws/install/px4_msgs/include/px4_msgs/px4_msgs/msg/detail/heater_status__builder.hpp\n'}
[1.862429] (px4_msgs) StdoutLine: {'line': b'-- Up-to-date symlink: /home/maxim/super_ws/install/px4_msgs/include/px4_msgs/px4_msgs/msg/detail/heater_status__struct.hpp\n'}
[1.862504] (px4_msgs) StdoutLine: {'line': b'-- Up-to-date symlink: /home/maxim/super_ws/install/px4_msgs/include/px4_msgs/px4_msgs/msg/detail/heater_status__traits.hpp\n'}
[1.862621] (px4_msgs) StdoutLine: {'line': b'-- Up-to-date symlink: /home/maxim/super_ws/install/px4_msgs/include/px4_msgs/px4_msgs/msg/detail/heater_status__type_support.hpp\n'}
[1.862698] (px4_msgs) StdoutLine: {'line': b'-- Up-to-date symlink: /home/maxim/super_ws/install/px4_msgs/include/px4_msgs/px4_msgs/msg/detail/home_position__builder.hpp\n'}
[1.862769] (px4_msgs) StdoutLine: {'line': b'-- Up-to-date symlink: /home/maxim/super_ws/install/px4_msgs/include/px4_msgs/px4_msgs/msg/detail/home_position__struct.hpp\n'}
[1.862836] (px4_msgs) StdoutLine: {'line': b'-- Up-to-date symlink: /home/maxim/super_ws/install/px4_msgs/include/px4_msgs/px4_msgs/msg/detail/home_position__traits.hpp\n'}
[1.862900] (px4_msgs) StdoutLine: {'line': b'-- Up-to-date symlink: /home/maxim/super_ws/install/px4_msgs/include/px4_msgs/px4_msgs/msg/detail/home_position__type_support.hpp\n'}
[1.862972] (px4_msgs) StdoutLine: {'line': b'-- Up-to-date symlink: /home/maxim/super_ws/install/px4_msgs/include/px4_msgs/px4_msgs/msg/detail/hover_thrust_estimate__builder.hpp\n'}
[1.863055] (px4_msgs) StdoutLine: {'line': b'-- Up-to-date symlink: /home/maxim/super_ws/install/px4_msgs/include/px4_msgs/px4_msgs/msg/detail/hover_thrust_estimate__struct.hpp\n'}
[1.863162] (px4_msgs) StdoutLine: {'line': b'-- Up-to-date symlink: /home/maxim/super_ws/install/px4_msgs/include/px4_msgs/px4_msgs/msg/detail/hover_thrust_estimate__traits.hpp\n'}
[1.863236] (px4_msgs) StdoutLine: {'line': b'-- Up-to-date symlink: /home/maxim/super_ws/install/px4_msgs/include/px4_msgs/px4_msgs/msg/detail/hover_thrust_estimate__type_support.hpp\n'}
[1.863311] (px4_msgs) StdoutLine: {'line': b'-- Up-to-date symlink: /home/maxim/super_ws/install/px4_msgs/include/px4_msgs/px4_msgs/msg/detail/input_rc__builder.hpp\n'}
[1.863405] (px4_msgs) StdoutLine: {'line': b'-- Up-to-date symlink: /home/maxim/super_ws/install/px4_msgs/include/px4_msgs/px4_msgs/msg/detail/input_rc__struct.hpp\n'}
[1.863485] (px4_msgs) StdoutLine: {'line': b'-- Up-to-date symlink: /home/maxim/super_ws/install/px4_msgs/include/px4_msgs/px4_msgs/msg/detail/input_rc__traits.hpp\n'}
[1.863566] (px4_msgs) StdoutLine: {'line': b'-- Up-to-date symlink: /home/maxim/super_ws/install/px4_msgs/include/px4_msgs/px4_msgs/msg/detail/input_rc__type_support.hpp\n'}
[1.863672] (px4_msgs) StdoutLine: {'line': b'-- Up-to-date symlink: /home/maxim/super_ws/install/px4_msgs/include/px4_msgs/px4_msgs/msg/detail/internal_combustion_engine_control__builder.hpp\n'}
[1.863751] (px4_msgs) StdoutLine: {'line': b'-- Up-to-date symlink: /home/maxim/super_ws/install/px4_msgs/include/px4_msgs/px4_msgs/msg/detail/internal_combustion_engine_control__struct.hpp\n'}
[1.863824] (px4_msgs) StdoutLine: {'line': b'-- Up-to-date symlink: /home/maxim/super_ws/install/px4_msgs/include/px4_msgs/px4_msgs/msg/detail/internal_combustion_engine_control__traits.hpp\n'}
[1.863898] (px4_msgs) StdoutLine: {'line': b'-- Up-to-date symlink: /home/maxim/super_ws/install/px4_msgs/include/px4_msgs/px4_msgs/msg/detail/internal_combustion_engine_control__type_support.hpp\n'}
[1.863974] (px4_msgs) StdoutLine: {'line': b'-- Up-to-date symlink: /home/maxim/super_ws/install/px4_msgs/include/px4_msgs/px4_msgs/msg/detail/internal_combustion_engine_status__builder.hpp\n'}
[1.864045] (px4_msgs) StdoutLine: {'line': b'-- Up-to-date symlink: /home/maxim/super_ws/install/px4_msgs/include/px4_msgs/px4_msgs/msg/detail/internal_combustion_engine_status__struct.hpp\n'}
[1.864113] (px4_msgs) StdoutLine: {'line': b'-- Up-to-date symlink: /home/maxim/super_ws/install/px4_msgs/include/px4_msgs/px4_msgs/msg/detail/internal_combustion_engine_status__traits.hpp\n'}
[1.864186] (px4_msgs) StdoutLine: {'line': b'-- Up-to-date symlink: /home/maxim/super_ws/install/px4_msgs/include/px4_msgs/px4_msgs/msg/detail/internal_combustion_engine_status__type_support.hpp\n'}
[1.864258] (px4_msgs) StdoutLine: {'line': b'-- Up-to-date symlink: /home/maxim/super_ws/install/px4_msgs/include/px4_msgs/px4_msgs/msg/detail/iridiumsbd_status__builder.hpp\n'}
[1.864332] (px4_msgs) StdoutLine: {'line': b'-- Up-to-date symlink: /home/maxim/super_ws/install/px4_msgs/include/px4_msgs/px4_msgs/msg/detail/iridiumsbd_status__struct.hpp\n'}
[1.864405] (px4_msgs) StdoutLine: {'line': b'-- Up-to-date symlink: /home/maxim/super_ws/install/px4_msgs/include/px4_msgs/px4_msgs/msg/detail/iridiumsbd_status__traits.hpp\n'}
[1.864483] (px4_msgs) StdoutLine: {'line': b'-- Up-to-date symlink: /home/maxim/super_ws/install/px4_msgs/include/px4_msgs/px4_msgs/msg/detail/iridiumsbd_status__type_support.hpp\n'}
[1.864561] (px4_msgs) StdoutLine: {'line': b'-- Up-to-date symlink: /home/maxim/super_ws/install/px4_msgs/include/px4_msgs/px4_msgs/msg/detail/irlock_report__builder.hpp\n'}
[1.864677] (px4_msgs) StdoutLine: {'line': b'-- Up-to-date symlink: /home/maxim/super_ws/install/px4_msgs/include/px4_msgs/px4_msgs/msg/detail/irlock_report__struct.hpp\n'}
[1.864755] (px4_msgs) StdoutLine: {'line': b'-- Up-to-date symlink: /home/maxim/super_ws/install/px4_msgs/include/px4_msgs/px4_msgs/msg/detail/irlock_report__traits.hpp\n'}
[1.864827] (px4_msgs) StdoutLine: {'line': b'-- Up-to-date symlink: /home/maxim/super_ws/install/px4_msgs/include/px4_msgs/px4_msgs/msg/detail/irlock_report__type_support.hpp\n'}
[1.864897] (px4_msgs) StdoutLine: {'line': b'-- Up-to-date symlink: /home/maxim/super_ws/install/px4_msgs/include/px4_msgs/px4_msgs/msg/detail/landing_gear__builder.hpp\n'}
[1.864968] (px4_msgs) StdoutLine: {'line': b'-- Up-to-date symlink: /home/maxim/super_ws/install/px4_msgs/include/px4_msgs/px4_msgs/msg/detail/landing_gear__struct.hpp\n'}
[1.865039] (px4_msgs) StdoutLine: {'line': b'-- Up-to-date symlink: /home/maxim/super_ws/install/px4_msgs/include/px4_msgs/px4_msgs/msg/detail/landing_gear__traits.hpp\n'}
[1.865107] (px4_msgs) StdoutLine: {'line': b'-- Up-to-date symlink: /home/maxim/super_ws/install/px4_msgs/include/px4_msgs/px4_msgs/msg/detail/landing_gear__type_support.hpp\n'}
[1.865185] (px4_msgs) StdoutLine: {'line': b'-- Up-to-date symlink: /home/maxim/super_ws/install/px4_msgs/include/px4_msgs/px4_msgs/msg/detail/landing_gear_wheel__builder.hpp\n'}
[1.865288] (px4_msgs) StdoutLine: {'line': b'-- Up-to-date symlink: /home/maxim/super_ws/install/px4_msgs/include/px4_msgs/px4_msgs/msg/detail/landing_gear_wheel__struct.hpp\n'}
[1.865359] (px4_msgs) StdoutLine: {'line': b'-- Up-to-date symlink: /home/maxim/super_ws/install/px4_msgs/include/px4_msgs/px4_msgs/msg/detail/landing_gear_wheel__traits.hpp\n'}
[1.865464] (px4_msgs) StdoutLine: {'line': b'-- Up-to-date symlink: /home/maxim/super_ws/install/px4_msgs/include/px4_msgs/px4_msgs/msg/detail/landing_gear_wheel__type_support.hpp\n'}
[1.865539] (px4_msgs) StdoutLine: {'line': b'-- Up-to-date symlink: /home/maxim/super_ws/install/px4_msgs/include/px4_msgs/px4_msgs/msg/detail/landing_target_innovations__builder.hpp\n'}
[1.865610] (px4_msgs) StdoutLine: {'line': b'-- Up-to-date symlink: /home/maxim/super_ws/install/px4_msgs/include/px4_msgs/px4_msgs/msg/detail/landing_target_innovations__struct.hpp\n'}
[1.865680] (px4_msgs) StdoutLine: {'line': b'-- Up-to-date symlink: /home/maxim/super_ws/install/px4_msgs/include/px4_msgs/px4_msgs/msg/detail/landing_target_innovations__traits.hpp\n'}
[1.865753] (px4_msgs) StdoutLine: {'line': b'-- Up-to-date symlink: /home/maxim/super_ws/install/px4_msgs/include/px4_msgs/px4_msgs/msg/detail/landing_target_innovations__type_support.hpp\n'}
[1.865824] (px4_msgs) StdoutLine: {'line': b'-- Up-to-date symlink: /home/maxim/super_ws/install/px4_msgs/include/px4_msgs/px4_msgs/msg/detail/landing_target_pose__builder.hpp\n'}
[1.865895] (px4_msgs) StdoutLine: {'line': b'-- Up-to-date symlink: /home/maxim/super_ws/install/px4_msgs/include/px4_msgs/px4_msgs/msg/detail/landing_target_pose__struct.hpp\n'}
[1.865967] (px4_msgs) StdoutLine: {'line': b'-- Up-to-date symlink: /home/maxim/super_ws/install/px4_msgs/include/px4_msgs/px4_msgs/msg/detail/landing_target_pose__traits.hpp\n'}
[1.866040] (px4_msgs) StdoutLine: {'line': b'-- Up-to-date symlink: /home/maxim/super_ws/install/px4_msgs/include/px4_msgs/px4_msgs/msg/detail/landing_target_pose__type_support.hpp\n'}
[1.866159] (px4_msgs) StdoutLine: {'line': b'-- Up-to-date symlink: /home/maxim/super_ws/install/px4_msgs/include/px4_msgs/px4_msgs/msg/detail/lateral_control_configuration__builder.hpp\n'}
[1.866241] (px4_msgs) StdoutLine: {'line': b'-- Up-to-date symlink: /home/maxim/super_ws/install/px4_msgs/include/px4_msgs/px4_msgs/msg/detail/lateral_control_configuration__struct.hpp\n'}
[1.866315] (px4_msgs) StdoutLine: {'line': b'-- Up-to-date symlink: /home/maxim/super_ws/install/px4_msgs/include/px4_msgs/px4_msgs/msg/detail/lateral_control_configuration__traits.hpp\n'}
[1.866394] (px4_msgs) StdoutLine: {'line': b'-- Up-to-date symlink: /home/maxim/super_ws/install/px4_msgs/include/px4_msgs/px4_msgs/msg/detail/lateral_control_configuration__type_support.hpp\n'}
[1.866465] (px4_msgs) StdoutLine: {'line': b'-- Up-to-date symlink: /home/maxim/super_ws/install/px4_msgs/include/px4_msgs/px4_msgs/msg/detail/launch_detection_status__builder.hpp\n'}
[1.866537] (px4_msgs) StdoutLine: {'line': b'-- Up-to-date symlink: /home/maxim/super_ws/install/px4_msgs/include/px4_msgs/px4_msgs/msg/detail/launch_detection_status__struct.hpp\n'}
[1.866609] (px4_msgs) StdoutLine: {'line': b'-- Up-to-date symlink: /home/maxim/super_ws/install/px4_msgs/include/px4_msgs/px4_msgs/msg/detail/launch_detection_status__traits.hpp\n'}
[1.866679] (px4_msgs) StdoutLine: {'line': b'-- Up-to-date symlink: /home/maxim/super_ws/install/px4_msgs/include/px4_msgs/px4_msgs/msg/detail/launch_detection_status__type_support.hpp\n'}
[1.866749] (px4_msgs) StdoutLine: {'line': b'-- Up-to-date symlink: /home/maxim/super_ws/install/px4_msgs/include/px4_msgs/px4_msgs/msg/detail/led_control__builder.hpp\n'}
[1.866827] (px4_msgs) StdoutLine: {'line': b'-- Up-to-date symlink: /home/maxim/super_ws/install/px4_msgs/include/px4_msgs/px4_msgs/msg/detail/led_control__struct.hpp\n'}
[1.866941] (px4_msgs) StdoutLine: {'line': b'-- Up-to-date symlink: /home/maxim/super_ws/install/px4_msgs/include/px4_msgs/px4_msgs/msg/detail/led_control__traits.hpp\n'}
[1.867015] (px4_msgs) StdoutLine: {'line': b'-- Up-to-date symlink: /home/maxim/super_ws/install/px4_msgs/include/px4_msgs/px4_msgs/msg/detail/led_control__type_support.hpp\n'}
[1.867087] (px4_msgs) StdoutLine: {'line': b'-- Up-to-date symlink: /home/maxim/super_ws/install/px4_msgs/include/px4_msgs/px4_msgs/msg/detail/log_message__builder.hpp\n'}
[1.867159] (px4_msgs) StdoutLine: {'line': b'-- Up-to-date symlink: /home/maxim/super_ws/install/px4_msgs/include/px4_msgs/px4_msgs/msg/detail/log_message__struct.hpp\n'}
[1.867229] (px4_msgs) StdoutLine: {'line': b'-- Up-to-date symlink: /home/maxim/super_ws/install/px4_msgs/include/px4_msgs/px4_msgs/msg/detail/log_message__traits.hpp\n'}
[1.867297] (px4_msgs) StdoutLine: {'line': b'-- Up-to-date symlink: /home/maxim/super_ws/install/px4_msgs/include/px4_msgs/px4_msgs/msg/detail/log_message__type_support.hpp\n'}
[1.867379] (px4_msgs) StdoutLine: {'line': b'-- Up-to-date symlink: /home/maxim/super_ws/install/px4_msgs/include/px4_msgs/px4_msgs/msg/detail/logger_status__builder.hpp\n'}
[1.867499] (px4_msgs) StdoutLine: {'line': b'-- Up-to-date symlink: /home/maxim/super_ws/install/px4_msgs/include/px4_msgs/px4_msgs/msg/detail/logger_status__struct.hpp\n'}
[1.867575] (px4_msgs) StdoutLine: {'line': b'-- Up-to-date symlink: /home/maxim/super_ws/install/px4_msgs/include/px4_msgs/px4_msgs/msg/detail/logger_status__traits.hpp\n'}
[1.867652] (px4_msgs) StdoutLine: {'line': b'-- Up-to-date symlink: /home/maxim/super_ws/install/px4_msgs/include/px4_msgs/px4_msgs/msg/detail/logger_status__type_support.hpp\n'}
[1.867726] (px4_msgs) StdoutLine: {'line': b'-- Up-to-date symlink: /home/maxim/super_ws/install/px4_msgs/include/px4_msgs/px4_msgs/msg/detail/longitudinal_control_configuration__builder.hpp\n'}
[1.867798] (px4_msgs) StdoutLine: {'line': b'-- Up-to-date symlink: /home/maxim/super_ws/install/px4_msgs/include/px4_msgs/px4_msgs/msg/detail/longitudinal_control_configuration__struct.hpp\n'}
[1.867871] (px4_msgs) StdoutLine: {'line': b'-- Up-to-date symlink: /home/maxim/super_ws/install/px4_msgs/include/px4_msgs/px4_msgs/msg/detail/longitudinal_control_configuration__traits.hpp\n'}
[1.867951] (px4_msgs) StdoutLine: {'line': b'-- Up-to-date symlink: /home/maxim/super_ws/install/px4_msgs/include/px4_msgs/px4_msgs/msg/detail/longitudinal_control_configuration__type_support.hpp\n'}
[1.868023] (px4_msgs) StdoutLine: {'line': b'-- Up-to-date symlink: /home/maxim/super_ws/install/px4_msgs/include/px4_msgs/px4_msgs/msg/detail/mag_worker_data__builder.hpp\n'}
[1.868093] (px4_msgs) StdoutLine: {'line': b'-- Up-to-date symlink: /home/maxim/super_ws/install/px4_msgs/include/px4_msgs/px4_msgs/msg/detail/mag_worker_data__struct.hpp\n'}
[1.868163] (px4_msgs) StdoutLine: {'line': b'-- Up-to-date symlink: /home/maxim/super_ws/install/px4_msgs/include/px4_msgs/px4_msgs/msg/detail/mag_worker_data__traits.hpp\n'}
[1.868271] (px4_msgs) StdoutLine: {'line': b'-- Up-to-date symlink: /home/maxim/super_ws/install/px4_msgs/include/px4_msgs/px4_msgs/msg/detail/mag_worker_data__type_support.hpp\n'}
[1.868342] (px4_msgs) StdoutLine: {'line': b'-- Up-to-date symlink: /home/maxim/super_ws/install/px4_msgs/include/px4_msgs/px4_msgs/msg/detail/magnetometer_bias_estimate__builder.hpp\n'}
[1.868417] (px4_msgs) StdoutLine: {'line': b'-- Up-to-date symlink: /home/maxim/super_ws/install/px4_msgs/include/px4_msgs/px4_msgs/msg/detail/magnetometer_bias_estimate__struct.hpp\n'}
[1.868491] (px4_msgs) StdoutLine: {'line': b'-- Up-to-date symlink: /home/maxim/super_ws/install/px4_msgs/include/px4_msgs/px4_msgs/msg/detail/magnetometer_bias_estimate__traits.hpp\n'}
[1.868561] (px4_msgs) StdoutLine: {'line': b'-- Up-to-date symlink: /home/maxim/super_ws/install/px4_msgs/include/px4_msgs/px4_msgs/msg/detail/magnetometer_bias_estimate__type_support.hpp\n'}
[1.868640] (px4_msgs) StdoutLine: {'line': b'-- Up-to-date symlink: /home/maxim/super_ws/install/px4_msgs/include/px4_msgs/px4_msgs/msg/detail/manual_control_setpoint__builder.hpp\n'}
[1.868718] (px4_msgs) StdoutLine: {'line': b'-- Up-to-date symlink: /home/maxim/super_ws/install/px4_msgs/include/px4_msgs/px4_msgs/msg/detail/manual_control_setpoint__struct.hpp\n'}
[1.868796] (px4_msgs) StdoutLine: {'line': b'-- Up-to-date symlink: /home/maxim/super_ws/install/px4_msgs/include/px4_msgs/px4_msgs/msg/detail/manual_control_setpoint__traits.hpp\n'}
[1.868875] (px4_msgs) StdoutLine: {'line': b'-- Up-to-date symlink: /home/maxim/super_ws/install/px4_msgs/include/px4_msgs/px4_msgs/msg/detail/manual_control_setpoint__type_support.hpp\n'}
[1.868953] (px4_msgs) StdoutLine: {'line': b'-- Up-to-date symlink: /home/maxim/super_ws/install/px4_msgs/include/px4_msgs/px4_msgs/msg/detail/manual_control_switches__builder.hpp\n'}
[1.869031] (px4_msgs) StdoutLine: {'line': b'-- Up-to-date symlink: /home/maxim/super_ws/install/px4_msgs/include/px4_msgs/px4_msgs/msg/detail/manual_control_switches__struct.hpp\n'}
[1.869109] (px4_msgs) StdoutLine: {'line': b'-- Up-to-date symlink: /home/maxim/super_ws/install/px4_msgs/include/px4_msgs/px4_msgs/msg/detail/manual_control_switches__traits.hpp\n'}
[1.869187] (px4_msgs) StdoutLine: {'line': b'-- Up-to-date symlink: /home/maxim/super_ws/install/px4_msgs/include/px4_msgs/px4_msgs/msg/detail/manual_control_switches__type_support.hpp\n'}
[1.869267] (px4_msgs) StdoutLine: {'line': b'-- Up-to-date symlink: /home/maxim/super_ws/install/px4_msgs/include/px4_msgs/px4_msgs/msg/detail/mavlink_log__builder.hpp\n'}
[1.869345] (px4_msgs) StdoutLine: {'line': b'-- Up-to-date symlink: /home/maxim/super_ws/install/px4_msgs/include/px4_msgs/px4_msgs/msg/detail/mavlink_log__struct.hpp\n'}
[1.869429] (px4_msgs) StdoutLine: {'line': b'-- Up-to-date symlink: /home/maxim/super_ws/install/px4_msgs/include/px4_msgs/px4_msgs/msg/detail/mavlink_log__traits.hpp\n'}
[1.869508] (px4_msgs) StdoutLine: {'line': b'-- Up-to-date symlink: /home/maxim/super_ws/install/px4_msgs/include/px4_msgs/px4_msgs/msg/detail/mavlink_log__type_support.hpp\n'}
[1.869586] (px4_msgs) StdoutLine: {'line': b'-- Up-to-date symlink: /home/maxim/super_ws/install/px4_msgs/include/px4_msgs/px4_msgs/msg/detail/mavlink_tunnel__builder.hpp\n'}
[1.869666] (px4_msgs) StdoutLine: {'line': b'-- Up-to-date symlink: /home/maxim/super_ws/install/px4_msgs/include/px4_msgs/px4_msgs/msg/detail/mavlink_tunnel__struct.hpp\n'}
[1.869742] (px4_msgs) StdoutLine: {'line': b'-- Up-to-date symlink: /home/maxim/super_ws/install/px4_msgs/include/px4_msgs/px4_msgs/msg/detail/mavlink_tunnel__traits.hpp\n'}
[1.869820] (px4_msgs) StdoutLine: {'line': b'-- Up-to-date symlink: /home/maxim/super_ws/install/px4_msgs/include/px4_msgs/px4_msgs/msg/detail/mavlink_tunnel__type_support.hpp\n'}
[1.869898] (px4_msgs) StdoutLine: {'line': b'-- Up-to-date symlink: /home/maxim/super_ws/install/px4_msgs/include/px4_msgs/px4_msgs/msg/detail/message_format_request__builder.hpp\n'}
[1.869980] (px4_msgs) StdoutLine: {'line': b'-- Up-to-date symlink: /home/maxim/super_ws/install/px4_msgs/include/px4_msgs/px4_msgs/msg/detail/message_format_request__struct.hpp\n'}
[1.870057] (px4_msgs) StdoutLine: {'line': b'-- Up-to-date symlink: /home/maxim/super_ws/install/px4_msgs/include/px4_msgs/px4_msgs/msg/detail/message_format_request__traits.hpp\n'}
[1.870134] (px4_msgs) StdoutLine: {'line': b'-- Up-to-date symlink: /home/maxim/super_ws/install/px4_msgs/include/px4_msgs/px4_msgs/msg/detail/message_format_request__type_support.hpp\n'}
[1.870212] (px4_msgs) StdoutLine: {'line': b'-- Up-to-date symlink: /home/maxim/super_ws/install/px4_msgs/include/px4_msgs/px4_msgs/msg/detail/message_format_response__builder.hpp\n'}
[1.870289] (px4_msgs) StdoutLine: {'line': b'-- Up-to-date symlink: /home/maxim/super_ws/install/px4_msgs/include/px4_msgs/px4_msgs/msg/detail/message_format_response__struct.hpp\n'}
[1.870366] (px4_msgs) StdoutLine: {'line': b'-- Up-to-date symlink: /home/maxim/super_ws/install/px4_msgs/include/px4_msgs/px4_msgs/msg/detail/message_format_response__traits.hpp\n'}
[1.870450] (px4_msgs) StdoutLine: {'line': b'-- Up-to-date symlink: /home/maxim/super_ws/install/px4_msgs/include/px4_msgs/px4_msgs/msg/detail/message_format_response__type_support.hpp\n'}
[1.870530] (px4_msgs) StdoutLine: {'line': b'-- Up-to-date symlink: /home/maxim/super_ws/install/px4_msgs/include/px4_msgs/px4_msgs/msg/detail/mission__builder.hpp\n'}
[1.870609] (px4_msgs) StdoutLine: {'line': b'-- Up-to-date symlink: /home/maxim/super_ws/install/px4_msgs/include/px4_msgs/px4_msgs/msg/detail/mission__struct.hpp\n'}
[1.870686] (px4_msgs) StdoutLine: {'line': b'-- Up-to-date symlink: /home/maxim/super_ws/install/px4_msgs/include/px4_msgs/px4_msgs/msg/detail/mission__traits.hpp\n'}
[1.870765] (px4_msgs) StdoutLine: {'line': b'-- Up-to-date symlink: /home/maxim/super_ws/install/px4_msgs/include/px4_msgs/px4_msgs/msg/detail/mission__type_support.hpp\n'}
[1.870841] (px4_msgs) StdoutLine: {'line': b'-- Up-to-date symlink: /home/maxim/super_ws/install/px4_msgs/include/px4_msgs/px4_msgs/msg/detail/mission_result__builder.hpp\n'}
[1.870919] (px4_msgs) StdoutLine: {'line': b'-- Up-to-date symlink: /home/maxim/super_ws/install/px4_msgs/include/px4_msgs/px4_msgs/msg/detail/mission_result__struct.hpp\n'}
[1.870997] (px4_msgs) StdoutLine: {'line': b'-- Up-to-date symlink: /home/maxim/super_ws/install/px4_msgs/include/px4_msgs/px4_msgs/msg/detail/mission_result__traits.hpp\n'}
[1.871076] (px4_msgs) StdoutLine: {'line': b'-- Up-to-date symlink: /home/maxim/super_ws/install/px4_msgs/include/px4_msgs/px4_msgs/msg/detail/mission_result__type_support.hpp\n'}
[1.871154] (px4_msgs) StdoutLine: {'line': b'-- Up-to-date symlink: /home/maxim/super_ws/install/px4_msgs/include/px4_msgs/px4_msgs/msg/detail/mode_completed__builder.hpp\n'}
[1.871231] (px4_msgs) StdoutLine: {'line': b'-- Up-to-date symlink: /home/maxim/super_ws/install/px4_msgs/include/px4_msgs/px4_msgs/msg/detail/mode_completed__struct.hpp\n'}
[1.871309] (px4_msgs) StdoutLine: {'line': b'-- Up-to-date symlink: /home/maxim/super_ws/install/px4_msgs/include/px4_msgs/px4_msgs/msg/detail/mode_completed__traits.hpp\n'}
[1.871394] (px4_msgs) StdoutLine: {'line': b'-- Up-to-date symlink: /home/maxim/super_ws/install/px4_msgs/include/px4_msgs/px4_msgs/msg/detail/mode_completed__type_support.hpp\n'}
[1.871473] (px4_msgs) StdoutLine: {'line': b'-- Up-to-date symlink: /home/maxim/super_ws/install/px4_msgs/include/px4_msgs/px4_msgs/msg/detail/mount_orientation__builder.hpp\n'}
[1.871550] (px4_msgs) StdoutLine: {'line': b'-- Up-to-date symlink: /home/maxim/super_ws/install/px4_msgs/include/px4_msgs/px4_msgs/msg/detail/mount_orientation__struct.hpp\n'}
[1.871628] (px4_msgs) StdoutLine: {'line': b'-- Up-to-date symlink: /home/maxim/super_ws/install/px4_msgs/include/px4_msgs/px4_msgs/msg/detail/mount_orientation__traits.hpp\n'}
[1.871707] (px4_msgs) StdoutLine: {'line': b'-- Up-to-date symlink: /home/maxim/super_ws/install/px4_msgs/include/px4_msgs/px4_msgs/msg/detail/mount_orientation__type_support.hpp\n'}
[1.871784] (px4_msgs) StdoutLine: {'line': b'-- Up-to-date symlink: /home/maxim/super_ws/install/px4_msgs/include/px4_msgs/px4_msgs/msg/detail/navigator_mission_item__builder.hpp\n'}
[1.871862] (px4_msgs) StdoutLine: {'line': b'-- Up-to-date symlink: /home/maxim/super_ws/install/px4_msgs/include/px4_msgs/px4_msgs/msg/detail/navigator_mission_item__struct.hpp\n'}
[1.871940] (px4_msgs) StdoutLine: {'line': b'-- Up-to-date symlink: /home/maxim/super_ws/install/px4_msgs/include/px4_msgs/px4_msgs/msg/detail/navigator_mission_item__traits.hpp\n'}
[1.872018] (px4_msgs) StdoutLine: {'line': b'-- Up-to-date symlink: /home/maxim/super_ws/install/px4_msgs/include/px4_msgs/px4_msgs/msg/detail/navigator_mission_item__type_support.hpp\n'}
[1.872095] (px4_msgs) StdoutLine: {'line': b'-- Up-to-date symlink: /home/maxim/super_ws/install/px4_msgs/include/px4_msgs/px4_msgs/msg/detail/navigator_status__builder.hpp\n'}
[1.872173] (px4_msgs) StdoutLine: {'line': b'-- Up-to-date symlink: /home/maxim/super_ws/install/px4_msgs/include/px4_msgs/px4_msgs/msg/detail/navigator_status__struct.hpp\n'}
[1.872251] (px4_msgs) StdoutLine: {'line': b'-- Up-to-date symlink: /home/maxim/super_ws/install/px4_msgs/include/px4_msgs/px4_msgs/msg/detail/navigator_status__traits.hpp\n'}
[1.872329] (px4_msgs) StdoutLine: {'line': b'-- Up-to-date symlink: /home/maxim/super_ws/install/px4_msgs/include/px4_msgs/px4_msgs/msg/detail/navigator_status__type_support.hpp\n'}
[1.872412] (px4_msgs) StdoutLine: {'line': b'-- Up-to-date symlink: /home/maxim/super_ws/install/px4_msgs/include/px4_msgs/px4_msgs/msg/detail/neural_control__builder.hpp\n'}
[1.872491] (px4_msgs) StdoutLine: {'line': b'-- Up-to-date symlink: /home/maxim/super_ws/install/px4_msgs/include/px4_msgs/px4_msgs/msg/detail/neural_control__struct.hpp\n'}
[1.872568] (px4_msgs) StdoutLine: {'line': b'-- Up-to-date symlink: /home/maxim/super_ws/install/px4_msgs/include/px4_msgs/px4_msgs/msg/detail/neural_control__traits.hpp\n'}
[1.872647] (px4_msgs) StdoutLine: {'line': b'-- Up-to-date symlink: /home/maxim/super_ws/install/px4_msgs/include/px4_msgs/px4_msgs/msg/detail/neural_control__type_support.hpp\n'}
[1.872727] (px4_msgs) StdoutLine: {'line': b'-- Up-to-date symlink: /home/maxim/super_ws/install/px4_msgs/include/px4_msgs/px4_msgs/msg/detail/normalized_unsigned_setpoint__builder.hpp\n'}
[1.872804] (px4_msgs) StdoutLine: {'line': b'-- Up-to-date symlink: /home/maxim/super_ws/install/px4_msgs/include/px4_msgs/px4_msgs/msg/detail/normalized_unsigned_setpoint__struct.hpp\n'}
[1.872882] (px4_msgs) StdoutLine: {'line': b'-- Up-to-date symlink: /home/maxim/super_ws/install/px4_msgs/include/px4_msgs/px4_msgs/msg/detail/normalized_unsigned_setpoint__traits.hpp\n'}
[1.872961] (px4_msgs) StdoutLine: {'line': b'-- Up-to-date symlink: /home/maxim/super_ws/install/px4_msgs/include/px4_msgs/px4_msgs/msg/detail/normalized_unsigned_setpoint__type_support.hpp\n'}
[1.873049] (px4_msgs) StdoutLine: {'line': b'-- Up-to-date symlink: /home/maxim/super_ws/install/px4_msgs/include/px4_msgs/px4_msgs/msg/detail/obstacle_distance__builder.hpp\n'}
[1.873126] (px4_msgs) StdoutLine: {'line': b'-- Up-to-date symlink: /home/maxim/super_ws/install/px4_msgs/include/px4_msgs/px4_msgs/msg/detail/obstacle_distance__struct.hpp\n'}
[1.873204] (px4_msgs) StdoutLine: {'line': b'-- Up-to-date symlink: /home/maxim/super_ws/install/px4_msgs/include/px4_msgs/px4_msgs/msg/detail/obstacle_distance__traits.hpp\n'}
[1.873283] (px4_msgs) StdoutLine: {'line': b'-- Up-to-date symlink: /home/maxim/super_ws/install/px4_msgs/include/px4_msgs/px4_msgs/msg/detail/obstacle_distance__type_support.hpp\n'}
[1.873359] (px4_msgs) StdoutLine: {'line': b'-- Up-to-date symlink: /home/maxim/super_ws/install/px4_msgs/include/px4_msgs/px4_msgs/msg/detail/offboard_control_mode__builder.hpp\n'}
[1.873444] (px4_msgs) StdoutLine: {'line': b'-- Up-to-date symlink: /home/maxim/super_ws/install/px4_msgs/include/px4_msgs/px4_msgs/msg/detail/offboard_control_mode__struct.hpp\n'}
[1.873519] (px4_msgs) StdoutLine: {'line': b'-- Up-to-date symlink: /home/maxim/super_ws/install/px4_msgs/include/px4_msgs/px4_msgs/msg/detail/offboard_control_mode__traits.hpp\n'}
[1.873597] (px4_msgs) StdoutLine: {'line': b'-- Up-to-date symlink: /home/maxim/super_ws/install/px4_msgs/include/px4_msgs/px4_msgs/msg/detail/offboard_control_mode__type_support.hpp\n'}
[1.873675] (px4_msgs) StdoutLine: {'line': b'-- Up-to-date symlink: /home/maxim/super_ws/install/px4_msgs/include/px4_msgs/px4_msgs/msg/detail/onboard_computer_status__builder.hpp\n'}
[1.873752] (px4_msgs) StdoutLine: {'line': b'-- Up-to-date symlink: /home/maxim/super_ws/install/px4_msgs/include/px4_msgs/px4_msgs/msg/detail/onboard_computer_status__struct.hpp\n'}
[1.873829] (px4_msgs) StdoutLine: {'line': b'-- Up-to-date symlink: /home/maxim/super_ws/install/px4_msgs/include/px4_msgs/px4_msgs/msg/detail/onboard_computer_status__traits.hpp\n'}
[1.873907] (px4_msgs) StdoutLine: {'line': b'-- Up-to-date symlink: /home/maxim/super_ws/install/px4_msgs/include/px4_msgs/px4_msgs/msg/detail/onboard_computer_status__type_support.hpp\n'}
[1.873984] (px4_msgs) StdoutLine: {'line': b'-- Up-to-date symlink: /home/maxim/super_ws/install/px4_msgs/include/px4_msgs/px4_msgs/msg/detail/open_drone_id_arm_status__builder.hpp\n'}
[1.874061] (px4_msgs) StdoutLine: {'line': b'-- Up-to-date symlink: /home/maxim/super_ws/install/px4_msgs/include/px4_msgs/px4_msgs/msg/detail/open_drone_id_arm_status__struct.hpp\n'}
[1.874138] (px4_msgs) StdoutLine: {'line': b'-- Up-to-date symlink: /home/maxim/super_ws/install/px4_msgs/include/px4_msgs/px4_msgs/msg/detail/open_drone_id_arm_status__traits.hpp\n'}
[1.874216] (px4_msgs) StdoutLine: {'line': b'-- Up-to-date symlink: /home/maxim/super_ws/install/px4_msgs/include/px4_msgs/px4_msgs/msg/detail/open_drone_id_arm_status__type_support.hpp\n'}
[1.874293] (px4_msgs) StdoutLine: {'line': b'-- Up-to-date symlink: /home/maxim/super_ws/install/px4_msgs/include/px4_msgs/px4_msgs/msg/detail/open_drone_id_operator_id__builder.hpp\n'}
[1.874374] (px4_msgs) StdoutLine: {'line': b'-- Up-to-date symlink: /home/maxim/super_ws/install/px4_msgs/include/px4_msgs/px4_msgs/msg/detail/open_drone_id_operator_id__struct.hpp\n'}
[1.874455] (px4_msgs) StdoutLine: {'line': b'-- Up-to-date symlink: /home/maxim/super_ws/install/px4_msgs/include/px4_msgs/px4_msgs/msg/detail/open_drone_id_operator_id__traits.hpp\n'}
[1.874532] (px4_msgs) StdoutLine: {'line': b'-- Up-to-date symlink: /home/maxim/super_ws/install/px4_msgs/include/px4_msgs/px4_msgs/msg/detail/open_drone_id_operator_id__type_support.hpp\n'}
[1.874611] (px4_msgs) StdoutLine: {'line': b'-- Up-to-date symlink: /home/maxim/super_ws/install/px4_msgs/include/px4_msgs/px4_msgs/msg/detail/open_drone_id_self_id__builder.hpp\n'}
[1.874688] (px4_msgs) StdoutLine: {'line': b'-- Up-to-date symlink: /home/maxim/super_ws/install/px4_msgs/include/px4_msgs/px4_msgs/msg/detail/open_drone_id_self_id__struct.hpp\n'}
[1.874767] (px4_msgs) StdoutLine: {'line': b'-- Up-to-date symlink: /home/maxim/super_ws/install/px4_msgs/include/px4_msgs/px4_msgs/msg/detail/open_drone_id_self_id__traits.hpp\n'}
[1.874844] (px4_msgs) StdoutLine: {'line': b'-- Up-to-date symlink: /home/maxim/super_ws/install/px4_msgs/include/px4_msgs/px4_msgs/msg/detail/open_drone_id_self_id__type_support.hpp\n'}
[1.874921] (px4_msgs) StdoutLine: {'line': b'-- Up-to-date symlink: /home/maxim/super_ws/install/px4_msgs/include/px4_msgs/px4_msgs/msg/detail/open_drone_id_system__builder.hpp\n'}
[1.875000] (px4_msgs) StdoutLine: {'line': b'-- Up-to-date symlink: /home/maxim/super_ws/install/px4_msgs/include/px4_msgs/px4_msgs/msg/detail/open_drone_id_system__struct.hpp\n'}
[1.875076] (px4_msgs) StdoutLine: {'line': b'-- Up-to-date symlink: /home/maxim/super_ws/install/px4_msgs/include/px4_msgs/px4_msgs/msg/detail/open_drone_id_system__traits.hpp\n'}
[1.875153] (px4_msgs) StdoutLine: {'line': b'-- Up-to-date symlink: /home/maxim/super_ws/install/px4_msgs/include/px4_msgs/px4_msgs/msg/detail/open_drone_id_system__type_support.hpp\n'}
[1.875232] (px4_msgs) StdoutLine: {'line': b'-- Up-to-date symlink: /home/maxim/super_ws/install/px4_msgs/include/px4_msgs/px4_msgs/msg/detail/orb_test__builder.hpp\n'}
[1.875312] (px4_msgs) StdoutLine: {'line': b'-- Up-to-date symlink: /home/maxim/super_ws/install/px4_msgs/include/px4_msgs/px4_msgs/msg/detail/orb_test__struct.hpp\n'}
[1.875394] (px4_msgs) StdoutLine: {'line': b'-- Up-to-date symlink: /home/maxim/super_ws/install/px4_msgs/include/px4_msgs/px4_msgs/msg/detail/orb_test__traits.hpp\n'}
[1.875501] (px4_msgs) StdoutLine: {'line': b'-- Up-to-date symlink: /home/maxim/super_ws/install/px4_msgs/include/px4_msgs/px4_msgs/msg/detail/orb_test__type_support.hpp\n'}
[1.875578] (px4_msgs) StdoutLine: {'line': b'-- Up-to-date symlink: /home/maxim/super_ws/install/px4_msgs/include/px4_msgs/px4_msgs/msg/detail/orb_test_large__builder.hpp\n'}
[1.875656] (px4_msgs) StdoutLine: {'line': b'-- Up-to-date symlink: /home/maxim/super_ws/install/px4_msgs/include/px4_msgs/px4_msgs/msg/detail/orb_test_large__struct.hpp\n'}
[1.875734] (px4_msgs) StdoutLine: {'line': b'-- Up-to-date symlink: /home/maxim/super_ws/install/px4_msgs/include/px4_msgs/px4_msgs/msg/detail/orb_test_large__traits.hpp\n'}
[1.875838] (px4_msgs) StdoutLine: {'line': b'-- Up-to-date symlink: /home/maxim/super_ws/install/px4_msgs/include/px4_msgs/px4_msgs/msg/detail/orb_test_large__type_support.hpp\n'}
[1.875912] (px4_msgs) StdoutLine: {'line': b'-- Up-to-date symlink: /home/maxim/super_ws/install/px4_msgs/include/px4_msgs/px4_msgs/msg/detail/orb_test_medium__builder.hpp\n'}
[1.875984] (px4_msgs) StdoutLine: {'line': b'-- Up-to-date symlink: /home/maxim/super_ws/install/px4_msgs/include/px4_msgs/px4_msgs/msg/detail/orb_test_medium__struct.hpp\n'}
[1.876053] (px4_msgs) StdoutLine: {'line': b'-- Up-to-date symlink: /home/maxim/super_ws/install/px4_msgs/include/px4_msgs/px4_msgs/msg/detail/orb_test_medium__traits.hpp\n'}
[1.876124] (px4_msgs) StdoutLine: {'line': b'-- Up-to-date symlink: /home/maxim/super_ws/install/px4_msgs/include/px4_msgs/px4_msgs/msg/detail/orb_test_medium__type_support.hpp\n'}
[1.876193] (px4_msgs) StdoutLine: {'line': b'-- Up-to-date symlink: /home/maxim/super_ws/install/px4_msgs/include/px4_msgs/px4_msgs/msg/detail/orbit_status__builder.hpp\n'}
[1.876264] (px4_msgs) StdoutLine: {'line': b'-- Up-to-date symlink: /home/maxim/super_ws/install/px4_msgs/include/px4_msgs/px4_msgs/msg/detail/orbit_status__struct.hpp\n'}
[1.876353] (px4_msgs) StdoutLine: {'line': b'-- Up-to-date symlink: /home/maxim/super_ws/install/px4_msgs/include/px4_msgs/px4_msgs/msg/detail/orbit_status__traits.hpp\n'}
[1.876461] (px4_msgs) StdoutLine: {'line': b'-- Up-to-date symlink: /home/maxim/super_ws/install/px4_msgs/include/px4_msgs/px4_msgs/msg/detail/orbit_status__type_support.hpp\n'}
[1.876545] (px4_msgs) StdoutLine: {'line': b'-- Up-to-date symlink: /home/maxim/super_ws/install/px4_msgs/include/px4_msgs/px4_msgs/msg/detail/parameter_reset_request__builder.hpp\n'}
[1.876615] (px4_msgs) StdoutLine: {'line': b'-- Up-to-date symlink: /home/maxim/super_ws/install/px4_msgs/include/px4_msgs/px4_msgs/msg/detail/parameter_reset_request__struct.hpp\n'}
[1.876685] (px4_msgs) StdoutLine: {'line': b'-- Up-to-date symlink: /home/maxim/super_ws/install/px4_msgs/include/px4_msgs/px4_msgs/msg/detail/parameter_reset_request__traits.hpp\n'}
[1.876758] (px4_msgs) StdoutLine: {'line': b'-- Up-to-date symlink: /home/maxim/super_ws/install/px4_msgs/include/px4_msgs/px4_msgs/msg/detail/parameter_reset_request__type_support.hpp\n'}
[1.876834] (px4_msgs) StdoutLine: {'line': b'-- Up-to-date symlink: /home/maxim/super_ws/install/px4_msgs/include/px4_msgs/px4_msgs/msg/detail/parameter_set_used_request__builder.hpp\n'}
[1.876904] (px4_msgs) StdoutLine: {'line': b'-- Up-to-date symlink: /home/maxim/super_ws/install/px4_msgs/include/px4_msgs/px4_msgs/msg/detail/parameter_set_used_request__struct.hpp\n'}
[1.876974] (px4_msgs) StdoutLine: {'line': b'-- Up-to-date symlink: /home/maxim/super_ws/install/px4_msgs/include/px4_msgs/px4_msgs/msg/detail/parameter_set_used_request__traits.hpp\n'}
[1.877048] (px4_msgs) StdoutLine: {'line': b'-- Up-to-date symlink: /home/maxim/super_ws/install/px4_msgs/include/px4_msgs/px4_msgs/msg/detail/parameter_set_used_request__type_support.hpp\n'}
[1.877168] (px4_msgs) StdoutLine: {'line': b'-- Up-to-date symlink: /home/maxim/super_ws/install/px4_msgs/include/px4_msgs/px4_msgs/msg/detail/parameter_set_value_request__builder.hpp\n'}
[1.877275] (px4_msgs) StdoutLine: {'line': b'-- Up-to-date symlink: /home/maxim/super_ws/install/px4_msgs/include/px4_msgs/px4_msgs/msg/detail/parameter_set_value_request__struct.hpp\n'}
[1.877350] (px4_msgs) StdoutLine: {'line': b'-- Up-to-date symlink: /home/maxim/super_ws/install/px4_msgs/include/px4_msgs/px4_msgs/msg/detail/parameter_set_value_request__traits.hpp\n'}
[1.877423] (px4_msgs) StdoutLine: {'line': b'-- Up-to-date symlink: /home/maxim/super_ws/install/px4_msgs/include/px4_msgs/px4_msgs/msg/detail/parameter_set_value_request__type_support.hpp\n'}
[1.877517] (px4_msgs) StdoutLine: {'line': b'-- Up-to-date symlink: /home/maxim/super_ws/install/px4_msgs/include/px4_msgs/px4_msgs/msg/detail/parameter_set_value_response__builder.hpp\n'}
[1.877610] (px4_msgs) StdoutLine: {'line': b'-- Up-to-date symlink: /home/maxim/super_ws/install/px4_msgs/include/px4_msgs/px4_msgs/msg/detail/parameter_set_value_response__struct.hpp\n'}
[1.877686] (px4_msgs) StdoutLine: {'line': b'-- Up-to-date symlink: /home/maxim/super_ws/install/px4_msgs/include/px4_msgs/px4_msgs/msg/detail/parameter_set_value_response__traits.hpp\n'}
[1.877766] (px4_msgs) StdoutLine: {'line': b'-- Up-to-date symlink: /home/maxim/super_ws/install/px4_msgs/include/px4_msgs/px4_msgs/msg/detail/parameter_set_value_response__type_support.hpp\n'}
[1.877842] (px4_msgs) StdoutLine: {'line': b'-- Up-to-date symlink: /home/maxim/super_ws/install/px4_msgs/include/px4_msgs/px4_msgs/msg/detail/parameter_update__builder.hpp\n'}
[1.877915] (px4_msgs) StdoutLine: {'line': b'-- Up-to-date symlink: /home/maxim/super_ws/install/px4_msgs/include/px4_msgs/px4_msgs/msg/detail/parameter_update__struct.hpp\n'}
[1.877985] (px4_msgs) StdoutLine: {'line': b'-- Up-to-date symlink: /home/maxim/super_ws/install/px4_msgs/include/px4_msgs/px4_msgs/msg/detail/parameter_update__traits.hpp\n'}
[1.878055] (px4_msgs) StdoutLine: {'line': b'-- Up-to-date symlink: /home/maxim/super_ws/install/px4_msgs/include/px4_msgs/px4_msgs/msg/detail/parameter_update__type_support.hpp\n'}
[1.878124] (px4_msgs) StdoutLine: {'line': b'-- Up-to-date symlink: /home/maxim/super_ws/install/px4_msgs/include/px4_msgs/px4_msgs/msg/detail/ping__builder.hpp\n'}
[1.878197] (px4_msgs) StdoutLine: {'line': b'-- Up-to-date symlink: /home/maxim/super_ws/install/px4_msgs/include/px4_msgs/px4_msgs/msg/detail/ping__struct.hpp\n'}
[1.878269] (px4_msgs) StdoutLine: {'line': b'-- Up-to-date symlink: /home/maxim/super_ws/install/px4_msgs/include/px4_msgs/px4_msgs/msg/detail/ping__traits.hpp\n'}
[1.878338] (px4_msgs) StdoutLine: {'line': b'-- Up-to-date symlink: /home/maxim/super_ws/install/px4_msgs/include/px4_msgs/px4_msgs/msg/detail/ping__type_support.hpp\n'}
[1.878414] (px4_msgs) StdoutLine: {'line': b'-- Up-to-date symlink: /home/maxim/super_ws/install/px4_msgs/include/px4_msgs/px4_msgs/msg/detail/position_controller_landing_status__builder.hpp\n'}
[1.878484] (px4_msgs) StdoutLine: {'line': b'-- Up-to-date symlink: /home/maxim/super_ws/install/px4_msgs/include/px4_msgs/px4_msgs/msg/detail/position_controller_landing_status__struct.hpp\n'}
[1.878564] (px4_msgs) StdoutLine: {'line': b'-- Up-to-date symlink: /home/maxim/super_ws/install/px4_msgs/include/px4_msgs/px4_msgs/msg/detail/position_controller_landing_status__traits.hpp\n'}
[1.878646] (px4_msgs) StdoutLine: {'line': b'-- Up-to-date symlink: /home/maxim/super_ws/install/px4_msgs/include/px4_msgs/px4_msgs/msg/detail/position_controller_landing_status__type_support.hpp\n'}
[1.878764] (px4_msgs) StdoutLine: {'line': b'-- Up-to-date symlink: /home/maxim/super_ws/install/px4_msgs/include/px4_msgs/px4_msgs/msg/detail/position_controller_status__builder.hpp\n'}
[1.878848] (px4_msgs) StdoutLine: {'line': b'-- Up-to-date symlink: /home/maxim/super_ws/install/px4_msgs/include/px4_msgs/px4_msgs/msg/detail/position_controller_status__struct.hpp\n'}
[1.878923] (px4_msgs) StdoutLine: {'line': b'-- Up-to-date symlink: /home/maxim/super_ws/install/px4_msgs/include/px4_msgs/px4_msgs/msg/detail/position_controller_status__traits.hpp\n'}
[1.878995] (px4_msgs) StdoutLine: {'line': b'-- Up-to-date symlink: /home/maxim/super_ws/install/px4_msgs/include/px4_msgs/px4_msgs/msg/detail/position_controller_status__type_support.hpp\n'}
[1.879067] (px4_msgs) StdoutLine: {'line': b'-- Up-to-date symlink: /home/maxim/super_ws/install/px4_msgs/include/px4_msgs/px4_msgs/msg/detail/position_setpoint__builder.hpp\n'}
[1.879138] (px4_msgs) StdoutLine: {'line': b'-- Up-to-date symlink: /home/maxim/super_ws/install/px4_msgs/include/px4_msgs/px4_msgs/msg/detail/position_setpoint__struct.hpp\n'}
[1.879207] (px4_msgs) StdoutLine: {'line': b'-- Up-to-date symlink: /home/maxim/super_ws/install/px4_msgs/include/px4_msgs/px4_msgs/msg/detail/position_setpoint__traits.hpp\n'}
[1.879289] (px4_msgs) StdoutLine: {'line': b'-- Up-to-date symlink: /home/maxim/super_ws/install/px4_msgs/include/px4_msgs/px4_msgs/msg/detail/position_setpoint__type_support.hpp\n'}
[1.879406] (px4_msgs) StdoutLine: {'line': b'-- Up-to-date symlink: /home/maxim/super_ws/install/px4_msgs/include/px4_msgs/px4_msgs/msg/detail/position_setpoint_triplet__builder.hpp\n'}
[1.879515] (px4_msgs) StdoutLine: {'line': b'-- Up-to-date symlink: /home/maxim/super_ws/install/px4_msgs/include/px4_msgs/px4_msgs/msg/detail/position_setpoint_triplet__struct.hpp\n'}
[1.879587] (px4_msgs) StdoutLine: {'line': b'-- Up-to-date symlink: /home/maxim/super_ws/install/px4_msgs/include/px4_msgs/px4_msgs/msg/detail/position_setpoint_triplet__traits.hpp\n'}
[1.879654] (px4_msgs) StdoutLine: {'line': b'-- Up-to-date symlink: /home/maxim/super_ws/install/px4_msgs/include/px4_msgs/px4_msgs/msg/detail/position_setpoint_triplet__type_support.hpp\n'}
[1.879725] (px4_msgs) StdoutLine: {'line': b'-- Up-to-date symlink: /home/maxim/super_ws/install/px4_msgs/include/px4_msgs/px4_msgs/msg/detail/power_button_state__builder.hpp\n'}
[1.879795] (px4_msgs) StdoutLine: {'line': b'-- Up-to-date symlink: /home/maxim/super_ws/install/px4_msgs/include/px4_msgs/px4_msgs/msg/detail/power_button_state__struct.hpp\n'}
[1.879869] (px4_msgs) StdoutLine: {'line': b'-- Up-to-date symlink: /home/maxim/super_ws/install/px4_msgs/include/px4_msgs/px4_msgs/msg/detail/power_button_state__traits.hpp\n'}
[1.879937] (px4_msgs) StdoutLine: {'line': b'-- Up-to-date symlink: /home/maxim/super_ws/install/px4_msgs/include/px4_msgs/px4_msgs/msg/detail/power_button_state__type_support.hpp\n'}
[1.880005] (px4_msgs) StdoutLine: {'line': b'-- Up-to-date symlink: /home/maxim/super_ws/install/px4_msgs/include/px4_msgs/px4_msgs/msg/detail/power_monitor__builder.hpp\n'}
[1.880075] (px4_msgs) StdoutLine: {'line': b'-- Up-to-date symlink: /home/maxim/super_ws/install/px4_msgs/include/px4_msgs/px4_msgs/msg/detail/power_monitor__struct.hpp\n'}
[1.880153] (px4_msgs) StdoutLine: {'line': b'-- Up-to-date symlink: /home/maxim/super_ws/install/px4_msgs/include/px4_msgs/px4_msgs/msg/detail/power_monitor__traits.hpp\n'}
[1.880231] (px4_msgs) StdoutLine: {'line': b'-- Up-to-date symlink: /home/maxim/super_ws/install/px4_msgs/include/px4_msgs/px4_msgs/msg/detail/power_monitor__type_support.hpp\n'}
[1.880309] (px4_msgs) StdoutLine: {'line': b'-- Up-to-date symlink: /home/maxim/super_ws/install/px4_msgs/include/px4_msgs/px4_msgs/msg/detail/pps_capture__builder.hpp\n'}
[1.880396] (px4_msgs) StdoutLine: {'line': b'-- Up-to-date symlink: /home/maxim/super_ws/install/px4_msgs/include/px4_msgs/px4_msgs/msg/detail/pps_capture__struct.hpp\n'}
[1.880472] (px4_msgs) StdoutLine: {'line': b'-- Up-to-date symlink: /home/maxim/super_ws/install/px4_msgs/include/px4_msgs/px4_msgs/msg/detail/pps_capture__traits.hpp\n'}
[1.880551] (px4_msgs) StdoutLine: {'line': b'-- Up-to-date symlink: /home/maxim/super_ws/install/px4_msgs/include/px4_msgs/px4_msgs/msg/detail/pps_capture__type_support.hpp\n'}
[1.880629] (px4_msgs) StdoutLine: {'line': b'-- Up-to-date symlink: /home/maxim/super_ws/install/px4_msgs/include/px4_msgs/px4_msgs/msg/detail/prec_land_status__builder.hpp\n'}
[1.880707] (px4_msgs) StdoutLine: {'line': b'-- Up-to-date symlink: /home/maxim/super_ws/install/px4_msgs/include/px4_msgs/px4_msgs/msg/detail/prec_land_status__struct.hpp\n'}
[1.880785] (px4_msgs) StdoutLine: {'line': b'-- Up-to-date symlink: /home/maxim/super_ws/install/px4_msgs/include/px4_msgs/px4_msgs/msg/detail/prec_land_status__traits.hpp\n'}
[1.880863] (px4_msgs) StdoutLine: {'line': b'-- Up-to-date symlink: /home/maxim/super_ws/install/px4_msgs/include/px4_msgs/px4_msgs/msg/detail/prec_land_status__type_support.hpp\n'}
[1.880941] (px4_msgs) StdoutLine: {'line': b'-- Up-to-date symlink: /home/maxim/super_ws/install/px4_msgs/include/px4_msgs/px4_msgs/msg/detail/pure_pursuit_status__builder.hpp\n'}
[1.881020] (px4_msgs) StdoutLine: {'line': b'-- Up-to-date symlink: /home/maxim/super_ws/install/px4_msgs/include/px4_msgs/px4_msgs/msg/detail/pure_pursuit_status__struct.hpp\n'}
[1.881098] (px4_msgs) StdoutLine: {'line': b'-- Up-to-date symlink: /home/maxim/super_ws/install/px4_msgs/include/px4_msgs/px4_msgs/msg/detail/pure_pursuit_status__traits.hpp\n'}
[1.881177] (px4_msgs) StdoutLine: {'line': b'-- Up-to-date symlink: /home/maxim/super_ws/install/px4_msgs/include/px4_msgs/px4_msgs/msg/detail/pure_pursuit_status__type_support.hpp\n'}
[1.881257] (px4_msgs) StdoutLine: {'line': b'-- Up-to-date symlink: /home/maxim/super_ws/install/px4_msgs/include/px4_msgs/px4_msgs/msg/detail/pwm_input__builder.hpp\n'}
[1.881335] (px4_msgs) StdoutLine: {'line': b'-- Up-to-date symlink: /home/maxim/super_ws/install/px4_msgs/include/px4_msgs/px4_msgs/msg/detail/pwm_input__struct.hpp\n'}
[1.881419] (px4_msgs) StdoutLine: {'line': b'-- Up-to-date symlink: /home/maxim/super_ws/install/px4_msgs/include/px4_msgs/px4_msgs/msg/detail/pwm_input__traits.hpp\n'}
[1.881497] (px4_msgs) StdoutLine: {'line': b'-- Up-to-date symlink: /home/maxim/super_ws/install/px4_msgs/include/px4_msgs/px4_msgs/msg/detail/pwm_input__type_support.hpp\n'}
[1.881576] (px4_msgs) StdoutLine: {'line': b'-- Up-to-date symlink: /home/maxim/super_ws/install/px4_msgs/include/px4_msgs/px4_msgs/msg/detail/px4io_status__builder.hpp\n'}
[1.881654] (px4_msgs) StdoutLine: {'line': b'-- Up-to-date symlink: /home/maxim/super_ws/install/px4_msgs/include/px4_msgs/px4_msgs/msg/detail/px4io_status__struct.hpp\n'}
[1.881732] (px4_msgs) StdoutLine: {'line': b'-- Up-to-date symlink: /home/maxim/super_ws/install/px4_msgs/include/px4_msgs/px4_msgs/msg/detail/px4io_status__traits.hpp\n'}
[1.881810] (px4_msgs) StdoutLine: {'line': b'-- Up-to-date symlink: /home/maxim/super_ws/install/px4_msgs/include/px4_msgs/px4_msgs/msg/detail/px4io_status__type_support.hpp\n'}
[1.881889] (px4_msgs) StdoutLine: {'line': b'-- Up-to-date symlink: /home/maxim/super_ws/install/px4_msgs/include/px4_msgs/px4_msgs/msg/detail/qshell_req__builder.hpp\n'}
[1.881970] (px4_msgs) StdoutLine: {'line': b'-- Up-to-date symlink: /home/maxim/super_ws/install/px4_msgs/include/px4_msgs/px4_msgs/msg/detail/qshell_req__struct.hpp\n'}
[1.882048] (px4_msgs) StdoutLine: {'line': b'-- Up-to-date symlink: /home/maxim/super_ws/install/px4_msgs/include/px4_msgs/px4_msgs/msg/detail/qshell_req__traits.hpp\n'}
[1.882125] (px4_msgs) StdoutLine: {'line': b'-- Up-to-date symlink: /home/maxim/super_ws/install/px4_msgs/include/px4_msgs/px4_msgs/msg/detail/qshell_req__type_support.hpp\n'}
[1.882204] (px4_msgs) StdoutLine: {'line': b'-- Up-to-date symlink: /home/maxim/super_ws/install/px4_msgs/include/px4_msgs/px4_msgs/msg/detail/qshell_retval__builder.hpp\n'}
[1.882282] (px4_msgs) StdoutLine: {'line': b'-- Up-to-date symlink: /home/maxim/super_ws/install/px4_msgs/include/px4_msgs/px4_msgs/msg/detail/qshell_retval__struct.hpp\n'}
[1.882357] (px4_msgs) StdoutLine: {'line': b'-- Up-to-date symlink: /home/maxim/super_ws/install/px4_msgs/include/px4_msgs/px4_msgs/msg/detail/qshell_retval__traits.hpp\n'}
[1.882441] (px4_msgs) StdoutLine: {'line': b'-- Up-to-date symlink: /home/maxim/super_ws/install/px4_msgs/include/px4_msgs/px4_msgs/msg/detail/qshell_retval__type_support.hpp\n'}
[1.882519] (px4_msgs) StdoutLine: {'line': b'-- Up-to-date symlink: /home/maxim/super_ws/install/px4_msgs/include/px4_msgs/px4_msgs/msg/detail/radio_status__builder.hpp\n'}
[1.882596] (px4_msgs) StdoutLine: {'line': b'-- Up-to-date symlink: /home/maxim/super_ws/install/px4_msgs/include/px4_msgs/px4_msgs/msg/detail/radio_status__struct.hpp\n'}
[1.882674] (px4_msgs) StdoutLine: {'line': b'-- Up-to-date symlink: /home/maxim/super_ws/install/px4_msgs/include/px4_msgs/px4_msgs/msg/detail/radio_status__traits.hpp\n'}
[1.882752] (px4_msgs) StdoutLine: {'line': b'-- Up-to-date symlink: /home/maxim/super_ws/install/px4_msgs/include/px4_msgs/px4_msgs/msg/detail/radio_status__type_support.hpp\n'}
[1.882829] (px4_msgs) StdoutLine: {'line': b'-- Up-to-date symlink: /home/maxim/super_ws/install/px4_msgs/include/px4_msgs/px4_msgs/msg/detail/ranging_beacon__builder.hpp\n'}
[1.882907] (px4_msgs) StdoutLine: {'line': b'-- Up-to-date symlink: /home/maxim/super_ws/install/px4_msgs/include/px4_msgs/px4_msgs/msg/detail/ranging_beacon__struct.hpp\n'}
[1.882984] (px4_msgs) StdoutLine: {'line': b'-- Up-to-date symlink: /home/maxim/super_ws/install/px4_msgs/include/px4_msgs/px4_msgs/msg/detail/ranging_beacon__traits.hpp\n'}
[1.883061] (px4_msgs) StdoutLine: {'line': b'-- Up-to-date symlink: /home/maxim/super_ws/install/px4_msgs/include/px4_msgs/px4_msgs/msg/detail/ranging_beacon__type_support.hpp\n'}
[1.883140] (px4_msgs) StdoutLine: {'line': b'-- Up-to-date symlink: /home/maxim/super_ws/install/px4_msgs/include/px4_msgs/px4_msgs/msg/detail/raptor_input__builder.hpp\n'}
[1.883217] (px4_msgs) StdoutLine: {'line': b'-- Up-to-date symlink: /home/maxim/super_ws/install/px4_msgs/include/px4_msgs/px4_msgs/msg/detail/raptor_input__struct.hpp\n'}
[1.883294] (px4_msgs) StdoutLine: {'line': b'-- Up-to-date symlink: /home/maxim/super_ws/install/px4_msgs/include/px4_msgs/px4_msgs/msg/detail/raptor_input__traits.hpp\n'}
[1.883374] (px4_msgs) StdoutLine: {'line': b'-- Up-to-date symlink: /home/maxim/super_ws/install/px4_msgs/include/px4_msgs/px4_msgs/msg/detail/raptor_input__type_support.hpp\n'}
[1.883458] (px4_msgs) StdoutLine: {'line': b'-- Up-to-date symlink: /home/maxim/super_ws/install/px4_msgs/include/px4_msgs/px4_msgs/msg/detail/raptor_status__builder.hpp\n'}
[1.883532] (px4_msgs) StdoutLine: {'line': b'-- Up-to-date symlink: /home/maxim/super_ws/install/px4_msgs/include/px4_msgs/px4_msgs/msg/detail/raptor_status__struct.hpp\n'}
[1.883610] (px4_msgs) StdoutLine: {'line': b'-- Up-to-date symlink: /home/maxim/super_ws/install/px4_msgs/include/px4_msgs/px4_msgs/msg/detail/raptor_status__traits.hpp\n'}
[1.883687] (px4_msgs) StdoutLine: {'line': b'-- Up-to-date symlink: /home/maxim/super_ws/install/px4_msgs/include/px4_msgs/px4_msgs/msg/detail/raptor_status__type_support.hpp\n'}
[1.883764] (px4_msgs) StdoutLine: {'line': b'-- Up-to-date symlink: /home/maxim/super_ws/install/px4_msgs/include/px4_msgs/px4_msgs/msg/detail/rate_ctrl_status__builder.hpp\n'}
[1.883842] (px4_msgs) StdoutLine: {'line': b'-- Up-to-date symlink: /home/maxim/super_ws/install/px4_msgs/include/px4_msgs/px4_msgs/msg/detail/rate_ctrl_status__struct.hpp\n'}
[1.883919] (px4_msgs) StdoutLine: {'line': b'-- Up-to-date symlink: /home/maxim/super_ws/install/px4_msgs/include/px4_msgs/px4_msgs/msg/detail/rate_ctrl_status__traits.hpp\n'}
[1.883997] (px4_msgs) StdoutLine: {'line': b'-- Up-to-date symlink: /home/maxim/super_ws/install/px4_msgs/include/px4_msgs/px4_msgs/msg/detail/rate_ctrl_status__type_support.hpp\n'}
[1.884077] (px4_msgs) StdoutLine: {'line': b'-- Up-to-date symlink: /home/maxim/super_ws/install/px4_msgs/include/px4_msgs/px4_msgs/msg/detail/rc_channels__builder.hpp\n'}
[1.884154] (px4_msgs) StdoutLine: {'line': b'-- Up-to-date symlink: /home/maxim/super_ws/install/px4_msgs/include/px4_msgs/px4_msgs/msg/detail/rc_channels__struct.hpp\n'}
[1.884231] (px4_msgs) StdoutLine: {'line': b'-- Up-to-date symlink: /home/maxim/super_ws/install/px4_msgs/include/px4_msgs/px4_msgs/msg/detail/rc_channels__traits.hpp\n'}
[1.884348] (px4_msgs) StdoutLine: {'line': b'-- Up-to-date symlink: /home/maxim/super_ws/install/px4_msgs/include/px4_msgs/px4_msgs/msg/detail/rc_channels__type_support.hpp\n'}
[1.884467] (px4_msgs) StdoutLine: {'line': b'-- Up-to-date symlink: /home/maxim/super_ws/install/px4_msgs/include/px4_msgs/px4_msgs/msg/detail/rc_parameter_map__builder.hpp\n'}
[1.884645] (px4_msgs) StdoutLine: {'line': b'-- Up-to-date symlink: /home/maxim/super_ws/install/px4_msgs/include/px4_msgs/px4_msgs/msg/detail/rc_parameter_map__struct.hpp\n'}
[1.884739] (px4_msgs) StdoutLine: {'line': b'-- Up-to-date symlink: /home/maxim/super_ws/install/px4_msgs/include/px4_msgs/px4_msgs/msg/detail/rc_parameter_map__traits.hpp\n'}
[1.884832] (px4_msgs) StdoutLine: {'line': b'-- Up-to-date symlink: /home/maxim/super_ws/install/px4_msgs/include/px4_msgs/px4_msgs/msg/detail/rc_parameter_map__type_support.hpp\n'}
[1.884916] (px4_msgs) StdoutLine: {'line': b'-- Up-to-date symlink: /home/maxim/super_ws/install/px4_msgs/include/px4_msgs/px4_msgs/msg/detail/register_ext_component_reply__builder.hpp\n'}
[1.884991] (px4_msgs) StdoutLine: {'line': b'-- Up-to-date symlink: /home/maxim/super_ws/install/px4_msgs/include/px4_msgs/px4_msgs/msg/detail/register_ext_component_reply__struct.hpp\n'}
[1.885061] (px4_msgs) StdoutLine: {'line': b'-- Up-to-date symlink: /home/maxim/super_ws/install/px4_msgs/include/px4_msgs/px4_msgs/msg/detail/register_ext_component_reply__traits.hpp\n'}
[1.885119] (px4_msgs) StdoutLine: {'line': b'-- Up-to-date symlink: /home/maxim/super_ws/install/px4_msgs/include/px4_msgs/px4_msgs/msg/detail/register_ext_component_reply__type_support.hpp\n'}
[1.885189] (px4_msgs) StdoutLine: {'line': b'-- Up-to-date symlink: /home/maxim/super_ws/install/px4_msgs/include/px4_msgs/px4_msgs/msg/detail/register_ext_component_request__builder.hpp\n'}
[1.885258] (px4_msgs) StdoutLine: {'line': b'-- Up-to-date symlink: /home/maxim/super_ws/install/px4_msgs/include/px4_msgs/px4_msgs/msg/detail/register_ext_component_request__struct.hpp\n'}
[1.885330] (px4_msgs) StdoutLine: {'line': b'-- Up-to-date symlink: /home/maxim/super_ws/install/px4_msgs/include/px4_msgs/px4_msgs/msg/detail/register_ext_component_request__traits.hpp\n'}
[1.885410] (px4_msgs) StdoutLine: {'line': b'-- Up-to-date symlink: /home/maxim/super_ws/install/px4_msgs/include/px4_msgs/px4_msgs/msg/detail/register_ext_component_request__type_support.hpp\n'}
[1.885481] (px4_msgs) StdoutLine: {'line': b'-- Up-to-date symlink: /home/maxim/super_ws/install/px4_msgs/include/px4_msgs/px4_msgs/msg/detail/rover_attitude_setpoint__builder.hpp\n'}
[1.885548] (px4_msgs) StdoutLine: {'line': b'-- Up-to-date symlink: /home/maxim/super_ws/install/px4_msgs/include/px4_msgs/px4_msgs/msg/detail/rover_attitude_setpoint__struct.hpp\n'}
[1.885620] (px4_msgs) StdoutLine: {'line': b'-- Up-to-date symlink: /home/maxim/super_ws/install/px4_msgs/include/px4_msgs/px4_msgs/msg/detail/rover_attitude_setpoint__traits.hpp\n'}
[1.885677] (px4_msgs) StdoutLine: {'line': b'-- Up-to-date symlink: /home/maxim/super_ws/install/px4_msgs/include/px4_msgs/px4_msgs/msg/detail/rover_attitude_setpoint__type_support.hpp\n'}
[1.885756] (px4_msgs) StdoutLine: {'line': b'-- Up-to-date symlink: /home/maxim/super_ws/install/px4_msgs/include/px4_msgs/px4_msgs/msg/detail/rover_attitude_status__builder.hpp\n'}
[1.885825] (px4_msgs) StdoutLine: {'line': b'-- Up-to-date symlink: /home/maxim/super_ws/install/px4_msgs/include/px4_msgs/px4_msgs/msg/detail/rover_attitude_status__struct.hpp\n'}
[1.885886] (px4_msgs) StdoutLine: {'line': b'-- Up-to-date symlink: /home/maxim/super_ws/install/px4_msgs/include/px4_msgs/px4_msgs/msg/detail/rover_attitude_status__traits.hpp\n'}
[1.885955] (px4_msgs) StdoutLine: {'line': b'-- Up-to-date symlink: /home/maxim/super_ws/install/px4_msgs/include/px4_msgs/px4_msgs/msg/detail/rover_attitude_status__type_support.hpp\n'}
[1.886024] (px4_msgs) StdoutLine: {'line': b'-- Up-to-date symlink: /home/maxim/super_ws/install/px4_msgs/include/px4_msgs/px4_msgs/msg/detail/rover_position_setpoint__builder.hpp\n'}
[1.886137] (px4_msgs) StdoutLine: {'line': b'-- Up-to-date symlink: /home/maxim/super_ws/install/px4_msgs/include/px4_msgs/px4_msgs/msg/detail/rover_position_setpoint__struct.hpp\n'}
[1.886208] (px4_msgs) StdoutLine: {'line': b'-- Up-to-date symlink: /home/maxim/super_ws/install/px4_msgs/include/px4_msgs/px4_msgs/msg/detail/rover_position_setpoint__traits.hpp\n'}
[1.886294] (px4_msgs) StdoutLine: {'line': b'-- Up-to-date symlink: /home/maxim/super_ws/install/px4_msgs/include/px4_msgs/px4_msgs/msg/detail/rover_position_setpoint__type_support.hpp\n'}
[1.886354] (px4_msgs) StdoutLine: {'line': b'-- Up-to-date symlink: /home/maxim/super_ws/install/px4_msgs/include/px4_msgs/px4_msgs/msg/detail/rover_rate_setpoint__builder.hpp\n'}
[1.886429] (px4_msgs) StdoutLine: {'line': b'-- Up-to-date symlink: /home/maxim/super_ws/install/px4_msgs/include/px4_msgs/px4_msgs/msg/detail/rover_rate_setpoint__struct.hpp\n'}
[1.886499] (px4_msgs) StdoutLine: {'line': b'-- Up-to-date symlink: /home/maxim/super_ws/install/px4_msgs/include/px4_msgs/px4_msgs/msg/detail/rover_rate_setpoint__traits.hpp\n'}
[1.886566] (px4_msgs) StdoutLine: {'line': b'-- Up-to-date symlink: /home/maxim/super_ws/install/px4_msgs/include/px4_msgs/px4_msgs/msg/detail/rover_rate_setpoint__type_support.hpp\n'}
[1.886638] (px4_msgs) StdoutLine: {'line': b'-- Up-to-date symlink: /home/maxim/super_ws/install/px4_msgs/include/px4_msgs/px4_msgs/msg/detail/rover_rate_status__builder.hpp\n'}
[1.886708] (px4_msgs) StdoutLine: {'line': b'-- Up-to-date symlink: /home/maxim/super_ws/install/px4_msgs/include/px4_msgs/px4_msgs/msg/detail/rover_rate_status__struct.hpp\n'}
[1.886781] (px4_msgs) StdoutLine: {'line': b'-- Up-to-date symlink: /home/maxim/super_ws/install/px4_msgs/include/px4_msgs/px4_msgs/msg/detail/rover_rate_status__traits.hpp\n'}
[1.886850] (px4_msgs) StdoutLine: {'line': b'-- Up-to-date symlink: /home/maxim/super_ws/install/px4_msgs/include/px4_msgs/px4_msgs/msg/detail/rover_rate_status__type_support.hpp\n'}
[1.886911] (px4_msgs) StdoutLine: {'line': b'-- Up-to-date symlink: /home/maxim/super_ws/install/px4_msgs/include/px4_msgs/px4_msgs/msg/detail/rover_speed_setpoint__builder.hpp\n'}
[1.886984] (px4_msgs) StdoutLine: {'line': b'-- Up-to-date symlink: /home/maxim/super_ws/install/px4_msgs/include/px4_msgs/px4_msgs/msg/detail/rover_speed_setpoint__struct.hpp\n'}
[1.887061] (px4_msgs) StdoutLine: {'line': b'-- Up-to-date symlink: /home/maxim/super_ws/install/px4_msgs/include/px4_msgs/px4_msgs/msg/detail/rover_speed_setpoint__traits.hpp\n'}
[1.887176] (px4_msgs) StdoutLine: {'line': b'-- Up-to-date symlink: /home/maxim/super_ws/install/px4_msgs/include/px4_msgs/px4_msgs/msg/detail/rover_speed_setpoint__type_support.hpp\n'}
[1.887252] (px4_msgs) StdoutLine: {'line': b'-- Up-to-date symlink: /home/maxim/super_ws/install/px4_msgs/include/px4_msgs/px4_msgs/msg/detail/rover_speed_status__builder.hpp\n'}
[1.887324] (px4_msgs) StdoutLine: {'line': b'-- Up-to-date symlink: /home/maxim/super_ws/install/px4_msgs/include/px4_msgs/px4_msgs/msg/detail/rover_speed_status__struct.hpp\n'}
[1.887402] (px4_msgs) StdoutLine: {'line': b'-- Up-to-date symlink: /home/maxim/super_ws/install/px4_msgs/include/px4_msgs/px4_msgs/msg/detail/rover_speed_status__traits.hpp\n'}
[1.887473] (px4_msgs) StdoutLine: {'line': b'-- Up-to-date symlink: /home/maxim/super_ws/install/px4_msgs/include/px4_msgs/px4_msgs/msg/detail/rover_speed_status__type_support.hpp\n'}
[1.887544] (px4_msgs) StdoutLine: {'line': b'-- Up-to-date symlink: /home/maxim/super_ws/install/px4_msgs/include/px4_msgs/px4_msgs/msg/detail/rover_steering_setpoint__builder.hpp\n'}
[1.887628] (px4_msgs) StdoutLine: {'line': b'-- Up-to-date symlink: /home/maxim/super_ws/install/px4_msgs/include/px4_msgs/px4_msgs/msg/detail/rover_steering_setpoint__struct.hpp\n'}
[1.887747] (px4_msgs) StdoutLine: {'line': b'-- Up-to-date symlink: /home/maxim/super_ws/install/px4_msgs/include/px4_msgs/px4_msgs/msg/detail/rover_steering_setpoint__traits.hpp\n'}
[1.887822] (px4_msgs) StdoutLine: {'line': b'-- Up-to-date symlink: /home/maxim/super_ws/install/px4_msgs/include/px4_msgs/px4_msgs/msg/detail/rover_steering_setpoint__type_support.hpp\n'}
[1.887892] (px4_msgs) StdoutLine: {'line': b'-- Up-to-date symlink: /home/maxim/super_ws/install/px4_msgs/include/px4_msgs/px4_msgs/msg/detail/rover_throttle_setpoint__builder.hpp\n'}
[1.887963] (px4_msgs) StdoutLine: {'line': b'-- Up-to-date symlink: /home/maxim/super_ws/install/px4_msgs/include/px4_msgs/px4_msgs/msg/detail/rover_throttle_setpoint__struct.hpp\n'}
[1.888034] (px4_msgs) StdoutLine: {'line': b'-- Up-to-date symlink: /home/maxim/super_ws/install/px4_msgs/include/px4_msgs/px4_msgs/msg/detail/rover_throttle_setpoint__traits.hpp\n'}
[1.888105] (px4_msgs) StdoutLine: {'line': b'-- Up-to-date symlink: /home/maxim/super_ws/install/px4_msgs/include/px4_msgs/px4_msgs/msg/detail/rover_throttle_setpoint__type_support.hpp\n'}
[1.888180] (px4_msgs) StdoutLine: {'line': b'-- Up-to-date symlink: /home/maxim/super_ws/install/px4_msgs/include/px4_msgs/px4_msgs/msg/detail/rpm__builder.hpp\n'}
[1.888251] (px4_msgs) StdoutLine: {'line': b'-- Up-to-date symlink: /home/maxim/super_ws/install/px4_msgs/include/px4_msgs/px4_msgs/msg/detail/rpm__struct.hpp\n'}
[1.888327] (px4_msgs) StdoutLine: {'line': b'-- Up-to-date symlink: /home/maxim/super_ws/install/px4_msgs/include/px4_msgs/px4_msgs/msg/detail/rpm__traits.hpp\n'}
[1.888442] (px4_msgs) StdoutLine: {'line': b'-- Up-to-date symlink: /home/maxim/super_ws/install/px4_msgs/include/px4_msgs/px4_msgs/msg/detail/rpm__type_support.hpp\n'}
[1.888519] (px4_msgs) StdoutLine: {'line': b'-- Up-to-date symlink: /home/maxim/super_ws/install/px4_msgs/include/px4_msgs/px4_msgs/msg/detail/rtl_status__builder.hpp\n'}
[1.888597] (px4_msgs) StdoutLine: {'line': b'-- Up-to-date symlink: /home/maxim/super_ws/install/px4_msgs/include/px4_msgs/px4_msgs/msg/detail/rtl_status__struct.hpp\n'}
[1.888672] (px4_msgs) StdoutLine: {'line': b'-- Up-to-date symlink: /home/maxim/super_ws/install/px4_msgs/include/px4_msgs/px4_msgs/msg/detail/rtl_status__traits.hpp\n'}
[1.888746] (px4_msgs) StdoutLine: {'line': b'-- Up-to-date symlink: /home/maxim/super_ws/install/px4_msgs/include/px4_msgs/px4_msgs/msg/detail/rtl_status__type_support.hpp\n'}
[1.888816] (px4_msgs) StdoutLine: {'line': b'-- Up-to-date symlink: /home/maxim/super_ws/install/px4_msgs/include/px4_msgs/px4_msgs/msg/detail/rtl_time_estimate__builder.hpp\n'}
[1.888888] (px4_msgs) StdoutLine: {'line': b'-- Up-to-date symlink: /home/maxim/super_ws/install/px4_msgs/include/px4_msgs/px4_msgs/msg/detail/rtl_time_estimate__struct.hpp\n'}
[1.888957] (px4_msgs) StdoutLine: {'line': b'-- Up-to-date symlink: /home/maxim/super_ws/install/px4_msgs/include/px4_msgs/px4_msgs/msg/detail/rtl_time_estimate__traits.hpp\n'}
[1.889026] (px4_msgs) StdoutLine: {'line': b'-- Up-to-date symlink: /home/maxim/super_ws/install/px4_msgs/include/px4_msgs/px4_msgs/msg/detail/rtl_time_estimate__type_support.hpp\n'}
[1.889103] (px4_msgs) StdoutLine: {'line': b'-- Up-to-date symlink: /home/maxim/super_ws/install/px4_msgs/include/px4_msgs/px4_msgs/msg/detail/satellite_info__builder.hpp\n'}
[1.889183] (px4_msgs) StdoutLine: {'line': b'-- Up-to-date symlink: /home/maxim/super_ws/install/px4_msgs/include/px4_msgs/px4_msgs/msg/detail/satellite_info__struct.hpp\n'}
[1.889261] (px4_msgs) StdoutLine: {'line': b'-- Up-to-date symlink: /home/maxim/super_ws/install/px4_msgs/include/px4_msgs/px4_msgs/msg/detail/satellite_info__traits.hpp\n'}
[1.889340] (px4_msgs) StdoutLine: {'line': b'-- Up-to-date symlink: /home/maxim/super_ws/install/px4_msgs/include/px4_msgs/px4_msgs/msg/detail/satellite_info__type_support.hpp\n'}
[1.889425] (px4_msgs) StdoutLine: {'line': b'-- Up-to-date symlink: /home/maxim/super_ws/install/px4_msgs/include/px4_msgs/px4_msgs/msg/detail/sensor_accel__builder.hpp\n'}
[1.889502] (px4_msgs) StdoutLine: {'line': b'-- Up-to-date symlink: /home/maxim/super_ws/install/px4_msgs/include/px4_msgs/px4_msgs/msg/detail/sensor_accel__struct.hpp\n'}
[1.889579] (px4_msgs) StdoutLine: {'line': b'-- Up-to-date symlink: /home/maxim/super_ws/install/px4_msgs/include/px4_msgs/px4_msgs/msg/detail/sensor_accel__traits.hpp\n'}
[1.889659] (px4_msgs) StdoutLine: {'line': b'-- Up-to-date symlink: /home/maxim/super_ws/install/px4_msgs/include/px4_msgs/px4_msgs/msg/detail/sensor_accel__type_support.hpp\n'}
[1.889735] (px4_msgs) StdoutLine: {'line': b'-- Up-to-date symlink: /home/maxim/super_ws/install/px4_msgs/include/px4_msgs/px4_msgs/msg/detail/sensor_accel_fifo__builder.hpp\n'}
[1.889813] (px4_msgs) StdoutLine: {'line': b'-- Up-to-date symlink: /home/maxim/super_ws/install/px4_msgs/include/px4_msgs/px4_msgs/msg/detail/sensor_accel_fifo__struct.hpp\n'}
[1.889890] (px4_msgs) StdoutLine: {'line': b'-- Up-to-date symlink: /home/maxim/super_ws/install/px4_msgs/include/px4_msgs/px4_msgs/msg/detail/sensor_accel_fifo__traits.hpp\n'}
[1.889968] (px4_msgs) StdoutLine: {'line': b'-- Up-to-date symlink: /home/maxim/super_ws/install/px4_msgs/include/px4_msgs/px4_msgs/msg/detail/sensor_accel_fifo__type_support.hpp\n'}
[1.890045] (px4_msgs) StdoutLine: {'line': b'-- Up-to-date symlink: /home/maxim/super_ws/install/px4_msgs/include/px4_msgs/px4_msgs/msg/detail/sensor_airflow__builder.hpp\n'}
[1.890125] (px4_msgs) StdoutLine: {'line': b'-- Up-to-date symlink: /home/maxim/super_ws/install/px4_msgs/include/px4_msgs/px4_msgs/msg/detail/sensor_airflow__struct.hpp\n'}
[1.890201] (px4_msgs) StdoutLine: {'line': b'-- Up-to-date symlink: /home/maxim/super_ws/install/px4_msgs/include/px4_msgs/px4_msgs/msg/detail/sensor_airflow__traits.hpp\n'}
[1.890279] (px4_msgs) StdoutLine: {'line': b'-- Up-to-date symlink: /home/maxim/super_ws/install/px4_msgs/include/px4_msgs/px4_msgs/msg/detail/sensor_airflow__type_support.hpp\n'}
[1.890356] (px4_msgs) StdoutLine: {'line': b'-- Up-to-date symlink: /home/maxim/super_ws/install/px4_msgs/include/px4_msgs/px4_msgs/msg/detail/sensor_baro__builder.hpp\n'}
[1.890440] (px4_msgs) StdoutLine: {'line': b'-- Up-to-date symlink: /home/maxim/super_ws/install/px4_msgs/include/px4_msgs/px4_msgs/msg/detail/sensor_baro__struct.hpp\n'}
[1.890516] (px4_msgs) StdoutLine: {'line': b'-- Up-to-date symlink: /home/maxim/super_ws/install/px4_msgs/include/px4_msgs/px4_msgs/msg/detail/sensor_baro__traits.hpp\n'}
[1.890594] (px4_msgs) StdoutLine: {'line': b'-- Up-to-date symlink: /home/maxim/super_ws/install/px4_msgs/include/px4_msgs/px4_msgs/msg/detail/sensor_baro__type_support.hpp\n'}
[1.890672] (px4_msgs) StdoutLine: {'line': b'-- Up-to-date symlink: /home/maxim/super_ws/install/px4_msgs/include/px4_msgs/px4_msgs/msg/detail/sensor_combined__builder.hpp\n'}
[1.890749] (px4_msgs) StdoutLine: {'line': b'-- Up-to-date symlink: /home/maxim/super_ws/install/px4_msgs/include/px4_msgs/px4_msgs/msg/detail/sensor_combined__struct.hpp\n'}
[1.890826] (px4_msgs) StdoutLine: {'line': b'-- Up-to-date symlink: /home/maxim/super_ws/install/px4_msgs/include/px4_msgs/px4_msgs/msg/detail/sensor_combined__traits.hpp\n'}
[1.890904] (px4_msgs) StdoutLine: {'line': b'-- Up-to-date symlink: /home/maxim/super_ws/install/px4_msgs/include/px4_msgs/px4_msgs/msg/detail/sensor_combined__type_support.hpp\n'}
[1.890981] (px4_msgs) StdoutLine: {'line': b'-- Up-to-date symlink: /home/maxim/super_ws/install/px4_msgs/include/px4_msgs/px4_msgs/msg/detail/sensor_correction__builder.hpp\n'}
[1.891062] (px4_msgs) StdoutLine: {'line': b'-- Up-to-date symlink: /home/maxim/super_ws/install/px4_msgs/include/px4_msgs/px4_msgs/msg/detail/sensor_correction__struct.hpp\n'}
[1.891140] (px4_msgs) StdoutLine: {'line': b'-- Up-to-date symlink: /home/maxim/super_ws/install/px4_msgs/include/px4_msgs/px4_msgs/msg/detail/sensor_correction__traits.hpp\n'}
[1.891219] (px4_msgs) StdoutLine: {'line': b'-- Up-to-date symlink: /home/maxim/super_ws/install/px4_msgs/include/px4_msgs/px4_msgs/msg/detail/sensor_correction__type_support.hpp\n'}
[1.891295] (px4_msgs) StdoutLine: {'line': b'-- Up-to-date symlink: /home/maxim/super_ws/install/px4_msgs/include/px4_msgs/px4_msgs/msg/detail/sensor_gnss_relative__builder.hpp\n'}
[1.891373] (px4_msgs) StdoutLine: {'line': b'-- Up-to-date symlink: /home/maxim/super_ws/install/px4_msgs/include/px4_msgs/px4_msgs/msg/detail/sensor_gnss_relative__struct.hpp\n'}
[1.891456] (px4_msgs) StdoutLine: {'line': b'-- Up-to-date symlink: /home/maxim/super_ws/install/px4_msgs/include/px4_msgs/px4_msgs/msg/detail/sensor_gnss_relative__traits.hpp\n'}
[1.891531] (px4_msgs) StdoutLine: {'line': b'-- Up-to-date symlink: /home/maxim/super_ws/install/px4_msgs/include/px4_msgs/px4_msgs/msg/detail/sensor_gnss_relative__type_support.hpp\n'}
[1.891610] (px4_msgs) StdoutLine: {'line': b'-- Up-to-date symlink: /home/maxim/super_ws/install/px4_msgs/include/px4_msgs/px4_msgs/msg/detail/sensor_gnss_status__builder.hpp\n'}
[1.891686] (px4_msgs) StdoutLine: {'line': b'-- Up-to-date symlink: /home/maxim/super_ws/install/px4_msgs/include/px4_msgs/px4_msgs/msg/detail/sensor_gnss_status__struct.hpp\n'}
[1.891763] (px4_msgs) StdoutLine: {'line': b'-- Up-to-date symlink: /home/maxim/super_ws/install/px4_msgs/include/px4_msgs/px4_msgs/msg/detail/sensor_gnss_status__traits.hpp\n'}
[1.891840] (px4_msgs) StdoutLine: {'line': b'-- Up-to-date symlink: /home/maxim/super_ws/install/px4_msgs/include/px4_msgs/px4_msgs/msg/detail/sensor_gnss_status__type_support.hpp\n'}
[1.891919] (px4_msgs) StdoutLine: {'line': b'-- Up-to-date symlink: /home/maxim/super_ws/install/px4_msgs/include/px4_msgs/px4_msgs/msg/detail/sensor_gps__builder.hpp\n'}
[1.891997] (px4_msgs) StdoutLine: {'line': b'-- Up-to-date symlink: /home/maxim/super_ws/install/px4_msgs/include/px4_msgs/px4_msgs/msg/detail/sensor_gps__struct.hpp\n'}
[1.892074] (px4_msgs) StdoutLine: {'line': b'-- Up-to-date symlink: /home/maxim/super_ws/install/px4_msgs/include/px4_msgs/px4_msgs/msg/detail/sensor_gps__traits.hpp\n'}
[1.892152] (px4_msgs) StdoutLine: {'line': b'-- Up-to-date symlink: /home/maxim/super_ws/install/px4_msgs/include/px4_msgs/px4_msgs/msg/detail/sensor_gps__type_support.hpp\n'}
[1.892230] (px4_msgs) StdoutLine: {'line': b'-- Up-to-date symlink: /home/maxim/super_ws/install/px4_msgs/include/px4_msgs/px4_msgs/msg/detail/sensor_gyro__builder.hpp\n'}
[1.892308] (px4_msgs) StdoutLine: {'line': b'-- Up-to-date symlink: /home/maxim/super_ws/install/px4_msgs/include/px4_msgs/px4_msgs/msg/detail/sensor_gyro__struct.hpp\n'}
[1.892390] (px4_msgs) StdoutLine: {'line': b'-- Up-to-date symlink: /home/maxim/super_ws/install/px4_msgs/include/px4_msgs/px4_msgs/msg/detail/sensor_gyro__traits.hpp\n'}
[1.892470] (px4_msgs) StdoutLine: {'line': b'-- Up-to-date symlink: /home/maxim/super_ws/install/px4_msgs/include/px4_msgs/px4_msgs/msg/detail/sensor_gyro__type_support.hpp\n'}
[1.892546] (px4_msgs) StdoutLine: {'line': b'-- Up-to-date symlink: /home/maxim/super_ws/install/px4_msgs/include/px4_msgs/px4_msgs/msg/detail/sensor_gyro_fft__builder.hpp\n'}
[1.892623] (px4_msgs) StdoutLine: {'line': b'-- Up-to-date symlink: /home/maxim/super_ws/install/px4_msgs/include/px4_msgs/px4_msgs/msg/detail/sensor_gyro_fft__struct.hpp\n'}
[1.892701] (px4_msgs) StdoutLine: {'line': b'-- Up-to-date symlink: /home/maxim/super_ws/install/px4_msgs/include/px4_msgs/px4_msgs/msg/detail/sensor_gyro_fft__traits.hpp\n'}
[1.892779] (px4_msgs) StdoutLine: {'line': b'-- Up-to-date symlink: /home/maxim/super_ws/install/px4_msgs/include/px4_msgs/px4_msgs/msg/detail/sensor_gyro_fft__type_support.hpp\n'}
[1.892863] (px4_msgs) StdoutLine: {'line': b'-- Up-to-date symlink: /home/maxim/super_ws/install/px4_msgs/include/px4_msgs/px4_msgs/msg/detail/sensor_gyro_fifo__builder.hpp\n'}
[1.892941] (px4_msgs) StdoutLine: {'line': b'-- Up-to-date symlink: /home/maxim/super_ws/install/px4_msgs/include/px4_msgs/px4_msgs/msg/detail/sensor_gyro_fifo__struct.hpp\n'}
[1.893043] (px4_msgs) StdoutLine: {'line': b'-- Up-to-date symlink: /home/maxim/super_ws/install/px4_msgs/include/px4_msgs/px4_msgs/msg/detail/sensor_gyro_fifo__traits.hpp\n'}
[1.893119] (px4_msgs) StdoutLine: {'line': b'-- Up-to-date symlink: /home/maxim/super_ws/install/px4_msgs/include/px4_msgs/px4_msgs/msg/detail/sensor_gyro_fifo__type_support.hpp\n'}
[1.893196] (px4_msgs) StdoutLine: {'line': b'-- Up-to-date symlink: /home/maxim/super_ws/install/px4_msgs/include/px4_msgs/px4_msgs/msg/detail/sensor_hygrometer__builder.hpp\n'}
[1.893268] (px4_msgs) StdoutLine: {'line': b'-- Up-to-date symlink: /home/maxim/super_ws/install/px4_msgs/include/px4_msgs/px4_msgs/msg/detail/sensor_hygrometer__struct.hpp\n'}
[1.893341] (px4_msgs) StdoutLine: {'line': b'-- Up-to-date symlink: /home/maxim/super_ws/install/px4_msgs/include/px4_msgs/px4_msgs/msg/detail/sensor_hygrometer__traits.hpp\n'}
[1.893444] (px4_msgs) StdoutLine: {'line': b'-- Up-to-date symlink: /home/maxim/super_ws/install/px4_msgs/include/px4_msgs/px4_msgs/msg/detail/sensor_hygrometer__type_support.hpp\n'}
[1.893519] (px4_msgs) StdoutLine: {'line': b'-- Up-to-date symlink: /home/maxim/super_ws/install/px4_msgs/include/px4_msgs/px4_msgs/msg/detail/sensor_mag__builder.hpp\n'}
[1.893601] (px4_msgs) StdoutLine: {'line': b'-- Up-to-date symlink: /home/maxim/super_ws/install/px4_msgs/include/px4_msgs/px4_msgs/msg/detail/sensor_mag__struct.hpp\n'}
[1.893676] (px4_msgs) StdoutLine: {'line': b'-- Up-to-date symlink: /home/maxim/super_ws/install/px4_msgs/include/px4_msgs/px4_msgs/msg/detail/sensor_mag__traits.hpp\n'}
[1.893797] (px4_msgs) StdoutLine: {'line': b'-- Up-to-date symlink: /home/maxim/super_ws/install/px4_msgs/include/px4_msgs/px4_msgs/msg/detail/sensor_mag__type_support.hpp\n'}
[1.893874] (px4_msgs) StdoutLine: {'line': b'-- Up-to-date symlink: /home/maxim/super_ws/install/px4_msgs/include/px4_msgs/px4_msgs/msg/detail/sensor_optical_flow__builder.hpp\n'}
[1.893958] (px4_msgs) StdoutLine: {'line': b'-- Up-to-date symlink: /home/maxim/super_ws/install/px4_msgs/include/px4_msgs/px4_msgs/msg/detail/sensor_optical_flow__struct.hpp\n'}
[1.894042] (px4_msgs) StdoutLine: {'line': b'-- Up-to-date symlink: /home/maxim/super_ws/install/px4_msgs/include/px4_msgs/px4_msgs/msg/detail/sensor_optical_flow__traits.hpp\n'}
[1.894101] (px4_msgs) StdoutLine: {'line': b'-- Up-to-date symlink: /home/maxim/super_ws/install/px4_msgs/include/px4_msgs/px4_msgs/msg/detail/sensor_optical_flow__type_support.hpp\n'}
[1.894188] (px4_msgs) StdoutLine: {'line': b'-- Up-to-date symlink: /home/maxim/super_ws/install/px4_msgs/include/px4_msgs/px4_msgs/msg/detail/sensor_preflight_mag__builder.hpp\n'}
[1.894263] (px4_msgs) StdoutLine: {'line': b'-- Up-to-date symlink: /home/maxim/super_ws/install/px4_msgs/include/px4_msgs/px4_msgs/msg/detail/sensor_preflight_mag__struct.hpp\n'}
[1.894341] (px4_msgs) StdoutLine: {'line': b'-- Up-to-date symlink: /home/maxim/super_ws/install/px4_msgs/include/px4_msgs/px4_msgs/msg/detail/sensor_preflight_mag__traits.hpp\n'}
[1.894418] (px4_msgs) StdoutLine: {'line': b'-- Up-to-date symlink: /home/maxim/super_ws/install/px4_msgs/include/px4_msgs/px4_msgs/msg/detail/sensor_preflight_mag__type_support.hpp\n'}
[1.894489] (px4_msgs) StdoutLine: {'line': b'-- Up-to-date symlink: /home/maxim/super_ws/install/px4_msgs/include/px4_msgs/px4_msgs/msg/detail/sensor_selection__builder.hpp\n'}
[1.894566] (px4_msgs) StdoutLine: {'line': b'-- Up-to-date symlink: /home/maxim/super_ws/install/px4_msgs/include/px4_msgs/px4_msgs/msg/detail/sensor_selection__struct.hpp\n'}
[1.894650] (px4_msgs) StdoutLine: {'line': b'-- Up-to-date symlink: /home/maxim/super_ws/install/px4_msgs/include/px4_msgs/px4_msgs/msg/detail/sensor_selection__traits.hpp\n'}
[1.894724] (px4_msgs) StdoutLine: {'line': b'-- Up-to-date symlink: /home/maxim/super_ws/install/px4_msgs/include/px4_msgs/px4_msgs/msg/detail/sensor_selection__type_support.hpp\n'}
[1.894794] (px4_msgs) StdoutLine: {'line': b'-- Up-to-date symlink: /home/maxim/super_ws/install/px4_msgs/include/px4_msgs/px4_msgs/msg/detail/sensor_temp__builder.hpp\n'}
[1.894871] (px4_msgs) StdoutLine: {'line': b'-- Up-to-date symlink: /home/maxim/super_ws/install/px4_msgs/include/px4_msgs/px4_msgs/msg/detail/sensor_temp__struct.hpp\n'}
[1.894943] (px4_msgs) StdoutLine: {'line': b'-- Up-to-date symlink: /home/maxim/super_ws/install/px4_msgs/include/px4_msgs/px4_msgs/msg/detail/sensor_temp__traits.hpp\n'}
[1.895014] (px4_msgs) StdoutLine: {'line': b'-- Up-to-date symlink: /home/maxim/super_ws/install/px4_msgs/include/px4_msgs/px4_msgs/msg/detail/sensor_temp__type_support.hpp\n'}
[1.895086] (px4_msgs) StdoutLine: {'line': b'-- Up-to-date symlink: /home/maxim/super_ws/install/px4_msgs/include/px4_msgs/px4_msgs/msg/detail/sensor_uwb__builder.hpp\n'}
[1.895156] (px4_msgs) StdoutLine: {'line': b'-- Up-to-date symlink: /home/maxim/super_ws/install/px4_msgs/include/px4_msgs/px4_msgs/msg/detail/sensor_uwb__struct.hpp\n'}
[1.895232] (px4_msgs) StdoutLine: {'line': b'-- Up-to-date symlink: /home/maxim/super_ws/install/px4_msgs/include/px4_msgs/px4_msgs/msg/detail/sensor_uwb__traits.hpp\n'}
[1.895302] (px4_msgs) StdoutLine: {'line': b'-- Up-to-date symlink: /home/maxim/super_ws/install/px4_msgs/include/px4_msgs/px4_msgs/msg/detail/sensor_uwb__type_support.hpp\n'}
[1.895374] (px4_msgs) StdoutLine: {'line': b'-- Up-to-date symlink: /home/maxim/super_ws/install/px4_msgs/include/px4_msgs/px4_msgs/msg/detail/sensors_status__builder.hpp\n'}
[1.895443] (px4_msgs) StdoutLine: {'line': b'-- Up-to-date symlink: /home/maxim/super_ws/install/px4_msgs/include/px4_msgs/px4_msgs/msg/detail/sensors_status__struct.hpp\n'}
[1.895557] (px4_msgs) StdoutLine: {'line': b'-- Up-to-date symlink: /home/maxim/super_ws/install/px4_msgs/include/px4_msgs/px4_msgs/msg/detail/sensors_status__traits.hpp\n'}
[1.895636] (px4_msgs) StdoutLine: {'line': b'-- Up-to-date symlink: /home/maxim/super_ws/install/px4_msgs/include/px4_msgs/px4_msgs/msg/detail/sensors_status__type_support.hpp\n'}
[1.895713] (px4_msgs) StdoutLine: {'line': b'-- Up-to-date symlink: /home/maxim/super_ws/install/px4_msgs/include/px4_msgs/px4_msgs/msg/detail/sensors_status_imu__builder.hpp\n'}
[1.895785] (px4_msgs) StdoutLine: {'line': b'-- Up-to-date symlink: /home/maxim/super_ws/install/px4_msgs/include/px4_msgs/px4_msgs/msg/detail/sensors_status_imu__struct.hpp\n'}
[1.895858] (px4_msgs) StdoutLine: {'line': b'-- Up-to-date symlink: /home/maxim/super_ws/install/px4_msgs/include/px4_msgs/px4_msgs/msg/detail/sensors_status_imu__traits.hpp\n'}
[1.895931] (px4_msgs) StdoutLine: {'line': b'-- Up-to-date symlink: /home/maxim/super_ws/install/px4_msgs/include/px4_msgs/px4_msgs/msg/detail/sensors_status_imu__type_support.hpp\n'}
[1.896005] (px4_msgs) StdoutLine: {'line': b'-- Up-to-date symlink: /home/maxim/super_ws/install/px4_msgs/include/px4_msgs/px4_msgs/msg/detail/system_power__builder.hpp\n'}
[1.896080] (px4_msgs) StdoutLine: {'line': b'-- Up-to-date symlink: /home/maxim/super_ws/install/px4_msgs/include/px4_msgs/px4_msgs/msg/detail/system_power__struct.hpp\n'}
[1.896149] (px4_msgs) StdoutLine: {'line': b'-- Up-to-date symlink: /home/maxim/super_ws/install/px4_msgs/include/px4_msgs/px4_msgs/msg/detail/system_power__traits.hpp\n'}
[1.896218] (px4_msgs) StdoutLine: {'line': b'-- Up-to-date symlink: /home/maxim/super_ws/install/px4_msgs/include/px4_msgs/px4_msgs/msg/detail/system_power__type_support.hpp\n'}
[1.896298] (px4_msgs) StdoutLine: {'line': b'-- Up-to-date symlink: /home/maxim/super_ws/install/px4_msgs/include/px4_msgs/px4_msgs/msg/detail/takeoff_status__builder.hpp\n'}
[1.896375] (px4_msgs) StdoutLine: {'line': b'-- Up-to-date symlink: /home/maxim/super_ws/install/px4_msgs/include/px4_msgs/px4_msgs/msg/detail/takeoff_status__struct.hpp\n'}
[1.896457] (px4_msgs) StdoutLine: {'line': b'-- Up-to-date symlink: /home/maxim/super_ws/install/px4_msgs/include/px4_msgs/px4_msgs/msg/detail/takeoff_status__traits.hpp\n'}
[1.896535] (px4_msgs) StdoutLine: {'line': b'-- Up-to-date symlink: /home/maxim/super_ws/install/px4_msgs/include/px4_msgs/px4_msgs/msg/detail/takeoff_status__type_support.hpp\n'}
[1.896613] (px4_msgs) StdoutLine: {'line': b'-- Up-to-date symlink: /home/maxim/super_ws/install/px4_msgs/include/px4_msgs/px4_msgs/msg/detail/target_gnss__builder.hpp\n'}
[1.896692] (px4_msgs) StdoutLine: {'line': b'-- Up-to-date symlink: /home/maxim/super_ws/install/px4_msgs/include/px4_msgs/px4_msgs/msg/detail/target_gnss__struct.hpp\n'}
[1.896769] (px4_msgs) StdoutLine: {'line': b'-- Up-to-date symlink: /home/maxim/super_ws/install/px4_msgs/include/px4_msgs/px4_msgs/msg/detail/target_gnss__traits.hpp\n'}
[1.896847] (px4_msgs) StdoutLine: {'line': b'-- Up-to-date symlink: /home/maxim/super_ws/install/px4_msgs/include/px4_msgs/px4_msgs/msg/detail/target_gnss__type_support.hpp\n'}
[1.896925] (px4_msgs) StdoutLine: {'line': b'-- Up-to-date symlink: /home/maxim/super_ws/install/px4_msgs/include/px4_msgs/px4_msgs/msg/detail/task_stack_info__builder.hpp\n'}
[1.897003] (px4_msgs) StdoutLine: {'line': b'-- Up-to-date symlink: /home/maxim/super_ws/install/px4_msgs/include/px4_msgs/px4_msgs/msg/detail/task_stack_info__struct.hpp\n'}
[1.897080] (px4_msgs) StdoutLine: {'line': b'-- Up-to-date symlink: /home/maxim/super_ws/install/px4_msgs/include/px4_msgs/px4_msgs/msg/detail/task_stack_info__traits.hpp\n'}
[1.897162] (px4_msgs) StdoutLine: {'line': b'-- Up-to-date symlink: /home/maxim/super_ws/install/px4_msgs/include/px4_msgs/px4_msgs/msg/detail/task_stack_info__type_support.hpp\n'}
[1.897240] (px4_msgs) StdoutLine: {'line': b'-- Up-to-date symlink: /home/maxim/super_ws/install/px4_msgs/include/px4_msgs/px4_msgs/msg/detail/tecs_status__builder.hpp\n'}
[1.897318] (px4_msgs) StdoutLine: {'line': b'-- Up-to-date symlink: /home/maxim/super_ws/install/px4_msgs/include/px4_msgs/px4_msgs/msg/detail/tecs_status__struct.hpp\n'}
[1.897400] (px4_msgs) StdoutLine: {'line': b'-- Up-to-date symlink: /home/maxim/super_ws/install/px4_msgs/include/px4_msgs/px4_msgs/msg/detail/tecs_status__traits.hpp\n'}
[1.897479] (px4_msgs) StdoutLine: {'line': b'-- Up-to-date symlink: /home/maxim/super_ws/install/px4_msgs/include/px4_msgs/px4_msgs/msg/detail/tecs_status__type_support.hpp\n'}
[1.897558] (px4_msgs) StdoutLine: {'line': b'-- Up-to-date symlink: /home/maxim/super_ws/install/px4_msgs/include/px4_msgs/px4_msgs/msg/detail/telemetry_status__builder.hpp\n'}
[1.897634] (px4_msgs) StdoutLine: {'line': b'-- Up-to-date symlink: /home/maxim/super_ws/install/px4_msgs/include/px4_msgs/px4_msgs/msg/detail/telemetry_status__struct.hpp\n'}
[1.897715] (px4_msgs) StdoutLine: {'line': b'-- Up-to-date symlink: /home/maxim/super_ws/install/px4_msgs/include/px4_msgs/px4_msgs/msg/detail/telemetry_status__traits.hpp\n'}
[1.897791] (px4_msgs) StdoutLine: {'line': b'-- Up-to-date symlink: /home/maxim/super_ws/install/px4_msgs/include/px4_msgs/px4_msgs/msg/detail/telemetry_status__type_support.hpp\n'}
[1.897867] (px4_msgs) StdoutLine: {'line': b'-- Up-to-date symlink: /home/maxim/super_ws/install/px4_msgs/include/px4_msgs/px4_msgs/msg/detail/tiltrotor_extra_controls__builder.hpp\n'}
[1.897945] (px4_msgs) StdoutLine: {'line': b'-- Up-to-date symlink: /home/maxim/super_ws/install/px4_msgs/include/px4_msgs/px4_msgs/msg/detail/tiltrotor_extra_controls__struct.hpp\n'}
[1.898023] (px4_msgs) StdoutLine: {'line': b'-- Up-to-date symlink: /home/maxim/super_ws/install/px4_msgs/include/px4_msgs/px4_msgs/msg/detail/tiltrotor_extra_controls__traits.hpp\n'}
[1.898101] (px4_msgs) StdoutLine: {'line': b'-- Up-to-date symlink: /home/maxim/super_ws/install/px4_msgs/include/px4_msgs/px4_msgs/msg/detail/tiltrotor_extra_controls__type_support.hpp\n'}
[1.898178] (px4_msgs) StdoutLine: {'line': b'-- Up-to-date symlink: /home/maxim/super_ws/install/px4_msgs/include/px4_msgs/px4_msgs/msg/detail/timesync_status__builder.hpp\n'}
[1.898256] (px4_msgs) StdoutLine: {'line': b'-- Up-to-date symlink: /home/maxim/super_ws/install/px4_msgs/include/px4_msgs/px4_msgs/msg/detail/timesync_status__struct.hpp\n'}
[1.898334] (px4_msgs) StdoutLine: {'line': b'-- Up-to-date symlink: /home/maxim/super_ws/install/px4_msgs/include/px4_msgs/px4_msgs/msg/detail/timesync_status__traits.hpp\n'}
[1.898417] (px4_msgs) StdoutLine: {'line': b'-- Up-to-date symlink: /home/maxim/super_ws/install/px4_msgs/include/px4_msgs/px4_msgs/msg/detail/timesync_status__type_support.hpp\n'}
[1.898497] (px4_msgs) StdoutLine: {'line': b'-- Up-to-date symlink: /home/maxim/super_ws/install/px4_msgs/include/px4_msgs/px4_msgs/msg/detail/trajectory_setpoint6dof__builder.hpp\n'}
[1.898573] (px4_msgs) StdoutLine: {'line': b'-- Up-to-date symlink: /home/maxim/super_ws/install/px4_msgs/include/px4_msgs/px4_msgs/msg/detail/trajectory_setpoint6dof__struct.hpp\n'}
[1.898650] (px4_msgs) StdoutLine: {'line': b'-- Up-to-date symlink: /home/maxim/super_ws/install/px4_msgs/include/px4_msgs/px4_msgs/msg/detail/trajectory_setpoint6dof__traits.hpp\n'}
[1.898727] (px4_msgs) StdoutLine: {'line': b'-- Up-to-date symlink: /home/maxim/super_ws/install/px4_msgs/include/px4_msgs/px4_msgs/msg/detail/trajectory_setpoint6dof__type_support.hpp\n'}
[1.898804] (px4_msgs) StdoutLine: {'line': b'-- Up-to-date symlink: /home/maxim/super_ws/install/px4_msgs/include/px4_msgs/px4_msgs/msg/detail/trajectory_setpoint__builder.hpp\n'}
[1.898881] (px4_msgs) StdoutLine: {'line': b'-- Up-to-date symlink: /home/maxim/super_ws/install/px4_msgs/include/px4_msgs/px4_msgs/msg/detail/trajectory_setpoint__struct.hpp\n'}
[1.898958] (px4_msgs) StdoutLine: {'line': b'-- Up-to-date symlink: /home/maxim/super_ws/install/px4_msgs/include/px4_msgs/px4_msgs/msg/detail/trajectory_setpoint__traits.hpp\n'}
[1.899036] (px4_msgs) StdoutLine: {'line': b'-- Up-to-date symlink: /home/maxim/super_ws/install/px4_msgs/include/px4_msgs/px4_msgs/msg/detail/trajectory_setpoint__type_support.hpp\n'}
[1.899113] (px4_msgs) StdoutLine: {'line': b'-- Up-to-date symlink: /home/maxim/super_ws/install/px4_msgs/include/px4_msgs/px4_msgs/msg/detail/transponder_report__builder.hpp\n'}
[1.899198] (px4_msgs) StdoutLine: {'line': b'-- Up-to-date symlink: /home/maxim/super_ws/install/px4_msgs/include/px4_msgs/px4_msgs/msg/detail/transponder_report__struct.hpp\n'}
[1.899308] (px4_msgs) StdoutLine: {'line': b'-- Up-to-date symlink: /home/maxim/super_ws/install/px4_msgs/include/px4_msgs/px4_msgs/msg/detail/transponder_report__traits.hpp\n'}
[1.899390] (px4_msgs) StdoutLine: {'line': b'-- Up-to-date symlink: /home/maxim/super_ws/install/px4_msgs/include/px4_msgs/px4_msgs/msg/detail/transponder_report__type_support.hpp\n'}
[1.899475] (px4_msgs) StdoutLine: {'line': b'-- Up-to-date symlink: /home/maxim/super_ws/install/px4_msgs/include/px4_msgs/px4_msgs/msg/detail/tune_control__builder.hpp\n'}
[1.899555] (px4_msgs) StdoutLine: {'line': b'-- Up-to-date symlink: /home/maxim/super_ws/install/px4_msgs/include/px4_msgs/px4_msgs/msg/detail/tune_control__struct.hpp\n'}
[1.899629] (px4_msgs) StdoutLine: {'line': b'-- Up-to-date symlink: /home/maxim/super_ws/install/px4_msgs/include/px4_msgs/px4_msgs/msg/detail/tune_control__traits.hpp\n'}
[1.899697] (px4_msgs) StdoutLine: {'line': b'-- Up-to-date symlink: /home/maxim/super_ws/install/px4_msgs/include/px4_msgs/px4_msgs/msg/detail/tune_control__type_support.hpp\n'}
[1.899762] (px4_msgs) StdoutLine: {'line': b'-- Up-to-date symlink: /home/maxim/super_ws/install/px4_msgs/include/px4_msgs/px4_msgs/msg/detail/uavcan_parameter_request__builder.hpp\n'}
[1.899826] (px4_msgs) StdoutLine: {'line': b'-- Up-to-date symlink: /home/maxim/super_ws/install/px4_msgs/include/px4_msgs/px4_msgs/msg/detail/uavcan_parameter_request__struct.hpp\n'}
[1.899898] (px4_msgs) StdoutLine: {'line': b'-- Up-to-date symlink: /home/maxim/super_ws/install/px4_msgs/include/px4_msgs/px4_msgs/msg/detail/uavcan_parameter_request__traits.hpp\n'}
[1.900015] (px4_msgs) StdoutLine: {'line': b'-- Up-to-date symlink: /home/maxim/super_ws/install/px4_msgs/include/px4_msgs/px4_msgs/msg/detail/uavcan_parameter_request__type_support.hpp\n'}
[1.900087] (px4_msgs) StdoutLine: {'line': b'-- Up-to-date symlink: /home/maxim/super_ws/install/px4_msgs/include/px4_msgs/px4_msgs/msg/detail/uavcan_parameter_value__builder.hpp\n'}
[1.900164] (px4_msgs) StdoutLine: {'line': b'-- Up-to-date symlink: /home/maxim/super_ws/install/px4_msgs/include/px4_msgs/px4_msgs/msg/detail/uavcan_parameter_value__struct.hpp\n'}
[1.900234] (px4_msgs) StdoutLine: {'line': b'-- Up-to-date symlink: /home/maxim/super_ws/install/px4_msgs/include/px4_msgs/px4_msgs/msg/detail/uavcan_parameter_value__traits.hpp\n'}
[1.900311] (px4_msgs) StdoutLine: {'line': b'-- Up-to-date symlink: /home/maxim/super_ws/install/px4_msgs/include/px4_msgs/px4_msgs/msg/detail/uavcan_parameter_value__type_support.hpp\n'}
[1.900389] (px4_msgs) StdoutLine: {'line': b'-- Up-to-date symlink: /home/maxim/super_ws/install/px4_msgs/include/px4_msgs/px4_msgs/msg/detail/ulog_stream__builder.hpp\n'}
[1.900459] (px4_msgs) StdoutLine: {'line': b'-- Up-to-date symlink: /home/maxim/super_ws/install/px4_msgs/include/px4_msgs/px4_msgs/msg/detail/ulog_stream__struct.hpp\n'}
[1.900530] (px4_msgs) StdoutLine: {'line': b'-- Up-to-date symlink: /home/maxim/super_ws/install/px4_msgs/include/px4_msgs/px4_msgs/msg/detail/ulog_stream__traits.hpp\n'}
[1.900647] (px4_msgs) StdoutLine: {'line': b'-- Up-to-date symlink: /home/maxim/super_ws/install/px4_msgs/include/px4_msgs/px4_msgs/msg/detail/ulog_stream__type_support.hpp\n'}
[1.900732] (px4_msgs) StdoutLine: {'line': b'-- Up-to-date symlink: /home/maxim/super_ws/install/px4_msgs/include/px4_msgs/px4_msgs/msg/detail/ulog_stream_ack__builder.hpp\n'}
[1.900808] (px4_msgs) StdoutLine: {'line': b'-- Up-to-date symlink: /home/maxim/super_ws/install/px4_msgs/include/px4_msgs/px4_msgs/msg/detail/ulog_stream_ack__struct.hpp\n'}
[1.900881] (px4_msgs) StdoutLine: {'line': b'-- Up-to-date symlink: /home/maxim/super_ws/install/px4_msgs/include/px4_msgs/px4_msgs/msg/detail/ulog_stream_ack__traits.hpp\n'}
[1.900948] (px4_msgs) StdoutLine: {'line': b'-- Up-to-date symlink: /home/maxim/super_ws/install/px4_msgs/include/px4_msgs/px4_msgs/msg/detail/ulog_stream_ack__type_support.hpp\n'}
[1.901019] (px4_msgs) StdoutLine: {'line': b'-- Up-to-date symlink: /home/maxim/super_ws/install/px4_msgs/include/px4_msgs/px4_msgs/msg/detail/unregister_ext_component__builder.hpp\n'}
[1.901088] (px4_msgs) StdoutLine: {'line': b'-- Up-to-date symlink: /home/maxim/super_ws/install/px4_msgs/include/px4_msgs/px4_msgs/msg/detail/unregister_ext_component__struct.hpp\n'}
[1.901160] (px4_msgs) StdoutLine: {'line': b'-- Up-to-date symlink: /home/maxim/super_ws/install/px4_msgs/include/px4_msgs/px4_msgs/msg/detail/unregister_ext_component__traits.hpp\n'}
[1.901230] (px4_msgs) StdoutLine: {'line': b'-- Up-to-date symlink: /home/maxim/super_ws/install/px4_msgs/include/px4_msgs/px4_msgs/msg/detail/unregister_ext_component__type_support.hpp\n'}
[1.901307] (px4_msgs) StdoutLine: {'line': b'-- Up-to-date symlink: /home/maxim/super_ws/install/px4_msgs/include/px4_msgs/px4_msgs/msg/detail/vehicle_acceleration__builder.hpp\n'}
[1.901395] (px4_msgs) StdoutLine: {'line': b'-- Up-to-date symlink: /home/maxim/super_ws/install/px4_msgs/include/px4_msgs/px4_msgs/msg/detail/vehicle_acceleration__struct.hpp\n'}
[1.901508] (px4_msgs) StdoutLine: {'line': b'-- Up-to-date symlink: /home/maxim/super_ws/install/px4_msgs/include/px4_msgs/px4_msgs/msg/detail/vehicle_acceleration__traits.hpp\n'}
[1.901588] (px4_msgs) StdoutLine: {'line': b'-- Up-to-date symlink: /home/maxim/super_ws/install/px4_msgs/include/px4_msgs/px4_msgs/msg/detail/vehicle_acceleration__type_support.hpp\n'}
[1.901668] (px4_msgs) StdoutLine: {'line': b'-- Up-to-date symlink: /home/maxim/super_ws/install/px4_msgs/include/px4_msgs/px4_msgs/msg/detail/vehicle_air_data__builder.hpp\n'}
[1.901743] (px4_msgs) StdoutLine: {'line': b'-- Up-to-date symlink: /home/maxim/super_ws/install/px4_msgs/include/px4_msgs/px4_msgs/msg/detail/vehicle_air_data__struct.hpp\n'}
[1.901811] (px4_msgs) StdoutLine: {'line': b'-- Up-to-date symlink: /home/maxim/super_ws/install/px4_msgs/include/px4_msgs/px4_msgs/msg/detail/vehicle_air_data__traits.hpp\n'}
[1.901879] (px4_msgs) StdoutLine: {'line': b'-- Up-to-date symlink: /home/maxim/super_ws/install/px4_msgs/include/px4_msgs/px4_msgs/msg/detail/vehicle_air_data__type_support.hpp\n'}
[1.901943] (px4_msgs) StdoutLine: {'line': b'-- Up-to-date symlink: /home/maxim/super_ws/install/px4_msgs/include/px4_msgs/px4_msgs/msg/detail/vehicle_angular_acceleration_setpoint__builder.hpp\n'}
[1.902056] (px4_msgs) StdoutLine: {'line': b'-- Up-to-date symlink: /home/maxim/super_ws/install/px4_msgs/include/px4_msgs/px4_msgs/msg/detail/vehicle_angular_acceleration_setpoint__struct.hpp\n'}
[1.902140] (px4_msgs) StdoutLine: {'line': b'-- Up-to-date symlink: /home/maxim/super_ws/install/px4_msgs/include/px4_msgs/px4_msgs/msg/detail/vehicle_angular_acceleration_setpoint__traits.hpp\n'}
[1.902239] (px4_msgs) StdoutLine: {'line': b'-- Up-to-date symlink: /home/maxim/super_ws/install/px4_msgs/include/px4_msgs/px4_msgs/msg/detail/vehicle_angular_acceleration_setpoint__type_support.hpp\n'}
[1.902309] (px4_msgs) StdoutLine: {'line': b'-- Up-to-date symlink: /home/maxim/super_ws/install/px4_msgs/include/px4_msgs/px4_msgs/msg/detail/vehicle_angular_velocity__builder.hpp\n'}
[1.902380] (px4_msgs) StdoutLine: {'line': b'-- Up-to-date symlink: /home/maxim/super_ws/install/px4_msgs/include/px4_msgs/px4_msgs/msg/detail/vehicle_angular_velocity__struct.hpp\n'}
[1.902454] (px4_msgs) StdoutLine: {'line': b'-- Up-to-date symlink: /home/maxim/super_ws/install/px4_msgs/include/px4_msgs/px4_msgs/msg/detail/vehicle_angular_velocity__traits.hpp\n'}
[1.902526] (px4_msgs) StdoutLine: {'line': b'-- Up-to-date symlink: /home/maxim/super_ws/install/px4_msgs/include/px4_msgs/px4_msgs/msg/detail/vehicle_angular_velocity__type_support.hpp\n'}
[1.902600] (px4_msgs) StdoutLine: {'line': b'-- Up-to-date symlink: /home/maxim/super_ws/install/px4_msgs/include/px4_msgs/px4_msgs/msg/detail/vehicle_attitude__builder.hpp\n'}
[1.902667] (-) TimerEvent: {}
[1.902726] (px4_msgs) StdoutLine: {'line': b'-- Up-to-date symlink: /home/maxim/super_ws/install/px4_msgs/include/px4_msgs/px4_msgs/msg/detail/vehicle_attitude__struct.hpp\n'}
[1.902800] (px4_msgs) StdoutLine: {'line': b'-- Up-to-date symlink: /home/maxim/super_ws/install/px4_msgs/include/px4_msgs/px4_msgs/msg/detail/vehicle_attitude__traits.hpp\n'}
[1.902873] (px4_msgs) StdoutLine: {'line': b'-- Up-to-date symlink: /home/maxim/super_ws/install/px4_msgs/include/px4_msgs/px4_msgs/msg/detail/vehicle_attitude__type_support.hpp\n'}
[1.902943] (px4_msgs) StdoutLine: {'line': b'-- Up-to-date symlink: /home/maxim/super_ws/install/px4_msgs/include/px4_msgs/px4_msgs/msg/detail/vehicle_attitude_setpoint__builder.hpp\n'}
[1.903010] (px4_msgs) StdoutLine: {'line': b'-- Up-to-date symlink: /home/maxim/super_ws/install/px4_msgs/include/px4_msgs/px4_msgs/msg/detail/vehicle_attitude_setpoint__struct.hpp\n'}
[1.903079] (px4_msgs) StdoutLine: {'line': b'-- Up-to-date symlink: /home/maxim/super_ws/install/px4_msgs/include/px4_msgs/px4_msgs/msg/detail/vehicle_attitude_setpoint__traits.hpp\n'}
[1.903161] (px4_msgs) StdoutLine: {'line': b'-- Up-to-date symlink: /home/maxim/super_ws/install/px4_msgs/include/px4_msgs/px4_msgs/msg/detail/vehicle_attitude_setpoint__type_support.hpp\n'}
[1.903239] (px4_msgs) StdoutLine: {'line': b'-- Up-to-date symlink: /home/maxim/super_ws/install/px4_msgs/include/px4_msgs/px4_msgs/msg/detail/vehicle_command__builder.hpp\n'}
[1.903309] (px4_msgs) StdoutLine: {'line': b'-- Up-to-date symlink: /home/maxim/super_ws/install/px4_msgs/include/px4_msgs/px4_msgs/msg/detail/vehicle_command__struct.hpp\n'}
[1.903395] (px4_msgs) StdoutLine: {'line': b'-- Up-to-date symlink: /home/maxim/super_ws/install/px4_msgs/include/px4_msgs/px4_msgs/msg/detail/vehicle_command__traits.hpp\n'}
[1.903518] (px4_msgs) StdoutLine: {'line': b'-- Up-to-date symlink: /home/maxim/super_ws/install/px4_msgs/include/px4_msgs/px4_msgs/msg/detail/vehicle_command__type_support.hpp\n'}
[1.903598] (px4_msgs) StdoutLine: {'line': b'-- Up-to-date symlink: /home/maxim/super_ws/install/px4_msgs/include/px4_msgs/px4_msgs/msg/detail/vehicle_command_ack__builder.hpp\n'}
[1.903671] (px4_msgs) StdoutLine: {'line': b'-- Up-to-date symlink: /home/maxim/super_ws/install/px4_msgs/include/px4_msgs/px4_msgs/msg/detail/vehicle_command_ack__struct.hpp\n'}
[1.903742] (px4_msgs) StdoutLine: {'line': b'-- Up-to-date symlink: /home/maxim/super_ws/install/px4_msgs/include/px4_msgs/px4_msgs/msg/detail/vehicle_command_ack__traits.hpp\n'}
[1.903816] (px4_msgs) StdoutLine: {'line': b'-- Up-to-date symlink: /home/maxim/super_ws/install/px4_msgs/include/px4_msgs/px4_msgs/msg/detail/vehicle_command_ack__type_support.hpp\n'}
[1.903887] (px4_msgs) StdoutLine: {'line': b'-- Up-to-date symlink: /home/maxim/super_ws/install/px4_msgs/include/px4_msgs/px4_msgs/msg/detail/vehicle_constraints__builder.hpp\n'}
[1.903960] (px4_msgs) StdoutLine: {'line': b'-- Up-to-date symlink: /home/maxim/super_ws/install/px4_msgs/include/px4_msgs/px4_msgs/msg/detail/vehicle_constraints__struct.hpp\n'}
[1.904033] (px4_msgs) StdoutLine: {'line': b'-- Up-to-date symlink: /home/maxim/super_ws/install/px4_msgs/include/px4_msgs/px4_msgs/msg/detail/vehicle_constraints__traits.hpp\n'}
[1.904103] (px4_msgs) StdoutLine: {'line': b'-- Up-to-date symlink: /home/maxim/super_ws/install/px4_msgs/include/px4_msgs/px4_msgs/msg/detail/vehicle_constraints__type_support.hpp\n'}
[1.904173] (px4_msgs) StdoutLine: {'line': b'-- Up-to-date symlink: /home/maxim/super_ws/install/px4_msgs/include/px4_msgs/px4_msgs/msg/detail/vehicle_control_mode__builder.hpp\n'}
[1.904239] (px4_msgs) StdoutLine: {'line': b'-- Up-to-date symlink: /home/maxim/super_ws/install/px4_msgs/include/px4_msgs/px4_msgs/msg/detail/vehicle_control_mode__struct.hpp\n'}
[1.904309] (px4_msgs) StdoutLine: {'line': b'-- Up-to-date symlink: /home/maxim/super_ws/install/px4_msgs/include/px4_msgs/px4_msgs/msg/detail/vehicle_control_mode__traits.hpp\n'}
[1.904388] (px4_msgs) StdoutLine: {'line': b'-- Up-to-date symlink: /home/maxim/super_ws/install/px4_msgs/include/px4_msgs/px4_msgs/msg/detail/vehicle_control_mode__type_support.hpp\n'}
[1.904492] (px4_msgs) StdoutLine: {'line': b'-- Up-to-date symlink: /home/maxim/super_ws/install/px4_msgs/include/px4_msgs/px4_msgs/msg/detail/vehicle_global_position__builder.hpp\n'}
[1.904572] (px4_msgs) StdoutLine: {'line': b'-- Up-to-date symlink: /home/maxim/super_ws/install/px4_msgs/include/px4_msgs/px4_msgs/msg/detail/vehicle_global_position__struct.hpp\n'}
[1.904647] (px4_msgs) StdoutLine: {'line': b'-- Up-to-date symlink: /home/maxim/super_ws/install/px4_msgs/include/px4_msgs/px4_msgs/msg/detail/vehicle_global_position__traits.hpp\n'}
[1.904727] (px4_msgs) StdoutLine: {'line': b'-- Up-to-date symlink: /home/maxim/super_ws/install/px4_msgs/include/px4_msgs/px4_msgs/msg/detail/vehicle_global_position__type_support.hpp\n'}
[1.904805] (px4_msgs) StdoutLine: {'line': b'-- Up-to-date symlink: /home/maxim/super_ws/install/px4_msgs/include/px4_msgs/px4_msgs/msg/detail/vehicle_imu__builder.hpp\n'}
[1.904877] (px4_msgs) StdoutLine: {'line': b'-- Up-to-date symlink: /home/maxim/super_ws/install/px4_msgs/include/px4_msgs/px4_msgs/msg/detail/vehicle_imu__struct.hpp\n'}
[1.904949] (px4_msgs) StdoutLine: {'line': b'-- Up-to-date symlink: /home/maxim/super_ws/install/px4_msgs/include/px4_msgs/px4_msgs/msg/detail/vehicle_imu__traits.hpp\n'}
[1.905026] (px4_msgs) StdoutLine: {'line': b'-- Up-to-date symlink: /home/maxim/super_ws/install/px4_msgs/include/px4_msgs/px4_msgs/msg/detail/vehicle_imu__type_support.hpp\n'}
[1.905097] (px4_msgs) StdoutLine: {'line': b'-- Up-to-date symlink: /home/maxim/super_ws/install/px4_msgs/include/px4_msgs/px4_msgs/msg/detail/vehicle_imu_status__builder.hpp\n'}
[1.905180] (px4_msgs) StdoutLine: {'line': b'-- Up-to-date symlink: /home/maxim/super_ws/install/px4_msgs/include/px4_msgs/px4_msgs/msg/detail/vehicle_imu_status__struct.hpp\n'}
[1.905254] (px4_msgs) StdoutLine: {'line': b'-- Up-to-date symlink: /home/maxim/super_ws/install/px4_msgs/include/px4_msgs/px4_msgs/msg/detail/vehicle_imu_status__traits.hpp\n'}
[1.905328] (px4_msgs) StdoutLine: {'line': b'-- Up-to-date symlink: /home/maxim/super_ws/install/px4_msgs/include/px4_msgs/px4_msgs/msg/detail/vehicle_imu_status__type_support.hpp\n'}
[1.905454] (px4_msgs) StdoutLine: {'line': b'-- Up-to-date symlink: /home/maxim/super_ws/install/px4_msgs/include/px4_msgs/px4_msgs/msg/detail/vehicle_land_detected__builder.hpp\n'}
[1.905529] (px4_msgs) StdoutLine: {'line': b'-- Up-to-date symlink: /home/maxim/super_ws/install/px4_msgs/include/px4_msgs/px4_msgs/msg/detail/vehicle_land_detected__struct.hpp\n'}
[1.905607] (px4_msgs) StdoutLine: {'line': b'-- Up-to-date symlink: /home/maxim/super_ws/install/px4_msgs/include/px4_msgs/px4_msgs/msg/detail/vehicle_land_detected__traits.hpp\n'}
[1.905677] (px4_msgs) StdoutLine: {'line': b'-- Up-to-date symlink: /home/maxim/super_ws/install/px4_msgs/include/px4_msgs/px4_msgs/msg/detail/vehicle_land_detected__type_support.hpp\n'}
[1.905748] (px4_msgs) StdoutLine: {'line': b'-- Up-to-date symlink: /home/maxim/super_ws/install/px4_msgs/include/px4_msgs/px4_msgs/msg/detail/vehicle_local_position__builder.hpp\n'}
[1.905823] (px4_msgs) StdoutLine: {'line': b'-- Up-to-date symlink: /home/maxim/super_ws/install/px4_msgs/include/px4_msgs/px4_msgs/msg/detail/vehicle_local_position__struct.hpp\n'}
[1.905898] (px4_msgs) StdoutLine: {'line': b'-- Up-to-date symlink: /home/maxim/super_ws/install/px4_msgs/include/px4_msgs/px4_msgs/msg/detail/vehicle_local_position__traits.hpp\n'}
[1.905972] (px4_msgs) StdoutLine: {'line': b'-- Up-to-date symlink: /home/maxim/super_ws/install/px4_msgs/include/px4_msgs/px4_msgs/msg/detail/vehicle_local_position__type_support.hpp\n'}
[1.906039] (px4_msgs) StdoutLine: {'line': b'-- Up-to-date symlink: /home/maxim/super_ws/install/px4_msgs/include/px4_msgs/px4_msgs/msg/detail/vehicle_local_position_setpoint__builder.hpp\n'}
[1.906110] (px4_msgs) StdoutLine: {'line': b'-- Up-to-date symlink: /home/maxim/super_ws/install/px4_msgs/include/px4_msgs/px4_msgs/msg/detail/vehicle_local_position_setpoint__struct.hpp\n'}
[1.906187] (px4_msgs) StdoutLine: {'line': b'-- Up-to-date symlink: /home/maxim/super_ws/install/px4_msgs/include/px4_msgs/px4_msgs/msg/detail/vehicle_local_position_setpoint__traits.hpp\n'}
[1.906266] (px4_msgs) StdoutLine: {'line': b'-- Up-to-date symlink: /home/maxim/super_ws/install/px4_msgs/include/px4_msgs/px4_msgs/msg/detail/vehicle_local_position_setpoint__type_support.hpp\n'}
[1.906349] (px4_msgs) StdoutLine: {'line': b'-- Up-to-date symlink: /home/maxim/super_ws/install/px4_msgs/include/px4_msgs/px4_msgs/msg/detail/vehicle_magnetometer__builder.hpp\n'}
[1.906462] (px4_msgs) StdoutLine: {'line': b'-- Up-to-date symlink: /home/maxim/super_ws/install/px4_msgs/include/px4_msgs/px4_msgs/msg/detail/vehicle_magnetometer__struct.hpp\n'}
[1.906533] (px4_msgs) StdoutLine: {'line': b'-- Up-to-date symlink: /home/maxim/super_ws/install/px4_msgs/include/px4_msgs/px4_msgs/msg/detail/vehicle_magnetometer__traits.hpp\n'}
[1.906627] (px4_msgs) StdoutLine: {'line': b'-- Up-to-date symlink: /home/maxim/super_ws/install/px4_msgs/include/px4_msgs/px4_msgs/msg/detail/vehicle_magnetometer__type_support.hpp\n'}
[1.906703] (px4_msgs) StdoutLine: {'line': b'-- Up-to-date symlink: /home/maxim/super_ws/install/px4_msgs/include/px4_msgs/px4_msgs/msg/detail/vehicle_odometry__builder.hpp\n'}
[1.906778] (px4_msgs) StdoutLine: {'line': b'-- Up-to-date symlink: /home/maxim/super_ws/install/px4_msgs/include/px4_msgs/px4_msgs/msg/detail/vehicle_odometry__struct.hpp\n'}
[1.906853] (px4_msgs) StdoutLine: {'line': b'-- Up-to-date symlink: /home/maxim/super_ws/install/px4_msgs/include/px4_msgs/px4_msgs/msg/detail/vehicle_odometry__traits.hpp\n'}
[1.906925] (px4_msgs) StdoutLine: {'line': b'-- Up-to-date symlink: /home/maxim/super_ws/install/px4_msgs/include/px4_msgs/px4_msgs/msg/detail/vehicle_odometry__type_support.hpp\n'}
[1.906993] (px4_msgs) StdoutLine: {'line': b'-- Up-to-date symlink: /home/maxim/super_ws/install/px4_msgs/include/px4_msgs/px4_msgs/msg/detail/vehicle_optical_flow__builder.hpp\n'}
[1.907065] (px4_msgs) StdoutLine: {'line': b'-- Up-to-date symlink: /home/maxim/super_ws/install/px4_msgs/include/px4_msgs/px4_msgs/msg/detail/vehicle_optical_flow__struct.hpp\n'}
[1.907138] (px4_msgs) StdoutLine: {'line': b'-- Up-to-date symlink: /home/maxim/super_ws/install/px4_msgs/include/px4_msgs/px4_msgs/msg/detail/vehicle_optical_flow__traits.hpp\n'}
[1.907247] (px4_msgs) StdoutLine: {'line': b'-- Up-to-date symlink: /home/maxim/super_ws/install/px4_msgs/include/px4_msgs/px4_msgs/msg/detail/vehicle_optical_flow__type_support.hpp\n'}
[1.907320] (px4_msgs) StdoutLine: {'line': b'-- Up-to-date symlink: /home/maxim/super_ws/install/px4_msgs/include/px4_msgs/px4_msgs/msg/detail/vehicle_optical_flow_vel__builder.hpp\n'}
[1.907454] (px4_msgs) StdoutLine: {'line': b'-- Up-to-date symlink: /home/maxim/super_ws/install/px4_msgs/include/px4_msgs/px4_msgs/msg/detail/vehicle_optical_flow_vel__struct.hpp\n'}
[1.907533] (px4_msgs) StdoutLine: {'line': b'-- Up-to-date symlink: /home/maxim/super_ws/install/px4_msgs/include/px4_msgs/px4_msgs/msg/detail/vehicle_optical_flow_vel__traits.hpp\n'}
[1.907603] (px4_msgs) StdoutLine: {'line': b'-- Up-to-date symlink: /home/maxim/super_ws/install/px4_msgs/include/px4_msgs/px4_msgs/msg/detail/vehicle_optical_flow_vel__type_support.hpp\n'}
[1.907678] (px4_msgs) StdoutLine: {'line': b'-- Up-to-date symlink: /home/maxim/super_ws/install/px4_msgs/include/px4_msgs/px4_msgs/msg/detail/vehicle_rates_setpoint__builder.hpp\n'}
[1.907754] (px4_msgs) StdoutLine: {'line': b'-- Up-to-date symlink: /home/maxim/super_ws/install/px4_msgs/include/px4_msgs/px4_msgs/msg/detail/vehicle_rates_setpoint__struct.hpp\n'}
[1.907825] (px4_msgs) StdoutLine: {'line': b'-- Up-to-date symlink: /home/maxim/super_ws/install/px4_msgs/include/px4_msgs/px4_msgs/msg/detail/vehicle_rates_setpoint__traits.hpp\n'}
[1.907896] (px4_msgs) StdoutLine: {'line': b'-- Up-to-date symlink: /home/maxim/super_ws/install/px4_msgs/include/px4_msgs/px4_msgs/msg/detail/vehicle_rates_setpoint__type_support.hpp\n'}
[1.907965] (px4_msgs) StdoutLine: {'line': b'-- Up-to-date symlink: /home/maxim/super_ws/install/px4_msgs/include/px4_msgs/px4_msgs/msg/detail/vehicle_roi__builder.hpp\n'}
[1.908039] (px4_msgs) StdoutLine: {'line': b'-- Up-to-date symlink: /home/maxim/super_ws/install/px4_msgs/include/px4_msgs/px4_msgs/msg/detail/vehicle_roi__struct.hpp\n'}
[1.908112] (px4_msgs) StdoutLine: {'line': b'-- Up-to-date symlink: /home/maxim/super_ws/install/px4_msgs/include/px4_msgs/px4_msgs/msg/detail/vehicle_roi__traits.hpp\n'}
[1.908186] (px4_msgs) StdoutLine: {'line': b'-- Up-to-date symlink: /home/maxim/super_ws/install/px4_msgs/include/px4_msgs/px4_msgs/msg/detail/vehicle_roi__type_support.hpp\n'}
[1.908259] (px4_msgs) StdoutLine: {'line': b'-- Up-to-date symlink: /home/maxim/super_ws/install/px4_msgs/include/px4_msgs/px4_msgs/msg/detail/vehicle_status__builder.hpp\n'}
[1.908330] (px4_msgs) StdoutLine: {'line': b'-- Up-to-date symlink: /home/maxim/super_ws/install/px4_msgs/include/px4_msgs/px4_msgs/msg/detail/vehicle_status__struct.hpp\n'}
[1.908409] (px4_msgs) StdoutLine: {'line': b'-- Up-to-date symlink: /home/maxim/super_ws/install/px4_msgs/include/px4_msgs/px4_msgs/msg/detail/vehicle_status__traits.hpp\n'}
[1.908487] (px4_msgs) StdoutLine: {'line': b'-- Up-to-date symlink: /home/maxim/super_ws/install/px4_msgs/include/px4_msgs/px4_msgs/msg/detail/vehicle_status__type_support.hpp\n'}
[1.908566] (px4_msgs) StdoutLine: {'line': b'-- Up-to-date symlink: /home/maxim/super_ws/install/px4_msgs/include/px4_msgs/px4_msgs/msg/detail/vehicle_thrust_setpoint__builder.hpp\n'}
[1.908685] (px4_msgs) StdoutLine: {'line': b'-- Up-to-date symlink: /home/maxim/super_ws/install/px4_msgs/include/px4_msgs/px4_msgs/msg/detail/vehicle_thrust_setpoint__struct.hpp\n'}
[1.908795] (px4_msgs) StdoutLine: {'line': b'-- Up-to-date symlink: /home/maxim/super_ws/install/px4_msgs/include/px4_msgs/px4_msgs/msg/detail/vehicle_thrust_setpoint__traits.hpp\n'}
[1.908870] (px4_msgs) StdoutLine: {'line': b'-- Up-to-date symlink: /home/maxim/super_ws/install/px4_msgs/include/px4_msgs/px4_msgs/msg/detail/vehicle_thrust_setpoint__type_support.hpp\n'}
[1.908942] (px4_msgs) StdoutLine: {'line': b'-- Up-to-date symlink: /home/maxim/super_ws/install/px4_msgs/include/px4_msgs/px4_msgs/msg/detail/vehicle_torque_setpoint__builder.hpp\n'}
[1.909012] (px4_msgs) StdoutLine: {'line': b'-- Up-to-date symlink: /home/maxim/super_ws/install/px4_msgs/include/px4_msgs/px4_msgs/msg/detail/vehicle_torque_setpoint__struct.hpp\n'}
[1.909085] (px4_msgs) StdoutLine: {'line': b'-- Up-to-date symlink: /home/maxim/super_ws/install/px4_msgs/include/px4_msgs/px4_msgs/msg/detail/vehicle_torque_setpoint__traits.hpp\n'}
[1.909159] (px4_msgs) StdoutLine: {'line': b'-- Up-to-date symlink: /home/maxim/super_ws/install/px4_msgs/include/px4_msgs/px4_msgs/msg/detail/vehicle_torque_setpoint__type_support.hpp\n'}
[1.909225] (px4_msgs) StdoutLine: {'line': b'-- Up-to-date symlink: /home/maxim/super_ws/install/px4_msgs/include/px4_msgs/px4_msgs/msg/detail/velocity_limits__builder.hpp\n'}
[1.909294] (px4_msgs) StdoutLine: {'line': b'-- Up-to-date symlink: /home/maxim/super_ws/install/px4_msgs/include/px4_msgs/px4_msgs/msg/detail/velocity_limits__struct.hpp\n'}
[1.909367] (px4_msgs) StdoutLine: {'line': b'-- Up-to-date symlink: /home/maxim/super_ws/install/px4_msgs/include/px4_msgs/px4_msgs/msg/detail/velocity_limits__traits.hpp\n'}
[1.909443] (px4_msgs) StdoutLine: {'line': b'-- Up-to-date symlink: /home/maxim/super_ws/install/px4_msgs/include/px4_msgs/px4_msgs/msg/detail/velocity_limits__type_support.hpp\n'}
[1.909515] (px4_msgs) StdoutLine: {'line': b'-- Up-to-date symlink: /home/maxim/super_ws/install/px4_msgs/include/px4_msgs/px4_msgs/msg/detail/vte_aid_source1d__builder.hpp\n'}
[1.909668] (px4_msgs) StdoutLine: {'line': b'-- Up-to-date symlink: /home/maxim/super_ws/install/px4_msgs/include/px4_msgs/px4_msgs/msg/detail/vte_aid_source1d__struct.hpp\n'}
[1.909744] (px4_msgs) StdoutLine: {'line': b'-- Up-to-date symlink: /home/maxim/super_ws/install/px4_msgs/include/px4_msgs/px4_msgs/msg/detail/vte_aid_source1d__traits.hpp\n'}
[1.909820] (px4_msgs) StdoutLine: {'line': b'-- Up-to-date symlink: /home/maxim/super_ws/install/px4_msgs/include/px4_msgs/px4_msgs/msg/detail/vte_aid_source1d__type_support.hpp\n'}
[1.909893] (px4_msgs) StdoutLine: {'line': b'-- Up-to-date symlink: /home/maxim/super_ws/install/px4_msgs/include/px4_msgs/px4_msgs/msg/detail/vte_aid_source3d__builder.hpp\n'}
[1.909969] (px4_msgs) StdoutLine: {'line': b'-- Up-to-date symlink: /home/maxim/super_ws/install/px4_msgs/include/px4_msgs/px4_msgs/msg/detail/vte_aid_source3d__struct.hpp\n'}
[1.910036] (px4_msgs) StdoutLine: {'line': b'-- Up-to-date symlink: /home/maxim/super_ws/install/px4_msgs/include/px4_msgs/px4_msgs/msg/detail/vte_aid_source3d__traits.hpp\n'}
[1.910109] (px4_msgs) StdoutLine: {'line': b'-- Up-to-date symlink: /home/maxim/super_ws/install/px4_msgs/include/px4_msgs/px4_msgs/msg/detail/vte_aid_source3d__type_support.hpp\n'}
[1.910188] (px4_msgs) StdoutLine: {'line': b'-- Up-to-date symlink: /home/maxim/super_ws/install/px4_msgs/include/px4_msgs/px4_msgs/msg/detail/vte_bias_init_status__builder.hpp\n'}
[1.910259] (px4_msgs) StdoutLine: {'line': b'-- Up-to-date symlink: /home/maxim/super_ws/install/px4_msgs/include/px4_msgs/px4_msgs/msg/detail/vte_bias_init_status__struct.hpp\n'}
[1.910323] (px4_msgs) StdoutLine: {'line': b'-- Up-to-date symlink: /home/maxim/super_ws/install/px4_msgs/include/px4_msgs/px4_msgs/msg/detail/vte_bias_init_status__traits.hpp\n'}
[1.910393] (px4_msgs) StdoutLine: {'line': b'-- Up-to-date symlink: /home/maxim/super_ws/install/px4_msgs/include/px4_msgs/px4_msgs/msg/detail/vte_bias_init_status__type_support.hpp\n'}
[1.910505] (px4_msgs) StdoutLine: {'line': b'-- Up-to-date symlink: /home/maxim/super_ws/install/px4_msgs/include/px4_msgs/px4_msgs/msg/detail/vte_input__builder.hpp\n'}
[1.910614] (px4_msgs) StdoutLine: {'line': b'-- Up-to-date symlink: /home/maxim/super_ws/install/px4_msgs/include/px4_msgs/px4_msgs/msg/detail/vte_input__struct.hpp\n'}
[1.910690] (px4_msgs) StdoutLine: {'line': b'-- Up-to-date symlink: /home/maxim/super_ws/install/px4_msgs/include/px4_msgs/px4_msgs/msg/detail/vte_input__traits.hpp\n'}
[1.910761] (px4_msgs) StdoutLine: {'line': b'-- Up-to-date symlink: /home/maxim/super_ws/install/px4_msgs/include/px4_msgs/px4_msgs/msg/detail/vte_input__type_support.hpp\n'}
[1.910834] (px4_msgs) StdoutLine: {'line': b'-- Up-to-date symlink: /home/maxim/super_ws/install/px4_msgs/include/px4_msgs/px4_msgs/msg/detail/vte_orientation__builder.hpp\n'}
[1.910904] (px4_msgs) StdoutLine: {'line': b'-- Up-to-date symlink: /home/maxim/super_ws/install/px4_msgs/include/px4_msgs/px4_msgs/msg/detail/vte_orientation__struct.hpp\n'}
[1.910979] (px4_msgs) StdoutLine: {'line': b'-- Up-to-date symlink: /home/maxim/super_ws/install/px4_msgs/include/px4_msgs/px4_msgs/msg/detail/vte_orientation__traits.hpp\n'}
[1.911047] (px4_msgs) StdoutLine: {'line': b'-- Up-to-date symlink: /home/maxim/super_ws/install/px4_msgs/include/px4_msgs/px4_msgs/msg/detail/vte_orientation__type_support.hpp\n'}
[1.911118] (px4_msgs) StdoutLine: {'line': b'-- Up-to-date symlink: /home/maxim/super_ws/install/px4_msgs/include/px4_msgs/px4_msgs/msg/detail/vte_position__builder.hpp\n'}
[1.911192] (px4_msgs) StdoutLine: {'line': b'-- Up-to-date symlink: /home/maxim/super_ws/install/px4_msgs/include/px4_msgs/px4_msgs/msg/detail/vte_position__struct.hpp\n'}
[1.911265] (px4_msgs) StdoutLine: {'line': b'-- Up-to-date symlink: /home/maxim/super_ws/install/px4_msgs/include/px4_msgs/px4_msgs/msg/detail/vte_position__traits.hpp\n'}
[1.911339] (px4_msgs) StdoutLine: {'line': b'-- Up-to-date symlink: /home/maxim/super_ws/install/px4_msgs/include/px4_msgs/px4_msgs/msg/detail/vte_position__type_support.hpp\n'}
[1.911418] (px4_msgs) StdoutLine: {'line': b'-- Up-to-date symlink: /home/maxim/super_ws/install/px4_msgs/include/px4_msgs/px4_msgs/msg/detail/vtol_vehicle_status__builder.hpp\n'}
[1.911516] (px4_msgs) StdoutLine: {'line': b'-- Up-to-date symlink: /home/maxim/super_ws/install/px4_msgs/include/px4_msgs/px4_msgs/msg/detail/vtol_vehicle_status__struct.hpp\n'}
[1.911586] (px4_msgs) StdoutLine: {'line': b'-- Up-to-date symlink: /home/maxim/super_ws/install/px4_msgs/include/px4_msgs/px4_msgs/msg/detail/vtol_vehicle_status__traits.hpp\n'}
[1.911702] (px4_msgs) StdoutLine: {'line': b'-- Up-to-date symlink: /home/maxim/super_ws/install/px4_msgs/include/px4_msgs/px4_msgs/msg/detail/vtol_vehicle_status__type_support.hpp\n'}
[1.911787] (px4_msgs) StdoutLine: {'line': b'-- Up-to-date symlink: /home/maxim/super_ws/install/px4_msgs/include/px4_msgs/px4_msgs/msg/detail/vtx__builder.hpp\n'}
[1.911858] (px4_msgs) StdoutLine: {'line': b'-- Up-to-date symlink: /home/maxim/super_ws/install/px4_msgs/include/px4_msgs/px4_msgs/msg/detail/vtx__struct.hpp\n'}
[1.911933] (px4_msgs) StdoutLine: {'line': b'-- Up-to-date symlink: /home/maxim/super_ws/install/px4_msgs/include/px4_msgs/px4_msgs/msg/detail/vtx__traits.hpp\n'}
[1.912013] (px4_msgs) StdoutLine: {'line': b'-- Up-to-date symlink: /home/maxim/super_ws/install/px4_msgs/include/px4_msgs/px4_msgs/msg/detail/vtx__type_support.hpp\n'}
[1.912086] (px4_msgs) StdoutLine: {'line': b'-- Up-to-date symlink: /home/maxim/super_ws/install/px4_msgs/include/px4_msgs/px4_msgs/msg/detail/wheel_encoders__builder.hpp\n'}
[1.912156] (px4_msgs) StdoutLine: {'line': b'-- Up-to-date symlink: /home/maxim/super_ws/install/px4_msgs/include/px4_msgs/px4_msgs/msg/detail/wheel_encoders__struct.hpp\n'}
[1.912227] (px4_msgs) StdoutLine: {'line': b'-- Up-to-date symlink: /home/maxim/super_ws/install/px4_msgs/include/px4_msgs/px4_msgs/msg/detail/wheel_encoders__traits.hpp\n'}
[1.912298] (px4_msgs) StdoutLine: {'line': b'-- Up-to-date symlink: /home/maxim/super_ws/install/px4_msgs/include/px4_msgs/px4_msgs/msg/detail/wheel_encoders__type_support.hpp\n'}
[1.912366] (px4_msgs) StdoutLine: {'line': b'-- Up-to-date symlink: /home/maxim/super_ws/install/px4_msgs/include/px4_msgs/px4_msgs/msg/detail/wind__builder.hpp\n'}
[1.912446] (px4_msgs) StdoutLine: {'line': b'-- Up-to-date symlink: /home/maxim/super_ws/install/px4_msgs/include/px4_msgs/px4_msgs/msg/detail/wind__struct.hpp\n'}
[1.912519] (px4_msgs) StdoutLine: {'line': b'-- Up-to-date symlink: /home/maxim/super_ws/install/px4_msgs/include/px4_msgs/px4_msgs/msg/detail/wind__traits.hpp\n'}
[1.912591] (px4_msgs) StdoutLine: {'line': b'-- Up-to-date symlink: /home/maxim/super_ws/install/px4_msgs/include/px4_msgs/px4_msgs/msg/detail/wind__type_support.hpp\n'}
[1.912706] (px4_msgs) StdoutLine: {'line': b'-- Up-to-date symlink: /home/maxim/super_ws/install/px4_msgs/include/px4_msgs/px4_msgs/msg/detail/yaw_estimator_status__builder.hpp\n'}
[1.912786] (px4_msgs) StdoutLine: {'line': b'-- Up-to-date symlink: /home/maxim/super_ws/install/px4_msgs/include/px4_msgs/px4_msgs/msg/detail/yaw_estimator_status__struct.hpp\n'}
[1.912865] (px4_msgs) StdoutLine: {'line': b'-- Up-to-date symlink: /home/maxim/super_ws/install/px4_msgs/include/px4_msgs/px4_msgs/msg/detail/yaw_estimator_status__traits.hpp\n'}
[1.912938] (px4_msgs) StdoutLine: {'line': b'-- Up-to-date symlink: /home/maxim/super_ws/install/px4_msgs/include/px4_msgs/px4_msgs/msg/detail/yaw_estimator_status__type_support.hpp\n'}
[1.913005] (px4_msgs) StdoutLine: {'line': b'-- Up-to-date symlink: /home/maxim/super_ws/install/px4_msgs/include/px4_msgs/px4_msgs/msg/device_information.hpp\n'}
[1.913077] (px4_msgs) StdoutLine: {'line': b'-- Up-to-date symlink: /home/maxim/super_ws/install/px4_msgs/include/px4_msgs/px4_msgs/msg/differential_pressure.hpp\n'}
[1.913151] (px4_msgs) StdoutLine: {'line': b'-- Up-to-date symlink: /home/maxim/super_ws/install/px4_msgs/include/px4_msgs/px4_msgs/msg/distance_sensor.hpp\n'}
[1.913222] (px4_msgs) StdoutLine: {'line': b'-- Up-to-date symlink: /home/maxim/super_ws/install/px4_msgs/include/px4_msgs/px4_msgs/msg/distance_sensor_mode_change_request.hpp\n'}
[1.913296] (px4_msgs) StdoutLine: {'line': b'-- Up-to-date symlink: /home/maxim/super_ws/install/px4_msgs/include/px4_msgs/px4_msgs/msg/dronecan_node_status.hpp\n'}
[1.913366] (px4_msgs) StdoutLine: {'line': b'-- Up-to-date symlink: /home/maxim/super_ws/install/px4_msgs/include/px4_msgs/px4_msgs/msg/ekf2_timestamps.hpp\n'}
[1.913440] (px4_msgs) StdoutLine: {'line': b'-- Up-to-date symlink: /home/maxim/super_ws/install/px4_msgs/include/px4_msgs/px4_msgs/msg/esc_eeprom_read.hpp\n'}
[1.913510] (px4_msgs) StdoutLine: {'line': b'-- Up-to-date symlink: /home/maxim/super_ws/install/px4_msgs/include/px4_msgs/px4_msgs/msg/esc_eeprom_write.hpp\n'}
[1.913629] (px4_msgs) StdoutLine: {'line': b'-- Up-to-date symlink: /home/maxim/super_ws/install/px4_msgs/include/px4_msgs/px4_msgs/msg/esc_report.hpp\n'}
[1.913713] (px4_msgs) StdoutLine: {'line': b'-- Up-to-date symlink: /home/maxim/super_ws/install/px4_msgs/include/px4_msgs/px4_msgs/msg/esc_status.hpp\n'}
[1.913789] (px4_msgs) StdoutLine: {'line': b'-- Up-to-date symlink: /home/maxim/super_ws/install/px4_msgs/include/px4_msgs/px4_msgs/msg/estimator_aid_source1d.hpp\n'}
[1.913866] (px4_msgs) StdoutLine: {'line': b'-- Up-to-date symlink: /home/maxim/super_ws/install/px4_msgs/include/px4_msgs/px4_msgs/msg/estimator_aid_source2d.hpp\n'}
[1.913938] (px4_msgs) StdoutLine: {'line': b'-- Up-to-date symlink: /home/maxim/super_ws/install/px4_msgs/include/px4_msgs/px4_msgs/msg/estimator_aid_source3d.hpp\n'}
[1.914009] (px4_msgs) StdoutLine: {'line': b'-- Up-to-date symlink: /home/maxim/super_ws/install/px4_msgs/include/px4_msgs/px4_msgs/msg/estimator_bias.hpp\n'}
[1.914074] (px4_msgs) StdoutLine: {'line': b'-- Up-to-date symlink: /home/maxim/super_ws/install/px4_msgs/include/px4_msgs/px4_msgs/msg/estimator_bias3d.hpp\n'}
[1.914140] (px4_msgs) StdoutLine: {'line': b'-- Up-to-date symlink: /home/maxim/super_ws/install/px4_msgs/include/px4_msgs/px4_msgs/msg/estimator_event_flags.hpp\n'}
[1.914212] (px4_msgs) StdoutLine: {'line': b'-- Up-to-date symlink: /home/maxim/super_ws/install/px4_msgs/include/px4_msgs/px4_msgs/msg/estimator_fusion_control.hpp\n'}
[1.914286] (px4_msgs) StdoutLine: {'line': b'-- Up-to-date symlink: /home/maxim/super_ws/install/px4_msgs/include/px4_msgs/px4_msgs/msg/estimator_gps_status.hpp\n'}
[1.914355] (px4_msgs) StdoutLine: {'line': b'-- Up-to-date symlink: /home/maxim/super_ws/install/px4_msgs/include/px4_msgs/px4_msgs/msg/estimator_innovations.hpp\n'}
[1.914430] (px4_msgs) StdoutLine: {'line': b'-- Up-to-date symlink: /home/maxim/super_ws/install/px4_msgs/include/px4_msgs/px4_msgs/msg/estimator_selector_status.hpp\n'}
[1.914504] (px4_msgs) StdoutLine: {'line': b'-- Up-to-date symlink: /home/maxim/super_ws/install/px4_msgs/include/px4_msgs/px4_msgs/msg/estimator_sensor_bias.hpp\n'}
[1.914574] (px4_msgs) StdoutLine: {'line': b'-- Up-to-date symlink: /home/maxim/super_ws/install/px4_msgs/include/px4_msgs/px4_msgs/msg/estimator_states.hpp\n'}
[1.914677] (px4_msgs) StdoutLine: {'line': b'-- Up-to-date symlink: /home/maxim/super_ws/install/px4_msgs/include/px4_msgs/px4_msgs/msg/estimator_status.hpp\n'}
[1.914755] (px4_msgs) StdoutLine: {'line': b'-- Up-to-date symlink: /home/maxim/super_ws/install/px4_msgs/include/px4_msgs/px4_msgs/msg/estimator_status_flags.hpp\n'}
[1.914828] (px4_msgs) StdoutLine: {'line': b'-- Up-to-date symlink: /home/maxim/super_ws/install/px4_msgs/include/px4_msgs/px4_msgs/msg/event.hpp\n'}
[1.914894] (px4_msgs) StdoutLine: {'line': b'-- Up-to-date symlink: /home/maxim/super_ws/install/px4_msgs/include/px4_msgs/px4_msgs/msg/failsafe_flags.hpp\n'}
[1.914970] (px4_msgs) StdoutLine: {'line': b'-- Up-to-date symlink: /home/maxim/super_ws/install/px4_msgs/include/px4_msgs/px4_msgs/msg/failure_detector_status.hpp\n'}
[1.915041] (px4_msgs) StdoutLine: {'line': b'-- Up-to-date symlink: /home/maxim/super_ws/install/px4_msgs/include/px4_msgs/px4_msgs/msg/fiducial_marker_pos_report.hpp\n'}
[1.915118] (px4_msgs) StdoutLine: {'line': b'-- Up-to-date symlink: /home/maxim/super_ws/install/px4_msgs/include/px4_msgs/px4_msgs/msg/fiducial_marker_yaw_report.hpp\n'}
[1.915187] (px4_msgs) StdoutLine: {'line': b'-- Up-to-date symlink: /home/maxim/super_ws/install/px4_msgs/include/px4_msgs/px4_msgs/msg/figure_eight_status.hpp\n'}
[1.915259] (px4_msgs) StdoutLine: {'line': b'-- Up-to-date symlink: /home/maxim/super_ws/install/px4_msgs/include/px4_msgs/px4_msgs/msg/fixed_wing_lateral_guidance_status.hpp\n'}
[1.915333] (px4_msgs) StdoutLine: {'line': b'-- Up-to-date symlink: /home/maxim/super_ws/install/px4_msgs/include/px4_msgs/px4_msgs/msg/fixed_wing_lateral_setpoint.hpp\n'}
[1.915458] (px4_msgs) StdoutLine: {'line': b'-- Up-to-date symlink: /home/maxim/super_ws/install/px4_msgs/include/px4_msgs/px4_msgs/msg/fixed_wing_lateral_status.hpp\n'}
[1.915542] (px4_msgs) StdoutLine: {'line': b'-- Up-to-date symlink: /home/maxim/super_ws/install/px4_msgs/include/px4_msgs/px4_msgs/msg/fixed_wing_longitudinal_setpoint.hpp\n'}
[1.915624] (px4_msgs) StdoutLine: {'line': b'-- Up-to-date symlink: /home/maxim/super_ws/install/px4_msgs/include/px4_msgs/px4_msgs/msg/fixed_wing_runway_control.hpp\n'}
[1.915699] (px4_msgs) StdoutLine: {'line': b'-- Up-to-date symlink: /home/maxim/super_ws/install/px4_msgs/include/px4_msgs/px4_msgs/msg/flight_phase_estimation.hpp\n'}
[1.915769] (px4_msgs) StdoutLine: {'line': b'-- Up-to-date symlink: /home/maxim/super_ws/install/px4_msgs/include/px4_msgs/px4_msgs/msg/follow_target.hpp\n'}
[1.915838] (px4_msgs) StdoutLine: {'line': b'-- Up-to-date symlink: /home/maxim/super_ws/install/px4_msgs/include/px4_msgs/px4_msgs/msg/follow_target_estimator.hpp\n'}
[1.915906] (px4_msgs) StdoutLine: {'line': b'-- Up-to-date symlink: /home/maxim/super_ws/install/px4_msgs/include/px4_msgs/px4_msgs/msg/follow_target_status.hpp\n'}
[1.915976] (px4_msgs) StdoutLine: {'line': b'-- Up-to-date symlink: /home/maxim/super_ws/install/px4_msgs/include/px4_msgs/px4_msgs/msg/fuel_tank_status.hpp\n'}
[1.916050] (px4_msgs) StdoutLine: {'line': b'-- Up-to-date symlink: /home/maxim/super_ws/install/px4_msgs/include/px4_msgs/px4_msgs/msg/gain_compression.hpp\n'}
[1.916121] (px4_msgs) StdoutLine: {'line': b'-- Up-to-date symlink: /home/maxim/super_ws/install/px4_msgs/include/px4_msgs/px4_msgs/msg/generator_status.hpp\n'}
[1.916202] (px4_msgs) StdoutLine: {'line': b'-- Up-to-date symlink: /home/maxim/super_ws/install/px4_msgs/include/px4_msgs/px4_msgs/msg/geofence_result.hpp\n'}
[1.916280] (px4_msgs) StdoutLine: {'line': b'-- Up-to-date symlink: /home/maxim/super_ws/install/px4_msgs/include/px4_msgs/px4_msgs/msg/geofence_status.hpp\n'}
[1.916351] (px4_msgs) StdoutLine: {'line': b'-- Up-to-date symlink: /home/maxim/super_ws/install/px4_msgs/include/px4_msgs/px4_msgs/msg/gimbal_controls.hpp\n'}
[1.916432] (px4_msgs) StdoutLine: {'line': b'-- Up-to-date symlink: /home/maxim/super_ws/install/px4_msgs/include/px4_msgs/px4_msgs/msg/gimbal_device_attitude_status.hpp\n'}
[1.916505] (px4_msgs) StdoutLine: {'line': b'-- Up-to-date symlink: /home/maxim/super_ws/install/px4_msgs/include/px4_msgs/px4_msgs/msg/gimbal_device_information.hpp\n'}
[1.916593] (px4_msgs) StdoutLine: {'line': b'-- Up-to-date symlink: /home/maxim/super_ws/install/px4_msgs/include/px4_msgs/px4_msgs/msg/gimbal_device_set_attitude.hpp\n'}
[1.916665] (px4_msgs) StdoutLine: {'line': b'-- Up-to-date symlink: /home/maxim/super_ws/install/px4_msgs/include/px4_msgs/px4_msgs/msg/gimbal_manager_information.hpp\n'}
[1.916736] (px4_msgs) StdoutLine: {'line': b'-- Up-to-date symlink: /home/maxim/super_ws/install/px4_msgs/include/px4_msgs/px4_msgs/msg/gimbal_manager_set_attitude.hpp\n'}
[1.916811] (px4_msgs) StdoutLine: {'line': b'-- Up-to-date symlink: /home/maxim/super_ws/install/px4_msgs/include/px4_msgs/px4_msgs/msg/gimbal_manager_set_manual_control.hpp\n'}
[1.916887] (px4_msgs) StdoutLine: {'line': b'-- Up-to-date symlink: /home/maxim/super_ws/install/px4_msgs/include/px4_msgs/px4_msgs/msg/gimbal_manager_status.hpp\n'}
[1.916955] (px4_msgs) StdoutLine: {'line': b'-- Up-to-date symlink: /home/maxim/super_ws/install/px4_msgs/include/px4_msgs/px4_msgs/msg/goto_setpoint.hpp\n'}
[1.917027] (px4_msgs) StdoutLine: {'line': b'-- Up-to-date symlink: /home/maxim/super_ws/install/px4_msgs/include/px4_msgs/px4_msgs/msg/gpio_config.hpp\n'}
[1.917101] (px4_msgs) StdoutLine: {'line': b'-- Up-to-date symlink: /home/maxim/super_ws/install/px4_msgs/include/px4_msgs/px4_msgs/msg/gpio_in.hpp\n'}
[1.917172] (px4_msgs) StdoutLine: {'line': b'-- Up-to-date symlink: /home/maxim/super_ws/install/px4_msgs/include/px4_msgs/px4_msgs/msg/gpio_out.hpp\n'}
[1.917243] (px4_msgs) StdoutLine: {'line': b'-- Up-to-date symlink: /home/maxim/super_ws/install/px4_msgs/include/px4_msgs/px4_msgs/msg/gpio_request.hpp\n'}
[1.917316] (px4_msgs) StdoutLine: {'line': b'-- Up-to-date symlink: /home/maxim/super_ws/install/px4_msgs/include/px4_msgs/px4_msgs/msg/gps_dump.hpp\n'}
[1.917455] (px4_msgs) StdoutLine: {'line': b'-- Up-to-date symlink: /home/maxim/super_ws/install/px4_msgs/include/px4_msgs/px4_msgs/msg/gps_inject_data.hpp\n'}
[1.917531] (px4_msgs) StdoutLine: {'line': b'-- Up-to-date symlink: /home/maxim/super_ws/install/px4_msgs/include/px4_msgs/px4_msgs/msg/gripper.hpp\n'}
[1.917608] (px4_msgs) StdoutLine: {'line': b'-- Up-to-date symlink: /home/maxim/super_ws/install/px4_msgs/include/px4_msgs/px4_msgs/msg/health_report.hpp\n'}
[1.917679] (px4_msgs) StdoutLine: {'line': b'-- Up-to-date symlink: /home/maxim/super_ws/install/px4_msgs/include/px4_msgs/px4_msgs/msg/heater_status.hpp\n'}
[1.917749] (px4_msgs) StdoutLine: {'line': b'-- Up-to-date symlink: /home/maxim/super_ws/install/px4_msgs/include/px4_msgs/px4_msgs/msg/home_position.hpp\n'}
[1.917815] (px4_msgs) StdoutLine: {'line': b'-- Up-to-date symlink: /home/maxim/super_ws/install/px4_msgs/include/px4_msgs/px4_msgs/msg/hover_thrust_estimate.hpp\n'}
[1.917891] (px4_msgs) StdoutLine: {'line': b'-- Up-to-date symlink: /home/maxim/super_ws/install/px4_msgs/include/px4_msgs/px4_msgs/msg/input_rc.hpp\n'}
[1.917960] (px4_msgs) StdoutLine: {'line': b'-- Up-to-date symlink: /home/maxim/super_ws/install/px4_msgs/include/px4_msgs/px4_msgs/msg/internal_combustion_engine_control.hpp\n'}
[1.918030] (px4_msgs) StdoutLine: {'line': b'-- Up-to-date symlink: /home/maxim/super_ws/install/px4_msgs/include/px4_msgs/px4_msgs/msg/internal_combustion_engine_status.hpp\n'}
[1.918104] (px4_msgs) StdoutLine: {'line': b'-- Up-to-date symlink: /home/maxim/super_ws/install/px4_msgs/include/px4_msgs/px4_msgs/msg/iridiumsbd_status.hpp\n'}
[1.918174] (px4_msgs) StdoutLine: {'line': b'-- Up-to-date symlink: /home/maxim/super_ws/install/px4_msgs/include/px4_msgs/px4_msgs/msg/irlock_report.hpp\n'}
[1.918242] (px4_msgs) StdoutLine: {'line': b'-- Up-to-date symlink: /home/maxim/super_ws/install/px4_msgs/include/px4_msgs/px4_msgs/msg/landing_gear.hpp\n'}
[1.918311] (px4_msgs) StdoutLine: {'line': b'-- Up-to-date symlink: /home/maxim/super_ws/install/px4_msgs/include/px4_msgs/px4_msgs/msg/landing_gear_wheel.hpp\n'}
[1.918385] (px4_msgs) StdoutLine: {'line': b'-- Up-to-date symlink: /home/maxim/super_ws/install/px4_msgs/include/px4_msgs/px4_msgs/msg/landing_target_innovations.hpp\n'}
[1.918495] (px4_msgs) StdoutLine: {'line': b'-- Up-to-date symlink: /home/maxim/super_ws/install/px4_msgs/include/px4_msgs/px4_msgs/msg/landing_target_pose.hpp\n'}
[1.918576] (px4_msgs) StdoutLine: {'line': b'-- Up-to-date symlink: /home/maxim/super_ws/install/px4_msgs/include/px4_msgs/px4_msgs/msg/lateral_control_configuration.hpp\n'}
[1.918660] (px4_msgs) StdoutLine: {'line': b'-- Up-to-date symlink: /home/maxim/super_ws/install/px4_msgs/include/px4_msgs/px4_msgs/msg/launch_detection_status.hpp\n'}
[1.918735] (px4_msgs) StdoutLine: {'line': b'-- Up-to-date symlink: /home/maxim/super_ws/install/px4_msgs/include/px4_msgs/px4_msgs/msg/led_control.hpp\n'}
[1.918805] (px4_msgs) StdoutLine: {'line': b'-- Up-to-date symlink: /home/maxim/super_ws/install/px4_msgs/include/px4_msgs/px4_msgs/msg/log_message.hpp\n'}
[1.918874] (px4_msgs) StdoutLine: {'line': b'-- Up-to-date symlink: /home/maxim/super_ws/install/px4_msgs/include/px4_msgs/px4_msgs/msg/logger_status.hpp\n'}
[1.918945] (px4_msgs) StdoutLine: {'line': b'-- Up-to-date symlink: /home/maxim/super_ws/install/px4_msgs/include/px4_msgs/px4_msgs/msg/longitudinal_control_configuration.hpp\n'}
[1.919013] (px4_msgs) StdoutLine: {'line': b'-- Up-to-date symlink: /home/maxim/super_ws/install/px4_msgs/include/px4_msgs/px4_msgs/msg/mag_worker_data.hpp\n'}
[1.919085] (px4_msgs) StdoutLine: {'line': b'-- Up-to-date symlink: /home/maxim/super_ws/install/px4_msgs/include/px4_msgs/px4_msgs/msg/magnetometer_bias_estimate.hpp\n'}
[1.919159] (px4_msgs) StdoutLine: {'line': b'-- Up-to-date symlink: /home/maxim/super_ws/install/px4_msgs/include/px4_msgs/px4_msgs/msg/manual_control_setpoint.hpp\n'}
[1.919226] (px4_msgs) StdoutLine: {'line': b'-- Up-to-date symlink: /home/maxim/super_ws/install/px4_msgs/include/px4_msgs/px4_msgs/msg/manual_control_switches.hpp\n'}
[1.919295] (px4_msgs) StdoutLine: {'line': b'-- Up-to-date symlink: /home/maxim/super_ws/install/px4_msgs/include/px4_msgs/px4_msgs/msg/mavlink_log.hpp\n'}
[1.919373] (px4_msgs) StdoutLine: {'line': b'-- Up-to-date symlink: /home/maxim/super_ws/install/px4_msgs/include/px4_msgs/px4_msgs/msg/mavlink_tunnel.hpp\n'}
[1.919489] (px4_msgs) StdoutLine: {'line': b'-- Up-to-date symlink: /home/maxim/super_ws/install/px4_msgs/include/px4_msgs/px4_msgs/msg/message_format_request.hpp\n'}
[1.919562] (px4_msgs) StdoutLine: {'line': b'-- Up-to-date symlink: /home/maxim/super_ws/install/px4_msgs/include/px4_msgs/px4_msgs/msg/message_format_response.hpp\n'}
[1.919642] (px4_msgs) StdoutLine: {'line': b'-- Up-to-date symlink: /home/maxim/super_ws/install/px4_msgs/include/px4_msgs/px4_msgs/msg/mission.hpp\n'}
[1.919718] (px4_msgs) StdoutLine: {'line': b'-- Up-to-date symlink: /home/maxim/super_ws/install/px4_msgs/include/px4_msgs/px4_msgs/msg/mission_result.hpp\n'}
[1.919793] (px4_msgs) StdoutLine: {'line': b'-- Up-to-date symlink: /home/maxim/super_ws/install/px4_msgs/include/px4_msgs/px4_msgs/msg/mode_completed.hpp\n'}
[1.919867] (px4_msgs) StdoutLine: {'line': b'-- Up-to-date symlink: /home/maxim/super_ws/install/px4_msgs/include/px4_msgs/px4_msgs/msg/mount_orientation.hpp\n'}
[1.919938] (px4_msgs) StdoutLine: {'line': b'-- Up-to-date symlink: /home/maxim/super_ws/install/px4_msgs/include/px4_msgs/px4_msgs/msg/navigator_mission_item.hpp\n'}
[1.920009] (px4_msgs) StdoutLine: {'line': b'-- Up-to-date symlink: /home/maxim/super_ws/install/px4_msgs/include/px4_msgs/px4_msgs/msg/navigator_status.hpp\n'}
[1.920076] (px4_msgs) StdoutLine: {'line': b'-- Up-to-date symlink: /home/maxim/super_ws/install/px4_msgs/include/px4_msgs/px4_msgs/msg/neural_control.hpp\n'}
[1.920145] (px4_msgs) StdoutLine: {'line': b'-- Up-to-date symlink: /home/maxim/super_ws/install/px4_msgs/include/px4_msgs/px4_msgs/msg/normalized_unsigned_setpoint.hpp\n'}
[1.920227] (px4_msgs) StdoutLine: {'line': b'-- Up-to-date symlink: /home/maxim/super_ws/install/px4_msgs/include/px4_msgs/px4_msgs/msg/obstacle_distance.hpp\n'}
[1.920298] (px4_msgs) StdoutLine: {'line': b'-- Up-to-date symlink: /home/maxim/super_ws/install/px4_msgs/include/px4_msgs/px4_msgs/msg/offboard_control_mode.hpp\n'}
[1.920372] (px4_msgs) StdoutLine: {'line': b'-- Up-to-date symlink: /home/maxim/super_ws/install/px4_msgs/include/px4_msgs/px4_msgs/msg/onboard_computer_status.hpp\n'}
[1.920504] (px4_msgs) StdoutLine: {'line': b'-- Up-to-date symlink: /home/maxim/super_ws/install/px4_msgs/include/px4_msgs/px4_msgs/msg/open_drone_id_arm_status.hpp\n'}
[1.920580] (px4_msgs) StdoutLine: {'line': b'-- Up-to-date symlink: /home/maxim/super_ws/install/px4_msgs/include/px4_msgs/px4_msgs/msg/open_drone_id_operator_id.hpp\n'}
[1.920646] (px4_msgs) StdoutLine: {'line': b'-- Up-to-date symlink: /home/maxim/super_ws/install/px4_msgs/include/px4_msgs/px4_msgs/msg/open_drone_id_self_id.hpp\n'}
[1.920742] (px4_msgs) StdoutLine: {'line': b'-- Up-to-date symlink: /home/maxim/super_ws/install/px4_msgs/include/px4_msgs/px4_msgs/msg/open_drone_id_system.hpp\n'}
[1.920822] (px4_msgs) StdoutLine: {'line': b'-- Up-to-date symlink: /home/maxim/super_ws/install/px4_msgs/include/px4_msgs/px4_msgs/msg/orb_test.hpp\n'}
[1.920904] (px4_msgs) StdoutLine: {'line': b'-- Up-to-date symlink: /home/maxim/super_ws/install/px4_msgs/include/px4_msgs/px4_msgs/msg/orb_test_large.hpp\n'}
[1.920979] (px4_msgs) StdoutLine: {'line': b'-- Up-to-date symlink: /home/maxim/super_ws/install/px4_msgs/include/px4_msgs/px4_msgs/msg/orb_test_medium.hpp\n'}
[1.921050] (px4_msgs) StdoutLine: {'line': b'-- Up-to-date symlink: /home/maxim/super_ws/install/px4_msgs/include/px4_msgs/px4_msgs/msg/orbit_status.hpp\n'}
[1.921129] (px4_msgs) StdoutLine: {'line': b'-- Up-to-date symlink: /home/maxim/super_ws/install/px4_msgs/include/px4_msgs/px4_msgs/msg/parameter_reset_request.hpp\n'}
[1.921209] (px4_msgs) StdoutLine: {'line': b'-- Up-to-date symlink: /home/maxim/super_ws/install/px4_msgs/include/px4_msgs/px4_msgs/msg/parameter_set_used_request.hpp\n'}
[1.921268] (px4_msgs) StdoutLine: {'line': b'-- Up-to-date symlink: /home/maxim/super_ws/install/px4_msgs/include/px4_msgs/px4_msgs/msg/parameter_set_value_request.hpp\n'}
[1.921339] (px4_msgs) StdoutLine: {'line': b'-- Up-to-date symlink: /home/maxim/super_ws/install/px4_msgs/include/px4_msgs/px4_msgs/msg/parameter_set_value_response.hpp\n'}
[1.921414] (px4_msgs) StdoutLine: {'line': b'-- Up-to-date symlink: /home/maxim/super_ws/install/px4_msgs/include/px4_msgs/px4_msgs/msg/parameter_update.hpp\n'}
[1.921483] (px4_msgs) StdoutLine: {'line': b'-- Up-to-date symlink: /home/maxim/super_ws/install/px4_msgs/include/px4_msgs/px4_msgs/msg/ping.hpp\n'}
[1.921549] (px4_msgs) StdoutLine: {'line': b'-- Up-to-date symlink: /home/maxim/super_ws/install/px4_msgs/include/px4_msgs/px4_msgs/msg/position_controller_landing_status.hpp\n'}
[1.921619] (px4_msgs) StdoutLine: {'line': b'-- Up-to-date symlink: /home/maxim/super_ws/install/px4_msgs/include/px4_msgs/px4_msgs/msg/position_controller_status.hpp\n'}
[1.921689] (px4_msgs) StdoutLine: {'line': b'-- Up-to-date symlink: /home/maxim/super_ws/install/px4_msgs/include/px4_msgs/px4_msgs/msg/position_setpoint.hpp\n'}
[1.921764] (px4_msgs) StdoutLine: {'line': b'-- Up-to-date symlink: /home/maxim/super_ws/install/px4_msgs/include/px4_msgs/px4_msgs/msg/position_setpoint_triplet.hpp\n'}
[1.921839] (px4_msgs) StdoutLine: {'line': b'-- Up-to-date symlink: /home/maxim/super_ws/install/px4_msgs/include/px4_msgs/px4_msgs/msg/power_button_state.hpp\n'}
[1.921909] (px4_msgs) StdoutLine: {'line': b'-- Up-to-date symlink: /home/maxim/super_ws/install/px4_msgs/include/px4_msgs/px4_msgs/msg/power_monitor.hpp\n'}
[1.921982] (px4_msgs) StdoutLine: {'line': b'-- Up-to-date symlink: /home/maxim/super_ws/install/px4_msgs/include/px4_msgs/px4_msgs/msg/pps_capture.hpp\n'}
[1.922051] (px4_msgs) StdoutLine: {'line': b'-- Up-to-date symlink: /home/maxim/super_ws/install/px4_msgs/include/px4_msgs/px4_msgs/msg/prec_land_status.hpp\n'}
[1.922117] (px4_msgs) StdoutLine: {'line': b'-- Up-to-date symlink: /home/maxim/super_ws/install/px4_msgs/include/px4_msgs/px4_msgs/msg/pure_pursuit_status.hpp\n'}
[1.922188] (px4_msgs) StdoutLine: {'line': b'-- Up-to-date symlink: /home/maxim/super_ws/install/px4_msgs/include/px4_msgs/px4_msgs/msg/pwm_input.hpp\n'}
[1.922264] (px4_msgs) StdoutLine: {'line': b'-- Up-to-date symlink: /home/maxim/super_ws/install/px4_msgs/include/px4_msgs/px4_msgs/msg/px4io_status.hpp\n'}
[1.922342] (px4_msgs) StdoutLine: {'line': b'-- Up-to-date symlink: /home/maxim/super_ws/install/px4_msgs/include/px4_msgs/px4_msgs/msg/qshell_req.hpp\n'}
[1.922448] (px4_msgs) StdoutLine: {'line': b'-- Up-to-date symlink: /home/maxim/super_ws/install/px4_msgs/include/px4_msgs/px4_msgs/msg/qshell_retval.hpp\n'}
[1.922532] (px4_msgs) StdoutLine: {'line': b'-- Up-to-date symlink: /home/maxim/super_ws/install/px4_msgs/include/px4_msgs/px4_msgs/msg/radio_status.hpp\n'}
[1.922606] (px4_msgs) StdoutLine: {'line': b'-- Up-to-date symlink: /home/maxim/super_ws/install/px4_msgs/include/px4_msgs/px4_msgs/msg/ranging_beacon.hpp\n'}
[1.922680] (px4_msgs) StdoutLine: {'line': b'-- Up-to-date symlink: /home/maxim/super_ws/install/px4_msgs/include/px4_msgs/px4_msgs/msg/raptor_input.hpp\n'}
[1.922754] (px4_msgs) StdoutLine: {'line': b'-- Up-to-date symlink: /home/maxim/super_ws/install/px4_msgs/include/px4_msgs/px4_msgs/msg/raptor_status.hpp\n'}
[1.922829] (px4_msgs) StdoutLine: {'line': b'-- Up-to-date symlink: /home/maxim/super_ws/install/px4_msgs/include/px4_msgs/px4_msgs/msg/rate_ctrl_status.hpp\n'}
[1.922902] (px4_msgs) StdoutLine: {'line': b'-- Up-to-date symlink: /home/maxim/super_ws/install/px4_msgs/include/px4_msgs/px4_msgs/msg/rc_channels.hpp\n'}
[1.922973] (px4_msgs) StdoutLine: {'line': b'-- Up-to-date symlink: /home/maxim/super_ws/install/px4_msgs/include/px4_msgs/px4_msgs/msg/rc_parameter_map.hpp\n'}
[1.923041] (px4_msgs) StdoutLine: {'line': b'-- Up-to-date symlink: /home/maxim/super_ws/install/px4_msgs/include/px4_msgs/px4_msgs/msg/register_ext_component_reply.hpp\n'}
[1.923108] (px4_msgs) StdoutLine: {'line': b'-- Up-to-date symlink: /home/maxim/super_ws/install/px4_msgs/include/px4_msgs/px4_msgs/msg/register_ext_component_request.hpp\n'}
[1.923179] (px4_msgs) StdoutLine: {'line': b'-- Up-to-date symlink: /home/maxim/super_ws/install/px4_msgs/include/px4_msgs/px4_msgs/msg/rosidl_generator_cpp__visibility_control.hpp\n'}
[1.923282] (px4_msgs) StdoutLine: {'line': b'-- Up-to-date symlink: /home/maxim/super_ws/install/px4_msgs/include/px4_msgs/px4_msgs/msg/rover_attitude_setpoint.hpp\n'}
[1.923352] (px4_msgs) StdoutLine: {'line': b'-- Up-to-date symlink: /home/maxim/super_ws/install/px4_msgs/include/px4_msgs/px4_msgs/msg/rover_attitude_status.hpp\n'}
[1.923460] (px4_msgs) StdoutLine: {'line': b'-- Up-to-date symlink: /home/maxim/super_ws/install/px4_msgs/include/px4_msgs/px4_msgs/msg/rover_position_setpoint.hpp\n'}
[1.923536] (px4_msgs) StdoutLine: {'line': b'-- Up-to-date symlink: /home/maxim/super_ws/install/px4_msgs/include/px4_msgs/px4_msgs/msg/rover_rate_setpoint.hpp\n'}
[1.923610] (px4_msgs) StdoutLine: {'line': b'-- Up-to-date symlink: /home/maxim/super_ws/install/px4_msgs/include/px4_msgs/px4_msgs/msg/rover_rate_status.hpp\n'}
[1.923679] (px4_msgs) StdoutLine: {'line': b'-- Up-to-date symlink: /home/maxim/super_ws/install/px4_msgs/include/px4_msgs/px4_msgs/msg/rover_speed_setpoint.hpp\n'}
[1.923745] (px4_msgs) StdoutLine: {'line': b'-- Up-to-date symlink: /home/maxim/super_ws/install/px4_msgs/include/px4_msgs/px4_msgs/msg/rover_speed_status.hpp\n'}
[1.923816] (px4_msgs) StdoutLine: {'line': b'-- Up-to-date symlink: /home/maxim/super_ws/install/px4_msgs/include/px4_msgs/px4_msgs/msg/rover_steering_setpoint.hpp\n'}
[1.923888] (px4_msgs) StdoutLine: {'line': b'-- Up-to-date symlink: /home/maxim/super_ws/install/px4_msgs/include/px4_msgs/px4_msgs/msg/rover_throttle_setpoint.hpp\n'}
[1.923961] (px4_msgs) StdoutLine: {'line': b'-- Up-to-date symlink: /home/maxim/super_ws/install/px4_msgs/include/px4_msgs/px4_msgs/msg/rpm.hpp\n'}
[1.924033] (px4_msgs) StdoutLine: {'line': b'-- Up-to-date symlink: /home/maxim/super_ws/install/px4_msgs/include/px4_msgs/px4_msgs/msg/rtl_status.hpp\n'}
[1.924106] (px4_msgs) StdoutLine: {'line': b'-- Up-to-date symlink: /home/maxim/super_ws/install/px4_msgs/include/px4_msgs/px4_msgs/msg/rtl_time_estimate.hpp\n'}
[1.924173] (px4_msgs) StdoutLine: {'line': b'-- Up-to-date symlink: /home/maxim/super_ws/install/px4_msgs/include/px4_msgs/px4_msgs/msg/satellite_info.hpp\n'}
[1.924248] (px4_msgs) StdoutLine: {'line': b'-- Up-to-date symlink: /home/maxim/super_ws/install/px4_msgs/include/px4_msgs/px4_msgs/msg/sensor_accel.hpp\n'}
[1.924317] (px4_msgs) StdoutLine: {'line': b'-- Up-to-date symlink: /home/maxim/super_ws/install/px4_msgs/include/px4_msgs/px4_msgs/msg/sensor_accel_fifo.hpp\n'}
[1.924458] (px4_msgs) StdoutLine: {'line': b'-- Up-to-date symlink: /home/maxim/super_ws/install/px4_msgs/include/px4_msgs/px4_msgs/msg/sensor_airflow.hpp\n'}
[1.924549] (px4_msgs) StdoutLine: {'line': b'-- Up-to-date symlink: /home/maxim/super_ws/install/px4_msgs/include/px4_msgs/px4_msgs/msg/sensor_baro.hpp\n'}
[1.924609] (px4_msgs) StdoutLine: {'line': b'-- Up-to-date symlink: /home/maxim/super_ws/install/px4_msgs/include/px4_msgs/px4_msgs/msg/sensor_combined.hpp\n'}
[1.924685] (px4_msgs) StdoutLine: {'line': b'-- Up-to-date symlink: /home/maxim/super_ws/install/px4_msgs/include/px4_msgs/px4_msgs/msg/sensor_correction.hpp\n'}
[1.924754] (px4_msgs) StdoutLine: {'line': b'-- Up-to-date symlink: /home/maxim/super_ws/install/px4_msgs/include/px4_msgs/px4_msgs/msg/sensor_gnss_relative.hpp\n'}
[1.924820] (px4_msgs) StdoutLine: {'line': b'-- Up-to-date symlink: /home/maxim/super_ws/install/px4_msgs/include/px4_msgs/px4_msgs/msg/sensor_gnss_status.hpp\n'}
[1.924892] (px4_msgs) StdoutLine: {'line': b'-- Up-to-date symlink: /home/maxim/super_ws/install/px4_msgs/include/px4_msgs/px4_msgs/msg/sensor_gps.hpp\n'}
[1.924958] (px4_msgs) StdoutLine: {'line': b'-- Up-to-date symlink: /home/maxim/super_ws/install/px4_msgs/include/px4_msgs/px4_msgs/msg/sensor_gyro.hpp\n'}
[1.925026] (px4_msgs) StdoutLine: {'line': b'-- Up-to-date symlink: /home/maxim/super_ws/install/px4_msgs/include/px4_msgs/px4_msgs/msg/sensor_gyro_fft.hpp\n'}
[1.925095] (px4_msgs) StdoutLine: {'line': b'-- Up-to-date symlink: /home/maxim/super_ws/install/px4_msgs/include/px4_msgs/px4_msgs/msg/sensor_gyro_fifo.hpp\n'}
[1.925169] (px4_msgs) StdoutLine: {'line': b'-- Up-to-date symlink: /home/maxim/super_ws/install/px4_msgs/include/px4_msgs/px4_msgs/msg/sensor_hygrometer.hpp\n'}
[1.925270] (px4_msgs) StdoutLine: {'line': b'-- Up-to-date symlink: /home/maxim/super_ws/install/px4_msgs/include/px4_msgs/px4_msgs/msg/sensor_mag.hpp\n'}
[1.925341] (px4_msgs) StdoutLine: {'line': b'-- Up-to-date symlink: /home/maxim/super_ws/install/px4_msgs/include/px4_msgs/px4_msgs/msg/sensor_optical_flow.hpp\n'}
[1.925418] (px4_msgs) StdoutLine: {'line': b'-- Up-to-date symlink: /home/maxim/super_ws/install/px4_msgs/include/px4_msgs/px4_msgs/msg/sensor_preflight_mag.hpp\n'}
[1.925489] (px4_msgs) StdoutLine: {'line': b'-- Up-to-date symlink: /home/maxim/super_ws/install/px4_msgs/include/px4_msgs/px4_msgs/msg/sensor_selection.hpp\n'}
[1.925564] (px4_msgs) StdoutLine: {'line': b'-- Up-to-date symlink: /home/maxim/super_ws/install/px4_msgs/include/px4_msgs/px4_msgs/msg/sensor_temp.hpp\n'}
[1.925638] (px4_msgs) StdoutLine: {'line': b'-- Up-to-date symlink: /home/maxim/super_ws/install/px4_msgs/include/px4_msgs/px4_msgs/msg/sensor_uwb.hpp\n'}
[1.925705] (px4_msgs) StdoutLine: {'line': b'-- Up-to-date symlink: /home/maxim/super_ws/install/px4_msgs/include/px4_msgs/px4_msgs/msg/sensors_status.hpp\n'}
[1.925776] (px4_msgs) StdoutLine: {'line': b'-- Up-to-date symlink: /home/maxim/super_ws/install/px4_msgs/include/px4_msgs/px4_msgs/msg/sensors_status_imu.hpp\n'}
[1.925880] (px4_msgs) StdoutLine: {'line': b'-- Up-to-date symlink: /home/maxim/super_ws/install/px4_msgs/include/px4_msgs/px4_msgs/msg/system_power.hpp\n'}
[1.925961] (px4_msgs) StdoutLine: {'line': b'-- Up-to-date symlink: /home/maxim/super_ws/install/px4_msgs/include/px4_msgs/px4_msgs/msg/takeoff_status.hpp\n'}
[1.926040] (px4_msgs) StdoutLine: {'line': b'-- Up-to-date symlink: /home/maxim/super_ws/install/px4_msgs/include/px4_msgs/px4_msgs/msg/target_gnss.hpp\n'}
[1.926120] (px4_msgs) StdoutLine: {'line': b'-- Up-to-date symlink: /home/maxim/super_ws/install/px4_msgs/include/px4_msgs/px4_msgs/msg/task_stack_info.hpp\n'}
[1.926194] (px4_msgs) StdoutLine: {'line': b'-- Up-to-date symlink: /home/maxim/super_ws/install/px4_msgs/include/px4_msgs/px4_msgs/msg/tecs_status.hpp\n'}
[1.926264] (px4_msgs) StdoutLine: {'line': b'-- Up-to-date symlink: /home/maxim/super_ws/install/px4_msgs/include/px4_msgs/px4_msgs/msg/telemetry_status.hpp\n'}
[1.926332] (px4_msgs) StdoutLine: {'line': b'-- Up-to-date symlink: /home/maxim/super_ws/install/px4_msgs/include/px4_msgs/px4_msgs/msg/tiltrotor_extra_controls.hpp\n'}
[1.926426] (px4_msgs) StdoutLine: {'line': b'-- Up-to-date symlink: /home/maxim/super_ws/install/px4_msgs/include/px4_msgs/px4_msgs/msg/timesync_status.hpp\n'}
[1.926532] (px4_msgs) StdoutLine: {'line': b'-- Up-to-date symlink: /home/maxim/super_ws/install/px4_msgs/include/px4_msgs/px4_msgs/msg/trajectory_setpoint.hpp\n'}
[1.926615] (px4_msgs) StdoutLine: {'line': b'-- Up-to-date symlink: /home/maxim/super_ws/install/px4_msgs/include/px4_msgs/px4_msgs/msg/trajectory_setpoint6dof.hpp\n'}
[1.926689] (px4_msgs) StdoutLine: {'line': b'-- Up-to-date symlink: /home/maxim/super_ws/install/px4_msgs/include/px4_msgs/px4_msgs/msg/transponder_report.hpp\n'}
[1.926760] (px4_msgs) StdoutLine: {'line': b'-- Up-to-date symlink: /home/maxim/super_ws/install/px4_msgs/include/px4_msgs/px4_msgs/msg/tune_control.hpp\n'}
[1.926830] (px4_msgs) StdoutLine: {'line': b'-- Up-to-date symlink: /home/maxim/super_ws/install/px4_msgs/include/px4_msgs/px4_msgs/msg/uavcan_parameter_request.hpp\n'}
[1.926900] (px4_msgs) StdoutLine: {'line': b'-- Up-to-date symlink: /home/maxim/super_ws/install/px4_msgs/include/px4_msgs/px4_msgs/msg/uavcan_parameter_value.hpp\n'}
[1.926974] (px4_msgs) StdoutLine: {'line': b'-- Up-to-date symlink: /home/maxim/super_ws/install/px4_msgs/include/px4_msgs/px4_msgs/msg/ulog_stream.hpp\n'}
[1.927044] (px4_msgs) StdoutLine: {'line': b'-- Up-to-date symlink: /home/maxim/super_ws/install/px4_msgs/include/px4_msgs/px4_msgs/msg/ulog_stream_ack.hpp\n'}
[1.927112] (px4_msgs) StdoutLine: {'line': b'-- Up-to-date symlink: /home/maxim/super_ws/install/px4_msgs/include/px4_msgs/px4_msgs/msg/unregister_ext_component.hpp\n'}
[1.927182] (px4_msgs) StdoutLine: {'line': b'-- Up-to-date symlink: /home/maxim/super_ws/install/px4_msgs/include/px4_msgs/px4_msgs/msg/vehicle_acceleration.hpp\n'}
[1.927253] (px4_msgs) StdoutLine: {'line': b'-- Up-to-date symlink: /home/maxim/super_ws/install/px4_msgs/include/px4_msgs/px4_msgs/msg/vehicle_air_data.hpp\n'}
[1.927320] (px4_msgs) StdoutLine: {'line': b'-- Up-to-date symlink: /home/maxim/super_ws/install/px4_msgs/include/px4_msgs/px4_msgs/msg/vehicle_angular_acceleration_setpoint.hpp\n'}
[1.927395] (px4_msgs) StdoutLine: {'line': b'-- Up-to-date symlink: /home/maxim/super_ws/install/px4_msgs/include/px4_msgs/px4_msgs/msg/vehicle_angular_velocity.hpp\n'}
[1.927474] (px4_msgs) StdoutLine: {'line': b'-- Up-to-date symlink: /home/maxim/super_ws/install/px4_msgs/include/px4_msgs/px4_msgs/msg/vehicle_attitude.hpp\n'}
[1.927550] (px4_msgs) StdoutLine: {'line': b'-- Up-to-date symlink: /home/maxim/super_ws/install/px4_msgs/include/px4_msgs/px4_msgs/msg/vehicle_attitude_setpoint.hpp\n'}
[1.927634] (px4_msgs) StdoutLine: {'line': b'-- Up-to-date symlink: /home/maxim/super_ws/install/px4_msgs/include/px4_msgs/px4_msgs/msg/vehicle_command.hpp\n'}
[1.927715] (px4_msgs) StdoutLine: {'line': b'-- Up-to-date symlink: /home/maxim/super_ws/install/px4_msgs/include/px4_msgs/px4_msgs/msg/vehicle_command_ack.hpp\n'}
[1.927794] (px4_msgs) StdoutLine: {'line': b'-- Up-to-date symlink: /home/maxim/super_ws/install/px4_msgs/include/px4_msgs/px4_msgs/msg/vehicle_constraints.hpp\n'}
[1.927869] (px4_msgs) StdoutLine: {'line': b'-- Up-to-date symlink: /home/maxim/super_ws/install/px4_msgs/include/px4_msgs/px4_msgs/msg/vehicle_control_mode.hpp\n'}
[1.927944] (px4_msgs) StdoutLine: {'line': b'-- Up-to-date symlink: /home/maxim/super_ws/install/px4_msgs/include/px4_msgs/px4_msgs/msg/vehicle_global_position.hpp\n'}
[1.928017] (px4_msgs) StdoutLine: {'line': b'-- Up-to-date symlink: /home/maxim/super_ws/install/px4_msgs/include/px4_msgs/px4_msgs/msg/vehicle_imu.hpp\n'}
[1.928127] (px4_msgs) StdoutLine: {'line': b'-- Up-to-date symlink: /home/maxim/super_ws/install/px4_msgs/include/px4_msgs/px4_msgs/msg/vehicle_imu_status.hpp\n'}
[1.928227] (px4_msgs) StdoutLine: {'line': b'-- Up-to-date symlink: /home/maxim/super_ws/install/px4_msgs/include/px4_msgs/px4_msgs/msg/vehicle_land_detected.hpp\n'}
[1.928304] (px4_msgs) StdoutLine: {'line': b'-- Up-to-date symlink: /home/maxim/super_ws/install/px4_msgs/include/px4_msgs/px4_msgs/msg/vehicle_local_position.hpp\n'}
[1.928364] (px4_msgs) StdoutLine: {'line': b'-- Up-to-date symlink: /home/maxim/super_ws/install/px4_msgs/include/px4_msgs/px4_msgs/msg/vehicle_local_position_setpoint.hpp\n'}
[1.928437] (px4_msgs) StdoutLine: {'line': b'-- Up-to-date symlink: /home/maxim/super_ws/install/px4_msgs/include/px4_msgs/px4_msgs/msg/vehicle_magnetometer.hpp\n'}
[1.928507] (px4_msgs) StdoutLine: {'line': b'-- Up-to-date symlink: /home/maxim/super_ws/install/px4_msgs/include/px4_msgs/px4_msgs/msg/vehicle_odometry.hpp\n'}
[1.928577] (px4_msgs) StdoutLine: {'line': b'-- Up-to-date symlink: /home/maxim/super_ws/install/px4_msgs/include/px4_msgs/px4_msgs/msg/vehicle_optical_flow.hpp\n'}
[1.928652] (px4_msgs) StdoutLine: {'line': b'-- Up-to-date symlink: /home/maxim/super_ws/install/px4_msgs/include/px4_msgs/px4_msgs/msg/vehicle_optical_flow_vel.hpp\n'}
[1.928721] (px4_msgs) StdoutLine: {'line': b'-- Up-to-date symlink: /home/maxim/super_ws/install/px4_msgs/include/px4_msgs/px4_msgs/msg/vehicle_rates_setpoint.hpp\n'}
[1.928795] (px4_msgs) StdoutLine: {'line': b'-- Up-to-date symlink: /home/maxim/super_ws/install/px4_msgs/include/px4_msgs/px4_msgs/msg/vehicle_roi.hpp\n'}
[1.928866] (px4_msgs) StdoutLine: {'line': b'-- Up-to-date symlink: /home/maxim/super_ws/install/px4_msgs/include/px4_msgs/px4_msgs/msg/vehicle_status.hpp\n'}
[1.928933] (px4_msgs) StdoutLine: {'line': b'-- Up-to-date symlink: /home/maxim/super_ws/install/px4_msgs/include/px4_msgs/px4_msgs/msg/vehicle_thrust_setpoint.hpp\n'}
[1.928999] (px4_msgs) StdoutLine: {'line': b'-- Up-to-date symlink: /home/maxim/super_ws/install/px4_msgs/include/px4_msgs/px4_msgs/msg/vehicle_torque_setpoint.hpp\n'}
[1.929085] (px4_msgs) StdoutLine: {'line': b'-- Up-to-date symlink: /home/maxim/super_ws/install/px4_msgs/include/px4_msgs/px4_msgs/msg/velocity_limits.hpp\n'}
[1.929190] (px4_msgs) StdoutLine: {'line': b'-- Up-to-date symlink: /home/maxim/super_ws/install/px4_msgs/include/px4_msgs/px4_msgs/msg/vte_aid_source1d.hpp\n'}
[1.929261] (px4_msgs) StdoutLine: {'line': b'-- Up-to-date symlink: /home/maxim/super_ws/install/px4_msgs/include/px4_msgs/px4_msgs/msg/vte_aid_source3d.hpp\n'}
[1.929330] (px4_msgs) StdoutLine: {'line': b'-- Up-to-date symlink: /home/maxim/super_ws/install/px4_msgs/include/px4_msgs/px4_msgs/msg/vte_bias_init_status.hpp\n'}
[1.929405] (px4_msgs) StdoutLine: {'line': b'-- Up-to-date symlink: /home/maxim/super_ws/install/px4_msgs/include/px4_msgs/px4_msgs/msg/vte_input.hpp\n'}
[1.929474] (px4_msgs) StdoutLine: {'line': b'-- Up-to-date symlink: /home/maxim/super_ws/install/px4_msgs/include/px4_msgs/px4_msgs/msg/vte_orientation.hpp\n'}
[1.929543] (px4_msgs) StdoutLine: {'line': b'-- Up-to-date symlink: /home/maxim/super_ws/install/px4_msgs/include/px4_msgs/px4_msgs/msg/vte_position.hpp\n'}
[1.929639] (px4_msgs) StdoutLine: {'line': b'-- Up-to-date symlink: /home/maxim/super_ws/install/px4_msgs/include/px4_msgs/px4_msgs/msg/vtol_vehicle_status.hpp\n'}
[1.929757] (px4_msgs) StdoutLine: {'line': b'-- Up-to-date symlink: /home/maxim/super_ws/install/px4_msgs/include/px4_msgs/px4_msgs/msg/vtx.hpp\n'}
[1.929818] (px4_msgs) StdoutLine: {'line': b'-- Up-to-date symlink: /home/maxim/super_ws/install/px4_msgs/include/px4_msgs/px4_msgs/msg/wheel_encoders.hpp\n'}
[1.929897] (px4_msgs) StdoutLine: {'line': b'-- Up-to-date symlink: /home/maxim/super_ws/install/px4_msgs/include/px4_msgs/px4_msgs/msg/wind.hpp\n'}
[1.929955] (px4_msgs) StdoutLine: {'line': b'-- Up-to-date symlink: /home/maxim/super_ws/install/px4_msgs/include/px4_msgs/px4_msgs/msg/yaw_estimator_status.hpp\n'}
[1.930029] (px4_msgs) StdoutLine: {'line': b'-- Up-to-date symlink: /home/maxim/super_ws/install/px4_msgs/include/px4_msgs/px4_msgs/srv/detail/vehicle_command__builder.hpp\n'}
[1.930095] (px4_msgs) StdoutLine: {'line': b'-- Up-to-date symlink: /home/maxim/super_ws/install/px4_msgs/include/px4_msgs/px4_msgs/srv/detail/vehicle_command__struct.hpp\n'}
[1.930180] (px4_msgs) StdoutLine: {'line': b'-- Up-to-date symlink: /home/maxim/super_ws/install/px4_msgs/include/px4_msgs/px4_msgs/srv/detail/vehicle_command__traits.hpp\n'}
[1.930252] (px4_msgs) StdoutLine: {'line': b'-- Up-to-date symlink: /home/maxim/super_ws/install/px4_msgs/include/px4_msgs/px4_msgs/srv/detail/vehicle_command__type_support.hpp\n'}
[1.930323] (px4_msgs) StdoutLine: {'line': b'-- Up-to-date symlink: /home/maxim/super_ws/install/px4_msgs/include/px4_msgs/px4_msgs/srv/vehicle_command.hpp\n'}
[1.935543] (px4_msgs) StdoutLine: {'line': b'-- Up-to-date symlink: /home/maxim/super_ws/install/px4_msgs/include/px4_msgs/px4_msgs/msg/detail/action_request__rosidl_typesupport_fastrtps_cpp.hpp\n'}
[1.935657] (px4_msgs) StdoutLine: {'line': b'-- Up-to-date symlink: /home/maxim/super_ws/install/px4_msgs/include/px4_msgs/px4_msgs/msg/detail/actuator_armed__rosidl_typesupport_fastrtps_cpp.hpp\n'}
[1.935754] (px4_msgs) StdoutLine: {'line': b'-- Up-to-date symlink: /home/maxim/super_ws/install/px4_msgs/include/px4_msgs/px4_msgs/msg/detail/actuator_controls_status__rosidl_typesupport_fastrtps_cpp.hpp\n'}
[1.935815] (px4_msgs) StdoutLine: {'line': b'-- Up-to-date symlink: /home/maxim/super_ws/install/px4_msgs/include/px4_msgs/px4_msgs/msg/detail/actuator_motors__rosidl_typesupport_fastrtps_cpp.hpp\n'}
[1.935885] (px4_msgs) StdoutLine: {'line': b'-- Up-to-date symlink: /home/maxim/super_ws/install/px4_msgs/include/px4_msgs/px4_msgs/msg/detail/actuator_outputs__rosidl_typesupport_fastrtps_cpp.hpp\n'}
[1.935958] (px4_msgs) StdoutLine: {'line': b'-- Up-to-date symlink: /home/maxim/super_ws/install/px4_msgs/include/px4_msgs/px4_msgs/msg/detail/actuator_servos__rosidl_typesupport_fastrtps_cpp.hpp\n'}
[1.936035] (px4_msgs) StdoutLine: {'line': b'-- Up-to-date symlink: /home/maxim/super_ws/install/px4_msgs/include/px4_msgs/px4_msgs/msg/detail/actuator_servos_trim__rosidl_typesupport_fastrtps_cpp.hpp\n'}
[1.936094] (px4_msgs) StdoutLine: {'line': b'-- Up-to-date symlink: /home/maxim/super_ws/install/px4_msgs/include/px4_msgs/px4_msgs/msg/detail/actuator_test__rosidl_typesupport_fastrtps_cpp.hpp\n'}
[1.936162] (px4_msgs) StdoutLine: {'line': b'-- Up-to-date symlink: /home/maxim/super_ws/install/px4_msgs/include/px4_msgs/px4_msgs/msg/detail/adc_report__rosidl_typesupport_fastrtps_cpp.hpp\n'}
[1.936232] (px4_msgs) StdoutLine: {'line': b'-- Up-to-date symlink: /home/maxim/super_ws/install/px4_msgs/include/px4_msgs/px4_msgs/msg/detail/airspeed__rosidl_typesupport_fastrtps_cpp.hpp\n'}
[1.936300] (px4_msgs) StdoutLine: {'line': b'-- Up-to-date symlink: /home/maxim/super_ws/install/px4_msgs/include/px4_msgs/px4_msgs/msg/detail/airspeed_validated__rosidl_typesupport_fastrtps_cpp.hpp\n'}
[1.936365] (px4_msgs) StdoutLine: {'line': b'-- Up-to-date symlink: /home/maxim/super_ws/install/px4_msgs/include/px4_msgs/px4_msgs/msg/detail/airspeed_wind__rosidl_typesupport_fastrtps_cpp.hpp\n'}
[1.936447] (px4_msgs) StdoutLine: {'line': b'-- Up-to-date symlink: /home/maxim/super_ws/install/px4_msgs/include/px4_msgs/px4_msgs/msg/detail/arming_check_reply__rosidl_typesupport_fastrtps_cpp.hpp\n'}
[1.936551] (px4_msgs) StdoutLine: {'line': b'-- Up-to-date symlink: /home/maxim/super_ws/install/px4_msgs/include/px4_msgs/px4_msgs/msg/detail/arming_check_request__rosidl_typesupport_fastrtps_cpp.hpp\n'}
[1.936630] (px4_msgs) StdoutLine: {'line': b'-- Up-to-date symlink: /home/maxim/super_ws/install/px4_msgs/include/px4_msgs/px4_msgs/msg/detail/autotune_attitude_control_status__rosidl_typesupport_fastrtps_cpp.hpp\n'}
[1.936713] (px4_msgs) StdoutLine: {'line': b'-- Up-to-date symlink: /home/maxim/super_ws/install/px4_msgs/include/px4_msgs/px4_msgs/msg/detail/aux_global_position__rosidl_typesupport_fastrtps_cpp.hpp\n'}
[1.936790] (px4_msgs) StdoutLine: {'line': b'-- Up-to-date symlink: /home/maxim/super_ws/install/px4_msgs/include/px4_msgs/px4_msgs/msg/detail/battery_info__rosidl_typesupport_fastrtps_cpp.hpp\n'}
[1.936866] (px4_msgs) StdoutLine: {'line': b'-- Up-to-date symlink: /home/maxim/super_ws/install/px4_msgs/include/px4_msgs/px4_msgs/msg/detail/battery_status__rosidl_typesupport_fastrtps_cpp.hpp\n'}
[1.936934] (px4_msgs) StdoutLine: {'line': b'-- Up-to-date symlink: /home/maxim/super_ws/install/px4_msgs/include/px4_msgs/px4_msgs/msg/detail/button_event__rosidl_typesupport_fastrtps_cpp.hpp\n'}
[1.937005] (px4_msgs) StdoutLine: {'line': b'-- Up-to-date symlink: /home/maxim/super_ws/install/px4_msgs/include/px4_msgs/px4_msgs/msg/detail/camera_capture__rosidl_typesupport_fastrtps_cpp.hpp\n'}
[1.937073] (px4_msgs) StdoutLine: {'line': b'-- Up-to-date symlink: /home/maxim/super_ws/install/px4_msgs/include/px4_msgs/px4_msgs/msg/detail/camera_status__rosidl_typesupport_fastrtps_cpp.hpp\n'}
[1.937195] (px4_msgs) StdoutLine: {'line': b'-- Up-to-date symlink: /home/maxim/super_ws/install/px4_msgs/include/px4_msgs/px4_msgs/msg/detail/camera_trigger__rosidl_typesupport_fastrtps_cpp.hpp\n'}
[1.937273] (px4_msgs) StdoutLine: {'line': b'-- Up-to-date symlink: /home/maxim/super_ws/install/px4_msgs/include/px4_msgs/px4_msgs/msg/detail/can_interface_status__rosidl_typesupport_fastrtps_cpp.hpp\n'}
[1.937350] (px4_msgs) StdoutLine: {'line': b'-- Up-to-date symlink: /home/maxim/super_ws/install/px4_msgs/include/px4_msgs/px4_msgs/msg/detail/cellular_status__rosidl_typesupport_fastrtps_cpp.hpp\n'}
[1.937434] (px4_msgs) StdoutLine: {'line': b'-- Up-to-date symlink: /home/maxim/super_ws/install/px4_msgs/include/px4_msgs/px4_msgs/msg/detail/collision_constraints__rosidl_typesupport_fastrtps_cpp.hpp\n'}
[1.937507] (px4_msgs) StdoutLine: {'line': b'-- Up-to-date symlink: /home/maxim/super_ws/install/px4_msgs/include/px4_msgs/px4_msgs/msg/detail/config_overrides__rosidl_typesupport_fastrtps_cpp.hpp\n'}
[1.937580] (px4_msgs) StdoutLine: {'line': b'-- Up-to-date symlink: /home/maxim/super_ws/install/px4_msgs/include/px4_msgs/px4_msgs/msg/detail/control_allocator_status__rosidl_typesupport_fastrtps_cpp.hpp\n'}
[1.937653] (px4_msgs) StdoutLine: {'line': b'-- Up-to-date symlink: /home/maxim/super_ws/install/px4_msgs/include/px4_msgs/px4_msgs/msg/detail/cpuload__rosidl_typesupport_fastrtps_cpp.hpp\n'}
[1.937727] (px4_msgs) StdoutLine: {'line': b'-- Up-to-date symlink: /home/maxim/super_ws/install/px4_msgs/include/px4_msgs/px4_msgs/msg/detail/dataman_request__rosidl_typesupport_fastrtps_cpp.hpp\n'}
[1.937800] (px4_msgs) StdoutLine: {'line': b'-- Up-to-date symlink: /home/maxim/super_ws/install/px4_msgs/include/px4_msgs/px4_msgs/msg/detail/dataman_response__rosidl_typesupport_fastrtps_cpp.hpp\n'}
[1.937873] (px4_msgs) StdoutLine: {'line': b'-- Up-to-date symlink: /home/maxim/super_ws/install/px4_msgs/include/px4_msgs/px4_msgs/msg/detail/debug_array__rosidl_typesupport_fastrtps_cpp.hpp\n'}
[1.937992] (px4_msgs) StdoutLine: {'line': b'-- Up-to-date symlink: /home/maxim/super_ws/install/px4_msgs/include/px4_msgs/px4_msgs/msg/detail/debug_key_value__rosidl_typesupport_fastrtps_cpp.hpp\n'}
[1.938074] (px4_msgs) StdoutLine: {'line': b'-- Up-to-date symlink: /home/maxim/super_ws/install/px4_msgs/include/px4_msgs/px4_msgs/msg/detail/debug_value__rosidl_typesupport_fastrtps_cpp.hpp\n'}
[1.938165] (px4_msgs) StdoutLine: {'line': b'-- Up-to-date symlink: /home/maxim/super_ws/install/px4_msgs/include/px4_msgs/px4_msgs/msg/detail/debug_vect__rosidl_typesupport_fastrtps_cpp.hpp\n'}
[1.938247] (px4_msgs) StdoutLine: {'line': b'-- Up-to-date symlink: /home/maxim/super_ws/install/px4_msgs/include/px4_msgs/px4_msgs/msg/detail/device_information__rosidl_typesupport_fastrtps_cpp.hpp\n'}
[1.938321] (px4_msgs) StdoutLine: {'line': b'-- Up-to-date symlink: /home/maxim/super_ws/install/px4_msgs/include/px4_msgs/px4_msgs/msg/detail/differential_pressure__rosidl_typesupport_fastrtps_cpp.hpp\n'}
[1.938410] (px4_msgs) StdoutLine: {'line': b'-- Up-to-date symlink: /home/maxim/super_ws/install/px4_msgs/include/px4_msgs/px4_msgs/msg/detail/distance_sensor__rosidl_typesupport_fastrtps_cpp.hpp\n'}
[1.938491] (px4_msgs) StdoutLine: {'line': b'-- Up-to-date symlink: /home/maxim/super_ws/install/px4_msgs/include/px4_msgs/px4_msgs/msg/detail/distance_sensor_mode_change_request__rosidl_typesupport_fastrtps_cpp.hpp\n'}
[1.938562] (px4_msgs) StdoutLine: {'line': b'-- Up-to-date symlink: /home/maxim/super_ws/install/px4_msgs/include/px4_msgs/px4_msgs/msg/detail/dronecan_node_status__rosidl_typesupport_fastrtps_cpp.hpp\n'}
[1.938634] (px4_msgs) StdoutLine: {'line': b'-- Up-to-date symlink: /home/maxim/super_ws/install/px4_msgs/include/px4_msgs/px4_msgs/msg/detail/ekf2_timestamps__rosidl_typesupport_fastrtps_cpp.hpp\n'}
[1.938707] (px4_msgs) StdoutLine: {'line': b'-- Up-to-date symlink: /home/maxim/super_ws/install/px4_msgs/include/px4_msgs/px4_msgs/msg/detail/esc_eeprom_read__rosidl_typesupport_fastrtps_cpp.hpp\n'}
[1.938782] (px4_msgs) StdoutLine: {'line': b'-- Up-to-date symlink: /home/maxim/super_ws/install/px4_msgs/include/px4_msgs/px4_msgs/msg/detail/esc_eeprom_write__rosidl_typesupport_fastrtps_cpp.hpp\n'}
[1.938852] (px4_msgs) StdoutLine: {'line': b'-- Up-to-date symlink: /home/maxim/super_ws/install/px4_msgs/include/px4_msgs/px4_msgs/msg/detail/esc_report__rosidl_typesupport_fastrtps_cpp.hpp\n'}
[1.938922] (px4_msgs) StdoutLine: {'line': b'-- Up-to-date symlink: /home/maxim/super_ws/install/px4_msgs/include/px4_msgs/px4_msgs/msg/detail/esc_status__rosidl_typesupport_fastrtps_cpp.hpp\n'}
[1.938989] (px4_msgs) StdoutLine: {'line': b'-- Up-to-date symlink: /home/maxim/super_ws/install/px4_msgs/include/px4_msgs/px4_msgs/msg/detail/estimator_aid_source1d__rosidl_typesupport_fastrtps_cpp.hpp\n'}
[1.939107] (px4_msgs) StdoutLine: {'line': b'-- Up-to-date symlink: /home/maxim/super_ws/install/px4_msgs/include/px4_msgs/px4_msgs/msg/detail/estimator_aid_source2d__rosidl_typesupport_fastrtps_cpp.hpp\n'}
[1.939191] (px4_msgs) StdoutLine: {'line': b'-- Up-to-date symlink: /home/maxim/super_ws/install/px4_msgs/include/px4_msgs/px4_msgs/msg/detail/estimator_aid_source3d__rosidl_typesupport_fastrtps_cpp.hpp\n'}
[1.939269] (px4_msgs) StdoutLine: {'line': b'-- Up-to-date symlink: /home/maxim/super_ws/install/px4_msgs/include/px4_msgs/px4_msgs/msg/detail/estimator_bias3d__rosidl_typesupport_fastrtps_cpp.hpp\n'}
[1.939346] (px4_msgs) StdoutLine: {'line': b'-- Up-to-date symlink: /home/maxim/super_ws/install/px4_msgs/include/px4_msgs/px4_msgs/msg/detail/estimator_bias__rosidl_typesupport_fastrtps_cpp.hpp\n'}
[1.939424] (px4_msgs) StdoutLine: {'line': b'-- Up-to-date symlink: /home/maxim/super_ws/install/px4_msgs/include/px4_msgs/px4_msgs/msg/detail/estimator_event_flags__rosidl_typesupport_fastrtps_cpp.hpp\n'}
[1.939498] (px4_msgs) StdoutLine: {'line': b'-- Up-to-date symlink: /home/maxim/super_ws/install/px4_msgs/include/px4_msgs/px4_msgs/msg/detail/estimator_fusion_control__rosidl_typesupport_fastrtps_cpp.hpp\n'}
[1.939567] (px4_msgs) StdoutLine: {'line': b'-- Up-to-date symlink: /home/maxim/super_ws/install/px4_msgs/include/px4_msgs/px4_msgs/msg/detail/estimator_gps_status__rosidl_typesupport_fastrtps_cpp.hpp\n'}
[1.939639] (px4_msgs) StdoutLine: {'line': b'-- Up-to-date symlink: /home/maxim/super_ws/install/px4_msgs/include/px4_msgs/px4_msgs/msg/detail/estimator_innovations__rosidl_typesupport_fastrtps_cpp.hpp\n'}
[1.939708] (px4_msgs) StdoutLine: {'line': b'-- Up-to-date symlink: /home/maxim/super_ws/install/px4_msgs/include/px4_msgs/px4_msgs/msg/detail/estimator_selector_status__rosidl_typesupport_fastrtps_cpp.hpp\n'}
[1.939787] (px4_msgs) StdoutLine: {'line': b'-- Up-to-date symlink: /home/maxim/super_ws/install/px4_msgs/include/px4_msgs/px4_msgs/msg/detail/estimator_sensor_bias__rosidl_typesupport_fastrtps_cpp.hpp\n'}
[1.939865] (px4_msgs) StdoutLine: {'line': b'-- Up-to-date symlink: /home/maxim/super_ws/install/px4_msgs/include/px4_msgs/px4_msgs/msg/detail/estimator_states__rosidl_typesupport_fastrtps_cpp.hpp\n'}
[1.939981] (px4_msgs) StdoutLine: {'line': b'-- Up-to-date symlink: /home/maxim/super_ws/install/px4_msgs/include/px4_msgs/px4_msgs/msg/detail/estimator_status__rosidl_typesupport_fastrtps_cpp.hpp\n'}
[1.940058] (px4_msgs) StdoutLine: {'line': b'-- Up-to-date symlink: /home/maxim/super_ws/install/px4_msgs/include/px4_msgs/px4_msgs/msg/detail/estimator_status_flags__rosidl_typesupport_fastrtps_cpp.hpp\n'}
[1.940139] (px4_msgs) StdoutLine: {'line': b'-- Up-to-date symlink: /home/maxim/super_ws/install/px4_msgs/include/px4_msgs/px4_msgs/msg/detail/event__rosidl_typesupport_fastrtps_cpp.hpp\n'}
[1.940215] (px4_msgs) StdoutLine: {'line': b'-- Up-to-date symlink: /home/maxim/super_ws/install/px4_msgs/include/px4_msgs/px4_msgs/msg/detail/failsafe_flags__rosidl_typesupport_fastrtps_cpp.hpp\n'}
[1.940286] (px4_msgs) StdoutLine: {'line': b'-- Up-to-date symlink: /home/maxim/super_ws/install/px4_msgs/include/px4_msgs/px4_msgs/msg/detail/failure_detector_status__rosidl_typesupport_fastrtps_cpp.hpp\n'}
[1.940359] (px4_msgs) StdoutLine: {'line': b'-- Up-to-date symlink: /home/maxim/super_ws/install/px4_msgs/include/px4_msgs/px4_msgs/msg/detail/fiducial_marker_pos_report__rosidl_typesupport_fastrtps_cpp.hpp\n'}
[1.940433] (px4_msgs) StdoutLine: {'line': b'-- Up-to-date symlink: /home/maxim/super_ws/install/px4_msgs/include/px4_msgs/px4_msgs/msg/detail/fiducial_marker_yaw_report__rosidl_typesupport_fastrtps_cpp.hpp\n'}
[1.940503] (px4_msgs) StdoutLine: {'line': b'-- Up-to-date symlink: /home/maxim/super_ws/install/px4_msgs/include/px4_msgs/px4_msgs/msg/detail/figure_eight_status__rosidl_typesupport_fastrtps_cpp.hpp\n'}
[1.940582] (px4_msgs) StdoutLine: {'line': b'-- Up-to-date symlink: /home/maxim/super_ws/install/px4_msgs/include/px4_msgs/px4_msgs/msg/detail/fixed_wing_lateral_guidance_status__rosidl_typesupport_fastrtps_cpp.hpp\n'}
[1.940700] (px4_msgs) StdoutLine: {'line': b'-- Up-to-date symlink: /home/maxim/super_ws/install/px4_msgs/include/px4_msgs/px4_msgs/msg/detail/fixed_wing_lateral_setpoint__rosidl_typesupport_fastrtps_cpp.hpp\n'}
[1.940778] (px4_msgs) StdoutLine: {'line': b'-- Up-to-date symlink: /home/maxim/super_ws/install/px4_msgs/include/px4_msgs/px4_msgs/msg/detail/fixed_wing_lateral_status__rosidl_typesupport_fastrtps_cpp.hpp\n'}
[1.940857] (px4_msgs) StdoutLine: {'line': b'-- Up-to-date symlink: /home/maxim/super_ws/install/px4_msgs/include/px4_msgs/px4_msgs/msg/detail/fixed_wing_longitudinal_setpoint__rosidl_typesupport_fastrtps_cpp.hpp\n'}
[1.940933] (px4_msgs) StdoutLine: {'line': b'-- Up-to-date symlink: /home/maxim/super_ws/install/px4_msgs/include/px4_msgs/px4_msgs/msg/detail/fixed_wing_runway_control__rosidl_typesupport_fastrtps_cpp.hpp\n'}
[1.941007] (px4_msgs) StdoutLine: {'line': b'-- Up-to-date symlink: /home/maxim/super_ws/install/px4_msgs/include/px4_msgs/px4_msgs/msg/detail/flight_phase_estimation__rosidl_typesupport_fastrtps_cpp.hpp\n'}
[1.941077] (px4_msgs) StdoutLine: {'line': b'-- Up-to-date symlink: /home/maxim/super_ws/install/px4_msgs/include/px4_msgs/px4_msgs/msg/detail/follow_target__rosidl_typesupport_fastrtps_cpp.hpp\n'}
[1.941144] (px4_msgs) StdoutLine: {'line': b'-- Up-to-date symlink: /home/maxim/super_ws/install/px4_msgs/include/px4_msgs/px4_msgs/msg/detail/follow_target_estimator__rosidl_typesupport_fastrtps_cpp.hpp\n'}
[1.941221] (px4_msgs) StdoutLine: {'line': b'-- Up-to-date symlink: /home/maxim/super_ws/install/px4_msgs/include/px4_msgs/px4_msgs/msg/detail/follow_target_status__rosidl_typesupport_fastrtps_cpp.hpp\n'}
[1.941298] (px4_msgs) StdoutLine: {'line': b'-- Up-to-date symlink: /home/maxim/super_ws/install/px4_msgs/include/px4_msgs/px4_msgs/msg/detail/fuel_tank_status__rosidl_typesupport_fastrtps_cpp.hpp\n'}
[1.941387] (px4_msgs) StdoutLine: {'line': b'-- Up-to-date symlink: /home/maxim/super_ws/install/px4_msgs/include/px4_msgs/px4_msgs/msg/detail/gain_compression__rosidl_typesupport_fastrtps_cpp.hpp\n'}
[1.941495] (px4_msgs) StdoutLine: {'line': b'-- Up-to-date symlink: /home/maxim/super_ws/install/px4_msgs/include/px4_msgs/px4_msgs/msg/detail/generator_status__rosidl_typesupport_fastrtps_cpp.hpp\n'}
[1.941577] (px4_msgs) StdoutLine: {'line': b'-- Up-to-date symlink: /home/maxim/super_ws/install/px4_msgs/include/px4_msgs/px4_msgs/msg/detail/geofence_result__rosidl_typesupport_fastrtps_cpp.hpp\n'}
[1.941658] (px4_msgs) StdoutLine: {'line': b'-- Up-to-date symlink: /home/maxim/super_ws/install/px4_msgs/include/px4_msgs/px4_msgs/msg/detail/geofence_status__rosidl_typesupport_fastrtps_cpp.hpp\n'}
[1.941736] (px4_msgs) StdoutLine: {'line': b'-- Up-to-date symlink: /home/maxim/super_ws/install/px4_msgs/include/px4_msgs/px4_msgs/msg/detail/gimbal_controls__rosidl_typesupport_fastrtps_cpp.hpp\n'}
[1.941807] (px4_msgs) StdoutLine: {'line': b'-- Up-to-date symlink: /home/maxim/super_ws/install/px4_msgs/include/px4_msgs/px4_msgs/msg/detail/gimbal_device_attitude_status__rosidl_typesupport_fastrtps_cpp.hpp\n'}
[1.941876] (px4_msgs) StdoutLine: {'line': b'-- Up-to-date symlink: /home/maxim/super_ws/install/px4_msgs/include/px4_msgs/px4_msgs/msg/detail/gimbal_device_information__rosidl_typesupport_fastrtps_cpp.hpp\n'}
[1.941948] (px4_msgs) StdoutLine: {'line': b'-- Up-to-date symlink: /home/maxim/super_ws/install/px4_msgs/include/px4_msgs/px4_msgs/msg/detail/gimbal_device_set_attitude__rosidl_typesupport_fastrtps_cpp.hpp\n'}
[1.942049] (px4_msgs) StdoutLine: {'line': b'-- Up-to-date symlink: /home/maxim/super_ws/install/px4_msgs/include/px4_msgs/px4_msgs/msg/detail/gimbal_manager_information__rosidl_typesupport_fastrtps_cpp.hpp\n'}
[1.942132] (px4_msgs) StdoutLine: {'line': b'-- Up-to-date symlink: /home/maxim/super_ws/install/px4_msgs/include/px4_msgs/px4_msgs/msg/detail/gimbal_manager_set_attitude__rosidl_typesupport_fastrtps_cpp.hpp\n'}
[1.942208] (px4_msgs) StdoutLine: {'line': b'-- Up-to-date symlink: /home/maxim/super_ws/install/px4_msgs/include/px4_msgs/px4_msgs/msg/detail/gimbal_manager_set_manual_control__rosidl_typesupport_fastrtps_cpp.hpp\n'}
[1.942282] (px4_msgs) StdoutLine: {'line': b'-- Up-to-date symlink: /home/maxim/super_ws/install/px4_msgs/include/px4_msgs/px4_msgs/msg/detail/gimbal_manager_status__rosidl_typesupport_fastrtps_cpp.hpp\n'}
[1.942353] (px4_msgs) StdoutLine: {'line': b'-- Up-to-date symlink: /home/maxim/super_ws/install/px4_msgs/include/px4_msgs/px4_msgs/msg/detail/goto_setpoint__rosidl_typesupport_fastrtps_cpp.hpp\n'}
[1.942422] (px4_msgs) StdoutLine: {'line': b'-- Up-to-date symlink: /home/maxim/super_ws/install/px4_msgs/include/px4_msgs/px4_msgs/msg/detail/gpio_config__rosidl_typesupport_fastrtps_cpp.hpp\n'}
[1.942493] (px4_msgs) StdoutLine: {'line': b'-- Up-to-date symlink: /home/maxim/super_ws/install/px4_msgs/include/px4_msgs/px4_msgs/msg/detail/gpio_in__rosidl_typesupport_fastrtps_cpp.hpp\n'}
[1.942574] (px4_msgs) StdoutLine: {'line': b'-- Up-to-date symlink: /home/maxim/super_ws/install/px4_msgs/include/px4_msgs/px4_msgs/msg/detail/gpio_out__rosidl_typesupport_fastrtps_cpp.hpp\n'}
[1.942681] (px4_msgs) StdoutLine: {'line': b'-- Up-to-date symlink: /home/maxim/super_ws/install/px4_msgs/include/px4_msgs/px4_msgs/msg/detail/gpio_request__rosidl_typesupport_fastrtps_cpp.hpp\n'}
[1.942762] (px4_msgs) StdoutLine: {'line': b'-- Up-to-date symlink: /home/maxim/super_ws/install/px4_msgs/include/px4_msgs/px4_msgs/msg/detail/gps_dump__rosidl_typesupport_fastrtps_cpp.hpp\n'}
[1.942835] (px4_msgs) StdoutLine: {'line': b'-- Up-to-date symlink: /home/maxim/super_ws/install/px4_msgs/include/px4_msgs/px4_msgs/msg/detail/gps_inject_data__rosidl_typesupport_fastrtps_cpp.hpp\n'}
[1.942909] (px4_msgs) StdoutLine: {'line': b'-- Up-to-date symlink: /home/maxim/super_ws/install/px4_msgs/include/px4_msgs/px4_msgs/msg/detail/gripper__rosidl_typesupport_fastrtps_cpp.hpp\n'}
[1.942981] (px4_msgs) StdoutLine: {'line': b'-- Up-to-date symlink: /home/maxim/super_ws/install/px4_msgs/include/px4_msgs/px4_msgs/msg/detail/health_report__rosidl_typesupport_fastrtps_cpp.hpp\n'}
[1.943050] (px4_msgs) StdoutLine: {'line': b'-- Up-to-date symlink: /home/maxim/super_ws/install/px4_msgs/include/px4_msgs/px4_msgs/msg/detail/heater_status__rosidl_typesupport_fastrtps_cpp.hpp\n'}
[1.943128] (px4_msgs) StdoutLine: {'line': b'-- Up-to-date symlink: /home/maxim/super_ws/install/px4_msgs/include/px4_msgs/px4_msgs/msg/detail/home_position__rosidl_typesupport_fastrtps_cpp.hpp\n'}
[1.943208] (px4_msgs) StdoutLine: {'line': b'-- Up-to-date symlink: /home/maxim/super_ws/install/px4_msgs/include/px4_msgs/px4_msgs/msg/detail/hover_thrust_estimate__rosidl_typesupport_fastrtps_cpp.hpp\n'}
[1.943288] (px4_msgs) StdoutLine: {'line': b'-- Up-to-date symlink: /home/maxim/super_ws/install/px4_msgs/include/px4_msgs/px4_msgs/msg/detail/input_rc__rosidl_typesupport_fastrtps_cpp.hpp\n'}
[1.943371] (px4_msgs) StdoutLine: {'line': b'-- Up-to-date symlink: /home/maxim/super_ws/install/px4_msgs/include/px4_msgs/px4_msgs/msg/detail/internal_combustion_engine_control__rosidl_typesupport_fastrtps_cpp.hpp\n'}
[1.943488] (px4_msgs) StdoutLine: {'line': b'-- Up-to-date symlink: /home/maxim/super_ws/install/px4_msgs/include/px4_msgs/px4_msgs/msg/detail/internal_combustion_engine_status__rosidl_typesupport_fastrtps_cpp.hpp\n'}
[1.943563] (px4_msgs) StdoutLine: {'line': b'-- Up-to-date symlink: /home/maxim/super_ws/install/px4_msgs/include/px4_msgs/px4_msgs/msg/detail/iridiumsbd_status__rosidl_typesupport_fastrtps_cpp.hpp\n'}
[1.943645] (px4_msgs) StdoutLine: {'line': b'-- Up-to-date symlink: /home/maxim/super_ws/install/px4_msgs/include/px4_msgs/px4_msgs/msg/detail/irlock_report__rosidl_typesupport_fastrtps_cpp.hpp\n'}
[1.943714] (px4_msgs) StdoutLine: {'line': b'-- Up-to-date symlink: /home/maxim/super_ws/install/px4_msgs/include/px4_msgs/px4_msgs/msg/detail/landing_gear__rosidl_typesupport_fastrtps_cpp.hpp\n'}
[1.943784] (px4_msgs) StdoutLine: {'line': b'-- Up-to-date symlink: /home/maxim/super_ws/install/px4_msgs/include/px4_msgs/px4_msgs/msg/detail/landing_gear_wheel__rosidl_typesupport_fastrtps_cpp.hpp\n'}
[1.943894] (px4_msgs) StdoutLine: {'line': b'-- Up-to-date symlink: /home/maxim/super_ws/install/px4_msgs/include/px4_msgs/px4_msgs/msg/detail/landing_target_innovations__rosidl_typesupport_fastrtps_cpp.hpp\n'}
[1.943970] (px4_msgs) StdoutLine: {'line': b'-- Up-to-date symlink: /home/maxim/super_ws/install/px4_msgs/include/px4_msgs/px4_msgs/msg/detail/landing_target_pose__rosidl_typesupport_fastrtps_cpp.hpp\n'}
[1.944042] (px4_msgs) StdoutLine: {'line': b'-- Up-to-date symlink: /home/maxim/super_ws/install/px4_msgs/include/px4_msgs/px4_msgs/msg/detail/lateral_control_configuration__rosidl_typesupport_fastrtps_cpp.hpp\n'}
[1.944114] (px4_msgs) StdoutLine: {'line': b'-- Up-to-date symlink: /home/maxim/super_ws/install/px4_msgs/include/px4_msgs/px4_msgs/msg/detail/launch_detection_status__rosidl_typesupport_fastrtps_cpp.hpp\n'}
[1.944215] (px4_msgs) StdoutLine: {'line': b'-- Up-to-date symlink: /home/maxim/super_ws/install/px4_msgs/include/px4_msgs/px4_msgs/msg/detail/led_control__rosidl_typesupport_fastrtps_cpp.hpp\n'}
[1.944299] (px4_msgs) StdoutLine: {'line': b'-- Up-to-date symlink: /home/maxim/super_ws/install/px4_msgs/include/px4_msgs/px4_msgs/msg/detail/log_message__rosidl_typesupport_fastrtps_cpp.hpp\n'}
[1.944378] (px4_msgs) StdoutLine: {'line': b'-- Up-to-date symlink: /home/maxim/super_ws/install/px4_msgs/include/px4_msgs/px4_msgs/msg/detail/logger_status__rosidl_typesupport_fastrtps_cpp.hpp\n'}
[1.944491] (px4_msgs) StdoutLine: {'line': b'-- Up-to-date symlink: /home/maxim/super_ws/install/px4_msgs/include/px4_msgs/px4_msgs/msg/detail/longitudinal_control_configuration__rosidl_typesupport_fastrtps_cpp.hpp\n'}
[1.944574] (px4_msgs) StdoutLine: {'line': b'-- Up-to-date symlink: /home/maxim/super_ws/install/px4_msgs/include/px4_msgs/px4_msgs/msg/detail/mag_worker_data__rosidl_typesupport_fastrtps_cpp.hpp\n'}
[1.944654] (px4_msgs) StdoutLine: {'line': b'-- Up-to-date symlink: /home/maxim/super_ws/install/px4_msgs/include/px4_msgs/px4_msgs/msg/detail/magnetometer_bias_estimate__rosidl_typesupport_fastrtps_cpp.hpp\n'}
[1.944726] (px4_msgs) StdoutLine: {'line': b'-- Up-to-date symlink: /home/maxim/super_ws/install/px4_msgs/include/px4_msgs/px4_msgs/msg/detail/manual_control_setpoint__rosidl_typesupport_fastrtps_cpp.hpp\n'}
[1.944798] (px4_msgs) StdoutLine: {'line': b'-- Up-to-date symlink: /home/maxim/super_ws/install/px4_msgs/include/px4_msgs/px4_msgs/msg/detail/manual_control_switches__rosidl_typesupport_fastrtps_cpp.hpp\n'}
[1.944867] (px4_msgs) StdoutLine: {'line': b'-- Up-to-date symlink: /home/maxim/super_ws/install/px4_msgs/include/px4_msgs/px4_msgs/msg/detail/mavlink_log__rosidl_typesupport_fastrtps_cpp.hpp\n'}
[1.944950] (px4_msgs) StdoutLine: {'line': b'-- Up-to-date symlink: /home/maxim/super_ws/install/px4_msgs/include/px4_msgs/px4_msgs/msg/detail/mavlink_tunnel__rosidl_typesupport_fastrtps_cpp.hpp\n'}
[1.945031] (px4_msgs) StdoutLine: {'line': b'-- Up-to-date symlink: /home/maxim/super_ws/install/px4_msgs/include/px4_msgs/px4_msgs/msg/detail/message_format_request__rosidl_typesupport_fastrtps_cpp.hpp\n'}
[1.945104] (px4_msgs) StdoutLine: {'line': b'-- Up-to-date symlink: /home/maxim/super_ws/install/px4_msgs/include/px4_msgs/px4_msgs/msg/detail/message_format_response__rosidl_typesupport_fastrtps_cpp.hpp\n'}
[1.945176] (px4_msgs) StdoutLine: {'line': b'-- Up-to-date symlink: /home/maxim/super_ws/install/px4_msgs/include/px4_msgs/px4_msgs/msg/detail/mission__rosidl_typesupport_fastrtps_cpp.hpp\n'}
[1.945247] (px4_msgs) StdoutLine: {'line': b'-- Up-to-date symlink: /home/maxim/super_ws/install/px4_msgs/include/px4_msgs/px4_msgs/msg/detail/mission_result__rosidl_typesupport_fastrtps_cpp.hpp\n'}
[1.945319] (px4_msgs) StdoutLine: {'line': b'-- Up-to-date symlink: /home/maxim/super_ws/install/px4_msgs/include/px4_msgs/px4_msgs/msg/detail/mode_completed__rosidl_typesupport_fastrtps_cpp.hpp\n'}
[1.945393] (px4_msgs) StdoutLine: {'line': b'-- Up-to-date symlink: /home/maxim/super_ws/install/px4_msgs/include/px4_msgs/px4_msgs/msg/detail/mount_orientation__rosidl_typesupport_fastrtps_cpp.hpp\n'}
[1.945511] (px4_msgs) StdoutLine: {'line': b'-- Up-to-date symlink: /home/maxim/super_ws/install/px4_msgs/include/px4_msgs/px4_msgs/msg/detail/navigator_mission_item__rosidl_typesupport_fastrtps_cpp.hpp\n'}
[1.945585] (px4_msgs) StdoutLine: {'line': b'-- Up-to-date symlink: /home/maxim/super_ws/install/px4_msgs/include/px4_msgs/px4_msgs/msg/detail/navigator_status__rosidl_typesupport_fastrtps_cpp.hpp\n'}
[1.945655] (px4_msgs) StdoutLine: {'line': b'-- Up-to-date symlink: /home/maxim/super_ws/install/px4_msgs/include/px4_msgs/px4_msgs/msg/detail/neural_control__rosidl_typesupport_fastrtps_cpp.hpp\n'}
[1.945722] (px4_msgs) StdoutLine: {'line': b'-- Up-to-date symlink: /home/maxim/super_ws/install/px4_msgs/include/px4_msgs/px4_msgs/msg/detail/normalized_unsigned_setpoint__rosidl_typesupport_fastrtps_cpp.hpp\n'}
[1.945791] (px4_msgs) StdoutLine: {'line': b'-- Up-to-date symlink: /home/maxim/super_ws/install/px4_msgs/include/px4_msgs/px4_msgs/msg/detail/obstacle_distance__rosidl_typesupport_fastrtps_cpp.hpp\n'}
[1.945865] (px4_msgs) StdoutLine: {'line': b'-- Up-to-date symlink: /home/maxim/super_ws/install/px4_msgs/include/px4_msgs/px4_msgs/msg/detail/offboard_control_mode__rosidl_typesupport_fastrtps_cpp.hpp\n'}
[1.945937] (px4_msgs) StdoutLine: {'line': b'-- Up-to-date symlink: /home/maxim/super_ws/install/px4_msgs/include/px4_msgs/px4_msgs/msg/detail/onboard_computer_status__rosidl_typesupport_fastrtps_cpp.hpp\n'}
[1.946006] (px4_msgs) StdoutLine: {'line': b'-- Up-to-date symlink: /home/maxim/super_ws/install/px4_msgs/include/px4_msgs/px4_msgs/msg/detail/open_drone_id_arm_status__rosidl_typesupport_fastrtps_cpp.hpp\n'}
[1.946084] (px4_msgs) StdoutLine: {'line': b'-- Up-to-date symlink: /home/maxim/super_ws/install/px4_msgs/include/px4_msgs/px4_msgs/msg/detail/open_drone_id_operator_id__rosidl_typesupport_fastrtps_cpp.hpp\n'}
[1.946162] (px4_msgs) StdoutLine: {'line': b'-- Up-to-date symlink: /home/maxim/super_ws/install/px4_msgs/include/px4_msgs/px4_msgs/msg/detail/open_drone_id_self_id__rosidl_typesupport_fastrtps_cpp.hpp\n'}
[1.946241] (px4_msgs) StdoutLine: {'line': b'-- Up-to-date symlink: /home/maxim/super_ws/install/px4_msgs/include/px4_msgs/px4_msgs/msg/detail/open_drone_id_system__rosidl_typesupport_fastrtps_cpp.hpp\n'}
[1.946321] (px4_msgs) StdoutLine: {'line': b'-- Up-to-date symlink: /home/maxim/super_ws/install/px4_msgs/include/px4_msgs/px4_msgs/msg/detail/orb_test__rosidl_typesupport_fastrtps_cpp.hpp\n'}
[1.946408] (px4_msgs) StdoutLine: {'line': b'-- Up-to-date symlink: /home/maxim/super_ws/install/px4_msgs/include/px4_msgs/px4_msgs/msg/detail/orb_test_large__rosidl_typesupport_fastrtps_cpp.hpp\n'}
[1.946527] (px4_msgs) StdoutLine: {'line': b'-- Up-to-date symlink: /home/maxim/super_ws/install/px4_msgs/include/px4_msgs/px4_msgs/msg/detail/orb_test_medium__rosidl_typesupport_fastrtps_cpp.hpp\n'}
[1.946634] (px4_msgs) StdoutLine: {'line': b'-- Up-to-date symlink: /home/maxim/super_ws/install/px4_msgs/include/px4_msgs/px4_msgs/msg/detail/orbit_status__rosidl_typesupport_fastrtps_cpp.hpp\n'}
[1.946711] (px4_msgs) StdoutLine: {'line': b'-- Up-to-date symlink: /home/maxim/super_ws/install/px4_msgs/include/px4_msgs/px4_msgs/msg/detail/parameter_reset_request__rosidl_typesupport_fastrtps_cpp.hpp\n'}
[1.946782] (px4_msgs) StdoutLine: {'line': b'-- Up-to-date symlink: /home/maxim/super_ws/install/px4_msgs/include/px4_msgs/px4_msgs/msg/detail/parameter_set_used_request__rosidl_typesupport_fastrtps_cpp.hpp\n'}
[1.946852] (px4_msgs) StdoutLine: {'line': b'-- Up-to-date symlink: /home/maxim/super_ws/install/px4_msgs/include/px4_msgs/px4_msgs/msg/detail/parameter_set_value_request__rosidl_typesupport_fastrtps_cpp.hpp\n'}
[1.946921] (px4_msgs) StdoutLine: {'line': b'-- Up-to-date symlink: /home/maxim/super_ws/install/px4_msgs/include/px4_msgs/px4_msgs/msg/detail/parameter_set_value_response__rosidl_typesupport_fastrtps_cpp.hpp\n'}
[1.946995] (px4_msgs) StdoutLine: {'line': b'-- Up-to-date symlink: /home/maxim/super_ws/install/px4_msgs/include/px4_msgs/px4_msgs/msg/detail/parameter_update__rosidl_typesupport_fastrtps_cpp.hpp\n'}
[1.947064] (px4_msgs) StdoutLine: {'line': b'-- Up-to-date symlink: /home/maxim/super_ws/install/px4_msgs/include/px4_msgs/px4_msgs/msg/detail/ping__rosidl_typesupport_fastrtps_cpp.hpp\n'}
[1.947137] (px4_msgs) StdoutLine: {'line': b'-- Up-to-date symlink: /home/maxim/super_ws/install/px4_msgs/include/px4_msgs/px4_msgs/msg/detail/position_controller_landing_status__rosidl_typesupport_fastrtps_cpp.hpp\n'}
[1.947208] (px4_msgs) StdoutLine: {'line': b'-- Up-to-date symlink: /home/maxim/super_ws/install/px4_msgs/include/px4_msgs/px4_msgs/msg/detail/position_controller_status__rosidl_typesupport_fastrtps_cpp.hpp\n'}
[1.947281] (px4_msgs) StdoutLine: {'line': b'-- Up-to-date symlink: /home/maxim/super_ws/install/px4_msgs/include/px4_msgs/px4_msgs/msg/detail/position_setpoint__rosidl_typesupport_fastrtps_cpp.hpp\n'}
[1.947372] (px4_msgs) StdoutLine: {'line': b'-- Up-to-date symlink: /home/maxim/super_ws/install/px4_msgs/include/px4_msgs/px4_msgs/msg/detail/position_setpoint_triplet__rosidl_typesupport_fastrtps_cpp.hpp\n'}
[1.947488] (px4_msgs) StdoutLine: {'line': b'-- Up-to-date symlink: /home/maxim/super_ws/install/px4_msgs/include/px4_msgs/px4_msgs/msg/detail/power_button_state__rosidl_typesupport_fastrtps_cpp.hpp\n'}
[1.947565] (px4_msgs) StdoutLine: {'line': b'-- Up-to-date symlink: /home/maxim/super_ws/install/px4_msgs/include/px4_msgs/px4_msgs/msg/detail/power_monitor__rosidl_typesupport_fastrtps_cpp.hpp\n'}
[1.947640] (px4_msgs) StdoutLine: {'line': b'-- Up-to-date symlink: /home/maxim/super_ws/install/px4_msgs/include/px4_msgs/px4_msgs/msg/detail/pps_capture__rosidl_typesupport_fastrtps_cpp.hpp\n'}
[1.947714] (px4_msgs) StdoutLine: {'line': b'-- Up-to-date symlink: /home/maxim/super_ws/install/px4_msgs/include/px4_msgs/px4_msgs/msg/detail/prec_land_status__rosidl_typesupport_fastrtps_cpp.hpp\n'}
[1.947784] (px4_msgs) StdoutLine: {'line': b'-- Up-to-date symlink: /home/maxim/super_ws/install/px4_msgs/include/px4_msgs/px4_msgs/msg/detail/pure_pursuit_status__rosidl_typesupport_fastrtps_cpp.hpp\n'}
[1.947850] (px4_msgs) StdoutLine: {'line': b'-- Up-to-date symlink: /home/maxim/super_ws/install/px4_msgs/include/px4_msgs/px4_msgs/msg/detail/pwm_input__rosidl_typesupport_fastrtps_cpp.hpp\n'}
[1.947921] (px4_msgs) StdoutLine: {'line': b'-- Up-to-date symlink: /home/maxim/super_ws/install/px4_msgs/include/px4_msgs/px4_msgs/msg/detail/px4io_status__rosidl_typesupport_fastrtps_cpp.hpp\n'}
[1.948000] (px4_msgs) StdoutLine: {'line': b'-- Up-to-date symlink: /home/maxim/super_ws/install/px4_msgs/include/px4_msgs/px4_msgs/msg/detail/qshell_req__rosidl_typesupport_fastrtps_cpp.hpp\n'}
[1.948118] (px4_msgs) StdoutLine: {'line': b'-- Up-to-date symlink: /home/maxim/super_ws/install/px4_msgs/include/px4_msgs/px4_msgs/msg/detail/qshell_retval__rosidl_typesupport_fastrtps_cpp.hpp\n'}
[1.948195] (px4_msgs) StdoutLine: {'line': b'-- Up-to-date symlink: /home/maxim/super_ws/install/px4_msgs/include/px4_msgs/px4_msgs/msg/detail/radio_status__rosidl_typesupport_fastrtps_cpp.hpp\n'}
[1.948272] (px4_msgs) StdoutLine: {'line': b'-- Up-to-date symlink: /home/maxim/super_ws/install/px4_msgs/include/px4_msgs/px4_msgs/msg/detail/ranging_beacon__rosidl_typesupport_fastrtps_cpp.hpp\n'}
[1.948343] (px4_msgs) StdoutLine: {'line': b'-- Up-to-date symlink: /home/maxim/super_ws/install/px4_msgs/include/px4_msgs/px4_msgs/msg/detail/raptor_input__rosidl_typesupport_fastrtps_cpp.hpp\n'}
[1.948431] (px4_msgs) StdoutLine: {'line': b'-- Up-to-date symlink: /home/maxim/super_ws/install/px4_msgs/include/px4_msgs/px4_msgs/msg/detail/raptor_status__rosidl_typesupport_fastrtps_cpp.hpp\n'}
[1.948515] (px4_msgs) StdoutLine: {'line': b'-- Up-to-date symlink: /home/maxim/super_ws/install/px4_msgs/include/px4_msgs/px4_msgs/msg/detail/rate_ctrl_status__rosidl_typesupport_fastrtps_cpp.hpp\n'}
[1.948597] (px4_msgs) StdoutLine: {'line': b'-- Up-to-date symlink: /home/maxim/super_ws/install/px4_msgs/include/px4_msgs/px4_msgs/msg/detail/rc_channels__rosidl_typesupport_fastrtps_cpp.hpp\n'}
[1.948677] (px4_msgs) StdoutLine: {'line': b'-- Up-to-date symlink: /home/maxim/super_ws/install/px4_msgs/include/px4_msgs/px4_msgs/msg/detail/rc_parameter_map__rosidl_typesupport_fastrtps_cpp.hpp\n'}
[1.948758] (px4_msgs) StdoutLine: {'line': b'-- Up-to-date symlink: /home/maxim/super_ws/install/px4_msgs/include/px4_msgs/px4_msgs/msg/detail/register_ext_component_reply__rosidl_typesupport_fastrtps_cpp.hpp\n'}
[1.948864] (px4_msgs) StdoutLine: {'line': b'-- Up-to-date symlink: /home/maxim/super_ws/install/px4_msgs/include/px4_msgs/px4_msgs/msg/detail/register_ext_component_request__rosidl_typesupport_fastrtps_cpp.hpp\n'}
[1.948944] (px4_msgs) StdoutLine: {'line': b'-- Up-to-date symlink: /home/maxim/super_ws/install/px4_msgs/include/px4_msgs/px4_msgs/msg/detail/rover_attitude_setpoint__rosidl_typesupport_fastrtps_cpp.hpp\n'}
[1.949017] (px4_msgs) StdoutLine: {'line': b'-- Up-to-date symlink: /home/maxim/super_ws/install/px4_msgs/include/px4_msgs/px4_msgs/msg/detail/rover_attitude_status__rosidl_typesupport_fastrtps_cpp.hpp\n'}
[1.949088] (px4_msgs) StdoutLine: {'line': b'-- Up-to-date symlink: /home/maxim/super_ws/install/px4_msgs/include/px4_msgs/px4_msgs/msg/detail/rover_position_setpoint__rosidl_typesupport_fastrtps_cpp.hpp\n'}
[1.949173] (px4_msgs) StdoutLine: {'line': b'-- Up-to-date symlink: /home/maxim/super_ws/install/px4_msgs/include/px4_msgs/px4_msgs/msg/detail/rover_rate_setpoint__rosidl_typesupport_fastrtps_cpp.hpp\n'}
[1.949243] (px4_msgs) StdoutLine: {'line': b'-- Up-to-date symlink: /home/maxim/super_ws/install/px4_msgs/include/px4_msgs/px4_msgs/msg/detail/rover_rate_status__rosidl_typesupport_fastrtps_cpp.hpp\n'}
[1.949315] (px4_msgs) StdoutLine: {'line': b'-- Up-to-date symlink: /home/maxim/super_ws/install/px4_msgs/include/px4_msgs/px4_msgs/msg/detail/rover_speed_setpoint__rosidl_typesupport_fastrtps_cpp.hpp\n'}
[1.949397] (px4_msgs) StdoutLine: {'line': b'-- Up-to-date symlink: /home/maxim/super_ws/install/px4_msgs/include/px4_msgs/px4_msgs/msg/detail/rover_speed_status__rosidl_typesupport_fastrtps_cpp.hpp\n'}
[1.949470] (px4_msgs) StdoutLine: {'line': b'-- Up-to-date symlink: /home/maxim/super_ws/install/px4_msgs/include/px4_msgs/px4_msgs/msg/detail/rover_steering_setpoint__rosidl_typesupport_fastrtps_cpp.hpp\n'}
[1.949540] (px4_msgs) StdoutLine: {'line': b'-- Up-to-date symlink: /home/maxim/super_ws/install/px4_msgs/include/px4_msgs/px4_msgs/msg/detail/rover_throttle_setpoint__rosidl_typesupport_fastrtps_cpp.hpp\n'}
[1.949610] (px4_msgs) StdoutLine: {'line': b'-- Up-to-date symlink: /home/maxim/super_ws/install/px4_msgs/include/px4_msgs/px4_msgs/msg/detail/rpm__rosidl_typesupport_fastrtps_cpp.hpp\n'}
[1.949681] (px4_msgs) StdoutLine: {'line': b'-- Up-to-date symlink: /home/maxim/super_ws/install/px4_msgs/include/px4_msgs/px4_msgs/msg/detail/rtl_status__rosidl_typesupport_fastrtps_cpp.hpp\n'}
[1.949760] (px4_msgs) StdoutLine: {'line': b'-- Up-to-date symlink: /home/maxim/super_ws/install/px4_msgs/include/px4_msgs/px4_msgs/msg/detail/rtl_time_estimate__rosidl_typesupport_fastrtps_cpp.hpp\n'}
[1.949868] (px4_msgs) StdoutLine: {'line': b'-- Up-to-date symlink: /home/maxim/super_ws/install/px4_msgs/include/px4_msgs/px4_msgs/msg/detail/satellite_info__rosidl_typesupport_fastrtps_cpp.hpp\n'}
[1.949939] (px4_msgs) StdoutLine: {'line': b'-- Up-to-date symlink: /home/maxim/super_ws/install/px4_msgs/include/px4_msgs/px4_msgs/msg/detail/sensor_accel__rosidl_typesupport_fastrtps_cpp.hpp\n'}
[1.950011] (px4_msgs) StdoutLine: {'line': b'-- Up-to-date symlink: /home/maxim/super_ws/install/px4_msgs/include/px4_msgs/px4_msgs/msg/detail/sensor_accel_fifo__rosidl_typesupport_fastrtps_cpp.hpp\n'}
[1.950084] (px4_msgs) StdoutLine: {'line': b'-- Up-to-date symlink: /home/maxim/super_ws/install/px4_msgs/include/px4_msgs/px4_msgs/msg/detail/sensor_airflow__rosidl_typesupport_fastrtps_cpp.hpp\n'}
[1.950156] (px4_msgs) StdoutLine: {'line': b'-- Up-to-date symlink: /home/maxim/super_ws/install/px4_msgs/include/px4_msgs/px4_msgs/msg/detail/sensor_baro__rosidl_typesupport_fastrtps_cpp.hpp\n'}
[1.950229] (px4_msgs) StdoutLine: {'line': b'-- Up-to-date symlink: /home/maxim/super_ws/install/px4_msgs/include/px4_msgs/px4_msgs/msg/detail/sensor_combined__rosidl_typesupport_fastrtps_cpp.hpp\n'}
[1.950298] (px4_msgs) StdoutLine: {'line': b'-- Up-to-date symlink: /home/maxim/super_ws/install/px4_msgs/include/px4_msgs/px4_msgs/msg/detail/sensor_correction__rosidl_typesupport_fastrtps_cpp.hpp\n'}
[1.950380] (px4_msgs) StdoutLine: {'line': b'-- Up-to-date symlink: /home/maxim/super_ws/install/px4_msgs/include/px4_msgs/px4_msgs/msg/detail/sensor_gnss_relative__rosidl_typesupport_fastrtps_cpp.hpp\n'}
[1.950461] (px4_msgs) StdoutLine: {'line': b'-- Up-to-date symlink: /home/maxim/super_ws/install/px4_msgs/include/px4_msgs/px4_msgs/msg/detail/sensor_gnss_status__rosidl_typesupport_fastrtps_cpp.hpp\n'}
[1.950541] (px4_msgs) StdoutLine: {'line': b'-- Up-to-date symlink: /home/maxim/super_ws/install/px4_msgs/include/px4_msgs/px4_msgs/msg/detail/sensor_gps__rosidl_typesupport_fastrtps_cpp.hpp\n'}
[1.950619] (px4_msgs) StdoutLine: {'line': b'-- Up-to-date symlink: /home/maxim/super_ws/install/px4_msgs/include/px4_msgs/px4_msgs/msg/detail/sensor_gyro__rosidl_typesupport_fastrtps_cpp.hpp\n'}
[1.950698] (px4_msgs) StdoutLine: {'line': b'-- Up-to-date symlink: /home/maxim/super_ws/install/px4_msgs/include/px4_msgs/px4_msgs/msg/detail/sensor_gyro_fft__rosidl_typesupport_fastrtps_cpp.hpp\n'}
[1.950776] (px4_msgs) StdoutLine: {'line': b'-- Up-to-date symlink: /home/maxim/super_ws/install/px4_msgs/include/px4_msgs/px4_msgs/msg/detail/sensor_gyro_fifo__rosidl_typesupport_fastrtps_cpp.hpp\n'}
[1.950854] (px4_msgs) StdoutLine: {'line': b'-- Up-to-date symlink: /home/maxim/super_ws/install/px4_msgs/include/px4_msgs/px4_msgs/msg/detail/sensor_hygrometer__rosidl_typesupport_fastrtps_cpp.hpp\n'}
[1.950934] (px4_msgs) StdoutLine: {'line': b'-- Up-to-date symlink: /home/maxim/super_ws/install/px4_msgs/include/px4_msgs/px4_msgs/msg/detail/sensor_mag__rosidl_typesupport_fastrtps_cpp.hpp\n'}
[1.951013] (px4_msgs) StdoutLine: {'line': b'-- Up-to-date symlink: /home/maxim/super_ws/install/px4_msgs/include/px4_msgs/px4_msgs/msg/detail/sensor_optical_flow__rosidl_typesupport_fastrtps_cpp.hpp\n'}
[1.951092] (px4_msgs) StdoutLine: {'line': b'-- Up-to-date symlink: /home/maxim/super_ws/install/px4_msgs/include/px4_msgs/px4_msgs/msg/detail/sensor_preflight_mag__rosidl_typesupport_fastrtps_cpp.hpp\n'}
[1.951171] (px4_msgs) StdoutLine: {'line': b'-- Up-to-date symlink: /home/maxim/super_ws/install/px4_msgs/include/px4_msgs/px4_msgs/msg/detail/sensor_selection__rosidl_typesupport_fastrtps_cpp.hpp\n'}
[1.951251] (px4_msgs) StdoutLine: {'line': b'-- Up-to-date symlink: /home/maxim/super_ws/install/px4_msgs/include/px4_msgs/px4_msgs/msg/detail/sensor_temp__rosidl_typesupport_fastrtps_cpp.hpp\n'}
[1.951331] (px4_msgs) StdoutLine: {'line': b'-- Up-to-date symlink: /home/maxim/super_ws/install/px4_msgs/include/px4_msgs/px4_msgs/msg/detail/sensor_uwb__rosidl_typesupport_fastrtps_cpp.hpp\n'}
[1.951416] (px4_msgs) StdoutLine: {'line': b'-- Up-to-date symlink: /home/maxim/super_ws/install/px4_msgs/include/px4_msgs/px4_msgs/msg/detail/sensors_status__rosidl_typesupport_fastrtps_cpp.hpp\n'}
[1.951493] (px4_msgs) StdoutLine: {'line': b'-- Up-to-date symlink: /home/maxim/super_ws/install/px4_msgs/include/px4_msgs/px4_msgs/msg/detail/sensors_status_imu__rosidl_typesupport_fastrtps_cpp.hpp\n'}
[1.951571] (px4_msgs) StdoutLine: {'line': b'-- Up-to-date symlink: /home/maxim/super_ws/install/px4_msgs/include/px4_msgs/px4_msgs/msg/detail/system_power__rosidl_typesupport_fastrtps_cpp.hpp\n'}
[1.951650] (px4_msgs) StdoutLine: {'line': b'-- Up-to-date symlink: /home/maxim/super_ws/install/px4_msgs/include/px4_msgs/px4_msgs/msg/detail/takeoff_status__rosidl_typesupport_fastrtps_cpp.hpp\n'}
[1.951729] (px4_msgs) StdoutLine: {'line': b'-- Up-to-date symlink: /home/maxim/super_ws/install/px4_msgs/include/px4_msgs/px4_msgs/msg/detail/target_gnss__rosidl_typesupport_fastrtps_cpp.hpp\n'}
[1.951808] (px4_msgs) StdoutLine: {'line': b'-- Up-to-date symlink: /home/maxim/super_ws/install/px4_msgs/include/px4_msgs/px4_msgs/msg/detail/task_stack_info__rosidl_typesupport_fastrtps_cpp.hpp\n'}
[1.951886] (px4_msgs) StdoutLine: {'line': b'-- Up-to-date symlink: /home/maxim/super_ws/install/px4_msgs/include/px4_msgs/px4_msgs/msg/detail/tecs_status__rosidl_typesupport_fastrtps_cpp.hpp\n'}
[1.951964] (px4_msgs) StdoutLine: {'line': b'-- Up-to-date symlink: /home/maxim/super_ws/install/px4_msgs/include/px4_msgs/px4_msgs/msg/detail/telemetry_status__rosidl_typesupport_fastrtps_cpp.hpp\n'}
[1.952050] (px4_msgs) StdoutLine: {'line': b'-- Up-to-date symlink: /home/maxim/super_ws/install/px4_msgs/include/px4_msgs/px4_msgs/msg/detail/tiltrotor_extra_controls__rosidl_typesupport_fastrtps_cpp.hpp\n'}
[1.952129] (px4_msgs) StdoutLine: {'line': b'-- Up-to-date symlink: /home/maxim/super_ws/install/px4_msgs/include/px4_msgs/px4_msgs/msg/detail/timesync_status__rosidl_typesupport_fastrtps_cpp.hpp\n'}
[1.952214] (px4_msgs) StdoutLine: {'line': b'-- Up-to-date symlink: /home/maxim/super_ws/install/px4_msgs/include/px4_msgs/px4_msgs/msg/detail/trajectory_setpoint6dof__rosidl_typesupport_fastrtps_cpp.hpp\n'}
[1.952288] (px4_msgs) StdoutLine: {'line': b'-- Up-to-date symlink: /home/maxim/super_ws/install/px4_msgs/include/px4_msgs/px4_msgs/msg/detail/trajectory_setpoint__rosidl_typesupport_fastrtps_cpp.hpp\n'}
[1.952367] (px4_msgs) StdoutLine: {'line': b'-- Up-to-date symlink: /home/maxim/super_ws/install/px4_msgs/include/px4_msgs/px4_msgs/msg/detail/transponder_report__rosidl_typesupport_fastrtps_cpp.hpp\n'}
[1.952451] (px4_msgs) StdoutLine: {'line': b'-- Up-to-date symlink: /home/maxim/super_ws/install/px4_msgs/include/px4_msgs/px4_msgs/msg/detail/tune_control__rosidl_typesupport_fastrtps_cpp.hpp\n'}
[1.952530] (px4_msgs) StdoutLine: {'line': b'-- Up-to-date symlink: /home/maxim/super_ws/install/px4_msgs/include/px4_msgs/px4_msgs/msg/detail/uavcan_parameter_request__rosidl_typesupport_fastrtps_cpp.hpp\n'}
[1.952608] (px4_msgs) StdoutLine: {'line': b'-- Up-to-date symlink: /home/maxim/super_ws/install/px4_msgs/include/px4_msgs/px4_msgs/msg/detail/uavcan_parameter_value__rosidl_typesupport_fastrtps_cpp.hpp\n'}
[1.952687] (px4_msgs) StdoutLine: {'line': b'-- Up-to-date symlink: /home/maxim/super_ws/install/px4_msgs/include/px4_msgs/px4_msgs/msg/detail/ulog_stream__rosidl_typesupport_fastrtps_cpp.hpp\n'}
[1.952765] (px4_msgs) StdoutLine: {'line': b'-- Up-to-date symlink: /home/maxim/super_ws/install/px4_msgs/include/px4_msgs/px4_msgs/msg/detail/ulog_stream_ack__rosidl_typesupport_fastrtps_cpp.hpp\n'}
[1.952845] (px4_msgs) StdoutLine: {'line': b'-- Up-to-date symlink: /home/maxim/super_ws/install/px4_msgs/include/px4_msgs/px4_msgs/msg/detail/unregister_ext_component__rosidl_typesupport_fastrtps_cpp.hpp\n'}
[1.952923] (px4_msgs) StdoutLine: {'line': b'-- Up-to-date symlink: /home/maxim/super_ws/install/px4_msgs/include/px4_msgs/px4_msgs/msg/detail/vehicle_acceleration__rosidl_typesupport_fastrtps_cpp.hpp\n'}
[1.953002] (px4_msgs) StdoutLine: {'line': b'-- Up-to-date symlink: /home/maxim/super_ws/install/px4_msgs/include/px4_msgs/px4_msgs/msg/detail/vehicle_air_data__rosidl_typesupport_fastrtps_cpp.hpp\n'}
[1.953083] (px4_msgs) StdoutLine: {'line': b'-- Up-to-date symlink: /home/maxim/super_ws/install/px4_msgs/include/px4_msgs/px4_msgs/msg/detail/vehicle_angular_acceleration_setpoint__rosidl_typesupport_fastrtps_cpp.hpp\n'}
[1.953162] (px4_msgs) StdoutLine: {'line': b'-- Up-to-date symlink: /home/maxim/super_ws/install/px4_msgs/include/px4_msgs/px4_msgs/msg/detail/vehicle_angular_velocity__rosidl_typesupport_fastrtps_cpp.hpp\n'}
[1.953241] (px4_msgs) StdoutLine: {'line': b'-- Up-to-date symlink: /home/maxim/super_ws/install/px4_msgs/include/px4_msgs/px4_msgs/msg/detail/vehicle_attitude__rosidl_typesupport_fastrtps_cpp.hpp\n'}
[1.953321] (px4_msgs) StdoutLine: {'line': b'-- Up-to-date symlink: /home/maxim/super_ws/install/px4_msgs/include/px4_msgs/px4_msgs/msg/detail/vehicle_attitude_setpoint__rosidl_typesupport_fastrtps_cpp.hpp\n'}
[1.953406] (px4_msgs) StdoutLine: {'line': b'-- Up-to-date symlink: /home/maxim/super_ws/install/px4_msgs/include/px4_msgs/px4_msgs/msg/detail/vehicle_command__rosidl_typesupport_fastrtps_cpp.hpp\n'}
[1.953485] (px4_msgs) StdoutLine: {'line': b'-- Up-to-date symlink: /home/maxim/super_ws/install/px4_msgs/include/px4_msgs/px4_msgs/msg/detail/vehicle_command_ack__rosidl_typesupport_fastrtps_cpp.hpp\n'}
[1.953563] (px4_msgs) StdoutLine: {'line': b'-- Up-to-date symlink: /home/maxim/super_ws/install/px4_msgs/include/px4_msgs/px4_msgs/msg/detail/vehicle_constraints__rosidl_typesupport_fastrtps_cpp.hpp\n'}
[1.953641] (px4_msgs) StdoutLine: {'line': b'-- Up-to-date symlink: /home/maxim/super_ws/install/px4_msgs/include/px4_msgs/px4_msgs/msg/detail/vehicle_control_mode__rosidl_typesupport_fastrtps_cpp.hpp\n'}
[1.953719] (px4_msgs) StdoutLine: {'line': b'-- Up-to-date symlink: /home/maxim/super_ws/install/px4_msgs/include/px4_msgs/px4_msgs/msg/detail/vehicle_global_position__rosidl_typesupport_fastrtps_cpp.hpp\n'}
[1.953798] (px4_msgs) StdoutLine: {'line': b'-- Up-to-date symlink: /home/maxim/super_ws/install/px4_msgs/include/px4_msgs/px4_msgs/msg/detail/vehicle_imu__rosidl_typesupport_fastrtps_cpp.hpp\n'}
[1.953877] (px4_msgs) StdoutLine: {'line': b'-- Up-to-date symlink: /home/maxim/super_ws/install/px4_msgs/include/px4_msgs/px4_msgs/msg/detail/vehicle_imu_status__rosidl_typesupport_fastrtps_cpp.hpp\n'}
[1.953954] (px4_msgs) StdoutLine: {'line': b'-- Up-to-date symlink: /home/maxim/super_ws/install/px4_msgs/include/px4_msgs/px4_msgs/msg/detail/vehicle_land_detected__rosidl_typesupport_fastrtps_cpp.hpp\n'}
[1.954032] (px4_msgs) StdoutLine: {'line': b'-- Up-to-date symlink: /home/maxim/super_ws/install/px4_msgs/include/px4_msgs/px4_msgs/msg/detail/vehicle_local_position__rosidl_typesupport_fastrtps_cpp.hpp\n'}
[1.954111] (px4_msgs) StdoutLine: {'line': b'-- Up-to-date symlink: /home/maxim/super_ws/install/px4_msgs/include/px4_msgs/px4_msgs/msg/detail/vehicle_local_position_setpoint__rosidl_typesupport_fastrtps_cpp.hpp\n'}
[1.954189] (px4_msgs) StdoutLine: {'line': b'-- Up-to-date symlink: /home/maxim/super_ws/install/px4_msgs/include/px4_msgs/px4_msgs/msg/detail/vehicle_magnetometer__rosidl_typesupport_fastrtps_cpp.hpp\n'}
[1.954267] (px4_msgs) StdoutLine: {'line': b'-- Up-to-date symlink: /home/maxim/super_ws/install/px4_msgs/include/px4_msgs/px4_msgs/msg/detail/vehicle_odometry__rosidl_typesupport_fastrtps_cpp.hpp\n'}
[1.954345] (px4_msgs) StdoutLine: {'line': b'-- Up-to-date symlink: /home/maxim/super_ws/install/px4_msgs/include/px4_msgs/px4_msgs/msg/detail/vehicle_optical_flow__rosidl_typesupport_fastrtps_cpp.hpp\n'}
[1.954434] (px4_msgs) StdoutLine: {'line': b'-- Up-to-date symlink: /home/maxim/super_ws/install/px4_msgs/include/px4_msgs/px4_msgs/msg/detail/vehicle_optical_flow_vel__rosidl_typesupport_fastrtps_cpp.hpp\n'}
[1.954512] (px4_msgs) StdoutLine: {'line': b'-- Up-to-date symlink: /home/maxim/super_ws/install/px4_msgs/include/px4_msgs/px4_msgs/msg/detail/vehicle_rates_setpoint__rosidl_typesupport_fastrtps_cpp.hpp\n'}
[1.954589] (px4_msgs) StdoutLine: {'line': b'-- Up-to-date symlink: /home/maxim/super_ws/install/px4_msgs/include/px4_msgs/px4_msgs/msg/detail/vehicle_roi__rosidl_typesupport_fastrtps_cpp.hpp\n'}
[1.954667] (px4_msgs) StdoutLine: {'line': b'-- Up-to-date symlink: /home/maxim/super_ws/install/px4_msgs/include/px4_msgs/px4_msgs/msg/detail/vehicle_status__rosidl_typesupport_fastrtps_cpp.hpp\n'}
[1.954746] (px4_msgs) StdoutLine: {'line': b'-- Up-to-date symlink: /home/maxim/super_ws/install/px4_msgs/include/px4_msgs/px4_msgs/msg/detail/vehicle_thrust_setpoint__rosidl_typesupport_fastrtps_cpp.hpp\n'}
[1.954824] (px4_msgs) StdoutLine: {'line': b'-- Up-to-date symlink: /home/maxim/super_ws/install/px4_msgs/include/px4_msgs/px4_msgs/msg/detail/vehicle_torque_setpoint__rosidl_typesupport_fastrtps_cpp.hpp\n'}
[1.954904] (px4_msgs) StdoutLine: {'line': b'-- Up-to-date symlink: /home/maxim/super_ws/install/px4_msgs/include/px4_msgs/px4_msgs/msg/detail/velocity_limits__rosidl_typesupport_fastrtps_cpp.hpp\n'}
[1.954982] (px4_msgs) StdoutLine: {'line': b'-- Up-to-date symlink: /home/maxim/super_ws/install/px4_msgs/include/px4_msgs/px4_msgs/msg/detail/vte_aid_source1d__rosidl_typesupport_fastrtps_cpp.hpp\n'}
[1.955060] (px4_msgs) StdoutLine: {'line': b'-- Up-to-date symlink: /home/maxim/super_ws/install/px4_msgs/include/px4_msgs/px4_msgs/msg/detail/vte_aid_source3d__rosidl_typesupport_fastrtps_cpp.hpp\n'}
[1.955138] (px4_msgs) StdoutLine: {'line': b'-- Up-to-date symlink: /home/maxim/super_ws/install/px4_msgs/include/px4_msgs/px4_msgs/msg/detail/vte_bias_init_status__rosidl_typesupport_fastrtps_cpp.hpp\n'}
[1.955218] (px4_msgs) StdoutLine: {'line': b'-- Up-to-date symlink: /home/maxim/super_ws/install/px4_msgs/include/px4_msgs/px4_msgs/msg/detail/vte_input__rosidl_typesupport_fastrtps_cpp.hpp\n'}
[1.955297] (px4_msgs) StdoutLine: {'line': b'-- Up-to-date symlink: /home/maxim/super_ws/install/px4_msgs/include/px4_msgs/px4_msgs/msg/detail/vte_orientation__rosidl_typesupport_fastrtps_cpp.hpp\n'}
[1.955376] (px4_msgs) StdoutLine: {'line': b'-- Up-to-date symlink: /home/maxim/super_ws/install/px4_msgs/include/px4_msgs/px4_msgs/msg/detail/vte_position__rosidl_typesupport_fastrtps_cpp.hpp\n'}
[1.955461] (px4_msgs) StdoutLine: {'line': b'-- Up-to-date symlink: /home/maxim/super_ws/install/px4_msgs/include/px4_msgs/px4_msgs/msg/detail/vtol_vehicle_status__rosidl_typesupport_fastrtps_cpp.hpp\n'}
[1.955539] (px4_msgs) StdoutLine: {'line': b'-- Up-to-date symlink: /home/maxim/super_ws/install/px4_msgs/include/px4_msgs/px4_msgs/msg/detail/vtx__rosidl_typesupport_fastrtps_cpp.hpp\n'}
[1.955618] (px4_msgs) StdoutLine: {'line': b'-- Up-to-date symlink: /home/maxim/super_ws/install/px4_msgs/include/px4_msgs/px4_msgs/msg/detail/wheel_encoders__rosidl_typesupport_fastrtps_cpp.hpp\n'}
[1.955697] (px4_msgs) StdoutLine: {'line': b'-- Up-to-date symlink: /home/maxim/super_ws/install/px4_msgs/include/px4_msgs/px4_msgs/msg/detail/wind__rosidl_typesupport_fastrtps_cpp.hpp\n'}
[1.955776] (px4_msgs) StdoutLine: {'line': b'-- Up-to-date symlink: /home/maxim/super_ws/install/px4_msgs/include/px4_msgs/px4_msgs/msg/detail/yaw_estimator_status__rosidl_typesupport_fastrtps_cpp.hpp\n'}
[1.955855] (px4_msgs) StdoutLine: {'line': b'-- Up-to-date symlink: /home/maxim/super_ws/install/px4_msgs/include/px4_msgs/px4_msgs/msg/rosidl_typesupport_fastrtps_cpp__visibility_control.h\n'}
[1.955934] (px4_msgs) StdoutLine: {'line': b'-- Up-to-date symlink: /home/maxim/super_ws/install/px4_msgs/include/px4_msgs/px4_msgs/srv/detail/vehicle_command__rosidl_typesupport_fastrtps_cpp.hpp\n'}
[1.958419] (px4_msgs) StdoutLine: {'line': b'-- Up-to-date symlink: /home/maxim/super_ws/install/px4_msgs/include/px4_msgs/px4_msgs/msg/detail/action_request__rosidl_typesupport_introspection_c.h\n'}
[1.958594] (px4_msgs) StdoutLine: {'line': b'-- Up-to-date symlink: /home/maxim/super_ws/install/px4_msgs/include/px4_msgs/px4_msgs/msg/detail/actuator_armed__rosidl_typesupport_introspection_c.h\n'}
[1.958683] (px4_msgs) StdoutLine: {'line': b'-- Up-to-date symlink: /home/maxim/super_ws/install/px4_msgs/include/px4_msgs/px4_msgs/msg/detail/actuator_controls_status__rosidl_typesupport_introspection_c.h\n'}
[1.958769] (px4_msgs) StdoutLine: {'line': b'-- Up-to-date symlink: /home/maxim/super_ws/install/px4_msgs/include/px4_msgs/px4_msgs/msg/detail/actuator_motors__rosidl_typesupport_introspection_c.h\n'}
[1.958833] (px4_msgs) StdoutLine: {'line': b'-- Up-to-date symlink: /home/maxim/super_ws/install/px4_msgs/include/px4_msgs/px4_msgs/msg/detail/actuator_outputs__rosidl_typesupport_introspection_c.h\n'}
[1.958908] (px4_msgs) StdoutLine: {'line': b'-- Up-to-date symlink: /home/maxim/super_ws/install/px4_msgs/include/px4_msgs/px4_msgs/msg/detail/actuator_servos__rosidl_typesupport_introspection_c.h\n'}
[1.958969] (px4_msgs) StdoutLine: {'line': b'-- Up-to-date symlink: /home/maxim/super_ws/install/px4_msgs/include/px4_msgs/px4_msgs/msg/detail/actuator_servos_trim__rosidl_typesupport_introspection_c.h\n'}
[1.959051] (px4_msgs) StdoutLine: {'line': b'-- Up-to-date symlink: /home/maxim/super_ws/install/px4_msgs/include/px4_msgs/px4_msgs/msg/detail/actuator_test__rosidl_typesupport_introspection_c.h\n'}
[1.959108] (px4_msgs) StdoutLine: {'line': b'-- Up-to-date symlink: /home/maxim/super_ws/install/px4_msgs/include/px4_msgs/px4_msgs/msg/detail/adc_report__rosidl_typesupport_introspection_c.h\n'}
[1.959177] (px4_msgs) StdoutLine: {'line': b'-- Up-to-date symlink: /home/maxim/super_ws/install/px4_msgs/include/px4_msgs/px4_msgs/msg/detail/airspeed__rosidl_typesupport_introspection_c.h\n'}
[1.959249] (px4_msgs) StdoutLine: {'line': b'-- Up-to-date symlink: /home/maxim/super_ws/install/px4_msgs/include/px4_msgs/px4_msgs/msg/detail/airspeed_validated__rosidl_typesupport_introspection_c.h\n'}
[1.959323] (px4_msgs) StdoutLine: {'line': b'-- Up-to-date symlink: /home/maxim/super_ws/install/px4_msgs/include/px4_msgs/px4_msgs/msg/detail/airspeed_wind__rosidl_typesupport_introspection_c.h\n'}
[1.959399] (px4_msgs) StdoutLine: {'line': b'-- Up-to-date symlink: /home/maxim/super_ws/install/px4_msgs/include/px4_msgs/px4_msgs/msg/detail/arming_check_reply__rosidl_typesupport_introspection_c.h\n'}
[1.959467] (px4_msgs) StdoutLine: {'line': b'-- Up-to-date symlink: /home/maxim/super_ws/install/px4_msgs/include/px4_msgs/px4_msgs/msg/detail/arming_check_request__rosidl_typesupport_introspection_c.h\n'}
[1.959538] (px4_msgs) StdoutLine: {'line': b'-- Up-to-date symlink: /home/maxim/super_ws/install/px4_msgs/include/px4_msgs/px4_msgs/msg/detail/autotune_attitude_control_status__rosidl_typesupport_introspection_c.h\n'}
[1.959612] (px4_msgs) StdoutLine: {'line': b'-- Up-to-date symlink: /home/maxim/super_ws/install/px4_msgs/include/px4_msgs/px4_msgs/msg/detail/aux_global_position__rosidl_typesupport_introspection_c.h\n'}
[1.959677] (px4_msgs) StdoutLine: {'line': b'-- Up-to-date symlink: /home/maxim/super_ws/install/px4_msgs/include/px4_msgs/px4_msgs/msg/detail/battery_info__rosidl_typesupport_introspection_c.h\n'}
[1.959752] (px4_msgs) StdoutLine: {'line': b'-- Up-to-date symlink: /home/maxim/super_ws/install/px4_msgs/include/px4_msgs/px4_msgs/msg/detail/battery_status__rosidl_typesupport_introspection_c.h\n'}
[1.959833] (px4_msgs) StdoutLine: {'line': b'-- Up-to-date symlink: /home/maxim/super_ws/install/px4_msgs/include/px4_msgs/px4_msgs/msg/detail/button_event__rosidl_typesupport_introspection_c.h\n'}
[1.959913] (px4_msgs) StdoutLine: {'line': b'-- Up-to-date symlink: /home/maxim/super_ws/install/px4_msgs/include/px4_msgs/px4_msgs/msg/detail/camera_capture__rosidl_typesupport_introspection_c.h\n'}
[1.960034] (px4_msgs) StdoutLine: {'line': b'-- Up-to-date symlink: /home/maxim/super_ws/install/px4_msgs/include/px4_msgs/px4_msgs/msg/detail/camera_status__rosidl_typesupport_introspection_c.h\n'}
[1.960117] (px4_msgs) StdoutLine: {'line': b'-- Up-to-date symlink: /home/maxim/super_ws/install/px4_msgs/include/px4_msgs/px4_msgs/msg/detail/camera_trigger__rosidl_typesupport_introspection_c.h\n'}
[1.960198] (px4_msgs) StdoutLine: {'line': b'-- Up-to-date symlink: /home/maxim/super_ws/install/px4_msgs/include/px4_msgs/px4_msgs/msg/detail/can_interface_status__rosidl_typesupport_introspection_c.h\n'}
[1.960270] (px4_msgs) StdoutLine: {'line': b'-- Up-to-date symlink: /home/maxim/super_ws/install/px4_msgs/include/px4_msgs/px4_msgs/msg/detail/cellular_status__rosidl_typesupport_introspection_c.h\n'}
[1.960344] (px4_msgs) StdoutLine: {'line': b'-- Up-to-date symlink: /home/maxim/super_ws/install/px4_msgs/include/px4_msgs/px4_msgs/msg/detail/collision_constraints__rosidl_typesupport_introspection_c.h\n'}
[1.960419] (px4_msgs) StdoutLine: {'line': b'-- Up-to-date symlink: /home/maxim/super_ws/install/px4_msgs/include/px4_msgs/px4_msgs/msg/detail/config_overrides__rosidl_typesupport_introspection_c.h\n'}
[1.960490] (px4_msgs) StdoutLine: {'line': b'-- Up-to-date symlink: /home/maxim/super_ws/install/px4_msgs/include/px4_msgs/px4_msgs/msg/detail/control_allocator_status__rosidl_typesupport_introspection_c.h\n'}
[1.960561] (px4_msgs) StdoutLine: {'line': b'-- Up-to-date symlink: /home/maxim/super_ws/install/px4_msgs/include/px4_msgs/px4_msgs/msg/detail/cpuload__rosidl_typesupport_introspection_c.h\n'}
[1.960684] (px4_msgs) StdoutLine: {'line': b'-- Up-to-date symlink: /home/maxim/super_ws/install/px4_msgs/include/px4_msgs/px4_msgs/msg/detail/dataman_request__rosidl_typesupport_introspection_c.h\n'}
[1.960794] (px4_msgs) StdoutLine: {'line': b'-- Up-to-date symlink: /home/maxim/super_ws/install/px4_msgs/include/px4_msgs/px4_msgs/msg/detail/dataman_response__rosidl_typesupport_introspection_c.h\n'}
[1.960875] (px4_msgs) StdoutLine: {'line': b'-- Up-to-date symlink: /home/maxim/super_ws/install/px4_msgs/include/px4_msgs/px4_msgs/msg/detail/debug_array__rosidl_typesupport_introspection_c.h\n'}
[1.960946] (px4_msgs) StdoutLine: {'line': b'-- Up-to-date symlink: /home/maxim/super_ws/install/px4_msgs/include/px4_msgs/px4_msgs/msg/detail/debug_key_value__rosidl_typesupport_introspection_c.h\n'}
[1.961020] (px4_msgs) StdoutLine: {'line': b'-- Up-to-date symlink: /home/maxim/super_ws/install/px4_msgs/include/px4_msgs/px4_msgs/msg/detail/debug_value__rosidl_typesupport_introspection_c.h\n'}
[1.961094] (px4_msgs) StdoutLine: {'line': b'-- Up-to-date symlink: /home/maxim/super_ws/install/px4_msgs/include/px4_msgs/px4_msgs/msg/detail/debug_vect__rosidl_typesupport_introspection_c.h\n'}
[1.961178] (px4_msgs) StdoutLine: {'line': b'-- Up-to-date symlink: /home/maxim/super_ws/install/px4_msgs/include/px4_msgs/px4_msgs/msg/detail/device_information__rosidl_typesupport_introspection_c.h\n'}
[1.961255] (px4_msgs) StdoutLine: {'line': b'-- Up-to-date symlink: /home/maxim/super_ws/install/px4_msgs/include/px4_msgs/px4_msgs/msg/detail/differential_pressure__rosidl_typesupport_introspection_c.h\n'}
[1.961327] (px4_msgs) StdoutLine: {'line': b'-- Up-to-date symlink: /home/maxim/super_ws/install/px4_msgs/include/px4_msgs/px4_msgs/msg/detail/distance_sensor__rosidl_typesupport_introspection_c.h\n'}
[1.961402] (px4_msgs) StdoutLine: {'line': b'-- Up-to-date symlink: /home/maxim/super_ws/install/px4_msgs/include/px4_msgs/px4_msgs/msg/detail/distance_sensor_mode_change_request__rosidl_typesupport_introspection_c.h\n'}
[1.961478] (px4_msgs) StdoutLine: {'line': b'-- Up-to-date symlink: /home/maxim/super_ws/install/px4_msgs/include/px4_msgs/px4_msgs/msg/detail/dronecan_node_status__rosidl_typesupport_introspection_c.h\n'}
[1.961565] (px4_msgs) StdoutLine: {'line': b'-- Up-to-date symlink: /home/maxim/super_ws/install/px4_msgs/include/px4_msgs/px4_msgs/msg/detail/ekf2_timestamps__rosidl_typesupport_introspection_c.h\n'}
[1.961678] (px4_msgs) StdoutLine: {'line': b'-- Up-to-date symlink: /home/maxim/super_ws/install/px4_msgs/include/px4_msgs/px4_msgs/msg/detail/esc_eeprom_read__rosidl_typesupport_introspection_c.h\n'}
[1.961763] (px4_msgs) StdoutLine: {'line': b'-- Up-to-date symlink: /home/maxim/super_ws/install/px4_msgs/include/px4_msgs/px4_msgs/msg/detail/esc_eeprom_write__rosidl_typesupport_introspection_c.h\n'}
[1.961846] (px4_msgs) StdoutLine: {'line': b'-- Up-to-date symlink: /home/maxim/super_ws/install/px4_msgs/include/px4_msgs/px4_msgs/msg/detail/esc_report__rosidl_typesupport_introspection_c.h\n'}
[1.961918] (px4_msgs) StdoutLine: {'line': b'-- Up-to-date symlink: /home/maxim/super_ws/install/px4_msgs/include/px4_msgs/px4_msgs/msg/detail/esc_status__rosidl_typesupport_introspection_c.h\n'}
[1.961993] (px4_msgs) StdoutLine: {'line': b'-- Up-to-date symlink: /home/maxim/super_ws/install/px4_msgs/include/px4_msgs/px4_msgs/msg/detail/estimator_aid_source1d__rosidl_typesupport_introspection_c.h\n'}
[1.962067] (px4_msgs) StdoutLine: {'line': b'-- Up-to-date symlink: /home/maxim/super_ws/install/px4_msgs/include/px4_msgs/px4_msgs/msg/detail/estimator_aid_source2d__rosidl_typesupport_introspection_c.h\n'}
[1.962135] (px4_msgs) StdoutLine: {'line': b'-- Up-to-date symlink: /home/maxim/super_ws/install/px4_msgs/include/px4_msgs/px4_msgs/msg/detail/estimator_aid_source3d__rosidl_typesupport_introspection_c.h\n'}
[1.962209] (px4_msgs) StdoutLine: {'line': b'-- Up-to-date symlink: /home/maxim/super_ws/install/px4_msgs/include/px4_msgs/px4_msgs/msg/detail/estimator_bias3d__rosidl_typesupport_introspection_c.h\n'}
[1.962278] (px4_msgs) StdoutLine: {'line': b'-- Up-to-date symlink: /home/maxim/super_ws/install/px4_msgs/include/px4_msgs/px4_msgs/msg/detail/estimator_bias__rosidl_typesupport_introspection_c.h\n'}
[1.962347] (px4_msgs) StdoutLine: {'line': b'-- Up-to-date symlink: /home/maxim/super_ws/install/px4_msgs/include/px4_msgs/px4_msgs/msg/detail/estimator_event_flags__rosidl_typesupport_introspection_c.h\n'}
[1.962466] (px4_msgs) StdoutLine: {'line': b'-- Up-to-date symlink: /home/maxim/super_ws/install/px4_msgs/include/px4_msgs/px4_msgs/msg/detail/estimator_fusion_control__rosidl_typesupport_introspection_c.h\n'}
[1.962544] (px4_msgs) StdoutLine: {'line': b'-- Up-to-date symlink: /home/maxim/super_ws/install/px4_msgs/include/px4_msgs/px4_msgs/msg/detail/estimator_gps_status__rosidl_typesupport_introspection_c.h\n'}
[1.962616] (px4_msgs) StdoutLine: {'line': b'-- Up-to-date symlink: /home/maxim/super_ws/install/px4_msgs/include/px4_msgs/px4_msgs/msg/detail/estimator_innovations__rosidl_typesupport_introspection_c.h\n'}
[1.962690] (px4_msgs) StdoutLine: {'line': b'-- Up-to-date symlink: /home/maxim/super_ws/install/px4_msgs/include/px4_msgs/px4_msgs/msg/detail/estimator_selector_status__rosidl_typesupport_introspection_c.h\n'}
[1.962762] (px4_msgs) StdoutLine: {'line': b'-- Up-to-date symlink: /home/maxim/super_ws/install/px4_msgs/include/px4_msgs/px4_msgs/msg/detail/estimator_sensor_bias__rosidl_typesupport_introspection_c.h\n'}
[1.962834] (px4_msgs) StdoutLine: {'line': b'-- Up-to-date symlink: /home/maxim/super_ws/install/px4_msgs/include/px4_msgs/px4_msgs/msg/detail/estimator_states__rosidl_typesupport_introspection_c.h\n'}
[1.962905] (px4_msgs) StdoutLine: {'line': b'-- Up-to-date symlink: /home/maxim/super_ws/install/px4_msgs/include/px4_msgs/px4_msgs/msg/detail/estimator_status__rosidl_typesupport_introspection_c.h\n'}
[1.962984] (px4_msgs) StdoutLine: {'line': b'-- Up-to-date symlink: /home/maxim/super_ws/install/px4_msgs/include/px4_msgs/px4_msgs/msg/detail/estimator_status_flags__rosidl_typesupport_introspection_c.h\n'}
[1.963105] (px4_msgs) StdoutLine: {'line': b'-- Up-to-date symlink: /home/maxim/super_ws/install/px4_msgs/include/px4_msgs/px4_msgs/msg/detail/event__rosidl_typesupport_introspection_c.h\n'}
[1.963183] (px4_msgs) StdoutLine: {'line': b'-- Up-to-date symlink: /home/maxim/super_ws/install/px4_msgs/include/px4_msgs/px4_msgs/msg/detail/failsafe_flags__rosidl_typesupport_introspection_c.h\n'}
[1.963258] (px4_msgs) StdoutLine: {'line': b'-- Up-to-date symlink: /home/maxim/super_ws/install/px4_msgs/include/px4_msgs/px4_msgs/msg/detail/failure_detector_status__rosidl_typesupport_introspection_c.h\n'}
[1.963330] (px4_msgs) StdoutLine: {'line': b'-- Up-to-date symlink: /home/maxim/super_ws/install/px4_msgs/include/px4_msgs/px4_msgs/msg/detail/fiducial_marker_pos_report__rosidl_typesupport_introspection_c.h\n'}
[1.963406] (px4_msgs) StdoutLine: {'line': b'-- Up-to-date symlink: /home/maxim/super_ws/install/px4_msgs/include/px4_msgs/px4_msgs/msg/detail/fiducial_marker_yaw_report__rosidl_typesupport_introspection_c.h\n'}
[1.963478] (px4_msgs) StdoutLine: {'line': b'-- Up-to-date symlink: /home/maxim/super_ws/install/px4_msgs/include/px4_msgs/px4_msgs/msg/detail/figure_eight_status__rosidl_typesupport_introspection_c.h\n'}
[1.963581] (px4_msgs) StdoutLine: {'line': b'-- Up-to-date symlink: /home/maxim/super_ws/install/px4_msgs/include/px4_msgs/px4_msgs/msg/detail/fixed_wing_lateral_guidance_status__rosidl_typesupport_introspection_c.h\n'}
[1.963660] (px4_msgs) StdoutLine: {'line': b'-- Up-to-date symlink: /home/maxim/super_ws/install/px4_msgs/include/px4_msgs/px4_msgs/msg/detail/fixed_wing_lateral_setpoint__rosidl_typesupport_introspection_c.h\n'}
[1.963731] (px4_msgs) StdoutLine: {'line': b'-- Up-to-date symlink: /home/maxim/super_ws/install/px4_msgs/include/px4_msgs/px4_msgs/msg/detail/fixed_wing_lateral_status__rosidl_typesupport_introspection_c.h\n'}
[1.963803] (px4_msgs) StdoutLine: {'line': b'-- Up-to-date symlink: /home/maxim/super_ws/install/px4_msgs/include/px4_msgs/px4_msgs/msg/detail/fixed_wing_longitudinal_setpoint__rosidl_typesupport_introspection_c.h\n'}
[1.963874] (px4_msgs) StdoutLine: {'line': b'-- Up-to-date symlink: /home/maxim/super_ws/install/px4_msgs/include/px4_msgs/px4_msgs/msg/detail/fixed_wing_runway_control__rosidl_typesupport_introspection_c.h\n'}
[1.963953] (px4_msgs) StdoutLine: {'line': b'-- Up-to-date symlink: /home/maxim/super_ws/install/px4_msgs/include/px4_msgs/px4_msgs/msg/detail/flight_phase_estimation__rosidl_typesupport_introspection_c.h\n'}
[1.964034] (px4_msgs) StdoutLine: {'line': b'-- Up-to-date symlink: /home/maxim/super_ws/install/px4_msgs/include/px4_msgs/px4_msgs/msg/detail/follow_target__rosidl_typesupport_introspection_c.h\n'}
[1.964114] (px4_msgs) StdoutLine: {'line': b'-- Up-to-date symlink: /home/maxim/super_ws/install/px4_msgs/include/px4_msgs/px4_msgs/msg/detail/follow_target_estimator__rosidl_typesupport_introspection_c.h\n'}
[1.964198] (px4_msgs) StdoutLine: {'line': b'-- Up-to-date symlink: /home/maxim/super_ws/install/px4_msgs/include/px4_msgs/px4_msgs/msg/detail/follow_target_status__rosidl_typesupport_introspection_c.h\n'}
[1.964281] (px4_msgs) StdoutLine: {'line': b'-- Up-to-date symlink: /home/maxim/super_ws/install/px4_msgs/include/px4_msgs/px4_msgs/msg/detail/fuel_tank_status__rosidl_typesupport_introspection_c.h\n'}
[1.964360] (px4_msgs) StdoutLine: {'line': b'-- Up-to-date symlink: /home/maxim/super_ws/install/px4_msgs/include/px4_msgs/px4_msgs/msg/detail/gain_compression__rosidl_typesupport_introspection_c.h\n'}
[1.964444] (px4_msgs) StdoutLine: {'line': b'-- Up-to-date symlink: /home/maxim/super_ws/install/px4_msgs/include/px4_msgs/px4_msgs/msg/detail/generator_status__rosidl_typesupport_introspection_c.h\n'}
[1.964522] (px4_msgs) StdoutLine: {'line': b'-- Up-to-date symlink: /home/maxim/super_ws/install/px4_msgs/include/px4_msgs/px4_msgs/msg/detail/geofence_result__rosidl_typesupport_introspection_c.h\n'}
[1.964601] (px4_msgs) StdoutLine: {'line': b'-- Up-to-date symlink: /home/maxim/super_ws/install/px4_msgs/include/px4_msgs/px4_msgs/msg/detail/geofence_status__rosidl_typesupport_introspection_c.h\n'}
[1.964680] (px4_msgs) StdoutLine: {'line': b'-- Up-to-date symlink: /home/maxim/super_ws/install/px4_msgs/include/px4_msgs/px4_msgs/msg/detail/gimbal_controls__rosidl_typesupport_introspection_c.h\n'}
[1.964760] (px4_msgs) StdoutLine: {'line': b'-- Up-to-date symlink: /home/maxim/super_ws/install/px4_msgs/include/px4_msgs/px4_msgs/msg/detail/gimbal_device_attitude_status__rosidl_typesupport_introspection_c.h\n'}
[1.964840] (px4_msgs) StdoutLine: {'line': b'-- Up-to-date symlink: /home/maxim/super_ws/install/px4_msgs/include/px4_msgs/px4_msgs/msg/detail/gimbal_device_information__rosidl_typesupport_introspection_c.h\n'}
[1.964920] (px4_msgs) StdoutLine: {'line': b'-- Up-to-date symlink: /home/maxim/super_ws/install/px4_msgs/include/px4_msgs/px4_msgs/msg/detail/gimbal_device_set_attitude__rosidl_typesupport_introspection_c.h\n'}
[1.964997] (px4_msgs) StdoutLine: {'line': b'-- Up-to-date symlink: /home/maxim/super_ws/install/px4_msgs/include/px4_msgs/px4_msgs/msg/detail/gimbal_manager_information__rosidl_typesupport_introspection_c.h\n'}
[1.965076] (px4_msgs) StdoutLine: {'line': b'-- Up-to-date symlink: /home/maxim/super_ws/install/px4_msgs/include/px4_msgs/px4_msgs/msg/detail/gimbal_manager_set_attitude__rosidl_typesupport_introspection_c.h\n'}
[1.965165] (px4_msgs) StdoutLine: {'line': b'-- Up-to-date symlink: /home/maxim/super_ws/install/px4_msgs/include/px4_msgs/px4_msgs/msg/detail/gimbal_manager_set_manual_control__rosidl_typesupport_introspection_c.h\n'}
[1.965240] (px4_msgs) StdoutLine: {'line': b'-- Up-to-date symlink: /home/maxim/super_ws/install/px4_msgs/include/px4_msgs/px4_msgs/msg/detail/gimbal_manager_status__rosidl_typesupport_introspection_c.h\n'}
[1.965317] (px4_msgs) StdoutLine: {'line': b'-- Up-to-date symlink: /home/maxim/super_ws/install/px4_msgs/include/px4_msgs/px4_msgs/msg/detail/goto_setpoint__rosidl_typesupport_introspection_c.h\n'}
[1.965401] (px4_msgs) StdoutLine: {'line': b'-- Up-to-date symlink: /home/maxim/super_ws/install/px4_msgs/include/px4_msgs/px4_msgs/msg/detail/gpio_config__rosidl_typesupport_introspection_c.h\n'}
[1.965481] (px4_msgs) StdoutLine: {'line': b'-- Up-to-date symlink: /home/maxim/super_ws/install/px4_msgs/include/px4_msgs/px4_msgs/msg/detail/gpio_in__rosidl_typesupport_introspection_c.h\n'}
[1.965561] (px4_msgs) StdoutLine: {'line': b'-- Up-to-date symlink: /home/maxim/super_ws/install/px4_msgs/include/px4_msgs/px4_msgs/msg/detail/gpio_out__rosidl_typesupport_introspection_c.h\n'}
[1.965640] (px4_msgs) StdoutLine: {'line': b'-- Up-to-date symlink: /home/maxim/super_ws/install/px4_msgs/include/px4_msgs/px4_msgs/msg/detail/gpio_request__rosidl_typesupport_introspection_c.h\n'}
[1.965757] (px4_msgs) StdoutLine: {'line': b'-- Up-to-date symlink: /home/maxim/super_ws/install/px4_msgs/include/px4_msgs/px4_msgs/msg/detail/gps_dump__rosidl_typesupport_introspection_c.h\n'}
[1.965832] (px4_msgs) StdoutLine: {'line': b'-- Up-to-date symlink: /home/maxim/super_ws/install/px4_msgs/include/px4_msgs/px4_msgs/msg/detail/gps_inject_data__rosidl_typesupport_introspection_c.h\n'}
[1.965906] (px4_msgs) StdoutLine: {'line': b'-- Up-to-date symlink: /home/maxim/super_ws/install/px4_msgs/include/px4_msgs/px4_msgs/msg/detail/gripper__rosidl_typesupport_introspection_c.h\n'}
[1.965980] (px4_msgs) StdoutLine: {'line': b'-- Up-to-date symlink: /home/maxim/super_ws/install/px4_msgs/include/px4_msgs/px4_msgs/msg/detail/health_report__rosidl_typesupport_introspection_c.h\n'}
[1.966050] (px4_msgs) StdoutLine: {'line': b'-- Up-to-date symlink: /home/maxim/super_ws/install/px4_msgs/include/px4_msgs/px4_msgs/msg/detail/heater_status__rosidl_typesupport_introspection_c.h\n'}
[1.966121] (px4_msgs) StdoutLine: {'line': b'-- Up-to-date symlink: /home/maxim/super_ws/install/px4_msgs/include/px4_msgs/px4_msgs/msg/detail/home_position__rosidl_typesupport_introspection_c.h\n'}
[1.966205] (px4_msgs) StdoutLine: {'line': b'-- Up-to-date symlink: /home/maxim/super_ws/install/px4_msgs/include/px4_msgs/px4_msgs/msg/detail/hover_thrust_estimate__rosidl_typesupport_introspection_c.h\n'}
[1.966278] (px4_msgs) StdoutLine: {'line': b'-- Up-to-date symlink: /home/maxim/super_ws/install/px4_msgs/include/px4_msgs/px4_msgs/msg/detail/input_rc__rosidl_typesupport_introspection_c.h\n'}
[1.966359] (px4_msgs) StdoutLine: {'line': b'-- Up-to-date symlink: /home/maxim/super_ws/install/px4_msgs/include/px4_msgs/px4_msgs/msg/detail/internal_combustion_engine_control__rosidl_typesupport_introspection_c.h\n'}
[1.966478] (px4_msgs) StdoutLine: {'line': b'-- Up-to-date symlink: /home/maxim/super_ws/install/px4_msgs/include/px4_msgs/px4_msgs/msg/detail/internal_combustion_engine_status__rosidl_typesupport_introspection_c.h\n'}
[1.966565] (px4_msgs) StdoutLine: {'line': b'-- Up-to-date symlink: /home/maxim/super_ws/install/px4_msgs/include/px4_msgs/px4_msgs/msg/detail/iridiumsbd_status__rosidl_typesupport_introspection_c.h\n'}
[1.966643] (px4_msgs) StdoutLine: {'line': b'-- Up-to-date symlink: /home/maxim/super_ws/install/px4_msgs/include/px4_msgs/px4_msgs/msg/detail/irlock_report__rosidl_typesupport_introspection_c.h\n'}
[1.966717] (px4_msgs) StdoutLine: {'line': b'-- Up-to-date symlink: /home/maxim/super_ws/install/px4_msgs/include/px4_msgs/px4_msgs/msg/detail/landing_gear__rosidl_typesupport_introspection_c.h\n'}
[1.966789] (px4_msgs) StdoutLine: {'line': b'-- Up-to-date symlink: /home/maxim/super_ws/install/px4_msgs/include/px4_msgs/px4_msgs/msg/detail/landing_gear_wheel__rosidl_typesupport_introspection_c.h\n'}
[1.966860] (px4_msgs) StdoutLine: {'line': b'-- Up-to-date symlink: /home/maxim/super_ws/install/px4_msgs/include/px4_msgs/px4_msgs/msg/detail/landing_target_innovations__rosidl_typesupport_introspection_c.h\n'}
[1.966926] (px4_msgs) StdoutLine: {'line': b'-- Up-to-date symlink: /home/maxim/super_ws/install/px4_msgs/include/px4_msgs/px4_msgs/msg/detail/landing_target_pose__rosidl_typesupport_introspection_c.h\n'}
[1.966999] (px4_msgs) StdoutLine: {'line': b'-- Up-to-date symlink: /home/maxim/super_ws/install/px4_msgs/include/px4_msgs/px4_msgs/msg/detail/lateral_control_configuration__rosidl_typesupport_introspection_c.h\n'}
[1.967116] (px4_msgs) StdoutLine: {'line': b'-- Up-to-date symlink: /home/maxim/super_ws/install/px4_msgs/include/px4_msgs/px4_msgs/msg/detail/launch_detection_status__rosidl_typesupport_introspection_c.h\n'}
[1.967191] (px4_msgs) StdoutLine: {'line': b'-- Up-to-date symlink: /home/maxim/super_ws/install/px4_msgs/include/px4_msgs/px4_msgs/msg/detail/led_control__rosidl_typesupport_introspection_c.h\n'}
[1.967265] (px4_msgs) StdoutLine: {'line': b'-- Up-to-date symlink: /home/maxim/super_ws/install/px4_msgs/include/px4_msgs/px4_msgs/msg/detail/log_message__rosidl_typesupport_introspection_c.h\n'}
[1.967334] (px4_msgs) StdoutLine: {'line': b'-- Up-to-date symlink: /home/maxim/super_ws/install/px4_msgs/include/px4_msgs/px4_msgs/msg/detail/logger_status__rosidl_typesupport_introspection_c.h\n'}
[1.967452] (px4_msgs) StdoutLine: {'line': b'-- Up-to-date symlink: /home/maxim/super_ws/install/px4_msgs/include/px4_msgs/px4_msgs/msg/detail/longitudinal_control_configuration__rosidl_typesupport_introspection_c.h\n'}
[1.967529] (px4_msgs) StdoutLine: {'line': b'-- Up-to-date symlink: /home/maxim/super_ws/install/px4_msgs/include/px4_msgs/px4_msgs/msg/detail/mag_worker_data__rosidl_typesupport_introspection_c.h\n'}
[1.967602] (px4_msgs) StdoutLine: {'line': b'-- Up-to-date symlink: /home/maxim/super_ws/install/px4_msgs/include/px4_msgs/px4_msgs/msg/detail/magnetometer_bias_estimate__rosidl_typesupport_introspection_c.h\n'}
[1.967671] (px4_msgs) StdoutLine: {'line': b'-- Up-to-date symlink: /home/maxim/super_ws/install/px4_msgs/include/px4_msgs/px4_msgs/msg/detail/manual_control_setpoint__rosidl_typesupport_introspection_c.h\n'}
[1.967741] (px4_msgs) StdoutLine: {'line': b'-- Up-to-date symlink: /home/maxim/super_ws/install/px4_msgs/include/px4_msgs/px4_msgs/msg/detail/manual_control_switches__rosidl_typesupport_introspection_c.h\n'}
[1.967813] (px4_msgs) StdoutLine: {'line': b'-- Up-to-date symlink: /home/maxim/super_ws/install/px4_msgs/include/px4_msgs/px4_msgs/msg/detail/mavlink_log__rosidl_typesupport_introspection_c.h\n'}
[1.967885] (px4_msgs) StdoutLine: {'line': b'-- Up-to-date symlink: /home/maxim/super_ws/install/px4_msgs/include/px4_msgs/px4_msgs/msg/detail/mavlink_tunnel__rosidl_typesupport_introspection_c.h\n'}
[1.967957] (px4_msgs) StdoutLine: {'line': b'-- Up-to-date symlink: /home/maxim/super_ws/install/px4_msgs/include/px4_msgs/px4_msgs/msg/detail/message_format_request__rosidl_typesupport_introspection_c.h\n'}
[1.968074] (px4_msgs) StdoutLine: {'line': b'-- Up-to-date symlink: /home/maxim/super_ws/install/px4_msgs/include/px4_msgs/px4_msgs/msg/detail/message_format_response__rosidl_typesupport_introspection_c.h\n'}
[1.968170] (px4_msgs) StdoutLine: {'line': b'-- Up-to-date symlink: /home/maxim/super_ws/install/px4_msgs/include/px4_msgs/px4_msgs/msg/detail/mission__rosidl_typesupport_introspection_c.h\n'}
[1.968247] (px4_msgs) StdoutLine: {'line': b'-- Up-to-date symlink: /home/maxim/super_ws/install/px4_msgs/include/px4_msgs/px4_msgs/msg/detail/mission_result__rosidl_typesupport_introspection_c.h\n'}
[1.968318] (px4_msgs) StdoutLine: {'line': b'-- Up-to-date symlink: /home/maxim/super_ws/install/px4_msgs/include/px4_msgs/px4_msgs/msg/detail/mode_completed__rosidl_typesupport_introspection_c.h\n'}
[1.968391] (px4_msgs) StdoutLine: {'line': b'-- Up-to-date symlink: /home/maxim/super_ws/install/px4_msgs/include/px4_msgs/px4_msgs/msg/detail/mount_orientation__rosidl_typesupport_introspection_c.h\n'}
[1.968477] (px4_msgs) StdoutLine: {'line': b'-- Up-to-date symlink: /home/maxim/super_ws/install/px4_msgs/include/px4_msgs/px4_msgs/msg/detail/navigator_mission_item__rosidl_typesupport_introspection_c.h\n'}
[1.968557] (px4_msgs) StdoutLine: {'line': b'-- Up-to-date symlink: /home/maxim/super_ws/install/px4_msgs/include/px4_msgs/px4_msgs/msg/detail/navigator_status__rosidl_typesupport_introspection_c.h\n'}
[1.968628] (px4_msgs) StdoutLine: {'line': b'-- Up-to-date symlink: /home/maxim/super_ws/install/px4_msgs/include/px4_msgs/px4_msgs/msg/detail/neural_control__rosidl_typesupport_introspection_c.h\n'}
[1.968712] (px4_msgs) StdoutLine: {'line': b'-- Up-to-date symlink: /home/maxim/super_ws/install/px4_msgs/include/px4_msgs/px4_msgs/msg/detail/normalized_unsigned_setpoint__rosidl_typesupport_introspection_c.h\n'}
[1.968788] (px4_msgs) StdoutLine: {'line': b'-- Up-to-date symlink: /home/maxim/super_ws/install/px4_msgs/include/px4_msgs/px4_msgs/msg/detail/obstacle_distance__rosidl_typesupport_introspection_c.h\n'}
[1.968860] (px4_msgs) StdoutLine: {'line': b'-- Up-to-date symlink: /home/maxim/super_ws/install/px4_msgs/include/px4_msgs/px4_msgs/msg/detail/offboard_control_mode__rosidl_typesupport_introspection_c.h\n'}
[1.968933] (px4_msgs) StdoutLine: {'line': b'-- Up-to-date symlink: /home/maxim/super_ws/install/px4_msgs/include/px4_msgs/px4_msgs/msg/detail/onboard_computer_status__rosidl_typesupport_introspection_c.h\n'}
[1.969003] (px4_msgs) StdoutLine: {'line': b'-- Up-to-date symlink: /home/maxim/super_ws/install/px4_msgs/include/px4_msgs/px4_msgs/msg/detail/open_drone_id_arm_status__rosidl_typesupport_introspection_c.h\n'}
[1.969074] (px4_msgs) StdoutLine: {'line': b'-- Up-to-date symlink: /home/maxim/super_ws/install/px4_msgs/include/px4_msgs/px4_msgs/msg/detail/open_drone_id_operator_id__rosidl_typesupport_introspection_c.h\n'}
[1.969186] (px4_msgs) StdoutLine: {'line': b'-- Up-to-date symlink: /home/maxim/super_ws/install/px4_msgs/include/px4_msgs/px4_msgs/msg/detail/open_drone_id_self_id__rosidl_typesupport_introspection_c.h\n'}
[1.969261] (px4_msgs) StdoutLine: {'line': b'-- Up-to-date symlink: /home/maxim/super_ws/install/px4_msgs/include/px4_msgs/px4_msgs/msg/detail/open_drone_id_system__rosidl_typesupport_introspection_c.h\n'}
[1.969335] (px4_msgs) StdoutLine: {'line': b'-- Up-to-date symlink: /home/maxim/super_ws/install/px4_msgs/include/px4_msgs/px4_msgs/msg/detail/orb_test__rosidl_typesupport_introspection_c.h\n'}
[1.969412] (px4_msgs) StdoutLine: {'line': b'-- Up-to-date symlink: /home/maxim/super_ws/install/px4_msgs/include/px4_msgs/px4_msgs/msg/detail/orb_test_large__rosidl_typesupport_introspection_c.h\n'}
[1.969482] (px4_msgs) StdoutLine: {'line': b'-- Up-to-date symlink: /home/maxim/super_ws/install/px4_msgs/include/px4_msgs/px4_msgs/msg/detail/orb_test_medium__rosidl_typesupport_introspection_c.h\n'}
[1.969560] (px4_msgs) StdoutLine: {'line': b'-- Up-to-date symlink: /home/maxim/super_ws/install/px4_msgs/include/px4_msgs/px4_msgs/msg/detail/orbit_status__rosidl_typesupport_introspection_c.h\n'}
[1.969668] (px4_msgs) StdoutLine: {'line': b'-- Up-to-date symlink: /home/maxim/super_ws/install/px4_msgs/include/px4_msgs/px4_msgs/msg/detail/parameter_reset_request__rosidl_typesupport_introspection_c.h\n'}
[1.969748] (px4_msgs) StdoutLine: {'line': b'-- Up-to-date symlink: /home/maxim/super_ws/install/px4_msgs/include/px4_msgs/px4_msgs/msg/detail/parameter_set_used_request__rosidl_typesupport_introspection_c.h\n'}
[1.969827] (px4_msgs) StdoutLine: {'line': b'-- Up-to-date symlink: /home/maxim/super_ws/install/px4_msgs/include/px4_msgs/px4_msgs/msg/detail/parameter_set_value_request__rosidl_typesupport_introspection_c.h\n'}
[1.969900] (px4_msgs) StdoutLine: {'line': b'-- Up-to-date symlink: /home/maxim/super_ws/install/px4_msgs/include/px4_msgs/px4_msgs/msg/detail/parameter_set_value_response__rosidl_typesupport_introspection_c.h\n'}
[1.969974] (px4_msgs) StdoutLine: {'line': b'-- Up-to-date symlink: /home/maxim/super_ws/install/px4_msgs/include/px4_msgs/px4_msgs/msg/detail/parameter_update__rosidl_typesupport_introspection_c.h\n'}
[1.970045] (px4_msgs) StdoutLine: {'line': b'-- Up-to-date symlink: /home/maxim/super_ws/install/px4_msgs/include/px4_msgs/px4_msgs/msg/detail/ping__rosidl_typesupport_introspection_c.h\n'}
[1.970117] (px4_msgs) StdoutLine: {'line': b'-- Up-to-date symlink: /home/maxim/super_ws/install/px4_msgs/include/px4_msgs/px4_msgs/msg/detail/position_controller_landing_status__rosidl_typesupport_introspection_c.h\n'}
[1.970199] (px4_msgs) StdoutLine: {'line': b'-- Up-to-date symlink: /home/maxim/super_ws/install/px4_msgs/include/px4_msgs/px4_msgs/msg/detail/position_controller_status__rosidl_typesupport_introspection_c.h\n'}
[1.970277] (px4_msgs) StdoutLine: {'line': b'-- Up-to-date symlink: /home/maxim/super_ws/install/px4_msgs/include/px4_msgs/px4_msgs/msg/detail/position_setpoint__rosidl_typesupport_introspection_c.h\n'}
[1.970357] (px4_msgs) StdoutLine: {'line': b'-- Up-to-date symlink: /home/maxim/super_ws/install/px4_msgs/include/px4_msgs/px4_msgs/msg/detail/position_setpoint_triplet__rosidl_typesupport_introspection_c.h\n'}
[1.970472] (px4_msgs) StdoutLine: {'line': b'-- Up-to-date symlink: /home/maxim/super_ws/install/px4_msgs/include/px4_msgs/px4_msgs/msg/detail/power_button_state__rosidl_typesupport_introspection_c.h\n'}
[1.970550] (px4_msgs) StdoutLine: {'line': b'-- Up-to-date symlink: /home/maxim/super_ws/install/px4_msgs/include/px4_msgs/px4_msgs/msg/detail/power_monitor__rosidl_typesupport_introspection_c.h\n'}
[1.970630] (px4_msgs) StdoutLine: {'line': b'-- Up-to-date symlink: /home/maxim/super_ws/install/px4_msgs/include/px4_msgs/px4_msgs/msg/detail/pps_capture__rosidl_typesupport_introspection_c.h\n'}
[1.970704] (px4_msgs) StdoutLine: {'line': b'-- Up-to-date symlink: /home/maxim/super_ws/install/px4_msgs/include/px4_msgs/px4_msgs/msg/detail/prec_land_status__rosidl_typesupport_introspection_c.h\n'}
[1.970775] (px4_msgs) StdoutLine: {'line': b'-- Up-to-date symlink: /home/maxim/super_ws/install/px4_msgs/include/px4_msgs/px4_msgs/msg/detail/pure_pursuit_status__rosidl_typesupport_introspection_c.h\n'}
[1.970846] (px4_msgs) StdoutLine: {'line': b'-- Up-to-date symlink: /home/maxim/super_ws/install/px4_msgs/include/px4_msgs/px4_msgs/msg/detail/pwm_input__rosidl_typesupport_introspection_c.h\n'}
[1.970919] (px4_msgs) StdoutLine: {'line': b'-- Up-to-date symlink: /home/maxim/super_ws/install/px4_msgs/include/px4_msgs/px4_msgs/msg/detail/px4io_status__rosidl_typesupport_introspection_c.h\n'}
[1.970998] (px4_msgs) StdoutLine: {'line': b'-- Up-to-date symlink: /home/maxim/super_ws/install/px4_msgs/include/px4_msgs/px4_msgs/msg/detail/qshell_req__rosidl_typesupport_introspection_c.h\n'}
[1.971105] (px4_msgs) StdoutLine: {'line': b'-- Up-to-date symlink: /home/maxim/super_ws/install/px4_msgs/include/px4_msgs/px4_msgs/msg/detail/qshell_retval__rosidl_typesupport_introspection_c.h\n'}
[1.971183] (px4_msgs) StdoutLine: {'line': b'-- Up-to-date symlink: /home/maxim/super_ws/install/px4_msgs/include/px4_msgs/px4_msgs/msg/detail/radio_status__rosidl_typesupport_introspection_c.h\n'}
[1.971257] (px4_msgs) StdoutLine: {'line': b'-- Up-to-date symlink: /home/maxim/super_ws/install/px4_msgs/include/px4_msgs/px4_msgs/msg/detail/ranging_beacon__rosidl_typesupport_introspection_c.h\n'}
[1.971328] (px4_msgs) StdoutLine: {'line': b'-- Up-to-date symlink: /home/maxim/super_ws/install/px4_msgs/include/px4_msgs/px4_msgs/msg/detail/raptor_input__rosidl_typesupport_introspection_c.h\n'}
[1.971407] (px4_msgs) StdoutLine: {'line': b'-- Up-to-date symlink: /home/maxim/super_ws/install/px4_msgs/include/px4_msgs/px4_msgs/msg/detail/raptor_status__rosidl_typesupport_introspection_c.h\n'}
[1.971479] (px4_msgs) StdoutLine: {'line': b'-- Up-to-date symlink: /home/maxim/super_ws/install/px4_msgs/include/px4_msgs/px4_msgs/msg/detail/rate_ctrl_status__rosidl_typesupport_introspection_c.h\n'}
[1.971559] (px4_msgs) StdoutLine: {'line': b'-- Up-to-date symlink: /home/maxim/super_ws/install/px4_msgs/include/px4_msgs/px4_msgs/msg/detail/rc_channels__rosidl_typesupport_introspection_c.h\n'}
[1.971666] (px4_msgs) StdoutLine: {'line': b'-- Up-to-date symlink: /home/maxim/super_ws/install/px4_msgs/include/px4_msgs/px4_msgs/msg/detail/rc_parameter_map__rosidl_typesupport_introspection_c.h\n'}
[1.971747] (px4_msgs) StdoutLine: {'line': b'-- Up-to-date symlink: /home/maxim/super_ws/install/px4_msgs/include/px4_msgs/px4_msgs/msg/detail/register_ext_component_reply__rosidl_typesupport_introspection_c.h\n'}
[1.971829] (px4_msgs) StdoutLine: {'line': b'-- Up-to-date symlink: /home/maxim/super_ws/install/px4_msgs/include/px4_msgs/px4_msgs/msg/detail/register_ext_component_request__rosidl_typesupport_introspection_c.h\n'}
[1.971902] (px4_msgs) StdoutLine: {'line': b'-- Up-to-date symlink: /home/maxim/super_ws/install/px4_msgs/include/px4_msgs/px4_msgs/msg/detail/rover_attitude_setpoint__rosidl_typesupport_introspection_c.h\n'}
[1.971976] (px4_msgs) StdoutLine: {'line': b'-- Up-to-date symlink: /home/maxim/super_ws/install/px4_msgs/include/px4_msgs/px4_msgs/msg/detail/rover_attitude_status__rosidl_typesupport_introspection_c.h\n'}
[1.972049] (px4_msgs) StdoutLine: {'line': b'-- Up-to-date symlink: /home/maxim/super_ws/install/px4_msgs/include/px4_msgs/px4_msgs/msg/detail/rover_position_setpoint__rosidl_typesupport_introspection_c.h\n'}
[1.972119] (px4_msgs) StdoutLine: {'line': b'-- Up-to-date symlink: /home/maxim/super_ws/install/px4_msgs/include/px4_msgs/px4_msgs/msg/detail/rover_rate_setpoint__rosidl_typesupport_introspection_c.h\n'}
[1.972205] (px4_msgs) StdoutLine: {'line': b'-- Up-to-date symlink: /home/maxim/super_ws/install/px4_msgs/include/px4_msgs/px4_msgs/msg/detail/rover_rate_status__rosidl_typesupport_introspection_c.h\n'}
[1.972281] (px4_msgs) StdoutLine: {'line': b'-- Up-to-date symlink: /home/maxim/super_ws/install/px4_msgs/include/px4_msgs/px4_msgs/msg/detail/rover_speed_setpoint__rosidl_typesupport_introspection_c.h\n'}
[1.972358] (px4_msgs) StdoutLine: {'line': b'-- Up-to-date symlink: /home/maxim/super_ws/install/px4_msgs/include/px4_msgs/px4_msgs/msg/detail/rover_speed_status__rosidl_typesupport_introspection_c.h\n'}
[1.972470] (px4_msgs) StdoutLine: {'line': b'-- Up-to-date symlink: /home/maxim/super_ws/install/px4_msgs/include/px4_msgs/px4_msgs/msg/detail/rover_steering_setpoint__rosidl_typesupport_introspection_c.h\n'}
[1.972540] (px4_msgs) StdoutLine: {'line': b'-- Up-to-date symlink: /home/maxim/super_ws/install/px4_msgs/include/px4_msgs/px4_msgs/msg/detail/rover_throttle_setpoint__rosidl_typesupport_introspection_c.h\n'}
[1.972612] (px4_msgs) StdoutLine: {'line': b'-- Up-to-date symlink: /home/maxim/super_ws/install/px4_msgs/include/px4_msgs/px4_msgs/msg/detail/rpm__rosidl_typesupport_introspection_c.h\n'}
[1.972691] (px4_msgs) StdoutLine: {'line': b'-- Up-to-date symlink: /home/maxim/super_ws/install/px4_msgs/include/px4_msgs/px4_msgs/msg/detail/rtl_status__rosidl_typesupport_introspection_c.h\n'}
[1.972764] (px4_msgs) StdoutLine: {'line': b'-- Up-to-date symlink: /home/maxim/super_ws/install/px4_msgs/include/px4_msgs/px4_msgs/msg/detail/rtl_time_estimate__rosidl_typesupport_introspection_c.h\n'}
[1.972838] (px4_msgs) StdoutLine: {'line': b'-- Up-to-date symlink: /home/maxim/super_ws/install/px4_msgs/include/px4_msgs/px4_msgs/msg/detail/satellite_info__rosidl_typesupport_introspection_c.h\n'}
[1.972917] (px4_msgs) StdoutLine: {'line': b'-- Up-to-date symlink: /home/maxim/super_ws/install/px4_msgs/include/px4_msgs/px4_msgs/msg/detail/sensor_accel__rosidl_typesupport_introspection_c.h\n'}
[1.973025] (px4_msgs) StdoutLine: {'line': b'-- Up-to-date symlink: /home/maxim/super_ws/install/px4_msgs/include/px4_msgs/px4_msgs/msg/detail/sensor_accel_fifo__rosidl_typesupport_introspection_c.h\n'}
[1.973102] (px4_msgs) StdoutLine: {'line': b'-- Up-to-date symlink: /home/maxim/super_ws/install/px4_msgs/include/px4_msgs/px4_msgs/msg/detail/sensor_airflow__rosidl_typesupport_introspection_c.h\n'}
[1.973186] (px4_msgs) StdoutLine: {'line': b'-- Up-to-date symlink: /home/maxim/super_ws/install/px4_msgs/include/px4_msgs/px4_msgs/msg/detail/sensor_baro__rosidl_typesupport_introspection_c.h\n'}
[1.973258] (px4_msgs) StdoutLine: {'line': b'-- Up-to-date symlink: /home/maxim/super_ws/install/px4_msgs/include/px4_msgs/px4_msgs/msg/detail/sensor_combined__rosidl_typesupport_introspection_c.h\n'}
[1.973331] (px4_msgs) StdoutLine: {'line': b'-- Up-to-date symlink: /home/maxim/super_ws/install/px4_msgs/include/px4_msgs/px4_msgs/msg/detail/sensor_correction__rosidl_typesupport_introspection_c.h\n'}
[1.973407] (px4_msgs) StdoutLine: {'line': b'-- Up-to-date symlink: /home/maxim/super_ws/install/px4_msgs/include/px4_msgs/px4_msgs/msg/detail/sensor_gnss_relative__rosidl_typesupport_introspection_c.h\n'}
[1.973479] (px4_msgs) StdoutLine: {'line': b'-- Up-to-date symlink: /home/maxim/super_ws/install/px4_msgs/include/px4_msgs/px4_msgs/msg/detail/sensor_gnss_status__rosidl_typesupport_introspection_c.h\n'}
[1.973554] (px4_msgs) StdoutLine: {'line': b'-- Up-to-date symlink: /home/maxim/super_ws/install/px4_msgs/include/px4_msgs/px4_msgs/msg/detail/sensor_gps__rosidl_typesupport_introspection_c.h\n'}
[1.973658] (px4_msgs) StdoutLine: {'line': b'-- Up-to-date symlink: /home/maxim/super_ws/install/px4_msgs/include/px4_msgs/px4_msgs/msg/detail/sensor_gyro__rosidl_typesupport_introspection_c.h\n'}
[1.973739] (px4_msgs) StdoutLine: {'line': b'-- Up-to-date symlink: /home/maxim/super_ws/install/px4_msgs/include/px4_msgs/px4_msgs/msg/detail/sensor_gyro_fft__rosidl_typesupport_introspection_c.h\n'}
[1.973819] (px4_msgs) StdoutLine: {'line': b'-- Up-to-date symlink: /home/maxim/super_ws/install/px4_msgs/include/px4_msgs/px4_msgs/msg/detail/sensor_gyro_fifo__rosidl_typesupport_introspection_c.h\n'}
[1.973889] (px4_msgs) StdoutLine: {'line': b'-- Up-to-date symlink: /home/maxim/super_ws/install/px4_msgs/include/px4_msgs/px4_msgs/msg/detail/sensor_hygrometer__rosidl_typesupport_introspection_c.h\n'}
[1.973960] (px4_msgs) StdoutLine: {'line': b'-- Up-to-date symlink: /home/maxim/super_ws/install/px4_msgs/include/px4_msgs/px4_msgs/msg/detail/sensor_mag__rosidl_typesupport_introspection_c.h\n'}
[1.974029] (px4_msgs) StdoutLine: {'line': b'-- Up-to-date symlink: /home/maxim/super_ws/install/px4_msgs/include/px4_msgs/px4_msgs/msg/detail/sensor_optical_flow__rosidl_typesupport_introspection_c.h\n'}
[1.974108] (px4_msgs) StdoutLine: {'line': b'-- Up-to-date symlink: /home/maxim/super_ws/install/px4_msgs/include/px4_msgs/px4_msgs/msg/detail/sensor_preflight_mag__rosidl_typesupport_introspection_c.h\n'}
[1.974227] (px4_msgs) StdoutLine: {'line': b'-- Up-to-date symlink: /home/maxim/super_ws/install/px4_msgs/include/px4_msgs/px4_msgs/msg/detail/sensor_selection__rosidl_typesupport_introspection_c.h\n'}
[1.974303] (px4_msgs) StdoutLine: {'line': b'-- Up-to-date symlink: /home/maxim/super_ws/install/px4_msgs/include/px4_msgs/px4_msgs/msg/detail/sensor_temp__rosidl_typesupport_introspection_c.h\n'}
[1.974390] (px4_msgs) StdoutLine: {'line': b'-- Up-to-date symlink: /home/maxim/super_ws/install/px4_msgs/include/px4_msgs/px4_msgs/msg/detail/sensor_uwb__rosidl_typesupport_introspection_c.h\n'}
[1.974477] (px4_msgs) StdoutLine: {'line': b'-- Up-to-date symlink: /home/maxim/super_ws/install/px4_msgs/include/px4_msgs/px4_msgs/msg/detail/sensors_status__rosidl_typesupport_introspection_c.h\n'}
[1.974559] (px4_msgs) StdoutLine: {'line': b'-- Up-to-date symlink: /home/maxim/super_ws/install/px4_msgs/include/px4_msgs/px4_msgs/msg/detail/sensors_status_imu__rosidl_typesupport_introspection_c.h\n'}
[1.974637] (px4_msgs) StdoutLine: {'line': b'-- Up-to-date symlink: /home/maxim/super_ws/install/px4_msgs/include/px4_msgs/px4_msgs/msg/detail/system_power__rosidl_typesupport_introspection_c.h\n'}
[1.974707] (px4_msgs) StdoutLine: {'line': b'-- Up-to-date symlink: /home/maxim/super_ws/install/px4_msgs/include/px4_msgs/px4_msgs/msg/detail/takeoff_status__rosidl_typesupport_introspection_c.h\n'}
[1.974779] (px4_msgs) StdoutLine: {'line': b'-- Up-to-date symlink: /home/maxim/super_ws/install/px4_msgs/include/px4_msgs/px4_msgs/msg/detail/target_gnss__rosidl_typesupport_introspection_c.h\n'}
[1.974862] (px4_msgs) StdoutLine: {'line': b'-- Up-to-date symlink: /home/maxim/super_ws/install/px4_msgs/include/px4_msgs/px4_msgs/msg/detail/task_stack_info__rosidl_typesupport_introspection_c.h\n'}
[1.974927] (px4_msgs) StdoutLine: {'line': b'-- Up-to-date symlink: /home/maxim/super_ws/install/px4_msgs/include/px4_msgs/px4_msgs/msg/detail/tecs_status__rosidl_typesupport_introspection_c.h\n'}
[1.974992] (px4_msgs) StdoutLine: {'line': b'-- Up-to-date symlink: /home/maxim/super_ws/install/px4_msgs/include/px4_msgs/px4_msgs/msg/detail/telemetry_status__rosidl_typesupport_introspection_c.h\n'}
[1.975140] (px4_msgs) StdoutLine: {'line': b'-- Up-to-date symlink: /home/maxim/super_ws/install/px4_msgs/include/px4_msgs/px4_msgs/msg/detail/tiltrotor_extra_controls__rosidl_typesupport_introspection_c.h\n'}
[1.975251] (px4_msgs) StdoutLine: {'line': b'-- Up-to-date symlink: /home/maxim/super_ws/install/px4_msgs/include/px4_msgs/px4_msgs/msg/detail/timesync_status__rosidl_typesupport_introspection_c.h\n'}
[1.975331] (px4_msgs) StdoutLine: {'line': b'-- Up-to-date symlink: /home/maxim/super_ws/install/px4_msgs/include/px4_msgs/px4_msgs/msg/detail/trajectory_setpoint6dof__rosidl_typesupport_introspection_c.h\n'}
[1.975407] (px4_msgs) StdoutLine: {'line': b'-- Up-to-date symlink: /home/maxim/super_ws/install/px4_msgs/include/px4_msgs/px4_msgs/msg/detail/trajectory_setpoint__rosidl_typesupport_introspection_c.h\n'}
[1.975476] (px4_msgs) StdoutLine: {'line': b'-- Up-to-date symlink: /home/maxim/super_ws/install/px4_msgs/include/px4_msgs/px4_msgs/msg/detail/transponder_report__rosidl_typesupport_introspection_c.h\n'}
[1.975534] (px4_msgs) StdoutLine: {'line': b'-- Up-to-date symlink: /home/maxim/super_ws/install/px4_msgs/include/px4_msgs/px4_msgs/msg/detail/tune_control__rosidl_typesupport_introspection_c.h\n'}
[1.975603] (px4_msgs) StdoutLine: {'line': b'-- Up-to-date symlink: /home/maxim/super_ws/install/px4_msgs/include/px4_msgs/px4_msgs/msg/detail/uavcan_parameter_request__rosidl_typesupport_introspection_c.h\n'}
[1.975673] (px4_msgs) StdoutLine: {'line': b'-- Up-to-date symlink: /home/maxim/super_ws/install/px4_msgs/include/px4_msgs/px4_msgs/msg/detail/uavcan_parameter_value__rosidl_typesupport_introspection_c.h\n'}
[1.975752] (px4_msgs) StdoutLine: {'line': b'-- Up-to-date symlink: /home/maxim/super_ws/install/px4_msgs/include/px4_msgs/px4_msgs/msg/detail/ulog_stream__rosidl_typesupport_introspection_c.h\n'}
[1.975838] (px4_msgs) StdoutLine: {'line': b'-- Up-to-date symlink: /home/maxim/super_ws/install/px4_msgs/include/px4_msgs/px4_msgs/msg/detail/ulog_stream_ack__rosidl_typesupport_introspection_c.h\n'}
[1.975914] (px4_msgs) StdoutLine: {'line': b'-- Up-to-date symlink: /home/maxim/super_ws/install/px4_msgs/include/px4_msgs/px4_msgs/msg/detail/unregister_ext_component__rosidl_typesupport_introspection_c.h\n'}
[1.975986] (px4_msgs) StdoutLine: {'line': b'-- Up-to-date symlink: /home/maxim/super_ws/install/px4_msgs/include/px4_msgs/px4_msgs/msg/detail/vehicle_acceleration__rosidl_typesupport_introspection_c.h\n'}
[1.976055] (px4_msgs) StdoutLine: {'line': b'-- Up-to-date symlink: /home/maxim/super_ws/install/px4_msgs/include/px4_msgs/px4_msgs/msg/detail/vehicle_air_data__rosidl_typesupport_introspection_c.h\n'}
[1.976124] (px4_msgs) StdoutLine: {'line': b'-- Up-to-date symlink: /home/maxim/super_ws/install/px4_msgs/include/px4_msgs/px4_msgs/msg/detail/vehicle_angular_acceleration_setpoint__rosidl_typesupport_introspection_c.h\n'}
[1.976211] (px4_msgs) StdoutLine: {'line': b'-- Up-to-date symlink: /home/maxim/super_ws/install/px4_msgs/include/px4_msgs/px4_msgs/msg/detail/vehicle_angular_velocity__rosidl_typesupport_introspection_c.h\n'}
[1.976283] (px4_msgs) StdoutLine: {'line': b'-- Up-to-date symlink: /home/maxim/super_ws/install/px4_msgs/include/px4_msgs/px4_msgs/msg/detail/vehicle_attitude__rosidl_typesupport_introspection_c.h\n'}
[1.976355] (px4_msgs) StdoutLine: {'line': b'-- Up-to-date symlink: /home/maxim/super_ws/install/px4_msgs/include/px4_msgs/px4_msgs/msg/detail/vehicle_attitude_setpoint__rosidl_typesupport_introspection_c.h\n'}
[1.976463] (px4_msgs) StdoutLine: {'line': b'-- Up-to-date symlink: /home/maxim/super_ws/install/px4_msgs/include/px4_msgs/px4_msgs/msg/detail/vehicle_command__rosidl_typesupport_introspection_c.h\n'}
[1.976544] (px4_msgs) StdoutLine: {'line': b'-- Up-to-date symlink: /home/maxim/super_ws/install/px4_msgs/include/px4_msgs/px4_msgs/msg/detail/vehicle_command_ack__rosidl_typesupport_introspection_c.h\n'}
[1.976627] (px4_msgs) StdoutLine: {'line': b'-- Up-to-date symlink: /home/maxim/super_ws/install/px4_msgs/include/px4_msgs/px4_msgs/msg/detail/vehicle_constraints__rosidl_typesupport_introspection_c.h\n'}
[1.976702] (px4_msgs) StdoutLine: {'line': b'-- Up-to-date symlink: /home/maxim/super_ws/install/px4_msgs/include/px4_msgs/px4_msgs/msg/detail/vehicle_control_mode__rosidl_typesupport_introspection_c.h\n'}
[1.976774] (px4_msgs) StdoutLine: {'line': b'-- Up-to-date symlink: /home/maxim/super_ws/install/px4_msgs/include/px4_msgs/px4_msgs/msg/detail/vehicle_global_position__rosidl_typesupport_introspection_c.h\n'}
[1.976852] (px4_msgs) StdoutLine: {'line': b'-- Up-to-date symlink: /home/maxim/super_ws/install/px4_msgs/include/px4_msgs/px4_msgs/msg/detail/vehicle_imu__rosidl_typesupport_introspection_c.h\n'}
[1.976969] (px4_msgs) StdoutLine: {'line': b'-- Up-to-date symlink: /home/maxim/super_ws/install/px4_msgs/include/px4_msgs/px4_msgs/msg/detail/vehicle_imu_status__rosidl_typesupport_introspection_c.h\n'}
[1.977054] (px4_msgs) StdoutLine: {'line': b'-- Up-to-date symlink: /home/maxim/super_ws/install/px4_msgs/include/px4_msgs/px4_msgs/msg/detail/vehicle_land_detected__rosidl_typesupport_introspection_c.h\n'}
[1.977127] (px4_msgs) StdoutLine: {'line': b'-- Up-to-date symlink: /home/maxim/super_ws/install/px4_msgs/include/px4_msgs/px4_msgs/msg/detail/vehicle_local_position__rosidl_typesupport_introspection_c.h\n'}
[1.977218] (px4_msgs) StdoutLine: {'line': b'-- Up-to-date symlink: /home/maxim/super_ws/install/px4_msgs/include/px4_msgs/px4_msgs/msg/detail/vehicle_local_position_setpoint__rosidl_typesupport_introspection_c.h\n'}
[1.977291] (px4_msgs) StdoutLine: {'line': b'-- Up-to-date symlink: /home/maxim/super_ws/install/px4_msgs/include/px4_msgs/px4_msgs/msg/detail/vehicle_magnetometer__rosidl_typesupport_introspection_c.h\n'}
[1.977362] (px4_msgs) StdoutLine: {'line': b'-- Up-to-date symlink: /home/maxim/super_ws/install/px4_msgs/include/px4_msgs/px4_msgs/msg/detail/vehicle_odometry__rosidl_typesupport_introspection_c.h\n'}
[1.977438] (px4_msgs) StdoutLine: {'line': b'-- Up-to-date symlink: /home/maxim/super_ws/install/px4_msgs/include/px4_msgs/px4_msgs/msg/detail/vehicle_optical_flow__rosidl_typesupport_introspection_c.h\n'}
[1.977507] (px4_msgs) StdoutLine: {'line': b'-- Up-to-date symlink: /home/maxim/super_ws/install/px4_msgs/include/px4_msgs/px4_msgs/msg/detail/vehicle_optical_flow_vel__rosidl_typesupport_introspection_c.h\n'}
[1.977586] (px4_msgs) StdoutLine: {'line': b'-- Up-to-date symlink: /home/maxim/super_ws/install/px4_msgs/include/px4_msgs/px4_msgs/msg/detail/vehicle_rates_setpoint__rosidl_typesupport_introspection_c.h\n'}
[1.977692] (px4_msgs) StdoutLine: {'line': b'-- Up-to-date symlink: /home/maxim/super_ws/install/px4_msgs/include/px4_msgs/px4_msgs/msg/detail/vehicle_roi__rosidl_typesupport_introspection_c.h\n'}
[1.977776] (px4_msgs) StdoutLine: {'line': b'-- Up-to-date symlink: /home/maxim/super_ws/install/px4_msgs/include/px4_msgs/px4_msgs/msg/detail/vehicle_status__rosidl_typesupport_introspection_c.h\n'}
[1.977862] (px4_msgs) StdoutLine: {'line': b'-- Up-to-date symlink: /home/maxim/super_ws/install/px4_msgs/include/px4_msgs/px4_msgs/msg/detail/vehicle_thrust_setpoint__rosidl_typesupport_introspection_c.h\n'}
[1.977934] (px4_msgs) StdoutLine: {'line': b'-- Up-to-date symlink: /home/maxim/super_ws/install/px4_msgs/include/px4_msgs/px4_msgs/msg/detail/vehicle_torque_setpoint__rosidl_typesupport_introspection_c.h\n'}
[1.978007] (px4_msgs) StdoutLine: {'line': b'-- Up-to-date symlink: /home/maxim/super_ws/install/px4_msgs/include/px4_msgs/px4_msgs/msg/detail/velocity_limits__rosidl_typesupport_introspection_c.h\n'}
[1.978080] (px4_msgs) StdoutLine: {'line': b'-- Up-to-date symlink: /home/maxim/super_ws/install/px4_msgs/include/px4_msgs/px4_msgs/msg/detail/vte_aid_source1d__rosidl_typesupport_introspection_c.h\n'}
[1.978153] (px4_msgs) StdoutLine: {'line': b'-- Up-to-date symlink: /home/maxim/super_ws/install/px4_msgs/include/px4_msgs/px4_msgs/msg/detail/vte_aid_source3d__rosidl_typesupport_introspection_c.h\n'}
[1.978236] (px4_msgs) StdoutLine: {'line': b'-- Up-to-date symlink: /home/maxim/super_ws/install/px4_msgs/include/px4_msgs/px4_msgs/msg/detail/vte_bias_init_status__rosidl_typesupport_introspection_c.h\n'}
[1.978309] (px4_msgs) StdoutLine: {'line': b'-- Up-to-date symlink: /home/maxim/super_ws/install/px4_msgs/include/px4_msgs/px4_msgs/msg/detail/vte_input__rosidl_typesupport_introspection_c.h\n'}
[1.978381] (px4_msgs) StdoutLine: {'line': b'-- Up-to-date symlink: /home/maxim/super_ws/install/px4_msgs/include/px4_msgs/px4_msgs/msg/detail/vte_orientation__rosidl_typesupport_introspection_c.h\n'}
[1.978462] (px4_msgs) StdoutLine: {'line': b'-- Up-to-date symlink: /home/maxim/super_ws/install/px4_msgs/include/px4_msgs/px4_msgs/msg/detail/vte_position__rosidl_typesupport_introspection_c.h\n'}
[1.978541] (px4_msgs) StdoutLine: {'line': b'-- Up-to-date symlink: /home/maxim/super_ws/install/px4_msgs/include/px4_msgs/px4_msgs/msg/detail/vtol_vehicle_status__rosidl_typesupport_introspection_c.h\n'}
[1.978614] (px4_msgs) StdoutLine: {'line': b'-- Up-to-date symlink: /home/maxim/super_ws/install/px4_msgs/include/px4_msgs/px4_msgs/msg/detail/vtx__rosidl_typesupport_introspection_c.h\n'}
[1.978688] (px4_msgs) StdoutLine: {'line': b'-- Up-to-date symlink: /home/maxim/super_ws/install/px4_msgs/include/px4_msgs/px4_msgs/msg/detail/wheel_encoders__rosidl_typesupport_introspection_c.h\n'}
[1.978778] (px4_msgs) StdoutLine: {'line': b'-- Up-to-date symlink: /home/maxim/super_ws/install/px4_msgs/include/px4_msgs/px4_msgs/msg/detail/wind__rosidl_typesupport_introspection_c.h\n'}
[1.978852] (px4_msgs) StdoutLine: {'line': b'-- Up-to-date symlink: /home/maxim/super_ws/install/px4_msgs/include/px4_msgs/px4_msgs/msg/detail/yaw_estimator_status__rosidl_typesupport_introspection_c.h\n'}
[1.978922] (px4_msgs) StdoutLine: {'line': b'-- Up-to-date symlink: /home/maxim/super_ws/install/px4_msgs/include/px4_msgs/px4_msgs/msg/rosidl_typesupport_introspection_c__visibility_control.h\n'}
[1.978987] (px4_msgs) StdoutLine: {'line': b'-- Up-to-date symlink: /home/maxim/super_ws/install/px4_msgs/include/px4_msgs/px4_msgs/srv/detail/vehicle_command__rosidl_typesupport_introspection_c.h\n'}
[1.981462] (px4_msgs) StdoutLine: {'line': b'-- Up-to-date symlink: /home/maxim/super_ws/install/px4_msgs/include/px4_msgs/px4_msgs/msg/detail/action_request__rosidl_typesupport_introspection_cpp.hpp\n'}
[1.981617] (px4_msgs) StdoutLine: {'line': b'-- Up-to-date symlink: /home/maxim/super_ws/install/px4_msgs/include/px4_msgs/px4_msgs/msg/detail/actuator_armed__rosidl_typesupport_introspection_cpp.hpp\n'}
[1.981729] (px4_msgs) StdoutLine: {'line': b'-- Up-to-date symlink: /home/maxim/super_ws/install/px4_msgs/include/px4_msgs/px4_msgs/msg/detail/actuator_controls_status__rosidl_typesupport_introspection_cpp.hpp\n'}
[1.981808] (px4_msgs) StdoutLine: {'line': b'-- Up-to-date symlink: /home/maxim/super_ws/install/px4_msgs/include/px4_msgs/px4_msgs/msg/detail/actuator_motors__rosidl_typesupport_introspection_cpp.hpp\n'}
[1.981887] (px4_msgs) StdoutLine: {'line': b'-- Up-to-date symlink: /home/maxim/super_ws/install/px4_msgs/include/px4_msgs/px4_msgs/msg/detail/actuator_outputs__rosidl_typesupport_introspection_cpp.hpp\n'}
[1.981958] (px4_msgs) StdoutLine: {'line': b'-- Up-to-date symlink: /home/maxim/super_ws/install/px4_msgs/include/px4_msgs/px4_msgs/msg/detail/actuator_servos__rosidl_typesupport_introspection_cpp.hpp\n'}
[1.982025] (px4_msgs) StdoutLine: {'line': b'-- Up-to-date symlink: /home/maxim/super_ws/install/px4_msgs/include/px4_msgs/px4_msgs/msg/detail/actuator_servos_trim__rosidl_typesupport_introspection_cpp.hpp\n'}
[1.982097] (px4_msgs) StdoutLine: {'line': b'-- Up-to-date symlink: /home/maxim/super_ws/install/px4_msgs/include/px4_msgs/px4_msgs/msg/detail/actuator_test__rosidl_typesupport_introspection_cpp.hpp\n'}
[1.982176] (px4_msgs) StdoutLine: {'line': b'-- Up-to-date symlink: /home/maxim/super_ws/install/px4_msgs/include/px4_msgs/px4_msgs/msg/detail/adc_report__rosidl_typesupport_introspection_cpp.hpp\n'}
[1.982248] (px4_msgs) StdoutLine: {'line': b'-- Up-to-date symlink: /home/maxim/super_ws/install/px4_msgs/include/px4_msgs/px4_msgs/msg/detail/airspeed__rosidl_typesupport_introspection_cpp.hpp\n'}
[1.982317] (px4_msgs) StdoutLine: {'line': b'-- Up-to-date symlink: /home/maxim/super_ws/install/px4_msgs/include/px4_msgs/px4_msgs/msg/detail/airspeed_validated__rosidl_typesupport_introspection_cpp.hpp\n'}
[1.982381] (px4_msgs) StdoutLine: {'line': b'-- Up-to-date symlink: /home/maxim/super_ws/install/px4_msgs/include/px4_msgs/px4_msgs/msg/detail/airspeed_wind__rosidl_typesupport_introspection_cpp.hpp\n'}
[1.982452] (px4_msgs) StdoutLine: {'line': b'-- Up-to-date symlink: /home/maxim/super_ws/install/px4_msgs/include/px4_msgs/px4_msgs/msg/detail/arming_check_reply__rosidl_typesupport_introspection_cpp.hpp\n'}
[1.982522] (px4_msgs) StdoutLine: {'line': b'-- Up-to-date symlink: /home/maxim/super_ws/install/px4_msgs/include/px4_msgs/px4_msgs/msg/detail/arming_check_request__rosidl_typesupport_introspection_cpp.hpp\n'}
[1.982589] (px4_msgs) StdoutLine: {'line': b'-- Up-to-date symlink: /home/maxim/super_ws/install/px4_msgs/include/px4_msgs/px4_msgs/msg/detail/autotune_attitude_control_status__rosidl_typesupport_introspection_cpp.hpp\n'}
[1.982660] (px4_msgs) StdoutLine: {'line': b'-- Up-to-date symlink: /home/maxim/super_ws/install/px4_msgs/include/px4_msgs/px4_msgs/msg/detail/aux_global_position__rosidl_typesupport_introspection_cpp.hpp\n'}
[1.982740] (px4_msgs) StdoutLine: {'line': b'-- Up-to-date symlink: /home/maxim/super_ws/install/px4_msgs/include/px4_msgs/px4_msgs/msg/detail/battery_info__rosidl_typesupport_introspection_cpp.hpp\n'}
[1.982813] (px4_msgs) StdoutLine: {'line': b'-- Up-to-date symlink: /home/maxim/super_ws/install/px4_msgs/include/px4_msgs/px4_msgs/msg/detail/battery_status__rosidl_typesupport_introspection_cpp.hpp\n'}
[1.982887] (px4_msgs) StdoutLine: {'line': b'-- Up-to-date symlink: /home/maxim/super_ws/install/px4_msgs/include/px4_msgs/px4_msgs/msg/detail/button_event__rosidl_typesupport_introspection_cpp.hpp\n'}
[1.982957] (px4_msgs) StdoutLine: {'line': b'-- Up-to-date symlink: /home/maxim/super_ws/install/px4_msgs/include/px4_msgs/px4_msgs/msg/detail/camera_capture__rosidl_typesupport_introspection_cpp.hpp\n'}
[1.983024] (px4_msgs) StdoutLine: {'line': b'-- Up-to-date symlink: /home/maxim/super_ws/install/px4_msgs/include/px4_msgs/px4_msgs/msg/detail/camera_status__rosidl_typesupport_introspection_cpp.hpp\n'}
[1.983095] (px4_msgs) StdoutLine: {'line': b'-- Up-to-date symlink: /home/maxim/super_ws/install/px4_msgs/include/px4_msgs/px4_msgs/msg/detail/camera_trigger__rosidl_typesupport_introspection_cpp.hpp\n'}
[1.983176] (px4_msgs) StdoutLine: {'line': b'-- Up-to-date symlink: /home/maxim/super_ws/install/px4_msgs/include/px4_msgs/px4_msgs/msg/detail/can_interface_status__rosidl_typesupport_introspection_cpp.hpp\n'}
[1.983283] (px4_msgs) StdoutLine: {'line': b'-- Up-to-date symlink: /home/maxim/super_ws/install/px4_msgs/include/px4_msgs/px4_msgs/msg/detail/cellular_status__rosidl_typesupport_introspection_cpp.hpp\n'}
[1.983359] (px4_msgs) StdoutLine: {'line': b'-- Up-to-date symlink: /home/maxim/super_ws/install/px4_msgs/include/px4_msgs/px4_msgs/msg/detail/collision_constraints__rosidl_typesupport_introspection_cpp.hpp\n'}
[1.983457] (px4_msgs) StdoutLine: {'line': b'-- Up-to-date symlink: /home/maxim/super_ws/install/px4_msgs/include/px4_msgs/px4_msgs/msg/detail/config_overrides__rosidl_typesupport_introspection_cpp.hpp\n'}
[1.983536] (px4_msgs) StdoutLine: {'line': b'-- Up-to-date symlink: /home/maxim/super_ws/install/px4_msgs/include/px4_msgs/px4_msgs/msg/detail/control_allocator_status__rosidl_typesupport_introspection_cpp.hpp\n'}
[1.983609] (px4_msgs) StdoutLine: {'line': b'-- Up-to-date symlink: /home/maxim/super_ws/install/px4_msgs/include/px4_msgs/px4_msgs/msg/detail/cpuload__rosidl_typesupport_introspection_cpp.hpp\n'}
[1.983688] (px4_msgs) StdoutLine: {'line': b'-- Up-to-date symlink: /home/maxim/super_ws/install/px4_msgs/include/px4_msgs/px4_msgs/msg/detail/dataman_request__rosidl_typesupport_introspection_cpp.hpp\n'}
[1.983766] (px4_msgs) StdoutLine: {'line': b'-- Up-to-date symlink: /home/maxim/super_ws/install/px4_msgs/include/px4_msgs/px4_msgs/msg/detail/dataman_response__rosidl_typesupport_introspection_cpp.hpp\n'}
[1.983838] (px4_msgs) StdoutLine: {'line': b'-- Up-to-date symlink: /home/maxim/super_ws/install/px4_msgs/include/px4_msgs/px4_msgs/msg/detail/debug_array__rosidl_typesupport_introspection_cpp.hpp\n'}
[1.983936] (px4_msgs) StdoutLine: {'line': b'-- Up-to-date symlink: /home/maxim/super_ws/install/px4_msgs/include/px4_msgs/px4_msgs/msg/detail/debug_key_value__rosidl_typesupport_introspection_cpp.hpp\n'}
[1.984011] (px4_msgs) StdoutLine: {'line': b'-- Up-to-date symlink: /home/maxim/super_ws/install/px4_msgs/include/px4_msgs/px4_msgs/msg/detail/debug_value__rosidl_typesupport_introspection_cpp.hpp\n'}
[1.984084] (px4_msgs) StdoutLine: {'line': b'-- Up-to-date symlink: /home/maxim/super_ws/install/px4_msgs/include/px4_msgs/px4_msgs/msg/detail/debug_vect__rosidl_typesupport_introspection_cpp.hpp\n'}
[1.984154] (px4_msgs) StdoutLine: {'line': b'-- Up-to-date symlink: /home/maxim/super_ws/install/px4_msgs/include/px4_msgs/px4_msgs/msg/detail/device_information__rosidl_typesupport_introspection_cpp.hpp\n'}
[1.984225] (px4_msgs) StdoutLine: {'line': b'-- Up-to-date symlink: /home/maxim/super_ws/install/px4_msgs/include/px4_msgs/px4_msgs/msg/detail/differential_pressure__rosidl_typesupport_introspection_cpp.hpp\n'}
[1.984297] (px4_msgs) StdoutLine: {'line': b'-- Up-to-date symlink: /home/maxim/super_ws/install/px4_msgs/include/px4_msgs/px4_msgs/msg/detail/distance_sensor__rosidl_typesupport_introspection_cpp.hpp\n'}
[1.984383] (px4_msgs) StdoutLine: {'line': b'-- Up-to-date symlink: /home/maxim/super_ws/install/px4_msgs/include/px4_msgs/px4_msgs/msg/detail/distance_sensor_mode_change_request__rosidl_typesupport_introspection_cpp.hpp\n'}
[1.984500] (px4_msgs) StdoutLine: {'line': b'-- Up-to-date symlink: /home/maxim/super_ws/install/px4_msgs/include/px4_msgs/px4_msgs/msg/detail/dronecan_node_status__rosidl_typesupport_introspection_cpp.hpp\n'}
[1.984582] (px4_msgs) StdoutLine: {'line': b'-- Up-to-date symlink: /home/maxim/super_ws/install/px4_msgs/include/px4_msgs/px4_msgs/msg/detail/ekf2_timestamps__rosidl_typesupport_introspection_cpp.hpp\n'}
[1.984654] (px4_msgs) StdoutLine: {'line': b'-- Up-to-date symlink: /home/maxim/super_ws/install/px4_msgs/include/px4_msgs/px4_msgs/msg/detail/esc_eeprom_read__rosidl_typesupport_introspection_cpp.hpp\n'}
[1.984723] (px4_msgs) StdoutLine: {'line': b'-- Up-to-date symlink: /home/maxim/super_ws/install/px4_msgs/include/px4_msgs/px4_msgs/msg/detail/esc_eeprom_write__rosidl_typesupport_introspection_cpp.hpp\n'}
[1.984792] (px4_msgs) StdoutLine: {'line': b'-- Up-to-date symlink: /home/maxim/super_ws/install/px4_msgs/include/px4_msgs/px4_msgs/msg/detail/esc_report__rosidl_typesupport_introspection_cpp.hpp\n'}
[1.984865] (px4_msgs) StdoutLine: {'line': b'-- Up-to-date symlink: /home/maxim/super_ws/install/px4_msgs/include/px4_msgs/px4_msgs/msg/detail/esc_status__rosidl_typesupport_introspection_cpp.hpp\n'}
[1.984941] (px4_msgs) StdoutLine: {'line': b'-- Up-to-date symlink: /home/maxim/super_ws/install/px4_msgs/include/px4_msgs/px4_msgs/msg/detail/estimator_aid_source1d__rosidl_typesupport_introspection_cpp.hpp\n'}
[1.985019] (px4_msgs) StdoutLine: {'line': b'-- Up-to-date symlink: /home/maxim/super_ws/install/px4_msgs/include/px4_msgs/px4_msgs/msg/detail/estimator_aid_source2d__rosidl_typesupport_introspection_cpp.hpp\n'}
[1.985098] (px4_msgs) StdoutLine: {'line': b'-- Up-to-date symlink: /home/maxim/super_ws/install/px4_msgs/include/px4_msgs/px4_msgs/msg/detail/estimator_aid_source3d__rosidl_typesupport_introspection_cpp.hpp\n'}
[1.985179] (px4_msgs) StdoutLine: {'line': b'-- Up-to-date symlink: /home/maxim/super_ws/install/px4_msgs/include/px4_msgs/px4_msgs/msg/detail/estimator_bias3d__rosidl_typesupport_introspection_cpp.hpp\n'}
[1.985256] (px4_msgs) StdoutLine: {'line': b'-- Up-to-date symlink: /home/maxim/super_ws/install/px4_msgs/include/px4_msgs/px4_msgs/msg/detail/estimator_bias__rosidl_typesupport_introspection_cpp.hpp\n'}
[1.985336] (px4_msgs) StdoutLine: {'line': b'-- Up-to-date symlink: /home/maxim/super_ws/install/px4_msgs/include/px4_msgs/px4_msgs/msg/detail/estimator_event_flags__rosidl_typesupport_introspection_cpp.hpp\n'}
[1.985422] (px4_msgs) StdoutLine: {'line': b'-- Up-to-date symlink: /home/maxim/super_ws/install/px4_msgs/include/px4_msgs/px4_msgs/msg/detail/estimator_fusion_control__rosidl_typesupport_introspection_cpp.hpp\n'}
[1.985501] (px4_msgs) StdoutLine: {'line': b'-- Up-to-date symlink: /home/maxim/super_ws/install/px4_msgs/include/px4_msgs/px4_msgs/msg/detail/estimator_gps_status__rosidl_typesupport_introspection_cpp.hpp\n'}
[1.985581] (px4_msgs) StdoutLine: {'line': b'-- Up-to-date symlink: /home/maxim/super_ws/install/px4_msgs/include/px4_msgs/px4_msgs/msg/detail/estimator_innovations__rosidl_typesupport_introspection_cpp.hpp\n'}
[1.985658] (px4_msgs) StdoutLine: {'line': b'-- Up-to-date symlink: /home/maxim/super_ws/install/px4_msgs/include/px4_msgs/px4_msgs/msg/detail/estimator_selector_status__rosidl_typesupport_introspection_cpp.hpp\n'}
[1.985737] (px4_msgs) StdoutLine: {'line': b'-- Up-to-date symlink: /home/maxim/super_ws/install/px4_msgs/include/px4_msgs/px4_msgs/msg/detail/estimator_sensor_bias__rosidl_typesupport_introspection_cpp.hpp\n'}
[1.985816] (px4_msgs) StdoutLine: {'line': b'-- Up-to-date symlink: /home/maxim/super_ws/install/px4_msgs/include/px4_msgs/px4_msgs/msg/detail/estimator_states__rosidl_typesupport_introspection_cpp.hpp\n'}
[1.985895] (px4_msgs) StdoutLine: {'line': b'-- Up-to-date symlink: /home/maxim/super_ws/install/px4_msgs/include/px4_msgs/px4_msgs/msg/detail/estimator_status__rosidl_typesupport_introspection_cpp.hpp\n'}
[1.985975] (px4_msgs) StdoutLine: {'line': b'-- Up-to-date symlink: /home/maxim/super_ws/install/px4_msgs/include/px4_msgs/px4_msgs/msg/detail/estimator_status_flags__rosidl_typesupport_introspection_cpp.hpp\n'}
[1.986055] (px4_msgs) StdoutLine: {'line': b'-- Up-to-date symlink: /home/maxim/super_ws/install/px4_msgs/include/px4_msgs/px4_msgs/msg/detail/event__rosidl_typesupport_introspection_cpp.hpp\n'}
[1.986132] (px4_msgs) StdoutLine: {'line': b'-- Up-to-date symlink: /home/maxim/super_ws/install/px4_msgs/include/px4_msgs/px4_msgs/msg/detail/failsafe_flags__rosidl_typesupport_introspection_cpp.hpp\n'}
[1.986217] (px4_msgs) StdoutLine: {'line': b'-- Up-to-date symlink: /home/maxim/super_ws/install/px4_msgs/include/px4_msgs/px4_msgs/msg/detail/failure_detector_status__rosidl_typesupport_introspection_cpp.hpp\n'}
[1.986290] (px4_msgs) StdoutLine: {'line': b'-- Up-to-date symlink: /home/maxim/super_ws/install/px4_msgs/include/px4_msgs/px4_msgs/msg/detail/fiducial_marker_pos_report__rosidl_typesupport_introspection_cpp.hpp\n'}
[1.986371] (px4_msgs) StdoutLine: {'line': b'-- Up-to-date symlink: /home/maxim/super_ws/install/px4_msgs/include/px4_msgs/px4_msgs/msg/detail/fiducial_marker_yaw_report__rosidl_typesupport_introspection_cpp.hpp\n'}
[1.986454] (px4_msgs) StdoutLine: {'line': b'-- Up-to-date symlink: /home/maxim/super_ws/install/px4_msgs/include/px4_msgs/px4_msgs/msg/detail/figure_eight_status__rosidl_typesupport_introspection_cpp.hpp\n'}
[1.986537] (px4_msgs) StdoutLine: {'line': b'-- Up-to-date symlink: /home/maxim/super_ws/install/px4_msgs/include/px4_msgs/px4_msgs/msg/detail/fixed_wing_lateral_guidance_status__rosidl_typesupport_introspection_cpp.hpp\n'}
[1.986616] (px4_msgs) StdoutLine: {'line': b'-- Up-to-date symlink: /home/maxim/super_ws/install/px4_msgs/include/px4_msgs/px4_msgs/msg/detail/fixed_wing_lateral_setpoint__rosidl_typesupport_introspection_cpp.hpp\n'}
[1.986697] (px4_msgs) StdoutLine: {'line': b'-- Up-to-date symlink: /home/maxim/super_ws/install/px4_msgs/include/px4_msgs/px4_msgs/msg/detail/fixed_wing_lateral_status__rosidl_typesupport_introspection_cpp.hpp\n'}
[1.986775] (px4_msgs) StdoutLine: {'line': b'-- Up-to-date symlink: /home/maxim/super_ws/install/px4_msgs/include/px4_msgs/px4_msgs/msg/detail/fixed_wing_longitudinal_setpoint__rosidl_typesupport_introspection_cpp.hpp\n'}
[1.986854] (px4_msgs) StdoutLine: {'line': b'-- Up-to-date symlink: /home/maxim/super_ws/install/px4_msgs/include/px4_msgs/px4_msgs/msg/detail/fixed_wing_runway_control__rosidl_typesupport_introspection_cpp.hpp\n'}
[1.986933] (px4_msgs) StdoutLine: {'line': b'-- Up-to-date symlink: /home/maxim/super_ws/install/px4_msgs/include/px4_msgs/px4_msgs/msg/detail/flight_phase_estimation__rosidl_typesupport_introspection_cpp.hpp\n'}
[1.987012] (px4_msgs) StdoutLine: {'line': b'-- Up-to-date symlink: /home/maxim/super_ws/install/px4_msgs/include/px4_msgs/px4_msgs/msg/detail/follow_target__rosidl_typesupport_introspection_cpp.hpp\n'}
[1.987091] (px4_msgs) StdoutLine: {'line': b'-- Up-to-date symlink: /home/maxim/super_ws/install/px4_msgs/include/px4_msgs/px4_msgs/msg/detail/follow_target_estimator__rosidl_typesupport_introspection_cpp.hpp\n'}
[1.987170] (px4_msgs) StdoutLine: {'line': b'-- Up-to-date symlink: /home/maxim/super_ws/install/px4_msgs/include/px4_msgs/px4_msgs/msg/detail/follow_target_status__rosidl_typesupport_introspection_cpp.hpp\n'}
[1.987250] (px4_msgs) StdoutLine: {'line': b'-- Up-to-date symlink: /home/maxim/super_ws/install/px4_msgs/include/px4_msgs/px4_msgs/msg/detail/fuel_tank_status__rosidl_typesupport_introspection_cpp.hpp\n'}
[1.987329] (px4_msgs) StdoutLine: {'line': b'-- Up-to-date symlink: /home/maxim/super_ws/install/px4_msgs/include/px4_msgs/px4_msgs/msg/detail/gain_compression__rosidl_typesupport_introspection_cpp.hpp\n'}
[1.987452] (px4_msgs) StdoutLine: {'line': b'-- Up-to-date symlink: /home/maxim/super_ws/install/px4_msgs/include/px4_msgs/px4_msgs/msg/detail/generator_status__rosidl_typesupport_introspection_cpp.hpp\n'}
[1.987523] (px4_msgs) StdoutLine: {'line': b'-- Up-to-date symlink: /home/maxim/super_ws/install/px4_msgs/include/px4_msgs/px4_msgs/msg/detail/geofence_result__rosidl_typesupport_introspection_cpp.hpp\n'}
[1.987593] (px4_msgs) StdoutLine: {'line': b'-- Up-to-date symlink: /home/maxim/super_ws/install/px4_msgs/include/px4_msgs/px4_msgs/msg/detail/geofence_status__rosidl_typesupport_introspection_cpp.hpp\n'}
[1.987671] (px4_msgs) StdoutLine: {'line': b'-- Up-to-date symlink: /home/maxim/super_ws/install/px4_msgs/include/px4_msgs/px4_msgs/msg/detail/gimbal_controls__rosidl_typesupport_introspection_cpp.hpp\n'}
[1.987739] (px4_msgs) StdoutLine: {'line': b'-- Up-to-date symlink: /home/maxim/super_ws/install/px4_msgs/include/px4_msgs/px4_msgs/msg/detail/gimbal_device_attitude_status__rosidl_typesupport_introspection_cpp.hpp\n'}
[1.987839] (px4_msgs) StdoutLine: {'line': b'-- Up-to-date symlink: /home/maxim/super_ws/install/px4_msgs/include/px4_msgs/px4_msgs/msg/detail/gimbal_device_information__rosidl_typesupport_introspection_cpp.hpp\n'}
[1.987909] (px4_msgs) StdoutLine: {'line': b'-- Up-to-date symlink: /home/maxim/super_ws/install/px4_msgs/include/px4_msgs/px4_msgs/msg/detail/gimbal_device_set_attitude__rosidl_typesupport_introspection_cpp.hpp\n'}
[1.987981] (px4_msgs) StdoutLine: {'line': b'-- Up-to-date symlink: /home/maxim/super_ws/install/px4_msgs/include/px4_msgs/px4_msgs/msg/detail/gimbal_manager_information__rosidl_typesupport_introspection_cpp.hpp\n'}
[1.988055] (px4_msgs) StdoutLine: {'line': b'-- Up-to-date symlink: /home/maxim/super_ws/install/px4_msgs/include/px4_msgs/px4_msgs/msg/detail/gimbal_manager_set_attitude__rosidl_typesupport_introspection_cpp.hpp\n'}
[1.988172] (px4_msgs) StdoutLine: {'line': b'-- Up-to-date symlink: /home/maxim/super_ws/install/px4_msgs/include/px4_msgs/px4_msgs/msg/detail/gimbal_manager_set_manual_control__rosidl_typesupport_introspection_cpp.hpp\n'}
[1.988253] (px4_msgs) StdoutLine: {'line': b'-- Up-to-date symlink: /home/maxim/super_ws/install/px4_msgs/include/px4_msgs/px4_msgs/msg/detail/gimbal_manager_status__rosidl_typesupport_introspection_cpp.hpp\n'}
[1.988326] (px4_msgs) StdoutLine: {'line': b'-- Up-to-date symlink: /home/maxim/super_ws/install/px4_msgs/include/px4_msgs/px4_msgs/msg/detail/goto_setpoint__rosidl_typesupport_introspection_cpp.hpp\n'}
[1.988403] (px4_msgs) StdoutLine: {'line': b'-- Up-to-date symlink: /home/maxim/super_ws/install/px4_msgs/include/px4_msgs/px4_msgs/msg/detail/gpio_config__rosidl_typesupport_introspection_cpp.hpp\n'}
[1.988475] (px4_msgs) StdoutLine: {'line': b'-- Up-to-date symlink: /home/maxim/super_ws/install/px4_msgs/include/px4_msgs/px4_msgs/msg/detail/gpio_in__rosidl_typesupport_introspection_cpp.hpp\n'}
[1.988544] (px4_msgs) StdoutLine: {'line': b'-- Up-to-date symlink: /home/maxim/super_ws/install/px4_msgs/include/px4_msgs/px4_msgs/msg/detail/gpio_out__rosidl_typesupport_introspection_cpp.hpp\n'}
[1.988651] (px4_msgs) StdoutLine: {'line': b'-- Up-to-date symlink: /home/maxim/super_ws/install/px4_msgs/include/px4_msgs/px4_msgs/msg/detail/gpio_request__rosidl_typesupport_introspection_cpp.hpp\n'}
[1.988738] (px4_msgs) StdoutLine: {'line': b'-- Up-to-date symlink: /home/maxim/super_ws/install/px4_msgs/include/px4_msgs/px4_msgs/msg/detail/gps_dump__rosidl_typesupport_introspection_cpp.hpp\n'}
[1.988812] (px4_msgs) StdoutLine: {'line': b'-- Up-to-date symlink: /home/maxim/super_ws/install/px4_msgs/include/px4_msgs/px4_msgs/msg/detail/gps_inject_data__rosidl_typesupport_introspection_cpp.hpp\n'}
[1.988881] (px4_msgs) StdoutLine: {'line': b'-- Up-to-date symlink: /home/maxim/super_ws/install/px4_msgs/include/px4_msgs/px4_msgs/msg/detail/gripper__rosidl_typesupport_introspection_cpp.hpp\n'}
[1.988954] (px4_msgs) StdoutLine: {'line': b'-- Up-to-date symlink: /home/maxim/super_ws/install/px4_msgs/include/px4_msgs/px4_msgs/msg/detail/health_report__rosidl_typesupport_introspection_cpp.hpp\n'}
[1.989027] (px4_msgs) StdoutLine: {'line': b'-- Up-to-date symlink: /home/maxim/super_ws/install/px4_msgs/include/px4_msgs/px4_msgs/msg/detail/heater_status__rosidl_typesupport_introspection_cpp.hpp\n'}
[1.989099] (px4_msgs) StdoutLine: {'line': b'-- Up-to-date symlink: /home/maxim/super_ws/install/px4_msgs/include/px4_msgs/px4_msgs/msg/detail/home_position__rosidl_typesupport_introspection_cpp.hpp\n'}
[1.989179] (px4_msgs) StdoutLine: {'line': b'-- Up-to-date symlink: /home/maxim/super_ws/install/px4_msgs/include/px4_msgs/px4_msgs/msg/detail/hover_thrust_estimate__rosidl_typesupport_introspection_cpp.hpp\n'}
[1.989253] (px4_msgs) StdoutLine: {'line': b'-- Up-to-date symlink: /home/maxim/super_ws/install/px4_msgs/include/px4_msgs/px4_msgs/msg/detail/input_rc__rosidl_typesupport_introspection_cpp.hpp\n'}
[1.989329] (px4_msgs) StdoutLine: {'line': b'-- Up-to-date symlink: /home/maxim/super_ws/install/px4_msgs/include/px4_msgs/px4_msgs/msg/detail/internal_combustion_engine_control__rosidl_typesupport_introspection_cpp.hpp\n'}
[1.989455] (px4_msgs) StdoutLine: {'line': b'-- Up-to-date symlink: /home/maxim/super_ws/install/px4_msgs/include/px4_msgs/px4_msgs/msg/detail/internal_combustion_engine_status__rosidl_typesupport_introspection_cpp.hpp\n'}
[1.989561] (px4_msgs) StdoutLine: {'line': b'-- Up-to-date symlink: /home/maxim/super_ws/install/px4_msgs/include/px4_msgs/px4_msgs/msg/detail/iridiumsbd_status__rosidl_typesupport_introspection_cpp.hpp\n'}
[1.989633] (px4_msgs) StdoutLine: {'line': b'-- Up-to-date symlink: /home/maxim/super_ws/install/px4_msgs/include/px4_msgs/px4_msgs/msg/detail/irlock_report__rosidl_typesupport_introspection_cpp.hpp\n'}
[1.989719] (px4_msgs) StdoutLine: {'line': b'-- Up-to-date symlink: /home/maxim/super_ws/install/px4_msgs/include/px4_msgs/px4_msgs/msg/detail/landing_gear__rosidl_typesupport_introspection_cpp.hpp\n'}
[1.989795] (px4_msgs) StdoutLine: {'line': b'-- Up-to-date symlink: /home/maxim/super_ws/install/px4_msgs/include/px4_msgs/px4_msgs/msg/detail/landing_gear_wheel__rosidl_typesupport_introspection_cpp.hpp\n'}
[1.989869] (px4_msgs) StdoutLine: {'line': b'-- Up-to-date symlink: /home/maxim/super_ws/install/px4_msgs/include/px4_msgs/px4_msgs/msg/detail/landing_target_innovations__rosidl_typesupport_introspection_cpp.hpp\n'}
[1.989946] (px4_msgs) StdoutLine: {'line': b'-- Up-to-date symlink: /home/maxim/super_ws/install/px4_msgs/include/px4_msgs/px4_msgs/msg/detail/landing_target_pose__rosidl_typesupport_introspection_cpp.hpp\n'}
[1.990017] (px4_msgs) StdoutLine: {'line': b'-- Up-to-date symlink: /home/maxim/super_ws/install/px4_msgs/include/px4_msgs/px4_msgs/msg/detail/lateral_control_configuration__rosidl_typesupport_introspection_cpp.hpp\n'}
[1.990081] (px4_msgs) StdoutLine: {'line': b'-- Up-to-date symlink: /home/maxim/super_ws/install/px4_msgs/include/px4_msgs/px4_msgs/msg/detail/launch_detection_status__rosidl_typesupport_introspection_cpp.hpp\n'}
[1.990150] (px4_msgs) StdoutLine: {'line': b'-- Up-to-date symlink: /home/maxim/super_ws/install/px4_msgs/include/px4_msgs/px4_msgs/msg/detail/led_control__rosidl_typesupport_introspection_cpp.hpp\n'}
[1.990228] (px4_msgs) StdoutLine: {'line': b'-- Up-to-date symlink: /home/maxim/super_ws/install/px4_msgs/include/px4_msgs/px4_msgs/msg/detail/log_message__rosidl_typesupport_introspection_cpp.hpp\n'}
[1.990301] (px4_msgs) StdoutLine: {'line': b'-- Up-to-date symlink: /home/maxim/super_ws/install/px4_msgs/include/px4_msgs/px4_msgs/msg/detail/logger_status__rosidl_typesupport_introspection_cpp.hpp\n'}
[1.990379] (px4_msgs) StdoutLine: {'line': b'-- Up-to-date symlink: /home/maxim/super_ws/install/px4_msgs/include/px4_msgs/px4_msgs/msg/detail/longitudinal_control_configuration__rosidl_typesupport_introspection_cpp.hpp\n'}
[1.990455] (px4_msgs) StdoutLine: {'line': b'-- Up-to-date symlink: /home/maxim/super_ws/install/px4_msgs/include/px4_msgs/px4_msgs/msg/detail/mag_worker_data__rosidl_typesupport_introspection_cpp.hpp\n'}
[1.990534] (px4_msgs) StdoutLine: {'line': b'-- Up-to-date symlink: /home/maxim/super_ws/install/px4_msgs/include/px4_msgs/px4_msgs/msg/detail/magnetometer_bias_estimate__rosidl_typesupport_introspection_cpp.hpp\n'}
[1.990614] (px4_msgs) StdoutLine: {'line': b'-- Up-to-date symlink: /home/maxim/super_ws/install/px4_msgs/include/px4_msgs/px4_msgs/msg/detail/manual_control_setpoint__rosidl_typesupport_introspection_cpp.hpp\n'}
[1.990734] (px4_msgs) StdoutLine: {'line': b'-- Up-to-date symlink: /home/maxim/super_ws/install/px4_msgs/include/px4_msgs/px4_msgs/msg/detail/manual_control_switches__rosidl_typesupport_introspection_cpp.hpp\n'}
[1.990816] (px4_msgs) StdoutLine: {'line': b'-- Up-to-date symlink: /home/maxim/super_ws/install/px4_msgs/include/px4_msgs/px4_msgs/msg/detail/mavlink_log__rosidl_typesupport_introspection_cpp.hpp\n'}
[1.990887] (px4_msgs) StdoutLine: {'line': b'-- Up-to-date symlink: /home/maxim/super_ws/install/px4_msgs/include/px4_msgs/px4_msgs/msg/detail/mavlink_tunnel__rosidl_typesupport_introspection_cpp.hpp\n'}
[1.990968] (px4_msgs) StdoutLine: {'line': b'-- Up-to-date symlink: /home/maxim/super_ws/install/px4_msgs/include/px4_msgs/px4_msgs/msg/detail/message_format_request__rosidl_typesupport_introspection_cpp.hpp\n'}
[1.991043] (px4_msgs) StdoutLine: {'line': b'-- Up-to-date symlink: /home/maxim/super_ws/install/px4_msgs/include/px4_msgs/px4_msgs/msg/detail/message_format_response__rosidl_typesupport_introspection_cpp.hpp\n'}
[1.991113] (px4_msgs) StdoutLine: {'line': b'-- Up-to-date symlink: /home/maxim/super_ws/install/px4_msgs/include/px4_msgs/px4_msgs/msg/detail/mission__rosidl_typesupport_introspection_cpp.hpp\n'}
[1.991194] (px4_msgs) StdoutLine: {'line': b'-- Up-to-date symlink: /home/maxim/super_ws/install/px4_msgs/include/px4_msgs/px4_msgs/msg/detail/mission_result__rosidl_typesupport_introspection_cpp.hpp\n'}
[1.991260] (px4_msgs) StdoutLine: {'line': b'-- Up-to-date symlink: /home/maxim/super_ws/install/px4_msgs/include/px4_msgs/px4_msgs/msg/detail/mode_completed__rosidl_typesupport_introspection_cpp.hpp\n'}
[1.991331] (px4_msgs) StdoutLine: {'line': b'-- Up-to-date symlink: /home/maxim/super_ws/install/px4_msgs/include/px4_msgs/px4_msgs/msg/detail/mount_orientation__rosidl_typesupport_introspection_cpp.hpp\n'}
[1.991455] (px4_msgs) StdoutLine: {'line': b'-- Up-to-date symlink: /home/maxim/super_ws/install/px4_msgs/include/px4_msgs/px4_msgs/msg/detail/navigator_mission_item__rosidl_typesupport_introspection_cpp.hpp\n'}
[1.991562] (px4_msgs) StdoutLine: {'line': b'-- Up-to-date symlink: /home/maxim/super_ws/install/px4_msgs/include/px4_msgs/px4_msgs/msg/detail/navigator_status__rosidl_typesupport_introspection_cpp.hpp\n'}
[1.991638] (px4_msgs) StdoutLine: {'line': b'-- Up-to-date symlink: /home/maxim/super_ws/install/px4_msgs/include/px4_msgs/px4_msgs/msg/detail/neural_control__rosidl_typesupport_introspection_cpp.hpp\n'}
[1.991717] (px4_msgs) StdoutLine: {'line': b'-- Up-to-date symlink: /home/maxim/super_ws/install/px4_msgs/include/px4_msgs/px4_msgs/msg/detail/normalized_unsigned_setpoint__rosidl_typesupport_introspection_cpp.hpp\n'}
[1.991794] (px4_msgs) StdoutLine: {'line': b'-- Up-to-date symlink: /home/maxim/super_ws/install/px4_msgs/include/px4_msgs/px4_msgs/msg/detail/obstacle_distance__rosidl_typesupport_introspection_cpp.hpp\n'}
[1.991868] (px4_msgs) StdoutLine: {'line': b'-- Up-to-date symlink: /home/maxim/super_ws/install/px4_msgs/include/px4_msgs/px4_msgs/msg/detail/offboard_control_mode__rosidl_typesupport_introspection_cpp.hpp\n'}
[1.991939] (px4_msgs) StdoutLine: {'line': b'-- Up-to-date symlink: /home/maxim/super_ws/install/px4_msgs/include/px4_msgs/px4_msgs/msg/detail/onboard_computer_status__rosidl_typesupport_introspection_cpp.hpp\n'}
[1.992009] (px4_msgs) StdoutLine: {'line': b'-- Up-to-date symlink: /home/maxim/super_ws/install/px4_msgs/include/px4_msgs/px4_msgs/msg/detail/open_drone_id_arm_status__rosidl_typesupport_introspection_cpp.hpp\n'}
[1.992084] (px4_msgs) StdoutLine: {'line': b'-- Up-to-date symlink: /home/maxim/super_ws/install/px4_msgs/include/px4_msgs/px4_msgs/msg/detail/open_drone_id_operator_id__rosidl_typesupport_introspection_cpp.hpp\n'}
[1.992166] (px4_msgs) StdoutLine: {'line': b'-- Up-to-date symlink: /home/maxim/super_ws/install/px4_msgs/include/px4_msgs/px4_msgs/msg/detail/open_drone_id_self_id__rosidl_typesupport_introspection_cpp.hpp\n'}
[1.992238] (px4_msgs) StdoutLine: {'line': b'-- Up-to-date symlink: /home/maxim/super_ws/install/px4_msgs/include/px4_msgs/px4_msgs/msg/detail/open_drone_id_system__rosidl_typesupport_introspection_cpp.hpp\n'}
[1.992310] (px4_msgs) StdoutLine: {'line': b'-- Up-to-date symlink: /home/maxim/super_ws/install/px4_msgs/include/px4_msgs/px4_msgs/msg/detail/orb_test__rosidl_typesupport_introspection_cpp.hpp\n'}
[1.992389] (px4_msgs) StdoutLine: {'line': b'-- Up-to-date symlink: /home/maxim/super_ws/install/px4_msgs/include/px4_msgs/px4_msgs/msg/detail/orb_test_large__rosidl_typesupport_introspection_cpp.hpp\n'}
[1.992461] (px4_msgs) StdoutLine: {'line': b'-- Up-to-date symlink: /home/maxim/super_ws/install/px4_msgs/include/px4_msgs/px4_msgs/msg/detail/orb_test_medium__rosidl_typesupport_introspection_cpp.hpp\n'}
[1.992530] (px4_msgs) StdoutLine: {'line': b'-- Up-to-date symlink: /home/maxim/super_ws/install/px4_msgs/include/px4_msgs/px4_msgs/msg/detail/orbit_status__rosidl_typesupport_introspection_cpp.hpp\n'}
[1.992649] (px4_msgs) StdoutLine: {'line': b'-- Up-to-date symlink: /home/maxim/super_ws/install/px4_msgs/include/px4_msgs/px4_msgs/msg/detail/parameter_reset_request__rosidl_typesupport_introspection_cpp.hpp\n'}
[1.992728] (px4_msgs) StdoutLine: {'line': b'-- Up-to-date symlink: /home/maxim/super_ws/install/px4_msgs/include/px4_msgs/px4_msgs/msg/detail/parameter_set_used_request__rosidl_typesupport_introspection_cpp.hpp\n'}
[1.992813] (px4_msgs) StdoutLine: {'line': b'-- Up-to-date symlink: /home/maxim/super_ws/install/px4_msgs/include/px4_msgs/px4_msgs/msg/detail/parameter_set_value_request__rosidl_typesupport_introspection_cpp.hpp\n'}
[1.992885] (px4_msgs) StdoutLine: {'line': b'-- Up-to-date symlink: /home/maxim/super_ws/install/px4_msgs/include/px4_msgs/px4_msgs/msg/detail/parameter_set_value_response__rosidl_typesupport_introspection_cpp.hpp\n'}
[1.992957] (px4_msgs) StdoutLine: {'line': b'-- Up-to-date symlink: /home/maxim/super_ws/install/px4_msgs/include/px4_msgs/px4_msgs/msg/detail/parameter_update__rosidl_typesupport_introspection_cpp.hpp\n'}
[1.993030] (px4_msgs) StdoutLine: {'line': b'-- Up-to-date symlink: /home/maxim/super_ws/install/px4_msgs/include/px4_msgs/px4_msgs/msg/detail/ping__rosidl_typesupport_introspection_cpp.hpp\n'}
[1.993104] (px4_msgs) StdoutLine: {'line': b'-- Up-to-date symlink: /home/maxim/super_ws/install/px4_msgs/include/px4_msgs/px4_msgs/msg/detail/position_controller_landing_status__rosidl_typesupport_introspection_cpp.hpp\n'}
[1.993177] (px4_msgs) StdoutLine: {'line': b'-- Up-to-date symlink: /home/maxim/super_ws/install/px4_msgs/include/px4_msgs/px4_msgs/msg/detail/position_controller_status__rosidl_typesupport_introspection_cpp.hpp\n'}
[1.993279] (px4_msgs) StdoutLine: {'line': b'-- Up-to-date symlink: /home/maxim/super_ws/install/px4_msgs/include/px4_msgs/px4_msgs/msg/detail/position_setpoint__rosidl_typesupport_introspection_cpp.hpp\n'}
[1.993349] (px4_msgs) StdoutLine: {'line': b'-- Up-to-date symlink: /home/maxim/super_ws/install/px4_msgs/include/px4_msgs/px4_msgs/msg/detail/position_setpoint_triplet__rosidl_typesupport_introspection_cpp.hpp\n'}
[1.993487] (px4_msgs) StdoutLine: {'line': b'-- Up-to-date symlink: /home/maxim/super_ws/install/px4_msgs/include/px4_msgs/px4_msgs/msg/detail/power_button_state__rosidl_typesupport_introspection_cpp.hpp\n'}
[1.993569] (px4_msgs) StdoutLine: {'line': b'-- Up-to-date symlink: /home/maxim/super_ws/install/px4_msgs/include/px4_msgs/px4_msgs/msg/detail/power_monitor__rosidl_typesupport_introspection_cpp.hpp\n'}
[1.993659] (px4_msgs) StdoutLine: {'line': b'-- Up-to-date symlink: /home/maxim/super_ws/install/px4_msgs/include/px4_msgs/px4_msgs/msg/detail/pps_capture__rosidl_typesupport_introspection_cpp.hpp\n'}
[1.993720] (px4_msgs) StdoutLine: {'line': b'-- Up-to-date symlink: /home/maxim/super_ws/install/px4_msgs/include/px4_msgs/px4_msgs/msg/detail/prec_land_status__rosidl_typesupport_introspection_cpp.hpp\n'}
[1.993798] (px4_msgs) StdoutLine: {'line': b'-- Up-to-date symlink: /home/maxim/super_ws/install/px4_msgs/include/px4_msgs/px4_msgs/msg/detail/pure_pursuit_status__rosidl_typesupport_introspection_cpp.hpp\n'}
[1.993879] (px4_msgs) StdoutLine: {'line': b'-- Up-to-date symlink: /home/maxim/super_ws/install/px4_msgs/include/px4_msgs/px4_msgs/msg/detail/pwm_input__rosidl_typesupport_introspection_cpp.hpp\n'}
[1.993950] (px4_msgs) StdoutLine: {'line': b'-- Up-to-date symlink: /home/maxim/super_ws/install/px4_msgs/include/px4_msgs/px4_msgs/msg/detail/px4io_status__rosidl_typesupport_introspection_cpp.hpp\n'}
[1.994020] (px4_msgs) StdoutLine: {'line': b'-- Up-to-date symlink: /home/maxim/super_ws/install/px4_msgs/include/px4_msgs/px4_msgs/msg/detail/qshell_req__rosidl_typesupport_introspection_cpp.hpp\n'}
[1.994087] (px4_msgs) StdoutLine: {'line': b'-- Up-to-date symlink: /home/maxim/super_ws/install/px4_msgs/include/px4_msgs/px4_msgs/msg/detail/qshell_retval__rosidl_typesupport_introspection_cpp.hpp\n'}
[1.994165] (px4_msgs) StdoutLine: {'line': b'-- Up-to-date symlink: /home/maxim/super_ws/install/px4_msgs/include/px4_msgs/px4_msgs/msg/detail/radio_status__rosidl_typesupport_introspection_cpp.hpp\n'}
[1.994240] (px4_msgs) StdoutLine: {'line': b'-- Up-to-date symlink: /home/maxim/super_ws/install/px4_msgs/include/px4_msgs/px4_msgs/msg/detail/ranging_beacon__rosidl_typesupport_introspection_cpp.hpp\n'}
[1.994312] (px4_msgs) StdoutLine: {'line': b'-- Up-to-date symlink: /home/maxim/super_ws/install/px4_msgs/include/px4_msgs/px4_msgs/msg/detail/raptor_input__rosidl_typesupport_introspection_cpp.hpp\n'}
[1.994389] (px4_msgs) StdoutLine: {'line': b'-- Up-to-date symlink: /home/maxim/super_ws/install/px4_msgs/include/px4_msgs/px4_msgs/msg/detail/raptor_status__rosidl_typesupport_introspection_cpp.hpp\n'}
[1.994486] (px4_msgs) StdoutLine: {'line': b'-- Up-to-date symlink: /home/maxim/super_ws/install/px4_msgs/include/px4_msgs/px4_msgs/msg/detail/rate_ctrl_status__rosidl_typesupport_introspection_cpp.hpp\n'}
[1.994566] (px4_msgs) StdoutLine: {'line': b'-- Up-to-date symlink: /home/maxim/super_ws/install/px4_msgs/include/px4_msgs/px4_msgs/msg/detail/rc_channels__rosidl_typesupport_introspection_cpp.hpp\n'}
[1.994685] (px4_msgs) StdoutLine: {'line': b'-- Up-to-date symlink: /home/maxim/super_ws/install/px4_msgs/include/px4_msgs/px4_msgs/msg/detail/rc_parameter_map__rosidl_typesupport_introspection_cpp.hpp\n'}
[1.994757] (px4_msgs) StdoutLine: {'line': b'-- Up-to-date symlink: /home/maxim/super_ws/install/px4_msgs/include/px4_msgs/px4_msgs/msg/detail/register_ext_component_reply__rosidl_typesupport_introspection_cpp.hpp\n'}
[1.994836] (px4_msgs) StdoutLine: {'line': b'-- Up-to-date symlink: /home/maxim/super_ws/install/px4_msgs/include/px4_msgs/px4_msgs/msg/detail/register_ext_component_request__rosidl_typesupport_introspection_cpp.hpp\n'}
[1.994916] (px4_msgs) StdoutLine: {'line': b'-- Up-to-date symlink: /home/maxim/super_ws/install/px4_msgs/include/px4_msgs/px4_msgs/msg/detail/rover_attitude_setpoint__rosidl_typesupport_introspection_cpp.hpp\n'}
[1.994991] (px4_msgs) StdoutLine: {'line': b'-- Up-to-date symlink: /home/maxim/super_ws/install/px4_msgs/include/px4_msgs/px4_msgs/msg/detail/rover_attitude_status__rosidl_typesupport_introspection_cpp.hpp\n'}
[1.995064] (px4_msgs) StdoutLine: {'line': b'-- Up-to-date symlink: /home/maxim/super_ws/install/px4_msgs/include/px4_msgs/px4_msgs/msg/detail/rover_position_setpoint__rosidl_typesupport_introspection_cpp.hpp\n'}
[1.995137] (px4_msgs) StdoutLine: {'line': b'-- Up-to-date symlink: /home/maxim/super_ws/install/px4_msgs/include/px4_msgs/px4_msgs/msg/detail/rover_rate_setpoint__rosidl_typesupport_introspection_cpp.hpp\n'}
[1.995219] (px4_msgs) StdoutLine: {'line': b'-- Up-to-date symlink: /home/maxim/super_ws/install/px4_msgs/include/px4_msgs/px4_msgs/msg/detail/rover_rate_status__rosidl_typesupport_introspection_cpp.hpp\n'}
[1.995289] (px4_msgs) StdoutLine: {'line': b'-- Up-to-date symlink: /home/maxim/super_ws/install/px4_msgs/include/px4_msgs/px4_msgs/msg/detail/rover_speed_setpoint__rosidl_typesupport_introspection_cpp.hpp\n'}
[1.995364] (px4_msgs) StdoutLine: {'line': b'-- Up-to-date symlink: /home/maxim/super_ws/install/px4_msgs/include/px4_msgs/px4_msgs/msg/detail/rover_speed_status__rosidl_typesupport_introspection_cpp.hpp\n'}
[1.995451] (px4_msgs) StdoutLine: {'line': b'-- Up-to-date symlink: /home/maxim/super_ws/install/px4_msgs/include/px4_msgs/px4_msgs/msg/detail/rover_steering_setpoint__rosidl_typesupport_introspection_cpp.hpp\n'}
[1.995531] (px4_msgs) StdoutLine: {'line': b'-- Up-to-date symlink: /home/maxim/super_ws/install/px4_msgs/include/px4_msgs/px4_msgs/msg/detail/rover_throttle_setpoint__rosidl_typesupport_introspection_cpp.hpp\n'}
[1.995646] (px4_msgs) StdoutLine: {'line': b'-- Up-to-date symlink: /home/maxim/super_ws/install/px4_msgs/include/px4_msgs/px4_msgs/msg/detail/rpm__rosidl_typesupport_introspection_cpp.hpp\n'}
[1.995719] (px4_msgs) StdoutLine: {'line': b'-- Up-to-date symlink: /home/maxim/super_ws/install/px4_msgs/include/px4_msgs/px4_msgs/msg/detail/rtl_status__rosidl_typesupport_introspection_cpp.hpp\n'}
[1.995792] (px4_msgs) StdoutLine: {'line': b'-- Up-to-date symlink: /home/maxim/super_ws/install/px4_msgs/include/px4_msgs/px4_msgs/msg/detail/rtl_time_estimate__rosidl_typesupport_introspection_cpp.hpp\n'}
[1.995867] (px4_msgs) StdoutLine: {'line': b'-- Up-to-date symlink: /home/maxim/super_ws/install/px4_msgs/include/px4_msgs/px4_msgs/msg/detail/satellite_info__rosidl_typesupport_introspection_cpp.hpp\n'}
[1.995938] (px4_msgs) StdoutLine: {'line': b'-- Up-to-date symlink: /home/maxim/super_ws/install/px4_msgs/include/px4_msgs/px4_msgs/msg/detail/sensor_accel__rosidl_typesupport_introspection_cpp.hpp\n'}
[1.996010] (px4_msgs) StdoutLine: {'line': b'-- Up-to-date symlink: /home/maxim/super_ws/install/px4_msgs/include/px4_msgs/px4_msgs/msg/detail/sensor_accel_fifo__rosidl_typesupport_introspection_cpp.hpp\n'}
[1.996077] (px4_msgs) StdoutLine: {'line': b'-- Up-to-date symlink: /home/maxim/super_ws/install/px4_msgs/include/px4_msgs/px4_msgs/msg/detail/sensor_airflow__rosidl_typesupport_introspection_cpp.hpp\n'}
[1.996148] (px4_msgs) StdoutLine: {'line': b'-- Up-to-date symlink: /home/maxim/super_ws/install/px4_msgs/include/px4_msgs/px4_msgs/msg/detail/sensor_baro__rosidl_typesupport_introspection_cpp.hpp\n'}
[1.996246] (px4_msgs) StdoutLine: {'line': b'-- Up-to-date symlink: /home/maxim/super_ws/install/px4_msgs/include/px4_msgs/px4_msgs/msg/detail/sensor_combined__rosidl_typesupport_introspection_cpp.hpp\n'}
[1.996322] (px4_msgs) StdoutLine: {'line': b'-- Up-to-date symlink: /home/maxim/super_ws/install/px4_msgs/include/px4_msgs/px4_msgs/msg/detail/sensor_correction__rosidl_typesupport_introspection_cpp.hpp\n'}
[1.996397] (px4_msgs) StdoutLine: {'line': b'-- Up-to-date symlink: /home/maxim/super_ws/install/px4_msgs/include/px4_msgs/px4_msgs/msg/detail/sensor_gnss_relative__rosidl_typesupport_introspection_cpp.hpp\n'}
[1.996469] (px4_msgs) StdoutLine: {'line': b'-- Up-to-date symlink: /home/maxim/super_ws/install/px4_msgs/include/px4_msgs/px4_msgs/msg/detail/sensor_gnss_status__rosidl_typesupport_introspection_cpp.hpp\n'}
[1.996541] (px4_msgs) StdoutLine: {'line': b'-- Up-to-date symlink: /home/maxim/super_ws/install/px4_msgs/include/px4_msgs/px4_msgs/msg/detail/sensor_gps__rosidl_typesupport_introspection_cpp.hpp\n'}
[1.996619] (px4_msgs) StdoutLine: {'line': b'-- Up-to-date symlink: /home/maxim/super_ws/install/px4_msgs/include/px4_msgs/px4_msgs/msg/detail/sensor_gyro__rosidl_typesupport_introspection_cpp.hpp\n'}
[1.996727] (px4_msgs) StdoutLine: {'line': b'-- Up-to-date symlink: /home/maxim/super_ws/install/px4_msgs/include/px4_msgs/px4_msgs/msg/detail/sensor_gyro_fft__rosidl_typesupport_introspection_cpp.hpp\n'}
[1.996805] (px4_msgs) StdoutLine: {'line': b'-- Up-to-date symlink: /home/maxim/super_ws/install/px4_msgs/include/px4_msgs/px4_msgs/msg/detail/sensor_gyro_fifo__rosidl_typesupport_introspection_cpp.hpp\n'}
[1.996878] (px4_msgs) StdoutLine: {'line': b'-- Up-to-date symlink: /home/maxim/super_ws/install/px4_msgs/include/px4_msgs/px4_msgs/msg/detail/sensor_hygrometer__rosidl_typesupport_introspection_cpp.hpp\n'}
[1.996951] (px4_msgs) StdoutLine: {'line': b'-- Up-to-date symlink: /home/maxim/super_ws/install/px4_msgs/include/px4_msgs/px4_msgs/msg/detail/sensor_mag__rosidl_typesupport_introspection_cpp.hpp\n'}
[1.997022] (px4_msgs) StdoutLine: {'line': b'-- Up-to-date symlink: /home/maxim/super_ws/install/px4_msgs/include/px4_msgs/px4_msgs/msg/detail/sensor_optical_flow__rosidl_typesupport_introspection_cpp.hpp\n'}
[1.997094] (px4_msgs) StdoutLine: {'line': b'-- Up-to-date symlink: /home/maxim/super_ws/install/px4_msgs/include/px4_msgs/px4_msgs/msg/detail/sensor_preflight_mag__rosidl_typesupport_introspection_cpp.hpp\n'}
[1.997174] (px4_msgs) StdoutLine: {'line': b'-- Up-to-date symlink: /home/maxim/super_ws/install/px4_msgs/include/px4_msgs/px4_msgs/msg/detail/sensor_selection__rosidl_typesupport_introspection_cpp.hpp\n'}
[1.997253] (px4_msgs) StdoutLine: {'line': b'-- Up-to-date symlink: /home/maxim/super_ws/install/px4_msgs/include/px4_msgs/px4_msgs/msg/detail/sensor_temp__rosidl_typesupport_introspection_cpp.hpp\n'}
[1.997332] (px4_msgs) StdoutLine: {'line': b'-- Up-to-date symlink: /home/maxim/super_ws/install/px4_msgs/include/px4_msgs/px4_msgs/msg/detail/sensor_uwb__rosidl_typesupport_introspection_cpp.hpp\n'}
[1.997447] (px4_msgs) StdoutLine: {'line': b'-- Up-to-date symlink: /home/maxim/super_ws/install/px4_msgs/include/px4_msgs/px4_msgs/msg/detail/sensors_status__rosidl_typesupport_introspection_cpp.hpp\n'}
[1.997518] (px4_msgs) StdoutLine: {'line': b'-- Up-to-date symlink: /home/maxim/super_ws/install/px4_msgs/include/px4_msgs/px4_msgs/msg/detail/sensors_status_imu__rosidl_typesupport_introspection_cpp.hpp\n'}
[1.997591] (px4_msgs) StdoutLine: {'line': b'-- Up-to-date symlink: /home/maxim/super_ws/install/px4_msgs/include/px4_msgs/px4_msgs/msg/detail/system_power__rosidl_typesupport_introspection_cpp.hpp\n'}
[1.997682] (px4_msgs) StdoutLine: {'line': b'-- Up-to-date symlink: /home/maxim/super_ws/install/px4_msgs/include/px4_msgs/px4_msgs/msg/detail/takeoff_status__rosidl_typesupport_introspection_cpp.hpp\n'}
[1.997752] (px4_msgs) StdoutLine: {'line': b'-- Up-to-date symlink: /home/maxim/super_ws/install/px4_msgs/include/px4_msgs/px4_msgs/msg/detail/target_gnss__rosidl_typesupport_introspection_cpp.hpp\n'}
[1.997823] (px4_msgs) StdoutLine: {'line': b'-- Up-to-date symlink: /home/maxim/super_ws/install/px4_msgs/include/px4_msgs/px4_msgs/msg/detail/task_stack_info__rosidl_typesupport_introspection_cpp.hpp\n'}
[1.997891] (px4_msgs) StdoutLine: {'line': b'-- Up-to-date symlink: /home/maxim/super_ws/install/px4_msgs/include/px4_msgs/px4_msgs/msg/detail/tecs_status__rosidl_typesupport_introspection_cpp.hpp\n'}
[1.998005] (px4_msgs) StdoutLine: {'line': b'-- Up-to-date symlink: /home/maxim/super_ws/install/px4_msgs/include/px4_msgs/px4_msgs/msg/detail/telemetry_status__rosidl_typesupport_introspection_cpp.hpp\n'}
[1.998077] (px4_msgs) StdoutLine: {'line': b'-- Up-to-date symlink: /home/maxim/super_ws/install/px4_msgs/include/px4_msgs/px4_msgs/msg/detail/tiltrotor_extra_controls__rosidl_typesupport_introspection_cpp.hpp\n'}
[1.998146] (px4_msgs) StdoutLine: {'line': b'-- Up-to-date symlink: /home/maxim/super_ws/install/px4_msgs/include/px4_msgs/px4_msgs/msg/detail/timesync_status__rosidl_typesupport_introspection_cpp.hpp\n'}
[1.998224] (px4_msgs) StdoutLine: {'line': b'-- Up-to-date symlink: /home/maxim/super_ws/install/px4_msgs/include/px4_msgs/px4_msgs/msg/detail/trajectory_setpoint6dof__rosidl_typesupport_introspection_cpp.hpp\n'}
[1.998297] (px4_msgs) StdoutLine: {'line': b'-- Up-to-date symlink: /home/maxim/super_ws/install/px4_msgs/include/px4_msgs/px4_msgs/msg/detail/trajectory_setpoint__rosidl_typesupport_introspection_cpp.hpp\n'}
[1.998371] (px4_msgs) StdoutLine: {'line': b'-- Up-to-date symlink: /home/maxim/super_ws/install/px4_msgs/include/px4_msgs/px4_msgs/msg/detail/transponder_report__rosidl_typesupport_introspection_cpp.hpp\n'}
[1.998481] (px4_msgs) StdoutLine: {'line': b'-- Up-to-date symlink: /home/maxim/super_ws/install/px4_msgs/include/px4_msgs/px4_msgs/msg/detail/tune_control__rosidl_typesupport_introspection_cpp.hpp\n'}
[1.998567] (px4_msgs) StdoutLine: {'line': b'-- Up-to-date symlink: /home/maxim/super_ws/install/px4_msgs/include/px4_msgs/px4_msgs/msg/detail/uavcan_parameter_request__rosidl_typesupport_introspection_cpp.hpp\n'}
[1.998641] (px4_msgs) StdoutLine: {'line': b'-- Up-to-date symlink: /home/maxim/super_ws/install/px4_msgs/include/px4_msgs/px4_msgs/msg/detail/uavcan_parameter_value__rosidl_typesupport_introspection_cpp.hpp\n'}
[1.998721] (px4_msgs) StdoutLine: {'line': b'-- Up-to-date symlink: /home/maxim/super_ws/install/px4_msgs/include/px4_msgs/px4_msgs/msg/detail/ulog_stream__rosidl_typesupport_introspection_cpp.hpp\n'}
[1.998794] (px4_msgs) StdoutLine: {'line': b'-- Up-to-date symlink: /home/maxim/super_ws/install/px4_msgs/include/px4_msgs/px4_msgs/msg/detail/ulog_stream_ack__rosidl_typesupport_introspection_cpp.hpp\n'}
[1.998867] (px4_msgs) StdoutLine: {'line': b'-- Up-to-date symlink: /home/maxim/super_ws/install/px4_msgs/include/px4_msgs/px4_msgs/msg/detail/unregister_ext_component__rosidl_typesupport_introspection_cpp.hpp\n'}
[1.998939] (px4_msgs) StdoutLine: {'line': b'-- Up-to-date symlink: /home/maxim/super_ws/install/px4_msgs/include/px4_msgs/px4_msgs/msg/detail/vehicle_acceleration__rosidl_typesupport_introspection_cpp.hpp\n'}
[1.999011] (px4_msgs) StdoutLine: {'line': b'-- Up-to-date symlink: /home/maxim/super_ws/install/px4_msgs/include/px4_msgs/px4_msgs/msg/detail/vehicle_air_data__rosidl_typesupport_introspection_cpp.hpp\n'}
[1.999092] (px4_msgs) StdoutLine: {'line': b'-- Up-to-date symlink: /home/maxim/super_ws/install/px4_msgs/include/px4_msgs/px4_msgs/msg/detail/vehicle_angular_acceleration_setpoint__rosidl_typesupport_introspection_cpp.hpp\n'}
[1.999199] (px4_msgs) StdoutLine: {'line': b'-- Up-to-date symlink: /home/maxim/super_ws/install/px4_msgs/include/px4_msgs/px4_msgs/msg/detail/vehicle_angular_velocity__rosidl_typesupport_introspection_cpp.hpp\n'}
[1.999274] (px4_msgs) StdoutLine: {'line': b'-- Up-to-date symlink: /home/maxim/super_ws/install/px4_msgs/include/px4_msgs/px4_msgs/msg/detail/vehicle_attitude__rosidl_typesupport_introspection_cpp.hpp\n'}
[1.999345] (px4_msgs) StdoutLine: {'line': b'-- Up-to-date symlink: /home/maxim/super_ws/install/px4_msgs/include/px4_msgs/px4_msgs/msg/detail/vehicle_attitude_setpoint__rosidl_typesupport_introspection_cpp.hpp\n'}
[1.999443] (px4_msgs) StdoutLine: {'line': b'-- Up-to-date symlink: /home/maxim/super_ws/install/px4_msgs/include/px4_msgs/px4_msgs/msg/detail/vehicle_command__rosidl_typesupport_introspection_cpp.hpp\n'}
[1.999514] (px4_msgs) StdoutLine: {'line': b'-- Up-to-date symlink: /home/maxim/super_ws/install/px4_msgs/include/px4_msgs/px4_msgs/msg/detail/vehicle_command_ack__rosidl_typesupport_introspection_cpp.hpp\n'}
[1.999582] (px4_msgs) StdoutLine: {'line': b'-- Up-to-date symlink: /home/maxim/super_ws/install/px4_msgs/include/px4_msgs/px4_msgs/msg/detail/vehicle_constraints__rosidl_typesupport_introspection_cpp.hpp\n'}
[1.999656] (px4_msgs) StdoutLine: {'line': b'-- Up-to-date symlink: /home/maxim/super_ws/install/px4_msgs/include/px4_msgs/px4_msgs/msg/detail/vehicle_control_mode__rosidl_typesupport_introspection_cpp.hpp\n'}
[1.999761] (px4_msgs) StdoutLine: {'line': b'-- Up-to-date symlink: /home/maxim/super_ws/install/px4_msgs/include/px4_msgs/px4_msgs/msg/detail/vehicle_global_position__rosidl_typesupport_introspection_cpp.hpp\n'}
[1.999833] (px4_msgs) StdoutLine: {'line': b'-- Up-to-date symlink: /home/maxim/super_ws/install/px4_msgs/include/px4_msgs/px4_msgs/msg/detail/vehicle_imu__rosidl_typesupport_introspection_cpp.hpp\n'}
[1.999904] (px4_msgs) StdoutLine: {'line': b'-- Up-to-date symlink: /home/maxim/super_ws/install/px4_msgs/include/px4_msgs/px4_msgs/msg/detail/vehicle_imu_status__rosidl_typesupport_introspection_cpp.hpp\n'}
[1.999981] (px4_msgs) StdoutLine: {'line': b'-- Up-to-date symlink: /home/maxim/super_ws/install/px4_msgs/include/px4_msgs/px4_msgs/msg/detail/vehicle_land_detected__rosidl_typesupport_introspection_cpp.hpp\n'}
[2.000052] (px4_msgs) StdoutLine: {'line': b'-- Up-to-date symlink: /home/maxim/super_ws/install/px4_msgs/include/px4_msgs/px4_msgs/msg/detail/vehicle_local_position__rosidl_typesupport_introspection_cpp.hpp\n'}
[2.000125] (px4_msgs) StdoutLine: {'line': b'-- Up-to-date symlink: /home/maxim/super_ws/install/px4_msgs/include/px4_msgs/px4_msgs/msg/detail/vehicle_local_position_setpoint__rosidl_typesupport_introspection_cpp.hpp\n'}
[2.000231] (px4_msgs) StdoutLine: {'line': b'-- Up-to-date symlink: /home/maxim/super_ws/install/px4_msgs/include/px4_msgs/px4_msgs/msg/detail/vehicle_magnetometer__rosidl_typesupport_introspection_cpp.hpp\n'}
[2.000305] (px4_msgs) StdoutLine: {'line': b'-- Up-to-date symlink: /home/maxim/super_ws/install/px4_msgs/include/px4_msgs/px4_msgs/msg/detail/vehicle_odometry__rosidl_typesupport_introspection_cpp.hpp\n'}
[2.000389] (px4_msgs) StdoutLine: {'line': b'-- Up-to-date symlink: /home/maxim/super_ws/install/px4_msgs/include/px4_msgs/px4_msgs/msg/detail/vehicle_optical_flow__rosidl_typesupport_introspection_cpp.hpp\n'}
[2.000485] (px4_msgs) StdoutLine: {'line': b'-- Up-to-date symlink: /home/maxim/super_ws/install/px4_msgs/include/px4_msgs/px4_msgs/msg/detail/vehicle_optical_flow_vel__rosidl_typesupport_introspection_cpp.hpp\n'}
[2.000567] (px4_msgs) StdoutLine: {'line': b'-- Up-to-date symlink: /home/maxim/super_ws/install/px4_msgs/include/px4_msgs/px4_msgs/msg/detail/vehicle_rates_setpoint__rosidl_typesupport_introspection_cpp.hpp\n'}
[2.000670] (px4_msgs) StdoutLine: {'line': b'-- Up-to-date symlink: /home/maxim/super_ws/install/px4_msgs/include/px4_msgs/px4_msgs/msg/detail/vehicle_roi__rosidl_typesupport_introspection_cpp.hpp\n'}
[2.000741] (px4_msgs) StdoutLine: {'line': b'-- Up-to-date symlink: /home/maxim/super_ws/install/px4_msgs/include/px4_msgs/px4_msgs/msg/detail/vehicle_status__rosidl_typesupport_introspection_cpp.hpp\n'}
[2.000808] (px4_msgs) StdoutLine: {'line': b'-- Up-to-date symlink: /home/maxim/super_ws/install/px4_msgs/include/px4_msgs/px4_msgs/msg/detail/vehicle_thrust_setpoint__rosidl_typesupport_introspection_cpp.hpp\n'}
[2.000883] (px4_msgs) StdoutLine: {'line': b'-- Up-to-date symlink: /home/maxim/super_ws/install/px4_msgs/include/px4_msgs/px4_msgs/msg/detail/vehicle_torque_setpoint__rosidl_typesupport_introspection_cpp.hpp\n'}
[2.000957] (px4_msgs) StdoutLine: {'line': b'-- Up-to-date symlink: /home/maxim/super_ws/install/px4_msgs/include/px4_msgs/px4_msgs/msg/detail/velocity_limits__rosidl_typesupport_introspection_cpp.hpp\n'}
[2.001027] (px4_msgs) StdoutLine: {'line': b'-- Up-to-date symlink: /home/maxim/super_ws/install/px4_msgs/include/px4_msgs/px4_msgs/msg/detail/vte_aid_source1d__rosidl_typesupport_introspection_cpp.hpp\n'}
[2.001100] (px4_msgs) StdoutLine: {'line': b'-- Up-to-date symlink: /home/maxim/super_ws/install/px4_msgs/include/px4_msgs/px4_msgs/msg/detail/vte_aid_source3d__rosidl_typesupport_introspection_cpp.hpp\n'}
[2.001180] (px4_msgs) StdoutLine: {'line': b'-- Up-to-date symlink: /home/maxim/super_ws/install/px4_msgs/include/px4_msgs/px4_msgs/msg/detail/vte_bias_init_status__rosidl_typesupport_introspection_cpp.hpp\n'}
[2.001256] (px4_msgs) StdoutLine: {'line': b'-- Up-to-date symlink: /home/maxim/super_ws/install/px4_msgs/include/px4_msgs/px4_msgs/msg/detail/vte_input__rosidl_typesupport_introspection_cpp.hpp\n'}
[2.001331] (px4_msgs) StdoutLine: {'line': b'-- Up-to-date symlink: /home/maxim/super_ws/install/px4_msgs/include/px4_msgs/px4_msgs/msg/detail/vte_orientation__rosidl_typesupport_introspection_cpp.hpp\n'}
[2.001407] (px4_msgs) StdoutLine: {'line': b'-- Up-to-date symlink: /home/maxim/super_ws/install/px4_msgs/include/px4_msgs/px4_msgs/msg/detail/vte_position__rosidl_typesupport_introspection_cpp.hpp\n'}
[2.001485] (px4_msgs) StdoutLine: {'line': b'-- Up-to-date symlink: /home/maxim/super_ws/install/px4_msgs/include/px4_msgs/px4_msgs/msg/detail/vtol_vehicle_status__rosidl_typesupport_introspection_cpp.hpp\n'}
[2.001566] (px4_msgs) StdoutLine: {'line': b'-- Up-to-date symlink: /home/maxim/super_ws/install/px4_msgs/include/px4_msgs/px4_msgs/msg/detail/vtx__rosidl_typesupport_introspection_cpp.hpp\n'}
[2.001674] (px4_msgs) StdoutLine: {'line': b'-- Up-to-date symlink: /home/maxim/super_ws/install/px4_msgs/include/px4_msgs/px4_msgs/msg/detail/wheel_encoders__rosidl_typesupport_introspection_cpp.hpp\n'}
[2.001744] (px4_msgs) StdoutLine: {'line': b'-- Up-to-date symlink: /home/maxim/super_ws/install/px4_msgs/include/px4_msgs/px4_msgs/msg/detail/wind__rosidl_typesupport_introspection_cpp.hpp\n'}
[2.001812] (px4_msgs) StdoutLine: {'line': b'-- Up-to-date symlink: /home/maxim/super_ws/install/px4_msgs/include/px4_msgs/px4_msgs/msg/detail/yaw_estimator_status__rosidl_typesupport_introspection_cpp.hpp\n'}
[2.001883] (px4_msgs) StdoutLine: {'line': b'-- Up-to-date symlink: /home/maxim/super_ws/install/px4_msgs/include/px4_msgs/px4_msgs/srv/detail/vehicle_command__rosidl_typesupport_introspection_cpp.hpp\n'}
[2.002022] (px4_msgs) StdoutLine: {'line': b'-- Up-to-date symlink: /home/maxim/super_ws/install/px4_msgs/share/px4_msgs/environment/pythonpath.sh\n'}
[2.002139] (px4_msgs) StdoutLine: {'line': b'-- Up-to-date symlink: /home/maxim/super_ws/install/px4_msgs/share/px4_msgs/environment/pythonpath.dsv\n'}
[2.002388] (px4_msgs) StdoutLine: {'line': b'-- Up-to-date symlink: /home/maxim/super_ws/install/px4_msgs/lib/python3.12/site-packages/px4_msgs-2.0.1-py3.12.egg-info/PKG-INFO\n'}
[2.002499] (px4_msgs) StdoutLine: {'line': b'-- Up-to-date symlink: /home/maxim/super_ws/install/px4_msgs/lib/python3.12/site-packages/px4_msgs-2.0.1-py3.12.egg-info/SOURCES.txt\n'}
[2.002579] (px4_msgs) StdoutLine: {'line': b'-- Up-to-date symlink: /home/maxim/super_ws/install/px4_msgs/lib/python3.12/site-packages/px4_msgs-2.0.1-py3.12.egg-info/dependency_links.txt\n'}
[2.002659] (px4_msgs) StdoutLine: {'line': b'-- Up-to-date symlink: /home/maxim/super_ws/install/px4_msgs/lib/python3.12/site-packages/px4_msgs-2.0.1-py3.12.egg-info/top_level.txt\n'}
[2.002713] (-) TimerEvent: {}
[2.007917] (px4_msgs) StdoutLine: {'line': b'-- Up-to-date symlink: /home/maxim/super_ws/install/px4_msgs/lib/python3.12/site-packages/px4_msgs/__init__.py\n'}
[2.008038] (px4_msgs) StdoutLine: {'line': b'-- Up-to-date symlink: /home/maxim/super_ws/install/px4_msgs/lib/python3.12/site-packages/px4_msgs/_px4_msgs_s.ep.rosidl_typesupport_c.c\n'}
[2.008113] (px4_msgs) StdoutLine: {'line': b'-- Up-to-date symlink: /home/maxim/super_ws/install/px4_msgs/lib/python3.12/site-packages/px4_msgs/_px4_msgs_s.ep.rosidl_typesupport_fastrtps_c.c\n'}
[2.008192] (px4_msgs) StdoutLine: {'line': b'-- Up-to-date symlink: /home/maxim/super_ws/install/px4_msgs/lib/python3.12/site-packages/px4_msgs/_px4_msgs_s.ep.rosidl_typesupport_introspection_c.c\n'}
[2.008254] (px4_msgs) StdoutLine: {'line': b'-- Up-to-date symlink: /home/maxim/super_ws/install/px4_msgs/lib/python3.12/site-packages/px4_msgs/msg/__init__.py\n'}
[2.008386] (px4_msgs) StdoutLine: {'line': b'-- Up-to-date symlink: /home/maxim/super_ws/install/px4_msgs/lib/python3.12/site-packages/px4_msgs/msg/_action_request.py\n'}
[2.008488] (px4_msgs) StdoutLine: {'line': b'-- Up-to-date symlink: /home/maxim/super_ws/install/px4_msgs/lib/python3.12/site-packages/px4_msgs/msg/_action_request_s.c\n'}
[2.008566] (px4_msgs) StdoutLine: {'line': b'-- Up-to-date symlink: /home/maxim/super_ws/install/px4_msgs/lib/python3.12/site-packages/px4_msgs/msg/_actuator_armed.py\n'}
[2.008629] (px4_msgs) StdoutLine: {'line': b'-- Up-to-date symlink: /home/maxim/super_ws/install/px4_msgs/lib/python3.12/site-packages/px4_msgs/msg/_actuator_armed_s.c\n'}
[2.008702] (px4_msgs) StdoutLine: {'line': b'-- Up-to-date symlink: /home/maxim/super_ws/install/px4_msgs/lib/python3.12/site-packages/px4_msgs/msg/_actuator_controls_status.py\n'}
[2.008773] (px4_msgs) StdoutLine: {'line': b'-- Up-to-date symlink: /home/maxim/super_ws/install/px4_msgs/lib/python3.12/site-packages/px4_msgs/msg/_actuator_controls_status_s.c\n'}
[2.008853] (px4_msgs) StdoutLine: {'line': b'-- Up-to-date symlink: /home/maxim/super_ws/install/px4_msgs/lib/python3.12/site-packages/px4_msgs/msg/_actuator_motors.py\n'}
[2.008912] (px4_msgs) StdoutLine: {'line': b'-- Up-to-date symlink: /home/maxim/super_ws/install/px4_msgs/lib/python3.12/site-packages/px4_msgs/msg/_actuator_motors_s.c\n'}
[2.008982] (px4_msgs) StdoutLine: {'line': b'-- Up-to-date symlink: /home/maxim/super_ws/install/px4_msgs/lib/python3.12/site-packages/px4_msgs/msg/_actuator_outputs.py\n'}
[2.009052] (px4_msgs) StdoutLine: {'line': b'-- Up-to-date symlink: /home/maxim/super_ws/install/px4_msgs/lib/python3.12/site-packages/px4_msgs/msg/_actuator_outputs_s.c\n'}
[2.009118] (px4_msgs) StdoutLine: {'line': b'-- Up-to-date symlink: /home/maxim/super_ws/install/px4_msgs/lib/python3.12/site-packages/px4_msgs/msg/_actuator_servos.py\n'}
[2.009198] (px4_msgs) StdoutLine: {'line': b'-- Up-to-date symlink: /home/maxim/super_ws/install/px4_msgs/lib/python3.12/site-packages/px4_msgs/msg/_actuator_servos_s.c\n'}
[2.009258] (px4_msgs) StdoutLine: {'line': b'-- Up-to-date symlink: /home/maxim/super_ws/install/px4_msgs/lib/python3.12/site-packages/px4_msgs/msg/_actuator_servos_trim.py\n'}
[2.009339] (px4_msgs) StdoutLine: {'line': b'-- Up-to-date symlink: /home/maxim/super_ws/install/px4_msgs/lib/python3.12/site-packages/px4_msgs/msg/_actuator_servos_trim_s.c\n'}
[2.009431] (px4_msgs) StdoutLine: {'line': b'-- Up-to-date symlink: /home/maxim/super_ws/install/px4_msgs/lib/python3.12/site-packages/px4_msgs/msg/_actuator_test.py\n'}
[2.009490] (px4_msgs) StdoutLine: {'line': b'-- Up-to-date symlink: /home/maxim/super_ws/install/px4_msgs/lib/python3.12/site-packages/px4_msgs/msg/_actuator_test_s.c\n'}
[2.009562] (px4_msgs) StdoutLine: {'line': b'-- Up-to-date symlink: /home/maxim/super_ws/install/px4_msgs/lib/python3.12/site-packages/px4_msgs/msg/_adc_report.py\n'}
[2.009643] (px4_msgs) StdoutLine: {'line': b'-- Up-to-date symlink: /home/maxim/super_ws/install/px4_msgs/lib/python3.12/site-packages/px4_msgs/msg/_adc_report_s.c\n'}
[2.009703] (px4_msgs) StdoutLine: {'line': b'-- Up-to-date symlink: /home/maxim/super_ws/install/px4_msgs/lib/python3.12/site-packages/px4_msgs/msg/_airspeed.py\n'}
[2.009773] (px4_msgs) StdoutLine: {'line': b'-- Up-to-date symlink: /home/maxim/super_ws/install/px4_msgs/lib/python3.12/site-packages/px4_msgs/msg/_airspeed_s.c\n'}
[2.009843] (px4_msgs) StdoutLine: {'line': b'-- Up-to-date symlink: /home/maxim/super_ws/install/px4_msgs/lib/python3.12/site-packages/px4_msgs/msg/_airspeed_validated.py\n'}
[2.009911] (px4_msgs) StdoutLine: {'line': b'-- Up-to-date symlink: /home/maxim/super_ws/install/px4_msgs/lib/python3.12/site-packages/px4_msgs/msg/_airspeed_validated_s.c\n'}
[2.009983] (px4_msgs) StdoutLine: {'line': b'-- Up-to-date symlink: /home/maxim/super_ws/install/px4_msgs/lib/python3.12/site-packages/px4_msgs/msg/_airspeed_wind.py\n'}
[2.010057] (px4_msgs) StdoutLine: {'line': b'-- Up-to-date symlink: /home/maxim/super_ws/install/px4_msgs/lib/python3.12/site-packages/px4_msgs/msg/_airspeed_wind_s.c\n'}
[2.010124] (px4_msgs) StdoutLine: {'line': b'-- Up-to-date symlink: /home/maxim/super_ws/install/px4_msgs/lib/python3.12/site-packages/px4_msgs/msg/_arming_check_reply.py\n'}
[2.010217] (px4_msgs) StdoutLine: {'line': b'-- Up-to-date symlink: /home/maxim/super_ws/install/px4_msgs/lib/python3.12/site-packages/px4_msgs/msg/_arming_check_reply_s.c\n'}
[2.010294] (px4_msgs) StdoutLine: {'line': b'-- Up-to-date symlink: /home/maxim/super_ws/install/px4_msgs/lib/python3.12/site-packages/px4_msgs/msg/_arming_check_request.py\n'}
[2.010375] (px4_msgs) StdoutLine: {'line': b'-- Up-to-date symlink: /home/maxim/super_ws/install/px4_msgs/lib/python3.12/site-packages/px4_msgs/msg/_arming_check_request_s.c\n'}
[2.010457] (px4_msgs) StdoutLine: {'line': b'-- Up-to-date symlink: /home/maxim/super_ws/install/px4_msgs/lib/python3.12/site-packages/px4_msgs/msg/_autotune_attitude_control_status.py\n'}
[2.010531] (px4_msgs) StdoutLine: {'line': b'-- Up-to-date symlink: /home/maxim/super_ws/install/px4_msgs/lib/python3.12/site-packages/px4_msgs/msg/_autotune_attitude_control_status_s.c\n'}
[2.010601] (px4_msgs) StdoutLine: {'line': b'-- Up-to-date symlink: /home/maxim/super_ws/install/px4_msgs/lib/python3.12/site-packages/px4_msgs/msg/_aux_global_position.py\n'}
[2.010669] (px4_msgs) StdoutLine: {'line': b'-- Up-to-date symlink: /home/maxim/super_ws/install/px4_msgs/lib/python3.12/site-packages/px4_msgs/msg/_aux_global_position_s.c\n'}
[2.010743] (px4_msgs) StdoutLine: {'line': b'-- Up-to-date symlink: /home/maxim/super_ws/install/px4_msgs/lib/python3.12/site-packages/px4_msgs/msg/_battery_info.py\n'}
[2.010816] (px4_msgs) StdoutLine: {'line': b'-- Up-to-date symlink: /home/maxim/super_ws/install/px4_msgs/lib/python3.12/site-packages/px4_msgs/msg/_battery_info_s.c\n'}
[2.010903] (px4_msgs) StdoutLine: {'line': b'-- Up-to-date symlink: /home/maxim/super_ws/install/px4_msgs/lib/python3.12/site-packages/px4_msgs/msg/_battery_status.py\n'}
[2.010980] (px4_msgs) StdoutLine: {'line': b'-- Up-to-date symlink: /home/maxim/super_ws/install/px4_msgs/lib/python3.12/site-packages/px4_msgs/msg/_battery_status_s.c\n'}
[2.011054] (px4_msgs) StdoutLine: {'line': b'-- Up-to-date symlink: /home/maxim/super_ws/install/px4_msgs/lib/python3.12/site-packages/px4_msgs/msg/_button_event.py\n'}
[2.011128] (px4_msgs) StdoutLine: {'line': b'-- Up-to-date symlink: /home/maxim/super_ws/install/px4_msgs/lib/python3.12/site-packages/px4_msgs/msg/_button_event_s.c\n'}
[2.011203] (px4_msgs) StdoutLine: {'line': b'-- Up-to-date symlink: /home/maxim/super_ws/install/px4_msgs/lib/python3.12/site-packages/px4_msgs/msg/_camera_capture.py\n'}
[2.011274] (px4_msgs) StdoutLine: {'line': b'-- Up-to-date symlink: /home/maxim/super_ws/install/px4_msgs/lib/python3.12/site-packages/px4_msgs/msg/_camera_capture_s.c\n'}
[2.011354] (px4_msgs) StdoutLine: {'line': b'-- Up-to-date symlink: /home/maxim/super_ws/install/px4_msgs/lib/python3.12/site-packages/px4_msgs/msg/_camera_status.py\n'}
[2.011448] (px4_msgs) StdoutLine: {'line': b'-- Up-to-date symlink: /home/maxim/super_ws/install/px4_msgs/lib/python3.12/site-packages/px4_msgs/msg/_camera_status_s.c\n'}
[2.011520] (px4_msgs) StdoutLine: {'line': b'-- Up-to-date symlink: /home/maxim/super_ws/install/px4_msgs/lib/python3.12/site-packages/px4_msgs/msg/_camera_trigger.py\n'}
[2.011591] (px4_msgs) StdoutLine: {'line': b'-- Up-to-date symlink: /home/maxim/super_ws/install/px4_msgs/lib/python3.12/site-packages/px4_msgs/msg/_camera_trigger_s.c\n'}
[2.011661] (px4_msgs) StdoutLine: {'line': b'-- Up-to-date symlink: /home/maxim/super_ws/install/px4_msgs/lib/python3.12/site-packages/px4_msgs/msg/_can_interface_status.py\n'}
[2.011730] (px4_msgs) StdoutLine: {'line': b'-- Up-to-date symlink: /home/maxim/super_ws/install/px4_msgs/lib/python3.12/site-packages/px4_msgs/msg/_can_interface_status_s.c\n'}
[2.011800] (px4_msgs) StdoutLine: {'line': b'-- Up-to-date symlink: /home/maxim/super_ws/install/px4_msgs/lib/python3.12/site-packages/px4_msgs/msg/_cellular_status.py\n'}
[2.011872] (px4_msgs) StdoutLine: {'line': b'-- Up-to-date symlink: /home/maxim/super_ws/install/px4_msgs/lib/python3.12/site-packages/px4_msgs/msg/_cellular_status_s.c\n'}
[2.011944] (px4_msgs) StdoutLine: {'line': b'-- Up-to-date symlink: /home/maxim/super_ws/install/px4_msgs/lib/python3.12/site-packages/px4_msgs/msg/_collision_constraints.py\n'}
[2.012058] (px4_msgs) StdoutLine: {'line': b'-- Up-to-date symlink: /home/maxim/super_ws/install/px4_msgs/lib/python3.12/site-packages/px4_msgs/msg/_collision_constraints_s.c\n'}
[2.012137] (px4_msgs) StdoutLine: {'line': b'-- Up-to-date symlink: /home/maxim/super_ws/install/px4_msgs/lib/python3.12/site-packages/px4_msgs/msg/_config_overrides.py\n'}
[2.012228] (px4_msgs) StdoutLine: {'line': b'-- Up-to-date symlink: /home/maxim/super_ws/install/px4_msgs/lib/python3.12/site-packages/px4_msgs/msg/_config_overrides_s.c\n'}
[2.012301] (px4_msgs) StdoutLine: {'line': b'-- Up-to-date symlink: /home/maxim/super_ws/install/px4_msgs/lib/python3.12/site-packages/px4_msgs/msg/_control_allocator_status.py\n'}
[2.012375] (px4_msgs) StdoutLine: {'line': b'-- Up-to-date symlink: /home/maxim/super_ws/install/px4_msgs/lib/python3.12/site-packages/px4_msgs/msg/_control_allocator_status_s.c\n'}
[2.012444] (px4_msgs) StdoutLine: {'line': b'-- Up-to-date symlink: /home/maxim/super_ws/install/px4_msgs/lib/python3.12/site-packages/px4_msgs/msg/_cpuload.py\n'}
[2.012515] (px4_msgs) StdoutLine: {'line': b'-- Up-to-date symlink: /home/maxim/super_ws/install/px4_msgs/lib/python3.12/site-packages/px4_msgs/msg/_cpuload_s.c\n'}
[2.012583] (px4_msgs) StdoutLine: {'line': b'-- Up-to-date symlink: /home/maxim/super_ws/install/px4_msgs/lib/python3.12/site-packages/px4_msgs/msg/_dataman_request.py\n'}
[2.012654] (px4_msgs) StdoutLine: {'line': b'-- Up-to-date symlink: /home/maxim/super_ws/install/px4_msgs/lib/python3.12/site-packages/px4_msgs/msg/_dataman_request_s.c\n'}
[2.012726] (px4_msgs) StdoutLine: {'line': b'-- Up-to-date symlink: /home/maxim/super_ws/install/px4_msgs/lib/python3.12/site-packages/px4_msgs/msg/_dataman_response.py\n'}
[2.012798] (px4_msgs) StdoutLine: {'line': b'-- Up-to-date symlink: /home/maxim/super_ws/install/px4_msgs/lib/python3.12/site-packages/px4_msgs/msg/_dataman_response_s.c\n'}
[2.012914] (px4_msgs) StdoutLine: {'line': b'-- Up-to-date symlink: /home/maxim/super_ws/install/px4_msgs/lib/python3.12/site-packages/px4_msgs/msg/_debug_array.py\n'}
[2.012988] (px4_msgs) StdoutLine: {'line': b'-- Up-to-date symlink: /home/maxim/super_ws/install/px4_msgs/lib/python3.12/site-packages/px4_msgs/msg/_debug_array_s.c\n'}
[2.013062] (px4_msgs) StdoutLine: {'line': b'-- Up-to-date symlink: /home/maxim/super_ws/install/px4_msgs/lib/python3.12/site-packages/px4_msgs/msg/_debug_key_value.py\n'}
[2.013140] (px4_msgs) StdoutLine: {'line': b'-- Up-to-date symlink: /home/maxim/super_ws/install/px4_msgs/lib/python3.12/site-packages/px4_msgs/msg/_debug_key_value_s.c\n'}
[2.013234] (px4_msgs) StdoutLine: {'line': b'-- Up-to-date symlink: /home/maxim/super_ws/install/px4_msgs/lib/python3.12/site-packages/px4_msgs/msg/_debug_value.py\n'}
[2.013317] (px4_msgs) StdoutLine: {'line': b'-- Up-to-date symlink: /home/maxim/super_ws/install/px4_msgs/lib/python3.12/site-packages/px4_msgs/msg/_debug_value_s.c\n'}
[2.013393] (px4_msgs) StdoutLine: {'line': b'-- Up-to-date symlink: /home/maxim/super_ws/install/px4_msgs/lib/python3.12/site-packages/px4_msgs/msg/_debug_vect.py\n'}
[2.013480] (px4_msgs) StdoutLine: {'line': b'-- Up-to-date symlink: /home/maxim/super_ws/install/px4_msgs/lib/python3.12/site-packages/px4_msgs/msg/_debug_vect_s.c\n'}
[2.013558] (px4_msgs) StdoutLine: {'line': b'-- Up-to-date symlink: /home/maxim/super_ws/install/px4_msgs/lib/python3.12/site-packages/px4_msgs/msg/_device_information.py\n'}
[2.013634] (px4_msgs) StdoutLine: {'line': b'-- Up-to-date symlink: /home/maxim/super_ws/install/px4_msgs/lib/python3.12/site-packages/px4_msgs/msg/_device_information_s.c\n'}
[2.013704] (px4_msgs) StdoutLine: {'line': b'-- Up-to-date symlink: /home/maxim/super_ws/install/px4_msgs/lib/python3.12/site-packages/px4_msgs/msg/_differential_pressure.py\n'}
[2.013771] (px4_msgs) StdoutLine: {'line': b'-- Up-to-date symlink: /home/maxim/super_ws/install/px4_msgs/lib/python3.12/site-packages/px4_msgs/msg/_differential_pressure_s.c\n'}
[2.013837] (px4_msgs) StdoutLine: {'line': b'-- Up-to-date symlink: /home/maxim/super_ws/install/px4_msgs/lib/python3.12/site-packages/px4_msgs/msg/_distance_sensor.py\n'}
[2.013907] (px4_msgs) StdoutLine: {'line': b'-- Up-to-date symlink: /home/maxim/super_ws/install/px4_msgs/lib/python3.12/site-packages/px4_msgs/msg/_distance_sensor_mode_change_request.py\n'}
[2.013979] (px4_msgs) StdoutLine: {'line': b'-- Up-to-date symlink: /home/maxim/super_ws/install/px4_msgs/lib/python3.12/site-packages/px4_msgs/msg/_distance_sensor_mode_change_request_s.c\n'}
[2.014045] (px4_msgs) StdoutLine: {'line': b'-- Up-to-date symlink: /home/maxim/super_ws/install/px4_msgs/lib/python3.12/site-packages/px4_msgs/msg/_distance_sensor_s.c\n'}
[2.014116] (px4_msgs) StdoutLine: {'line': b'-- Up-to-date symlink: /home/maxim/super_ws/install/px4_msgs/lib/python3.12/site-packages/px4_msgs/msg/_dronecan_node_status.py\n'}
[2.014194] (px4_msgs) StdoutLine: {'line': b'-- Up-to-date symlink: /home/maxim/super_ws/install/px4_msgs/lib/python3.12/site-packages/px4_msgs/msg/_dronecan_node_status_s.c\n'}
[2.014265] (px4_msgs) StdoutLine: {'line': b'-- Up-to-date symlink: /home/maxim/super_ws/install/px4_msgs/lib/python3.12/site-packages/px4_msgs/msg/_ekf2_timestamps.py\n'}
[2.014338] (px4_msgs) StdoutLine: {'line': b'-- Up-to-date symlink: /home/maxim/super_ws/install/px4_msgs/lib/python3.12/site-packages/px4_msgs/msg/_ekf2_timestamps_s.c\n'}
[2.014459] (px4_msgs) StdoutLine: {'line': b'-- Up-to-date symlink: /home/maxim/super_ws/install/px4_msgs/lib/python3.12/site-packages/px4_msgs/msg/_esc_eeprom_read.py\n'}
[2.014542] (px4_msgs) StdoutLine: {'line': b'-- Up-to-date symlink: /home/maxim/super_ws/install/px4_msgs/lib/python3.12/site-packages/px4_msgs/msg/_esc_eeprom_read_s.c\n'}
[2.014616] (px4_msgs) StdoutLine: {'line': b'-- Up-to-date symlink: /home/maxim/super_ws/install/px4_msgs/lib/python3.12/site-packages/px4_msgs/msg/_esc_eeprom_write.py\n'}
[2.014685] (px4_msgs) StdoutLine: {'line': b'-- Up-to-date symlink: /home/maxim/super_ws/install/px4_msgs/lib/python3.12/site-packages/px4_msgs/msg/_esc_eeprom_write_s.c\n'}
[2.014754] (px4_msgs) StdoutLine: {'line': b'-- Up-to-date symlink: /home/maxim/super_ws/install/px4_msgs/lib/python3.12/site-packages/px4_msgs/msg/_esc_report.py\n'}
[2.014824] (px4_msgs) StdoutLine: {'line': b'-- Up-to-date symlink: /home/maxim/super_ws/install/px4_msgs/lib/python3.12/site-packages/px4_msgs/msg/_esc_report_s.c\n'}
[2.014894] (px4_msgs) StdoutLine: {'line': b'-- Up-to-date symlink: /home/maxim/super_ws/install/px4_msgs/lib/python3.12/site-packages/px4_msgs/msg/_esc_status.py\n'}
[2.014971] (px4_msgs) StdoutLine: {'line': b'-- Up-to-date symlink: /home/maxim/super_ws/install/px4_msgs/lib/python3.12/site-packages/px4_msgs/msg/_esc_status_s.c\n'}
[2.015037] (px4_msgs) StdoutLine: {'line': b'-- Up-to-date symlink: /home/maxim/super_ws/install/px4_msgs/lib/python3.12/site-packages/px4_msgs/msg/_estimator_aid_source1d.py\n'}
[2.015114] (px4_msgs) StdoutLine: {'line': b'-- Up-to-date symlink: /home/maxim/super_ws/install/px4_msgs/lib/python3.12/site-packages/px4_msgs/msg/_estimator_aid_source1d_s.c\n'}
[2.015191] (px4_msgs) StdoutLine: {'line': b'-- Up-to-date symlink: /home/maxim/super_ws/install/px4_msgs/lib/python3.12/site-packages/px4_msgs/msg/_estimator_aid_source2d.py\n'}
[2.015285] (px4_msgs) StdoutLine: {'line': b'-- Up-to-date symlink: /home/maxim/super_ws/install/px4_msgs/lib/python3.12/site-packages/px4_msgs/msg/_estimator_aid_source2d_s.c\n'}
[2.015359] (px4_msgs) StdoutLine: {'line': b'-- Up-to-date symlink: /home/maxim/super_ws/install/px4_msgs/lib/python3.12/site-packages/px4_msgs/msg/_estimator_aid_source3d.py\n'}
[2.015462] (px4_msgs) StdoutLine: {'line': b'-- Up-to-date symlink: /home/maxim/super_ws/install/px4_msgs/lib/python3.12/site-packages/px4_msgs/msg/_estimator_aid_source3d_s.c\n'}
[2.015534] (px4_msgs) StdoutLine: {'line': b'-- Up-to-date symlink: /home/maxim/super_ws/install/px4_msgs/lib/python3.12/site-packages/px4_msgs/msg/_estimator_bias.py\n'}
[2.015604] (px4_msgs) StdoutLine: {'line': b'-- Up-to-date symlink: /home/maxim/super_ws/install/px4_msgs/lib/python3.12/site-packages/px4_msgs/msg/_estimator_bias3d.py\n'}
[2.015673] (px4_msgs) StdoutLine: {'line': b'-- Up-to-date symlink: /home/maxim/super_ws/install/px4_msgs/lib/python3.12/site-packages/px4_msgs/msg/_estimator_bias3d_s.c\n'}
[2.015740] (px4_msgs) StdoutLine: {'line': b'-- Up-to-date symlink: /home/maxim/super_ws/install/px4_msgs/lib/python3.12/site-packages/px4_msgs/msg/_estimator_bias_s.c\n'}
[2.015809] (px4_msgs) StdoutLine: {'line': b'-- Up-to-date symlink: /home/maxim/super_ws/install/px4_msgs/lib/python3.12/site-packages/px4_msgs/msg/_estimator_event_flags.py\n'}
[2.015879] (px4_msgs) StdoutLine: {'line': b'-- Up-to-date symlink: /home/maxim/super_ws/install/px4_msgs/lib/python3.12/site-packages/px4_msgs/msg/_estimator_event_flags_s.c\n'}
[2.015997] (px4_msgs) StdoutLine: {'line': b'-- Up-to-date symlink: /home/maxim/super_ws/install/px4_msgs/lib/python3.12/site-packages/px4_msgs/msg/_estimator_fusion_control.py\n'}
[2.016076] (px4_msgs) StdoutLine: {'line': b'-- Up-to-date symlink: /home/maxim/super_ws/install/px4_msgs/lib/python3.12/site-packages/px4_msgs/msg/_estimator_fusion_control_s.c\n'}
[2.016150] (px4_msgs) StdoutLine: {'line': b'-- Up-to-date symlink: /home/maxim/super_ws/install/px4_msgs/lib/python3.12/site-packages/px4_msgs/msg/_estimator_gps_status.py\n'}
[2.016229] (px4_msgs) StdoutLine: {'line': b'-- Up-to-date symlink: /home/maxim/super_ws/install/px4_msgs/lib/python3.12/site-packages/px4_msgs/msg/_estimator_gps_status_s.c\n'}
[2.016298] (px4_msgs) StdoutLine: {'line': b'-- Up-to-date symlink: /home/maxim/super_ws/install/px4_msgs/lib/python3.12/site-packages/px4_msgs/msg/_estimator_innovations.py\n'}
[2.016372] (px4_msgs) StdoutLine: {'line': b'-- Up-to-date symlink: /home/maxim/super_ws/install/px4_msgs/lib/python3.12/site-packages/px4_msgs/msg/_estimator_innovations_s.c\n'}
[2.016455] (px4_msgs) StdoutLine: {'line': b'-- Up-to-date symlink: /home/maxim/super_ws/install/px4_msgs/lib/python3.12/site-packages/px4_msgs/msg/_estimator_selector_status.py\n'}
[2.016528] (px4_msgs) StdoutLine: {'line': b'-- Up-to-date symlink: /home/maxim/super_ws/install/px4_msgs/lib/python3.12/site-packages/px4_msgs/msg/_estimator_selector_status_s.c\n'}
[2.016599] (px4_msgs) StdoutLine: {'line': b'-- Up-to-date symlink: /home/maxim/super_ws/install/px4_msgs/lib/python3.12/site-packages/px4_msgs/msg/_estimator_sensor_bias.py\n'}
[2.016671] (px4_msgs) StdoutLine: {'line': b'-- Up-to-date symlink: /home/maxim/super_ws/install/px4_msgs/lib/python3.12/site-packages/px4_msgs/msg/_estimator_sensor_bias_s.c\n'}
[2.016742] (px4_msgs) StdoutLine: {'line': b'-- Up-to-date symlink: /home/maxim/super_ws/install/px4_msgs/lib/python3.12/site-packages/px4_msgs/msg/_estimator_states.py\n'}
[2.016812] (px4_msgs) StdoutLine: {'line': b'-- Up-to-date symlink: /home/maxim/super_ws/install/px4_msgs/lib/python3.12/site-packages/px4_msgs/msg/_estimator_states_s.c\n'}
[2.016879] (px4_msgs) StdoutLine: {'line': b'-- Up-to-date symlink: /home/maxim/super_ws/install/px4_msgs/lib/python3.12/site-packages/px4_msgs/msg/_estimator_status.py\n'}
[2.016947] (px4_msgs) StdoutLine: {'line': b'-- Up-to-date symlink: /home/maxim/super_ws/install/px4_msgs/lib/python3.12/site-packages/px4_msgs/msg/_estimator_status_flags.py\n'}
[2.017024] (px4_msgs) StdoutLine: {'line': b'-- Up-to-date symlink: /home/maxim/super_ws/install/px4_msgs/lib/python3.12/site-packages/px4_msgs/msg/_estimator_status_flags_s.c\n'}
[2.017100] (px4_msgs) StdoutLine: {'line': b'-- Up-to-date symlink: /home/maxim/super_ws/install/px4_msgs/lib/python3.12/site-packages/px4_msgs/msg/_estimator_status_s.c\n'}
[2.017176] (px4_msgs) StdoutLine: {'line': b'-- Up-to-date symlink: /home/maxim/super_ws/install/px4_msgs/lib/python3.12/site-packages/px4_msgs/msg/_event.py\n'}
[2.017253] (px4_msgs) StdoutLine: {'line': b'-- Up-to-date symlink: /home/maxim/super_ws/install/px4_msgs/lib/python3.12/site-packages/px4_msgs/msg/_event_s.c\n'}
[2.017329] (px4_msgs) StdoutLine: {'line': b'-- Up-to-date symlink: /home/maxim/super_ws/install/px4_msgs/lib/python3.12/site-packages/px4_msgs/msg/_failsafe_flags.py\n'}
[2.017414] (px4_msgs) StdoutLine: {'line': b'-- Up-to-date symlink: /home/maxim/super_ws/install/px4_msgs/lib/python3.12/site-packages/px4_msgs/msg/_failsafe_flags_s.c\n'}
[2.017489] (px4_msgs) StdoutLine: {'line': b'-- Up-to-date symlink: /home/maxim/super_ws/install/px4_msgs/lib/python3.12/site-packages/px4_msgs/msg/_failure_detector_status.py\n'}
[2.017565] (px4_msgs) StdoutLine: {'line': b'-- Up-to-date symlink: /home/maxim/super_ws/install/px4_msgs/lib/python3.12/site-packages/px4_msgs/msg/_failure_detector_status_s.c\n'}
[2.017641] (px4_msgs) StdoutLine: {'line': b'-- Up-to-date symlink: /home/maxim/super_ws/install/px4_msgs/lib/python3.12/site-packages/px4_msgs/msg/_fiducial_marker_pos_report.py\n'}
[2.017717] (px4_msgs) StdoutLine: {'line': b'-- Up-to-date symlink: /home/maxim/super_ws/install/px4_msgs/lib/python3.12/site-packages/px4_msgs/msg/_fiducial_marker_pos_report_s.c\n'}
[2.017794] (px4_msgs) StdoutLine: {'line': b'-- Up-to-date symlink: /home/maxim/super_ws/install/px4_msgs/lib/python3.12/site-packages/px4_msgs/msg/_fiducial_marker_yaw_report.py\n'}
[2.017870] (px4_msgs) StdoutLine: {'line': b'-- Up-to-date symlink: /home/maxim/super_ws/install/px4_msgs/lib/python3.12/site-packages/px4_msgs/msg/_fiducial_marker_yaw_report_s.c\n'}
[2.017946] (px4_msgs) StdoutLine: {'line': b'-- Up-to-date symlink: /home/maxim/super_ws/install/px4_msgs/lib/python3.12/site-packages/px4_msgs/msg/_figure_eight_status.py\n'}
[2.018022] (px4_msgs) StdoutLine: {'line': b'-- Up-to-date symlink: /home/maxim/super_ws/install/px4_msgs/lib/python3.12/site-packages/px4_msgs/msg/_figure_eight_status_s.c\n'}
[2.018101] (px4_msgs) StdoutLine: {'line': b'-- Up-to-date symlink: /home/maxim/super_ws/install/px4_msgs/lib/python3.12/site-packages/px4_msgs/msg/_fixed_wing_lateral_guidance_status.py\n'}
[2.018183] (px4_msgs) StdoutLine: {'line': b'-- Up-to-date symlink: /home/maxim/super_ws/install/px4_msgs/lib/python3.12/site-packages/px4_msgs/msg/_fixed_wing_lateral_guidance_status_s.c\n'}
[2.018255] (px4_msgs) StdoutLine: {'line': b'-- Up-to-date symlink: /home/maxim/super_ws/install/px4_msgs/lib/python3.12/site-packages/px4_msgs/msg/_fixed_wing_lateral_setpoint.py\n'}
[2.018335] (px4_msgs) StdoutLine: {'line': b'-- Up-to-date symlink: /home/maxim/super_ws/install/px4_msgs/lib/python3.12/site-packages/px4_msgs/msg/_fixed_wing_lateral_setpoint_s.c\n'}
[2.018419] (px4_msgs) StdoutLine: {'line': b'-- Up-to-date symlink: /home/maxim/super_ws/install/px4_msgs/lib/python3.12/site-packages/px4_msgs/msg/_fixed_wing_lateral_status.py\n'}
[2.018496] (px4_msgs) StdoutLine: {'line': b'-- Up-to-date symlink: /home/maxim/super_ws/install/px4_msgs/lib/python3.12/site-packages/px4_msgs/msg/_fixed_wing_lateral_status_s.c\n'}
[2.018571] (px4_msgs) StdoutLine: {'line': b'-- Up-to-date symlink: /home/maxim/super_ws/install/px4_msgs/lib/python3.12/site-packages/px4_msgs/msg/_fixed_wing_longitudinal_setpoint.py\n'}
[2.018649] (px4_msgs) StdoutLine: {'line': b'-- Up-to-date symlink: /home/maxim/super_ws/install/px4_msgs/lib/python3.12/site-packages/px4_msgs/msg/_fixed_wing_longitudinal_setpoint_s.c\n'}
[2.018724] (px4_msgs) StdoutLine: {'line': b'-- Up-to-date symlink: /home/maxim/super_ws/install/px4_msgs/lib/python3.12/site-packages/px4_msgs/msg/_fixed_wing_runway_control.py\n'}
[2.018800] (px4_msgs) StdoutLine: {'line': b'-- Up-to-date symlink: /home/maxim/super_ws/install/px4_msgs/lib/python3.12/site-packages/px4_msgs/msg/_fixed_wing_runway_control_s.c\n'}
[2.018877] (px4_msgs) StdoutLine: {'line': b'-- Up-to-date symlink: /home/maxim/super_ws/install/px4_msgs/lib/python3.12/site-packages/px4_msgs/msg/_flight_phase_estimation.py\n'}
[2.018953] (px4_msgs) StdoutLine: {'line': b'-- Up-to-date symlink: /home/maxim/super_ws/install/px4_msgs/lib/python3.12/site-packages/px4_msgs/msg/_flight_phase_estimation_s.c\n'}
[2.019030] (px4_msgs) StdoutLine: {'line': b'-- Up-to-date symlink: /home/maxim/super_ws/install/px4_msgs/lib/python3.12/site-packages/px4_msgs/msg/_follow_target.py\n'}
[2.019107] (px4_msgs) StdoutLine: {'line': b'-- Up-to-date symlink: /home/maxim/super_ws/install/px4_msgs/lib/python3.12/site-packages/px4_msgs/msg/_follow_target_estimator.py\n'}
[2.019183] (px4_msgs) StdoutLine: {'line': b'-- Up-to-date symlink: /home/maxim/super_ws/install/px4_msgs/lib/python3.12/site-packages/px4_msgs/msg/_follow_target_estimator_s.c\n'}
[2.019261] (px4_msgs) StdoutLine: {'line': b'-- Up-to-date symlink: /home/maxim/super_ws/install/px4_msgs/lib/python3.12/site-packages/px4_msgs/msg/_follow_target_s.c\n'}
[2.019337] (px4_msgs) StdoutLine: {'line': b'-- Up-to-date symlink: /home/maxim/super_ws/install/px4_msgs/lib/python3.12/site-packages/px4_msgs/msg/_follow_target_status.py\n'}
[2.019420] (px4_msgs) StdoutLine: {'line': b'-- Up-to-date symlink: /home/maxim/super_ws/install/px4_msgs/lib/python3.12/site-packages/px4_msgs/msg/_follow_target_status_s.c\n'}
[2.019496] (px4_msgs) StdoutLine: {'line': b'-- Up-to-date symlink: /home/maxim/super_ws/install/px4_msgs/lib/python3.12/site-packages/px4_msgs/msg/_fuel_tank_status.py\n'}
[2.019572] (px4_msgs) StdoutLine: {'line': b'-- Up-to-date symlink: /home/maxim/super_ws/install/px4_msgs/lib/python3.12/site-packages/px4_msgs/msg/_fuel_tank_status_s.c\n'}
[2.019648] (px4_msgs) StdoutLine: {'line': b'-- Up-to-date symlink: /home/maxim/super_ws/install/px4_msgs/lib/python3.12/site-packages/px4_msgs/msg/_gain_compression.py\n'}
[2.019724] (px4_msgs) StdoutLine: {'line': b'-- Up-to-date symlink: /home/maxim/super_ws/install/px4_msgs/lib/python3.12/site-packages/px4_msgs/msg/_gain_compression_s.c\n'}
[2.019800] (px4_msgs) StdoutLine: {'line': b'-- Up-to-date symlink: /home/maxim/super_ws/install/px4_msgs/lib/python3.12/site-packages/px4_msgs/msg/_generator_status.py\n'}
[2.019876] (px4_msgs) StdoutLine: {'line': b'-- Up-to-date symlink: /home/maxim/super_ws/install/px4_msgs/lib/python3.12/site-packages/px4_msgs/msg/_generator_status_s.c\n'}
[2.019952] (px4_msgs) StdoutLine: {'line': b'-- Up-to-date symlink: /home/maxim/super_ws/install/px4_msgs/lib/python3.12/site-packages/px4_msgs/msg/_geofence_result.py\n'}
[2.020028] (px4_msgs) StdoutLine: {'line': b'-- Up-to-date symlink: /home/maxim/super_ws/install/px4_msgs/lib/python3.12/site-packages/px4_msgs/msg/_geofence_result_s.c\n'}
[2.020105] (px4_msgs) StdoutLine: {'line': b'-- Up-to-date symlink: /home/maxim/super_ws/install/px4_msgs/lib/python3.12/site-packages/px4_msgs/msg/_geofence_status.py\n'}
[2.020181] (px4_msgs) StdoutLine: {'line': b'-- Up-to-date symlink: /home/maxim/super_ws/install/px4_msgs/lib/python3.12/site-packages/px4_msgs/msg/_geofence_status_s.c\n'}
[2.020256] (px4_msgs) StdoutLine: {'line': b'-- Up-to-date symlink: /home/maxim/super_ws/install/px4_msgs/lib/python3.12/site-packages/px4_msgs/msg/_gimbal_controls.py\n'}
[2.020333] (px4_msgs) StdoutLine: {'line': b'-- Up-to-date symlink: /home/maxim/super_ws/install/px4_msgs/lib/python3.12/site-packages/px4_msgs/msg/_gimbal_controls_s.c\n'}
[2.020415] (px4_msgs) StdoutLine: {'line': b'-- Up-to-date symlink: /home/maxim/super_ws/install/px4_msgs/lib/python3.12/site-packages/px4_msgs/msg/_gimbal_device_attitude_status.py\n'}
[2.020491] (px4_msgs) StdoutLine: {'line': b'-- Up-to-date symlink: /home/maxim/super_ws/install/px4_msgs/lib/python3.12/site-packages/px4_msgs/msg/_gimbal_device_attitude_status_s.c\n'}
[2.020568] (px4_msgs) StdoutLine: {'line': b'-- Up-to-date symlink: /home/maxim/super_ws/install/px4_msgs/lib/python3.12/site-packages/px4_msgs/msg/_gimbal_device_information.py\n'}
[2.020643] (px4_msgs) StdoutLine: {'line': b'-- Up-to-date symlink: /home/maxim/super_ws/install/px4_msgs/lib/python3.12/site-packages/px4_msgs/msg/_gimbal_device_information_s.c\n'}
[2.020749] (px4_msgs) StdoutLine: {'line': b'-- Up-to-date symlink: /home/maxim/super_ws/install/px4_msgs/lib/python3.12/site-packages/px4_msgs/msg/_gimbal_device_set_attitude.py\n'}
[2.020825] (px4_msgs) StdoutLine: {'line': b'-- Up-to-date symlink: /home/maxim/super_ws/install/px4_msgs/lib/python3.12/site-packages/px4_msgs/msg/_gimbal_device_set_attitude_s.c\n'}
[2.020893] (px4_msgs) StdoutLine: {'line': b'-- Up-to-date symlink: /home/maxim/super_ws/install/px4_msgs/lib/python3.12/site-packages/px4_msgs/msg/_gimbal_manager_information.py\n'}
[2.020961] (px4_msgs) StdoutLine: {'line': b'-- Up-to-date symlink: /home/maxim/super_ws/install/px4_msgs/lib/python3.12/site-packages/px4_msgs/msg/_gimbal_manager_information_s.c\n'}
[2.021033] (px4_msgs) StdoutLine: {'line': b'-- Up-to-date symlink: /home/maxim/super_ws/install/px4_msgs/lib/python3.12/site-packages/px4_msgs/msg/_gimbal_manager_set_attitude.py\n'}
[2.021138] (px4_msgs) StdoutLine: {'line': b'-- Up-to-date symlink: /home/maxim/super_ws/install/px4_msgs/lib/python3.12/site-packages/px4_msgs/msg/_gimbal_manager_set_attitude_s.c\n'}
[2.021225] (px4_msgs) StdoutLine: {'line': b'-- Up-to-date symlink: /home/maxim/super_ws/install/px4_msgs/lib/python3.12/site-packages/px4_msgs/msg/_gimbal_manager_set_manual_control.py\n'}
[2.021299] (px4_msgs) StdoutLine: {'line': b'-- Up-to-date symlink: /home/maxim/super_ws/install/px4_msgs/lib/python3.12/site-packages/px4_msgs/msg/_gimbal_manager_set_manual_control_s.c\n'}
[2.021374] (px4_msgs) StdoutLine: {'line': b'-- Up-to-date symlink: /home/maxim/super_ws/install/px4_msgs/lib/python3.12/site-packages/px4_msgs/msg/_gimbal_manager_status.py\n'}
[2.021445] (px4_msgs) StdoutLine: {'line': b'-- Up-to-date symlink: /home/maxim/super_ws/install/px4_msgs/lib/python3.12/site-packages/px4_msgs/msg/_gimbal_manager_status_s.c\n'}
[2.021517] (px4_msgs) StdoutLine: {'line': b'-- Up-to-date symlink: /home/maxim/super_ws/install/px4_msgs/lib/python3.12/site-packages/px4_msgs/msg/_goto_setpoint.py\n'}
[2.021590] (px4_msgs) StdoutLine: {'line': b'-- Up-to-date symlink: /home/maxim/super_ws/install/px4_msgs/lib/python3.12/site-packages/px4_msgs/msg/_goto_setpoint_s.c\n'}
[2.021661] (px4_msgs) StdoutLine: {'line': b'-- Up-to-date symlink: /home/maxim/super_ws/install/px4_msgs/lib/python3.12/site-packages/px4_msgs/msg/_gpio_config.py\n'}
[2.021732] (px4_msgs) StdoutLine: {'line': b'-- Up-to-date symlink: /home/maxim/super_ws/install/px4_msgs/lib/python3.12/site-packages/px4_msgs/msg/_gpio_config_s.c\n'}
[2.021800] (px4_msgs) StdoutLine: {'line': b'-- Up-to-date symlink: /home/maxim/super_ws/install/px4_msgs/lib/python3.12/site-packages/px4_msgs/msg/_gpio_in.py\n'}
[2.021876] (px4_msgs) StdoutLine: {'line': b'-- Up-to-date symlink: /home/maxim/super_ws/install/px4_msgs/lib/python3.12/site-packages/px4_msgs/msg/_gpio_in_s.c\n'}
[2.021951] (px4_msgs) StdoutLine: {'line': b'-- Up-to-date symlink: /home/maxim/super_ws/install/px4_msgs/lib/python3.12/site-packages/px4_msgs/msg/_gpio_out.py\n'}
[2.022027] (px4_msgs) StdoutLine: {'line': b'-- Up-to-date symlink: /home/maxim/super_ws/install/px4_msgs/lib/python3.12/site-packages/px4_msgs/msg/_gpio_out_s.c\n'}
[2.022103] (px4_msgs) StdoutLine: {'line': b'-- Up-to-date symlink: /home/maxim/super_ws/install/px4_msgs/lib/python3.12/site-packages/px4_msgs/msg/_gpio_request.py\n'}
[2.022179] (px4_msgs) StdoutLine: {'line': b'-- Up-to-date symlink: /home/maxim/super_ws/install/px4_msgs/lib/python3.12/site-packages/px4_msgs/msg/_gpio_request_s.c\n'}
[2.022255] (px4_msgs) StdoutLine: {'line': b'-- Up-to-date symlink: /home/maxim/super_ws/install/px4_msgs/lib/python3.12/site-packages/px4_msgs/msg/_gps_dump.py\n'}
[2.022330] (px4_msgs) StdoutLine: {'line': b'-- Up-to-date symlink: /home/maxim/super_ws/install/px4_msgs/lib/python3.12/site-packages/px4_msgs/msg/_gps_dump_s.c\n'}
[2.022415] (px4_msgs) StdoutLine: {'line': b'-- Up-to-date symlink: /home/maxim/super_ws/install/px4_msgs/lib/python3.12/site-packages/px4_msgs/msg/_gps_inject_data.py\n'}
[2.022496] (px4_msgs) StdoutLine: {'line': b'-- Up-to-date symlink: /home/maxim/super_ws/install/px4_msgs/lib/python3.12/site-packages/px4_msgs/msg/_gps_inject_data_s.c\n'}
[2.022566] (px4_msgs) StdoutLine: {'line': b'-- Up-to-date symlink: /home/maxim/super_ws/install/px4_msgs/lib/python3.12/site-packages/px4_msgs/msg/_gripper.py\n'}
[2.022643] (px4_msgs) StdoutLine: {'line': b'-- Up-to-date symlink: /home/maxim/super_ws/install/px4_msgs/lib/python3.12/site-packages/px4_msgs/msg/_gripper_s.c\n'}
[2.022718] (px4_msgs) StdoutLine: {'line': b'-- Up-to-date symlink: /home/maxim/super_ws/install/px4_msgs/lib/python3.12/site-packages/px4_msgs/msg/_health_report.py\n'}
[2.022794] (px4_msgs) StdoutLine: {'line': b'-- Up-to-date symlink: /home/maxim/super_ws/install/px4_msgs/lib/python3.12/site-packages/px4_msgs/msg/_health_report_s.c\n'}
[2.022869] (px4_msgs) StdoutLine: {'line': b'-- Up-to-date symlink: /home/maxim/super_ws/install/px4_msgs/lib/python3.12/site-packages/px4_msgs/msg/_heater_status.py\n'}
[2.022945] (px4_msgs) StdoutLine: {'line': b'-- Up-to-date symlink: /home/maxim/super_ws/install/px4_msgs/lib/python3.12/site-packages/px4_msgs/msg/_heater_status_s.c\n'}
[2.023021] (px4_msgs) StdoutLine: {'line': b'-- Up-to-date symlink: /home/maxim/super_ws/install/px4_msgs/lib/python3.12/site-packages/px4_msgs/msg/_home_position.py\n'}
[2.023097] (px4_msgs) StdoutLine: {'line': b'-- Up-to-date symlink: /home/maxim/super_ws/install/px4_msgs/lib/python3.12/site-packages/px4_msgs/msg/_home_position_s.c\n'}
[2.023177] (px4_msgs) StdoutLine: {'line': b'-- Up-to-date symlink: /home/maxim/super_ws/install/px4_msgs/lib/python3.12/site-packages/px4_msgs/msg/_hover_thrust_estimate.py\n'}
[2.023254] (px4_msgs) StdoutLine: {'line': b'-- Up-to-date symlink: /home/maxim/super_ws/install/px4_msgs/lib/python3.12/site-packages/px4_msgs/msg/_hover_thrust_estimate_s.c\n'}
[2.023326] (px4_msgs) StdoutLine: {'line': b'-- Up-to-date symlink: /home/maxim/super_ws/install/px4_msgs/lib/python3.12/site-packages/px4_msgs/msg/_input_rc.py\n'}
[2.023408] (px4_msgs) StdoutLine: {'line': b'-- Up-to-date symlink: /home/maxim/super_ws/install/px4_msgs/lib/python3.12/site-packages/px4_msgs/msg/_input_rc_s.c\n'}
[2.023485] (px4_msgs) StdoutLine: {'line': b'-- Up-to-date symlink: /home/maxim/super_ws/install/px4_msgs/lib/python3.12/site-packages/px4_msgs/msg/_internal_combustion_engine_control.py\n'}
[2.023563] (px4_msgs) StdoutLine: {'line': b'-- Up-to-date symlink: /home/maxim/super_ws/install/px4_msgs/lib/python3.12/site-packages/px4_msgs/msg/_internal_combustion_engine_control_s.c\n'}
[2.023640] (px4_msgs) StdoutLine: {'line': b'-- Up-to-date symlink: /home/maxim/super_ws/install/px4_msgs/lib/python3.12/site-packages/px4_msgs/msg/_internal_combustion_engine_status.py\n'}
[2.023716] (px4_msgs) StdoutLine: {'line': b'-- Up-to-date symlink: /home/maxim/super_ws/install/px4_msgs/lib/python3.12/site-packages/px4_msgs/msg/_internal_combustion_engine_status_s.c\n'}
[2.023793] (px4_msgs) StdoutLine: {'line': b'-- Up-to-date symlink: /home/maxim/super_ws/install/px4_msgs/lib/python3.12/site-packages/px4_msgs/msg/_iridiumsbd_status.py\n'}
[2.023870] (px4_msgs) StdoutLine: {'line': b'-- Up-to-date symlink: /home/maxim/super_ws/install/px4_msgs/lib/python3.12/site-packages/px4_msgs/msg/_iridiumsbd_status_s.c\n'}
[2.023946] (px4_msgs) StdoutLine: {'line': b'-- Up-to-date symlink: /home/maxim/super_ws/install/px4_msgs/lib/python3.12/site-packages/px4_msgs/msg/_irlock_report.py\n'}
[2.024023] (px4_msgs) StdoutLine: {'line': b'-- Up-to-date symlink: /home/maxim/super_ws/install/px4_msgs/lib/python3.12/site-packages/px4_msgs/msg/_irlock_report_s.c\n'}
[2.024099] (px4_msgs) StdoutLine: {'line': b'-- Up-to-date symlink: /home/maxim/super_ws/install/px4_msgs/lib/python3.12/site-packages/px4_msgs/msg/_landing_gear.py\n'}
[2.024175] (px4_msgs) StdoutLine: {'line': b'-- Up-to-date symlink: /home/maxim/super_ws/install/px4_msgs/lib/python3.12/site-packages/px4_msgs/msg/_landing_gear_s.c\n'}
[2.024251] (px4_msgs) StdoutLine: {'line': b'-- Up-to-date symlink: /home/maxim/super_ws/install/px4_msgs/lib/python3.12/site-packages/px4_msgs/msg/_landing_gear_wheel.py\n'}
[2.024327] (px4_msgs) StdoutLine: {'line': b'-- Up-to-date symlink: /home/maxim/super_ws/install/px4_msgs/lib/python3.12/site-packages/px4_msgs/msg/_landing_gear_wheel_s.c\n'}
[2.024413] (px4_msgs) StdoutLine: {'line': b'-- Up-to-date symlink: /home/maxim/super_ws/install/px4_msgs/lib/python3.12/site-packages/px4_msgs/msg/_landing_target_innovations.py\n'}
[2.024490] (px4_msgs) StdoutLine: {'line': b'-- Up-to-date symlink: /home/maxim/super_ws/install/px4_msgs/lib/python3.12/site-packages/px4_msgs/msg/_landing_target_innovations_s.c\n'}
[2.024567] (px4_msgs) StdoutLine: {'line': b'-- Up-to-date symlink: /home/maxim/super_ws/install/px4_msgs/lib/python3.12/site-packages/px4_msgs/msg/_landing_target_pose.py\n'}
[2.024643] (px4_msgs) StdoutLine: {'line': b'-- Up-to-date symlink: /home/maxim/super_ws/install/px4_msgs/lib/python3.12/site-packages/px4_msgs/msg/_landing_target_pose_s.c\n'}
[2.024719] (px4_msgs) StdoutLine: {'line': b'-- Up-to-date symlink: /home/maxim/super_ws/install/px4_msgs/lib/python3.12/site-packages/px4_msgs/msg/_lateral_control_configuration.py\n'}
[2.024795] (px4_msgs) StdoutLine: {'line': b'-- Up-to-date symlink: /home/maxim/super_ws/install/px4_msgs/lib/python3.12/site-packages/px4_msgs/msg/_lateral_control_configuration_s.c\n'}
[2.024871] (px4_msgs) StdoutLine: {'line': b'-- Up-to-date symlink: /home/maxim/super_ws/install/px4_msgs/lib/python3.12/site-packages/px4_msgs/msg/_launch_detection_status.py\n'}
[2.024952] (px4_msgs) StdoutLine: {'line': b'-- Up-to-date symlink: /home/maxim/super_ws/install/px4_msgs/lib/python3.12/site-packages/px4_msgs/msg/_launch_detection_status_s.c\n'}
[2.025023] (px4_msgs) StdoutLine: {'line': b'-- Up-to-date symlink: /home/maxim/super_ws/install/px4_msgs/lib/python3.12/site-packages/px4_msgs/msg/_led_control.py\n'}
[2.025101] (px4_msgs) StdoutLine: {'line': b'-- Up-to-date symlink: /home/maxim/super_ws/install/px4_msgs/lib/python3.12/site-packages/px4_msgs/msg/_led_control_s.c\n'}
[2.025181] (px4_msgs) StdoutLine: {'line': b'-- Up-to-date symlink: /home/maxim/super_ws/install/px4_msgs/lib/python3.12/site-packages/px4_msgs/msg/_log_message.py\n'}
[2.025252] (px4_msgs) StdoutLine: {'line': b'-- Up-to-date symlink: /home/maxim/super_ws/install/px4_msgs/lib/python3.12/site-packages/px4_msgs/msg/_log_message_s.c\n'}
[2.025328] (px4_msgs) StdoutLine: {'line': b'-- Up-to-date symlink: /home/maxim/super_ws/install/px4_msgs/lib/python3.12/site-packages/px4_msgs/msg/_logger_status.py\n'}
[2.025437] (px4_msgs) StdoutLine: {'line': b'-- Up-to-date symlink: /home/maxim/super_ws/install/px4_msgs/lib/python3.12/site-packages/px4_msgs/msg/_logger_status_s.c\n'}
[2.025507] (px4_msgs) StdoutLine: {'line': b'-- Up-to-date symlink: /home/maxim/super_ws/install/px4_msgs/lib/python3.12/site-packages/px4_msgs/msg/_longitudinal_control_configuration.py\n'}
[2.025592] (px4_msgs) StdoutLine: {'line': b'-- Up-to-date symlink: /home/maxim/super_ws/install/px4_msgs/lib/python3.12/site-packages/px4_msgs/msg/_longitudinal_control_configuration_s.c\n'}
[2.025666] (px4_msgs) StdoutLine: {'line': b'-- Up-to-date symlink: /home/maxim/super_ws/install/px4_msgs/lib/python3.12/site-packages/px4_msgs/msg/_mag_worker_data.py\n'}
[2.025735] (px4_msgs) StdoutLine: {'line': b'-- Up-to-date symlink: /home/maxim/super_ws/install/px4_msgs/lib/python3.12/site-packages/px4_msgs/msg/_mag_worker_data_s.c\n'}
[2.025806] (px4_msgs) StdoutLine: {'line': b'-- Up-to-date symlink: /home/maxim/super_ws/install/px4_msgs/lib/python3.12/site-packages/px4_msgs/msg/_magnetometer_bias_estimate.py\n'}
[2.025877] (px4_msgs) StdoutLine: {'line': b'-- Up-to-date symlink: /home/maxim/super_ws/install/px4_msgs/lib/python3.12/site-packages/px4_msgs/msg/_magnetometer_bias_estimate_s.c\n'}
[2.025948] (px4_msgs) StdoutLine: {'line': b'-- Up-to-date symlink: /home/maxim/super_ws/install/px4_msgs/lib/python3.12/site-packages/px4_msgs/msg/_manual_control_setpoint.py\n'}
[2.026025] (px4_msgs) StdoutLine: {'line': b'-- Up-to-date symlink: /home/maxim/super_ws/install/px4_msgs/lib/python3.12/site-packages/px4_msgs/msg/_manual_control_setpoint_s.c\n'}
[2.026101] (px4_msgs) StdoutLine: {'line': b'-- Up-to-date symlink: /home/maxim/super_ws/install/px4_msgs/lib/python3.12/site-packages/px4_msgs/msg/_manual_control_switches.py\n'}
[2.026182] (px4_msgs) StdoutLine: {'line': b'-- Up-to-date symlink: /home/maxim/super_ws/install/px4_msgs/lib/python3.12/site-packages/px4_msgs/msg/_manual_control_switches_s.c\n'}
[2.026256] (px4_msgs) StdoutLine: {'line': b'-- Up-to-date symlink: /home/maxim/super_ws/install/px4_msgs/lib/python3.12/site-packages/px4_msgs/msg/_mavlink_log.py\n'}
[2.026345] (px4_msgs) StdoutLine: {'line': b'-- Up-to-date symlink: /home/maxim/super_ws/install/px4_msgs/lib/python3.12/site-packages/px4_msgs/msg/_mavlink_log_s.c\n'}
[2.026482] (px4_msgs) StdoutLine: {'line': b'-- Up-to-date symlink: /home/maxim/super_ws/install/px4_msgs/lib/python3.12/site-packages/px4_msgs/msg/_mavlink_tunnel.py\n'}
[2.026557] (px4_msgs) StdoutLine: {'line': b'-- Up-to-date symlink: /home/maxim/super_ws/install/px4_msgs/lib/python3.12/site-packages/px4_msgs/msg/_mavlink_tunnel_s.c\n'}
[2.026627] (px4_msgs) StdoutLine: {'line': b'-- Up-to-date symlink: /home/maxim/super_ws/install/px4_msgs/lib/python3.12/site-packages/px4_msgs/msg/_message_format_request.py\n'}
[2.026693] (px4_msgs) StdoutLine: {'line': b'-- Up-to-date symlink: /home/maxim/super_ws/install/px4_msgs/lib/python3.12/site-packages/px4_msgs/msg/_message_format_request_s.c\n'}
[2.026764] (px4_msgs) StdoutLine: {'line': b'-- Up-to-date symlink: /home/maxim/super_ws/install/px4_msgs/lib/python3.12/site-packages/px4_msgs/msg/_message_format_response.py\n'}
[2.026847] (px4_msgs) StdoutLine: {'line': b'-- Up-to-date symlink: /home/maxim/super_ws/install/px4_msgs/lib/python3.12/site-packages/px4_msgs/msg/_message_format_response_s.c\n'}
[2.026923] (px4_msgs) StdoutLine: {'line': b'-- Up-to-date symlink: /home/maxim/super_ws/install/px4_msgs/lib/python3.12/site-packages/px4_msgs/msg/_mission.py\n'}
[2.026997] (px4_msgs) StdoutLine: {'line': b'-- Up-to-date symlink: /home/maxim/super_ws/install/px4_msgs/lib/python3.12/site-packages/px4_msgs/msg/_mission_result.py\n'}
[2.027077] (px4_msgs) StdoutLine: {'line': b'-- Up-to-date symlink: /home/maxim/super_ws/install/px4_msgs/lib/python3.12/site-packages/px4_msgs/msg/_mission_result_s.c\n'}
[2.027175] (px4_msgs) StdoutLine: {'line': b'-- Up-to-date symlink: /home/maxim/super_ws/install/px4_msgs/lib/python3.12/site-packages/px4_msgs/msg/_mission_s.c\n'}
[2.027252] (px4_msgs) StdoutLine: {'line': b'-- Up-to-date symlink: /home/maxim/super_ws/install/px4_msgs/lib/python3.12/site-packages/px4_msgs/msg/_mode_completed.py\n'}
[2.027329] (px4_msgs) StdoutLine: {'line': b'-- Up-to-date symlink: /home/maxim/super_ws/install/px4_msgs/lib/python3.12/site-packages/px4_msgs/msg/_mode_completed_s.c\n'}
[2.027404] (px4_msgs) StdoutLine: {'line': b'-- Up-to-date symlink: /home/maxim/super_ws/install/px4_msgs/lib/python3.12/site-packages/px4_msgs/msg/_mount_orientation.py\n'}
[2.027474] (px4_msgs) StdoutLine: {'line': b'-- Up-to-date symlink: /home/maxim/super_ws/install/px4_msgs/lib/python3.12/site-packages/px4_msgs/msg/_mount_orientation_s.c\n'}
[2.027557] (px4_msgs) StdoutLine: {'line': b'-- Up-to-date symlink: /home/maxim/super_ws/install/px4_msgs/lib/python3.12/site-packages/px4_msgs/msg/_navigator_mission_item.py\n'}
[2.027627] (px4_msgs) StdoutLine: {'line': b'-- Up-to-date symlink: /home/maxim/super_ws/install/px4_msgs/lib/python3.12/site-packages/px4_msgs/msg/_navigator_mission_item_s.c\n'}
[2.027696] (px4_msgs) StdoutLine: {'line': b'-- Up-to-date symlink: /home/maxim/super_ws/install/px4_msgs/lib/python3.12/site-packages/px4_msgs/msg/_navigator_status.py\n'}
[2.027768] (px4_msgs) StdoutLine: {'line': b'-- Up-to-date symlink: /home/maxim/super_ws/install/px4_msgs/lib/python3.12/site-packages/px4_msgs/msg/_navigator_status_s.c\n'}
[2.027844] (px4_msgs) StdoutLine: {'line': b'-- Up-to-date symlink: /home/maxim/super_ws/install/px4_msgs/lib/python3.12/site-packages/px4_msgs/msg/_neural_control.py\n'}
[2.027918] (px4_msgs) StdoutLine: {'line': b'-- Up-to-date symlink: /home/maxim/super_ws/install/px4_msgs/lib/python3.12/site-packages/px4_msgs/msg/_neural_control_s.c\n'}
[2.027990] (px4_msgs) StdoutLine: {'line': b'-- Up-to-date symlink: /home/maxim/super_ws/install/px4_msgs/lib/python3.12/site-packages/px4_msgs/msg/_normalized_unsigned_setpoint.py\n'}
[2.028061] (px4_msgs) StdoutLine: {'line': b'-- Up-to-date symlink: /home/maxim/super_ws/install/px4_msgs/lib/python3.12/site-packages/px4_msgs/msg/_normalized_unsigned_setpoint_s.c\n'}
[2.028130] (px4_msgs) StdoutLine: {'line': b'-- Up-to-date symlink: /home/maxim/super_ws/install/px4_msgs/lib/python3.12/site-packages/px4_msgs/msg/_obstacle_distance.py\n'}
[2.028229] (px4_msgs) StdoutLine: {'line': b'-- Up-to-date symlink: /home/maxim/super_ws/install/px4_msgs/lib/python3.12/site-packages/px4_msgs/msg/_obstacle_distance_s.c\n'}
[2.028306] (px4_msgs) StdoutLine: {'line': b'-- Up-to-date symlink: /home/maxim/super_ws/install/px4_msgs/lib/python3.12/site-packages/px4_msgs/msg/_offboard_control_mode.py\n'}
[2.028381] (px4_msgs) StdoutLine: {'line': b'-- Up-to-date symlink: /home/maxim/super_ws/install/px4_msgs/lib/python3.12/site-packages/px4_msgs/msg/_offboard_control_mode_s.c\n'}
[2.028453] (px4_msgs) StdoutLine: {'line': b'-- Up-to-date symlink: /home/maxim/super_ws/install/px4_msgs/lib/python3.12/site-packages/px4_msgs/msg/_onboard_computer_status.py\n'}
[2.028524] (px4_msgs) StdoutLine: {'line': b'-- Up-to-date symlink: /home/maxim/super_ws/install/px4_msgs/lib/python3.12/site-packages/px4_msgs/msg/_onboard_computer_status_s.c\n'}
[2.028595] (px4_msgs) StdoutLine: {'line': b'-- Up-to-date symlink: /home/maxim/super_ws/install/px4_msgs/lib/python3.12/site-packages/px4_msgs/msg/_open_drone_id_arm_status.py\n'}
[2.028667] (px4_msgs) StdoutLine: {'line': b'-- Up-to-date symlink: /home/maxim/super_ws/install/px4_msgs/lib/python3.12/site-packages/px4_msgs/msg/_open_drone_id_arm_status_s.c\n'}
[2.028739] (px4_msgs) StdoutLine: {'line': b'-- Up-to-date symlink: /home/maxim/super_ws/install/px4_msgs/lib/python3.12/site-packages/px4_msgs/msg/_open_drone_id_operator_id.py\n'}
[2.028811] (px4_msgs) StdoutLine: {'line': b'-- Up-to-date symlink: /home/maxim/super_ws/install/px4_msgs/lib/python3.12/site-packages/px4_msgs/msg/_open_drone_id_operator_id_s.c\n'}
[2.028884] (px4_msgs) StdoutLine: {'line': b'-- Up-to-date symlink: /home/maxim/super_ws/install/px4_msgs/lib/python3.12/site-packages/px4_msgs/msg/_open_drone_id_self_id.py\n'}
[2.028995] (px4_msgs) StdoutLine: {'line': b'-- Up-to-date symlink: /home/maxim/super_ws/install/px4_msgs/lib/python3.12/site-packages/px4_msgs/msg/_open_drone_id_self_id_s.c\n'}
[2.029075] (px4_msgs) StdoutLine: {'line': b'-- Up-to-date symlink: /home/maxim/super_ws/install/px4_msgs/lib/python3.12/site-packages/px4_msgs/msg/_open_drone_id_system.py\n'}
[2.029169] (px4_msgs) StdoutLine: {'line': b'-- Up-to-date symlink: /home/maxim/super_ws/install/px4_msgs/lib/python3.12/site-packages/px4_msgs/msg/_open_drone_id_system_s.c\n'}
[2.029250] (px4_msgs) StdoutLine: {'line': b'-- Up-to-date symlink: /home/maxim/super_ws/install/px4_msgs/lib/python3.12/site-packages/px4_msgs/msg/_orb_test.py\n'}
[2.029326] (px4_msgs) StdoutLine: {'line': b'-- Up-to-date symlink: /home/maxim/super_ws/install/px4_msgs/lib/python3.12/site-packages/px4_msgs/msg/_orb_test_large.py\n'}
[2.029402] (px4_msgs) StdoutLine: {'line': b'-- Up-to-date symlink: /home/maxim/super_ws/install/px4_msgs/lib/python3.12/site-packages/px4_msgs/msg/_orb_test_large_s.c\n'}
[2.029474] (px4_msgs) StdoutLine: {'line': b'-- Up-to-date symlink: /home/maxim/super_ws/install/px4_msgs/lib/python3.12/site-packages/px4_msgs/msg/_orb_test_medium.py\n'}
[2.029547] (px4_msgs) StdoutLine: {'line': b'-- Up-to-date symlink: /home/maxim/super_ws/install/px4_msgs/lib/python3.12/site-packages/px4_msgs/msg/_orb_test_medium_s.c\n'}
[2.029617] (px4_msgs) StdoutLine: {'line': b'-- Up-to-date symlink: /home/maxim/super_ws/install/px4_msgs/lib/python3.12/site-packages/px4_msgs/msg/_orb_test_s.c\n'}
[2.029685] (px4_msgs) StdoutLine: {'line': b'-- Up-to-date symlink: /home/maxim/super_ws/install/px4_msgs/lib/python3.12/site-packages/px4_msgs/msg/_orbit_status.py\n'}
[2.029755] (px4_msgs) StdoutLine: {'line': b'-- Up-to-date symlink: /home/maxim/super_ws/install/px4_msgs/lib/python3.12/site-packages/px4_msgs/msg/_orbit_status_s.c\n'}
[2.029825] (px4_msgs) StdoutLine: {'line': b'-- Up-to-date symlink: /home/maxim/super_ws/install/px4_msgs/lib/python3.12/site-packages/px4_msgs/msg/_parameter_reset_request.py\n'}
[2.029893] (px4_msgs) StdoutLine: {'line': b'-- Up-to-date symlink: /home/maxim/super_ws/install/px4_msgs/lib/python3.12/site-packages/px4_msgs/msg/_parameter_reset_request_s.c\n'}
[2.029968] (px4_msgs) StdoutLine: {'line': b'-- Up-to-date symlink: /home/maxim/super_ws/install/px4_msgs/lib/python3.12/site-packages/px4_msgs/msg/_parameter_set_used_request.py\n'}
[2.030039] (px4_msgs) StdoutLine: {'line': b'-- Up-to-date symlink: /home/maxim/super_ws/install/px4_msgs/lib/python3.12/site-packages/px4_msgs/msg/_parameter_set_used_request_s.c\n'}
[2.030148] (px4_msgs) StdoutLine: {'line': b'-- Up-to-date symlink: /home/maxim/super_ws/install/px4_msgs/lib/python3.12/site-packages/px4_msgs/msg/_parameter_set_value_request.py\n'}
[2.030227] (px4_msgs) StdoutLine: {'line': b'-- Up-to-date symlink: /home/maxim/super_ws/install/px4_msgs/lib/python3.12/site-packages/px4_msgs/msg/_parameter_set_value_request_s.c\n'}
[2.030301] (px4_msgs) StdoutLine: {'line': b'-- Up-to-date symlink: /home/maxim/super_ws/install/px4_msgs/lib/python3.12/site-packages/px4_msgs/msg/_parameter_set_value_response.py\n'}
[2.030376] (px4_msgs) StdoutLine: {'line': b'-- Up-to-date symlink: /home/maxim/super_ws/install/px4_msgs/lib/python3.12/site-packages/px4_msgs/msg/_parameter_set_value_response_s.c\n'}
[2.030450] (px4_msgs) StdoutLine: {'line': b'-- Up-to-date symlink: /home/maxim/super_ws/install/px4_msgs/lib/python3.12/site-packages/px4_msgs/msg/_parameter_update.py\n'}
[2.030522] (px4_msgs) StdoutLine: {'line': b'-- Up-to-date symlink: /home/maxim/super_ws/install/px4_msgs/lib/python3.12/site-packages/px4_msgs/msg/_parameter_update_s.c\n'}
[2.030595] (px4_msgs) StdoutLine: {'line': b'-- Up-to-date symlink: /home/maxim/super_ws/install/px4_msgs/lib/python3.12/site-packages/px4_msgs/msg/_ping.py\n'}
[2.030668] (px4_msgs) StdoutLine: {'line': b'-- Up-to-date symlink: /home/maxim/super_ws/install/px4_msgs/lib/python3.12/site-packages/px4_msgs/msg/_ping_s.c\n'}
[2.030742] (px4_msgs) StdoutLine: {'line': b'-- Up-to-date symlink: /home/maxim/super_ws/install/px4_msgs/lib/python3.12/site-packages/px4_msgs/msg/_position_controller_landing_status.py\n'}
[2.030814] (px4_msgs) StdoutLine: {'line': b'-- Up-to-date symlink: /home/maxim/super_ws/install/px4_msgs/lib/python3.12/site-packages/px4_msgs/msg/_position_controller_landing_status_s.c\n'}
[2.030885] (px4_msgs) StdoutLine: {'line': b'-- Up-to-date symlink: /home/maxim/super_ws/install/px4_msgs/lib/python3.12/site-packages/px4_msgs/msg/_position_controller_status.py\n'}
[2.030956] (px4_msgs) StdoutLine: {'line': b'-- Up-to-date symlink: /home/maxim/super_ws/install/px4_msgs/lib/python3.12/site-packages/px4_msgs/msg/_position_controller_status_s.c\n'}
[2.031073] (px4_msgs) StdoutLine: {'line': b'-- Up-to-date symlink: /home/maxim/super_ws/install/px4_msgs/lib/python3.12/site-packages/px4_msgs/msg/_position_setpoint.py\n'}
[2.031157] (px4_msgs) StdoutLine: {'line': b'-- Up-to-date symlink: /home/maxim/super_ws/install/px4_msgs/lib/python3.12/site-packages/px4_msgs/msg/_position_setpoint_s.c\n'}
[2.031239] (px4_msgs) StdoutLine: {'line': b'-- Up-to-date symlink: /home/maxim/super_ws/install/px4_msgs/lib/python3.12/site-packages/px4_msgs/msg/_position_setpoint_triplet.py\n'}
[2.031313] (px4_msgs) StdoutLine: {'line': b'-- Up-to-date symlink: /home/maxim/super_ws/install/px4_msgs/lib/python3.12/site-packages/px4_msgs/msg/_position_setpoint_triplet_s.c\n'}
[2.031390] (px4_msgs) StdoutLine: {'line': b'-- Up-to-date symlink: /home/maxim/super_ws/install/px4_msgs/lib/python3.12/site-packages/px4_msgs/msg/_power_button_state.py\n'}
[2.031463] (px4_msgs) StdoutLine: {'line': b'-- Up-to-date symlink: /home/maxim/super_ws/install/px4_msgs/lib/python3.12/site-packages/px4_msgs/msg/_power_button_state_s.c\n'}
[2.031533] (px4_msgs) StdoutLine: {'line': b'-- Up-to-date symlink: /home/maxim/super_ws/install/px4_msgs/lib/python3.12/site-packages/px4_msgs/msg/_power_monitor.py\n'}
[2.031608] (px4_msgs) StdoutLine: {'line': b'-- Up-to-date symlink: /home/maxim/super_ws/install/px4_msgs/lib/python3.12/site-packages/px4_msgs/msg/_power_monitor_s.c\n'}
[2.031681] (px4_msgs) StdoutLine: {'line': b'-- Up-to-date symlink: /home/maxim/super_ws/install/px4_msgs/lib/python3.12/site-packages/px4_msgs/msg/_pps_capture.py\n'}
[2.031750] (px4_msgs) StdoutLine: {'line': b'-- Up-to-date symlink: /home/maxim/super_ws/install/px4_msgs/lib/python3.12/site-packages/px4_msgs/msg/_pps_capture_s.c\n'}
[2.031824] (px4_msgs) StdoutLine: {'line': b'-- Up-to-date symlink: /home/maxim/super_ws/install/px4_msgs/lib/python3.12/site-packages/px4_msgs/msg/_prec_land_status.py\n'}
[2.031890] (px4_msgs) StdoutLine: {'line': b'-- Up-to-date symlink: /home/maxim/super_ws/install/px4_msgs/lib/python3.12/site-packages/px4_msgs/msg/_prec_land_status_s.c\n'}
[2.031957] (px4_msgs) StdoutLine: {'line': b'-- Up-to-date symlink: /home/maxim/super_ws/install/px4_msgs/lib/python3.12/site-packages/px4_msgs/msg/_pure_pursuit_status.py\n'}
[2.032034] (px4_msgs) StdoutLine: {'line': b'-- Up-to-date symlink: /home/maxim/super_ws/install/px4_msgs/lib/python3.12/site-packages/px4_msgs/msg/_pure_pursuit_status_s.c\n'}
[2.032111] (px4_msgs) StdoutLine: {'line': b'-- Up-to-date symlink: /home/maxim/super_ws/install/px4_msgs/lib/python3.12/site-packages/px4_msgs/msg/_pwm_input.py\n'}
[2.032188] (px4_msgs) StdoutLine: {'line': b'-- Up-to-date symlink: /home/maxim/super_ws/install/px4_msgs/lib/python3.12/site-packages/px4_msgs/msg/_pwm_input_s.c\n'}
[2.032264] (px4_msgs) StdoutLine: {'line': b'-- Up-to-date symlink: /home/maxim/super_ws/install/px4_msgs/lib/python3.12/site-packages/px4_msgs/msg/_px4io_status.py\n'}
[2.032340] (px4_msgs) StdoutLine: {'line': b'-- Up-to-date symlink: /home/maxim/super_ws/install/px4_msgs/lib/python3.12/site-packages/px4_msgs/msg/_px4io_status_s.c\n'}
[2.032424] (px4_msgs) StdoutLine: {'line': b'-- Up-to-date symlink: /home/maxim/super_ws/install/px4_msgs/lib/python3.12/site-packages/px4_msgs/msg/_qshell_req.py\n'}
[2.032499] (px4_msgs) StdoutLine: {'line': b'-- Up-to-date symlink: /home/maxim/super_ws/install/px4_msgs/lib/python3.12/site-packages/px4_msgs/msg/_qshell_req_s.c\n'}
[2.032575] (px4_msgs) StdoutLine: {'line': b'-- Up-to-date symlink: /home/maxim/super_ws/install/px4_msgs/lib/python3.12/site-packages/px4_msgs/msg/_qshell_retval.py\n'}
[2.032651] (px4_msgs) StdoutLine: {'line': b'-- Up-to-date symlink: /home/maxim/super_ws/install/px4_msgs/lib/python3.12/site-packages/px4_msgs/msg/_qshell_retval_s.c\n'}
[2.032728] (px4_msgs) StdoutLine: {'line': b'-- Up-to-date symlink: /home/maxim/super_ws/install/px4_msgs/lib/python3.12/site-packages/px4_msgs/msg/_radio_status.py\n'}
[2.032803] (px4_msgs) StdoutLine: {'line': b'-- Up-to-date symlink: /home/maxim/super_ws/install/px4_msgs/lib/python3.12/site-packages/px4_msgs/msg/_radio_status_s.c\n'}
[2.032879] (px4_msgs) StdoutLine: {'line': b'-- Up-to-date symlink: /home/maxim/super_ws/install/px4_msgs/lib/python3.12/site-packages/px4_msgs/msg/_ranging_beacon.py\n'}
[2.032956] (px4_msgs) StdoutLine: {'line': b'-- Up-to-date symlink: /home/maxim/super_ws/install/px4_msgs/lib/python3.12/site-packages/px4_msgs/msg/_ranging_beacon_s.c\n'}
[2.033033] (px4_msgs) StdoutLine: {'line': b'-- Up-to-date symlink: /home/maxim/super_ws/install/px4_msgs/lib/python3.12/site-packages/px4_msgs/msg/_raptor_input.py\n'}
[2.033109] (px4_msgs) StdoutLine: {'line': b'-- Up-to-date symlink: /home/maxim/super_ws/install/px4_msgs/lib/python3.12/site-packages/px4_msgs/msg/_raptor_input_s.c\n'}
[2.033191] (px4_msgs) StdoutLine: {'line': b'-- Up-to-date symlink: /home/maxim/super_ws/install/px4_msgs/lib/python3.12/site-packages/px4_msgs/msg/_raptor_status.py\n'}
[2.033262] (px4_msgs) StdoutLine: {'line': b'-- Up-to-date symlink: /home/maxim/super_ws/install/px4_msgs/lib/python3.12/site-packages/px4_msgs/msg/_raptor_status_s.c\n'}
[2.033337] (px4_msgs) StdoutLine: {'line': b'-- Up-to-date symlink: /home/maxim/super_ws/install/px4_msgs/lib/python3.12/site-packages/px4_msgs/msg/_rate_ctrl_status.py\n'}
[2.033419] (px4_msgs) StdoutLine: {'line': b'-- Up-to-date symlink: /home/maxim/super_ws/install/px4_msgs/lib/python3.12/site-packages/px4_msgs/msg/_rate_ctrl_status_s.c\n'}
[2.033496] (px4_msgs) StdoutLine: {'line': b'-- Up-to-date symlink: /home/maxim/super_ws/install/px4_msgs/lib/python3.12/site-packages/px4_msgs/msg/_rc_channels.py\n'}
[2.033576] (px4_msgs) StdoutLine: {'line': b'-- Up-to-date symlink: /home/maxim/super_ws/install/px4_msgs/lib/python3.12/site-packages/px4_msgs/msg/_rc_channels_s.c\n'}
[2.033654] (px4_msgs) StdoutLine: {'line': b'-- Up-to-date symlink: /home/maxim/super_ws/install/px4_msgs/lib/python3.12/site-packages/px4_msgs/msg/_rc_parameter_map.py\n'}
[2.033729] (px4_msgs) StdoutLine: {'line': b'-- Up-to-date symlink: /home/maxim/super_ws/install/px4_msgs/lib/python3.12/site-packages/px4_msgs/msg/_rc_parameter_map_s.c\n'}
[2.033807] (px4_msgs) StdoutLine: {'line': b'-- Up-to-date symlink: /home/maxim/super_ws/install/px4_msgs/lib/python3.12/site-packages/px4_msgs/msg/_register_ext_component_reply.py\n'}
[2.033884] (px4_msgs) StdoutLine: {'line': b'-- Up-to-date symlink: /home/maxim/super_ws/install/px4_msgs/lib/python3.12/site-packages/px4_msgs/msg/_register_ext_component_reply_s.c\n'}
[2.033961] (px4_msgs) StdoutLine: {'line': b'-- Up-to-date symlink: /home/maxim/super_ws/install/px4_msgs/lib/python3.12/site-packages/px4_msgs/msg/_register_ext_component_request.py\n'}
[2.034038] (px4_msgs) StdoutLine: {'line': b'-- Up-to-date symlink: /home/maxim/super_ws/install/px4_msgs/lib/python3.12/site-packages/px4_msgs/msg/_register_ext_component_request_s.c\n'}
[2.034115] (px4_msgs) StdoutLine: {'line': b'-- Up-to-date symlink: /home/maxim/super_ws/install/px4_msgs/lib/python3.12/site-packages/px4_msgs/msg/_rover_attitude_setpoint.py\n'}
[2.034190] (px4_msgs) StdoutLine: {'line': b'-- Up-to-date symlink: /home/maxim/super_ws/install/px4_msgs/lib/python3.12/site-packages/px4_msgs/msg/_rover_attitude_setpoint_s.c\n'}
[2.034266] (px4_msgs) StdoutLine: {'line': b'-- Up-to-date symlink: /home/maxim/super_ws/install/px4_msgs/lib/python3.12/site-packages/px4_msgs/msg/_rover_attitude_status.py\n'}
[2.034343] (px4_msgs) StdoutLine: {'line': b'-- Up-to-date symlink: /home/maxim/super_ws/install/px4_msgs/lib/python3.12/site-packages/px4_msgs/msg/_rover_attitude_status_s.c\n'}
[2.034426] (px4_msgs) StdoutLine: {'line': b'-- Up-to-date symlink: /home/maxim/super_ws/install/px4_msgs/lib/python3.12/site-packages/px4_msgs/msg/_rover_position_setpoint.py\n'}
[2.034501] (px4_msgs) StdoutLine: {'line': b'-- Up-to-date symlink: /home/maxim/super_ws/install/px4_msgs/lib/python3.12/site-packages/px4_msgs/msg/_rover_position_setpoint_s.c\n'}
[2.034578] (px4_msgs) StdoutLine: {'line': b'-- Up-to-date symlink: /home/maxim/super_ws/install/px4_msgs/lib/python3.12/site-packages/px4_msgs/msg/_rover_rate_setpoint.py\n'}
[2.034656] (px4_msgs) StdoutLine: {'line': b'-- Up-to-date symlink: /home/maxim/super_ws/install/px4_msgs/lib/python3.12/site-packages/px4_msgs/msg/_rover_rate_setpoint_s.c\n'}
[2.034731] (px4_msgs) StdoutLine: {'line': b'-- Up-to-date symlink: /home/maxim/super_ws/install/px4_msgs/lib/python3.12/site-packages/px4_msgs/msg/_rover_rate_status.py\n'}
[2.034807] (px4_msgs) StdoutLine: {'line': b'-- Up-to-date symlink: /home/maxim/super_ws/install/px4_msgs/lib/python3.12/site-packages/px4_msgs/msg/_rover_rate_status_s.c\n'}
[2.034889] (px4_msgs) StdoutLine: {'line': b'-- Up-to-date symlink: /home/maxim/super_ws/install/px4_msgs/lib/python3.12/site-packages/px4_msgs/msg/_rover_speed_setpoint.py\n'}
[2.034960] (px4_msgs) StdoutLine: {'line': b'-- Up-to-date symlink: /home/maxim/super_ws/install/px4_msgs/lib/python3.12/site-packages/px4_msgs/msg/_rover_speed_setpoint_s.c\n'}
[2.035036] (px4_msgs) StdoutLine: {'line': b'-- Up-to-date symlink: /home/maxim/super_ws/install/px4_msgs/lib/python3.12/site-packages/px4_msgs/msg/_rover_speed_status.py\n'}
[2.035112] (px4_msgs) StdoutLine: {'line': b'-- Up-to-date symlink: /home/maxim/super_ws/install/px4_msgs/lib/python3.12/site-packages/px4_msgs/msg/_rover_speed_status_s.c\n'}
[2.035189] (px4_msgs) StdoutLine: {'line': b'-- Up-to-date symlink: /home/maxim/super_ws/install/px4_msgs/lib/python3.12/site-packages/px4_msgs/msg/_rover_steering_setpoint.py\n'}
[2.035266] (px4_msgs) StdoutLine: {'line': b'-- Up-to-date symlink: /home/maxim/super_ws/install/px4_msgs/lib/python3.12/site-packages/px4_msgs/msg/_rover_steering_setpoint_s.c\n'}
[2.035342] (px4_msgs) StdoutLine: {'line': b'-- Up-to-date symlink: /home/maxim/super_ws/install/px4_msgs/lib/python3.12/site-packages/px4_msgs/msg/_rover_throttle_setpoint.py\n'}
[2.035425] (px4_msgs) StdoutLine: {'line': b'-- Up-to-date symlink: /home/maxim/super_ws/install/px4_msgs/lib/python3.12/site-packages/px4_msgs/msg/_rover_throttle_setpoint_s.c\n'}
[2.035500] (px4_msgs) StdoutLine: {'line': b'-- Up-to-date symlink: /home/maxim/super_ws/install/px4_msgs/lib/python3.12/site-packages/px4_msgs/msg/_rpm.py\n'}
[2.035576] (px4_msgs) StdoutLine: {'line': b'-- Up-to-date symlink: /home/maxim/super_ws/install/px4_msgs/lib/python3.12/site-packages/px4_msgs/msg/_rpm_s.c\n'}
[2.035653] (px4_msgs) StdoutLine: {'line': b'-- Up-to-date symlink: /home/maxim/super_ws/install/px4_msgs/lib/python3.12/site-packages/px4_msgs/msg/_rtl_status.py\n'}
[2.035728] (px4_msgs) StdoutLine: {'line': b'-- Up-to-date symlink: /home/maxim/super_ws/install/px4_msgs/lib/python3.12/site-packages/px4_msgs/msg/_rtl_status_s.c\n'}
[2.035806] (px4_msgs) StdoutLine: {'line': b'-- Up-to-date symlink: /home/maxim/super_ws/install/px4_msgs/lib/python3.12/site-packages/px4_msgs/msg/_rtl_time_estimate.py\n'}
[2.035881] (px4_msgs) StdoutLine: {'line': b'-- Up-to-date symlink: /home/maxim/super_ws/install/px4_msgs/lib/python3.12/site-packages/px4_msgs/msg/_rtl_time_estimate_s.c\n'}
[2.035958] (px4_msgs) StdoutLine: {'line': b'-- Up-to-date symlink: /home/maxim/super_ws/install/px4_msgs/lib/python3.12/site-packages/px4_msgs/msg/_satellite_info.py\n'}
[2.036037] (px4_msgs) StdoutLine: {'line': b'-- Up-to-date symlink: /home/maxim/super_ws/install/px4_msgs/lib/python3.12/site-packages/px4_msgs/msg/_satellite_info_s.c\n'}
[2.036111] (px4_msgs) StdoutLine: {'line': b'-- Up-to-date symlink: /home/maxim/super_ws/install/px4_msgs/lib/python3.12/site-packages/px4_msgs/msg/_sensor_accel.py\n'}
[2.036187] (px4_msgs) StdoutLine: {'line': b'-- Up-to-date symlink: /home/maxim/super_ws/install/px4_msgs/lib/python3.12/site-packages/px4_msgs/msg/_sensor_accel_fifo.py\n'}
[2.036263] (px4_msgs) StdoutLine: {'line': b'-- Up-to-date symlink: /home/maxim/super_ws/install/px4_msgs/lib/python3.12/site-packages/px4_msgs/msg/_sensor_accel_fifo_s.c\n'}
[2.036341] (px4_msgs) StdoutLine: {'line': b'-- Up-to-date symlink: /home/maxim/super_ws/install/px4_msgs/lib/python3.12/site-packages/px4_msgs/msg/_sensor_accel_s.c\n'}
[2.036422] (px4_msgs) StdoutLine: {'line': b'-- Up-to-date symlink: /home/maxim/super_ws/install/px4_msgs/lib/python3.12/site-packages/px4_msgs/msg/_sensor_airflow.py\n'}
[2.036498] (px4_msgs) StdoutLine: {'line': b'-- Up-to-date symlink: /home/maxim/super_ws/install/px4_msgs/lib/python3.12/site-packages/px4_msgs/msg/_sensor_airflow_s.c\n'}
[2.036578] (px4_msgs) StdoutLine: {'line': b'-- Up-to-date symlink: /home/maxim/super_ws/install/px4_msgs/lib/python3.12/site-packages/px4_msgs/msg/_sensor_baro.py\n'}
[2.036655] (px4_msgs) StdoutLine: {'line': b'-- Up-to-date symlink: /home/maxim/super_ws/install/px4_msgs/lib/python3.12/site-packages/px4_msgs/msg/_sensor_baro_s.c\n'}
[2.036732] (px4_msgs) StdoutLine: {'line': b'-- Up-to-date symlink: /home/maxim/super_ws/install/px4_msgs/lib/python3.12/site-packages/px4_msgs/msg/_sensor_combined.py\n'}
[2.036807] (px4_msgs) StdoutLine: {'line': b'-- Up-to-date symlink: /home/maxim/super_ws/install/px4_msgs/lib/python3.12/site-packages/px4_msgs/msg/_sensor_combined_s.c\n'}
[2.036883] (px4_msgs) StdoutLine: {'line': b'-- Up-to-date symlink: /home/maxim/super_ws/install/px4_msgs/lib/python3.12/site-packages/px4_msgs/msg/_sensor_correction.py\n'}
[2.036959] (px4_msgs) StdoutLine: {'line': b'-- Up-to-date symlink: /home/maxim/super_ws/install/px4_msgs/lib/python3.12/site-packages/px4_msgs/msg/_sensor_correction_s.c\n'}
[2.037035] (px4_msgs) StdoutLine: {'line': b'-- Up-to-date symlink: /home/maxim/super_ws/install/px4_msgs/lib/python3.12/site-packages/px4_msgs/msg/_sensor_gnss_relative.py\n'}
[2.037110] (px4_msgs) StdoutLine: {'line': b'-- Up-to-date symlink: /home/maxim/super_ws/install/px4_msgs/lib/python3.12/site-packages/px4_msgs/msg/_sensor_gnss_relative_s.c\n'}
[2.037194] (px4_msgs) StdoutLine: {'line': b'-- Up-to-date symlink: /home/maxim/super_ws/install/px4_msgs/lib/python3.12/site-packages/px4_msgs/msg/_sensor_gnss_status.py\n'}
[2.037272] (px4_msgs) StdoutLine: {'line': b'-- Up-to-date symlink: /home/maxim/super_ws/install/px4_msgs/lib/python3.12/site-packages/px4_msgs/msg/_sensor_gnss_status_s.c\n'}
[2.037345] (px4_msgs) StdoutLine: {'line': b'-- Up-to-date symlink: /home/maxim/super_ws/install/px4_msgs/lib/python3.12/site-packages/px4_msgs/msg/_sensor_gps.py\n'}
[2.037463] (px4_msgs) StdoutLine: {'line': b'-- Up-to-date symlink: /home/maxim/super_ws/install/px4_msgs/lib/python3.12/site-packages/px4_msgs/msg/_sensor_gps_s.c\n'}
[2.037540] (px4_msgs) StdoutLine: {'line': b'-- Up-to-date symlink: /home/maxim/super_ws/install/px4_msgs/lib/python3.12/site-packages/px4_msgs/msg/_sensor_gyro.py\n'}
[2.037617] (px4_msgs) StdoutLine: {'line': b'-- Up-to-date symlink: /home/maxim/super_ws/install/px4_msgs/lib/python3.12/site-packages/px4_msgs/msg/_sensor_gyro_fft.py\n'}
[2.037690] (px4_msgs) StdoutLine: {'line': b'-- Up-to-date symlink: /home/maxim/super_ws/install/px4_msgs/lib/python3.12/site-packages/px4_msgs/msg/_sensor_gyro_fft_s.c\n'}
[2.037761] (px4_msgs) StdoutLine: {'line': b'-- Up-to-date symlink: /home/maxim/super_ws/install/px4_msgs/lib/python3.12/site-packages/px4_msgs/msg/_sensor_gyro_fifo.py\n'}
[2.037832] (px4_msgs) StdoutLine: {'line': b'-- Up-to-date symlink: /home/maxim/super_ws/install/px4_msgs/lib/python3.12/site-packages/px4_msgs/msg/_sensor_gyro_fifo_s.c\n'}
[2.037901] (px4_msgs) StdoutLine: {'line': b'-- Up-to-date symlink: /home/maxim/super_ws/install/px4_msgs/lib/python3.12/site-packages/px4_msgs/msg/_sensor_gyro_s.c\n'}
[2.037971] (px4_msgs) StdoutLine: {'line': b'-- Up-to-date symlink: /home/maxim/super_ws/install/px4_msgs/lib/python3.12/site-packages/px4_msgs/msg/_sensor_hygrometer.py\n'}
[2.038037] (px4_msgs) StdoutLine: {'line': b'-- Up-to-date symlink: /home/maxim/super_ws/install/px4_msgs/lib/python3.12/site-packages/px4_msgs/msg/_sensor_hygrometer_s.c\n'}
[2.038106] (px4_msgs) StdoutLine: {'line': b'-- Up-to-date symlink: /home/maxim/super_ws/install/px4_msgs/lib/python3.12/site-packages/px4_msgs/msg/_sensor_mag.py\n'}
[2.038188] (px4_msgs) StdoutLine: {'line': b'-- Up-to-date symlink: /home/maxim/super_ws/install/px4_msgs/lib/python3.12/site-packages/px4_msgs/msg/_sensor_mag_s.c\n'}
[2.038288] (px4_msgs) StdoutLine: {'line': b'-- Up-to-date symlink: /home/maxim/super_ws/install/px4_msgs/lib/python3.12/site-packages/px4_msgs/msg/_sensor_optical_flow.py\n'}
[2.038358] (px4_msgs) StdoutLine: {'line': b'-- Up-to-date symlink: /home/maxim/super_ws/install/px4_msgs/lib/python3.12/site-packages/px4_msgs/msg/_sensor_optical_flow_s.c\n'}
[2.038462] (px4_msgs) StdoutLine: {'line': b'-- Up-to-date symlink: /home/maxim/super_ws/install/px4_msgs/lib/python3.12/site-packages/px4_msgs/msg/_sensor_preflight_mag.py\n'}
[2.038537] (px4_msgs) StdoutLine: {'line': b'-- Up-to-date symlink: /home/maxim/super_ws/install/px4_msgs/lib/python3.12/site-packages/px4_msgs/msg/_sensor_preflight_mag_s.c\n'}
[2.038607] (px4_msgs) StdoutLine: {'line': b'-- Up-to-date symlink: /home/maxim/super_ws/install/px4_msgs/lib/python3.12/site-packages/px4_msgs/msg/_sensor_selection.py\n'}
[2.038677] (px4_msgs) StdoutLine: {'line': b'-- Up-to-date symlink: /home/maxim/super_ws/install/px4_msgs/lib/python3.12/site-packages/px4_msgs/msg/_sensor_selection_s.c\n'}
[2.038751] (px4_msgs) StdoutLine: {'line': b'-- Up-to-date symlink: /home/maxim/super_ws/install/px4_msgs/lib/python3.12/site-packages/px4_msgs/msg/_sensor_temp.py\n'}
[2.038819] (px4_msgs) StdoutLine: {'line': b'-- Up-to-date symlink: /home/maxim/super_ws/install/px4_msgs/lib/python3.12/site-packages/px4_msgs/msg/_sensor_temp_s.c\n'}
[2.038890] (px4_msgs) StdoutLine: {'line': b'-- Up-to-date symlink: /home/maxim/super_ws/install/px4_msgs/lib/python3.12/site-packages/px4_msgs/msg/_sensor_uwb.py\n'}
[2.038963] (px4_msgs) StdoutLine: {'line': b'-- Up-to-date symlink: /home/maxim/super_ws/install/px4_msgs/lib/python3.12/site-packages/px4_msgs/msg/_sensor_uwb_s.c\n'}
[2.039032] (px4_msgs) StdoutLine: {'line': b'-- Up-to-date symlink: /home/maxim/super_ws/install/px4_msgs/lib/python3.12/site-packages/px4_msgs/msg/_sensors_status.py\n'}
[2.039100] (px4_msgs) StdoutLine: {'line': b'-- Up-to-date symlink: /home/maxim/super_ws/install/px4_msgs/lib/python3.12/site-packages/px4_msgs/msg/_sensors_status_imu.py\n'}
[2.039215] (px4_msgs) StdoutLine: {'line': b'-- Up-to-date symlink: /home/maxim/super_ws/install/px4_msgs/lib/python3.12/site-packages/px4_msgs/msg/_sensors_status_imu_s.c\n'}
[2.039291] (px4_msgs) StdoutLine: {'line': b'-- Up-to-date symlink: /home/maxim/super_ws/install/px4_msgs/lib/python3.12/site-packages/px4_msgs/msg/_sensors_status_s.c\n'}
[2.039364] (px4_msgs) StdoutLine: {'line': b'-- Up-to-date symlink: /home/maxim/super_ws/install/px4_msgs/lib/python3.12/site-packages/px4_msgs/msg/_system_power.py\n'}
[2.039439] (px4_msgs) StdoutLine: {'line': b'-- Up-to-date symlink: /home/maxim/super_ws/install/px4_msgs/lib/python3.12/site-packages/px4_msgs/msg/_system_power_s.c\n'}
[2.039512] (px4_msgs) StdoutLine: {'line': b'-- Up-to-date symlink: /home/maxim/super_ws/install/px4_msgs/lib/python3.12/site-packages/px4_msgs/msg/_takeoff_status.py\n'}
[2.039585] (px4_msgs) StdoutLine: {'line': b'-- Up-to-date symlink: /home/maxim/super_ws/install/px4_msgs/lib/python3.12/site-packages/px4_msgs/msg/_takeoff_status_s.c\n'}
[2.039656] (px4_msgs) StdoutLine: {'line': b'-- Up-to-date symlink: /home/maxim/super_ws/install/px4_msgs/lib/python3.12/site-packages/px4_msgs/msg/_target_gnss.py\n'}
[2.039728] (px4_msgs) StdoutLine: {'line': b'-- Up-to-date symlink: /home/maxim/super_ws/install/px4_msgs/lib/python3.12/site-packages/px4_msgs/msg/_target_gnss_s.c\n'}
[2.039800] (px4_msgs) StdoutLine: {'line': b'-- Up-to-date symlink: /home/maxim/super_ws/install/px4_msgs/lib/python3.12/site-packages/px4_msgs/msg/_task_stack_info.py\n'}
[2.039870] (px4_msgs) StdoutLine: {'line': b'-- Up-to-date symlink: /home/maxim/super_ws/install/px4_msgs/lib/python3.12/site-packages/px4_msgs/msg/_task_stack_info_s.c\n'}
[2.039985] (px4_msgs) StdoutLine: {'line': b'-- Up-to-date symlink: /home/maxim/super_ws/install/px4_msgs/lib/python3.12/site-packages/px4_msgs/msg/_tecs_status.py\n'}
[2.040059] (px4_msgs) StdoutLine: {'line': b'-- Up-to-date symlink: /home/maxim/super_ws/install/px4_msgs/lib/python3.12/site-packages/px4_msgs/msg/_tecs_status_s.c\n'}
[2.040138] (px4_msgs) StdoutLine: {'line': b'-- Up-to-date symlink: /home/maxim/super_ws/install/px4_msgs/lib/python3.12/site-packages/px4_msgs/msg/_telemetry_status.py\n'}
[2.040209] (px4_msgs) StdoutLine: {'line': b'-- Up-to-date symlink: /home/maxim/super_ws/install/px4_msgs/lib/python3.12/site-packages/px4_msgs/msg/_telemetry_status_s.c\n'}
[2.040281] (px4_msgs) StdoutLine: {'line': b'-- Up-to-date symlink: /home/maxim/super_ws/install/px4_msgs/lib/python3.12/site-packages/px4_msgs/msg/_tiltrotor_extra_controls.py\n'}
[2.040352] (px4_msgs) StdoutLine: {'line': b'-- Up-to-date symlink: /home/maxim/super_ws/install/px4_msgs/lib/python3.12/site-packages/px4_msgs/msg/_tiltrotor_extra_controls_s.c\n'}
[2.040432] (px4_msgs) StdoutLine: {'line': b'-- Up-to-date symlink: /home/maxim/super_ws/install/px4_msgs/lib/python3.12/site-packages/px4_msgs/msg/_timesync_status.py\n'}
[2.040503] (px4_msgs) StdoutLine: {'line': b'-- Up-to-date symlink: /home/maxim/super_ws/install/px4_msgs/lib/python3.12/site-packages/px4_msgs/msg/_timesync_status_s.c\n'}
[2.040576] (px4_msgs) StdoutLine: {'line': b'-- Up-to-date symlink: /home/maxim/super_ws/install/px4_msgs/lib/python3.12/site-packages/px4_msgs/msg/_trajectory_setpoint.py\n'}
[2.040643] (px4_msgs) StdoutLine: {'line': b'-- Up-to-date symlink: /home/maxim/super_ws/install/px4_msgs/lib/python3.12/site-packages/px4_msgs/msg/_trajectory_setpoint6dof.py\n'}
[2.040712] (px4_msgs) StdoutLine: {'line': b'-- Up-to-date symlink: /home/maxim/super_ws/install/px4_msgs/lib/python3.12/site-packages/px4_msgs/msg/_trajectory_setpoint6dof_s.c\n'}
[2.040788] (px4_msgs) StdoutLine: {'line': b'-- Up-to-date symlink: /home/maxim/super_ws/install/px4_msgs/lib/python3.12/site-packages/px4_msgs/msg/_trajectory_setpoint_s.c\n'}
[2.040904] (px4_msgs) StdoutLine: {'line': b'-- Up-to-date symlink: /home/maxim/super_ws/install/px4_msgs/lib/python3.12/site-packages/px4_msgs/msg/_transponder_report.py\n'}
[2.040984] (px4_msgs) StdoutLine: {'line': b'-- Up-to-date symlink: /home/maxim/super_ws/install/px4_msgs/lib/python3.12/site-packages/px4_msgs/msg/_transponder_report_s.c\n'}
[2.041065] (px4_msgs) StdoutLine: {'line': b'-- Up-to-date symlink: /home/maxim/super_ws/install/px4_msgs/lib/python3.12/site-packages/px4_msgs/msg/_tune_control.py\n'}
[2.041141] (px4_msgs) StdoutLine: {'line': b'-- Up-to-date symlink: /home/maxim/super_ws/install/px4_msgs/lib/python3.12/site-packages/px4_msgs/msg/_tune_control_s.c\n'}
[2.041211] (px4_msgs) StdoutLine: {'line': b'-- Up-to-date symlink: /home/maxim/super_ws/install/px4_msgs/lib/python3.12/site-packages/px4_msgs/msg/_uavcan_parameter_request.py\n'}
[2.041276] (px4_msgs) StdoutLine: {'line': b'-- Up-to-date symlink: /home/maxim/super_ws/install/px4_msgs/lib/python3.12/site-packages/px4_msgs/msg/_uavcan_parameter_request_s.c\n'}
[2.041345] (px4_msgs) StdoutLine: {'line': b'-- Up-to-date symlink: /home/maxim/super_ws/install/px4_msgs/lib/python3.12/site-packages/px4_msgs/msg/_uavcan_parameter_value.py\n'}
[2.041449] (px4_msgs) StdoutLine: {'line': b'-- Up-to-date symlink: /home/maxim/super_ws/install/px4_msgs/lib/python3.12/site-packages/px4_msgs/msg/_uavcan_parameter_value_s.c\n'}
[2.041530] (px4_msgs) StdoutLine: {'line': b'-- Up-to-date symlink: /home/maxim/super_ws/install/px4_msgs/lib/python3.12/site-packages/px4_msgs/msg/_ulog_stream.py\n'}
[2.041611] (px4_msgs) StdoutLine: {'line': b'-- Up-to-date symlink: /home/maxim/super_ws/install/px4_msgs/lib/python3.12/site-packages/px4_msgs/msg/_ulog_stream_ack.py\n'}
[2.041687] (px4_msgs) StdoutLine: {'line': b'-- Up-to-date symlink: /home/maxim/super_ws/install/px4_msgs/lib/python3.12/site-packages/px4_msgs/msg/_ulog_stream_ack_s.c\n'}
[2.041760] (px4_msgs) StdoutLine: {'line': b'-- Up-to-date symlink: /home/maxim/super_ws/install/px4_msgs/lib/python3.12/site-packages/px4_msgs/msg/_ulog_stream_s.c\n'}
[2.041832] (px4_msgs) StdoutLine: {'line': b'-- Up-to-date symlink: /home/maxim/super_ws/install/px4_msgs/lib/python3.12/site-packages/px4_msgs/msg/_unregister_ext_component.py\n'}
[2.041902] (px4_msgs) StdoutLine: {'line': b'-- Up-to-date symlink: /home/maxim/super_ws/install/px4_msgs/lib/python3.12/site-packages/px4_msgs/msg/_unregister_ext_component_s.c\n'}
[2.041982] (px4_msgs) StdoutLine: {'line': b'-- Up-to-date symlink: /home/maxim/super_ws/install/px4_msgs/lib/python3.12/site-packages/px4_msgs/msg/_vehicle_acceleration.py\n'}
[2.042053] (px4_msgs) StdoutLine: {'line': b'-- Up-to-date symlink: /home/maxim/super_ws/install/px4_msgs/lib/python3.12/site-packages/px4_msgs/msg/_vehicle_acceleration_s.c\n'}
[2.042124] (px4_msgs) StdoutLine: {'line': b'-- Up-to-date symlink: /home/maxim/super_ws/install/px4_msgs/lib/python3.12/site-packages/px4_msgs/msg/_vehicle_air_data.py\n'}
[2.042207] (px4_msgs) StdoutLine: {'line': b'-- Up-to-date symlink: /home/maxim/super_ws/install/px4_msgs/lib/python3.12/site-packages/px4_msgs/msg/_vehicle_air_data_s.c\n'}
[2.042283] (px4_msgs) StdoutLine: {'line': b'-- Up-to-date symlink: /home/maxim/super_ws/install/px4_msgs/lib/python3.12/site-packages/px4_msgs/msg/_vehicle_angular_acceleration_setpoint.py\n'}
[2.042354] (px4_msgs) StdoutLine: {'line': b'-- Up-to-date symlink: /home/maxim/super_ws/install/px4_msgs/lib/python3.12/site-packages/px4_msgs/msg/_vehicle_angular_acceleration_setpoint_s.c\n'}
[2.042432] (px4_msgs) StdoutLine: {'line': b'-- Up-to-date symlink: /home/maxim/super_ws/install/px4_msgs/lib/python3.12/site-packages/px4_msgs/msg/_vehicle_angular_velocity.py\n'}
[2.042509] (px4_msgs) StdoutLine: {'line': b'-- Up-to-date symlink: /home/maxim/super_ws/install/px4_msgs/lib/python3.12/site-packages/px4_msgs/msg/_vehicle_angular_velocity_s.c\n'}
[2.042580] (px4_msgs) StdoutLine: {'line': b'-- Up-to-date symlink: /home/maxim/super_ws/install/px4_msgs/lib/python3.12/site-packages/px4_msgs/msg/_vehicle_attitude.py\n'}
[2.042654] (px4_msgs) StdoutLine: {'line': b'-- Up-to-date symlink: /home/maxim/super_ws/install/px4_msgs/lib/python3.12/site-packages/px4_msgs/msg/_vehicle_attitude_s.c\n'}
[2.042726] (px4_msgs) StdoutLine: {'line': b'-- Up-to-date symlink: /home/maxim/super_ws/install/px4_msgs/lib/python3.12/site-packages/px4_msgs/msg/_vehicle_attitude_setpoint.py\n'}
[2.042798] (px4_msgs) StdoutLine: {'line': b'-- Up-to-date symlink: /home/maxim/super_ws/install/px4_msgs/lib/python3.12/site-packages/px4_msgs/msg/_vehicle_attitude_setpoint_s.c\n'}
[2.042871] (px4_msgs) StdoutLine: {'line': b'-- Up-to-date symlink: /home/maxim/super_ws/install/px4_msgs/lib/python3.12/site-packages/px4_msgs/msg/_vehicle_command.py\n'}
[2.042943] (px4_msgs) StdoutLine: {'line': b'-- Up-to-date symlink: /home/maxim/super_ws/install/px4_msgs/lib/python3.12/site-packages/px4_msgs/msg/_vehicle_command_ack.py\n'}
[2.043060] (px4_msgs) StdoutLine: {'line': b'-- Up-to-date symlink: /home/maxim/super_ws/install/px4_msgs/lib/python3.12/site-packages/px4_msgs/msg/_vehicle_command_ack_s.c\n'}
[2.043140] (px4_msgs) StdoutLine: {'line': b'-- Up-to-date symlink: /home/maxim/super_ws/install/px4_msgs/lib/python3.12/site-packages/px4_msgs/msg/_vehicle_command_s.c\n'}
[2.043220] (px4_msgs) StdoutLine: {'line': b'-- Up-to-date symlink: /home/maxim/super_ws/install/px4_msgs/lib/python3.12/site-packages/px4_msgs/msg/_vehicle_constraints.py\n'}
[2.043295] (px4_msgs) StdoutLine: {'line': b'-- Up-to-date symlink: /home/maxim/super_ws/install/px4_msgs/lib/python3.12/site-packages/px4_msgs/msg/_vehicle_constraints_s.c\n'}
[2.043365] (px4_msgs) StdoutLine: {'line': b'-- Up-to-date symlink: /home/maxim/super_ws/install/px4_msgs/lib/python3.12/site-packages/px4_msgs/msg/_vehicle_control_mode.py\n'}
[2.043438] (px4_msgs) StdoutLine: {'line': b'-- Up-to-date symlink: /home/maxim/super_ws/install/px4_msgs/lib/python3.12/site-packages/px4_msgs/msg/_vehicle_control_mode_s.c\n'}
[2.043511] (px4_msgs) StdoutLine: {'line': b'-- Up-to-date symlink: /home/maxim/super_ws/install/px4_msgs/lib/python3.12/site-packages/px4_msgs/msg/_vehicle_global_position.py\n'}
[2.043585] (px4_msgs) StdoutLine: {'line': b'-- Up-to-date symlink: /home/maxim/super_ws/install/px4_msgs/lib/python3.12/site-packages/px4_msgs/msg/_vehicle_global_position_s.c\n'}
[2.043701] (px4_msgs) StdoutLine: {'line': b'-- Up-to-date symlink: /home/maxim/super_ws/install/px4_msgs/lib/python3.12/site-packages/px4_msgs/msg/_vehicle_imu.py\n'}
[2.043777] (px4_msgs) StdoutLine: {'line': b'-- Up-to-date symlink: /home/maxim/super_ws/install/px4_msgs/lib/python3.12/site-packages/px4_msgs/msg/_vehicle_imu_s.c\n'}
[2.043855] (px4_msgs) StdoutLine: {'line': b'-- Up-to-date symlink: /home/maxim/super_ws/install/px4_msgs/lib/python3.12/site-packages/px4_msgs/msg/_vehicle_imu_status.py\n'}
[2.043928] (px4_msgs) StdoutLine: {'line': b'-- Up-to-date symlink: /home/maxim/super_ws/install/px4_msgs/lib/python3.12/site-packages/px4_msgs/msg/_vehicle_imu_status_s.c\n'}
[2.044002] (px4_msgs) StdoutLine: {'line': b'-- Up-to-date symlink: /home/maxim/super_ws/install/px4_msgs/lib/python3.12/site-packages/px4_msgs/msg/_vehicle_land_detected.py\n'}
[2.044072] (px4_msgs) StdoutLine: {'line': b'-- Up-to-date symlink: /home/maxim/super_ws/install/px4_msgs/lib/python3.12/site-packages/px4_msgs/msg/_vehicle_land_detected_s.c\n'}
[2.044144] (px4_msgs) StdoutLine: {'line': b'-- Up-to-date symlink: /home/maxim/super_ws/install/px4_msgs/lib/python3.12/site-packages/px4_msgs/msg/_vehicle_local_position.py\n'}
[2.044216] (px4_msgs) StdoutLine: {'line': b'-- Up-to-date symlink: /home/maxim/super_ws/install/px4_msgs/lib/python3.12/site-packages/px4_msgs/msg/_vehicle_local_position_s.c\n'}
[2.044290] (px4_msgs) StdoutLine: {'line': b'-- Up-to-date symlink: /home/maxim/super_ws/install/px4_msgs/lib/python3.12/site-packages/px4_msgs/msg/_vehicle_local_position_setpoint.py\n'}
[2.044375] (px4_msgs) StdoutLine: {'line': b'-- Up-to-date symlink: /home/maxim/super_ws/install/px4_msgs/lib/python3.12/site-packages/px4_msgs/msg/_vehicle_local_position_setpoint_s.c\n'}
[2.044451] (px4_msgs) StdoutLine: {'line': b'-- Up-to-date symlink: /home/maxim/super_ws/install/px4_msgs/lib/python3.12/site-packages/px4_msgs/msg/_vehicle_magnetometer.py\n'}
[2.044535] (px4_msgs) StdoutLine: {'line': b'-- Up-to-date symlink: /home/maxim/super_ws/install/px4_msgs/lib/python3.12/site-packages/px4_msgs/msg/_vehicle_magnetometer_s.c\n'}
[2.044609] (px4_msgs) StdoutLine: {'line': b'-- Up-to-date symlink: /home/maxim/super_ws/install/px4_msgs/lib/python3.12/site-packages/px4_msgs/msg/_vehicle_odometry.py\n'}
[2.044680] (px4_msgs) StdoutLine: {'line': b'-- Up-to-date symlink: /home/maxim/super_ws/install/px4_msgs/lib/python3.12/site-packages/px4_msgs/msg/_vehicle_odometry_s.c\n'}
[2.044765] (px4_msgs) StdoutLine: {'line': b'-- Up-to-date symlink: /home/maxim/super_ws/install/px4_msgs/lib/python3.12/site-packages/px4_msgs/msg/_vehicle_optical_flow.py\n'}
[2.044887] (px4_msgs) StdoutLine: {'line': b'-- Up-to-date symlink: /home/maxim/super_ws/install/px4_msgs/lib/python3.12/site-packages/px4_msgs/msg/_vehicle_optical_flow_s.c\n'}
[2.044968] (px4_msgs) StdoutLine: {'line': b'-- Up-to-date symlink: /home/maxim/super_ws/install/px4_msgs/lib/python3.12/site-packages/px4_msgs/msg/_vehicle_optical_flow_vel.py\n'}
[2.045054] (px4_msgs) StdoutLine: {'line': b'-- Up-to-date symlink: /home/maxim/super_ws/install/px4_msgs/lib/python3.12/site-packages/px4_msgs/msg/_vehicle_optical_flow_vel_s.c\n'}
[2.045112] (px4_msgs) StdoutLine: {'line': b'-- Up-to-date symlink: /home/maxim/super_ws/install/px4_msgs/lib/python3.12/site-packages/px4_msgs/msg/_vehicle_rates_setpoint.py\n'}
[2.045195] (px4_msgs) StdoutLine: {'line': b'-- Up-to-date symlink: /home/maxim/super_ws/install/px4_msgs/lib/python3.12/site-packages/px4_msgs/msg/_vehicle_rates_setpoint_s.c\n'}
[2.045276] (px4_msgs) StdoutLine: {'line': b'-- Up-to-date symlink: /home/maxim/super_ws/install/px4_msgs/lib/python3.12/site-packages/px4_msgs/msg/_vehicle_roi.py\n'}
[2.045334] (px4_msgs) StdoutLine: {'line': b'-- Up-to-date symlink: /home/maxim/super_ws/install/px4_msgs/lib/python3.12/site-packages/px4_msgs/msg/_vehicle_roi_s.c\n'}
[2.045409] (px4_msgs) StdoutLine: {'line': b'-- Up-to-date symlink: /home/maxim/super_ws/install/px4_msgs/lib/python3.12/site-packages/px4_msgs/msg/_vehicle_status.py\n'}
[2.045479] (px4_msgs) StdoutLine: {'line': b'-- Up-to-date symlink: /home/maxim/super_ws/install/px4_msgs/lib/python3.12/site-packages/px4_msgs/msg/_vehicle_status_s.c\n'}
[2.045550] (px4_msgs) StdoutLine: {'line': b'-- Up-to-date symlink: /home/maxim/super_ws/install/px4_msgs/lib/python3.12/site-packages/px4_msgs/msg/_vehicle_thrust_setpoint.py\n'}
[2.045617] (px4_msgs) StdoutLine: {'line': b'-- Up-to-date symlink: /home/maxim/super_ws/install/px4_msgs/lib/python3.12/site-packages/px4_msgs/msg/_vehicle_thrust_setpoint_s.c\n'}
[2.045686] (px4_msgs) StdoutLine: {'line': b'-- Up-to-date symlink: /home/maxim/super_ws/install/px4_msgs/lib/python3.12/site-packages/px4_msgs/msg/_vehicle_torque_setpoint.py\n'}
[2.045752] (px4_msgs) StdoutLine: {'line': b'-- Up-to-date symlink: /home/maxim/super_ws/install/px4_msgs/lib/python3.12/site-packages/px4_msgs/msg/_vehicle_torque_setpoint_s.c\n'}
[2.045822] (px4_msgs) StdoutLine: {'line': b'-- Up-to-date symlink: /home/maxim/super_ws/install/px4_msgs/lib/python3.12/site-packages/px4_msgs/msg/_velocity_limits.py\n'}
[2.045894] (px4_msgs) StdoutLine: {'line': b'-- Up-to-date symlink: /home/maxim/super_ws/install/px4_msgs/lib/python3.12/site-packages/px4_msgs/msg/_velocity_limits_s.c\n'}
[2.046003] (px4_msgs) StdoutLine: {'line': b'-- Up-to-date symlink: /home/maxim/super_ws/install/px4_msgs/lib/python3.12/site-packages/px4_msgs/msg/_vte_aid_source1d.py\n'}
[2.046084] (px4_msgs) StdoutLine: {'line': b'-- Up-to-date symlink: /home/maxim/super_ws/install/px4_msgs/lib/python3.12/site-packages/px4_msgs/msg/_vte_aid_source1d_s.c\n'}
[2.046165] (px4_msgs) StdoutLine: {'line': b'-- Up-to-date symlink: /home/maxim/super_ws/install/px4_msgs/lib/python3.12/site-packages/px4_msgs/msg/_vte_aid_source3d.py\n'}
[2.046245] (px4_msgs) StdoutLine: {'line': b'-- Up-to-date symlink: /home/maxim/super_ws/install/px4_msgs/lib/python3.12/site-packages/px4_msgs/msg/_vte_aid_source3d_s.c\n'}
[2.046316] (px4_msgs) StdoutLine: {'line': b'-- Up-to-date symlink: /home/maxim/super_ws/install/px4_msgs/lib/python3.12/site-packages/px4_msgs/msg/_vte_bias_init_status.py\n'}
[2.046395] (px4_msgs) StdoutLine: {'line': b'-- Up-to-date symlink: /home/maxim/super_ws/install/px4_msgs/lib/python3.12/site-packages/px4_msgs/msg/_vte_bias_init_status_s.c\n'}
[2.046465] (px4_msgs) StdoutLine: {'line': b'-- Up-to-date symlink: /home/maxim/super_ws/install/px4_msgs/lib/python3.12/site-packages/px4_msgs/msg/_vte_input.py\n'}
[2.046531] (px4_msgs) StdoutLine: {'line': b'-- Up-to-date symlink: /home/maxim/super_ws/install/px4_msgs/lib/python3.12/site-packages/px4_msgs/msg/_vte_input_s.c\n'}
[2.046605] (px4_msgs) StdoutLine: {'line': b'-- Up-to-date symlink: /home/maxim/super_ws/install/px4_msgs/lib/python3.12/site-packages/px4_msgs/msg/_vte_orientation.py\n'}
[2.046675] (px4_msgs) StdoutLine: {'line': b'-- Up-to-date symlink: /home/maxim/super_ws/install/px4_msgs/lib/python3.12/site-packages/px4_msgs/msg/_vte_orientation_s.c\n'}
[2.046745] (px4_msgs) StdoutLine: {'line': b'-- Up-to-date symlink: /home/maxim/super_ws/install/px4_msgs/lib/python3.12/site-packages/px4_msgs/msg/_vte_position.py\n'}
[2.046815] (px4_msgs) StdoutLine: {'line': b'-- Up-to-date symlink: /home/maxim/super_ws/install/px4_msgs/lib/python3.12/site-packages/px4_msgs/msg/_vte_position_s.c\n'}
[2.046883] (px4_msgs) StdoutLine: {'line': b'-- Up-to-date symlink: /home/maxim/super_ws/install/px4_msgs/lib/python3.12/site-packages/px4_msgs/msg/_vtol_vehicle_status.py\n'}
[2.046948] (px4_msgs) StdoutLine: {'line': b'-- Up-to-date symlink: /home/maxim/super_ws/install/px4_msgs/lib/python3.12/site-packages/px4_msgs/msg/_vtol_vehicle_status_s.c\n'}
[2.047018] (px4_msgs) StdoutLine: {'line': b'-- Up-to-date symlink: /home/maxim/super_ws/install/px4_msgs/lib/python3.12/site-packages/px4_msgs/msg/_vtx.py\n'}
[2.047095] (px4_msgs) StdoutLine: {'line': b'-- Up-to-date symlink: /home/maxim/super_ws/install/px4_msgs/lib/python3.12/site-packages/px4_msgs/msg/_vtx_s.c\n'}
[2.047211] (px4_msgs) StdoutLine: {'line': b'-- Up-to-date symlink: /home/maxim/super_ws/install/px4_msgs/lib/python3.12/site-packages/px4_msgs/msg/_wheel_encoders.py\n'}
[2.047287] (px4_msgs) StdoutLine: {'line': b'-- Up-to-date symlink: /home/maxim/super_ws/install/px4_msgs/lib/python3.12/site-packages/px4_msgs/msg/_wheel_encoders_s.c\n'}
[2.047358] (px4_msgs) StdoutLine: {'line': b'-- Up-to-date symlink: /home/maxim/super_ws/install/px4_msgs/lib/python3.12/site-packages/px4_msgs/msg/_wind.py\n'}
[2.047447] (px4_msgs) StdoutLine: {'line': b'-- Up-to-date symlink: /home/maxim/super_ws/install/px4_msgs/lib/python3.12/site-packages/px4_msgs/msg/_wind_s.c\n'}
[2.047526] (px4_msgs) StdoutLine: {'line': b'-- Up-to-date symlink: /home/maxim/super_ws/install/px4_msgs/lib/python3.12/site-packages/px4_msgs/msg/_yaw_estimator_status.py\n'}
[2.047598] (px4_msgs) StdoutLine: {'line': b'-- Up-to-date symlink: /home/maxim/super_ws/install/px4_msgs/lib/python3.12/site-packages/px4_msgs/msg/_yaw_estimator_status_s.c\n'}
[2.047673] (px4_msgs) StdoutLine: {'line': b'-- Up-to-date symlink: /home/maxim/super_ws/install/px4_msgs/lib/python3.12/site-packages/px4_msgs/px4_msgs_s__rosidl_typesupport_c.so\n'}
[2.047745] (px4_msgs) StdoutLine: {'line': b'-- Up-to-date symlink: /home/maxim/super_ws/install/px4_msgs/lib/python3.12/site-packages/px4_msgs/px4_msgs_s__rosidl_typesupport_fastrtps_c.so\n'}
[2.047815] (px4_msgs) StdoutLine: {'line': b'-- Up-to-date symlink: /home/maxim/super_ws/install/px4_msgs/lib/python3.12/site-packages/px4_msgs/px4_msgs_s__rosidl_typesupport_introspection_c.so\n'}
[2.047888] (px4_msgs) StdoutLine: {'line': b'-- Up-to-date symlink: /home/maxim/super_ws/install/px4_msgs/lib/python3.12/site-packages/px4_msgs/srv/__init__.py\n'}
[2.047958] (px4_msgs) StdoutLine: {'line': b'-- Up-to-date symlink: /home/maxim/super_ws/install/px4_msgs/lib/python3.12/site-packages/px4_msgs/srv/_vehicle_command.py\n'}
[2.048028] (px4_msgs) StdoutLine: {'line': b'-- Up-to-date symlink: /home/maxim/super_ws/install/px4_msgs/lib/python3.12/site-packages/px4_msgs/srv/_vehicle_command_s.c\n'}
[2.048275] (px4_msgs) StdoutLine: {'line': b'-- Up-to-date symlink: /home/maxim/super_ws/install/px4_msgs/lib/python3.12/site-packages/px4_msgs/px4_msgs_s__rosidl_typesupport_fastrtps_c.so\n'}
[2.048494] (px4_msgs) StdoutLine: {'line': b'-- Up-to-date symlink: /home/maxim/super_ws/install/px4_msgs/lib/python3.12/site-packages/px4_msgs/px4_msgs_s__rosidl_typesupport_introspection_c.so\n'}
[2.048683] (px4_msgs) StdoutLine: {'line': b'-- Up-to-date symlink: /home/maxim/super_ws/install/px4_msgs/lib/python3.12/site-packages/px4_msgs/px4_msgs_s__rosidl_typesupport_c.so\n'}
[2.048848] (px4_msgs) StdoutLine: {'line': b'-- Up-to-date symlink: /home/maxim/super_ws/install/px4_msgs/share/ament_index/resource_index/rust_packages/px4_msgs\n'}
[2.049129] (px4_msgs) StdoutLine: {'line': b'-- Up-to-date symlink: /home/maxim/super_ws/install/px4_msgs/share/px4_msgs/rust/Cargo.toml\n'}
[2.049238] (px4_msgs) StdoutLine: {'line': b'-- Up-to-date symlink: /home/maxim/super_ws/install/px4_msgs/share/px4_msgs/rust/build.rs\n'}
[2.049330] (px4_msgs) StdoutLine: {'line': b'-- Up-to-date symlink: /home/maxim/super_ws/install/px4_msgs/share/px4_msgs/rust/src/lib.rs\n'}
[2.049407] (px4_msgs) StdoutLine: {'line': b'-- Up-to-date symlink: /home/maxim/super_ws/install/px4_msgs/share/px4_msgs/rust/src/msg.rs\n'}
[2.049479] (px4_msgs) StdoutLine: {'line': b'-- Up-to-date symlink: /home/maxim/super_ws/install/px4_msgs/share/px4_msgs/rust/src/msg/rmw.rs\n'}
[2.049539] (px4_msgs) StdoutLine: {'line': b'-- Up-to-date symlink: /home/maxim/super_ws/install/px4_msgs/share/px4_msgs/rust/src/srv.rs\n'}
[2.049605] (px4_msgs) StdoutLine: {'line': b'-- Up-to-date symlink: /home/maxim/super_ws/install/px4_msgs/share/px4_msgs/rust/src/srv/rmw.rs\n'}
[2.049671] (px4_msgs) StdoutLine: {'line': b'-- Up-to-date symlink: /home/maxim/super_ws/install/px4_msgs/share/px4_msgs/msg/ActionRequest.idl\n'}
[2.049791] (px4_msgs) StdoutLine: {'line': b'-- Up-to-date symlink: /home/maxim/super_ws/install/px4_msgs/share/px4_msgs/msg/ActuatorArmed.idl\n'}
[2.049956] (px4_msgs) StdoutLine: {'line': b'-- Up-to-date symlink: /home/maxim/super_ws/install/px4_msgs/share/px4_msgs/msg/ActuatorControlsStatus.idl\n'}
[2.050059] (px4_msgs) StdoutLine: {'line': b'-- Up-to-date symlink: /home/maxim/super_ws/install/px4_msgs/share/px4_msgs/msg/ActuatorMotors.idl\n'}
[2.050132] (px4_msgs) StdoutLine: {'line': b'-- Up-to-date symlink: /home/maxim/super_ws/install/px4_msgs/share/px4_msgs/msg/ActuatorOutputs.idl\n'}
[2.050300] (px4_msgs) StdoutLine: {'line': b'-- Up-to-date symlink: /home/maxim/super_ws/install/px4_msgs/share/px4_msgs/msg/ActuatorServos.idl\n'}
[2.050386] (px4_msgs) StdoutLine: {'line': b'-- Up-to-date symlink: /home/maxim/super_ws/install/px4_msgs/share/px4_msgs/msg/ActuatorServosTrim.idl\n'}
[2.050489] (px4_msgs) StdoutLine: {'line': b'-- Up-to-date symlink: /home/maxim/super_ws/install/px4_msgs/share/px4_msgs/msg/ActuatorTest.idl\n'}
[2.050618] (px4_msgs) StdoutLine: {'line': b'-- Up-to-date symlink: /home/maxim/super_ws/install/px4_msgs/share/px4_msgs/msg/AdcReport.idl\n'}
[2.050718] (px4_msgs) StdoutLine: {'line': b'-- Up-to-date symlink: /home/maxim/super_ws/install/px4_msgs/share/px4_msgs/msg/Airspeed.idl\n'}
[2.050845] (px4_msgs) StdoutLine: {'line': b'-- Up-to-date symlink: /home/maxim/super_ws/install/px4_msgs/share/px4_msgs/msg/AirspeedValidated.idl\n'}
[2.050963] (px4_msgs) StdoutLine: {'line': b'-- Up-to-date symlink: /home/maxim/super_ws/install/px4_msgs/share/px4_msgs/msg/AirspeedWind.idl\n'}
[2.051078] (px4_msgs) StdoutLine: {'line': b'-- Up-to-date symlink: /home/maxim/super_ws/install/px4_msgs/share/px4_msgs/msg/ArmingCheckReply.idl\n'}
[2.051188] (px4_msgs) StdoutLine: {'line': b'-- Up-to-date symlink: /home/maxim/super_ws/install/px4_msgs/share/px4_msgs/msg/ArmingCheckRequest.idl\n'}
[2.051268] (px4_msgs) StdoutLine: {'line': b'-- Up-to-date symlink: /home/maxim/super_ws/install/px4_msgs/share/px4_msgs/msg/AutotuneAttitudeControlStatus.idl\n'}
[2.051386] (px4_msgs) StdoutLine: {'line': b'-- Up-to-date symlink: /home/maxim/super_ws/install/px4_msgs/share/px4_msgs/msg/AuxGlobalPosition.idl\n'}
[2.051530] (px4_msgs) StdoutLine: {'line': b'-- Up-to-date symlink: /home/maxim/super_ws/install/px4_msgs/share/px4_msgs/msg/BatteryInfo.idl\n'}
[2.051646] (px4_msgs) StdoutLine: {'line': b'-- Up-to-date symlink: /home/maxim/super_ws/install/px4_msgs/share/px4_msgs/msg/BatteryStatus.idl\n'}
[2.051755] (px4_msgs) StdoutLine: {'line': b'-- Up-to-date symlink: /home/maxim/super_ws/install/px4_msgs/share/px4_msgs/msg/ButtonEvent.idl\n'}
[2.051902] (px4_msgs) StdoutLine: {'line': b'-- Up-to-date symlink: /home/maxim/super_ws/install/px4_msgs/share/px4_msgs/msg/CameraCapture.idl\n'}
[2.052031] (px4_msgs) StdoutLine: {'line': b'-- Up-to-date symlink: /home/maxim/super_ws/install/px4_msgs/share/px4_msgs/msg/CameraStatus.idl\n'}
[2.052183] (px4_msgs) StdoutLine: {'line': b'-- Up-to-date symlink: /home/maxim/super_ws/install/px4_msgs/share/px4_msgs/msg/CameraTrigger.idl\n'}
[2.052290] (px4_msgs) StdoutLine: {'line': b'-- Up-to-date symlink: /home/maxim/super_ws/install/px4_msgs/share/px4_msgs/msg/CanInterfaceStatus.idl\n'}
[2.052368] (px4_msgs) StdoutLine: {'line': b'-- Up-to-date symlink: /home/maxim/super_ws/install/px4_msgs/share/px4_msgs/msg/CellularStatus.idl\n'}
[2.052458] (px4_msgs) StdoutLine: {'line': b'-- Up-to-date symlink: /home/maxim/super_ws/install/px4_msgs/share/px4_msgs/msg/CollisionConstraints.idl\n'}
[2.052553] (px4_msgs) StdoutLine: {'line': b'-- Up-to-date symlink: /home/maxim/super_ws/install/px4_msgs/share/px4_msgs/msg/ConfigOverrides.idl\n'}
[2.052697] (px4_msgs) StdoutLine: {'line': b'-- Up-to-date symlink: /home/maxim/super_ws/install/px4_msgs/share/px4_msgs/msg/ControlAllocatorStatus.idl\n'}
[2.052811] (px4_msgs) StdoutLine: {'line': b'-- Up-to-date symlink: /home/maxim/super_ws/install/px4_msgs/share/px4_msgs/msg/Cpuload.idl\n'}
[2.052904] (px4_msgs) StdoutLine: {'line': b'-- Up-to-date symlink: /home/maxim/super_ws/install/px4_msgs/share/px4_msgs/msg/DatamanRequest.idl\n'}
[2.053010] (px4_msgs) StdoutLine: {'line': b'-- Up-to-date symlink: /home/maxim/super_ws/install/px4_msgs/share/px4_msgs/msg/DatamanResponse.idl\n'}
[2.053093] (px4_msgs) StdoutLine: {'line': b'-- Up-to-date symlink: /home/maxim/super_ws/install/px4_msgs/share/px4_msgs/msg/DebugArray.idl\n'}
[2.053206] (px4_msgs) StdoutLine: {'line': b'-- Up-to-date symlink: /home/maxim/super_ws/install/px4_msgs/share/px4_msgs/msg/DebugKeyValue.idl\n'}
[2.053320] (px4_msgs) StdoutLine: {'line': b'-- Up-to-date symlink: /home/maxim/super_ws/install/px4_msgs/share/px4_msgs/msg/DebugValue.idl\n'}
[2.053500] (px4_msgs) StdoutLine: {'line': b'-- Up-to-date symlink: /home/maxim/super_ws/install/px4_msgs/share/px4_msgs/msg/DebugVect.idl\n'}
[2.053573] (px4_msgs) StdoutLine: {'line': b'-- Up-to-date symlink: /home/maxim/super_ws/install/px4_msgs/share/px4_msgs/msg/DeviceInformation.idl\n'}
[2.053694] (px4_msgs) StdoutLine: {'line': b'-- Up-to-date symlink: /home/maxim/super_ws/install/px4_msgs/share/px4_msgs/msg/DifferentialPressure.idl\n'}
[2.053840] (px4_msgs) StdoutLine: {'line': b'-- Up-to-date symlink: /home/maxim/super_ws/install/px4_msgs/share/px4_msgs/msg/DistanceSensor.idl\n'}
[2.053952] (px4_msgs) StdoutLine: {'line': b'-- Up-to-date symlink: /home/maxim/super_ws/install/px4_msgs/share/px4_msgs/msg/DistanceSensorModeChangeRequest.idl\n'}
[2.054038] (px4_msgs) StdoutLine: {'line': b'-- Up-to-date symlink: /home/maxim/super_ws/install/px4_msgs/share/px4_msgs/msg/DronecanNodeStatus.idl\n'}
[2.054125] (px4_msgs) StdoutLine: {'line': b'-- Up-to-date symlink: /home/maxim/super_ws/install/px4_msgs/share/px4_msgs/msg/Ekf2Timestamps.idl\n'}
[2.054237] (px4_msgs) StdoutLine: {'line': b'-- Up-to-date symlink: /home/maxim/super_ws/install/px4_msgs/share/px4_msgs/msg/EscEepromRead.idl\n'}
[2.054352] (px4_msgs) StdoutLine: {'line': b'-- Up-to-date symlink: /home/maxim/super_ws/install/px4_msgs/share/px4_msgs/msg/EscEepromWrite.idl\n'}
[2.054498] (px4_msgs) StdoutLine: {'line': b'-- Up-to-date symlink: /home/maxim/super_ws/install/px4_msgs/share/px4_msgs/msg/EscReport.idl\n'}
[2.054639] (px4_msgs) StdoutLine: {'line': b'-- Up-to-date symlink: /home/maxim/super_ws/install/px4_msgs/share/px4_msgs/msg/EscStatus.idl\n'}
[2.054753] (px4_msgs) StdoutLine: {'line': b'-- Up-to-date symlink: /home/maxim/super_ws/install/px4_msgs/share/px4_msgs/msg/EstimatorAidSource1d.idl\n'}
[2.054861] (px4_msgs) StdoutLine: {'line': b'-- Up-to-date symlink: /home/maxim/super_ws/install/px4_msgs/share/px4_msgs/msg/EstimatorAidSource2d.idl\n'}
[2.054974] (px4_msgs) StdoutLine: {'line': b'-- Up-to-date symlink: /home/maxim/super_ws/install/px4_msgs/share/px4_msgs/msg/EstimatorAidSource3d.idl\n'}
[2.055059] (px4_msgs) StdoutLine: {'line': b'-- Up-to-date symlink: /home/maxim/super_ws/install/px4_msgs/share/px4_msgs/msg/EstimatorBias.idl\n'}
[2.055149] (px4_msgs) StdoutLine: {'line': b'-- Up-to-date symlink: /home/maxim/super_ws/install/px4_msgs/share/px4_msgs/msg/EstimatorBias3d.idl\n'}
[2.055261] (px4_msgs) StdoutLine: {'line': b'-- Up-to-date symlink: /home/maxim/super_ws/install/px4_msgs/share/px4_msgs/msg/EstimatorEventFlags.idl\n'}
[2.055377] (px4_msgs) StdoutLine: {'line': b'-- Up-to-date symlink: /home/maxim/super_ws/install/px4_msgs/share/px4_msgs/msg/EstimatorFusionControl.idl\n'}
[2.055493] (px4_msgs) StdoutLine: {'line': b'-- Up-to-date symlink: /home/maxim/super_ws/install/px4_msgs/share/px4_msgs/msg/EstimatorGpsStatus.idl\n'}
[2.055631] (px4_msgs) StdoutLine: {'line': b'-- Up-to-date symlink: /home/maxim/super_ws/install/px4_msgs/share/px4_msgs/msg/EstimatorInnovations.idl\n'}
[2.055721] (px4_msgs) StdoutLine: {'line': b'-- Up-to-date symlink: /home/maxim/super_ws/install/px4_msgs/share/px4_msgs/msg/EstimatorSelectorStatus.idl\n'}
[2.055839] (px4_msgs) StdoutLine: {'line': b'-- Up-to-date symlink: /home/maxim/super_ws/install/px4_msgs/share/px4_msgs/msg/EstimatorSensorBias.idl\n'}
[2.055952] (px4_msgs) StdoutLine: {'line': b'-- Up-to-date symlink: /home/maxim/super_ws/install/px4_msgs/share/px4_msgs/msg/EstimatorStates.idl\n'}
[2.056065] (px4_msgs) StdoutLine: {'line': b'-- Up-to-date symlink: /home/maxim/super_ws/install/px4_msgs/share/px4_msgs/msg/EstimatorStatus.idl\n'}
[2.056178] (px4_msgs) StdoutLine: {'line': b'-- Up-to-date symlink: /home/maxim/super_ws/install/px4_msgs/share/px4_msgs/msg/EstimatorStatusFlags.idl\n'}
[2.056293] (px4_msgs) StdoutLine: {'line': b'-- Up-to-date symlink: /home/maxim/super_ws/install/px4_msgs/share/px4_msgs/msg/Event.idl\n'}
[2.056414] (px4_msgs) StdoutLine: {'line': b'-- Up-to-date symlink: /home/maxim/super_ws/install/px4_msgs/share/px4_msgs/msg/FailsafeFlags.idl\n'}
[2.056527] (px4_msgs) StdoutLine: {'line': b'-- Up-to-date symlink: /home/maxim/super_ws/install/px4_msgs/share/px4_msgs/msg/FailureDetectorStatus.idl\n'}
[2.056664] (px4_msgs) StdoutLine: {'line': b'-- Up-to-date symlink: /home/maxim/super_ws/install/px4_msgs/share/px4_msgs/msg/FiducialMarkerPosReport.idl\n'}
[2.056753] (px4_msgs) StdoutLine: {'line': b'-- Up-to-date symlink: /home/maxim/super_ws/install/px4_msgs/share/px4_msgs/msg/FiducialMarkerYawReport.idl\n'}
[2.056868] (px4_msgs) StdoutLine: {'line': b'-- Up-to-date symlink: /home/maxim/super_ws/install/px4_msgs/share/px4_msgs/msg/FigureEightStatus.idl\n'}
[2.056983] (px4_msgs) StdoutLine: {'line': b'-- Up-to-date symlink: /home/maxim/super_ws/install/px4_msgs/share/px4_msgs/msg/FixedWingLateralGuidanceStatus.idl\n'}
[2.057098] (px4_msgs) StdoutLine: {'line': b'-- Up-to-date symlink: /home/maxim/super_ws/install/px4_msgs/share/px4_msgs/msg/FixedWingLateralSetpoint.idl\n'}
[2.057210] (px4_msgs) StdoutLine: {'line': b'-- Up-to-date symlink: /home/maxim/super_ws/install/px4_msgs/share/px4_msgs/msg/FixedWingLateralStatus.idl\n'}
[2.057325] (px4_msgs) StdoutLine: {'line': b'-- Up-to-date symlink: /home/maxim/super_ws/install/px4_msgs/share/px4_msgs/msg/FixedWingLongitudinalSetpoint.idl\n'}
[2.057474] (px4_msgs) StdoutLine: {'line': b'-- Up-to-date symlink: /home/maxim/super_ws/install/px4_msgs/share/px4_msgs/msg/FixedWingRunwayControl.idl\n'}
[2.057579] (px4_msgs) StdoutLine: {'line': b'-- Up-to-date symlink: /home/maxim/super_ws/install/px4_msgs/share/px4_msgs/msg/FlightPhaseEstimation.idl\n'}
[2.057669] (px4_msgs) StdoutLine: {'line': b'-- Up-to-date symlink: /home/maxim/super_ws/install/px4_msgs/share/px4_msgs/msg/FollowTarget.idl\n'}
[2.057782] (px4_msgs) StdoutLine: {'line': b'-- Up-to-date symlink: /home/maxim/super_ws/install/px4_msgs/share/px4_msgs/msg/FollowTargetEstimator.idl\n'}
[2.057920] (px4_msgs) StdoutLine: {'line': b'-- Up-to-date symlink: /home/maxim/super_ws/install/px4_msgs/share/px4_msgs/msg/FollowTargetStatus.idl\n'}
[2.058009] (px4_msgs) StdoutLine: {'line': b'-- Up-to-date symlink: /home/maxim/super_ws/install/px4_msgs/share/px4_msgs/msg/FuelTankStatus.idl\n'}
[2.058121] (px4_msgs) StdoutLine: {'line': b'-- Up-to-date symlink: /home/maxim/super_ws/install/px4_msgs/share/px4_msgs/msg/GainCompression.idl\n'}
[2.058235] (px4_msgs) StdoutLine: {'line': b'-- Up-to-date symlink: /home/maxim/super_ws/install/px4_msgs/share/px4_msgs/msg/GeneratorStatus.idl\n'}
[2.058348] (px4_msgs) StdoutLine: {'line': b'-- Up-to-date symlink: /home/maxim/super_ws/install/px4_msgs/share/px4_msgs/msg/GeofenceResult.idl\n'}
[2.058465] (px4_msgs) StdoutLine: {'line': b'-- Up-to-date symlink: /home/maxim/super_ws/install/px4_msgs/share/px4_msgs/msg/GeofenceStatus.idl\n'}
[2.058577] (px4_msgs) StdoutLine: {'line': b'-- Up-to-date symlink: /home/maxim/super_ws/install/px4_msgs/share/px4_msgs/msg/GimbalControls.idl\n'}
[2.058692] (px4_msgs) StdoutLine: {'line': b'-- Up-to-date symlink: /home/maxim/super_ws/install/px4_msgs/share/px4_msgs/msg/GimbalDeviceAttitudeStatus.idl\n'}
[2.058804] (px4_msgs) StdoutLine: {'line': b'-- Up-to-date symlink: /home/maxim/super_ws/install/px4_msgs/share/px4_msgs/msg/GimbalDeviceInformation.idl\n'}
[2.058917] (px4_msgs) StdoutLine: {'line': b'-- Up-to-date symlink: /home/maxim/super_ws/install/px4_msgs/share/px4_msgs/msg/GimbalDeviceSetAttitude.idl\n'}
[2.059032] (px4_msgs) StdoutLine: {'line': b'-- Up-to-date symlink: /home/maxim/super_ws/install/px4_msgs/share/px4_msgs/msg/GimbalManagerInformation.idl\n'}
[2.059143] (px4_msgs) StdoutLine: {'line': b'-- Up-to-date symlink: /home/maxim/super_ws/install/px4_msgs/share/px4_msgs/msg/GimbalManagerSetAttitude.idl\n'}
[2.059255] (px4_msgs) StdoutLine: {'line': b'-- Up-to-date symlink: /home/maxim/super_ws/install/px4_msgs/share/px4_msgs/msg/GimbalManagerSetManualControl.idl\n'}
[2.059373] (px4_msgs) StdoutLine: {'line': b'-- Up-to-date symlink: /home/maxim/super_ws/install/px4_msgs/share/px4_msgs/msg/GimbalManagerStatus.idl\n'}
[2.059515] (px4_msgs) StdoutLine: {'line': b'-- Up-to-date symlink: /home/maxim/super_ws/install/px4_msgs/share/px4_msgs/msg/GotoSetpoint.idl\n'}
[2.059603] (px4_msgs) StdoutLine: {'line': b'-- Up-to-date symlink: /home/maxim/super_ws/install/px4_msgs/share/px4_msgs/msg/GpioConfig.idl\n'}
[2.059714] (px4_msgs) StdoutLine: {'line': b'-- Up-to-date symlink: /home/maxim/super_ws/install/px4_msgs/share/px4_msgs/msg/GpioIn.idl\n'}
[2.059829] (px4_msgs) StdoutLine: {'line': b'-- Up-to-date symlink: /home/maxim/super_ws/install/px4_msgs/share/px4_msgs/msg/GpioOut.idl\n'}
[2.059940] (px4_msgs) StdoutLine: {'line': b'-- Up-to-date symlink: /home/maxim/super_ws/install/px4_msgs/share/px4_msgs/msg/GpioRequest.idl\n'}
[2.060054] (px4_msgs) StdoutLine: {'line': b'-- Up-to-date symlink: /home/maxim/super_ws/install/px4_msgs/share/px4_msgs/msg/GpsDump.idl\n'}
[2.060167] (px4_msgs) StdoutLine: {'line': b'-- Up-to-date symlink: /home/maxim/super_ws/install/px4_msgs/share/px4_msgs/msg/GpsInjectData.idl\n'}
[2.060280] (px4_msgs) StdoutLine: {'line': b'-- Up-to-date symlink: /home/maxim/super_ws/install/px4_msgs/share/px4_msgs/msg/Gripper.idl\n'}
[2.060399] (px4_msgs) StdoutLine: {'line': b'-- Up-to-date symlink: /home/maxim/super_ws/install/px4_msgs/share/px4_msgs/msg/HealthReport.idl\n'}
[2.060540] (px4_msgs) StdoutLine: {'line': b'-- Up-to-date symlink: /home/maxim/super_ws/install/px4_msgs/share/px4_msgs/msg/HeaterStatus.idl\n'}
[2.060652] (px4_msgs) StdoutLine: {'line': b'-- Up-to-date symlink: /home/maxim/super_ws/install/px4_msgs/share/px4_msgs/msg/HomePosition.idl\n'}
[2.060764] (px4_msgs) StdoutLine: {'line': b'-- Up-to-date symlink: /home/maxim/super_ws/install/px4_msgs/share/px4_msgs/msg/HoverThrustEstimate.idl\n'}
[2.060851] (px4_msgs) StdoutLine: {'line': b'-- Up-to-date symlink: /home/maxim/super_ws/install/px4_msgs/share/px4_msgs/msg/InputRc.idl\n'}
[2.061003] (px4_msgs) StdoutLine: {'line': b'-- Up-to-date symlink: /home/maxim/super_ws/install/px4_msgs/share/px4_msgs/msg/InternalCombustionEngineControl.idl\n'}
[2.061081] (px4_msgs) StdoutLine: {'line': b'-- Up-to-date symlink: /home/maxim/super_ws/install/px4_msgs/share/px4_msgs/msg/InternalCombustionEngineStatus.idl\n'}
[2.061268] (px4_msgs) StdoutLine: {'line': b'-- Up-to-date symlink: /home/maxim/super_ws/install/px4_msgs/share/px4_msgs/msg/IridiumsbdStatus.idl\n'}
[2.061378] (px4_msgs) StdoutLine: {'line': b'-- Up-to-date symlink: /home/maxim/super_ws/install/px4_msgs/share/px4_msgs/msg/IrlockReport.idl\n'}
[2.061502] (px4_msgs) StdoutLine: {'line': b'-- Up-to-date symlink: /home/maxim/super_ws/install/px4_msgs/share/px4_msgs/msg/LandingGear.idl\n'}
[2.061599] (px4_msgs) StdoutLine: {'line': b'-- Up-to-date symlink: /home/maxim/super_ws/install/px4_msgs/share/px4_msgs/msg/LandingGearWheel.idl\n'}
[2.061756] (px4_msgs) StdoutLine: {'line': b'-- Up-to-date symlink: /home/maxim/super_ws/install/px4_msgs/share/px4_msgs/msg/LandingTargetInnovations.idl\n'}
[2.061906] (px4_msgs) StdoutLine: {'line': b'-- Up-to-date symlink: /home/maxim/super_ws/install/px4_msgs/share/px4_msgs/msg/LandingTargetPose.idl\n'}
[2.062067] (px4_msgs) StdoutLine: {'line': b'-- Up-to-date symlink: /home/maxim/super_ws/install/px4_msgs/share/px4_msgs/msg/LateralControlConfiguration.idl\n'}
[2.062138] (px4_msgs) StdoutLine: {'line': b'-- Up-to-date symlink: /home/maxim/super_ws/install/px4_msgs/share/px4_msgs/msg/LaunchDetectionStatus.idl\n'}
[2.062212] (px4_msgs) StdoutLine: {'line': b'-- Up-to-date symlink: /home/maxim/super_ws/install/px4_msgs/share/px4_msgs/msg/LedControl.idl\n'}
[2.062287] (px4_msgs) StdoutLine: {'line': b'-- Up-to-date symlink: /home/maxim/super_ws/install/px4_msgs/share/px4_msgs/msg/LogMessage.idl\n'}
[2.062354] (px4_msgs) StdoutLine: {'line': b'-- Up-to-date symlink: /home/maxim/super_ws/install/px4_msgs/share/px4_msgs/msg/LoggerStatus.idl\n'}
[2.062496] (px4_msgs) StdoutLine: {'line': b'-- Up-to-date symlink: /home/maxim/super_ws/install/px4_msgs/share/px4_msgs/msg/LongitudinalControlConfiguration.idl\n'}
[2.062646] (px4_msgs) StdoutLine: {'line': b'-- Up-to-date symlink: /home/maxim/super_ws/install/px4_msgs/share/px4_msgs/msg/MagWorkerData.idl\n'}
[2.062796] (px4_msgs) StdoutLine: {'line': b'-- Up-to-date symlink: /home/maxim/super_ws/install/px4_msgs/share/px4_msgs/msg/MagnetometerBiasEstimate.idl\n'}
[2.062941] (px4_msgs) StdoutLine: {'line': b'-- Up-to-date symlink: /home/maxim/super_ws/install/px4_msgs/share/px4_msgs/msg/ManualControlSetpoint.idl\n'}
[2.063101] (px4_msgs) StdoutLine: {'line': b'-- Up-to-date symlink: /home/maxim/super_ws/install/px4_msgs/share/px4_msgs/msg/ManualControlSwitches.idl\n'}
[2.063181] (px4_msgs) StdoutLine: {'line': b'-- Up-to-date symlink: /home/maxim/super_ws/install/px4_msgs/share/px4_msgs/msg/MavlinkLog.idl\n'}
[2.063240] (px4_msgs) StdoutLine: {'line': b'-- Up-to-date symlink: /home/maxim/super_ws/install/px4_msgs/share/px4_msgs/msg/MavlinkTunnel.idl\n'}
[2.063312] (px4_msgs) StdoutLine: {'line': b'-- Up-to-date symlink: /home/maxim/super_ws/install/px4_msgs/share/px4_msgs/msg/MessageFormatRequest.idl\n'}
[2.063485] (px4_msgs) StdoutLine: {'line': b'-- Up-to-date symlink: /home/maxim/super_ws/install/px4_msgs/share/px4_msgs/msg/MessageFormatResponse.idl\n'}
[2.063592] (px4_msgs) StdoutLine: {'line': b'-- Up-to-date symlink: /home/maxim/super_ws/install/px4_msgs/share/px4_msgs/msg/Mission.idl\n'}
[2.063671] (px4_msgs) StdoutLine: {'line': b'-- Up-to-date symlink: /home/maxim/super_ws/install/px4_msgs/share/px4_msgs/msg/MissionResult.idl\n'}
[2.063759] (px4_msgs) StdoutLine: {'line': b'-- Up-to-date symlink: /home/maxim/super_ws/install/px4_msgs/share/px4_msgs/msg/ModeCompleted.idl\n'}
[2.063915] (px4_msgs) StdoutLine: {'line': b'-- Up-to-date symlink: /home/maxim/super_ws/install/px4_msgs/share/px4_msgs/msg/MountOrientation.idl\n'}
[2.064067] (px4_msgs) StdoutLine: {'line': b'-- Up-to-date symlink: /home/maxim/super_ws/install/px4_msgs/share/px4_msgs/msg/NavigatorMissionItem.idl\n'}
[2.064174] (px4_msgs) StdoutLine: {'line': b'-- Up-to-date symlink: /home/maxim/super_ws/install/px4_msgs/share/px4_msgs/msg/NavigatorStatus.idl\n'}
[2.064253] (px4_msgs) StdoutLine: {'line': b'-- Up-to-date symlink: /home/maxim/super_ws/install/px4_msgs/share/px4_msgs/msg/NeuralControl.idl\n'}
[2.064321] (px4_msgs) StdoutLine: {'line': b'-- Up-to-date symlink: /home/maxim/super_ws/install/px4_msgs/share/px4_msgs/msg/NormalizedUnsignedSetpoint.idl\n'}
[2.064513] (px4_msgs) StdoutLine: {'line': b'-- Up-to-date symlink: /home/maxim/super_ws/install/px4_msgs/share/px4_msgs/msg/ObstacleDistance.idl\n'}
[2.064660] (px4_msgs) StdoutLine: {'line': b'-- Up-to-date symlink: /home/maxim/super_ws/install/px4_msgs/share/px4_msgs/msg/OffboardControlMode.idl\n'}
[2.064779] (px4_msgs) StdoutLine: {'line': b'-- Up-to-date symlink: /home/maxim/super_ws/install/px4_msgs/share/px4_msgs/msg/OnboardComputerStatus.idl\n'}
[2.064843] (px4_msgs) StdoutLine: {'line': b'-- Up-to-date symlink: /home/maxim/super_ws/install/px4_msgs/share/px4_msgs/msg/OpenDroneIdArmStatus.idl\n'}
[2.064914] (px4_msgs) StdoutLine: {'line': b'-- Up-to-date symlink: /home/maxim/super_ws/install/px4_msgs/share/px4_msgs/msg/OpenDroneIdOperatorId.idl\n'}
[2.064985] (px4_msgs) StdoutLine: {'line': b'-- Up-to-date symlink: /home/maxim/super_ws/install/px4_msgs/share/px4_msgs/msg/OpenDroneIdSelfId.idl\n'}
[2.065097] (px4_msgs) StdoutLine: {'line': b'-- Up-to-date symlink: /home/maxim/super_ws/install/px4_msgs/share/px4_msgs/msg/OpenDroneIdSystem.idl\n'}
[2.065249] (px4_msgs) StdoutLine: {'line': b'-- Up-to-date symlink: /home/maxim/super_ws/install/px4_msgs/share/px4_msgs/msg/OrbTest.idl\n'}
[2.065360] (px4_msgs) StdoutLine: {'line': b'-- Up-to-date symlink: /home/maxim/super_ws/install/px4_msgs/share/px4_msgs/msg/OrbTestLarge.idl\n'}
[2.065515] (px4_msgs) StdoutLine: {'line': b'-- Up-to-date symlink: /home/maxim/super_ws/install/px4_msgs/share/px4_msgs/msg/OrbTestMedium.idl\n'}
[2.065624] (px4_msgs) StdoutLine: {'line': b'-- Up-to-date symlink: /home/maxim/super_ws/install/px4_msgs/share/px4_msgs/msg/OrbitStatus.idl\n'}
[2.065738] (px4_msgs) StdoutLine: {'line': b'-- Up-to-date symlink: /home/maxim/super_ws/install/px4_msgs/share/px4_msgs/msg/ParameterResetRequest.idl\n'}
[2.065816] (px4_msgs) StdoutLine: {'line': b'-- Up-to-date symlink: /home/maxim/super_ws/install/px4_msgs/share/px4_msgs/msg/ParameterSetUsedRequest.idl\n'}
[2.065928] (px4_msgs) StdoutLine: {'line': b'-- Up-to-date symlink: /home/maxim/super_ws/install/px4_msgs/share/px4_msgs/msg/ParameterSetValueRequest.idl\n'}
[2.066040] (px4_msgs) StdoutLine: {'line': b'-- Up-to-date symlink: /home/maxim/super_ws/install/px4_msgs/share/px4_msgs/msg/ParameterSetValueResponse.idl\n'}
[2.066165] (px4_msgs) StdoutLine: {'line': b'-- Up-to-date symlink: /home/maxim/super_ws/install/px4_msgs/share/px4_msgs/msg/ParameterUpdate.idl\n'}
[2.066240] (px4_msgs) StdoutLine: {'line': b'-- Up-to-date symlink: /home/maxim/super_ws/install/px4_msgs/share/px4_msgs/msg/Ping.idl\n'}
[2.066355] (px4_msgs) StdoutLine: {'line': b'-- Up-to-date symlink: /home/maxim/super_ws/install/px4_msgs/share/px4_msgs/msg/PositionControllerLandingStatus.idl\n'}
[2.066548] (px4_msgs) StdoutLine: {'line': b'-- Up-to-date symlink: /home/maxim/super_ws/install/px4_msgs/share/px4_msgs/msg/PositionControllerStatus.idl\n'}
[2.066623] (px4_msgs) StdoutLine: {'line': b'-- Up-to-date symlink: /home/maxim/super_ws/install/px4_msgs/share/px4_msgs/msg/PositionSetpoint.idl\n'}
[2.066741] (px4_msgs) StdoutLine: {'line': b'-- Up-to-date symlink: /home/maxim/super_ws/install/px4_msgs/share/px4_msgs/msg/PositionSetpointTriplet.idl\n'}
[2.066844] (px4_msgs) StdoutLine: {'line': b'-- Up-to-date symlink: /home/maxim/super_ws/install/px4_msgs/share/px4_msgs/msg/PowerButtonState.idl\n'}
[2.066929] (px4_msgs) StdoutLine: {'line': b'-- Up-to-date symlink: /home/maxim/super_ws/install/px4_msgs/share/px4_msgs/msg/PowerMonitor.idl\n'}
[2.067042] (px4_msgs) StdoutLine: {'line': b'-- Up-to-date symlink: /home/maxim/super_ws/install/px4_msgs/share/px4_msgs/msg/PpsCapture.idl\n'}
[2.067155] (px4_msgs) StdoutLine: {'line': b'-- Up-to-date symlink: /home/maxim/super_ws/install/px4_msgs/share/px4_msgs/msg/PrecLandStatus.idl\n'}
[2.067295] (px4_msgs) StdoutLine: {'line': b'-- Up-to-date symlink: /home/maxim/super_ws/install/px4_msgs/share/px4_msgs/msg/PurePursuitStatus.idl\n'}
[2.067387] (px4_msgs) StdoutLine: {'line': b'-- Up-to-date symlink: /home/maxim/super_ws/install/px4_msgs/share/px4_msgs/msg/PwmInput.idl\n'}
[2.067528] (px4_msgs) StdoutLine: {'line': b'-- Up-to-date symlink: /home/maxim/super_ws/install/px4_msgs/share/px4_msgs/msg/Px4ioStatus.idl\n'}
[2.067678] (px4_msgs) StdoutLine: {'line': b'-- Up-to-date symlink: /home/maxim/super_ws/install/px4_msgs/share/px4_msgs/msg/QshellReq.idl\n'}
[2.067777] (px4_msgs) StdoutLine: {'line': b'-- Up-to-date symlink: /home/maxim/super_ws/install/px4_msgs/share/px4_msgs/msg/QshellRetval.idl\n'}
[2.067862] (px4_msgs) StdoutLine: {'line': b'-- Up-to-date symlink: /home/maxim/super_ws/install/px4_msgs/share/px4_msgs/msg/RadioStatus.idl\n'}
[2.067993] (px4_msgs) StdoutLine: {'line': b'-- Up-to-date symlink: /home/maxim/super_ws/install/px4_msgs/share/px4_msgs/msg/RangingBeacon.idl\n'}
[2.068090] (px4_msgs) StdoutLine: {'line': b'-- Up-to-date symlink: /home/maxim/super_ws/install/px4_msgs/share/px4_msgs/msg/RaptorInput.idl\n'}
[2.068221] (px4_msgs) StdoutLine: {'line': b'-- Up-to-date symlink: /home/maxim/super_ws/install/px4_msgs/share/px4_msgs/msg/RaptorStatus.idl\n'}
[2.068317] (px4_msgs) StdoutLine: {'line': b'-- Up-to-date symlink: /home/maxim/super_ws/install/px4_msgs/share/px4_msgs/msg/RateCtrlStatus.idl\n'}
[2.068488] (px4_msgs) StdoutLine: {'line': b'-- Up-to-date symlink: /home/maxim/super_ws/install/px4_msgs/share/px4_msgs/msg/RcChannels.idl\n'}
[2.068595] (px4_msgs) StdoutLine: {'line': b'-- Up-to-date symlink: /home/maxim/super_ws/install/px4_msgs/share/px4_msgs/msg/RcParameterMap.idl\n'}
[2.068701] (px4_msgs) StdoutLine: {'line': b'-- Up-to-date symlink: /home/maxim/super_ws/install/px4_msgs/share/px4_msgs/msg/RegisterExtComponentReply.idl\n'}
[2.068782] (px4_msgs) StdoutLine: {'line': b'-- Up-to-date symlink: /home/maxim/super_ws/install/px4_msgs/share/px4_msgs/msg/RegisterExtComponentRequest.idl\n'}
[2.068875] (px4_msgs) StdoutLine: {'line': b'-- Up-to-date symlink: /home/maxim/super_ws/install/px4_msgs/share/px4_msgs/msg/RoverAttitudeSetpoint.idl\n'}
[2.068989] (px4_msgs) StdoutLine: {'line': b'-- Up-to-date symlink: /home/maxim/super_ws/install/px4_msgs/share/px4_msgs/msg/RoverAttitudeStatus.idl\n'}
[2.069103] (px4_msgs) StdoutLine: {'line': b'-- Up-to-date symlink: /home/maxim/super_ws/install/px4_msgs/share/px4_msgs/msg/RoverPositionSetpoint.idl\n'}
[2.069245] (px4_msgs) StdoutLine: {'line': b'-- Up-to-date symlink: /home/maxim/super_ws/install/px4_msgs/share/px4_msgs/msg/RoverRateSetpoint.idl\n'}
[2.069333] (px4_msgs) StdoutLine: {'line': b'-- Up-to-date symlink: /home/maxim/super_ws/install/px4_msgs/share/px4_msgs/msg/RoverRateStatus.idl\n'}
[2.069480] (px4_msgs) StdoutLine: {'line': b'-- Up-to-date symlink: /home/maxim/super_ws/install/px4_msgs/share/px4_msgs/msg/RoverSpeedSetpoint.idl\n'}
[2.069595] (px4_msgs) StdoutLine: {'line': b'-- Up-to-date symlink: /home/maxim/super_ws/install/px4_msgs/share/px4_msgs/msg/RoverSpeedStatus.idl\n'}
[2.069679] (px4_msgs) StdoutLine: {'line': b'-- Up-to-date symlink: /home/maxim/super_ws/install/px4_msgs/share/px4_msgs/msg/RoverSteeringSetpoint.idl\n'}
[2.069792] (px4_msgs) StdoutLine: {'line': b'-- Up-to-date symlink: /home/maxim/super_ws/install/px4_msgs/share/px4_msgs/msg/RoverThrottleSetpoint.idl\n'}
[2.069909] (px4_msgs) StdoutLine: {'line': b'-- Up-to-date symlink: /home/maxim/super_ws/install/px4_msgs/share/px4_msgs/msg/Rpm.idl\n'}
[2.070049] (px4_msgs) StdoutLine: {'line': b'-- Up-to-date symlink: /home/maxim/super_ws/install/px4_msgs/share/px4_msgs/msg/RtlStatus.idl\n'}
[2.070163] (px4_msgs) StdoutLine: {'line': b'-- Up-to-date symlink: /home/maxim/super_ws/install/px4_msgs/share/px4_msgs/msg/RtlTimeEstimate.idl\n'}
[2.070251] (px4_msgs) StdoutLine: {'line': b'-- Up-to-date symlink: /home/maxim/super_ws/install/px4_msgs/share/px4_msgs/msg/SatelliteInfo.idl\n'}
[2.070365] (px4_msgs) StdoutLine: {'line': b'-- Up-to-date symlink: /home/maxim/super_ws/install/px4_msgs/share/px4_msgs/msg/SensorAccel.idl\n'}
[2.070508] (px4_msgs) StdoutLine: {'line': b'-- Up-to-date symlink: /home/maxim/super_ws/install/px4_msgs/share/px4_msgs/msg/SensorAccelFifo.idl\n'}
[2.070597] (px4_msgs) StdoutLine: {'line': b'-- Up-to-date symlink: /home/maxim/super_ws/install/px4_msgs/share/px4_msgs/msg/SensorAirflow.idl\n'}
[2.070738] (px4_msgs) StdoutLine: {'line': b'-- Up-to-date symlink: /home/maxim/super_ws/install/px4_msgs/share/px4_msgs/msg/SensorBaro.idl\n'}
[2.070823] (px4_msgs) StdoutLine: {'line': b'-- Up-to-date symlink: /home/maxim/super_ws/install/px4_msgs/share/px4_msgs/msg/SensorCombined.idl\n'}
[2.070965] (px4_msgs) StdoutLine: {'line': b'-- Up-to-date symlink: /home/maxim/super_ws/install/px4_msgs/share/px4_msgs/msg/SensorCorrection.idl\n'}
[2.071050] (px4_msgs) StdoutLine: {'line': b'-- Up-to-date symlink: /home/maxim/super_ws/install/px4_msgs/share/px4_msgs/msg/SensorGnssRelative.idl\n'}
[2.071162] (px4_msgs) StdoutLine: {'line': b'-- Up-to-date symlink: /home/maxim/super_ws/install/px4_msgs/share/px4_msgs/msg/SensorGnssStatus.idl\n'}
[2.071275] (px4_msgs) StdoutLine: {'line': b'-- Up-to-date symlink: /home/maxim/super_ws/install/px4_msgs/share/px4_msgs/msg/SensorGps.idl\n'}
[2.071393] (px4_msgs) StdoutLine: {'line': b'-- Up-to-date symlink: /home/maxim/super_ws/install/px4_msgs/share/px4_msgs/msg/SensorGyro.idl\n'}
[2.071530] (px4_msgs) StdoutLine: {'line': b'-- Up-to-date symlink: /home/maxim/super_ws/install/px4_msgs/share/px4_msgs/msg/SensorGyroFft.idl\n'}
[2.071620] (px4_msgs) StdoutLine: {'line': b'-- Up-to-date symlink: /home/maxim/super_ws/install/px4_msgs/share/px4_msgs/msg/SensorGyroFifo.idl\n'}
[2.071731] (px4_msgs) StdoutLine: {'line': b'-- Up-to-date symlink: /home/maxim/super_ws/install/px4_msgs/share/px4_msgs/msg/SensorHygrometer.idl\n'}
[2.071845] (px4_msgs) StdoutLine: {'line': b'-- Up-to-date symlink: /home/maxim/super_ws/install/px4_msgs/share/px4_msgs/msg/SensorMag.idl\n'}
[2.071957] (px4_msgs) StdoutLine: {'line': b'-- Up-to-date symlink: /home/maxim/super_ws/install/px4_msgs/share/px4_msgs/msg/SensorOpticalFlow.idl\n'}
[2.072069] (px4_msgs) StdoutLine: {'line': b'-- Up-to-date symlink: /home/maxim/super_ws/install/px4_msgs/share/px4_msgs/msg/SensorPreflightMag.idl\n'}
[2.072183] (px4_msgs) StdoutLine: {'line': b'-- Up-to-date symlink: /home/maxim/super_ws/install/px4_msgs/share/px4_msgs/msg/SensorSelection.idl\n'}
[2.072295] (px4_msgs) StdoutLine: {'line': b'-- Up-to-date symlink: /home/maxim/super_ws/install/px4_msgs/share/px4_msgs/msg/SensorTemp.idl\n'}
[2.072439] (px4_msgs) StdoutLine: {'line': b'-- Up-to-date symlink: /home/maxim/super_ws/install/px4_msgs/share/px4_msgs/msg/SensorUwb.idl\n'}
[2.072555] (px4_msgs) StdoutLine: {'line': b'-- Up-to-date symlink: /home/maxim/super_ws/install/px4_msgs/share/px4_msgs/msg/SensorsStatus.idl\n'}
[2.072670] (px4_msgs) StdoutLine: {'line': b'-- Up-to-date symlink: /home/maxim/super_ws/install/px4_msgs/share/px4_msgs/msg/SensorsStatusImu.idl\n'}
[2.072779] (px4_msgs) StdoutLine: {'line': b'-- Up-to-date symlink: /home/maxim/super_ws/install/px4_msgs/share/px4_msgs/msg/SystemPower.idl\n'}
[2.072862] (px4_msgs) StdoutLine: {'line': b'-- Up-to-date symlink: /home/maxim/super_ws/install/px4_msgs/share/px4_msgs/msg/TakeoffStatus.idl\n'}
[2.072976] (px4_msgs) StdoutLine: {'line': b'-- Up-to-date symlink: /home/maxim/super_ws/install/px4_msgs/share/px4_msgs/msg/TargetGnss.idl\n'}
[2.073088] (px4_msgs) StdoutLine: {'line': b'-- Up-to-date symlink: /home/maxim/super_ws/install/px4_msgs/share/px4_msgs/msg/TaskStackInfo.idl\n'}
[2.073229] (px4_msgs) StdoutLine: {'line': b'-- Up-to-date symlink: /home/maxim/super_ws/install/px4_msgs/share/px4_msgs/msg/TecsStatus.idl\n'}
[2.073314] (px4_msgs) StdoutLine: {'line': b'-- Up-to-date symlink: /home/maxim/super_ws/install/px4_msgs/share/px4_msgs/msg/TelemetryStatus.idl\n'}
[2.073435] (px4_msgs) StdoutLine: {'line': b'-- Up-to-date symlink: /home/maxim/super_ws/install/px4_msgs/share/px4_msgs/msg/TiltrotorExtraControls.idl\n'}
[2.073614] (px4_msgs) StdoutLine: {'line': b'-- Up-to-date symlink: /home/maxim/super_ws/install/px4_msgs/share/px4_msgs/msg/TimesyncStatus.idl\n'}
[2.073702] (px4_msgs) StdoutLine: {'line': b'-- Up-to-date symlink: /home/maxim/super_ws/install/px4_msgs/share/px4_msgs/msg/TrajectorySetpoint.idl\n'}
[2.073816] (px4_msgs) StdoutLine: {'line': b'-- Up-to-date symlink: /home/maxim/super_ws/install/px4_msgs/share/px4_msgs/msg/TrajectorySetpoint6dof.idl\n'}
[2.073932] (px4_msgs) StdoutLine: {'line': b'-- Up-to-date symlink: /home/maxim/super_ws/install/px4_msgs/share/px4_msgs/msg/TransponderReport.idl\n'}
[2.074008] (px4_msgs) StdoutLine: {'line': b'-- Up-to-date symlink: /home/maxim/super_ws/install/px4_msgs/share/px4_msgs/msg/TuneControl.idl\n'}
[2.074120] (px4_msgs) StdoutLine: {'line': b'-- Up-to-date symlink: /home/maxim/super_ws/install/px4_msgs/share/px4_msgs/msg/UavcanParameterRequest.idl\n'}
[2.074263] (px4_msgs) StdoutLine: {'line': b'-- Up-to-date symlink: /home/maxim/super_ws/install/px4_msgs/share/px4_msgs/msg/UavcanParameterValue.idl\n'}
[2.074347] (px4_msgs) StdoutLine: {'line': b'-- Up-to-date symlink: /home/maxim/super_ws/install/px4_msgs/share/px4_msgs/msg/UlogStream.idl\n'}
[2.074506] (px4_msgs) StdoutLine: {'line': b'-- Up-to-date symlink: /home/maxim/super_ws/install/px4_msgs/share/px4_msgs/msg/UlogStreamAck.idl\n'}
[2.074624] (px4_msgs) StdoutLine: {'line': b'-- Up-to-date symlink: /home/maxim/super_ws/install/px4_msgs/share/px4_msgs/msg/UnregisterExtComponent.idl\n'}
[2.074723] (px4_msgs) StdoutLine: {'line': b'-- Up-to-date symlink: /home/maxim/super_ws/install/px4_msgs/share/px4_msgs/msg/VehicleAcceleration.idl\n'}
[2.074880] (px4_msgs) StdoutLine: {'line': b'-- Up-to-date symlink: /home/maxim/super_ws/install/px4_msgs/share/px4_msgs/msg/VehicleAirData.idl\n'}
[2.074992] (px4_msgs) StdoutLine: {'line': b'-- Up-to-date symlink: /home/maxim/super_ws/install/px4_msgs/share/px4_msgs/msg/VehicleAngularAccelerationSetpoint.idl\n'}
[2.075075] (px4_msgs) StdoutLine: {'line': b'-- Up-to-date symlink: /home/maxim/super_ws/install/px4_msgs/share/px4_msgs/msg/VehicleAngularVelocity.idl\n'}
[2.075189] (px4_msgs) StdoutLine: {'line': b'-- Up-to-date symlink: /home/maxim/super_ws/install/px4_msgs/share/px4_msgs/msg/VehicleAttitude.idl\n'}
[2.075311] (px4_msgs) StdoutLine: {'line': b'-- Up-to-date symlink: /home/maxim/super_ws/install/px4_msgs/share/px4_msgs/msg/VehicleAttitudeSetpoint.idl\n'}
[2.075392] (px4_msgs) StdoutLine: {'line': b'-- Up-to-date symlink: /home/maxim/super_ws/install/px4_msgs/share/px4_msgs/msg/VehicleCommand.idl\n'}
[2.075529] (px4_msgs) StdoutLine: {'line': b'-- Up-to-date symlink: /home/maxim/super_ws/install/px4_msgs/share/px4_msgs/msg/VehicleCommandAck.idl\n'}
[2.075679] (px4_msgs) StdoutLine: {'line': b'-- Up-to-date symlink: /home/maxim/super_ws/install/px4_msgs/share/px4_msgs/msg/VehicleConstraints.idl\n'}
[2.075819] (px4_msgs) StdoutLine: {'line': b'-- Up-to-date symlink: /home/maxim/super_ws/install/px4_msgs/share/px4_msgs/msg/VehicleControlMode.idl\n'}
[2.075921] (px4_msgs) StdoutLine: {'line': b'-- Up-to-date symlink: /home/maxim/super_ws/install/px4_msgs/share/px4_msgs/msg/VehicleGlobalPosition.idl\n'}
[2.075996] (px4_msgs) StdoutLine: {'line': b'-- Up-to-date symlink: /home/maxim/super_ws/install/px4_msgs/share/px4_msgs/msg/VehicleImu.idl\n'}
[2.076128] (px4_msgs) StdoutLine: {'line': b'-- Up-to-date symlink: /home/maxim/super_ws/install/px4_msgs/share/px4_msgs/msg/VehicleImuStatus.idl\n'}
[2.076242] (px4_msgs) StdoutLine: {'line': b'-- Up-to-date symlink: /home/maxim/super_ws/install/px4_msgs/share/px4_msgs/msg/VehicleLandDetected.idl\n'}
[2.076319] (px4_msgs) StdoutLine: {'line': b'-- Up-to-date symlink: /home/maxim/super_ws/install/px4_msgs/share/px4_msgs/msg/VehicleLocalPosition.idl\n'}
[2.076471] (px4_msgs) StdoutLine: {'line': b'-- Up-to-date symlink: /home/maxim/super_ws/install/px4_msgs/share/px4_msgs/msg/VehicleLocalPositionSetpoint.idl\n'}
[2.076578] (px4_msgs) StdoutLine: {'line': b'-- Up-to-date symlink: /home/maxim/super_ws/install/px4_msgs/share/px4_msgs/msg/VehicleMagnetometer.idl\n'}
[2.076688] (px4_msgs) StdoutLine: {'line': b'-- Up-to-date symlink: /home/maxim/super_ws/install/px4_msgs/share/px4_msgs/msg/VehicleOdometry.idl\n'}
[2.076800] (px4_msgs) StdoutLine: {'line': b'-- Up-to-date symlink: /home/maxim/super_ws/install/px4_msgs/share/px4_msgs/msg/VehicleOpticalFlow.idl\n'}
[2.076875] (px4_msgs) StdoutLine: {'line': b'-- Up-to-date symlink: /home/maxim/super_ws/install/px4_msgs/share/px4_msgs/msg/VehicleOpticalFlowVel.idl\n'}
[2.076978] (px4_msgs) StdoutLine: {'line': b'-- Up-to-date symlink: /home/maxim/super_ws/install/px4_msgs/share/px4_msgs/msg/VehicleRatesSetpoint.idl\n'}
[2.077090] (px4_msgs) StdoutLine: {'line': b'-- Up-to-date symlink: /home/maxim/super_ws/install/px4_msgs/share/px4_msgs/msg/VehicleRoi.idl\n'}
[2.077203] (px4_msgs) StdoutLine: {'line': b'-- Up-to-date symlink: /home/maxim/super_ws/install/px4_msgs/share/px4_msgs/msg/VehicleStatus.idl\n'}
[2.077319] (px4_msgs) StdoutLine: {'line': b'-- Up-to-date symlink: /home/maxim/super_ws/install/px4_msgs/share/px4_msgs/msg/VehicleThrustSetpoint.idl\n'}
[2.077497] (px4_msgs) StdoutLine: {'line': b'-- Up-to-date symlink: /home/maxim/super_ws/install/px4_msgs/share/px4_msgs/msg/VehicleTorqueSetpoint.idl\n'}
[2.077611] (px4_msgs) StdoutLine: {'line': b'-- Up-to-date symlink: /home/maxim/super_ws/install/px4_msgs/share/px4_msgs/msg/VelocityLimits.idl\n'}
[2.077724] (px4_msgs) StdoutLine: {'line': b'-- Up-to-date symlink: /home/maxim/super_ws/install/px4_msgs/share/px4_msgs/msg/VteAidSource1d.idl\n'}
[2.077838] (px4_msgs) StdoutLine: {'line': b'-- Up-to-date symlink: /home/maxim/super_ws/install/px4_msgs/share/px4_msgs/msg/VteAidSource3d.idl\n'}
[2.077958] (px4_msgs) StdoutLine: {'line': b'-- Up-to-date symlink: /home/maxim/super_ws/install/px4_msgs/share/px4_msgs/msg/VteBiasInitStatus.idl\n'}
[2.078073] (px4_msgs) StdoutLine: {'line': b'-- Up-to-date symlink: /home/maxim/super_ws/install/px4_msgs/share/px4_msgs/msg/VteInput.idl\n'}
[2.078150] (px4_msgs) StdoutLine: {'line': b'-- Up-to-date symlink: /home/maxim/super_ws/install/px4_msgs/share/px4_msgs/msg/VteOrientation.idl\n'}
[2.078235] (px4_msgs) StdoutLine: {'line': b'-- Up-to-date symlink: /home/maxim/super_ws/install/px4_msgs/share/px4_msgs/msg/VtePosition.idl\n'}
[2.078348] (px4_msgs) StdoutLine: {'line': b'-- Up-to-date symlink: /home/maxim/super_ws/install/px4_msgs/share/px4_msgs/msg/VtolVehicleStatus.idl\n'}
[2.078536] (px4_msgs) StdoutLine: {'line': b'-- Up-to-date symlink: /home/maxim/super_ws/install/px4_msgs/share/px4_msgs/msg/Vtx.idl\n'}
[2.078653] (px4_msgs) StdoutLine: {'line': b'-- Up-to-date symlink: /home/maxim/super_ws/install/px4_msgs/share/px4_msgs/msg/WheelEncoders.idl\n'}
[2.078765] (px4_msgs) StdoutLine: {'line': b'-- Up-to-date symlink: /home/maxim/super_ws/install/px4_msgs/share/px4_msgs/msg/Wind.idl\n'}
[2.078872] (px4_msgs) StdoutLine: {'line': b'-- Up-to-date symlink: /home/maxim/super_ws/install/px4_msgs/share/px4_msgs/msg/YawEstimatorStatus.idl\n'}
[2.078947] (px4_msgs) StdoutLine: {'line': b'-- Up-to-date symlink: /home/maxim/super_ws/install/px4_msgs/share/px4_msgs/srv/VehicleCommand.idl\n'}
[2.079036] (px4_msgs) StdoutLine: {'line': b'-- Up-to-date symlink: /home/maxim/super_ws/install/px4_msgs/share/px4_msgs/msg/ActionRequest.msg\n'}
[2.079145] (px4_msgs) StdoutLine: {'line': b'-- Up-to-date symlink: /home/maxim/super_ws/install/px4_msgs/share/px4_msgs/msg/ActuatorArmed.msg\n'}
[2.079257] (px4_msgs) StdoutLine: {'line': b'-- Up-to-date symlink: /home/maxim/super_ws/install/px4_msgs/share/px4_msgs/msg/ActuatorControlsStatus.msg\n'}
[2.079410] (px4_msgs) StdoutLine: {'line': b'-- Up-to-date symlink: /home/maxim/super_ws/install/px4_msgs/share/px4_msgs/msg/ActuatorMotors.msg\n'}
[2.079520] (px4_msgs) StdoutLine: {'line': b'-- Up-to-date symlink: /home/maxim/super_ws/install/px4_msgs/share/px4_msgs/msg/ActuatorOutputs.msg\n'}
[2.079630] (px4_msgs) StdoutLine: {'line': b'-- Up-to-date symlink: /home/maxim/super_ws/install/px4_msgs/share/px4_msgs/msg/ActuatorServos.msg\n'}
[2.079748] (px4_msgs) StdoutLine: {'line': b'-- Up-to-date symlink: /home/maxim/super_ws/install/px4_msgs/share/px4_msgs/msg/ActuatorServosTrim.msg\n'}
[2.079889] (px4_msgs) StdoutLine: {'line': b'-- Up-to-date symlink: /home/maxim/super_ws/install/px4_msgs/share/px4_msgs/msg/ActuatorTest.msg\n'}
[2.079993] (px4_msgs) StdoutLine: {'line': b'-- Up-to-date symlink: /home/maxim/super_ws/install/px4_msgs/share/px4_msgs/msg/AdcReport.msg\n'}
[2.080070] (px4_msgs) StdoutLine: {'line': b'-- Up-to-date symlink: /home/maxim/super_ws/install/px4_msgs/share/px4_msgs/msg/Airspeed.msg\n'}
[2.080143] (px4_msgs) StdoutLine: {'line': b'-- Up-to-date symlink: /home/maxim/super_ws/install/px4_msgs/share/px4_msgs/msg/AirspeedValidated.msg\n'}
[2.080289] (px4_msgs) StdoutLine: {'line': b'-- Up-to-date symlink: /home/maxim/super_ws/install/px4_msgs/share/px4_msgs/msg/AirspeedWind.msg\n'}
[2.080362] (px4_msgs) StdoutLine: {'line': b'-- Up-to-date symlink: /home/maxim/super_ws/install/px4_msgs/share/px4_msgs/msg/ArmingCheckReply.msg\n'}
[2.080516] (px4_msgs) StdoutLine: {'line': b'-- Up-to-date symlink: /home/maxim/super_ws/install/px4_msgs/share/px4_msgs/msg/ArmingCheckRequest.msg\n'}
[2.080660] (px4_msgs) StdoutLine: {'line': b'-- Up-to-date symlink: /home/maxim/super_ws/install/px4_msgs/share/px4_msgs/msg/AutotuneAttitudeControlStatus.msg\n'}
[2.080769] (px4_msgs) StdoutLine: {'line': b'-- Up-to-date symlink: /home/maxim/super_ws/install/px4_msgs/share/px4_msgs/msg/AuxGlobalPosition.msg\n'}
[2.080848] (px4_msgs) StdoutLine: {'line': b'-- Up-to-date symlink: /home/maxim/super_ws/install/px4_msgs/share/px4_msgs/msg/BatteryInfo.msg\n'}
[2.080919] (px4_msgs) StdoutLine: {'line': b'-- Up-to-date symlink: /home/maxim/super_ws/install/px4_msgs/share/px4_msgs/msg/BatteryStatus.msg\n'}
[2.081055] (px4_msgs) StdoutLine: {'line': b'-- Up-to-date symlink: /home/maxim/super_ws/install/px4_msgs/share/px4_msgs/msg/ButtonEvent.msg\n'}
[2.081209] (px4_msgs) StdoutLine: {'line': b'-- Up-to-date symlink: /home/maxim/super_ws/install/px4_msgs/share/px4_msgs/msg/CameraCapture.msg\n'}
[2.081321] (px4_msgs) StdoutLine: {'line': b'-- Up-to-date symlink: /home/maxim/super_ws/install/px4_msgs/share/px4_msgs/msg/CameraStatus.msg\n'}
[2.081444] (px4_msgs) StdoutLine: {'line': b'-- Up-to-date symlink: /home/maxim/super_ws/install/px4_msgs/share/px4_msgs/msg/CameraTrigger.msg\n'}
[2.081545] (px4_msgs) StdoutLine: {'line': b'-- Up-to-date symlink: /home/maxim/super_ws/install/px4_msgs/share/px4_msgs/msg/CanInterfaceStatus.msg\n'}
[2.081621] (px4_msgs) StdoutLine: {'line': b'-- Up-to-date symlink: /home/maxim/super_ws/install/px4_msgs/share/px4_msgs/msg/CellularStatus.msg\n'}
[2.081692] (px4_msgs) StdoutLine: {'line': b'-- Up-to-date symlink: /home/maxim/super_ws/install/px4_msgs/share/px4_msgs/msg/CollisionConstraints.msg\n'}
[2.081794] (px4_msgs) StdoutLine: {'line': b'-- Up-to-date symlink: /home/maxim/super_ws/install/px4_msgs/share/px4_msgs/msg/ConfigOverrides.msg\n'}
[2.081905] (px4_msgs) StdoutLine: {'line': b'-- Up-to-date symlink: /home/maxim/super_ws/install/px4_msgs/share/px4_msgs/msg/ControlAllocatorStatus.msg\n'}
[2.082041] (px4_msgs) StdoutLine: {'line': b'-- Up-to-date symlink: /home/maxim/super_ws/install/px4_msgs/share/px4_msgs/msg/Cpuload.msg\n'}
[2.082152] (px4_msgs) StdoutLine: {'line': b'-- Up-to-date symlink: /home/maxim/super_ws/install/px4_msgs/share/px4_msgs/msg/DatamanRequest.msg\n'}
[2.082258] (px4_msgs) StdoutLine: {'line': b'-- Up-to-date symlink: /home/maxim/super_ws/install/px4_msgs/share/px4_msgs/msg/DatamanResponse.msg\n'}
[2.082342] (px4_msgs) StdoutLine: {'line': b'-- Up-to-date symlink: /home/maxim/super_ws/install/px4_msgs/share/px4_msgs/msg/DebugArray.msg\n'}
[2.082513] (px4_msgs) StdoutLine: {'line': b'-- Up-to-date symlink: /home/maxim/super_ws/install/px4_msgs/share/px4_msgs/msg/DebugKeyValue.msg\n'}
[2.082593] (px4_msgs) StdoutLine: {'line': b'-- Up-to-date symlink: /home/maxim/super_ws/install/px4_msgs/share/px4_msgs/msg/DebugValue.msg\n'}
[2.082702] (px4_msgs) StdoutLine: {'line': b'-- Up-to-date symlink: /home/maxim/super_ws/install/px4_msgs/share/px4_msgs/msg/DebugVect.msg\n'}
[2.082808] (px4_msgs) StdoutLine: {'line': b'-- Up-to-date symlink: /home/maxim/super_ws/install/px4_msgs/share/px4_msgs/msg/DeviceInformation.msg\n'}
[2.082948] (px4_msgs) StdoutLine: {'line': b'-- Up-to-date symlink: /home/maxim/super_ws/install/px4_msgs/share/px4_msgs/msg/DifferentialPressure.msg\n'}
[2.083025] (px4_msgs) StdoutLine: {'line': b'-- Up-to-date symlink: /home/maxim/super_ws/install/px4_msgs/share/px4_msgs/msg/DistanceSensor.msg\n'}
[2.083141] (px4_msgs) StdoutLine: {'line': b'-- Up-to-date symlink: /home/maxim/super_ws/install/px4_msgs/share/px4_msgs/msg/DistanceSensorModeChangeRequest.msg\n'}
[2.083219] (px4_msgs) StdoutLine: {'line': b'-- Up-to-date symlink: /home/maxim/super_ws/install/px4_msgs/share/px4_msgs/msg/DronecanNodeStatus.msg\n'}
[2.083327] (px4_msgs) StdoutLine: {'line': b'-- Up-to-date symlink: /home/maxim/super_ws/install/px4_msgs/share/px4_msgs/msg/Ekf2Timestamps.msg\n'}
[2.083473] (px4_msgs) StdoutLine: {'line': b'-- Up-to-date symlink: /home/maxim/super_ws/install/px4_msgs/share/px4_msgs/msg/EscEepromRead.msg\n'}
[2.083580] (px4_msgs) StdoutLine: {'line': b'-- Up-to-date symlink: /home/maxim/super_ws/install/px4_msgs/share/px4_msgs/msg/EscEepromWrite.msg\n'}
[2.083689] (px4_msgs) StdoutLine: {'line': b'-- Up-to-date symlink: /home/maxim/super_ws/install/px4_msgs/share/px4_msgs/msg/EscReport.msg\n'}
[2.083793] (px4_msgs) StdoutLine: {'line': b'-- Up-to-date symlink: /home/maxim/super_ws/install/px4_msgs/share/px4_msgs/msg/EscStatus.msg\n'}
[2.083904] (px4_msgs) StdoutLine: {'line': b'-- Up-to-date symlink: /home/maxim/super_ws/install/px4_msgs/share/px4_msgs/msg/EstimatorAidSource1d.msg\n'}
[2.083986] (px4_msgs) StdoutLine: {'line': b'-- Up-to-date symlink: /home/maxim/super_ws/install/px4_msgs/share/px4_msgs/msg/EstimatorAidSource2d.msg\n'}
[2.084095] (px4_msgs) StdoutLine: {'line': b'-- Up-to-date symlink: /home/maxim/super_ws/install/px4_msgs/share/px4_msgs/msg/EstimatorAidSource3d.msg\n'}
[2.084206] (px4_msgs) StdoutLine: {'line': b'-- Up-to-date symlink: /home/maxim/super_ws/install/px4_msgs/share/px4_msgs/msg/EstimatorBias.msg\n'}
[2.084314] (px4_msgs) StdoutLine: {'line': b'-- Up-to-date symlink: /home/maxim/super_ws/install/px4_msgs/share/px4_msgs/msg/EstimatorBias3d.msg\n'}
[2.084429] (px4_msgs) StdoutLine: {'line': b'-- Up-to-date symlink: /home/maxim/super_ws/install/px4_msgs/share/px4_msgs/msg/EstimatorEventFlags.msg\n'}
[2.084568] (px4_msgs) StdoutLine: {'line': b'-- Up-to-date symlink: /home/maxim/super_ws/install/px4_msgs/share/px4_msgs/msg/EstimatorFusionControl.msg\n'}
[2.084676] (px4_msgs) StdoutLine: {'line': b'-- Up-to-date symlink: /home/maxim/super_ws/install/px4_msgs/share/px4_msgs/msg/EstimatorGpsStatus.msg\n'}
[2.084783] (px4_msgs) StdoutLine: {'line': b'-- Up-to-date symlink: /home/maxim/super_ws/install/px4_msgs/share/px4_msgs/msg/EstimatorInnovations.msg\n'}
[2.084894] (px4_msgs) StdoutLine: {'line': b'-- Up-to-date symlink: /home/maxim/super_ws/install/px4_msgs/share/px4_msgs/msg/EstimatorSelectorStatus.msg\n'}
[2.085003] (px4_msgs) StdoutLine: {'line': b'-- Up-to-date symlink: /home/maxim/super_ws/install/px4_msgs/share/px4_msgs/msg/EstimatorSensorBias.msg\n'}
[2.085084] (px4_msgs) StdoutLine: {'line': b'-- Up-to-date symlink: /home/maxim/super_ws/install/px4_msgs/share/px4_msgs/msg/EstimatorStates.msg\n'}
[2.085231] (px4_msgs) StdoutLine: {'line': b'-- Up-to-date symlink: /home/maxim/super_ws/install/px4_msgs/share/px4_msgs/msg/EstimatorStatus.msg\n'}
[2.085340] (px4_msgs) StdoutLine: {'line': b'-- Up-to-date symlink: /home/maxim/super_ws/install/px4_msgs/share/px4_msgs/msg/EstimatorStatusFlags.msg\n'}
[2.085485] (px4_msgs) StdoutLine: {'line': b'-- Up-to-date symlink: /home/maxim/super_ws/install/px4_msgs/share/px4_msgs/msg/Event.msg\n'}
[2.085586] (px4_msgs) StdoutLine: {'line': b'-- Up-to-date symlink: /home/maxim/super_ws/install/px4_msgs/share/px4_msgs/msg/FailsafeFlags.msg\n'}
[2.085732] (px4_msgs) StdoutLine: {'line': b'-- Up-to-date symlink: /home/maxim/super_ws/install/px4_msgs/share/px4_msgs/msg/FailureDetectorStatus.msg\n'}
[2.085885] (px4_msgs) StdoutLine: {'line': b'-- Up-to-date symlink: /home/maxim/super_ws/install/px4_msgs/share/px4_msgs/msg/FiducialMarkerPosReport.msg\n'}
[2.085984] (px4_msgs) StdoutLine: {'line': b'-- Up-to-date symlink: /home/maxim/super_ws/install/px4_msgs/share/px4_msgs/msg/FiducialMarkerYawReport.msg\n'}
[2.086061] (px4_msgs) StdoutLine: {'line': b'-- Up-to-date symlink: /home/maxim/super_ws/install/px4_msgs/share/px4_msgs/msg/FigureEightStatus.msg\n'}
[2.086135] (px4_msgs) StdoutLine: {'line': b'-- Up-to-date symlink: /home/maxim/super_ws/install/px4_msgs/share/px4_msgs/msg/FixedWingLateralGuidanceStatus.msg\n'}
[2.086210] (px4_msgs) StdoutLine: {'line': b'-- Up-to-date symlink: /home/maxim/super_ws/install/px4_msgs/share/px4_msgs/msg/FixedWingLateralSetpoint.msg\n'}
[2.086303] (px4_msgs) StdoutLine: {'line': b'-- Up-to-date symlink: /home/maxim/super_ws/install/px4_msgs/share/px4_msgs/msg/FixedWingLateralStatus.msg\n'}
[2.086447] (px4_msgs) StdoutLine: {'line': b'-- Up-to-date symlink: /home/maxim/super_ws/install/px4_msgs/share/px4_msgs/msg/FixedWingLongitudinalSetpoint.msg\n'}
[2.086585] (px4_msgs) StdoutLine: {'line': b'-- Up-to-date symlink: /home/maxim/super_ws/install/px4_msgs/share/px4_msgs/msg/FixedWingRunwayControl.msg\n'}
[2.086724] (px4_msgs) StdoutLine: {'line': b'-- Up-to-date symlink: /home/maxim/super_ws/install/px4_msgs/share/px4_msgs/msg/FlightPhaseEstimation.msg\n'}
[2.086872] (px4_msgs) StdoutLine: {'line': b'-- Up-to-date symlink: /home/maxim/super_ws/install/px4_msgs/share/px4_msgs/msg/FollowTarget.msg\n'}
[2.086983] (px4_msgs) StdoutLine: {'line': b'-- Up-to-date symlink: /home/maxim/super_ws/install/px4_msgs/share/px4_msgs/msg/FollowTargetEstimator.msg\n'}
[2.087063] (px4_msgs) StdoutLine: {'line': b'-- Up-to-date symlink: /home/maxim/super_ws/install/px4_msgs/share/px4_msgs/msg/FollowTargetStatus.msg\n'}
[2.087127] (px4_msgs) StdoutLine: {'line': b'-- Up-to-date symlink: /home/maxim/super_ws/install/px4_msgs/share/px4_msgs/msg/FuelTankStatus.msg\n'}
[2.087207] (px4_msgs) StdoutLine: {'line': b'-- Up-to-date symlink: /home/maxim/super_ws/install/px4_msgs/share/px4_msgs/msg/GainCompression.msg\n'}
[2.087290] (px4_msgs) StdoutLine: {'line': b'-- Up-to-date symlink: /home/maxim/super_ws/install/px4_msgs/share/px4_msgs/msg/GeneratorStatus.msg\n'}
[2.087432] (px4_msgs) StdoutLine: {'line': b'-- Up-to-date symlink: /home/maxim/super_ws/install/px4_msgs/share/px4_msgs/msg/GeofenceResult.msg\n'}
[2.087565] (px4_msgs) StdoutLine: {'line': b'-- Up-to-date symlink: /home/maxim/super_ws/install/px4_msgs/share/px4_msgs/msg/GeofenceStatus.msg\n'}
[2.087647] (px4_msgs) StdoutLine: {'line': b'-- Up-to-date symlink: /home/maxim/super_ws/install/px4_msgs/share/px4_msgs/msg/GimbalControls.msg\n'}
[2.087757] (px4_msgs) StdoutLine: {'line': b'-- Up-to-date symlink: /home/maxim/super_ws/install/px4_msgs/share/px4_msgs/msg/GimbalDeviceAttitudeStatus.msg\n'}
[2.087862] (px4_msgs) StdoutLine: {'line': b'-- Up-to-date symlink: /home/maxim/super_ws/install/px4_msgs/share/px4_msgs/msg/GimbalDeviceInformation.msg\n'}
[2.087945] (px4_msgs) StdoutLine: {'line': b'-- Up-to-date symlink: /home/maxim/super_ws/install/px4_msgs/share/px4_msgs/msg/GimbalDeviceSetAttitude.msg\n'}
[2.088054] (px4_msgs) StdoutLine: {'line': b'-- Up-to-date symlink: /home/maxim/super_ws/install/px4_msgs/share/px4_msgs/msg/GimbalManagerInformation.msg\n'}
[2.088164] (px4_msgs) StdoutLine: {'line': b'-- Up-to-date symlink: /home/maxim/super_ws/install/px4_msgs/share/px4_msgs/msg/GimbalManagerSetAttitude.msg\n'}
[2.088272] (px4_msgs) StdoutLine: {'line': b'-- Up-to-date symlink: /home/maxim/super_ws/install/px4_msgs/share/px4_msgs/msg/GimbalManagerSetManualControl.msg\n'}
[2.088394] (px4_msgs) StdoutLine: {'line': b'-- Up-to-date symlink: /home/maxim/super_ws/install/px4_msgs/share/px4_msgs/msg/GimbalManagerStatus.msg\n'}
[2.088527] (px4_msgs) StdoutLine: {'line': b'-- Up-to-date symlink: /home/maxim/super_ws/install/px4_msgs/share/px4_msgs/msg/GotoSetpoint.msg\n'}
[2.088609] (px4_msgs) StdoutLine: {'line': b'-- Up-to-date symlink: /home/maxim/super_ws/install/px4_msgs/share/px4_msgs/msg/GpioConfig.msg\n'}
[2.088716] (px4_msgs) StdoutLine: {'line': b'-- Up-to-date symlink: /home/maxim/super_ws/install/px4_msgs/share/px4_msgs/msg/GpioIn.msg\n'}
[2.088825] (px4_msgs) StdoutLine: {'line': b'-- Up-to-date symlink: /home/maxim/super_ws/install/px4_msgs/share/px4_msgs/msg/GpioOut.msg\n'}
[2.088931] (px4_msgs) StdoutLine: {'line': b'-- Up-to-date symlink: /home/maxim/super_ws/install/px4_msgs/share/px4_msgs/msg/GpioRequest.msg\n'}
[2.089040] (px4_msgs) StdoutLine: {'line': b'-- Up-to-date symlink: /home/maxim/super_ws/install/px4_msgs/share/px4_msgs/msg/GpsDump.msg\n'}
[2.089147] (px4_msgs) StdoutLine: {'line': b'-- Up-to-date symlink: /home/maxim/super_ws/install/px4_msgs/share/px4_msgs/msg/GpsInjectData.msg\n'}
[2.089255] (px4_msgs) StdoutLine: {'line': b'-- Up-to-date symlink: /home/maxim/super_ws/install/px4_msgs/share/px4_msgs/msg/Gripper.msg\n'}
[2.089363] (px4_msgs) StdoutLine: {'line': b'-- Up-to-date symlink: /home/maxim/super_ws/install/px4_msgs/share/px4_msgs/msg/HealthReport.msg\n'}
[2.089478] (px4_msgs) StdoutLine: {'line': b'-- Up-to-date symlink: /home/maxim/super_ws/install/px4_msgs/share/px4_msgs/msg/HeaterStatus.msg\n'}
[2.089586] (px4_msgs) StdoutLine: {'line': b'-- Up-to-date symlink: /home/maxim/super_ws/install/px4_msgs/share/px4_msgs/msg/HomePosition.msg\n'}
[2.089695] (px4_msgs) StdoutLine: {'line': b'-- Up-to-date symlink: /home/maxim/super_ws/install/px4_msgs/share/px4_msgs/msg/HoverThrustEstimate.msg\n'}
[2.089803] (px4_msgs) StdoutLine: {'line': b'-- Up-to-date symlink: /home/maxim/super_ws/install/px4_msgs/share/px4_msgs/msg/InputRc.msg\n'}
[2.089914] (px4_msgs) StdoutLine: {'line': b'-- Up-to-date symlink: /home/maxim/super_ws/install/px4_msgs/share/px4_msgs/msg/InternalCombustionEngineControl.msg\n'}
[2.090025] (px4_msgs) StdoutLine: {'line': b'-- Up-to-date symlink: /home/maxim/super_ws/install/px4_msgs/share/px4_msgs/msg/InternalCombustionEngineStatus.msg\n'}
[2.090136] (px4_msgs) StdoutLine: {'line': b'-- Up-to-date symlink: /home/maxim/super_ws/install/px4_msgs/share/px4_msgs/msg/IridiumsbdStatus.msg\n'}
[2.090244] (px4_msgs) StdoutLine: {'line': b'-- Up-to-date symlink: /home/maxim/super_ws/install/px4_msgs/share/px4_msgs/msg/IrlockReport.msg\n'}
[2.090353] (px4_msgs) StdoutLine: {'line': b'-- Up-to-date symlink: /home/maxim/super_ws/install/px4_msgs/share/px4_msgs/msg/LandingGear.msg\n'}
[2.090470] (px4_msgs) StdoutLine: {'line': b'-- Up-to-date symlink: /home/maxim/super_ws/install/px4_msgs/share/px4_msgs/msg/LandingGearWheel.msg\n'}
[2.090579] (px4_msgs) StdoutLine: {'line': b'-- Up-to-date symlink: /home/maxim/super_ws/install/px4_msgs/share/px4_msgs/msg/LandingTargetInnovations.msg\n'}
[2.090688] (px4_msgs) StdoutLine: {'line': b'-- Up-to-date symlink: /home/maxim/super_ws/install/px4_msgs/share/px4_msgs/msg/LandingTargetPose.msg\n'}
[2.090799] (px4_msgs) StdoutLine: {'line': b'-- Up-to-date symlink: /home/maxim/super_ws/install/px4_msgs/share/px4_msgs/msg/LateralControlConfiguration.msg\n'}
[2.090909] (px4_msgs) StdoutLine: {'line': b'-- Up-to-date symlink: /home/maxim/super_ws/install/px4_msgs/share/px4_msgs/msg/LaunchDetectionStatus.msg\n'}
[2.091017] (px4_msgs) StdoutLine: {'line': b'-- Up-to-date symlink: /home/maxim/super_ws/install/px4_msgs/share/px4_msgs/msg/LedControl.msg\n'}
[2.091126] (px4_msgs) StdoutLine: {'line': b'-- Up-to-date symlink: /home/maxim/super_ws/install/px4_msgs/share/px4_msgs/msg/LogMessage.msg\n'}
[2.091240] (px4_msgs) StdoutLine: {'line': b'-- Up-to-date symlink: /home/maxim/super_ws/install/px4_msgs/share/px4_msgs/msg/LoggerStatus.msg\n'}
[2.091351] (px4_msgs) StdoutLine: {'line': b'-- Up-to-date symlink: /home/maxim/super_ws/install/px4_msgs/share/px4_msgs/msg/LongitudinalControlConfiguration.msg\n'}
[2.091467] (px4_msgs) StdoutLine: {'line': b'-- Up-to-date symlink: /home/maxim/super_ws/install/px4_msgs/share/px4_msgs/msg/MagWorkerData.msg\n'}
[2.091578] (px4_msgs) StdoutLine: {'line': b'-- Up-to-date symlink: /home/maxim/super_ws/install/px4_msgs/share/px4_msgs/msg/MagnetometerBiasEstimate.msg\n'}
[2.091688] (px4_msgs) StdoutLine: {'line': b'-- Up-to-date symlink: /home/maxim/super_ws/install/px4_msgs/share/px4_msgs/msg/ManualControlSetpoint.msg\n'}
[2.091797] (px4_msgs) StdoutLine: {'line': b'-- Up-to-date symlink: /home/maxim/super_ws/install/px4_msgs/share/px4_msgs/msg/ManualControlSwitches.msg\n'}
[2.091908] (px4_msgs) StdoutLine: {'line': b'-- Up-to-date symlink: /home/maxim/super_ws/install/px4_msgs/share/px4_msgs/msg/MavlinkLog.msg\n'}
[2.092016] (px4_msgs) StdoutLine: {'line': b'-- Up-to-date symlink: /home/maxim/super_ws/install/px4_msgs/share/px4_msgs/msg/MavlinkTunnel.msg\n'}
[2.092128] (px4_msgs) StdoutLine: {'line': b'-- Up-to-date symlink: /home/maxim/super_ws/install/px4_msgs/share/px4_msgs/msg/MessageFormatRequest.msg\n'}
[2.092238] (px4_msgs) StdoutLine: {'line': b'-- Up-to-date symlink: /home/maxim/super_ws/install/px4_msgs/share/px4_msgs/msg/MessageFormatResponse.msg\n'}
[2.092346] (px4_msgs) StdoutLine: {'line': b'-- Up-to-date symlink: /home/maxim/super_ws/install/px4_msgs/share/px4_msgs/msg/Mission.msg\n'}
[2.092463] (px4_msgs) StdoutLine: {'line': b'-- Up-to-date symlink: /home/maxim/super_ws/install/px4_msgs/share/px4_msgs/msg/MissionResult.msg\n'}
[2.092570] (px4_msgs) StdoutLine: {'line': b'-- Up-to-date symlink: /home/maxim/super_ws/install/px4_msgs/share/px4_msgs/msg/ModeCompleted.msg\n'}
[2.092678] (px4_msgs) StdoutLine: {'line': b'-- Up-to-date symlink: /home/maxim/super_ws/install/px4_msgs/share/px4_msgs/msg/MountOrientation.msg\n'}
[2.092790] (px4_msgs) StdoutLine: {'line': b'-- Up-to-date symlink: /home/maxim/super_ws/install/px4_msgs/share/px4_msgs/msg/NavigatorMissionItem.msg\n'}
[2.092899] (px4_msgs) StdoutLine: {'line': b'-- Up-to-date symlink: /home/maxim/super_ws/install/px4_msgs/share/px4_msgs/msg/NavigatorStatus.msg\n'}
[2.093007] (px4_msgs) StdoutLine: {'line': b'-- Up-to-date symlink: /home/maxim/super_ws/install/px4_msgs/share/px4_msgs/msg/NeuralControl.msg\n'}
[2.093117] (px4_msgs) StdoutLine: {'line': b'-- Up-to-date symlink: /home/maxim/super_ws/install/px4_msgs/share/px4_msgs/msg/NormalizedUnsignedSetpoint.msg\n'}
[2.093240] (px4_msgs) StdoutLine: {'line': b'-- Up-to-date symlink: /home/maxim/super_ws/install/px4_msgs/share/px4_msgs/msg/ObstacleDistance.msg\n'}
[2.093348] (px4_msgs) StdoutLine: {'line': b'-- Up-to-date symlink: /home/maxim/super_ws/install/px4_msgs/share/px4_msgs/msg/OffboardControlMode.msg\n'}
[2.093492] (px4_msgs) StdoutLine: {'line': b'-- Up-to-date symlink: /home/maxim/super_ws/install/px4_msgs/share/px4_msgs/msg/OnboardComputerStatus.msg\n'}
[2.093596] (px4_msgs) StdoutLine: {'line': b'-- Up-to-date symlink: /home/maxim/super_ws/install/px4_msgs/share/px4_msgs/msg/OpenDroneIdArmStatus.msg\n'}
[2.093700] (px4_msgs) StdoutLine: {'line': b'-- Up-to-date symlink: /home/maxim/super_ws/install/px4_msgs/share/px4_msgs/msg/OpenDroneIdOperatorId.msg\n'}
[2.093829] (px4_msgs) StdoutLine: {'line': b'-- Up-to-date symlink: /home/maxim/super_ws/install/px4_msgs/share/px4_msgs/msg/OpenDroneIdSelfId.msg\n'}
[2.093901] (px4_msgs) StdoutLine: {'line': b'-- Up-to-date symlink: /home/maxim/super_ws/install/px4_msgs/share/px4_msgs/msg/OpenDroneIdSystem.msg\n'}
[2.094039] (px4_msgs) StdoutLine: {'line': b'-- Up-to-date symlink: /home/maxim/super_ws/install/px4_msgs/share/px4_msgs/msg/OrbTest.msg\n'}
[2.094175] (px4_msgs) StdoutLine: {'line': b'-- Up-to-date symlink: /home/maxim/super_ws/install/px4_msgs/share/px4_msgs/msg/OrbTestLarge.msg\n'}
[2.094275] (px4_msgs) StdoutLine: {'line': b'-- Up-to-date symlink: /home/maxim/super_ws/install/px4_msgs/share/px4_msgs/msg/OrbTestMedium.msg\n'}
[2.094348] (px4_msgs) StdoutLine: {'line': b'-- Up-to-date symlink: /home/maxim/super_ws/install/px4_msgs/share/px4_msgs/msg/OrbitStatus.msg\n'}
[2.094477] (px4_msgs) StdoutLine: {'line': b'-- Up-to-date symlink: /home/maxim/super_ws/install/px4_msgs/share/px4_msgs/msg/ParameterResetRequest.msg\n'}
[2.094621] (px4_msgs) StdoutLine: {'line': b'-- Up-to-date symlink: /home/maxim/super_ws/install/px4_msgs/share/px4_msgs/msg/ParameterSetUsedRequest.msg\n'}
[2.094737] (px4_msgs) StdoutLine: {'line': b'-- Up-to-date symlink: /home/maxim/super_ws/install/px4_msgs/share/px4_msgs/msg/ParameterSetValueRequest.msg\n'}
[2.094822] (px4_msgs) StdoutLine: {'line': b'-- Up-to-date symlink: /home/maxim/super_ws/install/px4_msgs/share/px4_msgs/msg/ParameterSetValueResponse.msg\n'}
[2.094922] (px4_msgs) StdoutLine: {'line': b'-- Up-to-date symlink: /home/maxim/super_ws/install/px4_msgs/share/px4_msgs/msg/ParameterUpdate.msg\n'}
[2.095030] (px4_msgs) StdoutLine: {'line': b'-- Up-to-date symlink: /home/maxim/super_ws/install/px4_msgs/share/px4_msgs/msg/Ping.msg\n'}
[2.095142] (px4_msgs) StdoutLine: {'line': b'-- Up-to-date symlink: /home/maxim/super_ws/install/px4_msgs/share/px4_msgs/msg/PositionControllerLandingStatus.msg\n'}
[2.095255] (px4_msgs) StdoutLine: {'line': b'-- Up-to-date symlink: /home/maxim/super_ws/install/px4_msgs/share/px4_msgs/msg/PositionControllerStatus.msg\n'}
[2.095330] (px4_msgs) StdoutLine: {'line': b'-- Up-to-date symlink: /home/maxim/super_ws/install/px4_msgs/share/px4_msgs/msg/PositionSetpoint.msg\n'}
[2.095477] (px4_msgs) StdoutLine: {'line': b'-- Up-to-date symlink: /home/maxim/super_ws/install/px4_msgs/share/px4_msgs/msg/PositionSetpointTriplet.msg\n'}
[2.095579] (px4_msgs) StdoutLine: {'line': b'-- Up-to-date symlink: /home/maxim/super_ws/install/px4_msgs/share/px4_msgs/msg/PowerButtonState.msg\n'}
[2.095731] (px4_msgs) StdoutLine: {'line': b'-- Up-to-date symlink: /home/maxim/super_ws/install/px4_msgs/share/px4_msgs/msg/PowerMonitor.msg\n'}
[2.095817] (px4_msgs) StdoutLine: {'line': b'-- Up-to-date symlink: /home/maxim/super_ws/install/px4_msgs/share/px4_msgs/msg/PpsCapture.msg\n'}
[2.095918] (px4_msgs) StdoutLine: {'line': b'-- Up-to-date symlink: /home/maxim/super_ws/install/px4_msgs/share/px4_msgs/msg/PrecLandStatus.msg\n'}
[2.096030] (px4_msgs) StdoutLine: {'line': b'-- Up-to-date symlink: /home/maxim/super_ws/install/px4_msgs/share/px4_msgs/msg/PurePursuitStatus.msg\n'}
[2.096166] (px4_msgs) StdoutLine: {'line': b'-- Up-to-date symlink: /home/maxim/super_ws/install/px4_msgs/share/px4_msgs/msg/PwmInput.msg\n'}
[2.096241] (px4_msgs) StdoutLine: {'line': b'-- Up-to-date symlink: /home/maxim/super_ws/install/px4_msgs/share/px4_msgs/msg/Px4ioStatus.msg\n'}
[2.096384] (px4_msgs) StdoutLine: {'line': b'-- Up-to-date symlink: /home/maxim/super_ws/install/px4_msgs/share/px4_msgs/msg/QshellReq.msg\n'}
[2.096582] (px4_msgs) StdoutLine: {'line': b'-- Up-to-date symlink: /home/maxim/super_ws/install/px4_msgs/share/px4_msgs/msg/QshellRetval.msg\n'}
[2.096803] (px4_msgs) StdoutLine: {'line': b'-- Up-to-date symlink: /home/maxim/super_ws/install/px4_msgs/share/px4_msgs/msg/RadioStatus.msg\n'}
[2.096885] (px4_msgs) StdoutLine: {'line': b'-- Up-to-date symlink: /home/maxim/super_ws/install/px4_msgs/share/px4_msgs/msg/RangingBeacon.msg\n'}
[2.096947] (px4_msgs) StdoutLine: {'line': b'-- Up-to-date symlink: /home/maxim/super_ws/install/px4_msgs/share/px4_msgs/msg/RaptorInput.msg\n'}
[2.097003] (px4_msgs) StdoutLine: {'line': b'-- Up-to-date symlink: /home/maxim/super_ws/install/px4_msgs/share/px4_msgs/msg/RaptorStatus.msg\n'}
[2.097076] (px4_msgs) StdoutLine: {'line': b'-- Up-to-date symlink: /home/maxim/super_ws/install/px4_msgs/share/px4_msgs/msg/RateCtrlStatus.msg\n'}
[2.097154] (px4_msgs) StdoutLine: {'line': b'-- Up-to-date symlink: /home/maxim/super_ws/install/px4_msgs/share/px4_msgs/msg/RcChannels.msg\n'}
[2.097227] (px4_msgs) StdoutLine: {'line': b'-- Up-to-date symlink: /home/maxim/super_ws/install/px4_msgs/share/px4_msgs/msg/RcParameterMap.msg\n'}
[2.097304] (px4_msgs) StdoutLine: {'line': b'-- Up-to-date symlink: /home/maxim/super_ws/install/px4_msgs/share/px4_msgs/msg/RegisterExtComponentReply.msg\n'}
[2.097422] (px4_msgs) StdoutLine: {'line': b'-- Up-to-date symlink: /home/maxim/super_ws/install/px4_msgs/share/px4_msgs/msg/RegisterExtComponentRequest.msg\n'}
[2.097533] (px4_msgs) StdoutLine: {'line': b'-- Up-to-date symlink: /home/maxim/super_ws/install/px4_msgs/share/px4_msgs/msg/RoverAttitudeSetpoint.msg\n'}
[2.097714] (px4_msgs) StdoutLine: {'line': b'-- Up-to-date symlink: /home/maxim/super_ws/install/px4_msgs/share/px4_msgs/msg/RoverAttitudeStatus.msg\n'}
[2.097792] (px4_msgs) StdoutLine: {'line': b'-- Up-to-date symlink: /home/maxim/super_ws/install/px4_msgs/share/px4_msgs/msg/RoverPositionSetpoint.msg\n'}
[2.097929] (px4_msgs) StdoutLine: {'line': b'-- Up-to-date symlink: /home/maxim/super_ws/install/px4_msgs/share/px4_msgs/msg/RoverRateSetpoint.msg\n'}
[2.098035] (px4_msgs) StdoutLine: {'line': b'-- Up-to-date symlink: /home/maxim/super_ws/install/px4_msgs/share/px4_msgs/msg/RoverRateStatus.msg\n'}
[2.098144] (px4_msgs) StdoutLine: {'line': b'-- Up-to-date symlink: /home/maxim/super_ws/install/px4_msgs/share/px4_msgs/msg/RoverSpeedSetpoint.msg\n'}
[2.098217] (px4_msgs) StdoutLine: {'line': b'-- Up-to-date symlink: /home/maxim/super_ws/install/px4_msgs/share/px4_msgs/msg/RoverSpeedStatus.msg\n'}
[2.098296] (px4_msgs) StdoutLine: {'line': b'-- Up-to-date symlink: /home/maxim/super_ws/install/px4_msgs/share/px4_msgs/msg/RoverSteeringSetpoint.msg\n'}
[2.098448] (px4_msgs) StdoutLine: {'line': b'-- Up-to-date symlink: /home/maxim/super_ws/install/px4_msgs/share/px4_msgs/msg/RoverThrottleSetpoint.msg\n'}
[2.098556] (px4_msgs) StdoutLine: {'line': b'-- Up-to-date symlink: /home/maxim/super_ws/install/px4_msgs/share/px4_msgs/msg/Rpm.msg\n'}
[2.098657] (px4_msgs) StdoutLine: {'line': b'-- Up-to-date symlink: /home/maxim/super_ws/install/px4_msgs/share/px4_msgs/msg/RtlStatus.msg\n'}
[2.098764] (px4_msgs) StdoutLine: {'line': b'-- Up-to-date symlink: /home/maxim/super_ws/install/px4_msgs/share/px4_msgs/msg/RtlTimeEstimate.msg\n'}
[2.098875] (px4_msgs) StdoutLine: {'line': b'-- Up-to-date symlink: /home/maxim/super_ws/install/px4_msgs/share/px4_msgs/msg/SatelliteInfo.msg\n'}
[2.098954] (px4_msgs) StdoutLine: {'line': b'-- Up-to-date symlink: /home/maxim/super_ws/install/px4_msgs/share/px4_msgs/msg/SensorAccel.msg\n'}
[2.099064] (px4_msgs) StdoutLine: {'line': b'-- Up-to-date symlink: /home/maxim/super_ws/install/px4_msgs/share/px4_msgs/msg/SensorAccelFifo.msg\n'}
[2.099173] (px4_msgs) StdoutLine: {'line': b'-- Up-to-date symlink: /home/maxim/super_ws/install/px4_msgs/share/px4_msgs/msg/SensorAirflow.msg\n'}
[2.099281] (px4_msgs) StdoutLine: {'line': b'-- Up-to-date symlink: /home/maxim/super_ws/install/px4_msgs/share/px4_msgs/msg/SensorBaro.msg\n'}
[2.099395] (px4_msgs) StdoutLine: {'line': b'-- Up-to-date symlink: /home/maxim/super_ws/install/px4_msgs/share/px4_msgs/msg/SensorCombined.msg\n'}
[2.099531] (px4_msgs) StdoutLine: {'line': b'-- Up-to-date symlink: /home/maxim/super_ws/install/px4_msgs/share/px4_msgs/msg/SensorCorrection.msg\n'}
[2.099612] (px4_msgs) StdoutLine: {'line': b'-- Up-to-date symlink: /home/maxim/super_ws/install/px4_msgs/share/px4_msgs/msg/SensorGnssRelative.msg\n'}
[2.099720] (px4_msgs) StdoutLine: {'line': b'-- Up-to-date symlink: /home/maxim/super_ws/install/px4_msgs/share/px4_msgs/msg/SensorGnssStatus.msg\n'}
[2.099828] (px4_msgs) StdoutLine: {'line': b'-- Up-to-date symlink: /home/maxim/super_ws/install/px4_msgs/share/px4_msgs/msg/SensorGps.msg\n'}
[2.099938] (px4_msgs) StdoutLine: {'line': b'-- Up-to-date symlink: /home/maxim/super_ws/install/px4_msgs/share/px4_msgs/msg/SensorGyro.msg\n'}
[2.100044] (px4_msgs) StdoutLine: {'line': b'-- Up-to-date symlink: /home/maxim/super_ws/install/px4_msgs/share/px4_msgs/msg/SensorGyroFft.msg\n'}
[2.100152] (px4_msgs) StdoutLine: {'line': b'-- Up-to-date symlink: /home/maxim/super_ws/install/px4_msgs/share/px4_msgs/msg/SensorGyroFifo.msg\n'}
[2.100261] (px4_msgs) StdoutLine: {'line': b'-- Up-to-date symlink: /home/maxim/super_ws/install/px4_msgs/share/px4_msgs/msg/SensorHygrometer.msg\n'}
[2.100371] (px4_msgs) StdoutLine: {'line': b'-- Up-to-date symlink: /home/maxim/super_ws/install/px4_msgs/share/px4_msgs/msg/SensorMag.msg\n'}
[2.100485] (px4_msgs) StdoutLine: {'line': b'-- Up-to-date symlink: /home/maxim/super_ws/install/px4_msgs/share/px4_msgs/msg/SensorOpticalFlow.msg\n'}
[2.100594] (px4_msgs) StdoutLine: {'line': b'-- Up-to-date symlink: /home/maxim/super_ws/install/px4_msgs/share/px4_msgs/msg/SensorPreflightMag.msg\n'}
[2.100700] (px4_msgs) StdoutLine: {'line': b'-- Up-to-date symlink: /home/maxim/super_ws/install/px4_msgs/share/px4_msgs/msg/SensorSelection.msg\n'}
[2.100809] (px4_msgs) StdoutLine: {'line': b'-- Up-to-date symlink: /home/maxim/super_ws/install/px4_msgs/share/px4_msgs/msg/SensorTemp.msg\n'}
[2.100917] (px4_msgs) StdoutLine: {'line': b'-- Up-to-date symlink: /home/maxim/super_ws/install/px4_msgs/share/px4_msgs/msg/SensorUwb.msg\n'}
[2.101025] (px4_msgs) StdoutLine: {'line': b'-- Up-to-date symlink: /home/maxim/super_ws/install/px4_msgs/share/px4_msgs/msg/SensorsStatus.msg\n'}
[2.101131] (px4_msgs) StdoutLine: {'line': b'-- Up-to-date symlink: /home/maxim/super_ws/install/px4_msgs/share/px4_msgs/msg/SensorsStatusImu.msg\n'}
[2.101239] (px4_msgs) StdoutLine: {'line': b'-- Up-to-date symlink: /home/maxim/super_ws/install/px4_msgs/share/px4_msgs/msg/SystemPower.msg\n'}
[2.101348] (px4_msgs) StdoutLine: {'line': b'-- Up-to-date symlink: /home/maxim/super_ws/install/px4_msgs/share/px4_msgs/msg/TakeoffStatus.msg\n'}
[2.101462] (px4_msgs) StdoutLine: {'line': b'-- Up-to-date symlink: /home/maxim/super_ws/install/px4_msgs/share/px4_msgs/msg/TargetGnss.msg\n'}
[2.101569] (px4_msgs) StdoutLine: {'line': b'-- Up-to-date symlink: /home/maxim/super_ws/install/px4_msgs/share/px4_msgs/msg/TaskStackInfo.msg\n'}
[2.101676] (px4_msgs) StdoutLine: {'line': b'-- Up-to-date symlink: /home/maxim/super_ws/install/px4_msgs/share/px4_msgs/msg/TecsStatus.msg\n'}
[2.101783] (px4_msgs) StdoutLine: {'line': b'-- Up-to-date symlink: /home/maxim/super_ws/install/px4_msgs/share/px4_msgs/msg/TelemetryStatus.msg\n'}
[2.101893] (px4_msgs) StdoutLine: {'line': b'-- Up-to-date symlink: /home/maxim/super_ws/install/px4_msgs/share/px4_msgs/msg/TiltrotorExtraControls.msg\n'}
[2.102002] (px4_msgs) StdoutLine: {'line': b'-- Up-to-date symlink: /home/maxim/super_ws/install/px4_msgs/share/px4_msgs/msg/TimesyncStatus.msg\n'}
[2.102110] (px4_msgs) StdoutLine: {'line': b'-- Up-to-date symlink: /home/maxim/super_ws/install/px4_msgs/share/px4_msgs/msg/TrajectorySetpoint.msg\n'}
[2.102218] (px4_msgs) StdoutLine: {'line': b'-- Up-to-date symlink: /home/maxim/super_ws/install/px4_msgs/share/px4_msgs/msg/TrajectorySetpoint6dof.msg\n'}
[2.102327] (px4_msgs) StdoutLine: {'line': b'-- Up-to-date symlink: /home/maxim/super_ws/install/px4_msgs/share/px4_msgs/msg/TransponderReport.msg\n'}
[2.102443] (px4_msgs) StdoutLine: {'line': b'-- Up-to-date symlink: /home/maxim/super_ws/install/px4_msgs/share/px4_msgs/msg/TuneControl.msg\n'}
[2.102554] (px4_msgs) StdoutLine: {'line': b'-- Up-to-date symlink: /home/maxim/super_ws/install/px4_msgs/share/px4_msgs/msg/UavcanParameterRequest.msg\n'}
[2.102662] (px4_msgs) StdoutLine: {'line': b'-- Up-to-date symlink: /home/maxim/super_ws/install/px4_msgs/share/px4_msgs/msg/UavcanParameterValue.msg\n'}
[2.102719] (-) TimerEvent: {}
[2.102785] (px4_msgs) StdoutLine: {'line': b'-- Up-to-date symlink: /home/maxim/super_ws/install/px4_msgs/share/px4_msgs/msg/UlogStream.msg\n'}
[2.102919] (px4_msgs) StdoutLine: {'line': b'-- Up-to-date symlink: /home/maxim/super_ws/install/px4_msgs/share/px4_msgs/msg/UlogStreamAck.msg\n'}
[2.103026] (px4_msgs) StdoutLine: {'line': b'-- Up-to-date symlink: /home/maxim/super_ws/install/px4_msgs/share/px4_msgs/msg/UnregisterExtComponent.msg\n'}
[2.103157] (px4_msgs) StdoutLine: {'line': b'-- Up-to-date symlink: /home/maxim/super_ws/install/px4_msgs/share/px4_msgs/msg/VehicleAcceleration.msg\n'}
[2.103280] (px4_msgs) StdoutLine: {'line': b'-- Up-to-date symlink: /home/maxim/super_ws/install/px4_msgs/share/px4_msgs/msg/VehicleAirData.msg\n'}
[2.103385] (px4_msgs) StdoutLine: {'line': b'-- Up-to-date symlink: /home/maxim/super_ws/install/px4_msgs/share/px4_msgs/msg/VehicleAngularAccelerationSetpoint.msg\n'}
[2.103486] (px4_msgs) StdoutLine: {'line': b'-- Up-to-date symlink: /home/maxim/super_ws/install/px4_msgs/share/px4_msgs/msg/VehicleAngularVelocity.msg\n'}
[2.103594] (px4_msgs) StdoutLine: {'line': b'-- Up-to-date symlink: /home/maxim/super_ws/install/px4_msgs/share/px4_msgs/msg/VehicleAttitude.msg\n'}
[2.103742] (px4_msgs) StdoutLine: {'line': b'-- Up-to-date symlink: /home/maxim/super_ws/install/px4_msgs/share/px4_msgs/msg/VehicleAttitudeSetpoint.msg\n'}
[2.103891] (px4_msgs) StdoutLine: {'line': b'-- Up-to-date symlink: /home/maxim/super_ws/install/px4_msgs/share/px4_msgs/msg/VehicleCommand.msg\n'}
[2.104138] (px4_msgs) StdoutLine: {'line': b'-- Up-to-date symlink: /home/maxim/super_ws/install/px4_msgs/share/px4_msgs/msg/VehicleCommandAck.msg\n'}
[2.104216] (px4_msgs) StdoutLine: {'line': b'-- Up-to-date symlink: /home/maxim/super_ws/install/px4_msgs/share/px4_msgs/msg/VehicleConstraints.msg\n'}
[2.104276] (px4_msgs) StdoutLine: {'line': b'-- Up-to-date symlink: /home/maxim/super_ws/install/px4_msgs/share/px4_msgs/msg/VehicleControlMode.msg\n'}
[2.104337] (px4_msgs) StdoutLine: {'line': b'-- Up-to-date symlink: /home/maxim/super_ws/install/px4_msgs/share/px4_msgs/msg/VehicleGlobalPosition.msg\n'}
[2.104417] (px4_msgs) StdoutLine: {'line': b'-- Up-to-date symlink: /home/maxim/super_ws/install/px4_msgs/share/px4_msgs/msg/VehicleImu.msg\n'}
[2.104494] (px4_msgs) StdoutLine: {'line': b'-- Up-to-date symlink: /home/maxim/super_ws/install/px4_msgs/share/px4_msgs/msg/VehicleImuStatus.msg\n'}
[2.104617] (px4_msgs) StdoutLine: {'line': b'-- Up-to-date symlink: /home/maxim/super_ws/install/px4_msgs/share/px4_msgs/msg/VehicleLandDetected.msg\n'}
[2.104715] (px4_msgs) StdoutLine: {'line': b'-- Up-to-date symlink: /home/maxim/super_ws/install/px4_msgs/share/px4_msgs/msg/VehicleLocalPosition.msg\n'}
[2.104795] (px4_msgs) StdoutLine: {'line': b'-- Up-to-date symlink: /home/maxim/super_ws/install/px4_msgs/share/px4_msgs/msg/VehicleLocalPositionSetpoint.msg\n'}
[2.104873] (px4_msgs) StdoutLine: {'line': b'-- Up-to-date symlink: /home/maxim/super_ws/install/px4_msgs/share/px4_msgs/msg/VehicleMagnetometer.msg\n'}
[2.105010] (px4_msgs) StdoutLine: {'line': b'-- Up-to-date symlink: /home/maxim/super_ws/install/px4_msgs/share/px4_msgs/msg/VehicleOdometry.msg\n'}
[2.105135] (px4_msgs) StdoutLine: {'line': b'-- Up-to-date symlink: /home/maxim/super_ws/install/px4_msgs/share/px4_msgs/msg/VehicleOpticalFlow.msg\n'}
[2.105235] (px4_msgs) StdoutLine: {'line': b'-- Up-to-date symlink: /home/maxim/super_ws/install/px4_msgs/share/px4_msgs/msg/VehicleOpticalFlowVel.msg\n'}
[2.105315] (px4_msgs) StdoutLine: {'line': b'-- Up-to-date symlink: /home/maxim/super_ws/install/px4_msgs/share/px4_msgs/msg/VehicleRatesSetpoint.msg\n'}
[2.105500] (px4_msgs) StdoutLine: {'line': b'-- Up-to-date symlink: /home/maxim/super_ws/install/px4_msgs/share/px4_msgs/msg/VehicleRoi.msg\n'}
[2.105653] (px4_msgs) StdoutLine: {'line': b'-- Up-to-date symlink: /home/maxim/super_ws/install/px4_msgs/share/px4_msgs/msg/VehicleStatus.msg\n'}
[2.105782] (px4_msgs) StdoutLine: {'line': b'-- Up-to-date symlink: /home/maxim/super_ws/install/px4_msgs/share/px4_msgs/msg/VehicleThrustSetpoint.msg\n'}
[2.105860] (px4_msgs) StdoutLine: {'line': b'-- Up-to-date symlink: /home/maxim/super_ws/install/px4_msgs/share/px4_msgs/msg/VehicleTorqueSetpoint.msg\n'}
[2.105928] (px4_msgs) StdoutLine: {'line': b'-- Up-to-date symlink: /home/maxim/super_ws/install/px4_msgs/share/px4_msgs/msg/VelocityLimits.msg\n'}
[2.105999] (px4_msgs) StdoutLine: {'line': b'-- Up-to-date symlink: /home/maxim/super_ws/install/px4_msgs/share/px4_msgs/msg/VteAidSource1d.msg\n'}
[2.106082] (px4_msgs) StdoutLine: {'line': b'-- Up-to-date symlink: /home/maxim/super_ws/install/px4_msgs/share/px4_msgs/msg/VteAidSource3d.msg\n'}
[2.106191] (px4_msgs) StdoutLine: {'line': b'-- Up-to-date symlink: /home/maxim/super_ws/install/px4_msgs/share/px4_msgs/msg/VteBiasInitStatus.msg\n'}
[2.106299] (px4_msgs) StdoutLine: {'line': b'-- Up-to-date symlink: /home/maxim/super_ws/install/px4_msgs/share/px4_msgs/msg/VteInput.msg\n'}
[2.106440] (px4_msgs) StdoutLine: {'line': b'-- Up-to-date symlink: /home/maxim/super_ws/install/px4_msgs/share/px4_msgs/msg/VteOrientation.msg\n'}
[2.106560] (px4_msgs) StdoutLine: {'line': b'-- Up-to-date symlink: /home/maxim/super_ws/install/px4_msgs/share/px4_msgs/msg/VtePosition.msg\n'}
[2.106669] (px4_msgs) StdoutLine: {'line': b'-- Up-to-date symlink: /home/maxim/super_ws/install/px4_msgs/share/px4_msgs/msg/VtolVehicleStatus.msg\n'}
[2.106769] (px4_msgs) StdoutLine: {'line': b'-- Up-to-date symlink: /home/maxim/super_ws/install/px4_msgs/share/px4_msgs/msg/Vtx.msg\n'}
[2.106876] (px4_msgs) StdoutLine: {'line': b'-- Up-to-date symlink: /home/maxim/super_ws/install/px4_msgs/share/px4_msgs/msg/WheelEncoders.msg\n'}
[2.106986] (px4_msgs) StdoutLine: {'line': b'-- Up-to-date symlink: /home/maxim/super_ws/install/px4_msgs/share/px4_msgs/msg/Wind.msg\n'}
[2.107068] (px4_msgs) StdoutLine: {'line': b'-- Up-to-date symlink: /home/maxim/super_ws/install/px4_msgs/share/px4_msgs/msg/YawEstimatorStatus.msg\n'}
[2.107177] (px4_msgs) StdoutLine: {'line': b'-- Up-to-date symlink: /home/maxim/super_ws/install/px4_msgs/share/px4_msgs/srv/VehicleCommand.srv\n'}
[2.107300] (px4_msgs) StdoutLine: {'line': b'-- Up-to-date symlink: /home/maxim/super_ws/install/px4_msgs/share/ament_index/resource_index/package_run_dependencies/px4_msgs\n'}
[2.107443] (px4_msgs) StdoutLine: {'line': b'-- Up-to-date symlink: /home/maxim/super_ws/install/px4_msgs/share/ament_index/resource_index/parent_prefix_path/px4_msgs\n'}
[2.107553] (px4_msgs) StdoutLine: {'line': b'-- Up-to-date symlink: /home/maxim/super_ws/install/px4_msgs/share/px4_msgs/environment/ament_prefix_path.sh\n'}
[2.107730] (px4_msgs) StdoutLine: {'line': b'-- Up-to-date symlink: /home/maxim/super_ws/install/px4_msgs/share/px4_msgs/environment/ament_prefix_path.dsv\n'}
[2.107854] (px4_msgs) StdoutLine: {'line': b'-- Up-to-date symlink: /home/maxim/super_ws/install/px4_msgs/share/px4_msgs/environment/path.sh\n'}
[2.107957] (px4_msgs) StdoutLine: {'line': b'-- Up-to-date symlink: /home/maxim/super_ws/install/px4_msgs/share/px4_msgs/environment/path.dsv\n'}
[2.108096] (px4_msgs) StdoutLine: {'line': b'-- Up-to-date symlink: /home/maxim/super_ws/install/px4_msgs/share/px4_msgs/local_setup.bash\n'}
[2.108242] (px4_msgs) StdoutLine: {'line': b'-- Up-to-date symlink: /home/maxim/super_ws/install/px4_msgs/share/px4_msgs/local_setup.sh\n'}
[2.108309] (px4_msgs) StdoutLine: {'line': b'-- Up-to-date symlink: /home/maxim/super_ws/install/px4_msgs/share/px4_msgs/local_setup.zsh\n'}
[2.108383] (px4_msgs) StdoutLine: {'line': b'-- Up-to-date symlink: /home/maxim/super_ws/install/px4_msgs/share/px4_msgs/local_setup.dsv\n'}
[2.108451] (px4_msgs) StdoutLine: {'line': b'-- Symlinking: /home/maxim/super_ws/install/px4_msgs/share/px4_msgs/package.dsv\n'}
[2.114328] (px4_msgs) StdoutLine: {'line': b'-- Up-to-date symlink: /home/maxim/super_ws/install/px4_msgs/share/ament_index/resource_index/packages/px4_msgs\n'}
[2.114531] (px4_msgs) StdoutLine: {'line': b'-- Up-to-date symlink: /home/maxim/super_ws/install/px4_msgs/share/px4_msgs/cmake/rosidl_cmake-extras.cmake\n'}
[2.114689] (px4_msgs) StdoutLine: {'line': b'-- Up-to-date symlink: /home/maxim/super_ws/install/px4_msgs/share/px4_msgs/cmake/ament_cmake_export_dependencies-extras.cmake\n'}
[2.114756] (px4_msgs) StdoutLine: {'line': b'-- Up-to-date symlink: /home/maxim/super_ws/install/px4_msgs/share/px4_msgs/cmake/ament_cmake_export_include_directories-extras.cmake\n'}
[2.114915] (px4_msgs) StdoutLine: {'line': b'-- Up-to-date symlink: /home/maxim/super_ws/install/px4_msgs/share/px4_msgs/cmake/ament_cmake_export_libraries-extras.cmake\n'}
[2.114995] (px4_msgs) StdoutLine: {'line': b'-- Up-to-date symlink: /home/maxim/super_ws/install/px4_msgs/share/px4_msgs/cmake/ament_cmake_export_targets-extras.cmake\n'}
[2.115055] (px4_msgs) StdoutLine: {'line': b'-- Up-to-date symlink: /home/maxim/super_ws/install/px4_msgs/share/px4_msgs/cmake/rosidl_cmake_export_typesupport_targets-extras.cmake\n'}
[2.115133] (px4_msgs) StdoutLine: {'line': b'-- Up-to-date symlink: /home/maxim/super_ws/install/px4_msgs/share/px4_msgs/cmake/rosidl_cmake_export_typesupport_libraries-extras.cmake\n'}
[2.115216] (px4_msgs) StdoutLine: {'line': b'-- Up-to-date symlink: /home/maxim/super_ws/install/px4_msgs/share/px4_msgs/cmake/px4_msgsConfig.cmake\n'}
[2.115294] (px4_msgs) StdoutLine: {'line': b'-- Up-to-date symlink: /home/maxim/super_ws/install/px4_msgs/share/px4_msgs/cmake/px4_msgsConfig-version.cmake\n'}
[2.115361] (px4_msgs) StdoutLine: {'line': b'-- Up-to-date symlink: /home/maxim/super_ws/install/px4_msgs/share/px4_msgs/package.xml\n'}
[2.115787] (px4_msgs) StdoutLine: {'line': b'-- Up-to-date: /home/maxim/super_ws/install/px4_msgs/lib/libpx4_msgs__rosidl_generator_c.so\n'}
[2.115966] (px4_msgs) StdoutLine: {'line': b'-- Up-to-date: /home/maxim/super_ws/install/px4_msgs/lib/libpx4_msgs__rosidl_typesupport_fastrtps_c.so\n'}
[2.116188] (px4_msgs) StdoutLine: {'line': b'-- Up-to-date: /home/maxim/super_ws/install/px4_msgs/lib/libpx4_msgs__rosidl_typesupport_fastrtps_cpp.so\n'}
[2.116294] (px4_msgs) StdoutLine: {'line': b'-- Up-to-date: /home/maxim/super_ws/install/px4_msgs/lib/libpx4_msgs__rosidl_typesupport_introspection_c.so\n'}
[2.116507] (px4_msgs) StdoutLine: {'line': b'-- Up-to-date: /home/maxim/super_ws/install/px4_msgs/lib/libpx4_msgs__rosidl_typesupport_c.so\n'}
[2.116656] (px4_msgs) StdoutLine: {'line': b'-- Up-to-date: /home/maxim/super_ws/install/px4_msgs/lib/libpx4_msgs__rosidl_typesupport_introspection_cpp.so\n'}
[2.116816] (px4_msgs) StdoutLine: {'line': b'-- Up-to-date: /home/maxim/super_ws/install/px4_msgs/lib/libpx4_msgs__rosidl_typesupport_cpp.so\n'}
[2.151520] (px4_msgs) StdoutLine: {'line': b"Listing '/home/maxim/super_ws/install/px4_msgs/lib/python3.12/site-packages/px4_msgs'...\n"}
[2.151649] (px4_msgs) StdoutLine: {'line': b"Listing '/home/maxim/super_ws/install/px4_msgs/lib/python3.12/site-packages/px4_msgs/msg'...\n"}
[2.151706] (px4_msgs) StdoutLine: {'line': b"Listing '/home/maxim/super_ws/install/px4_msgs/lib/python3.12/site-packages/px4_msgs/srv'...\n"}
[2.155779] (px4_msgs) StdoutLine: {'line': b'-- Up-to-date: /home/maxim/super_ws/install/px4_msgs/lib/libpx4_msgs__rosidl_generator_py.so\n'}
[2.155936] (px4_msgs) StdoutLine: {'line': b'-- Up-to-date: /home/maxim/super_ws/install/px4_msgs/share/px4_msgs/cmake/export_px4_msgs__rosidl_generator_cExport.cmake\n'}
[2.156026] (px4_msgs) StdoutLine: {'line': b'-- Up-to-date: /home/maxim/super_ws/install/px4_msgs/share/px4_msgs/cmake/export_px4_msgs__rosidl_generator_cExport-noconfig.cmake\n'}
[2.156152] (px4_msgs) StdoutLine: {'line': b'-- Up-to-date: /home/maxim/super_ws/install/px4_msgs/share/px4_msgs/cmake/export_px4_msgs__rosidl_typesupport_fastrtps_cExport.cmake\n'}
[2.156233] (px4_msgs) StdoutLine: {'line': b'-- Up-to-date: /home/maxim/super_ws/install/px4_msgs/share/px4_msgs/cmake/export_px4_msgs__rosidl_typesupport_fastrtps_cExport-noconfig.cmake\n'}
[2.156294] (px4_msgs) StdoutLine: {'line': b'-- Up-to-date: /home/maxim/super_ws/install/px4_msgs/share/px4_msgs/cmake/export_px4_msgs__rosidl_generator_cppExport.cmake\n'}
[2.156351] (px4_msgs) StdoutLine: {'line': b'-- Up-to-date: /home/maxim/super_ws/install/px4_msgs/share/px4_msgs/cmake/export_px4_msgs__rosidl_typesupport_fastrtps_cppExport.cmake\n'}
[2.156530] (px4_msgs) StdoutLine: {'line': b'-- Up-to-date: /home/maxim/super_ws/install/px4_msgs/share/px4_msgs/cmake/export_px4_msgs__rosidl_typesupport_fastrtps_cppExport-noconfig.cmake\n'}
[2.156607] (px4_msgs) StdoutLine: {'line': b'-- Up-to-date: /home/maxim/super_ws/install/px4_msgs/share/px4_msgs/cmake/px4_msgs__rosidl_typesupport_introspection_cExport.cmake\n'}
[2.156667] (px4_msgs) StdoutLine: {'line': b'-- Up-to-date: /home/maxim/super_ws/install/px4_msgs/share/px4_msgs/cmake/px4_msgs__rosidl_typesupport_introspection_cExport-noconfig.cmake\n'}
[2.156721] (px4_msgs) StdoutLine: {'line': b'-- Up-to-date: /home/maxim/super_ws/install/px4_msgs/share/px4_msgs/cmake/px4_msgs__rosidl_typesupport_cExport.cmake\n'}
[2.156774] (px4_msgs) StdoutLine: {'line': b'-- Up-to-date: /home/maxim/super_ws/install/px4_msgs/share/px4_msgs/cmake/px4_msgs__rosidl_typesupport_cExport-noconfig.cmake\n'}
[2.156825] (px4_msgs) StdoutLine: {'line': b'-- Up-to-date: /home/maxim/super_ws/install/px4_msgs/share/px4_msgs/cmake/px4_msgs__rosidl_typesupport_introspection_cppExport.cmake\n'}
[2.156875] (px4_msgs) StdoutLine: {'line': b'-- Up-to-date: /home/maxim/super_ws/install/px4_msgs/share/px4_msgs/cmake/px4_msgs__rosidl_typesupport_introspection_cppExport-noconfig.cmake\n'}
[2.156927] (px4_msgs) StdoutLine: {'line': b'-- Up-to-date: /home/maxim/super_ws/install/px4_msgs/share/px4_msgs/cmake/px4_msgs__rosidl_typesupport_cppExport.cmake\n'}
[2.156976] (px4_msgs) StdoutLine: {'line': b'-- Up-to-date: /home/maxim/super_ws/install/px4_msgs/share/px4_msgs/cmake/px4_msgs__rosidl_typesupport_cppExport-noconfig.cmake\n'}
[2.157026] (px4_msgs) StdoutLine: {'line': b'-- Up-to-date: /home/maxim/super_ws/install/px4_msgs/share/px4_msgs/cmake/export_px4_msgs__rosidl_generator_pyExport.cmake\n'}
[2.157076] (px4_msgs) StdoutLine: {'line': b'-- Up-to-date: /home/maxim/super_ws/install/px4_msgs/share/px4_msgs/cmake/export_px4_msgs__rosidl_generator_pyExport-noconfig.cmake\n'}
[2.158102] (px4_msgs) CommandEnded: {'returncode': 0}
[2.203253] (-) TimerEvent: {}
[2.205266] (px4_msgs) JobEnded: {'identifier': 'px4_msgs', 'rc': 0}
[2.206049] (flight_control_node) JobStarted: {'identifier': 'flight_control_node'}
[2.303382] (-) TimerEvent: {}
[2.403562] (-) TimerEvent: {}
[2.503756] (-) TimerEvent: {}
[2.603956] (-) TimerEvent: {}
[2.704172] (-) TimerEvent: {}
[2.720704] (flight_control_node) Command: {'cmd': ['/usr/bin/python3', '-W', 'ignore:setup.py install is deprecated', '-W', 'ignore:easy_install command is deprecated', 'setup.py', 'egg_info', '--egg-base', '../../build/flight_control_node', 'build', '--build-base', '/home/maxim/super_ws/build/flight_control_node/build', 'install', '--record', '/home/maxim/super_ws/build/flight_control_node/install.log', '--install-scripts', '$base/lib/flight_control_node', '--single-version-externally-managed', 'install_data'], 'cwd': '/home/maxim/super_ws/src/flight_control_node', 'env': {'LESSOPEN': '| /usr/bin/lesspipe %s', 'USER': 'maxim', 'XDG_SESSION_TYPE': 'x11', 'CLUTTER_DISABLE_MIPMAPPED_TEXT': '1', 'SHLVL': '1', 'LD_LIBRARY_PATH': '/home/maxim/super_ws/install/px4_msgs/lib', 'HOME': '/home/maxim', 'OLDPWD': '/home/maxim', 'DESKTOP_SESSION': 'ubuntu', 'GNOME_SHELL_SESSION_MODE': 'ubuntu', 'GTK_MODULES': 'gail:atk-bridge', 'PS1': '(.local) \\[\\e]0;\\u@\\h: \\w\\a\\]${debian_chroot:+($debian_chroot)}\\[\\033[01;35m\\]\\u@\\h\\[\\033[00m\\]:\\[\\033[01;34m\\]\\w\\[\\033[00m\\]\\$', 'SYSTEMD_EXEC_PID': '1878', 'GSM_SKIP_SSH_AGENT_WORKAROUND': 'true', 'DBUS_SESSION_BUS_ADDRESS': 'unix:path=/run/user/1000/bus', 'COLORTERM': 'truecolor', '_colcon_cd_root': '/opt/ros/jazzy/', 'DEBUGINFOD_URLS': 'https://debuginfod.ubuntu.com', 'LOGNAME': 'maxim', '_': '/usr/bin/colcon', 'MEMORY_PRESSURE_WATCH': '/sys/fs/cgroup/user.slice/user-1000.slice/user@1000.service/session.slice/org.gnome.Shell@x11.service/memory.pressure', 'XDG_SESSION_CLASS': 'user', 'USERNAME': 'maxim', 'TERM': 'xterm-256color', 'GNOME_DESKTOP_SESSION_ID': 'this-is-deprecated', 'WINDOWPATH': '2', 'PATH': '/home/maxim/.local/bin:/home/maxim/.local/bin:/usr/local/sbin:/usr/local/bin:/usr/sbin:/usr/bin:/sbin:/bin:/usr/games:/usr/local/games:/snap/bin:/snap/bin:/opt/xtensa-esp-elf/bin/', 'SESSION_MANAGER': 'local/akula:@/tmp/.ICE-unix/1833,unix/akula:/tmp/.ICE-unix/1833', 'XDG_MENU_PREFIX': 'gnome-', 'GNOME_TERMINAL_SCREEN': '/org/gnome/Terminal/screen/a6d8dae2_6f64_4b3a_8e76_fd23d3969c67', 'XDG_RUNTIME_DIR': '/run/user/1000', 'DISPLAY': ':0', 'LANG': 'en_US.UTF-8', 'XDG_CURRENT_DESKTOP': 'ubuntu:GNOME', 'VIRTUAL_ENV_PROMPT': '(.local)', 'XMODIFIERS': '@im=ibus', 'XDG_SESSION_DESKTOP': 'ubuntu', 'XAUTHORITY': '/run/user/1000/gdm/Xauthority', 'LS_COLORS': 'rs=0:di=01;34:ln=01;36:mh=00:pi=40;33:so=01;35:do=01;35:bd=40;33;01:cd=40;33;01:or=40;31;01:mi=00:su=37;41:sg=30;43:ca=00:tw=30;42:ow=34;42:st=37;44:ex=01;32:*.tar=01;31:*.tgz=01;31:*.arc=01;31:*.arj=01;31:*.taz=01;31:*.lha=01;31:*.lz4=01;31:*.lzh=01;31:*.lzma=01;31:*.tlz=01;31:*.txz=01;31:*.tzo=01;31:*.t7z=01;31:*.zip=01;31:*.z=01;31:*.dz=01;31:*.gz=01;31:*.lrz=01;31:*.lz=01;31:*.lzo=01;31:*.xz=01;31:*.zst=01;31:*.tzst=01;31:*.bz2=01;31:*.bz=01;31:*.tbz=01;31:*.tbz2=01;31:*.tz=01;31:*.deb=01;31:*.rpm=01;31:*.jar=01;31:*.war=01;31:*.ear=01;31:*.sar=01;31:*.rar=01;31:*.alz=01;31:*.ace=01;31:*.zoo=01;31:*.cpio=01;31:*.7z=01;31:*.rz=01;31:*.cab=01;31:*.wim=01;31:*.swm=01;31:*.dwm=01;31:*.esd=01;31:*.avif=01;35:*.jpg=01;35:*.jpeg=01;35:*.mjpg=01;35:*.mjpeg=01;35:*.gif=01;35:*.bmp=01;35:*.pbm=01;35:*.pgm=01;35:*.ppm=01;35:*.tga=01;35:*.xbm=01;35:*.xpm=01;35:*.tif=01;35:*.tiff=01;35:*.png=01;35:*.svg=01;35:*.svgz=01;35:*.mng=01;35:*.pcx=01;35:*.mov=01;35:*.mpg=01;35:*.mpeg=01;35:*.m2v=01;35:*.mkv=01;35:*.webm=01;35:*.webp=01;35:*.ogm=01;35:*.mp4=01;35:*.m4v=01;35:*.mp4v=01;35:*.vob=01;35:*.qt=01;35:*.nuv=01;35:*.wmv=01;35:*.asf=01;35:*.rm=01;35:*.rmvb=01;35:*.flc=01;35:*.avi=01;35:*.fli=01;35:*.flv=01;35:*.gl=01;35:*.dl=01;35:*.xcf=01;35:*.xwd=01;35:*.yuv=01;35:*.cgm=01;35:*.emf=01;35:*.ogv=01;35:*.ogx=01;35:*.aac=00;36:*.au=00;36:*.flac=00;36:*.m4a=00;36:*.mid=00;36:*.midi=00;36:*.mka=00;36:*.mp3=00;36:*.mpc=00;36:*.ogg=00;36:*.ra=00;36:*.wav=00;36:*.oga=00;36:*.opus=00;36:*.spx=00;36:*.xspf=00;36:*~=00;90:*#=00;90:*.bak=00;90:*.crdownload=00;90:*.dpkg-dist=00;90:*.dpkg-new=00;90:*.dpkg-old=00;90:*.dpkg-tmp=00;90:*.old=00;90:*.orig=00;90:*.part=00;90:*.rej=00;90:*.rpmnew=00;90:*.rpmorig=00;90:*.rpmsave=00;90:*.swp=00;90:*.tmp=00;90:*.ucf-dist=00;90:*.ucf-new=00;90:*.ucf-old=00;90:', 'GNOME_TERMINAL_SERVICE': ':1.119', 'SSH_AUTH_SOCK': '/run/user/1000/keyring/ssh', 'AMENT_PREFIX_PATH': '/home/maxim/super_ws/install/px4_msgs', 'SHELL': '/bin/bash', 'QT_ACCESSIBILITY': '1', 'GDMSESSION': 'ubuntu', 'LESSCLOSE': '/usr/bin/lesspipe %s %s', 'GPG_AGENT_INFO': '/run/user/1000/gnupg/S.gpg-agent:0:1', 'VIRTUAL_ENV': '/home/maxim/.local', 'QT_IM_MODULE': 'ibus', 'PWD': '/home/maxim/super_ws/build/flight_control_node', 'QT_QPA_PLATFORM': 'xcb', 'XDG_CONFIG_DIRS': '/etc/xdg/xdg-ubuntu:/etc/xdg', 'XDG_DATA_DIRS': '/usr/share/ubuntu:/usr/share/gnome:/usr/local/share/:/usr/share/:/var/lib/snapd/desktop', 'PYTHONPATH': '/home/maxim/super_ws/build/flight_control_node/prefix_override:/usr/lib/python3/dist-packages/colcon_core/task/python/colcon_distutils_commands:/home/maxim/super_ws/install/flight_control_node/lib/python3.12/site-packages:/home/maxim/super_ws/install/px4_msgs/lib/python3.12/site-packages', 'COLCON': '1', 'MEMORY_PRESSURE_WRITE': 'c29tZSAyMDAwMDAgMjAwMDAwMAA=', 'VTE_VERSION': '7600', 'CMAKE_PREFIX_PATH': '/home/maxim/super_ws/install/px4_msgs'}, 'shell': False}
[2.804276] (-) TimerEvent: {}
[2.904474] (-) TimerEvent: {}
[2.912158] (flight_control_node) StdoutLine: {'line': b'running egg_info\n'}
[2.924995] (flight_control_node) StdoutLine: {'line': b'writing ../../build/flight_control_node/flight_control_node.egg-info/PKG-INFO\n'}
[2.925364] (flight_control_node) StdoutLine: {'line': b'writing dependency_links to ../../build/flight_control_node/flight_control_node.egg-info/dependency_links.txt\n'}
[2.925583] (flight_control_node) StdoutLine: {'line': b'writing entry points to ../../build/flight_control_node/flight_control_node.egg-info/entry_points.txt\n'}
[2.925754] (flight_control_node) StdoutLine: {'line': b'writing requirements to ../../build/flight_control_node/flight_control_node.egg-info/requires.txt\n'}
[2.925962] (flight_control_node) StdoutLine: {'line': b'writing top-level names to ../../build/flight_control_node/flight_control_node.egg-info/top_level.txt\n'}
[2.953049] (flight_control_node) StdoutLine: {'line': b"reading manifest file '../../build/flight_control_node/flight_control_node.egg-info/SOURCES.txt'\n"}
[2.953310] (flight_control_node) StdoutLine: {'line': b"adding license file 'LICENSE'\n"}
[2.953945] (flight_control_node) StdoutLine: {'line': b"writing manifest file '../../build/flight_control_node/flight_control_node.egg-info/SOURCES.txt'\n"}
[2.954176] (flight_control_node) StdoutLine: {'line': b'running build\n'}
[2.954309] (flight_control_node) StdoutLine: {'line': b'running build_py\n'}
[2.954374] (flight_control_node) StdoutLine: {'line': b'copying flight_control_node/flight_node.py -> /home/maxim/super_ws/build/flight_control_node/build/lib/flight_control_node\n'}
[2.954455] (flight_control_node) StdoutLine: {'line': b'copying flight_control_node/__init__.py -> /home/maxim/super_ws/build/flight_control_node/build/lib/flight_control_node\n'}
[2.954568] (flight_control_node) StdoutLine: {'line': b'running install\n'}
[2.958631] (flight_control_node) StdoutLine: {'line': b'running install_lib\n'}
[2.971787] (flight_control_node) StdoutLine: {'line': b'copying /home/maxim/super_ws/build/flight_control_node/build/lib/flight_control_node/flight_node.py -> /home/maxim/super_ws/install/flight_control_node/lib/python3.12/site-packages/flight_control_node\n'}
[2.972176] (flight_control_node) StdoutLine: {'line': b'byte-compiling /home/maxim/super_ws/install/flight_control_node/lib/python3.12/site-packages/flight_control_node/flight_node.py to flight_node.cpython-312.pyc\n'}
[2.973504] (flight_control_node) StdoutLine: {'line': b'running install_data\n'}
[2.973678] (flight_control_node) StdoutLine: {'line': b'copying resource/flight_control_node -> /home/maxim/super_ws/install/flight_control_node/share/ament_index/resource_index/packages\n'}
[2.973862] (flight_control_node) StdoutLine: {'line': b'copying package.xml -> /home/maxim/super_ws/install/flight_control_node/share/flight_control_node\n'}
[2.974069] (flight_control_node) StdoutLine: {'line': b'running install_egg_info\n'}
[2.988155] (flight_control_node) StdoutLine: {'line': b"removing '/home/maxim/super_ws/install/flight_control_node/lib/python3.12/site-packages/flight_control_node-0.0.0-py3.12.egg-info' (and everything under it)\n"}
[2.988335] (flight_control_node) StdoutLine: {'line': b'Copying ../../build/flight_control_node/flight_control_node.egg-info to /home/maxim/super_ws/install/flight_control_node/lib/python3.12/site-packages/flight_control_node-0.0.0-py3.12.egg-info\n'}
[2.989034] (flight_control_node) StdoutLine: {'line': b'running install_scripts\n'}
[3.004545] (-) TimerEvent: {}
[3.059103] (flight_control_node) StdoutLine: {'line': b'Installing start_flight script to /home/maxim/super_ws/install/flight_control_node/lib/flight_control_node\n'}
[3.059336] (flight_control_node) StdoutLine: {'line': b"writing list of installed files to '/home/maxim/super_ws/build/flight_control_node/install.log'\n"}
[3.078679] (flight_control_node) CommandEnded: {'returncode': 0}
[3.083193] (flight_control_node) JobEnded: {'identifier': 'flight_control_node', 'rc': 0}
[3.083827] (-) EventReactorShutdown: {}
