[0.000000] (-) TimerEvent: {}
[0.000324] (px4_msgs) JobQueued: {'identifier': 'px4_msgs', 'dependencies': OrderedDict()}
[0.000351] (flight_control_node) JobQueued: {'identifier': 'flight_control_node', 'dependencies': OrderedDict({'px4_msgs': '/home/maxim/super_ws/install/px4_msgs'})}
[0.000370] (px4_msgs) JobStarted: {'identifier': 'px4_msgs'}
[0.005631] (px4_msgs) JobProgress: {'identifier': 'px4_msgs', 'progress': 'cmake'}
[0.007197] (px4_msgs) JobProgress: {'identifier': 'px4_msgs', 'progress': 'build'}
[0.007280] (px4_msgs) Command: {'cmd': ['/usr/bin/cmake', '--build', '/home/maxim/super_ws/build/px4_msgs', '--', '-j8', '-l8'], 'cwd': '/home/maxim/super_ws/build/px4_msgs', 'env': OrderedDict({'GJS_DEBUG_TOPICS': 'JS ERROR;JS LOG', 'XDG_ACTIVATION_TOKEN': 'gnome-shell/Terminator/1832-2-akula_TIME594237', 'LESSOPEN': '| /usr/bin/lesspipe %s', 'USER': 'maxim', 'XDG_SESSION_TYPE': 'x11', 'CLUTTER_DISABLE_MIPMAPPED_TEXT': '1', 'SHLVL': '1', 'HOME': '/home/maxim', 'OLDPWD': '/home/maxim', 'DESKTOP_SESSION': 'ubuntu', 'GIO_LAUNCHED_DESKTOP_FILE': '/usr/share/applications/terminator.desktop', 'GNOME_SHELL_SESSION_MODE': 'ubuntu', 'GTK_MODULES': 'gail:atk-bridge', 'PS1': '(.local) \\[\\e]0;\\u@\\h: \\w\\a\\]${debian_chroot:+($debian_chroot)}\\[\\033[01;35m\\]\\u@\\h\\[\\033[00m\\]:\\[\\033[01;34m\\]\\w\\[\\033[00m\\]\\$', 'MANAGERPID': '1430', 'SYSTEMD_EXEC_PID': '1832', 'GSM_SKIP_SSH_AGENT_WORKAROUND': 'true', 'DBUS_SESSION_BUS_ADDRESS': 'unix:path=/run/user/1000/bus', 'COLORTERM': 'truecolor', 'TERMINATOR_DBUS_NAME': 'net.tenshu.Terminator21a9d5db22c73a993ff0b42f64b396873', 'GIO_LAUNCHED_DESKTOP_FILE_PID': '5805', '_colcon_cd_root': '/opt/ros/jazzy/', 'DEBUGINFOD_URLS': 'https://debuginfod.ubuntu.com', 'LOGNAME': 'maxim', 'JOURNAL_STREAM': '9:19548', '_': '/usr/bin/colcon', 'MEMORY_PRESSURE_WATCH': '/sys/fs/cgroup/user.slice/user-1000.slice/user@1000.service/session.slice/org.gnome.Shell@x11.service/memory.pressure', 'XDG_SESSION_CLASS': 'user', 'USERNAME': 'maxim', 'TERM': 'xterm-256color', 'GNOME_DESKTOP_SESSION_ID': 'this-is-deprecated', 'WINDOWPATH': '2', 'PATH': '/home/maxim/.local/bin:/home/maxim/.local/bin:/usr/local/sbin:/usr/local/bin:/usr/sbin:/usr/bin:/sbin:/bin:/usr/games:/usr/local/games:/snap/bin:/snap/bin:/opt/xtensa-esp-elf/bin/', 'SESSION_MANAGER': 'local/akula:@/tmp/.ICE-unix/1792,unix/akula:/tmp/.ICE-unix/1792', 'INVOCATION_ID': '0b6099d659e641cfb4f1da36b66523d1', 'XDG_MENU_PREFIX': 'gnome-', 'XDG_RUNTIME_DIR': '/run/user/1000', 'DISPLAY': ':0', 'TERMINATOR_DBUS_PATH': '/net/tenshu/Terminator2', 'LANG': 'en_US.UTF-8', 'XDG_CURRENT_DESKTOP': 'ubuntu:GNOME', 'VIRTUAL_ENV_PROMPT': '(.local)', 'XMODIFIERS': '@im=ibus', 'XDG_SESSION_DESKTOP': 'ubuntu', 'XAUTHORITY': '/run/user/1000/gdm/Xauthority', 'LS_COLORS': 'rs=0:di=01;34:ln=01;36:mh=00:pi=40;33:so=01;35:do=01;35:bd=40;33;01:cd=40;33;01:or=40;31;01:mi=00:su=37;41:sg=30;43:ca=00:tw=30;42:ow=34;42:st=37;44:ex=01;32:*.tar=01;31:*.tgz=01;31:*.arc=01;31:*.arj=01;31:*.taz=01;31:*.lha=01;31:*.lz4=01;31:*.lzh=01;31:*.lzma=01;31:*.tlz=01;31:*.txz=01;31:*.tzo=01;31:*.t7z=01;31:*.zip=01;31:*.z=01;31:*.dz=01;31:*.gz=01;31:*.lrz=01;31:*.lz=01;31:*.lzo=01;31:*.xz=01;31:*.zst=01;31:*.tzst=01;31:*.bz2=01;31:*.bz=01;31:*.tbz=01;31:*.tbz2=01;31:*.tz=01;31:*.deb=01;31:*.rpm=01;31:*.jar=01;31:*.war=01;31:*.ear=01;31:*.sar=01;31:*.rar=01;31:*.alz=01;31:*.ace=01;31:*.zoo=01;31:*.cpio=01;31:*.7z=01;31:*.rz=01;31:*.cab=01;31:*.wim=01;31:*.swm=01;31:*.dwm=01;31:*.esd=01;31:*.avif=01;35:*.jpg=01;35:*.jpeg=01;35:*.mjpg=01;35:*.mjpeg=01;35:*.gif=01;35:*.bmp=01;35:*.pbm=01;35:*.pgm=01;35:*.ppm=01;35:*.tga=01;35:*.xbm=01;35:*.xpm=01;35:*.tif=01;35:*.tiff=01;35:*.png=01;35:*.svg=01;35:*.svgz=01;35:*.mng=01;35:*.pcx=01;35:*.mov=01;35:*.mpg=01;35:*.mpeg=01;35:*.m2v=01;35:*.mkv=01;35:*.webm=01;35:*.webp=01;35:*.ogm=01;35:*.mp4=01;35:*.m4v=01;35:*.mp4v=01;35:*.vob=01;35:*.qt=01;35:*.nuv=01;35:*.wmv=01;35:*.asf=01;35:*.rm=01;35:*.rmvb=01;35:*.flc=01;35:*.avi=01;35:*.fli=01;35:*.flv=01;35:*.gl=01;35:*.dl=01;35:*.xcf=01;35:*.xwd=01;35:*.yuv=01;35:*.cgm=01;35:*.emf=01;35:*.ogv=01;35:*.ogx=01;35:*.aac=00;36:*.au=00;36:*.flac=00;36:*.m4a=00;36:*.mid=00;36:*.midi=00;36:*.mka=00;36:*.mp3=00;36:*.mpc=00;36:*.ogg=00;36:*.ra=00;36:*.wav=00;36:*.oga=00;36:*.opus=00;36:*.spx=00;36:*.xspf=00;36:*~=00;90:*#=00;90:*.bak=00;90:*.crdownload=00;90:*.dpkg-dist=00;90:*.dpkg-new=00;90:*.dpkg-old=00;90:*.dpkg-tmp=00;90:*.old=00;90:*.orig=00;90:*.part=00;90:*.rej=00;90:*.rpmnew=00;90:*.rpmorig=00;90:*.rpmsave=00;90:*.swp=00;90:*.tmp=00;90:*.ucf-dist=00;90:*.ucf-new=00;90:*.ucf-old=00;90:', 'SSH_AUTH_SOCK': '/run/user/1000/keyring/ssh', 'SHELL': '/bin/bash', 'TERMINATOR_UUID': 'urn:uuid:5581a83b-2776-4023-b1ea-88abfc0c5d5f', 'QT_ACCESSIBILITY': '1', 'GDMSESSION': 'ubuntu', 'LESSCLOSE': '/usr/bin/lesspipe %s %s', 'GPG_AGENT_INFO': '/run/user/1000/gnupg/S.gpg-agent:0:1', 'GJS_DEBUG_OUTPUT': 'stderr', 'VIRTUAL_ENV': '/home/maxim/.local', 'QT_IM_MODULE': 'ibus', 'PWD': '/home/maxim/super_ws/build/px4_msgs', 'QT_QPA_PLATFORM': 'xcb', 'XDG_CONFIG_DIRS': '/etc/xdg/xdg-ubuntu:/etc/xdg', 'XDG_DATA_DIRS': '/usr/share/ubuntu:/usr/share/gnome:/usr/local/share/:/usr/share/:/var/lib/snapd/desktop', 'COLCON': '1', 'MEMORY_PRESSURE_WRITE': 'c29tZSAyMDAwMDAgMjAwMDAwMAA=', 'VTE_VERSION': '7600'}), 'shell': False}
[0.099892] (-) TimerEvent: {}
[0.200090] (-) TimerEvent: {}
[0.300285] (-) TimerEvent: {}
[0.400476] (-) TimerEvent: {}
[0.500671] (-) TimerEvent: {}
[0.600876] (-) TimerEvent: {}
[0.701099] (-) TimerEvent: {}
[0.801329] (-) TimerEvent: {}
[0.901552] (-) TimerEvent: {}
[1.001794] (-) TimerEvent: {}
[1.101984] (-) TimerEvent: {}
[1.202190] (-) TimerEvent: {}
[1.302722] (-) TimerEvent: {}
[1.304186] (px4_msgs) StdoutLine: {'line': b'[  0%] Built target px4_msgs__rs\n'}
[1.307183] (px4_msgs) StdoutLine: {'line': b'[  0%] Built target ament_cmake_python_symlink_px4_msgs\n'}
[1.307362] (px4_msgs) StdoutLine: {'line': b'[  0%] Built target px4_msgs__rosidl_generator_type_description\n'}
[1.360794] (px4_msgs) StdoutLine: {'line': b'[  0%] Built target px4_msgs__cpp\n'}
[1.402823] (-) TimerEvent: {}
[1.487794] (px4_msgs) StdoutLine: {'line': b'running egg_info\n'}
[1.491046] (px4_msgs) StdoutLine: {'line': b'[ 29%] Built target px4_msgs__rosidl_generator_c\n'}
[1.502052] (px4_msgs) StdoutLine: {'line': b'writing px4_msgs.egg-info/PKG-INFO\n'}
[1.502595] (px4_msgs) StdoutLine: {'line': b'writing dependency_links to px4_msgs.egg-info/dependency_links.txt\n'}
[1.502727] (px4_msgs) StdoutLine: {'line': b'writing top-level names to px4_msgs.egg-info/top_level.txt\n'}
[1.502879] (-) TimerEvent: {}
[1.550681] (px4_msgs) StdoutLine: {'line': b"reading manifest file 'px4_msgs.egg-info/SOURCES.txt'\n"}
[1.554792] (px4_msgs) StdoutLine: {'line': b"writing manifest file 'px4_msgs.egg-info/SOURCES.txt'\n"}
[1.587396] (px4_msgs) StdoutLine: {'line': b'[ 39%] Built target px4_msgs__rosidl_typesupport_c\n'}
[1.592793] (px4_msgs) StdoutLine: {'line': b'[ 39%] Built target ament_cmake_python_build_px4_msgs_egg\n'}
[1.602996] (-) TimerEvent: {}
[1.636776] (px4_msgs) StdoutLine: {'line': b'[ 49%] Built target px4_msgs__rosidl_typesupport_introspection_c\n'}
[1.636938] (px4_msgs) StdoutLine: {'line': b'[ 59%] Built target px4_msgs__rosidl_typesupport_introspection_cpp\n'}
[1.639951] (px4_msgs) StdoutLine: {'line': b'[ 69%] Built target px4_msgs__rosidl_typesupport_cpp\n'}
[1.644108] (px4_msgs) StdoutLine: {'line': b'[ 79%] Built target px4_msgs__rosidl_typesupport_fastrtps_cpp\n'}
[1.655696] (px4_msgs) StdoutLine: {'line': b'[ 89%] Built target px4_msgs__rosidl_typesupport_fastrtps_c\n'}
[1.670544] (px4_msgs) StdoutLine: {'line': b'[ 89%] Built target px4_msgs\n'}
[1.696769] (px4_msgs) StdoutLine: {'line': b'[ 89%] Built target px4_msgs__py\n'}
[1.703081] (-) TimerEvent: {}
[1.803304] (-) TimerEvent: {}
[1.811496] (px4_msgs) StdoutLine: {'line': b'[ 99%] Built target px4_msgs__rosidl_generator_py\n'}
[1.833078] (px4_msgs) StdoutLine: {'line': b'[ 99%] Built target px4_msgs_s__rosidl_typesupport_fastrtps_c\n'}
[1.833222] (px4_msgs) StdoutLine: {'line': b'[ 99%] Built target px4_msgs_s__rosidl_typesupport_c\n'}
[1.833284] (px4_msgs) StdoutLine: {'line': b'[100%] Built target px4_msgs_s__rosidl_typesupport_introspection_c\n'}
[1.842071] (px4_msgs) CommandEnded: {'returncode': 0}
[1.842989] (px4_msgs) JobProgress: {'identifier': 'px4_msgs', 'progress': 'install'}
[1.849586] (px4_msgs) Command: {'cmd': ['/usr/bin/cmake', '--install', '/home/maxim/super_ws/build/px4_msgs'], 'cwd': '/home/maxim/super_ws/build/px4_msgs', 'env': OrderedDict({'GJS_DEBUG_TOPICS': 'JS ERROR;JS LOG', 'XDG_ACTIVATION_TOKEN': 'gnome-shell/Terminator/1832-2-akula_TIME594237', 'LESSOPEN': '| /usr/bin/lesspipe %s', 'USER': 'maxim', 'XDG_SESSION_TYPE': 'x11', 'CLUTTER_DISABLE_MIPMAPPED_TEXT': '1', 'SHLVL': '1', 'HOME': '/home/maxim', 'OLDPWD': '/home/maxim', 'DESKTOP_SESSION': 'ubuntu', 'GIO_LAUNCHED_DESKTOP_FILE': '/usr/share/applications/terminator.desktop', 'GNOME_SHELL_SESSION_MODE': 'ubuntu', 'GTK_MODULES': 'gail:atk-bridge', 'PS1': '(.local) \\[\\e]0;\\u@\\h: \\w\\a\\]${debian_chroot:+($debian_chroot)}\\[\\033[01;35m\\]\\u@\\h\\[\\033[00m\\]:\\[\\033[01;34m\\]\\w\\[\\033[00m\\]\\$', 'MANAGERPID': '1430', 'SYSTEMD_EXEC_PID': '1832', 'GSM_SKIP_SSH_AGENT_WORKAROUND': 'true', 'DBUS_SESSION_BUS_ADDRESS': 'unix:path=/run/user/1000/bus', 'COLORTERM': 'truecolor', 'TERMINATOR_DBUS_NAME': 'net.tenshu.Terminator21a9d5db22c73a993ff0b42f64b396873', 'GIO_LAUNCHED_DESKTOP_FILE_PID': '5805', '_colcon_cd_root': '/opt/ros/jazzy/', 'DEBUGINFOD_URLS': 'https://debuginfod.ubuntu.com', 'LOGNAME': 'maxim', 'JOURNAL_STREAM': '9:19548', '_': '/usr/bin/colcon', 'MEMORY_PRESSURE_WATCH': '/sys/fs/cgroup/user.slice/user-1000.slice/user@1000.service/session.slice/org.gnome.Shell@x11.service/memory.pressure', 'XDG_SESSION_CLASS': 'user', 'USERNAME': 'maxim', 'TERM': 'xterm-256color', 'GNOME_DESKTOP_SESSION_ID': 'this-is-deprecated', 'WINDOWPATH': '2', 'PATH': '/home/maxim/.local/bin:/home/maxim/.local/bin:/usr/local/sbin:/usr/local/bin:/usr/sbin:/usr/bin:/sbin:/bin:/usr/games:/usr/local/games:/snap/bin:/snap/bin:/opt/xtensa-esp-elf/bin/', 'SESSION_MANAGER': 'local/akula:@/tmp/.ICE-unix/1792,unix/akula:/tmp/.ICE-unix/1792', 'INVOCATION_ID': '0b6099d659e641cfb4f1da36b66523d1', 'XDG_MENU_PREFIX': 'gnome-', 'XDG_RUNTIME_DIR': '/run/user/1000', 'DISPLAY': ':0', 'TERMINATOR_DBUS_PATH': '/net/tenshu/Terminator2', 'LANG': 'en_US.UTF-8', 'XDG_CURRENT_DESKTOP': 'ubuntu:GNOME', 'VIRTUAL_ENV_PROMPT': '(.local)', 'XMODIFIERS': '@im=ibus', 'XDG_SESSION_DESKTOP': 'ubuntu', 'XAUTHORITY': '/run/user/1000/gdm/Xauthority', 'LS_COLORS': 'rs=0:di=01;34:ln=01;36:mh=00:pi=40;33:so=01;35:do=01;35:bd=40;33;01:cd=40;33;01:or=40;31;01:mi=00:su=37;41:sg=30;43:ca=00:tw=30;42:ow=34;42:st=37;44:ex=01;32:*.tar=01;31:*.tgz=01;31:*.arc=01;31:*.arj=01;31:*.taz=01;31:*.lha=01;31:*.lz4=01;31:*.lzh=01;31:*.lzma=01;31:*.tlz=01;31:*.txz=01;31:*.tzo=01;31:*.t7z=01;31:*.zip=01;31:*.z=01;31:*.dz=01;31:*.gz=01;31:*.lrz=01;31:*.lz=01;31:*.lzo=01;31:*.xz=01;31:*.zst=01;31:*.tzst=01;31:*.bz2=01;31:*.bz=01;31:*.tbz=01;31:*.tbz2=01;31:*.tz=01;31:*.deb=01;31:*.rpm=01;31:*.jar=01;31:*.war=01;31:*.ear=01;31:*.sar=01;31:*.rar=01;31:*.alz=01;31:*.ace=01;31:*.zoo=01;31:*.cpio=01;31:*.7z=01;31:*.rz=01;31:*.cab=01;31:*.wim=01;31:*.swm=01;31:*.dwm=01;31:*.esd=01;31:*.avif=01;35:*.jpg=01;35:*.jpeg=01;35:*.mjpg=01;35:*.mjpeg=01;35:*.gif=01;35:*.bmp=01;35:*.pbm=01;35:*.pgm=01;35:*.ppm=01;35:*.tga=01;35:*.xbm=01;35:*.xpm=01;35:*.tif=01;35:*.tiff=01;35:*.png=01;35:*.svg=01;35:*.svgz=01;35:*.mng=01;35:*.pcx=01;35:*.mov=01;35:*.mpg=01;35:*.mpeg=01;35:*.m2v=01;35:*.mkv=01;35:*.webm=01;35:*.webp=01;35:*.ogm=01;35:*.mp4=01;35:*.m4v=01;35:*.mp4v=01;35:*.vob=01;35:*.qt=01;35:*.nuv=01;35:*.wmv=01;35:*.asf=01;35:*.rm=01;35:*.rmvb=01;35:*.flc=01;35:*.avi=01;35:*.fli=01;35:*.flv=01;35:*.gl=01;35:*.dl=01;35:*.xcf=01;35:*.xwd=01;35:*.yuv=01;35:*.cgm=01;35:*.emf=01;35:*.ogv=01;35:*.ogx=01;35:*.aac=00;36:*.au=00;36:*.flac=00;36:*.m4a=00;36:*.mid=00;36:*.midi=00;36:*.mka=00;36:*.mp3=00;36:*.mpc=00;36:*.ogg=00;36:*.ra=00;36:*.wav=00;36:*.oga=00;36:*.opus=00;36:*.spx=00;36:*.xspf=00;36:*~=00;90:*#=00;90:*.bak=00;90:*.crdownload=00;90:*.dpkg-dist=00;90:*.dpkg-new=00;90:*.dpkg-old=00;90:*.dpkg-tmp=00;90:*.old=00;90:*.orig=00;90:*.part=00;90:*.rej=00;90:*.rpmnew=00;90:*.rpmorig=00;90:*.rpmsave=00;90:*.swp=00;90:*.tmp=00;90:*.ucf-dist=00;90:*.ucf-new=00;90:*.ucf-old=00;90:', 'SSH_AUTH_SOCK': '/run/user/1000/keyring/ssh', 'SHELL': '/bin/bash', 'TERMINATOR_UUID': 'urn:uuid:5581a83b-2776-4023-b1ea-88abfc0c5d5f', 'QT_ACCESSIBILITY': '1', 'GDMSESSION': 'ubuntu', 'LESSCLOSE': '/usr/bin/lesspipe %s %s', 'GPG_AGENT_INFO': '/run/user/1000/gnupg/S.gpg-agent:0:1', 'GJS_DEBUG_OUTPUT': 'stderr', 'VIRTUAL_ENV': '/home/maxim/.local', 'QT_IM_MODULE': 'ibus', 'PWD': '/home/maxim/super_ws/build/px4_msgs', 'QT_QPA_PLATFORM': 'xcb', 'XDG_CONFIG_DIRS': '/etc/xdg/xdg-ubuntu:/etc/xdg', 'XDG_DATA_DIRS': '/usr/share/ubuntu:/usr/share/gnome:/usr/local/share/:/usr/share/:/var/lib/snapd/desktop', 'COLCON': '1', 'MEMORY_PRESSURE_WRITE': 'c29tZSAyMDAwMDAgMjAwMDAwMAA=', 'VTE_VERSION': '7600'}), 'shell': False}
[1.856249] (px4_msgs) StdoutLine: {'line': b'-- Install configuration: ""\n'}
[1.859152] (px4_msgs) StdoutLine: {'line': b'-- Execute custom install script\n'}
[1.860346] (px4_msgs) StdoutLine: {'line': b'-- Up-to-date symlink: /home/maxim/super_ws/install/px4_msgs/share/ament_index/resource_index/rosidl_interfaces/px4_msgs\n'}
[1.860791] (px4_msgs) StdoutLine: {'line': b'-- Up-to-date symlink: /home/maxim/super_ws/install/px4_msgs/share/px4_msgs/msg/ActionRequest.json\n'}
[1.861148] (px4_msgs) StdoutLine: {'line': b'-- Up-to-date symlink: /home/maxim/super_ws/install/px4_msgs/share/px4_msgs/msg/ActuatorArmed.json\n'}
[1.861472] (px4_msgs) StdoutLine: {'line': b'-- Up-to-date symlink: /home/maxim/super_ws/install/px4_msgs/share/px4_msgs/msg/ActuatorControlsStatus.json\n'}
[1.861709] (px4_msgs) StdoutLine: {'line': b'-- Up-to-date symlink: /home/maxim/super_ws/install/px4_msgs/share/px4_msgs/msg/ActuatorMotors.json\n'}
[1.862002] (px4_msgs) StdoutLine: {'line': b'-- Up-to-date symlink: /home/maxim/super_ws/install/px4_msgs/share/px4_msgs/msg/ActuatorOutputs.json\n'}
[1.862157] (px4_msgs) StdoutLine: {'line': b'-- Up-to-date symlink: /home/maxim/super_ws/install/px4_msgs/share/px4_msgs/msg/ActuatorServos.json\n'}
[1.862295] (px4_msgs) StdoutLine: {'line': b'-- Up-to-date symlink: /home/maxim/super_ws/install/px4_msgs/share/px4_msgs/msg/ActuatorServosTrim.json\n'}
[1.862572] (px4_msgs) StdoutLine: {'line': b'-- Up-to-date symlink: /home/maxim/super_ws/install/px4_msgs/share/px4_msgs/msg/ActuatorTest.json\n'}
[1.862767] (px4_msgs) StdoutLine: {'line': b'-- Up-to-date symlink: /home/maxim/super_ws/install/px4_msgs/share/px4_msgs/msg/AdcReport.json\n'}
[1.863081] (px4_msgs) StdoutLine: {'line': b'-- Up-to-date symlink: /home/maxim/super_ws/install/px4_msgs/share/px4_msgs/msg/Airspeed.json\n'}
[1.863328] (px4_msgs) StdoutLine: {'line': b'-- Up-to-date symlink: /home/maxim/super_ws/install/px4_msgs/share/px4_msgs/msg/AirspeedValidated.json\n'}
[1.863540] (px4_msgs) StdoutLine: {'line': b'-- Up-to-date symlink: /home/maxim/super_ws/install/px4_msgs/share/px4_msgs/msg/AirspeedWind.json\n'}
[1.863734] (px4_msgs) StdoutLine: {'line': b'-- Up-to-date symlink: /home/maxim/super_ws/install/px4_msgs/share/px4_msgs/msg/ArmingCheckReply.json\n'}
[1.863949] (px4_msgs) StdoutLine: {'line': b'-- Up-to-date symlink: /home/maxim/super_ws/install/px4_msgs/share/px4_msgs/msg/ArmingCheckRequest.json\n'}
[1.864134] (px4_msgs) StdoutLine: {'line': b'-- Up-to-date symlink: /home/maxim/super_ws/install/px4_msgs/share/px4_msgs/msg/AutotuneAttitudeControlStatus.json\n'}
[1.864298] (px4_msgs) StdoutLine: {'line': b'-- Up-to-date symlink: /home/maxim/super_ws/install/px4_msgs/share/px4_msgs/msg/AuxGlobalPosition.json\n'}
[1.864429] (px4_msgs) StdoutLine: {'line': b'-- Up-to-date symlink: /home/maxim/super_ws/install/px4_msgs/share/px4_msgs/msg/BatteryInfo.json\n'}
[1.864589] (px4_msgs) StdoutLine: {'line': b'-- Up-to-date symlink: /home/maxim/super_ws/install/px4_msgs/share/px4_msgs/msg/BatteryStatus.json\n'}
[1.864896] (px4_msgs) StdoutLine: {'line': b'-- Up-to-date symlink: /home/maxim/super_ws/install/px4_msgs/share/px4_msgs/msg/ButtonEvent.json\n'}
[1.865114] (px4_msgs) StdoutLine: {'line': b'-- Up-to-date symlink: /home/maxim/super_ws/install/px4_msgs/share/px4_msgs/msg/CameraCapture.json\n'}
[1.865269] (px4_msgs) StdoutLine: {'line': b'-- Up-to-date symlink: /home/maxim/super_ws/install/px4_msgs/share/px4_msgs/msg/CameraStatus.json\n'}
[1.865492] (px4_msgs) StdoutLine: {'line': b'-- Up-to-date symlink: /home/maxim/super_ws/install/px4_msgs/share/px4_msgs/msg/CameraTrigger.json\n'}
[1.865638] (px4_msgs) StdoutLine: {'line': b'-- Up-to-date symlink: /home/maxim/super_ws/install/px4_msgs/share/px4_msgs/msg/CanInterfaceStatus.json\n'}
[1.865857] (px4_msgs) StdoutLine: {'line': b'-- Up-to-date symlink: /home/maxim/super_ws/install/px4_msgs/share/px4_msgs/msg/CellularStatus.json\n'}
[1.866009] (px4_msgs) StdoutLine: {'line': b'-- Up-to-date symlink: /home/maxim/super_ws/install/px4_msgs/share/px4_msgs/msg/CollisionConstraints.json\n'}
[1.866220] (px4_msgs) StdoutLine: {'line': b'-- Up-to-date symlink: /home/maxim/super_ws/install/px4_msgs/share/px4_msgs/msg/ConfigOverrides.json\n'}
[1.866376] (px4_msgs) StdoutLine: {'line': b'-- Up-to-date symlink: /home/maxim/super_ws/install/px4_msgs/share/px4_msgs/msg/ControlAllocatorStatus.json\n'}
[1.866629] (px4_msgs) StdoutLine: {'line': b'-- Up-to-date symlink: /home/maxim/super_ws/install/px4_msgs/share/px4_msgs/msg/Cpuload.json\n'}
[1.866742] (px4_msgs) StdoutLine: {'line': b'-- Up-to-date symlink: /home/maxim/super_ws/install/px4_msgs/share/px4_msgs/msg/DatamanRequest.json\n'}
[1.866962] (px4_msgs) StdoutLine: {'line': b'-- Up-to-date symlink: /home/maxim/super_ws/install/px4_msgs/share/px4_msgs/msg/DatamanResponse.json\n'}
[1.867186] (px4_msgs) StdoutLine: {'line': b'-- Up-to-date symlink: /home/maxim/super_ws/install/px4_msgs/share/px4_msgs/msg/DebugArray.json\n'}
[1.867326] (px4_msgs) StdoutLine: {'line': b'-- Up-to-date symlink: /home/maxim/super_ws/install/px4_msgs/share/px4_msgs/msg/DebugKeyValue.json\n'}
[1.867515] (px4_msgs) StdoutLine: {'line': b'-- Up-to-date symlink: /home/maxim/super_ws/install/px4_msgs/share/px4_msgs/msg/DebugValue.json\n'}
[1.867663] (px4_msgs) StdoutLine: {'line': b'-- Up-to-date symlink: /home/maxim/super_ws/install/px4_msgs/share/px4_msgs/msg/DebugVect.json\n'}
[1.867880] (px4_msgs) StdoutLine: {'line': b'-- Up-to-date symlink: /home/maxim/super_ws/install/px4_msgs/share/px4_msgs/msg/DeviceInformation.json\n'}
[1.868087] (px4_msgs) StdoutLine: {'line': b'-- Up-to-date symlink: /home/maxim/super_ws/install/px4_msgs/share/px4_msgs/msg/DifferentialPressure.json\n'}
[1.868269] (px4_msgs) StdoutLine: {'line': b'-- Up-to-date symlink: /home/maxim/super_ws/install/px4_msgs/share/px4_msgs/msg/DistanceSensor.json\n'}
[1.868415] (px4_msgs) StdoutLine: {'line': b'-- Up-to-date symlink: /home/maxim/super_ws/install/px4_msgs/share/px4_msgs/msg/DistanceSensorModeChangeRequest.json\n'}
[1.868573] (px4_msgs) StdoutLine: {'line': b'-- Up-to-date symlink: /home/maxim/super_ws/install/px4_msgs/share/px4_msgs/msg/DronecanNodeStatus.json\n'}
[1.868763] (px4_msgs) StdoutLine: {'line': b'-- Up-to-date symlink: /home/maxim/super_ws/install/px4_msgs/share/px4_msgs/msg/Ekf2Timestamps.json\n'}
[1.868981] (px4_msgs) StdoutLine: {'line': b'-- Up-to-date symlink: /home/maxim/super_ws/install/px4_msgs/share/px4_msgs/msg/EscEepromRead.json\n'}
[1.869097] (px4_msgs) StdoutLine: {'line': b'-- Up-to-date symlink: /home/maxim/super_ws/install/px4_msgs/share/px4_msgs/msg/EscEepromWrite.json\n'}
[1.869375] (px4_msgs) StdoutLine: {'line': b'-- Up-to-date symlink: /home/maxim/super_ws/install/px4_msgs/share/px4_msgs/msg/EscReport.json\n'}
[1.869623] (px4_msgs) StdoutLine: {'line': b'-- Up-to-date symlink: /home/maxim/super_ws/install/px4_msgs/share/px4_msgs/msg/EscStatus.json\n'}
[1.869854] (px4_msgs) StdoutLine: {'line': b'-- Up-to-date symlink: /home/maxim/super_ws/install/px4_msgs/share/px4_msgs/msg/EstimatorAidSource1d.json\n'}
[1.870105] (px4_msgs) StdoutLine: {'line': b'-- Up-to-date symlink: /home/maxim/super_ws/install/px4_msgs/share/px4_msgs/msg/EstimatorAidSource2d.json\n'}
[1.870297] (px4_msgs) StdoutLine: {'line': b'-- Up-to-date symlink: /home/maxim/super_ws/install/px4_msgs/share/px4_msgs/msg/EstimatorAidSource3d.json\n'}
[1.870458] (px4_msgs) StdoutLine: {'line': b'-- Up-to-date symlink: /home/maxim/super_ws/install/px4_msgs/share/px4_msgs/msg/EstimatorBias.json\n'}
[1.870649] (px4_msgs) StdoutLine: {'line': b'-- Up-to-date symlink: /home/maxim/super_ws/install/px4_msgs/share/px4_msgs/msg/EstimatorBias3d.json\n'}
[1.870945] (px4_msgs) StdoutLine: {'line': b'-- Up-to-date symlink: /home/maxim/super_ws/install/px4_msgs/share/px4_msgs/msg/EstimatorEventFlags.json\n'}
[1.871104] (px4_msgs) StdoutLine: {'line': b'-- Up-to-date symlink: /home/maxim/super_ws/install/px4_msgs/share/px4_msgs/msg/EstimatorFusionControl.json\n'}
[1.871302] (px4_msgs) StdoutLine: {'line': b'-- Up-to-date symlink: /home/maxim/super_ws/install/px4_msgs/share/px4_msgs/msg/EstimatorGpsStatus.json\n'}
[1.871487] (px4_msgs) StdoutLine: {'line': b'-- Up-to-date symlink: /home/maxim/super_ws/install/px4_msgs/share/px4_msgs/msg/EstimatorInnovations.json\n'}
[1.871654] (px4_msgs) StdoutLine: {'line': b'-- Up-to-date symlink: /home/maxim/super_ws/install/px4_msgs/share/px4_msgs/msg/EstimatorSelectorStatus.json\n'}
[1.871842] (px4_msgs) StdoutLine: {'line': b'-- Up-to-date symlink: /home/maxim/super_ws/install/px4_msgs/share/px4_msgs/msg/EstimatorSensorBias.json\n'}
[1.872033] (px4_msgs) StdoutLine: {'line': b'-- Up-to-date symlink: /home/maxim/super_ws/install/px4_msgs/share/px4_msgs/msg/EstimatorStates.json\n'}
[1.872207] (px4_msgs) StdoutLine: {'line': b'-- Up-to-date symlink: /home/maxim/super_ws/install/px4_msgs/share/px4_msgs/msg/EstimatorStatus.json\n'}
[1.872413] (px4_msgs) StdoutLine: {'line': b'-- Up-to-date symlink: /home/maxim/super_ws/install/px4_msgs/share/px4_msgs/msg/EstimatorStatusFlags.json\n'}
[1.872629] (px4_msgs) StdoutLine: {'line': b'-- Up-to-date symlink: /home/maxim/super_ws/install/px4_msgs/share/px4_msgs/msg/Event.json\n'}
[1.872856] (px4_msgs) StdoutLine: {'line': b'-- Up-to-date symlink: /home/maxim/super_ws/install/px4_msgs/share/px4_msgs/msg/FailsafeFlags.json\n'}
[1.873040] (px4_msgs) StdoutLine: {'line': b'-- Up-to-date symlink: /home/maxim/super_ws/install/px4_msgs/share/px4_msgs/msg/FailureDetectorStatus.json\n'}
[1.873285] (px4_msgs) StdoutLine: {'line': b'-- Up-to-date symlink: /home/maxim/super_ws/install/px4_msgs/share/px4_msgs/msg/FiducialMarkerPosReport.json\n'}
[1.873578] (px4_msgs) StdoutLine: {'line': b'-- Up-to-date symlink: /home/maxim/super_ws/install/px4_msgs/share/px4_msgs/msg/FiducialMarkerYawReport.json\n'}
[1.873739] (px4_msgs) StdoutLine: {'line': b'-- Up-to-date symlink: /home/maxim/super_ws/install/px4_msgs/share/px4_msgs/msg/FigureEightStatus.json\n'}
[1.874020] (px4_msgs) StdoutLine: {'line': b'-- Up-to-date symlink: /home/maxim/super_ws/install/px4_msgs/share/px4_msgs/msg/FixedWingLateralGuidanceStatus.json\n'}
[1.874264] (px4_msgs) StdoutLine: {'line': b'-- Up-to-date symlink: /home/maxim/super_ws/install/px4_msgs/share/px4_msgs/msg/FixedWingLateralSetpoint.json\n'}
[1.874452] (px4_msgs) StdoutLine: {'line': b'-- Up-to-date symlink: /home/maxim/super_ws/install/px4_msgs/share/px4_msgs/msg/FixedWingLateralStatus.json\n'}
[1.874601] (px4_msgs) StdoutLine: {'line': b'-- Up-to-date symlink: /home/maxim/super_ws/install/px4_msgs/share/px4_msgs/msg/FixedWingLongitudinalSetpoint.json\n'}
[1.874764] (px4_msgs) StdoutLine: {'line': b'-- Up-to-date symlink: /home/maxim/super_ws/install/px4_msgs/share/px4_msgs/msg/FixedWingRunwayControl.json\n'}
[1.874977] (px4_msgs) StdoutLine: {'line': b'-- Up-to-date symlink: /home/maxim/super_ws/install/px4_msgs/share/px4_msgs/msg/FlightPhaseEstimation.json\n'}
[1.875223] (px4_msgs) StdoutLine: {'line': b'-- Up-to-date symlink: /home/maxim/super_ws/install/px4_msgs/share/px4_msgs/msg/FollowTarget.json\n'}
[1.875405] (px4_msgs) StdoutLine: {'line': b'-- Up-to-date symlink: /home/maxim/super_ws/install/px4_msgs/share/px4_msgs/msg/FollowTargetEstimator.json\n'}
[1.875516] (px4_msgs) StdoutLine: {'line': b'-- Up-to-date symlink: /home/maxim/super_ws/install/px4_msgs/share/px4_msgs/msg/FollowTargetStatus.json\n'}
[1.875698] (px4_msgs) StdoutLine: {'line': b'-- Up-to-date symlink: /home/maxim/super_ws/install/px4_msgs/share/px4_msgs/msg/FuelTankStatus.json\n'}
[1.875922] (px4_msgs) StdoutLine: {'line': b'-- Up-to-date symlink: /home/maxim/super_ws/install/px4_msgs/share/px4_msgs/msg/GainCompression.json\n'}
[1.876097] (px4_msgs) StdoutLine: {'line': b'-- Up-to-date symlink: /home/maxim/super_ws/install/px4_msgs/share/px4_msgs/msg/GeneratorStatus.json\n'}
[1.876280] (px4_msgs) StdoutLine: {'line': b'-- Up-to-date symlink: /home/maxim/super_ws/install/px4_msgs/share/px4_msgs/msg/GeofenceResult.json\n'}
[1.876483] (px4_msgs) StdoutLine: {'line': b'-- Up-to-date symlink: /home/maxim/super_ws/install/px4_msgs/share/px4_msgs/msg/GeofenceStatus.json\n'}
[1.876635] (px4_msgs) StdoutLine: {'line': b'-- Up-to-date symlink: /home/maxim/super_ws/install/px4_msgs/share/px4_msgs/msg/GimbalControls.json\n'}
[1.876885] (px4_msgs) StdoutLine: {'line': b'-- Up-to-date symlink: /home/maxim/super_ws/install/px4_msgs/share/px4_msgs/msg/GimbalDeviceAttitudeStatus.json\n'}
[1.877049] (px4_msgs) StdoutLine: {'line': b'-- Up-to-date symlink: /home/maxim/super_ws/install/px4_msgs/share/px4_msgs/msg/GimbalDeviceInformation.json\n'}
[1.877233] (px4_msgs) StdoutLine: {'line': b'-- Up-to-date symlink: /home/maxim/super_ws/install/px4_msgs/share/px4_msgs/msg/GimbalDeviceSetAttitude.json\n'}
[1.877433] (px4_msgs) StdoutLine: {'line': b'-- Up-to-date symlink: /home/maxim/super_ws/install/px4_msgs/share/px4_msgs/msg/GimbalManagerInformation.json\n'}
[1.877665] (px4_msgs) StdoutLine: {'line': b'-- Up-to-date symlink: /home/maxim/super_ws/install/px4_msgs/share/px4_msgs/msg/GimbalManagerSetAttitude.json\n'}
[1.877840] (px4_msgs) StdoutLine: {'line': b'-- Up-to-date symlink: /home/maxim/super_ws/install/px4_msgs/share/px4_msgs/msg/GimbalManagerSetManualControl.json\n'}
[1.878141] (px4_msgs) StdoutLine: {'line': b'-- Up-to-date symlink: /home/maxim/super_ws/install/px4_msgs/share/px4_msgs/msg/GimbalManagerStatus.json\n'}
[1.878261] (px4_msgs) StdoutLine: {'line': b'-- Up-to-date symlink: /home/maxim/super_ws/install/px4_msgs/share/px4_msgs/msg/GotoSetpoint.json\n'}
[1.878511] (px4_msgs) StdoutLine: {'line': b'-- Up-to-date symlink: /home/maxim/super_ws/install/px4_msgs/share/px4_msgs/msg/GpioConfig.json\n'}
[1.878792] (px4_msgs) StdoutLine: {'line': b'-- Up-to-date symlink: /home/maxim/super_ws/install/px4_msgs/share/px4_msgs/msg/GpioIn.json\n'}
[1.878960] (px4_msgs) StdoutLine: {'line': b'-- Up-to-date symlink: /home/maxim/super_ws/install/px4_msgs/share/px4_msgs/msg/GpioOut.json\n'}
[1.879128] (px4_msgs) StdoutLine: {'line': b'-- Up-to-date symlink: /home/maxim/super_ws/install/px4_msgs/share/px4_msgs/msg/GpioRequest.json\n'}
[1.879363] (px4_msgs) StdoutLine: {'line': b'-- Up-to-date symlink: /home/maxim/super_ws/install/px4_msgs/share/px4_msgs/msg/GpsDump.json\n'}
[1.879554] (px4_msgs) StdoutLine: {'line': b'-- Up-to-date symlink: /home/maxim/super_ws/install/px4_msgs/share/px4_msgs/msg/GpsInjectData.json\n'}
[1.879708] (px4_msgs) StdoutLine: {'line': b'-- Up-to-date symlink: /home/maxim/super_ws/install/px4_msgs/share/px4_msgs/msg/Gripper.json\n'}
[1.879923] (px4_msgs) StdoutLine: {'line': b'-- Up-to-date symlink: /home/maxim/super_ws/install/px4_msgs/share/px4_msgs/msg/HealthReport.json\n'}
[1.880076] (px4_msgs) StdoutLine: {'line': b'-- Up-to-date symlink: /home/maxim/super_ws/install/px4_msgs/share/px4_msgs/msg/HeaterStatus.json\n'}
[1.880288] (px4_msgs) StdoutLine: {'line': b'-- Up-to-date symlink: /home/maxim/super_ws/install/px4_msgs/share/px4_msgs/msg/HomePosition.json\n'}
[1.880397] (px4_msgs) StdoutLine: {'line': b'-- Up-to-date symlink: /home/maxim/super_ws/install/px4_msgs/share/px4_msgs/msg/HoverThrustEstimate.json\n'}
[1.880575] (px4_msgs) StdoutLine: {'line': b'-- Up-to-date symlink: /home/maxim/super_ws/install/px4_msgs/share/px4_msgs/msg/InputRc.json\n'}
[1.880776] (px4_msgs) StdoutLine: {'line': b'-- Up-to-date symlink: /home/maxim/super_ws/install/px4_msgs/share/px4_msgs/msg/InternalCombustionEngineControl.json\n'}
[1.880970] (px4_msgs) StdoutLine: {'line': b'-- Up-to-date symlink: /home/maxim/super_ws/install/px4_msgs/share/px4_msgs/msg/InternalCombustionEngineStatus.json\n'}
[1.881188] (px4_msgs) StdoutLine: {'line': b'-- Up-to-date symlink: /home/maxim/super_ws/install/px4_msgs/share/px4_msgs/msg/IridiumsbdStatus.json\n'}
[1.881367] (px4_msgs) StdoutLine: {'line': b'-- Up-to-date symlink: /home/maxim/super_ws/install/px4_msgs/share/px4_msgs/msg/IrlockReport.json\n'}
[1.881582] (px4_msgs) StdoutLine: {'line': b'-- Up-to-date symlink: /home/maxim/super_ws/install/px4_msgs/share/px4_msgs/msg/LandingGear.json\n'}
[1.881713] (px4_msgs) StdoutLine: {'line': b'-- Up-to-date symlink: /home/maxim/super_ws/install/px4_msgs/share/px4_msgs/msg/LandingGearWheel.json\n'}
[1.881937] (px4_msgs) StdoutLine: {'line': b'-- Up-to-date symlink: /home/maxim/super_ws/install/px4_msgs/share/px4_msgs/msg/LandingTargetInnovations.json\n'}
[1.882089] (px4_msgs) StdoutLine: {'line': b'-- Up-to-date symlink: /home/maxim/super_ws/install/px4_msgs/share/px4_msgs/msg/LandingTargetPose.json\n'}
[1.882249] (px4_msgs) StdoutLine: {'line': b'-- Up-to-date symlink: /home/maxim/super_ws/install/px4_msgs/share/px4_msgs/msg/LateralControlConfiguration.json\n'}
[1.882435] (px4_msgs) StdoutLine: {'line': b'-- Up-to-date symlink: /home/maxim/super_ws/install/px4_msgs/share/px4_msgs/msg/LaunchDetectionStatus.json\n'}
[1.882623] (px4_msgs) StdoutLine: {'line': b'-- Up-to-date symlink: /home/maxim/super_ws/install/px4_msgs/share/px4_msgs/msg/LedControl.json\n'}
[1.882864] (px4_msgs) StdoutLine: {'line': b'-- Up-to-date symlink: /home/maxim/super_ws/install/px4_msgs/share/px4_msgs/msg/LogMessage.json\n'}
[1.882989] (px4_msgs) StdoutLine: {'line': b'-- Up-to-date symlink: /home/maxim/super_ws/install/px4_msgs/share/px4_msgs/msg/LoggerStatus.json\n'}
[1.883209] (px4_msgs) StdoutLine: {'line': b'-- Up-to-date symlink: /home/maxim/super_ws/install/px4_msgs/share/px4_msgs/msg/LongitudinalControlConfiguration.json\n'}
[1.883422] (px4_msgs) StdoutLine: {'line': b'-- Up-to-date symlink: /home/maxim/super_ws/install/px4_msgs/share/px4_msgs/msg/MagWorkerData.json\n'}
[1.883598] (px4_msgs) StdoutLine: {'line': b'-- Up-to-date symlink: /home/maxim/super_ws/install/px4_msgs/share/px4_msgs/msg/MagnetometerBiasEstimate.json\n'}
[1.883871] (px4_msgs) StdoutLine: {'line': b'-- Up-to-date symlink: /home/maxim/super_ws/install/px4_msgs/share/px4_msgs/msg/ManualControlSetpoint.json\n'}
[1.884049] (px4_msgs) StdoutLine: {'line': b'-- Up-to-date symlink: /home/maxim/super_ws/install/px4_msgs/share/px4_msgs/msg/ManualControlSwitches.json\n'}
[1.884188] (px4_msgs) StdoutLine: {'line': b'-- Up-to-date symlink: /home/maxim/super_ws/install/px4_msgs/share/px4_msgs/msg/MavlinkLog.json\n'}
[1.884372] (px4_msgs) StdoutLine: {'line': b'-- Up-to-date symlink: /home/maxim/super_ws/install/px4_msgs/share/px4_msgs/msg/MavlinkTunnel.json\n'}
[1.884546] (px4_msgs) StdoutLine: {'line': b'-- Up-to-date symlink: /home/maxim/super_ws/install/px4_msgs/share/px4_msgs/msg/MessageFormatRequest.json\n'}
[1.884730] (px4_msgs) StdoutLine: {'line': b'-- Up-to-date symlink: /home/maxim/super_ws/install/px4_msgs/share/px4_msgs/msg/MessageFormatResponse.json\n'}
[1.884894] (px4_msgs) StdoutLine: {'line': b'-- Up-to-date symlink: /home/maxim/super_ws/install/px4_msgs/share/px4_msgs/msg/Mission.json\n'}
[1.885133] (px4_msgs) StdoutLine: {'line': b'-- Up-to-date symlink: /home/maxim/super_ws/install/px4_msgs/share/px4_msgs/msg/MissionResult.json\n'}
[1.885310] (px4_msgs) StdoutLine: {'line': b'-- Up-to-date symlink: /home/maxim/super_ws/install/px4_msgs/share/px4_msgs/msg/ModeCompleted.json\n'}
[1.885479] (px4_msgs) StdoutLine: {'line': b'-- Up-to-date symlink: /home/maxim/super_ws/install/px4_msgs/share/px4_msgs/msg/MountOrientation.json\n'}
[1.885652] (px4_msgs) StdoutLine: {'line': b'-- Up-to-date symlink: /home/maxim/super_ws/install/px4_msgs/share/px4_msgs/msg/NavigatorMissionItem.json\n'}
[1.885813] (px4_msgs) StdoutLine: {'line': b'-- Up-to-date symlink: /home/maxim/super_ws/install/px4_msgs/share/px4_msgs/msg/NavigatorStatus.json\n'}
[1.886048] (px4_msgs) StdoutLine: {'line': b'-- Up-to-date symlink: /home/maxim/super_ws/install/px4_msgs/share/px4_msgs/msg/NeuralControl.json\n'}
[1.886188] (px4_msgs) StdoutLine: {'line': b'-- Up-to-date symlink: /home/maxim/super_ws/install/px4_msgs/share/px4_msgs/msg/NormalizedUnsignedSetpoint.json\n'}
[1.886372] (px4_msgs) StdoutLine: {'line': b'-- Up-to-date symlink: /home/maxim/super_ws/install/px4_msgs/share/px4_msgs/msg/ObstacleDistance.json\n'}
[1.886553] (px4_msgs) StdoutLine: {'line': b'-- Up-to-date symlink: /home/maxim/super_ws/install/px4_msgs/share/px4_msgs/msg/OffboardControlMode.json\n'}
[1.886854] (px4_msgs) StdoutLine: {'line': b'-- Up-to-date symlink: /home/maxim/super_ws/install/px4_msgs/share/px4_msgs/msg/OnboardComputerStatus.json\n'}
[1.887049] (px4_msgs) StdoutLine: {'line': b'-- Up-to-date symlink: /home/maxim/super_ws/install/px4_msgs/share/px4_msgs/msg/OpenDroneIdArmStatus.json\n'}
[1.887235] (px4_msgs) StdoutLine: {'line': b'-- Up-to-date symlink: /home/maxim/super_ws/install/px4_msgs/share/px4_msgs/msg/OpenDroneIdOperatorId.json\n'}
[1.887419] (px4_msgs) StdoutLine: {'line': b'-- Up-to-date symlink: /home/maxim/super_ws/install/px4_msgs/share/px4_msgs/msg/OpenDroneIdSelfId.json\n'}
[1.887607] (px4_msgs) StdoutLine: {'line': b'-- Up-to-date symlink: /home/maxim/super_ws/install/px4_msgs/share/px4_msgs/msg/OpenDroneIdSystem.json\n'}
[1.887807] (px4_msgs) StdoutLine: {'line': b'-- Up-to-date symlink: /home/maxim/super_ws/install/px4_msgs/share/px4_msgs/msg/OrbTest.json\n'}
[1.888015] (px4_msgs) StdoutLine: {'line': b'-- Up-to-date symlink: /home/maxim/super_ws/install/px4_msgs/share/px4_msgs/msg/OrbTestLarge.json\n'}
[1.888224] (px4_msgs) StdoutLine: {'line': b'-- Up-to-date symlink: /home/maxim/super_ws/install/px4_msgs/share/px4_msgs/msg/OrbTestMedium.json\n'}
[1.888350] (px4_msgs) StdoutLine: {'line': b'-- Up-to-date symlink: /home/maxim/super_ws/install/px4_msgs/share/px4_msgs/msg/OrbitStatus.json\n'}
[1.888569] (px4_msgs) StdoutLine: {'line': b'-- Up-to-date symlink: /home/maxim/super_ws/install/px4_msgs/share/px4_msgs/msg/ParameterResetRequest.json\n'}
[1.888804] (px4_msgs) StdoutLine: {'line': b'-- Up-to-date symlink: /home/maxim/super_ws/install/px4_msgs/share/px4_msgs/msg/ParameterSetUsedRequest.json\n'}
[1.889058] (px4_msgs) StdoutLine: {'line': b'-- Up-to-date symlink: /home/maxim/super_ws/install/px4_msgs/share/px4_msgs/msg/ParameterSetValueRequest.json\n'}
[1.889236] (px4_msgs) StdoutLine: {'line': b'-- Up-to-date symlink: /home/maxim/super_ws/install/px4_msgs/share/px4_msgs/msg/ParameterSetValueResponse.json\n'}
[1.889510] (px4_msgs) StdoutLine: {'line': b'-- Up-to-date symlink: /home/maxim/super_ws/install/px4_msgs/share/px4_msgs/msg/ParameterUpdate.json\n'}
[1.889687] (px4_msgs) StdoutLine: {'line': b'-- Up-to-date symlink: /home/maxim/super_ws/install/px4_msgs/share/px4_msgs/msg/Ping.json\n'}
[1.889995] (px4_msgs) StdoutLine: {'line': b'-- Up-to-date symlink: /home/maxim/super_ws/install/px4_msgs/share/px4_msgs/msg/PositionControllerLandingStatus.json\n'}
[1.890188] (px4_msgs) StdoutLine: {'line': b'-- Up-to-date symlink: /home/maxim/super_ws/install/px4_msgs/share/px4_msgs/msg/PositionControllerStatus.json\n'}
[1.890287] (px4_msgs) StdoutLine: {'line': b'-- Up-to-date symlink: /home/maxim/super_ws/install/px4_msgs/share/px4_msgs/msg/PositionSetpoint.json\n'}
[1.890472] (px4_msgs) StdoutLine: {'line': b'-- Up-to-date symlink: /home/maxim/super_ws/install/px4_msgs/share/px4_msgs/msg/PositionSetpointTriplet.json\n'}
[1.890680] (px4_msgs) StdoutLine: {'line': b'-- Up-to-date symlink: /home/maxim/super_ws/install/px4_msgs/share/px4_msgs/msg/PowerButtonState.json\n'}
[1.890877] (px4_msgs) StdoutLine: {'line': b'-- Up-to-date symlink: /home/maxim/super_ws/install/px4_msgs/share/px4_msgs/msg/PowerMonitor.json\n'}
[1.891084] (px4_msgs) StdoutLine: {'line': b'-- Up-to-date symlink: /home/maxim/super_ws/install/px4_msgs/share/px4_msgs/msg/PpsCapture.json\n'}
[1.891280] (px4_msgs) StdoutLine: {'line': b'-- Up-to-date symlink: /home/maxim/super_ws/install/px4_msgs/share/px4_msgs/msg/PrecLandStatus.json\n'}
[1.891473] (px4_msgs) StdoutLine: {'line': b'-- Up-to-date symlink: /home/maxim/super_ws/install/px4_msgs/share/px4_msgs/msg/PurePursuitStatus.json\n'}
[1.891631] (px4_msgs) StdoutLine: {'line': b'-- Up-to-date symlink: /home/maxim/super_ws/install/px4_msgs/share/px4_msgs/msg/PwmInput.json\n'}
[1.891827] (px4_msgs) StdoutLine: {'line': b'-- Up-to-date symlink: /home/maxim/super_ws/install/px4_msgs/share/px4_msgs/msg/Px4ioStatus.json\n'}
[1.892007] (px4_msgs) StdoutLine: {'line': b'-- Up-to-date symlink: /home/maxim/super_ws/install/px4_msgs/share/px4_msgs/msg/QshellReq.json\n'}
[1.892198] (px4_msgs) StdoutLine: {'line': b'-- Up-to-date symlink: /home/maxim/super_ws/install/px4_msgs/share/px4_msgs/msg/QshellRetval.json\n'}
[1.892382] (px4_msgs) StdoutLine: {'line': b'-- Up-to-date symlink: /home/maxim/super_ws/install/px4_msgs/share/px4_msgs/msg/RadioStatus.json\n'}
[1.892569] (px4_msgs) StdoutLine: {'line': b'-- Up-to-date symlink: /home/maxim/super_ws/install/px4_msgs/share/px4_msgs/msg/RangingBeacon.json\n'}
[1.892717] (px4_msgs) StdoutLine: {'line': b'-- Up-to-date symlink: /home/maxim/super_ws/install/px4_msgs/share/px4_msgs/msg/RaptorInput.json\n'}
[1.892946] (px4_msgs) StdoutLine: {'line': b'-- Up-to-date symlink: /home/maxim/super_ws/install/px4_msgs/share/px4_msgs/msg/RaptorStatus.json\n'}
[1.893133] (px4_msgs) StdoutLine: {'line': b'-- Up-to-date symlink: /home/maxim/super_ws/install/px4_msgs/share/px4_msgs/msg/RateCtrlStatus.json\n'}
[1.893322] (px4_msgs) StdoutLine: {'line': b'-- Up-to-date symlink: /home/maxim/super_ws/install/px4_msgs/share/px4_msgs/msg/RcChannels.json\n'}
[1.893506] (px4_msgs) StdoutLine: {'line': b'-- Up-to-date symlink: /home/maxim/super_ws/install/px4_msgs/share/px4_msgs/msg/RcParameterMap.json\n'}
[1.893691] (px4_msgs) StdoutLine: {'line': b'-- Up-to-date symlink: /home/maxim/super_ws/install/px4_msgs/share/px4_msgs/msg/RegisterExtComponentReply.json\n'}
[1.893947] (px4_msgs) StdoutLine: {'line': b'-- Up-to-date symlink: /home/maxim/super_ws/install/px4_msgs/share/px4_msgs/msg/RegisterExtComponentRequest.json\n'}
[1.894178] (px4_msgs) StdoutLine: {'line': b'-- Up-to-date symlink: /home/maxim/super_ws/install/px4_msgs/share/px4_msgs/msg/RoverAttitudeSetpoint.json\n'}
[1.894370] (px4_msgs) StdoutLine: {'line': b'-- Up-to-date symlink: /home/maxim/super_ws/install/px4_msgs/share/px4_msgs/msg/RoverAttitudeStatus.json\n'}
[1.894616] (px4_msgs) StdoutLine: {'line': b'-- Up-to-date symlink: /home/maxim/super_ws/install/px4_msgs/share/px4_msgs/msg/RoverPositionSetpoint.json\n'}
[1.894814] (px4_msgs) StdoutLine: {'line': b'-- Up-to-date symlink: /home/maxim/super_ws/install/px4_msgs/share/px4_msgs/msg/RoverRateSetpoint.json\n'}
[1.895081] (px4_msgs) StdoutLine: {'line': b'-- Up-to-date symlink: /home/maxim/super_ws/install/px4_msgs/share/px4_msgs/msg/RoverRateStatus.json\n'}
[1.895315] (px4_msgs) StdoutLine: {'line': b'-- Up-to-date symlink: /home/maxim/super_ws/install/px4_msgs/share/px4_msgs/msg/RoverSpeedSetpoint.json\n'}
[1.895451] (px4_msgs) StdoutLine: {'line': b'-- Up-to-date symlink: /home/maxim/super_ws/install/px4_msgs/share/px4_msgs/msg/RoverSpeedStatus.json\n'}
[1.895640] (px4_msgs) StdoutLine: {'line': b'-- Up-to-date symlink: /home/maxim/super_ws/install/px4_msgs/share/px4_msgs/msg/RoverSteeringSetpoint.json\n'}
[1.895832] (px4_msgs) StdoutLine: {'line': b'-- Up-to-date symlink: /home/maxim/super_ws/install/px4_msgs/share/px4_msgs/msg/RoverThrottleSetpoint.json\n'}
[1.896015] (px4_msgs) StdoutLine: {'line': b'-- Up-to-date symlink: /home/maxim/super_ws/install/px4_msgs/share/px4_msgs/msg/Rpm.json\n'}
[1.896226] (px4_msgs) StdoutLine: {'line': b'-- Up-to-date symlink: /home/maxim/super_ws/install/px4_msgs/share/px4_msgs/msg/RtlStatus.json\n'}
[1.896369] (px4_msgs) StdoutLine: {'line': b'-- Up-to-date symlink: /home/maxim/super_ws/install/px4_msgs/share/px4_msgs/msg/RtlTimeEstimate.json\n'}
[1.896579] (px4_msgs) StdoutLine: {'line': b'-- Up-to-date symlink: /home/maxim/super_ws/install/px4_msgs/share/px4_msgs/msg/SatelliteInfo.json\n'}
[1.896815] (px4_msgs) StdoutLine: {'line': b'-- Up-to-date symlink: /home/maxim/super_ws/install/px4_msgs/share/px4_msgs/msg/SensorAccel.json\n'}
[1.896964] (px4_msgs) StdoutLine: {'line': b'-- Up-to-date symlink: /home/maxim/super_ws/install/px4_msgs/share/px4_msgs/msg/SensorAccelFifo.json\n'}
[1.897179] (px4_msgs) StdoutLine: {'line': b'-- Up-to-date symlink: /home/maxim/super_ws/install/px4_msgs/share/px4_msgs/msg/SensorAirflow.json\n'}
[1.897329] (px4_msgs) StdoutLine: {'line': b'-- Up-to-date symlink: /home/maxim/super_ws/install/px4_msgs/share/px4_msgs/msg/SensorBaro.json\n'}
[1.897542] (px4_msgs) StdoutLine: {'line': b'-- Up-to-date symlink: /home/maxim/super_ws/install/px4_msgs/share/px4_msgs/msg/SensorCombined.json\n'}
[1.897708] (px4_msgs) StdoutLine: {'line': b'-- Up-to-date symlink: /home/maxim/super_ws/install/px4_msgs/share/px4_msgs/msg/SensorCorrection.json\n'}
[1.897943] (px4_msgs) StdoutLine: {'line': b'-- Up-to-date symlink: /home/maxim/super_ws/install/px4_msgs/share/px4_msgs/msg/SensorGnssRelative.json\n'}
[1.898132] (px4_msgs) StdoutLine: {'line': b'-- Up-to-date symlink: /home/maxim/super_ws/install/px4_msgs/share/px4_msgs/msg/SensorGnssStatus.json\n'}
[1.898385] (px4_msgs) StdoutLine: {'line': b'-- Up-to-date symlink: /home/maxim/super_ws/install/px4_msgs/share/px4_msgs/msg/SensorGps.json\n'}
[1.898631] (px4_msgs) StdoutLine: {'line': b'-- Up-to-date symlink: /home/maxim/super_ws/install/px4_msgs/share/px4_msgs/msg/SensorGyro.json\n'}
[1.898971] (px4_msgs) StdoutLine: {'line': b'-- Up-to-date symlink: /home/maxim/super_ws/install/px4_msgs/share/px4_msgs/msg/SensorGyroFft.json\n'}
[1.899259] (px4_msgs) StdoutLine: {'line': b'-- Up-to-date symlink: /home/maxim/super_ws/install/px4_msgs/share/px4_msgs/msg/SensorGyroFifo.json\n'}
[1.899465] (px4_msgs) StdoutLine: {'line': b'-- Up-to-date symlink: /home/maxim/super_ws/install/px4_msgs/share/px4_msgs/msg/SensorHygrometer.json\n'}
[1.899602] (px4_msgs) StdoutLine: {'line': b'-- Up-to-date symlink: /home/maxim/super_ws/install/px4_msgs/share/px4_msgs/msg/SensorMag.json\n'}
[1.899815] (px4_msgs) StdoutLine: {'line': b'-- Up-to-date symlink: /home/maxim/super_ws/install/px4_msgs/share/px4_msgs/msg/SensorOpticalFlow.json\n'}
[1.899981] (px4_msgs) StdoutLine: {'line': b'-- Up-to-date symlink: /home/maxim/super_ws/install/px4_msgs/share/px4_msgs/msg/SensorPreflightMag.json\n'}
[1.900201] (px4_msgs) StdoutLine: {'line': b'-- Up-to-date symlink: /home/maxim/super_ws/install/px4_msgs/share/px4_msgs/msg/SensorSelection.json\n'}
[1.900355] (px4_msgs) StdoutLine: {'line': b'-- Up-to-date symlink: /home/maxim/super_ws/install/px4_msgs/share/px4_msgs/msg/SensorTemp.json\n'}
[1.900577] (px4_msgs) StdoutLine: {'line': b'-- Up-to-date symlink: /home/maxim/super_ws/install/px4_msgs/share/px4_msgs/msg/SensorUwb.json\n'}
[1.900803] (px4_msgs) StdoutLine: {'line': b'-- Up-to-date symlink: /home/maxim/super_ws/install/px4_msgs/share/px4_msgs/msg/SensorsStatus.json\n'}
[1.901018] (px4_msgs) StdoutLine: {'line': b'-- Up-to-date symlink: /home/maxim/super_ws/install/px4_msgs/share/px4_msgs/msg/SensorsStatusImu.json\n'}
[1.901151] (px4_msgs) StdoutLine: {'line': b'-- Up-to-date symlink: /home/maxim/super_ws/install/px4_msgs/share/px4_msgs/msg/SystemPower.json\n'}
[1.901329] (px4_msgs) StdoutLine: {'line': b'-- Up-to-date symlink: /home/maxim/super_ws/install/px4_msgs/share/px4_msgs/msg/TakeoffStatus.json\n'}
[1.901509] (px4_msgs) StdoutLine: {'line': b'-- Up-to-date symlink: /home/maxim/super_ws/install/px4_msgs/share/px4_msgs/msg/TargetGnss.json\n'}
[1.901666] (px4_msgs) StdoutLine: {'line': b'-- Up-to-date symlink: /home/maxim/super_ws/install/px4_msgs/share/px4_msgs/msg/TaskStackInfo.json\n'}
[1.901925] (px4_msgs) StdoutLine: {'line': b'-- Up-to-date symlink: /home/maxim/super_ws/install/px4_msgs/share/px4_msgs/msg/TecsStatus.json\n'}
[1.902079] (px4_msgs) StdoutLine: {'line': b'-- Up-to-date symlink: /home/maxim/super_ws/install/px4_msgs/share/px4_msgs/msg/TelemetryStatus.json\n'}
[1.902286] (px4_msgs) StdoutLine: {'line': b'-- Up-to-date symlink: /home/maxim/super_ws/install/px4_msgs/share/px4_msgs/msg/TiltrotorExtraControls.json\n'}
[1.902443] (px4_msgs) StdoutLine: {'line': b'-- Up-to-date symlink: /home/maxim/super_ws/install/px4_msgs/share/px4_msgs/msg/TimesyncStatus.json\n'}
[1.902663] (px4_msgs) StdoutLine: {'line': b'-- Up-to-date symlink: /home/maxim/super_ws/install/px4_msgs/share/px4_msgs/msg/TrajectorySetpoint.json\n'}
[1.902847] (px4_msgs) StdoutLine: {'line': b'-- Up-to-date symlink: /home/maxim/super_ws/install/px4_msgs/share/px4_msgs/msg/TrajectorySetpoint6dof.json\n'}
[1.903033] (px4_msgs) StdoutLine: {'line': b'-- Up-to-date symlink: /home/maxim/super_ws/install/px4_msgs/share/px4_msgs/msg/TransponderReport.json\n'}
[1.903251] (px4_msgs) StdoutLine: {'line': b'-- Up-to-date symlink: /home/maxim/super_ws/install/px4_msgs/share/px4_msgs/msg/TuneControl.json\n'}
[1.903312] (-) TimerEvent: {}
[1.903439] (px4_msgs) StdoutLine: {'line': b'-- Up-to-date symlink: /home/maxim/super_ws/install/px4_msgs/share/px4_msgs/msg/UavcanParameterRequest.json\n'}
[1.903612] (px4_msgs) StdoutLine: {'line': b'-- Up-to-date symlink: /home/maxim/super_ws/install/px4_msgs/share/px4_msgs/msg/UavcanParameterValue.json\n'}
[1.903733] (px4_msgs) StdoutLine: {'line': b'-- Up-to-date symlink: /home/maxim/super_ws/install/px4_msgs/share/px4_msgs/msg/UlogStream.json\n'}
[1.903925] (px4_msgs) StdoutLine: {'line': b'-- Up-to-date symlink: /home/maxim/super_ws/install/px4_msgs/share/px4_msgs/msg/UlogStreamAck.json\n'}
[1.904108] (px4_msgs) StdoutLine: {'line': b'-- Up-to-date symlink: /home/maxim/super_ws/install/px4_msgs/share/px4_msgs/msg/UnregisterExtComponent.json\n'}
[1.904292] (px4_msgs) StdoutLine: {'line': b'-- Up-to-date symlink: /home/maxim/super_ws/install/px4_msgs/share/px4_msgs/msg/VehicleAcceleration.json\n'}
[1.904478] (px4_msgs) StdoutLine: {'line': b'-- Up-to-date symlink: /home/maxim/super_ws/install/px4_msgs/share/px4_msgs/msg/VehicleAirData.json\n'}
[1.904666] (px4_msgs) StdoutLine: {'line': b'-- Up-to-date symlink: /home/maxim/super_ws/install/px4_msgs/share/px4_msgs/msg/VehicleAngularAccelerationSetpoint.json\n'}
[1.904863] (px4_msgs) StdoutLine: {'line': b'-- Up-to-date symlink: /home/maxim/super_ws/install/px4_msgs/share/px4_msgs/msg/VehicleAngularVelocity.json\n'}
[1.905065] (px4_msgs) StdoutLine: {'line': b'-- Up-to-date symlink: /home/maxim/super_ws/install/px4_msgs/share/px4_msgs/msg/VehicleAttitude.json\n'}
[1.905242] (px4_msgs) StdoutLine: {'line': b'-- Up-to-date symlink: /home/maxim/super_ws/install/px4_msgs/share/px4_msgs/msg/VehicleAttitudeSetpoint.json\n'}
[1.905425] (px4_msgs) StdoutLine: {'line': b'-- Up-to-date symlink: /home/maxim/super_ws/install/px4_msgs/share/px4_msgs/msg/VehicleCommand.json\n'}
[1.905609] (px4_msgs) StdoutLine: {'line': b'-- Up-to-date symlink: /home/maxim/super_ws/install/px4_msgs/share/px4_msgs/msg/VehicleCommandAck.json\n'}
[1.905775] (px4_msgs) StdoutLine: {'line': b'-- Up-to-date symlink: /home/maxim/super_ws/install/px4_msgs/share/px4_msgs/msg/VehicleConstraints.json\n'}
[1.906002] (px4_msgs) StdoutLine: {'line': b'-- Up-to-date symlink: /home/maxim/super_ws/install/px4_msgs/share/px4_msgs/msg/VehicleControlMode.json\n'}
[1.906143] (px4_msgs) StdoutLine: {'line': b'-- Up-to-date symlink: /home/maxim/super_ws/install/px4_msgs/share/px4_msgs/msg/VehicleGlobalPosition.json\n'}
[1.906352] (px4_msgs) StdoutLine: {'line': b'-- Up-to-date symlink: /home/maxim/super_ws/install/px4_msgs/share/px4_msgs/msg/VehicleImu.json\n'}
[1.906538] (px4_msgs) StdoutLine: {'line': b'-- Up-to-date symlink: /home/maxim/super_ws/install/px4_msgs/share/px4_msgs/msg/VehicleImuStatus.json\n'}
[1.906821] (px4_msgs) StdoutLine: {'line': b'-- Up-to-date symlink: /home/maxim/super_ws/install/px4_msgs/share/px4_msgs/msg/VehicleLandDetected.json\n'}
[1.906973] (px4_msgs) StdoutLine: {'line': b'-- Up-to-date symlink: /home/maxim/super_ws/install/px4_msgs/share/px4_msgs/msg/VehicleLocalPosition.json\n'}
[1.907157] (px4_msgs) StdoutLine: {'line': b'-- Up-to-date symlink: /home/maxim/super_ws/install/px4_msgs/share/px4_msgs/msg/VehicleLocalPositionSetpoint.json\n'}
[1.907315] (px4_msgs) StdoutLine: {'line': b'-- Up-to-date symlink: /home/maxim/super_ws/install/px4_msgs/share/px4_msgs/msg/VehicleMagnetometer.json\n'}
[1.907467] (px4_msgs) StdoutLine: {'line': b'-- Up-to-date symlink: /home/maxim/super_ws/install/px4_msgs/share/px4_msgs/msg/VehicleOdometry.json\n'}
[1.907690] (px4_msgs) StdoutLine: {'line': b'-- Up-to-date symlink: /home/maxim/super_ws/install/px4_msgs/share/px4_msgs/msg/VehicleOpticalFlow.json\n'}
[1.907851] (px4_msgs) StdoutLine: {'line': b'-- Up-to-date symlink: /home/maxim/super_ws/install/px4_msgs/share/px4_msgs/msg/VehicleOpticalFlowVel.json\n'}
[1.908081] (px4_msgs) StdoutLine: {'line': b'-- Up-to-date symlink: /home/maxim/super_ws/install/px4_msgs/share/px4_msgs/msg/VehicleRatesSetpoint.json\n'}
[1.908303] (px4_msgs) StdoutLine: {'line': b'-- Up-to-date symlink: /home/maxim/super_ws/install/px4_msgs/share/px4_msgs/msg/VehicleRoi.json\n'}
[1.908405] (px4_msgs) StdoutLine: {'line': b'-- Up-to-date symlink: /home/maxim/super_ws/install/px4_msgs/share/px4_msgs/msg/VehicleStatus.json\n'}
[1.908605] (px4_msgs) StdoutLine: {'line': b'-- Up-to-date symlink: /home/maxim/super_ws/install/px4_msgs/share/px4_msgs/msg/VehicleThrustSetpoint.json\n'}
[1.908795] (px4_msgs) StdoutLine: {'line': b'-- Up-to-date symlink: /home/maxim/super_ws/install/px4_msgs/share/px4_msgs/msg/VehicleTorqueSetpoint.json\n'}
[1.908973] (px4_msgs) StdoutLine: {'line': b'-- Up-to-date symlink: /home/maxim/super_ws/install/px4_msgs/share/px4_msgs/msg/VelocityLimits.json\n'}
[1.909214] (px4_msgs) StdoutLine: {'line': b'-- Up-to-date symlink: /home/maxim/super_ws/install/px4_msgs/share/px4_msgs/msg/VteAidSource1d.json\n'}
[1.909391] (px4_msgs) StdoutLine: {'line': b'-- Up-to-date symlink: /home/maxim/super_ws/install/px4_msgs/share/px4_msgs/msg/VteAidSource3d.json\n'}
[1.909577] (px4_msgs) StdoutLine: {'line': b'-- Up-to-date symlink: /home/maxim/super_ws/install/px4_msgs/share/px4_msgs/msg/VteBiasInitStatus.json\n'}
[1.909729] (px4_msgs) StdoutLine: {'line': b'-- Up-to-date symlink: /home/maxim/super_ws/install/px4_msgs/share/px4_msgs/msg/VteInput.json\n'}
[1.909970] (px4_msgs) StdoutLine: {'line': b'-- Up-to-date symlink: /home/maxim/super_ws/install/px4_msgs/share/px4_msgs/msg/VteOrientation.json\n'}
[1.910080] (px4_msgs) StdoutLine: {'line': b'-- Up-to-date symlink: /home/maxim/super_ws/install/px4_msgs/share/px4_msgs/msg/VtePosition.json\n'}
[1.910270] (px4_msgs) StdoutLine: {'line': b'-- Up-to-date symlink: /home/maxim/super_ws/install/px4_msgs/share/px4_msgs/msg/VtolVehicleStatus.json\n'}
[1.910472] (px4_msgs) StdoutLine: {'line': b'-- Up-to-date symlink: /home/maxim/super_ws/install/px4_msgs/share/px4_msgs/msg/Vtx.json\n'}
[1.910611] (px4_msgs) StdoutLine: {'line': b'-- Up-to-date symlink: /home/maxim/super_ws/install/px4_msgs/share/px4_msgs/msg/WheelEncoders.json\n'}
[1.910834] (px4_msgs) StdoutLine: {'line': b'-- Up-to-date symlink: /home/maxim/super_ws/install/px4_msgs/share/px4_msgs/msg/Wind.json\n'}
[1.911045] (px4_msgs) StdoutLine: {'line': b'-- Up-to-date symlink: /home/maxim/super_ws/install/px4_msgs/share/px4_msgs/msg/YawEstimatorStatus.json\n'}
[1.911289] (px4_msgs) StdoutLine: {'line': b'-- Up-to-date symlink: /home/maxim/super_ws/install/px4_msgs/share/px4_msgs/srv/VehicleCommand.json\n'}
[1.920246] (px4_msgs) StdoutLine: {'line': b'-- Up-to-date symlink: /home/maxim/super_ws/install/px4_msgs/include/px4_msgs/px4_msgs/msg/action_request.h\n'}
[1.920449] (px4_msgs) StdoutLine: {'line': b'-- Up-to-date symlink: /home/maxim/super_ws/install/px4_msgs/include/px4_msgs/px4_msgs/msg/actuator_armed.h\n'}
[1.920592] (px4_msgs) StdoutLine: {'line': b'-- Up-to-date symlink: /home/maxim/super_ws/install/px4_msgs/include/px4_msgs/px4_msgs/msg/actuator_controls_status.h\n'}
[1.920810] (px4_msgs) StdoutLine: {'line': b'-- Up-to-date symlink: /home/maxim/super_ws/install/px4_msgs/include/px4_msgs/px4_msgs/msg/actuator_motors.h\n'}
[1.920978] (px4_msgs) StdoutLine: {'line': b'-- Up-to-date symlink: /home/maxim/super_ws/install/px4_msgs/include/px4_msgs/px4_msgs/msg/actuator_outputs.h\n'}
[1.921172] (px4_msgs) StdoutLine: {'line': b'-- Up-to-date symlink: /home/maxim/super_ws/install/px4_msgs/include/px4_msgs/px4_msgs/msg/actuator_servos.h\n'}
[1.921378] (px4_msgs) StdoutLine: {'line': b'-- Up-to-date symlink: /home/maxim/super_ws/install/px4_msgs/include/px4_msgs/px4_msgs/msg/actuator_servos_trim.h\n'}
[1.921480] (px4_msgs) StdoutLine: {'line': b'-- Up-to-date symlink: /home/maxim/super_ws/install/px4_msgs/include/px4_msgs/px4_msgs/msg/actuator_test.h\n'}
[1.921655] (px4_msgs) StdoutLine: {'line': b'-- Up-to-date symlink: /home/maxim/super_ws/install/px4_msgs/include/px4_msgs/px4_msgs/msg/adc_report.h\n'}
[1.921903] (px4_msgs) StdoutLine: {'line': b'-- Up-to-date symlink: /home/maxim/super_ws/install/px4_msgs/include/px4_msgs/px4_msgs/msg/airspeed.h\n'}
[1.922100] (px4_msgs) StdoutLine: {'line': b'-- Up-to-date symlink: /home/maxim/super_ws/install/px4_msgs/include/px4_msgs/px4_msgs/msg/airspeed_validated.h\n'}
[1.922258] (px4_msgs) StdoutLine: {'line': b'-- Up-to-date symlink: /home/maxim/super_ws/install/px4_msgs/include/px4_msgs/px4_msgs/msg/airspeed_wind.h\n'}
[1.922387] (px4_msgs) StdoutLine: {'line': b'-- Up-to-date symlink: /home/maxim/super_ws/install/px4_msgs/include/px4_msgs/px4_msgs/msg/arming_check_reply.h\n'}
[1.922579] (px4_msgs) StdoutLine: {'line': b'-- Up-to-date symlink: /home/maxim/super_ws/install/px4_msgs/include/px4_msgs/px4_msgs/msg/arming_check_request.h\n'}
[1.922694] (px4_msgs) StdoutLine: {'line': b'-- Up-to-date symlink: /home/maxim/super_ws/install/px4_msgs/include/px4_msgs/px4_msgs/msg/autotune_attitude_control_status.h\n'}
[1.922909] (px4_msgs) StdoutLine: {'line': b'-- Up-to-date symlink: /home/maxim/super_ws/install/px4_msgs/include/px4_msgs/px4_msgs/msg/aux_global_position.h\n'}
[1.923018] (px4_msgs) StdoutLine: {'line': b'-- Up-to-date symlink: /home/maxim/super_ws/install/px4_msgs/include/px4_msgs/px4_msgs/msg/battery_info.h\n'}
[1.923202] (px4_msgs) StdoutLine: {'line': b'-- Up-to-date symlink: /home/maxim/super_ws/install/px4_msgs/include/px4_msgs/px4_msgs/msg/battery_status.h\n'}
[1.923398] (px4_msgs) StdoutLine: {'line': b'-- Up-to-date symlink: /home/maxim/super_ws/install/px4_msgs/include/px4_msgs/px4_msgs/msg/button_event.h\n'}
[1.923589] (px4_msgs) StdoutLine: {'line': b'-- Up-to-date symlink: /home/maxim/super_ws/install/px4_msgs/include/px4_msgs/px4_msgs/msg/camera_capture.h\n'}
[1.923714] (px4_msgs) StdoutLine: {'line': b'-- Up-to-date symlink: /home/maxim/super_ws/install/px4_msgs/include/px4_msgs/px4_msgs/msg/camera_status.h\n'}
[1.923929] (px4_msgs) StdoutLine: {'line': b'-- Up-to-date symlink: /home/maxim/super_ws/install/px4_msgs/include/px4_msgs/px4_msgs/msg/camera_trigger.h\n'}
[1.924067] (px4_msgs) StdoutLine: {'line': b'-- Up-to-date symlink: /home/maxim/super_ws/install/px4_msgs/include/px4_msgs/px4_msgs/msg/can_interface_status.h\n'}
[1.924239] (px4_msgs) StdoutLine: {'line': b'-- Up-to-date symlink: /home/maxim/super_ws/install/px4_msgs/include/px4_msgs/px4_msgs/msg/cellular_status.h\n'}
[1.924418] (px4_msgs) StdoutLine: {'line': b'-- Up-to-date symlink: /home/maxim/super_ws/install/px4_msgs/include/px4_msgs/px4_msgs/msg/collision_constraints.h\n'}
[1.924589] (px4_msgs) StdoutLine: {'line': b'-- Up-to-date symlink: /home/maxim/super_ws/install/px4_msgs/include/px4_msgs/px4_msgs/msg/config_overrides.h\n'}
[1.924716] (px4_msgs) StdoutLine: {'line': b'-- Up-to-date symlink: /home/maxim/super_ws/install/px4_msgs/include/px4_msgs/px4_msgs/msg/control_allocator_status.h\n'}
[1.924905] (px4_msgs) StdoutLine: {'line': b'-- Up-to-date symlink: /home/maxim/super_ws/install/px4_msgs/include/px4_msgs/px4_msgs/msg/cpuload.h\n'}
[1.925078] (px4_msgs) StdoutLine: {'line': b'-- Up-to-date symlink: /home/maxim/super_ws/install/px4_msgs/include/px4_msgs/px4_msgs/msg/dataman_request.h\n'}
[1.925214] (px4_msgs) StdoutLine: {'line': b'-- Up-to-date symlink: /home/maxim/super_ws/install/px4_msgs/include/px4_msgs/px4_msgs/msg/dataman_response.h\n'}
[1.925371] (px4_msgs) StdoutLine: {'line': b'-- Up-to-date symlink: /home/maxim/super_ws/install/px4_msgs/include/px4_msgs/px4_msgs/msg/debug_array.h\n'}
[1.925575] (px4_msgs) StdoutLine: {'line': b'-- Up-to-date symlink: /home/maxim/super_ws/install/px4_msgs/include/px4_msgs/px4_msgs/msg/debug_key_value.h\n'}
[1.925714] (px4_msgs) StdoutLine: {'line': b'-- Up-to-date symlink: /home/maxim/super_ws/install/px4_msgs/include/px4_msgs/px4_msgs/msg/debug_value.h\n'}
[1.925983] (px4_msgs) StdoutLine: {'line': b'-- Up-to-date symlink: /home/maxim/super_ws/install/px4_msgs/include/px4_msgs/px4_msgs/msg/debug_vect.h\n'}
[1.926598] (px4_msgs) StdoutLine: {'line': b'-- Up-to-date symlink: /home/maxim/super_ws/install/px4_msgs/include/px4_msgs/px4_msgs/msg/detail/action_request__functions.h\n'}
[1.926822] (px4_msgs) StdoutLine: {'line': b'-- Up-to-date symlink: /home/maxim/super_ws/install/px4_msgs/include/px4_msgs/px4_msgs/msg/detail/action_request__struct.h\n'}
[1.927122] (px4_msgs) StdoutLine: {'line': b'-- Up-to-date symlink: /home/maxim/super_ws/install/px4_msgs/include/px4_msgs/px4_msgs/msg/detail/action_request__type_support.h\n'}
[1.927356] (px4_msgs) StdoutLine: {'line': b'-- Up-to-date symlink: /home/maxim/super_ws/install/px4_msgs/include/px4_msgs/px4_msgs/msg/detail/actuator_armed__functions.h\n'}
[1.927558] (px4_msgs) StdoutLine: {'line': b'-- Up-to-date symlink: /home/maxim/super_ws/install/px4_msgs/include/px4_msgs/px4_msgs/msg/detail/actuator_armed__struct.h\n'}
[1.927832] (px4_msgs) StdoutLine: {'line': b'-- Up-to-date symlink: /home/maxim/super_ws/install/px4_msgs/include/px4_msgs/px4_msgs/msg/detail/actuator_armed__type_support.h\n'}
[1.928083] (px4_msgs) StdoutLine: {'line': b'-- Up-to-date symlink: /home/maxim/super_ws/install/px4_msgs/include/px4_msgs/px4_msgs/msg/detail/actuator_controls_status__functions.h\n'}
[1.928292] (px4_msgs) StdoutLine: {'line': b'-- Up-to-date symlink: /home/maxim/super_ws/install/px4_msgs/include/px4_msgs/px4_msgs/msg/detail/actuator_controls_status__struct.h\n'}
[1.928571] (px4_msgs) StdoutLine: {'line': b'-- Up-to-date symlink: /home/maxim/super_ws/install/px4_msgs/include/px4_msgs/px4_msgs/msg/detail/actuator_controls_status__type_support.h\n'}
[1.928866] (px4_msgs) StdoutLine: {'line': b'-- Up-to-date symlink: /home/maxim/super_ws/install/px4_msgs/include/px4_msgs/px4_msgs/msg/detail/actuator_motors__functions.h\n'}
[1.929144] (px4_msgs) StdoutLine: {'line': b'-- Up-to-date symlink: /home/maxim/super_ws/install/px4_msgs/include/px4_msgs/px4_msgs/msg/detail/actuator_motors__struct.h\n'}
[1.929398] (px4_msgs) StdoutLine: {'line': b'-- Up-to-date symlink: /home/maxim/super_ws/install/px4_msgs/include/px4_msgs/px4_msgs/msg/detail/actuator_motors__type_support.h\n'}
[1.929681] (px4_msgs) StdoutLine: {'line': b'-- Up-to-date symlink: /home/maxim/super_ws/install/px4_msgs/include/px4_msgs/px4_msgs/msg/detail/actuator_outputs__functions.h\n'}
[1.929968] (px4_msgs) StdoutLine: {'line': b'-- Up-to-date symlink: /home/maxim/super_ws/install/px4_msgs/include/px4_msgs/px4_msgs/msg/detail/actuator_outputs__struct.h\n'}
[1.930166] (px4_msgs) StdoutLine: {'line': b'-- Up-to-date symlink: /home/maxim/super_ws/install/px4_msgs/include/px4_msgs/px4_msgs/msg/detail/actuator_outputs__type_support.h\n'}
[1.930409] (px4_msgs) StdoutLine: {'line': b'-- Up-to-date symlink: /home/maxim/super_ws/install/px4_msgs/include/px4_msgs/px4_msgs/msg/detail/actuator_servos__functions.h\n'}
[1.930561] (px4_msgs) StdoutLine: {'line': b'-- Up-to-date symlink: /home/maxim/super_ws/install/px4_msgs/include/px4_msgs/px4_msgs/msg/detail/actuator_servos__struct.h\n'}
[1.930715] (px4_msgs) StdoutLine: {'line': b'-- Up-to-date symlink: /home/maxim/super_ws/install/px4_msgs/include/px4_msgs/px4_msgs/msg/detail/actuator_servos__type_support.h\n'}
[1.930962] (px4_msgs) StdoutLine: {'line': b'-- Up-to-date symlink: /home/maxim/super_ws/install/px4_msgs/include/px4_msgs/px4_msgs/msg/detail/actuator_servos_trim__functions.h\n'}
[1.931156] (px4_msgs) StdoutLine: {'line': b'-- Up-to-date symlink: /home/maxim/super_ws/install/px4_msgs/include/px4_msgs/px4_msgs/msg/detail/actuator_servos_trim__struct.h\n'}
[1.931279] (px4_msgs) StdoutLine: {'line': b'-- Up-to-date symlink: /home/maxim/super_ws/install/px4_msgs/include/px4_msgs/px4_msgs/msg/detail/actuator_servos_trim__type_support.h\n'}
[1.931488] (px4_msgs) StdoutLine: {'line': b'-- Up-to-date symlink: /home/maxim/super_ws/install/px4_msgs/include/px4_msgs/px4_msgs/msg/detail/actuator_test__functions.h\n'}
[1.931777] (px4_msgs) StdoutLine: {'line': b'-- Up-to-date symlink: /home/maxim/super_ws/install/px4_msgs/include/px4_msgs/px4_msgs/msg/detail/actuator_test__struct.h\n'}
[1.931910] (px4_msgs) StdoutLine: {'line': b'-- Up-to-date symlink: /home/maxim/super_ws/install/px4_msgs/include/px4_msgs/px4_msgs/msg/detail/actuator_test__type_support.h\n'}
[1.932073] (px4_msgs) StdoutLine: {'line': b'-- Up-to-date symlink: /home/maxim/super_ws/install/px4_msgs/include/px4_msgs/px4_msgs/msg/detail/adc_report__functions.h\n'}
[1.932227] (px4_msgs) StdoutLine: {'line': b'-- Up-to-date symlink: /home/maxim/super_ws/install/px4_msgs/include/px4_msgs/px4_msgs/msg/detail/adc_report__struct.h\n'}
[1.932385] (px4_msgs) StdoutLine: {'line': b'-- Up-to-date symlink: /home/maxim/super_ws/install/px4_msgs/include/px4_msgs/px4_msgs/msg/detail/adc_report__type_support.h\n'}
[1.932539] (px4_msgs) StdoutLine: {'line': b'-- Up-to-date symlink: /home/maxim/super_ws/install/px4_msgs/include/px4_msgs/px4_msgs/msg/detail/airspeed__functions.h\n'}
[1.932656] (px4_msgs) StdoutLine: {'line': b'-- Up-to-date symlink: /home/maxim/super_ws/install/px4_msgs/include/px4_msgs/px4_msgs/msg/detail/airspeed__struct.h\n'}
[1.932902] (px4_msgs) StdoutLine: {'line': b'-- Up-to-date symlink: /home/maxim/super_ws/install/px4_msgs/include/px4_msgs/px4_msgs/msg/detail/airspeed__type_support.h\n'}
[1.933070] (px4_msgs) StdoutLine: {'line': b'-- Up-to-date symlink: /home/maxim/super_ws/install/px4_msgs/include/px4_msgs/px4_msgs/msg/detail/airspeed_validated__functions.h\n'}
[1.933203] (px4_msgs) StdoutLine: {'line': b'-- Up-to-date symlink: /home/maxim/super_ws/install/px4_msgs/include/px4_msgs/px4_msgs/msg/detail/airspeed_validated__struct.h\n'}
[1.933347] (px4_msgs) StdoutLine: {'line': b'-- Up-to-date symlink: /home/maxim/super_ws/install/px4_msgs/include/px4_msgs/px4_msgs/msg/detail/airspeed_validated__type_support.h\n'}
[1.933556] (px4_msgs) StdoutLine: {'line': b'-- Up-to-date symlink: /home/maxim/super_ws/install/px4_msgs/include/px4_msgs/px4_msgs/msg/detail/airspeed_wind__functions.h\n'}
[1.933797] (px4_msgs) StdoutLine: {'line': b'-- Up-to-date symlink: /home/maxim/super_ws/install/px4_msgs/include/px4_msgs/px4_msgs/msg/detail/airspeed_wind__struct.h\n'}
[1.934107] (px4_msgs) StdoutLine: {'line': b'-- Up-to-date symlink: /home/maxim/super_ws/install/px4_msgs/include/px4_msgs/px4_msgs/msg/detail/airspeed_wind__type_support.h\n'}
[1.934404] (px4_msgs) StdoutLine: {'line': b'-- Up-to-date symlink: /home/maxim/super_ws/install/px4_msgs/include/px4_msgs/px4_msgs/msg/detail/arming_check_reply__functions.h\n'}
[1.934584] (px4_msgs) StdoutLine: {'line': b'-- Up-to-date symlink: /home/maxim/super_ws/install/px4_msgs/include/px4_msgs/px4_msgs/msg/detail/arming_check_reply__struct.h\n'}
[1.934836] (px4_msgs) StdoutLine: {'line': b'-- Up-to-date symlink: /home/maxim/super_ws/install/px4_msgs/include/px4_msgs/px4_msgs/msg/detail/arming_check_reply__type_support.h\n'}
[1.935000] (px4_msgs) StdoutLine: {'line': b'-- Up-to-date symlink: /home/maxim/super_ws/install/px4_msgs/include/px4_msgs/px4_msgs/msg/detail/arming_check_request__functions.h\n'}
[1.935149] (px4_msgs) StdoutLine: {'line': b'-- Up-to-date symlink: /home/maxim/super_ws/install/px4_msgs/include/px4_msgs/px4_msgs/msg/detail/arming_check_request__struct.h\n'}
[1.935270] (px4_msgs) StdoutLine: {'line': b'-- Up-to-date symlink: /home/maxim/super_ws/install/px4_msgs/include/px4_msgs/px4_msgs/msg/detail/arming_check_request__type_support.h\n'}
[1.935452] (px4_msgs) StdoutLine: {'line': b'-- Up-to-date symlink: /home/maxim/super_ws/install/px4_msgs/include/px4_msgs/px4_msgs/msg/detail/autotune_attitude_control_status__functions.h\n'}
[1.935652] (px4_msgs) StdoutLine: {'line': b'-- Up-to-date symlink: /home/maxim/super_ws/install/px4_msgs/include/px4_msgs/px4_msgs/msg/detail/autotune_attitude_control_status__struct.h\n'}
[1.935975] (px4_msgs) StdoutLine: {'line': b'-- Up-to-date symlink: /home/maxim/super_ws/install/px4_msgs/include/px4_msgs/px4_msgs/msg/detail/autotune_attitude_control_status__type_support.h\n'}
[1.936161] (px4_msgs) StdoutLine: {'line': b'-- Up-to-date symlink: /home/maxim/super_ws/install/px4_msgs/include/px4_msgs/px4_msgs/msg/detail/aux_global_position__functions.h\n'}
[1.936316] (px4_msgs) StdoutLine: {'line': b'-- Up-to-date symlink: /home/maxim/super_ws/install/px4_msgs/include/px4_msgs/px4_msgs/msg/detail/aux_global_position__struct.h\n'}
[1.936515] (px4_msgs) StdoutLine: {'line': b'-- Up-to-date symlink: /home/maxim/super_ws/install/px4_msgs/include/px4_msgs/px4_msgs/msg/detail/aux_global_position__type_support.h\n'}
[1.936705] (px4_msgs) StdoutLine: {'line': b'-- Up-to-date symlink: /home/maxim/super_ws/install/px4_msgs/include/px4_msgs/px4_msgs/msg/detail/battery_info__functions.h\n'}
[1.936900] (px4_msgs) StdoutLine: {'line': b'-- Up-to-date symlink: /home/maxim/super_ws/install/px4_msgs/include/px4_msgs/px4_msgs/msg/detail/battery_info__struct.h\n'}
[1.937057] (px4_msgs) StdoutLine: {'line': b'-- Up-to-date symlink: /home/maxim/super_ws/install/px4_msgs/include/px4_msgs/px4_msgs/msg/detail/battery_info__type_support.h\n'}
[1.937230] (px4_msgs) StdoutLine: {'line': b'-- Up-to-date symlink: /home/maxim/super_ws/install/px4_msgs/include/px4_msgs/px4_msgs/msg/detail/battery_status__functions.h\n'}
[1.937455] (px4_msgs) StdoutLine: {'line': b'-- Up-to-date symlink: /home/maxim/super_ws/install/px4_msgs/include/px4_msgs/px4_msgs/msg/detail/battery_status__struct.h\n'}
[1.937623] (px4_msgs) StdoutLine: {'line': b'-- Up-to-date symlink: /home/maxim/super_ws/install/px4_msgs/include/px4_msgs/px4_msgs/msg/detail/battery_status__type_support.h\n'}
[1.937746] (px4_msgs) StdoutLine: {'line': b'-- Up-to-date symlink: /home/maxim/super_ws/install/px4_msgs/include/px4_msgs/px4_msgs/msg/detail/button_event__functions.h\n'}
[1.937968] (px4_msgs) StdoutLine: {'line': b'-- Up-to-date symlink: /home/maxim/super_ws/install/px4_msgs/include/px4_msgs/px4_msgs/msg/detail/button_event__struct.h\n'}
[1.938094] (px4_msgs) StdoutLine: {'line': b'-- Up-to-date symlink: /home/maxim/super_ws/install/px4_msgs/include/px4_msgs/px4_msgs/msg/detail/button_event__type_support.h\n'}
[1.938235] (px4_msgs) StdoutLine: {'line': b'-- Up-to-date symlink: /home/maxim/super_ws/install/px4_msgs/include/px4_msgs/px4_msgs/msg/detail/camera_capture__functions.h\n'}
[1.938388] (px4_msgs) StdoutLine: {'line': b'-- Up-to-date symlink: /home/maxim/super_ws/install/px4_msgs/include/px4_msgs/px4_msgs/msg/detail/camera_capture__struct.h\n'}
[1.938532] (px4_msgs) StdoutLine: {'line': b'-- Up-to-date symlink: /home/maxim/super_ws/install/px4_msgs/include/px4_msgs/px4_msgs/msg/detail/camera_capture__type_support.h\n'}
[1.938633] (px4_msgs) StdoutLine: {'line': b'-- Up-to-date symlink: /home/maxim/super_ws/install/px4_msgs/include/px4_msgs/px4_msgs/msg/detail/camera_status__functions.h\n'}
[1.938866] (px4_msgs) StdoutLine: {'line': b'-- Up-to-date symlink: /home/maxim/super_ws/install/px4_msgs/include/px4_msgs/px4_msgs/msg/detail/camera_status__struct.h\n'}
[1.939145] (px4_msgs) StdoutLine: {'line': b'-- Up-to-date symlink: /home/maxim/super_ws/install/px4_msgs/include/px4_msgs/px4_msgs/msg/detail/camera_status__type_support.h\n'}
[1.939305] (px4_msgs) StdoutLine: {'line': b'-- Up-to-date symlink: /home/maxim/super_ws/install/px4_msgs/include/px4_msgs/px4_msgs/msg/detail/camera_trigger__functions.h\n'}
[1.939410] (px4_msgs) StdoutLine: {'line': b'-- Up-to-date symlink: /home/maxim/super_ws/install/px4_msgs/include/px4_msgs/px4_msgs/msg/detail/camera_trigger__struct.h\n'}
[1.939546] (px4_msgs) StdoutLine: {'line': b'-- Up-to-date symlink: /home/maxim/super_ws/install/px4_msgs/include/px4_msgs/px4_msgs/msg/detail/camera_trigger__type_support.h\n'}
[1.939669] (px4_msgs) StdoutLine: {'line': b'-- Up-to-date symlink: /home/maxim/super_ws/install/px4_msgs/include/px4_msgs/px4_msgs/msg/detail/can_interface_status__functions.h\n'}
[1.939840] (px4_msgs) StdoutLine: {'line': b'-- Up-to-date symlink: /home/maxim/super_ws/install/px4_msgs/include/px4_msgs/px4_msgs/msg/detail/can_interface_status__struct.h\n'}
[1.940019] (px4_msgs) StdoutLine: {'line': b'-- Up-to-date symlink: /home/maxim/super_ws/install/px4_msgs/include/px4_msgs/px4_msgs/msg/detail/can_interface_status__type_support.h\n'}
[1.940177] (px4_msgs) StdoutLine: {'line': b'-- Up-to-date symlink: /home/maxim/super_ws/install/px4_msgs/include/px4_msgs/px4_msgs/msg/detail/cellular_status__functions.h\n'}
[1.940339] (px4_msgs) StdoutLine: {'line': b'-- Up-to-date symlink: /home/maxim/super_ws/install/px4_msgs/include/px4_msgs/px4_msgs/msg/detail/cellular_status__struct.h\n'}
[1.940513] (px4_msgs) StdoutLine: {'line': b'-- Up-to-date symlink: /home/maxim/super_ws/install/px4_msgs/include/px4_msgs/px4_msgs/msg/detail/cellular_status__type_support.h\n'}
[1.940631] (px4_msgs) StdoutLine: {'line': b'-- Up-to-date symlink: /home/maxim/super_ws/install/px4_msgs/include/px4_msgs/px4_msgs/msg/detail/collision_constraints__functions.h\n'}
[1.940757] (px4_msgs) StdoutLine: {'line': b'-- Up-to-date symlink: /home/maxim/super_ws/install/px4_msgs/include/px4_msgs/px4_msgs/msg/detail/collision_constraints__struct.h\n'}
[1.941045] (px4_msgs) StdoutLine: {'line': b'-- Up-to-date symlink: /home/maxim/super_ws/install/px4_msgs/include/px4_msgs/px4_msgs/msg/detail/collision_constraints__type_support.h\n'}
[1.941206] (px4_msgs) StdoutLine: {'line': b'-- Up-to-date symlink: /home/maxim/super_ws/install/px4_msgs/include/px4_msgs/px4_msgs/msg/detail/config_overrides__functions.h\n'}
[1.941353] (px4_msgs) StdoutLine: {'line': b'-- Up-to-date symlink: /home/maxim/super_ws/install/px4_msgs/include/px4_msgs/px4_msgs/msg/detail/config_overrides__struct.h\n'}
[1.941502] (px4_msgs) StdoutLine: {'line': b'-- Up-to-date symlink: /home/maxim/super_ws/install/px4_msgs/include/px4_msgs/px4_msgs/msg/detail/config_overrides__type_support.h\n'}
[1.941605] (px4_msgs) StdoutLine: {'line': b'-- Up-to-date symlink: /home/maxim/super_ws/install/px4_msgs/include/px4_msgs/px4_msgs/msg/detail/control_allocator_status__functions.h\n'}
[1.941714] (px4_msgs) StdoutLine: {'line': b'-- Up-to-date symlink: /home/maxim/super_ws/install/px4_msgs/include/px4_msgs/px4_msgs/msg/detail/control_allocator_status__struct.h\n'}
[1.941950] (px4_msgs) StdoutLine: {'line': b'-- Up-to-date symlink: /home/maxim/super_ws/install/px4_msgs/include/px4_msgs/px4_msgs/msg/detail/control_allocator_status__type_support.h\n'}
[1.942105] (px4_msgs) StdoutLine: {'line': b'-- Up-to-date symlink: /home/maxim/super_ws/install/px4_msgs/include/px4_msgs/px4_msgs/msg/detail/cpuload__functions.h\n'}
[1.942496] (px4_msgs) StdoutLine: {'line': b'-- Up-to-date symlink: /home/maxim/super_ws/install/px4_msgs/include/px4_msgs/px4_msgs/msg/detail/cpuload__struct.h\n'}
[1.942598] (px4_msgs) StdoutLine: {'line': b'-- Up-to-date symlink: /home/maxim/super_ws/install/px4_msgs/include/px4_msgs/px4_msgs/msg/detail/cpuload__type_support.h\n'}
[1.942680] (px4_msgs) StdoutLine: {'line': b'-- Up-to-date symlink: /home/maxim/super_ws/install/px4_msgs/include/px4_msgs/px4_msgs/msg/detail/dataman_request__functions.h\n'}
[1.942818] (px4_msgs) StdoutLine: {'line': b'-- Up-to-date symlink: /home/maxim/super_ws/install/px4_msgs/include/px4_msgs/px4_msgs/msg/detail/dataman_request__struct.h\n'}
[1.942927] (px4_msgs) StdoutLine: {'line': b'-- Up-to-date symlink: /home/maxim/super_ws/install/px4_msgs/include/px4_msgs/px4_msgs/msg/detail/dataman_request__type_support.h\n'}
[1.943045] (px4_msgs) StdoutLine: {'line': b'-- Up-to-date symlink: /home/maxim/super_ws/install/px4_msgs/include/px4_msgs/px4_msgs/msg/detail/dataman_response__functions.h\n'}
[1.943132] (px4_msgs) StdoutLine: {'line': b'-- Up-to-date symlink: /home/maxim/super_ws/install/px4_msgs/include/px4_msgs/px4_msgs/msg/detail/dataman_response__struct.h\n'}
[1.943200] (px4_msgs) StdoutLine: {'line': b'-- Up-to-date symlink: /home/maxim/super_ws/install/px4_msgs/include/px4_msgs/px4_msgs/msg/detail/dataman_response__type_support.h\n'}
[1.943325] (px4_msgs) StdoutLine: {'line': b'-- Up-to-date symlink: /home/maxim/super_ws/install/px4_msgs/include/px4_msgs/px4_msgs/msg/detail/debug_array__functions.h\n'}
[1.943431] (px4_msgs) StdoutLine: {'line': b'-- Up-to-date symlink: /home/maxim/super_ws/install/px4_msgs/include/px4_msgs/px4_msgs/msg/detail/debug_array__struct.h\n'}
[1.943566] (px4_msgs) StdoutLine: {'line': b'-- Up-to-date symlink: /home/maxim/super_ws/install/px4_msgs/include/px4_msgs/px4_msgs/msg/detail/debug_array__type_support.h\n'}
[1.943731] (px4_msgs) StdoutLine: {'line': b'-- Up-to-date symlink: /home/maxim/super_ws/install/px4_msgs/include/px4_msgs/px4_msgs/msg/detail/debug_key_value__functions.h\n'}
[1.943820] (px4_msgs) StdoutLine: {'line': b'-- Up-to-date symlink: /home/maxim/super_ws/install/px4_msgs/include/px4_msgs/px4_msgs/msg/detail/debug_key_value__struct.h\n'}
[1.943900] (px4_msgs) StdoutLine: {'line': b'-- Up-to-date symlink: /home/maxim/super_ws/install/px4_msgs/include/px4_msgs/px4_msgs/msg/detail/debug_key_value__type_support.h\n'}
[1.944005] (px4_msgs) StdoutLine: {'line': b'-- Up-to-date symlink: /home/maxim/super_ws/install/px4_msgs/include/px4_msgs/px4_msgs/msg/detail/debug_value__functions.h\n'}
[1.944114] (px4_msgs) StdoutLine: {'line': b'-- Up-to-date symlink: /home/maxim/super_ws/install/px4_msgs/include/px4_msgs/px4_msgs/msg/detail/debug_value__struct.h\n'}
[1.944219] (px4_msgs) StdoutLine: {'line': b'-- Up-to-date symlink: /home/maxim/super_ws/install/px4_msgs/include/px4_msgs/px4_msgs/msg/detail/debug_value__type_support.h\n'}
[1.944324] (px4_msgs) StdoutLine: {'line': b'-- Up-to-date symlink: /home/maxim/super_ws/install/px4_msgs/include/px4_msgs/px4_msgs/msg/detail/debug_vect__functions.h\n'}
[1.944433] (px4_msgs) StdoutLine: {'line': b'-- Up-to-date symlink: /home/maxim/super_ws/install/px4_msgs/include/px4_msgs/px4_msgs/msg/detail/debug_vect__struct.h\n'}
[1.944592] (px4_msgs) StdoutLine: {'line': b'-- Up-to-date symlink: /home/maxim/super_ws/install/px4_msgs/include/px4_msgs/px4_msgs/msg/detail/debug_vect__type_support.h\n'}
[1.944704] (px4_msgs) StdoutLine: {'line': b'-- Up-to-date symlink: /home/maxim/super_ws/install/px4_msgs/include/px4_msgs/px4_msgs/msg/detail/device_information__functions.h\n'}
[1.944810] (px4_msgs) StdoutLine: {'line': b'-- Up-to-date symlink: /home/maxim/super_ws/install/px4_msgs/include/px4_msgs/px4_msgs/msg/detail/device_information__struct.h\n'}
[1.944933] (px4_msgs) StdoutLine: {'line': b'-- Up-to-date symlink: /home/maxim/super_ws/install/px4_msgs/include/px4_msgs/px4_msgs/msg/detail/device_information__type_support.h\n'}
[1.945027] (px4_msgs) StdoutLine: {'line': b'-- Up-to-date symlink: /home/maxim/super_ws/install/px4_msgs/include/px4_msgs/px4_msgs/msg/detail/differential_pressure__functions.h\n'}
[1.945132] (px4_msgs) StdoutLine: {'line': b'-- Up-to-date symlink: /home/maxim/super_ws/install/px4_msgs/include/px4_msgs/px4_msgs/msg/detail/differential_pressure__struct.h\n'}
[1.945280] (px4_msgs) StdoutLine: {'line': b'-- Up-to-date symlink: /home/maxim/super_ws/install/px4_msgs/include/px4_msgs/px4_msgs/msg/detail/differential_pressure__type_support.h\n'}
[1.945398] (px4_msgs) StdoutLine: {'line': b'-- Up-to-date symlink: /home/maxim/super_ws/install/px4_msgs/include/px4_msgs/px4_msgs/msg/detail/distance_sensor__functions.h\n'}
[1.945556] (px4_msgs) StdoutLine: {'line': b'-- Up-to-date symlink: /home/maxim/super_ws/install/px4_msgs/include/px4_msgs/px4_msgs/msg/detail/distance_sensor__struct.h\n'}
[1.945654] (px4_msgs) StdoutLine: {'line': b'-- Up-to-date symlink: /home/maxim/super_ws/install/px4_msgs/include/px4_msgs/px4_msgs/msg/detail/distance_sensor__type_support.h\n'}
[1.945818] (px4_msgs) StdoutLine: {'line': b'-- Up-to-date symlink: /home/maxim/super_ws/install/px4_msgs/include/px4_msgs/px4_msgs/msg/detail/distance_sensor_mode_change_request__functions.h\n'}
[1.945949] (px4_msgs) StdoutLine: {'line': b'-- Up-to-date symlink: /home/maxim/super_ws/install/px4_msgs/include/px4_msgs/px4_msgs/msg/detail/distance_sensor_mode_change_request__struct.h\n'}
[1.946074] (px4_msgs) StdoutLine: {'line': b'-- Up-to-date symlink: /home/maxim/super_ws/install/px4_msgs/include/px4_msgs/px4_msgs/msg/detail/distance_sensor_mode_change_request__type_support.h\n'}
[1.946244] (px4_msgs) StdoutLine: {'line': b'-- Up-to-date symlink: /home/maxim/super_ws/install/px4_msgs/include/px4_msgs/px4_msgs/msg/detail/dronecan_node_status__functions.h\n'}
[1.946398] (px4_msgs) StdoutLine: {'line': b'-- Up-to-date symlink: /home/maxim/super_ws/install/px4_msgs/include/px4_msgs/px4_msgs/msg/detail/dronecan_node_status__struct.h\n'}
[1.946533] (px4_msgs) StdoutLine: {'line': b'-- Up-to-date symlink: /home/maxim/super_ws/install/px4_msgs/include/px4_msgs/px4_msgs/msg/detail/dronecan_node_status__type_support.h\n'}
[1.946658] (px4_msgs) StdoutLine: {'line': b'-- Up-to-date symlink: /home/maxim/super_ws/install/px4_msgs/include/px4_msgs/px4_msgs/msg/detail/ekf2_timestamps__functions.h\n'}
[1.946810] (px4_msgs) StdoutLine: {'line': b'-- Up-to-date symlink: /home/maxim/super_ws/install/px4_msgs/include/px4_msgs/px4_msgs/msg/detail/ekf2_timestamps__struct.h\n'}
[1.946956] (px4_msgs) StdoutLine: {'line': b'-- Up-to-date symlink: /home/maxim/super_ws/install/px4_msgs/include/px4_msgs/px4_msgs/msg/detail/ekf2_timestamps__type_support.h\n'}
[1.947107] (px4_msgs) StdoutLine: {'line': b'-- Up-to-date symlink: /home/maxim/super_ws/install/px4_msgs/include/px4_msgs/px4_msgs/msg/detail/esc_eeprom_read__functions.h\n'}
[1.947277] (px4_msgs) StdoutLine: {'line': b'-- Up-to-date symlink: /home/maxim/super_ws/install/px4_msgs/include/px4_msgs/px4_msgs/msg/detail/esc_eeprom_read__struct.h\n'}
[1.947426] (px4_msgs) StdoutLine: {'line': b'-- Up-to-date symlink: /home/maxim/super_ws/install/px4_msgs/include/px4_msgs/px4_msgs/msg/detail/esc_eeprom_read__type_support.h\n'}
[1.947641] (px4_msgs) StdoutLine: {'line': b'-- Up-to-date symlink: /home/maxim/super_ws/install/px4_msgs/include/px4_msgs/px4_msgs/msg/detail/esc_eeprom_write__functions.h\n'}
[1.947745] (px4_msgs) StdoutLine: {'line': b'-- Up-to-date symlink: /home/maxim/super_ws/install/px4_msgs/include/px4_msgs/px4_msgs/msg/detail/esc_eeprom_write__struct.h\n'}
[1.948004] (px4_msgs) StdoutLine: {'line': b'-- Up-to-date symlink: /home/maxim/super_ws/install/px4_msgs/include/px4_msgs/px4_msgs/msg/detail/esc_eeprom_write__type_support.h\n'}
[1.948213] (px4_msgs) StdoutLine: {'line': b'-- Up-to-date symlink: /home/maxim/super_ws/install/px4_msgs/include/px4_msgs/px4_msgs/msg/detail/esc_report__functions.h\n'}
[1.948494] (px4_msgs) StdoutLine: {'line': b'-- Up-to-date symlink: /home/maxim/super_ws/install/px4_msgs/include/px4_msgs/px4_msgs/msg/detail/esc_report__struct.h\n'}
[1.948620] (px4_msgs) StdoutLine: {'line': b'-- Up-to-date symlink: /home/maxim/super_ws/install/px4_msgs/include/px4_msgs/px4_msgs/msg/detail/esc_report__type_support.h\n'}
[1.948712] (px4_msgs) StdoutLine: {'line': b'-- Up-to-date symlink: /home/maxim/super_ws/install/px4_msgs/include/px4_msgs/px4_msgs/msg/detail/esc_status__functions.h\n'}
[1.948883] (px4_msgs) StdoutLine: {'line': b'-- Up-to-date symlink: /home/maxim/super_ws/install/px4_msgs/include/px4_msgs/px4_msgs/msg/detail/esc_status__struct.h\n'}
[1.948966] (px4_msgs) StdoutLine: {'line': b'-- Up-to-date symlink: /home/maxim/super_ws/install/px4_msgs/include/px4_msgs/px4_msgs/msg/detail/esc_status__type_support.h\n'}
[1.949035] (px4_msgs) StdoutLine: {'line': b'-- Up-to-date symlink: /home/maxim/super_ws/install/px4_msgs/include/px4_msgs/px4_msgs/msg/detail/estimator_aid_source1d__functions.h\n'}
[1.949138] (px4_msgs) StdoutLine: {'line': b'-- Up-to-date symlink: /home/maxim/super_ws/install/px4_msgs/include/px4_msgs/px4_msgs/msg/detail/estimator_aid_source1d__struct.h\n'}
[1.949248] (px4_msgs) StdoutLine: {'line': b'-- Up-to-date symlink: /home/maxim/super_ws/install/px4_msgs/include/px4_msgs/px4_msgs/msg/detail/estimator_aid_source1d__type_support.h\n'}
[1.949360] (px4_msgs) StdoutLine: {'line': b'-- Up-to-date symlink: /home/maxim/super_ws/install/px4_msgs/include/px4_msgs/px4_msgs/msg/detail/estimator_aid_source2d__functions.h\n'}
[1.949557] (px4_msgs) StdoutLine: {'line': b'-- Up-to-date symlink: /home/maxim/super_ws/install/px4_msgs/include/px4_msgs/px4_msgs/msg/detail/estimator_aid_source2d__struct.h\n'}
[1.949727] (px4_msgs) StdoutLine: {'line': b'-- Up-to-date symlink: /home/maxim/super_ws/install/px4_msgs/include/px4_msgs/px4_msgs/msg/detail/estimator_aid_source2d__type_support.h\n'}
[1.949882] (px4_msgs) StdoutLine: {'line': b'-- Up-to-date symlink: /home/maxim/super_ws/install/px4_msgs/include/px4_msgs/px4_msgs/msg/detail/estimator_aid_source3d__functions.h\n'}
[1.949978] (px4_msgs) StdoutLine: {'line': b'-- Up-to-date symlink: /home/maxim/super_ws/install/px4_msgs/include/px4_msgs/px4_msgs/msg/detail/estimator_aid_source3d__struct.h\n'}
[1.950088] (px4_msgs) StdoutLine: {'line': b'-- Up-to-date symlink: /home/maxim/super_ws/install/px4_msgs/include/px4_msgs/px4_msgs/msg/detail/estimator_aid_source3d__type_support.h\n'}
[1.950175] (px4_msgs) StdoutLine: {'line': b'-- Up-to-date symlink: /home/maxim/super_ws/install/px4_msgs/include/px4_msgs/px4_msgs/msg/detail/estimator_bias3d__functions.h\n'}
[1.950283] (px4_msgs) StdoutLine: {'line': b'-- Up-to-date symlink: /home/maxim/super_ws/install/px4_msgs/include/px4_msgs/px4_msgs/msg/detail/estimator_bias3d__struct.h\n'}
[1.950406] (px4_msgs) StdoutLine: {'line': b'-- Up-to-date symlink: /home/maxim/super_ws/install/px4_msgs/include/px4_msgs/px4_msgs/msg/detail/estimator_bias3d__type_support.h\n'}
[1.950561] (px4_msgs) StdoutLine: {'line': b'-- Up-to-date symlink: /home/maxim/super_ws/install/px4_msgs/include/px4_msgs/px4_msgs/msg/detail/estimator_bias__functions.h\n'}
[1.950707] (px4_msgs) StdoutLine: {'line': b'-- Up-to-date symlink: /home/maxim/super_ws/install/px4_msgs/include/px4_msgs/px4_msgs/msg/detail/estimator_bias__struct.h\n'}
[1.950819] (px4_msgs) StdoutLine: {'line': b'-- Up-to-date symlink: /home/maxim/super_ws/install/px4_msgs/include/px4_msgs/px4_msgs/msg/detail/estimator_bias__type_support.h\n'}
[1.950955] (px4_msgs) StdoutLine: {'line': b'-- Up-to-date symlink: /home/maxim/super_ws/install/px4_msgs/include/px4_msgs/px4_msgs/msg/detail/estimator_event_flags__functions.h\n'}
[1.951069] (px4_msgs) StdoutLine: {'line': b'-- Up-to-date symlink: /home/maxim/super_ws/install/px4_msgs/include/px4_msgs/px4_msgs/msg/detail/estimator_event_flags__struct.h\n'}
[1.951178] (px4_msgs) StdoutLine: {'line': b'-- Up-to-date symlink: /home/maxim/super_ws/install/px4_msgs/include/px4_msgs/px4_msgs/msg/detail/estimator_event_flags__type_support.h\n'}
[1.951329] (px4_msgs) StdoutLine: {'line': b'-- Up-to-date symlink: /home/maxim/super_ws/install/px4_msgs/include/px4_msgs/px4_msgs/msg/detail/estimator_fusion_control__functions.h\n'}
[1.951415] (px4_msgs) StdoutLine: {'line': b'-- Up-to-date symlink: /home/maxim/super_ws/install/px4_msgs/include/px4_msgs/px4_msgs/msg/detail/estimator_fusion_control__struct.h\n'}
[1.951657] (px4_msgs) StdoutLine: {'line': b'-- Up-to-date symlink: /home/maxim/super_ws/install/px4_msgs/include/px4_msgs/px4_msgs/msg/detail/estimator_fusion_control__type_support.h\n'}
[1.951741] (px4_msgs) StdoutLine: {'line': b'-- Up-to-date symlink: /home/maxim/super_ws/install/px4_msgs/include/px4_msgs/px4_msgs/msg/detail/estimator_gps_status__functions.h\n'}
[1.951848] (px4_msgs) StdoutLine: {'line': b'-- Up-to-date symlink: /home/maxim/super_ws/install/px4_msgs/include/px4_msgs/px4_msgs/msg/detail/estimator_gps_status__struct.h\n'}
[1.951938] (px4_msgs) StdoutLine: {'line': b'-- Up-to-date symlink: /home/maxim/super_ws/install/px4_msgs/include/px4_msgs/px4_msgs/msg/detail/estimator_gps_status__type_support.h\n'}
[1.952041] (px4_msgs) StdoutLine: {'line': b'-- Up-to-date symlink: /home/maxim/super_ws/install/px4_msgs/include/px4_msgs/px4_msgs/msg/detail/estimator_innovations__functions.h\n'}
[1.952152] (px4_msgs) StdoutLine: {'line': b'-- Up-to-date symlink: /home/maxim/super_ws/install/px4_msgs/include/px4_msgs/px4_msgs/msg/detail/estimator_innovations__struct.h\n'}
[1.952364] (px4_msgs) StdoutLine: {'line': b'-- Up-to-date symlink: /home/maxim/super_ws/install/px4_msgs/include/px4_msgs/px4_msgs/msg/detail/estimator_innovations__type_support.h\n'}
[1.952518] (px4_msgs) StdoutLine: {'line': b'-- Up-to-date symlink: /home/maxim/super_ws/install/px4_msgs/include/px4_msgs/px4_msgs/msg/detail/estimator_selector_status__functions.h\n'}
[1.952630] (px4_msgs) StdoutLine: {'line': b'-- Up-to-date symlink: /home/maxim/super_ws/install/px4_msgs/include/px4_msgs/px4_msgs/msg/detail/estimator_selector_status__struct.h\n'}
[1.952835] (px4_msgs) StdoutLine: {'line': b'-- Up-to-date symlink: /home/maxim/super_ws/install/px4_msgs/include/px4_msgs/px4_msgs/msg/detail/estimator_selector_status__type_support.h\n'}
[1.952982] (px4_msgs) StdoutLine: {'line': b'-- Up-to-date symlink: /home/maxim/super_ws/install/px4_msgs/include/px4_msgs/px4_msgs/msg/detail/estimator_sensor_bias__functions.h\n'}
[1.953159] (px4_msgs) StdoutLine: {'line': b'-- Up-to-date symlink: /home/maxim/super_ws/install/px4_msgs/include/px4_msgs/px4_msgs/msg/detail/estimator_sensor_bias__struct.h\n'}
[1.953277] (px4_msgs) StdoutLine: {'line': b'-- Up-to-date symlink: /home/maxim/super_ws/install/px4_msgs/include/px4_msgs/px4_msgs/msg/detail/estimator_sensor_bias__type_support.h\n'}
[1.953401] (px4_msgs) StdoutLine: {'line': b'-- Up-to-date symlink: /home/maxim/super_ws/install/px4_msgs/include/px4_msgs/px4_msgs/msg/detail/estimator_states__functions.h\n'}
[1.953593] (px4_msgs) StdoutLine: {'line': b'-- Up-to-date symlink: /home/maxim/super_ws/install/px4_msgs/include/px4_msgs/px4_msgs/msg/detail/estimator_states__struct.h\n'}
[1.953817] (px4_msgs) StdoutLine: {'line': b'-- Up-to-date symlink: /home/maxim/super_ws/install/px4_msgs/include/px4_msgs/px4_msgs/msg/detail/estimator_states__type_support.h\n'}
[1.953931] (px4_msgs) StdoutLine: {'line': b'-- Up-to-date symlink: /home/maxim/super_ws/install/px4_msgs/include/px4_msgs/px4_msgs/msg/detail/estimator_status__functions.h\n'}
[1.954088] (px4_msgs) StdoutLine: {'line': b'-- Up-to-date symlink: /home/maxim/super_ws/install/px4_msgs/include/px4_msgs/px4_msgs/msg/detail/estimator_status__struct.h\n'}
[1.954241] (px4_msgs) StdoutLine: {'line': b'-- Up-to-date symlink: /home/maxim/super_ws/install/px4_msgs/include/px4_msgs/px4_msgs/msg/detail/estimator_status__type_support.h\n'}
[1.954384] (px4_msgs) StdoutLine: {'line': b'-- Up-to-date symlink: /home/maxim/super_ws/install/px4_msgs/include/px4_msgs/px4_msgs/msg/detail/estimator_status_flags__functions.h\n'}
[1.954532] (px4_msgs) StdoutLine: {'line': b'-- Up-to-date symlink: /home/maxim/super_ws/install/px4_msgs/include/px4_msgs/px4_msgs/msg/detail/estimator_status_flags__struct.h\n'}
[1.954679] (px4_msgs) StdoutLine: {'line': b'-- Up-to-date symlink: /home/maxim/super_ws/install/px4_msgs/include/px4_msgs/px4_msgs/msg/detail/estimator_status_flags__type_support.h\n'}
[1.954828] (px4_msgs) StdoutLine: {'line': b'-- Up-to-date symlink: /home/maxim/super_ws/install/px4_msgs/include/px4_msgs/px4_msgs/msg/detail/event__functions.h\n'}
[1.954932] (px4_msgs) StdoutLine: {'line': b'-- Up-to-date symlink: /home/maxim/super_ws/install/px4_msgs/include/px4_msgs/px4_msgs/msg/detail/event__struct.h\n'}
[1.955042] (px4_msgs) StdoutLine: {'line': b'-- Up-to-date symlink: /home/maxim/super_ws/install/px4_msgs/include/px4_msgs/px4_msgs/msg/detail/event__type_support.h\n'}
[1.955150] (px4_msgs) StdoutLine: {'line': b'-- Up-to-date symlink: /home/maxim/super_ws/install/px4_msgs/include/px4_msgs/px4_msgs/msg/detail/failsafe_flags__functions.h\n'}
[1.955257] (px4_msgs) StdoutLine: {'line': b'-- Up-to-date symlink: /home/maxim/super_ws/install/px4_msgs/include/px4_msgs/px4_msgs/msg/detail/failsafe_flags__struct.h\n'}
[1.955340] (px4_msgs) StdoutLine: {'line': b'-- Up-to-date symlink: /home/maxim/super_ws/install/px4_msgs/include/px4_msgs/px4_msgs/msg/detail/failsafe_flags__type_support.h\n'}
[1.955449] (px4_msgs) StdoutLine: {'line': b'-- Up-to-date symlink: /home/maxim/super_ws/install/px4_msgs/include/px4_msgs/px4_msgs/msg/detail/failure_detector_status__functions.h\n'}
[1.955560] (px4_msgs) StdoutLine: {'line': b'-- Up-to-date symlink: /home/maxim/super_ws/install/px4_msgs/include/px4_msgs/px4_msgs/msg/detail/failure_detector_status__struct.h\n'}
[1.955667] (px4_msgs) StdoutLine: {'line': b'-- Up-to-date symlink: /home/maxim/super_ws/install/px4_msgs/include/px4_msgs/px4_msgs/msg/detail/failure_detector_status__type_support.h\n'}
[1.955779] (px4_msgs) StdoutLine: {'line': b'-- Up-to-date symlink: /home/maxim/super_ws/install/px4_msgs/include/px4_msgs/px4_msgs/msg/detail/fiducial_marker_pos_report__functions.h\n'}
[1.955886] (px4_msgs) StdoutLine: {'line': b'-- Up-to-date symlink: /home/maxim/super_ws/install/px4_msgs/include/px4_msgs/px4_msgs/msg/detail/fiducial_marker_pos_report__struct.h\n'}
[1.956000] (px4_msgs) StdoutLine: {'line': b'-- Up-to-date symlink: /home/maxim/super_ws/install/px4_msgs/include/px4_msgs/px4_msgs/msg/detail/fiducial_marker_pos_report__type_support.h\n'}
[1.956110] (px4_msgs) StdoutLine: {'line': b'-- Up-to-date symlink: /home/maxim/super_ws/install/px4_msgs/include/px4_msgs/px4_msgs/msg/detail/fiducial_marker_yaw_report__functions.h\n'}
[1.956218] (px4_msgs) StdoutLine: {'line': b'-- Up-to-date symlink: /home/maxim/super_ws/install/px4_msgs/include/px4_msgs/px4_msgs/msg/detail/fiducial_marker_yaw_report__struct.h\n'}
[1.956320] (px4_msgs) StdoutLine: {'line': b'-- Up-to-date symlink: /home/maxim/super_ws/install/px4_msgs/include/px4_msgs/px4_msgs/msg/detail/fiducial_marker_yaw_report__type_support.h\n'}
[1.956431] (px4_msgs) StdoutLine: {'line': b'-- Up-to-date symlink: /home/maxim/super_ws/install/px4_msgs/include/px4_msgs/px4_msgs/msg/detail/figure_eight_status__functions.h\n'}
[1.956541] (px4_msgs) StdoutLine: {'line': b'-- Up-to-date symlink: /home/maxim/super_ws/install/px4_msgs/include/px4_msgs/px4_msgs/msg/detail/figure_eight_status__struct.h\n'}
[1.956663] (px4_msgs) StdoutLine: {'line': b'-- Up-to-date symlink: /home/maxim/super_ws/install/px4_msgs/include/px4_msgs/px4_msgs/msg/detail/figure_eight_status__type_support.h\n'}
[1.956748] (px4_msgs) StdoutLine: {'line': b'-- Up-to-date symlink: /home/maxim/super_ws/install/px4_msgs/include/px4_msgs/px4_msgs/msg/detail/fixed_wing_lateral_guidance_status__functions.h\n'}
[1.956883] (px4_msgs) StdoutLine: {'line': b'-- Up-to-date symlink: /home/maxim/super_ws/install/px4_msgs/include/px4_msgs/px4_msgs/msg/detail/fixed_wing_lateral_guidance_status__struct.h\n'}
[1.956965] (px4_msgs) StdoutLine: {'line': b'-- Up-to-date symlink: /home/maxim/super_ws/install/px4_msgs/include/px4_msgs/px4_msgs/msg/detail/fixed_wing_lateral_guidance_status__type_support.h\n'}
[1.957076] (px4_msgs) StdoutLine: {'line': b'-- Up-to-date symlink: /home/maxim/super_ws/install/px4_msgs/include/px4_msgs/px4_msgs/msg/detail/fixed_wing_lateral_setpoint__functions.h\n'}
[1.957189] (px4_msgs) StdoutLine: {'line': b'-- Up-to-date symlink: /home/maxim/super_ws/install/px4_msgs/include/px4_msgs/px4_msgs/msg/detail/fixed_wing_lateral_setpoint__struct.h\n'}
[1.957302] (px4_msgs) StdoutLine: {'line': b'-- Up-to-date symlink: /home/maxim/super_ws/install/px4_msgs/include/px4_msgs/px4_msgs/msg/detail/fixed_wing_lateral_setpoint__type_support.h\n'}
[1.957406] (px4_msgs) StdoutLine: {'line': b'-- Up-to-date symlink: /home/maxim/super_ws/install/px4_msgs/include/px4_msgs/px4_msgs/msg/detail/fixed_wing_lateral_status__functions.h\n'}
[1.957552] (px4_msgs) StdoutLine: {'line': b'-- Up-to-date symlink: /home/maxim/super_ws/install/px4_msgs/include/px4_msgs/px4_msgs/msg/detail/fixed_wing_lateral_status__struct.h\n'}
[1.957645] (px4_msgs) StdoutLine: {'line': b'-- Up-to-date symlink: /home/maxim/super_ws/install/px4_msgs/include/px4_msgs/px4_msgs/msg/detail/fixed_wing_lateral_status__type_support.h\n'}
[1.957726] (px4_msgs) StdoutLine: {'line': b'-- Up-to-date symlink: /home/maxim/super_ws/install/px4_msgs/include/px4_msgs/px4_msgs/msg/detail/fixed_wing_longitudinal_setpoint__functions.h\n'}
[1.957841] (px4_msgs) StdoutLine: {'line': b'-- Up-to-date symlink: /home/maxim/super_ws/install/px4_msgs/include/px4_msgs/px4_msgs/msg/detail/fixed_wing_longitudinal_setpoint__struct.h\n'}
[1.958017] (px4_msgs) StdoutLine: {'line': b'-- Up-to-date symlink: /home/maxim/super_ws/install/px4_msgs/include/px4_msgs/px4_msgs/msg/detail/fixed_wing_longitudinal_setpoint__type_support.h\n'}
[1.958162] (px4_msgs) StdoutLine: {'line': b'-- Up-to-date symlink: /home/maxim/super_ws/install/px4_msgs/include/px4_msgs/px4_msgs/msg/detail/fixed_wing_runway_control__functions.h\n'}
[1.958286] (px4_msgs) StdoutLine: {'line': b'-- Up-to-date symlink: /home/maxim/super_ws/install/px4_msgs/include/px4_msgs/px4_msgs/msg/detail/fixed_wing_runway_control__struct.h\n'}
[1.958479] (px4_msgs) StdoutLine: {'line': b'-- Up-to-date symlink: /home/maxim/super_ws/install/px4_msgs/include/px4_msgs/px4_msgs/msg/detail/fixed_wing_runway_control__type_support.h\n'}
[1.958606] (px4_msgs) StdoutLine: {'line': b'-- Up-to-date symlink: /home/maxim/super_ws/install/px4_msgs/include/px4_msgs/px4_msgs/msg/detail/flight_phase_estimation__functions.h\n'}
[1.958713] (px4_msgs) StdoutLine: {'line': b'-- Up-to-date symlink: /home/maxim/super_ws/install/px4_msgs/include/px4_msgs/px4_msgs/msg/detail/flight_phase_estimation__struct.h\n'}
[1.958838] (px4_msgs) StdoutLine: {'line': b'-- Up-to-date symlink: /home/maxim/super_ws/install/px4_msgs/include/px4_msgs/px4_msgs/msg/detail/flight_phase_estimation__type_support.h\n'}
[1.958949] (px4_msgs) StdoutLine: {'line': b'-- Up-to-date symlink: /home/maxim/super_ws/install/px4_msgs/include/px4_msgs/px4_msgs/msg/detail/follow_target__functions.h\n'}
[1.959059] (px4_msgs) StdoutLine: {'line': b'-- Up-to-date symlink: /home/maxim/super_ws/install/px4_msgs/include/px4_msgs/px4_msgs/msg/detail/follow_target__struct.h\n'}
[1.959172] (px4_msgs) StdoutLine: {'line': b'-- Up-to-date symlink: /home/maxim/super_ws/install/px4_msgs/include/px4_msgs/px4_msgs/msg/detail/follow_target__type_support.h\n'}
[1.959279] (px4_msgs) StdoutLine: {'line': b'-- Up-to-date symlink: /home/maxim/super_ws/install/px4_msgs/include/px4_msgs/px4_msgs/msg/detail/follow_target_estimator__functions.h\n'}
[1.959390] (px4_msgs) StdoutLine: {'line': b'-- Up-to-date symlink: /home/maxim/super_ws/install/px4_msgs/include/px4_msgs/px4_msgs/msg/detail/follow_target_estimator__struct.h\n'}
[1.959564] (px4_msgs) StdoutLine: {'line': b'-- Up-to-date symlink: /home/maxim/super_ws/install/px4_msgs/include/px4_msgs/px4_msgs/msg/detail/follow_target_estimator__type_support.h\n'}
[1.959642] (px4_msgs) StdoutLine: {'line': b'-- Up-to-date symlink: /home/maxim/super_ws/install/px4_msgs/include/px4_msgs/px4_msgs/msg/detail/follow_target_status__functions.h\n'}
[1.959719] (px4_msgs) StdoutLine: {'line': b'-- Up-to-date symlink: /home/maxim/super_ws/install/px4_msgs/include/px4_msgs/px4_msgs/msg/detail/follow_target_status__struct.h\n'}
[1.959869] (px4_msgs) StdoutLine: {'line': b'-- Up-to-date symlink: /home/maxim/super_ws/install/px4_msgs/include/px4_msgs/px4_msgs/msg/detail/follow_target_status__type_support.h\n'}
[1.959978] (px4_msgs) StdoutLine: {'line': b'-- Up-to-date symlink: /home/maxim/super_ws/install/px4_msgs/include/px4_msgs/px4_msgs/msg/detail/fuel_tank_status__functions.h\n'}
[1.960087] (px4_msgs) StdoutLine: {'line': b'-- Up-to-date symlink: /home/maxim/super_ws/install/px4_msgs/include/px4_msgs/px4_msgs/msg/detail/fuel_tank_status__struct.h\n'}
[1.960163] (px4_msgs) StdoutLine: {'line': b'-- Up-to-date symlink: /home/maxim/super_ws/install/px4_msgs/include/px4_msgs/px4_msgs/msg/detail/fuel_tank_status__type_support.h\n'}
[1.960269] (px4_msgs) StdoutLine: {'line': b'-- Up-to-date symlink: /home/maxim/super_ws/install/px4_msgs/include/px4_msgs/px4_msgs/msg/detail/gain_compression__functions.h\n'}
[1.960378] (px4_msgs) StdoutLine: {'line': b'-- Up-to-date symlink: /home/maxim/super_ws/install/px4_msgs/include/px4_msgs/px4_msgs/msg/detail/gain_compression__struct.h\n'}
[1.960483] (px4_msgs) StdoutLine: {'line': b'-- Up-to-date symlink: /home/maxim/super_ws/install/px4_msgs/include/px4_msgs/px4_msgs/msg/detail/gain_compression__type_support.h\n'}
[1.960590] (px4_msgs) StdoutLine: {'line': b'-- Up-to-date symlink: /home/maxim/super_ws/install/px4_msgs/include/px4_msgs/px4_msgs/msg/detail/generator_status__functions.h\n'}
[1.960742] (px4_msgs) StdoutLine: {'line': b'-- Up-to-date symlink: /home/maxim/super_ws/install/px4_msgs/include/px4_msgs/px4_msgs/msg/detail/generator_status__struct.h\n'}
[1.960847] (px4_msgs) StdoutLine: {'line': b'-- Up-to-date symlink: /home/maxim/super_ws/install/px4_msgs/include/px4_msgs/px4_msgs/msg/detail/generator_status__type_support.h\n'}
[1.960952] (px4_msgs) StdoutLine: {'line': b'-- Up-to-date symlink: /home/maxim/super_ws/install/px4_msgs/include/px4_msgs/px4_msgs/msg/detail/geofence_result__functions.h\n'}
[1.961066] (px4_msgs) StdoutLine: {'line': b'-- Up-to-date symlink: /home/maxim/super_ws/install/px4_msgs/include/px4_msgs/px4_msgs/msg/detail/geofence_result__struct.h\n'}
[1.961177] (px4_msgs) StdoutLine: {'line': b'-- Up-to-date symlink: /home/maxim/super_ws/install/px4_msgs/include/px4_msgs/px4_msgs/msg/detail/geofence_result__type_support.h\n'}
[1.961249] (px4_msgs) StdoutLine: {'line': b'-- Up-to-date symlink: /home/maxim/super_ws/install/px4_msgs/include/px4_msgs/px4_msgs/msg/detail/geofence_status__functions.h\n'}
[1.961359] (px4_msgs) StdoutLine: {'line': b'-- Up-to-date symlink: /home/maxim/super_ws/install/px4_msgs/include/px4_msgs/px4_msgs/msg/detail/geofence_status__struct.h\n'}
[1.961475] (px4_msgs) StdoutLine: {'line': b'-- Up-to-date symlink: /home/maxim/super_ws/install/px4_msgs/include/px4_msgs/px4_msgs/msg/detail/geofence_status__type_support.h\n'}
[1.961581] (px4_msgs) StdoutLine: {'line': b'-- Up-to-date symlink: /home/maxim/super_ws/install/px4_msgs/include/px4_msgs/px4_msgs/msg/detail/gimbal_controls__functions.h\n'}
[1.961684] (px4_msgs) StdoutLine: {'line': b'-- Up-to-date symlink: /home/maxim/super_ws/install/px4_msgs/include/px4_msgs/px4_msgs/msg/detail/gimbal_controls__struct.h\n'}
[1.961795] (px4_msgs) StdoutLine: {'line': b'-- Up-to-date symlink: /home/maxim/super_ws/install/px4_msgs/include/px4_msgs/px4_msgs/msg/detail/gimbal_controls__type_support.h\n'}
[1.961928] (px4_msgs) StdoutLine: {'line': b'-- Up-to-date symlink: /home/maxim/super_ws/install/px4_msgs/include/px4_msgs/px4_msgs/msg/detail/gimbal_device_attitude_status__functions.h\n'}
[1.962050] (px4_msgs) StdoutLine: {'line': b'-- Up-to-date symlink: /home/maxim/super_ws/install/px4_msgs/include/px4_msgs/px4_msgs/msg/detail/gimbal_device_attitude_status__struct.h\n'}
[1.962201] (px4_msgs) StdoutLine: {'line': b'-- Up-to-date symlink: /home/maxim/super_ws/install/px4_msgs/include/px4_msgs/px4_msgs/msg/detail/gimbal_device_attitude_status__type_support.h\n'}
[1.962349] (px4_msgs) StdoutLine: {'line': b'-- Up-to-date symlink: /home/maxim/super_ws/install/px4_msgs/include/px4_msgs/px4_msgs/msg/detail/gimbal_device_information__functions.h\n'}
[1.962505] (px4_msgs) StdoutLine: {'line': b'-- Up-to-date symlink: /home/maxim/super_ws/install/px4_msgs/include/px4_msgs/px4_msgs/msg/detail/gimbal_device_information__struct.h\n'}
[1.962611] (px4_msgs) StdoutLine: {'line': b'-- Up-to-date symlink: /home/maxim/super_ws/install/px4_msgs/include/px4_msgs/px4_msgs/msg/detail/gimbal_device_information__type_support.h\n'}
[1.962692] (px4_msgs) StdoutLine: {'line': b'-- Up-to-date symlink: /home/maxim/super_ws/install/px4_msgs/include/px4_msgs/px4_msgs/msg/detail/gimbal_device_set_attitude__functions.h\n'}
[1.962843] (px4_msgs) StdoutLine: {'line': b'-- Up-to-date symlink: /home/maxim/super_ws/install/px4_msgs/include/px4_msgs/px4_msgs/msg/detail/gimbal_device_set_attitude__struct.h\n'}
[1.962944] (px4_msgs) StdoutLine: {'line': b'-- Up-to-date symlink: /home/maxim/super_ws/install/px4_msgs/include/px4_msgs/px4_msgs/msg/detail/gimbal_device_set_attitude__type_support.h\n'}
[1.963047] (px4_msgs) StdoutLine: {'line': b'-- Up-to-date symlink: /home/maxim/super_ws/install/px4_msgs/include/px4_msgs/px4_msgs/msg/detail/gimbal_manager_information__functions.h\n'}
[1.963128] (px4_msgs) StdoutLine: {'line': b'-- Up-to-date symlink: /home/maxim/super_ws/install/px4_msgs/include/px4_msgs/px4_msgs/msg/detail/gimbal_manager_information__struct.h\n'}
[1.963279] (px4_msgs) StdoutLine: {'line': b'-- Up-to-date symlink: /home/maxim/super_ws/install/px4_msgs/include/px4_msgs/px4_msgs/msg/detail/gimbal_manager_information__type_support.h\n'}
[1.963392] (px4_msgs) StdoutLine: {'line': b'-- Up-to-date symlink: /home/maxim/super_ws/install/px4_msgs/include/px4_msgs/px4_msgs/msg/detail/gimbal_manager_set_attitude__functions.h\n'}
[1.963523] (px4_msgs) StdoutLine: {'line': b'-- Up-to-date symlink: /home/maxim/super_ws/install/px4_msgs/include/px4_msgs/px4_msgs/msg/detail/gimbal_manager_set_attitude__struct.h\n'}
[1.963691] (px4_msgs) StdoutLine: {'line': b'-- Up-to-date symlink: /home/maxim/super_ws/install/px4_msgs/include/px4_msgs/px4_msgs/msg/detail/gimbal_manager_set_attitude__type_support.h\n'}
[1.963911] (px4_msgs) StdoutLine: {'line': b'-- Up-to-date symlink: /home/maxim/super_ws/install/px4_msgs/include/px4_msgs/px4_msgs/msg/detail/gimbal_manager_set_manual_control__functions.h\n'}
[1.964036] (px4_msgs) StdoutLine: {'line': b'-- Up-to-date symlink: /home/maxim/super_ws/install/px4_msgs/include/px4_msgs/px4_msgs/msg/detail/gimbal_manager_set_manual_control__struct.h\n'}
[1.964150] (px4_msgs) StdoutLine: {'line': b'-- Up-to-date symlink: /home/maxim/super_ws/install/px4_msgs/include/px4_msgs/px4_msgs/msg/detail/gimbal_manager_set_manual_control__type_support.h\n'}
[1.964299] (px4_msgs) StdoutLine: {'line': b'-- Up-to-date symlink: /home/maxim/super_ws/install/px4_msgs/include/px4_msgs/px4_msgs/msg/detail/gimbal_manager_status__functions.h\n'}
[1.964448] (px4_msgs) StdoutLine: {'line': b'-- Up-to-date symlink: /home/maxim/super_ws/install/px4_msgs/include/px4_msgs/px4_msgs/msg/detail/gimbal_manager_status__struct.h\n'}
[1.964598] (px4_msgs) StdoutLine: {'line': b'-- Up-to-date symlink: /home/maxim/super_ws/install/px4_msgs/include/px4_msgs/px4_msgs/msg/detail/gimbal_manager_status__type_support.h\n'}
[1.964802] (px4_msgs) StdoutLine: {'line': b'-- Up-to-date symlink: /home/maxim/super_ws/install/px4_msgs/include/px4_msgs/px4_msgs/msg/detail/goto_setpoint__functions.h\n'}
[1.964929] (px4_msgs) StdoutLine: {'line': b'-- Up-to-date symlink: /home/maxim/super_ws/install/px4_msgs/include/px4_msgs/px4_msgs/msg/detail/goto_setpoint__struct.h\n'}
[1.965072] (px4_msgs) StdoutLine: {'line': b'-- Up-to-date symlink: /home/maxim/super_ws/install/px4_msgs/include/px4_msgs/px4_msgs/msg/detail/goto_setpoint__type_support.h\n'}
[1.965220] (px4_msgs) StdoutLine: {'line': b'-- Up-to-date symlink: /home/maxim/super_ws/install/px4_msgs/include/px4_msgs/px4_msgs/msg/detail/gpio_config__functions.h\n'}
[1.965412] (px4_msgs) StdoutLine: {'line': b'-- Up-to-date symlink: /home/maxim/super_ws/install/px4_msgs/include/px4_msgs/px4_msgs/msg/detail/gpio_config__struct.h\n'}
[1.965788] (px4_msgs) StdoutLine: {'line': b'-- Up-to-date symlink: /home/maxim/super_ws/install/px4_msgs/include/px4_msgs/px4_msgs/msg/detail/gpio_config__type_support.h\n'}
[1.965998] (px4_msgs) StdoutLine: {'line': b'-- Up-to-date symlink: /home/maxim/super_ws/install/px4_msgs/include/px4_msgs/px4_msgs/msg/detail/gpio_in__functions.h\n'}
[1.966072] (px4_msgs) StdoutLine: {'line': b'-- Up-to-date symlink: /home/maxim/super_ws/install/px4_msgs/include/px4_msgs/px4_msgs/msg/detail/gpio_in__struct.h\n'}
[1.966152] (px4_msgs) StdoutLine: {'line': b'-- Up-to-date symlink: /home/maxim/super_ws/install/px4_msgs/include/px4_msgs/px4_msgs/msg/detail/gpio_in__type_support.h\n'}
[1.966220] (px4_msgs) StdoutLine: {'line': b'-- Up-to-date symlink: /home/maxim/super_ws/install/px4_msgs/include/px4_msgs/px4_msgs/msg/detail/gpio_out__functions.h\n'}
[1.966280] (px4_msgs) StdoutLine: {'line': b'-- Up-to-date symlink: /home/maxim/super_ws/install/px4_msgs/include/px4_msgs/px4_msgs/msg/detail/gpio_out__struct.h\n'}
[1.966334] (px4_msgs) StdoutLine: {'line': b'-- Up-to-date symlink: /home/maxim/super_ws/install/px4_msgs/include/px4_msgs/px4_msgs/msg/detail/gpio_out__type_support.h\n'}
[1.966407] (px4_msgs) StdoutLine: {'line': b'-- Up-to-date symlink: /home/maxim/super_ws/install/px4_msgs/include/px4_msgs/px4_msgs/msg/detail/gpio_request__functions.h\n'}
[1.966480] (px4_msgs) StdoutLine: {'line': b'-- Up-to-date symlink: /home/maxim/super_ws/install/px4_msgs/include/px4_msgs/px4_msgs/msg/detail/gpio_request__struct.h\n'}
[1.966554] (px4_msgs) StdoutLine: {'line': b'-- Up-to-date symlink: /home/maxim/super_ws/install/px4_msgs/include/px4_msgs/px4_msgs/msg/detail/gpio_request__type_support.h\n'}
[1.966654] (px4_msgs) StdoutLine: {'line': b'-- Up-to-date symlink: /home/maxim/super_ws/install/px4_msgs/include/px4_msgs/px4_msgs/msg/detail/gps_dump__functions.h\n'}
[1.966741] (px4_msgs) StdoutLine: {'line': b'-- Up-to-date symlink: /home/maxim/super_ws/install/px4_msgs/include/px4_msgs/px4_msgs/msg/detail/gps_dump__struct.h\n'}
[1.966982] (px4_msgs) StdoutLine: {'line': b'-- Up-to-date symlink: /home/maxim/super_ws/install/px4_msgs/include/px4_msgs/px4_msgs/msg/detail/gps_dump__type_support.h\n'}
[1.967113] (px4_msgs) StdoutLine: {'line': b'-- Up-to-date symlink: /home/maxim/super_ws/install/px4_msgs/include/px4_msgs/px4_msgs/msg/detail/gps_inject_data__functions.h\n'}
[1.967197] (px4_msgs) StdoutLine: {'line': b'-- Up-to-date symlink: /home/maxim/super_ws/install/px4_msgs/include/px4_msgs/px4_msgs/msg/detail/gps_inject_data__struct.h\n'}
[1.967328] (px4_msgs) StdoutLine: {'line': b'-- Up-to-date symlink: /home/maxim/super_ws/install/px4_msgs/include/px4_msgs/px4_msgs/msg/detail/gps_inject_data__type_support.h\n'}
[1.967448] (px4_msgs) StdoutLine: {'line': b'-- Up-to-date symlink: /home/maxim/super_ws/install/px4_msgs/include/px4_msgs/px4_msgs/msg/detail/gripper__functions.h\n'}
[1.967630] (px4_msgs) StdoutLine: {'line': b'-- Up-to-date symlink: /home/maxim/super_ws/install/px4_msgs/include/px4_msgs/px4_msgs/msg/detail/gripper__struct.h\n'}
[1.967732] (px4_msgs) StdoutLine: {'line': b'-- Up-to-date symlink: /home/maxim/super_ws/install/px4_msgs/include/px4_msgs/px4_msgs/msg/detail/gripper__type_support.h\n'}
[1.967878] (px4_msgs) StdoutLine: {'line': b'-- Up-to-date symlink: /home/maxim/super_ws/install/px4_msgs/include/px4_msgs/px4_msgs/msg/detail/health_report__functions.h\n'}
[1.967979] (px4_msgs) StdoutLine: {'line': b'-- Up-to-date symlink: /home/maxim/super_ws/install/px4_msgs/include/px4_msgs/px4_msgs/msg/detail/health_report__struct.h\n'}
[1.968056] (px4_msgs) StdoutLine: {'line': b'-- Up-to-date symlink: /home/maxim/super_ws/install/px4_msgs/include/px4_msgs/px4_msgs/msg/detail/health_report__type_support.h\n'}
[1.968213] (px4_msgs) StdoutLine: {'line': b'-- Up-to-date symlink: /home/maxim/super_ws/install/px4_msgs/include/px4_msgs/px4_msgs/msg/detail/heater_status__functions.h\n'}
[1.968352] (px4_msgs) StdoutLine: {'line': b'-- Up-to-date symlink: /home/maxim/super_ws/install/px4_msgs/include/px4_msgs/px4_msgs/msg/detail/heater_status__struct.h\n'}
[1.968454] (px4_msgs) StdoutLine: {'line': b'-- Up-to-date symlink: /home/maxim/super_ws/install/px4_msgs/include/px4_msgs/px4_msgs/msg/detail/heater_status__type_support.h\n'}
[1.968535] (px4_msgs) StdoutLine: {'line': b'-- Up-to-date symlink: /home/maxim/super_ws/install/px4_msgs/include/px4_msgs/px4_msgs/msg/detail/home_position__functions.h\n'}
[1.968611] (px4_msgs) StdoutLine: {'line': b'-- Up-to-date symlink: /home/maxim/super_ws/install/px4_msgs/include/px4_msgs/px4_msgs/msg/detail/home_position__struct.h\n'}
[1.968762] (px4_msgs) StdoutLine: {'line': b'-- Up-to-date symlink: /home/maxim/super_ws/install/px4_msgs/include/px4_msgs/px4_msgs/msg/detail/home_position__type_support.h\n'}
[1.968936] (px4_msgs) StdoutLine: {'line': b'-- Up-to-date symlink: /home/maxim/super_ws/install/px4_msgs/include/px4_msgs/px4_msgs/msg/detail/hover_thrust_estimate__functions.h\n'}
[1.969101] (px4_msgs) StdoutLine: {'line': b'-- Up-to-date symlink: /home/maxim/super_ws/install/px4_msgs/include/px4_msgs/px4_msgs/msg/detail/hover_thrust_estimate__struct.h\n'}
[1.969230] (px4_msgs) StdoutLine: {'line': b'-- Up-to-date symlink: /home/maxim/super_ws/install/px4_msgs/include/px4_msgs/px4_msgs/msg/detail/hover_thrust_estimate__type_support.h\n'}
[1.969381] (px4_msgs) StdoutLine: {'line': b'-- Up-to-date symlink: /home/maxim/super_ws/install/px4_msgs/include/px4_msgs/px4_msgs/msg/detail/input_rc__functions.h\n'}
[1.969552] (px4_msgs) StdoutLine: {'line': b'-- Up-to-date symlink: /home/maxim/super_ws/install/px4_msgs/include/px4_msgs/px4_msgs/msg/detail/input_rc__struct.h\n'}
[1.969693] (px4_msgs) StdoutLine: {'line': b'-- Up-to-date symlink: /home/maxim/super_ws/install/px4_msgs/include/px4_msgs/px4_msgs/msg/detail/input_rc__type_support.h\n'}
[1.969849] (px4_msgs) StdoutLine: {'line': b'-- Up-to-date symlink: /home/maxim/super_ws/install/px4_msgs/include/px4_msgs/px4_msgs/msg/detail/internal_combustion_engine_control__functions.h\n'}
[1.970019] (px4_msgs) StdoutLine: {'line': b'-- Up-to-date symlink: /home/maxim/super_ws/install/px4_msgs/include/px4_msgs/px4_msgs/msg/detail/internal_combustion_engine_control__struct.h\n'}
[1.970195] (px4_msgs) StdoutLine: {'line': b'-- Up-to-date symlink: /home/maxim/super_ws/install/px4_msgs/include/px4_msgs/px4_msgs/msg/detail/internal_combustion_engine_control__type_support.h\n'}
[1.970377] (px4_msgs) StdoutLine: {'line': b'-- Up-to-date symlink: /home/maxim/super_ws/install/px4_msgs/include/px4_msgs/px4_msgs/msg/detail/internal_combustion_engine_status__functions.h\n'}
[1.970546] (px4_msgs) StdoutLine: {'line': b'-- Up-to-date symlink: /home/maxim/super_ws/install/px4_msgs/include/px4_msgs/px4_msgs/msg/detail/internal_combustion_engine_status__struct.h\n'}
[1.970819] (px4_msgs) StdoutLine: {'line': b'-- Up-to-date symlink: /home/maxim/super_ws/install/px4_msgs/include/px4_msgs/px4_msgs/msg/detail/internal_combustion_engine_status__type_support.h\n'}
[1.970936] (px4_msgs) StdoutLine: {'line': b'-- Up-to-date symlink: /home/maxim/super_ws/install/px4_msgs/include/px4_msgs/px4_msgs/msg/detail/iridiumsbd_status__functions.h\n'}
[1.971090] (px4_msgs) StdoutLine: {'line': b'-- Up-to-date symlink: /home/maxim/super_ws/install/px4_msgs/include/px4_msgs/px4_msgs/msg/detail/iridiumsbd_status__struct.h\n'}
[1.971242] (px4_msgs) StdoutLine: {'line': b'-- Up-to-date symlink: /home/maxim/super_ws/install/px4_msgs/include/px4_msgs/px4_msgs/msg/detail/iridiumsbd_status__type_support.h\n'}
[1.971391] (px4_msgs) StdoutLine: {'line': b'-- Up-to-date symlink: /home/maxim/super_ws/install/px4_msgs/include/px4_msgs/px4_msgs/msg/detail/irlock_report__functions.h\n'}
[1.971546] (px4_msgs) StdoutLine: {'line': b'-- Up-to-date symlink: /home/maxim/super_ws/install/px4_msgs/include/px4_msgs/px4_msgs/msg/detail/irlock_report__struct.h\n'}
[1.971690] (px4_msgs) StdoutLine: {'line': b'-- Up-to-date symlink: /home/maxim/super_ws/install/px4_msgs/include/px4_msgs/px4_msgs/msg/detail/irlock_report__type_support.h\n'}
[1.971839] (px4_msgs) StdoutLine: {'line': b'-- Up-to-date symlink: /home/maxim/super_ws/install/px4_msgs/include/px4_msgs/px4_msgs/msg/detail/landing_gear__functions.h\n'}
[1.971939] (px4_msgs) StdoutLine: {'line': b'-- Up-to-date symlink: /home/maxim/super_ws/install/px4_msgs/include/px4_msgs/px4_msgs/msg/detail/landing_gear__struct.h\n'}
[1.972020] (px4_msgs) StdoutLine: {'line': b'-- Up-to-date symlink: /home/maxim/super_ws/install/px4_msgs/include/px4_msgs/px4_msgs/msg/detail/landing_gear__type_support.h\n'}
[1.972168] (px4_msgs) StdoutLine: {'line': b'-- Up-to-date symlink: /home/maxim/super_ws/install/px4_msgs/include/px4_msgs/px4_msgs/msg/detail/landing_gear_wheel__functions.h\n'}
[1.972359] (px4_msgs) StdoutLine: {'line': b'-- Up-to-date symlink: /home/maxim/super_ws/install/px4_msgs/include/px4_msgs/px4_msgs/msg/detail/landing_gear_wheel__struct.h\n'}
[1.972550] (px4_msgs) StdoutLine: {'line': b'-- Up-to-date symlink: /home/maxim/super_ws/install/px4_msgs/include/px4_msgs/px4_msgs/msg/detail/landing_gear_wheel__type_support.h\n'}
[1.972667] (px4_msgs) StdoutLine: {'line': b'-- Up-to-date symlink: /home/maxim/super_ws/install/px4_msgs/include/px4_msgs/px4_msgs/msg/detail/landing_target_innovations__functions.h\n'}
[1.972840] (px4_msgs) StdoutLine: {'line': b'-- Up-to-date symlink: /home/maxim/super_ws/install/px4_msgs/include/px4_msgs/px4_msgs/msg/detail/landing_target_innovations__struct.h\n'}
[1.972945] (px4_msgs) StdoutLine: {'line': b'-- Up-to-date symlink: /home/maxim/super_ws/install/px4_msgs/include/px4_msgs/px4_msgs/msg/detail/landing_target_innovations__type_support.h\n'}
[1.973103] (px4_msgs) StdoutLine: {'line': b'-- Up-to-date symlink: /home/maxim/super_ws/install/px4_msgs/include/px4_msgs/px4_msgs/msg/detail/landing_target_pose__functions.h\n'}
[1.973254] (px4_msgs) StdoutLine: {'line': b'-- Up-to-date symlink: /home/maxim/super_ws/install/px4_msgs/include/px4_msgs/px4_msgs/msg/detail/landing_target_pose__struct.h\n'}
[1.973378] (px4_msgs) StdoutLine: {'line': b'-- Up-to-date symlink: /home/maxim/super_ws/install/px4_msgs/include/px4_msgs/px4_msgs/msg/detail/landing_target_pose__type_support.h\n'}
[1.973555] (px4_msgs) StdoutLine: {'line': b'-- Up-to-date symlink: /home/maxim/super_ws/install/px4_msgs/include/px4_msgs/px4_msgs/msg/detail/lateral_control_configuration__functions.h\n'}
[1.973662] (px4_msgs) StdoutLine: {'line': b'-- Up-to-date symlink: /home/maxim/super_ws/install/px4_msgs/include/px4_msgs/px4_msgs/msg/detail/lateral_control_configuration__struct.h\n'}
[1.973850] (px4_msgs) StdoutLine: {'line': b'-- Up-to-date symlink: /home/maxim/super_ws/install/px4_msgs/include/px4_msgs/px4_msgs/msg/detail/lateral_control_configuration__type_support.h\n'}
[1.973968] (px4_msgs) StdoutLine: {'line': b'-- Up-to-date symlink: /home/maxim/super_ws/install/px4_msgs/include/px4_msgs/px4_msgs/msg/detail/launch_detection_status__functions.h\n'}
[1.974118] (px4_msgs) StdoutLine: {'line': b'-- Up-to-date symlink: /home/maxim/super_ws/install/px4_msgs/include/px4_msgs/px4_msgs/msg/detail/launch_detection_status__struct.h\n'}
[1.974266] (px4_msgs) StdoutLine: {'line': b'-- Up-to-date symlink: /home/maxim/super_ws/install/px4_msgs/include/px4_msgs/px4_msgs/msg/detail/launch_detection_status__type_support.h\n'}
[1.974425] (px4_msgs) StdoutLine: {'line': b'-- Up-to-date symlink: /home/maxim/super_ws/install/px4_msgs/include/px4_msgs/px4_msgs/msg/detail/led_control__functions.h\n'}
[1.974601] (px4_msgs) StdoutLine: {'line': b'-- Up-to-date symlink: /home/maxim/super_ws/install/px4_msgs/include/px4_msgs/px4_msgs/msg/detail/led_control__struct.h\n'}
[1.974715] (px4_msgs) StdoutLine: {'line': b'-- Up-to-date symlink: /home/maxim/super_ws/install/px4_msgs/include/px4_msgs/px4_msgs/msg/detail/led_control__type_support.h\n'}
[1.974900] (px4_msgs) StdoutLine: {'line': b'-- Up-to-date symlink: /home/maxim/super_ws/install/px4_msgs/include/px4_msgs/px4_msgs/msg/detail/log_message__functions.h\n'}
[1.975055] (px4_msgs) StdoutLine: {'line': b'-- Up-to-date symlink: /home/maxim/super_ws/install/px4_msgs/include/px4_msgs/px4_msgs/msg/detail/log_message__struct.h\n'}
[1.975197] (px4_msgs) StdoutLine: {'line': b'-- Up-to-date symlink: /home/maxim/super_ws/install/px4_msgs/include/px4_msgs/px4_msgs/msg/detail/log_message__type_support.h\n'}
[1.975277] (px4_msgs) StdoutLine: {'line': b'-- Up-to-date symlink: /home/maxim/super_ws/install/px4_msgs/include/px4_msgs/px4_msgs/msg/detail/logger_status__functions.h\n'}
[1.975459] (px4_msgs) StdoutLine: {'line': b'-- Up-to-date symlink: /home/maxim/super_ws/install/px4_msgs/include/px4_msgs/px4_msgs/msg/detail/logger_status__struct.h\n'}
[1.975603] (px4_msgs) StdoutLine: {'line': b'-- Up-to-date symlink: /home/maxim/super_ws/install/px4_msgs/include/px4_msgs/px4_msgs/msg/detail/logger_status__type_support.h\n'}
[1.975715] (px4_msgs) StdoutLine: {'line': b'-- Up-to-date symlink: /home/maxim/super_ws/install/px4_msgs/include/px4_msgs/px4_msgs/msg/detail/longitudinal_control_configuration__functions.h\n'}
[1.975826] (px4_msgs) StdoutLine: {'line': b'-- Up-to-date symlink: /home/maxim/super_ws/install/px4_msgs/include/px4_msgs/px4_msgs/msg/detail/longitudinal_control_configuration__struct.h\n'}
[1.975935] (px4_msgs) StdoutLine: {'line': b'-- Up-to-date symlink: /home/maxim/super_ws/install/px4_msgs/include/px4_msgs/px4_msgs/msg/detail/longitudinal_control_configuration__type_support.h\n'}
[1.976044] (px4_msgs) StdoutLine: {'line': b'-- Up-to-date symlink: /home/maxim/super_ws/install/px4_msgs/include/px4_msgs/px4_msgs/msg/detail/mag_worker_data__functions.h\n'}
[1.976152] (px4_msgs) StdoutLine: {'line': b'-- Up-to-date symlink: /home/maxim/super_ws/install/px4_msgs/include/px4_msgs/px4_msgs/msg/detail/mag_worker_data__struct.h\n'}
[1.976259] (px4_msgs) StdoutLine: {'line': b'-- Up-to-date symlink: /home/maxim/super_ws/install/px4_msgs/include/px4_msgs/px4_msgs/msg/detail/mag_worker_data__type_support.h\n'}
[1.976365] (px4_msgs) StdoutLine: {'line': b'-- Up-to-date symlink: /home/maxim/super_ws/install/px4_msgs/include/px4_msgs/px4_msgs/msg/detail/magnetometer_bias_estimate__functions.h\n'}
[1.976473] (px4_msgs) StdoutLine: {'line': b'-- Up-to-date symlink: /home/maxim/super_ws/install/px4_msgs/include/px4_msgs/px4_msgs/msg/detail/magnetometer_bias_estimate__struct.h\n'}
[1.976580] (px4_msgs) StdoutLine: {'line': b'-- Up-to-date symlink: /home/maxim/super_ws/install/px4_msgs/include/px4_msgs/px4_msgs/msg/detail/magnetometer_bias_estimate__type_support.h\n'}
[1.976717] (px4_msgs) StdoutLine: {'line': b'-- Up-to-date symlink: /home/maxim/super_ws/install/px4_msgs/include/px4_msgs/px4_msgs/msg/detail/manual_control_setpoint__functions.h\n'}
[1.976828] (px4_msgs) StdoutLine: {'line': b'-- Up-to-date symlink: /home/maxim/super_ws/install/px4_msgs/include/px4_msgs/px4_msgs/msg/detail/manual_control_setpoint__struct.h\n'}
[1.976979] (px4_msgs) StdoutLine: {'line': b'-- Up-to-date symlink: /home/maxim/super_ws/install/px4_msgs/include/px4_msgs/px4_msgs/msg/detail/manual_control_setpoint__type_support.h\n'}
[1.977087] (px4_msgs) StdoutLine: {'line': b'-- Up-to-date symlink: /home/maxim/super_ws/install/px4_msgs/include/px4_msgs/px4_msgs/msg/detail/manual_control_switches__functions.h\n'}
[1.977195] (px4_msgs) StdoutLine: {'line': b'-- Up-to-date symlink: /home/maxim/super_ws/install/px4_msgs/include/px4_msgs/px4_msgs/msg/detail/manual_control_switches__struct.h\n'}
[1.977354] (px4_msgs) StdoutLine: {'line': b'-- Up-to-date symlink: /home/maxim/super_ws/install/px4_msgs/include/px4_msgs/px4_msgs/msg/detail/manual_control_switches__type_support.h\n'}
[1.977528] (px4_msgs) StdoutLine: {'line': b'-- Up-to-date symlink: /home/maxim/super_ws/install/px4_msgs/include/px4_msgs/px4_msgs/msg/detail/mavlink_log__functions.h\n'}
[1.977601] (px4_msgs) StdoutLine: {'line': b'-- Up-to-date symlink: /home/maxim/super_ws/install/px4_msgs/include/px4_msgs/px4_msgs/msg/detail/mavlink_log__struct.h\n'}
[1.977685] (px4_msgs) StdoutLine: {'line': b'-- Up-to-date symlink: /home/maxim/super_ws/install/px4_msgs/include/px4_msgs/px4_msgs/msg/detail/mavlink_log__type_support.h\n'}
[1.977764] (px4_msgs) StdoutLine: {'line': b'-- Up-to-date symlink: /home/maxim/super_ws/install/px4_msgs/include/px4_msgs/px4_msgs/msg/detail/mavlink_tunnel__functions.h\n'}
[1.977860] (px4_msgs) StdoutLine: {'line': b'-- Up-to-date symlink: /home/maxim/super_ws/install/px4_msgs/include/px4_msgs/px4_msgs/msg/detail/mavlink_tunnel__struct.h\n'}
[1.977941] (px4_msgs) StdoutLine: {'line': b'-- Up-to-date symlink: /home/maxim/super_ws/install/px4_msgs/include/px4_msgs/px4_msgs/msg/detail/mavlink_tunnel__type_support.h\n'}
[1.978035] (px4_msgs) StdoutLine: {'line': b'-- Up-to-date symlink: /home/maxim/super_ws/install/px4_msgs/include/px4_msgs/px4_msgs/msg/detail/message_format_request__functions.h\n'}
[1.978143] (px4_msgs) StdoutLine: {'line': b'-- Up-to-date symlink: /home/maxim/super_ws/install/px4_msgs/include/px4_msgs/px4_msgs/msg/detail/message_format_request__struct.h\n'}
[1.978291] (px4_msgs) StdoutLine: {'line': b'-- Up-to-date symlink: /home/maxim/super_ws/install/px4_msgs/include/px4_msgs/px4_msgs/msg/detail/message_format_request__type_support.h\n'}
[1.978390] (px4_msgs) StdoutLine: {'line': b'-- Up-to-date symlink: /home/maxim/super_ws/install/px4_msgs/include/px4_msgs/px4_msgs/msg/detail/message_format_response__functions.h\n'}
[1.978477] (px4_msgs) StdoutLine: {'line': b'-- Up-to-date symlink: /home/maxim/super_ws/install/px4_msgs/include/px4_msgs/px4_msgs/msg/detail/message_format_response__struct.h\n'}
[1.978570] (px4_msgs) StdoutLine: {'line': b'-- Up-to-date symlink: /home/maxim/super_ws/install/px4_msgs/include/px4_msgs/px4_msgs/msg/detail/message_format_response__type_support.h\n'}
[1.978676] (px4_msgs) StdoutLine: {'line': b'-- Up-to-date symlink: /home/maxim/super_ws/install/px4_msgs/include/px4_msgs/px4_msgs/msg/detail/mission__functions.h\n'}
[1.978784] (px4_msgs) StdoutLine: {'line': b'-- Up-to-date symlink: /home/maxim/super_ws/install/px4_msgs/include/px4_msgs/px4_msgs/msg/detail/mission__struct.h\n'}
[1.978969] (px4_msgs) StdoutLine: {'line': b'-- Up-to-date symlink: /home/maxim/super_ws/install/px4_msgs/include/px4_msgs/px4_msgs/msg/detail/mission__type_support.h\n'}
[1.979113] (px4_msgs) StdoutLine: {'line': b'-- Up-to-date symlink: /home/maxim/super_ws/install/px4_msgs/include/px4_msgs/px4_msgs/msg/detail/mission_result__functions.h\n'}
[1.979259] (px4_msgs) StdoutLine: {'line': b'-- Up-to-date symlink: /home/maxim/super_ws/install/px4_msgs/include/px4_msgs/px4_msgs/msg/detail/mission_result__struct.h\n'}
[1.979419] (px4_msgs) StdoutLine: {'line': b'-- Up-to-date symlink: /home/maxim/super_ws/install/px4_msgs/include/px4_msgs/px4_msgs/msg/detail/mission_result__type_support.h\n'}
[1.979547] (px4_msgs) StdoutLine: {'line': b'-- Up-to-date symlink: /home/maxim/super_ws/install/px4_msgs/include/px4_msgs/px4_msgs/msg/detail/mode_completed__functions.h\n'}
[1.979668] (px4_msgs) StdoutLine: {'line': b'-- Up-to-date symlink: /home/maxim/super_ws/install/px4_msgs/include/px4_msgs/px4_msgs/msg/detail/mode_completed__struct.h\n'}
[1.979884] (px4_msgs) StdoutLine: {'line': b'-- Up-to-date symlink: /home/maxim/super_ws/install/px4_msgs/include/px4_msgs/px4_msgs/msg/detail/mode_completed__type_support.h\n'}
[1.979962] (px4_msgs) StdoutLine: {'line': b'-- Up-to-date symlink: /home/maxim/super_ws/install/px4_msgs/include/px4_msgs/px4_msgs/msg/detail/mount_orientation__functions.h\n'}
[1.980066] (px4_msgs) StdoutLine: {'line': b'-- Up-to-date symlink: /home/maxim/super_ws/install/px4_msgs/include/px4_msgs/px4_msgs/msg/detail/mount_orientation__struct.h\n'}
[1.980174] (px4_msgs) StdoutLine: {'line': b'-- Up-to-date symlink: /home/maxim/super_ws/install/px4_msgs/include/px4_msgs/px4_msgs/msg/detail/mount_orientation__type_support.h\n'}
[1.980282] (px4_msgs) StdoutLine: {'line': b'-- Up-to-date symlink: /home/maxim/super_ws/install/px4_msgs/include/px4_msgs/px4_msgs/msg/detail/navigator_mission_item__functions.h\n'}
[1.980393] (px4_msgs) StdoutLine: {'line': b'-- Up-to-date symlink: /home/maxim/super_ws/install/px4_msgs/include/px4_msgs/px4_msgs/msg/detail/navigator_mission_item__struct.h\n'}
[1.980502] (px4_msgs) StdoutLine: {'line': b'-- Up-to-date symlink: /home/maxim/super_ws/install/px4_msgs/include/px4_msgs/px4_msgs/msg/detail/navigator_mission_item__type_support.h\n'}
[1.980608] (px4_msgs) StdoutLine: {'line': b'-- Up-to-date symlink: /home/maxim/super_ws/install/px4_msgs/include/px4_msgs/px4_msgs/msg/detail/navigator_status__functions.h\n'}
[1.980716] (px4_msgs) StdoutLine: {'line': b'-- Up-to-date symlink: /home/maxim/super_ws/install/px4_msgs/include/px4_msgs/px4_msgs/msg/detail/navigator_status__struct.h\n'}
[1.980827] (px4_msgs) StdoutLine: {'line': b'-- Up-to-date symlink: /home/maxim/super_ws/install/px4_msgs/include/px4_msgs/px4_msgs/msg/detail/navigator_status__type_support.h\n'}
[1.980939] (px4_msgs) StdoutLine: {'line': b'-- Up-to-date symlink: /home/maxim/super_ws/install/px4_msgs/include/px4_msgs/px4_msgs/msg/detail/neural_control__functions.h\n'}
[1.981045] (px4_msgs) StdoutLine: {'line': b'-- Up-to-date symlink: /home/maxim/super_ws/install/px4_msgs/include/px4_msgs/px4_msgs/msg/detail/neural_control__struct.h\n'}
[1.981152] (px4_msgs) StdoutLine: {'line': b'-- Up-to-date symlink: /home/maxim/super_ws/install/px4_msgs/include/px4_msgs/px4_msgs/msg/detail/neural_control__type_support.h\n'}
[1.981259] (px4_msgs) StdoutLine: {'line': b'-- Up-to-date symlink: /home/maxim/super_ws/install/px4_msgs/include/px4_msgs/px4_msgs/msg/detail/normalized_unsigned_setpoint__functions.h\n'}
[1.981365] (px4_msgs) StdoutLine: {'line': b'-- Up-to-date symlink: /home/maxim/super_ws/install/px4_msgs/include/px4_msgs/px4_msgs/msg/detail/normalized_unsigned_setpoint__struct.h\n'}
[1.981484] (px4_msgs) StdoutLine: {'line': b'-- Up-to-date symlink: /home/maxim/super_ws/install/px4_msgs/include/px4_msgs/px4_msgs/msg/detail/normalized_unsigned_setpoint__type_support.h\n'}
[1.981580] (px4_msgs) StdoutLine: {'line': b'-- Up-to-date symlink: /home/maxim/super_ws/install/px4_msgs/include/px4_msgs/px4_msgs/msg/detail/obstacle_distance__functions.h\n'}
[1.981685] (px4_msgs) StdoutLine: {'line': b'-- Up-to-date symlink: /home/maxim/super_ws/install/px4_msgs/include/px4_msgs/px4_msgs/msg/detail/obstacle_distance__struct.h\n'}
[1.981797] (px4_msgs) StdoutLine: {'line': b'-- Up-to-date symlink: /home/maxim/super_ws/install/px4_msgs/include/px4_msgs/px4_msgs/msg/detail/obstacle_distance__type_support.h\n'}
[1.981903] (px4_msgs) StdoutLine: {'line': b'-- Up-to-date symlink: /home/maxim/super_ws/install/px4_msgs/include/px4_msgs/px4_msgs/msg/detail/offboard_control_mode__functions.h\n'}
[1.982040] (px4_msgs) StdoutLine: {'line': b'-- Up-to-date symlink: /home/maxim/super_ws/install/px4_msgs/include/px4_msgs/px4_msgs/msg/detail/offboard_control_mode__struct.h\n'}
[1.982186] (px4_msgs) StdoutLine: {'line': b'-- Up-to-date symlink: /home/maxim/super_ws/install/px4_msgs/include/px4_msgs/px4_msgs/msg/detail/offboard_control_mode__type_support.h\n'}
[1.982312] (px4_msgs) StdoutLine: {'line': b'-- Up-to-date symlink: /home/maxim/super_ws/install/px4_msgs/include/px4_msgs/px4_msgs/msg/detail/onboard_computer_status__functions.h\n'}
[1.982430] (px4_msgs) StdoutLine: {'line': b'-- Up-to-date symlink: /home/maxim/super_ws/install/px4_msgs/include/px4_msgs/px4_msgs/msg/detail/onboard_computer_status__struct.h\n'}
[1.982541] (px4_msgs) StdoutLine: {'line': b'-- Up-to-date symlink: /home/maxim/super_ws/install/px4_msgs/include/px4_msgs/px4_msgs/msg/detail/onboard_computer_status__type_support.h\n'}
[1.982654] (px4_msgs) StdoutLine: {'line': b'-- Up-to-date symlink: /home/maxim/super_ws/install/px4_msgs/include/px4_msgs/px4_msgs/msg/detail/open_drone_id_arm_status__functions.h\n'}
[1.982771] (px4_msgs) StdoutLine: {'line': b'-- Up-to-date symlink: /home/maxim/super_ws/install/px4_msgs/include/px4_msgs/px4_msgs/msg/detail/open_drone_id_arm_status__struct.h\n'}
[1.982883] (px4_msgs) StdoutLine: {'line': b'-- Up-to-date symlink: /home/maxim/super_ws/install/px4_msgs/include/px4_msgs/px4_msgs/msg/detail/open_drone_id_arm_status__type_support.h\n'}
[1.982993] (px4_msgs) StdoutLine: {'line': b'-- Up-to-date symlink: /home/maxim/super_ws/install/px4_msgs/include/px4_msgs/px4_msgs/msg/detail/open_drone_id_operator_id__functions.h\n'}
[1.983102] (px4_msgs) StdoutLine: {'line': b'-- Up-to-date symlink: /home/maxim/super_ws/install/px4_msgs/include/px4_msgs/px4_msgs/msg/detail/open_drone_id_operator_id__struct.h\n'}
[1.983214] (px4_msgs) StdoutLine: {'line': b'-- Up-to-date symlink: /home/maxim/super_ws/install/px4_msgs/include/px4_msgs/px4_msgs/msg/detail/open_drone_id_operator_id__type_support.h\n'}
[1.983324] (px4_msgs) StdoutLine: {'line': b'-- Up-to-date symlink: /home/maxim/super_ws/install/px4_msgs/include/px4_msgs/px4_msgs/msg/detail/open_drone_id_self_id__functions.h\n'}
[1.983514] (px4_msgs) StdoutLine: {'line': b'-- Up-to-date symlink: /home/maxim/super_ws/install/px4_msgs/include/px4_msgs/px4_msgs/msg/detail/open_drone_id_self_id__struct.h\n'}
[1.983624] (px4_msgs) StdoutLine: {'line': b'-- Up-to-date symlink: /home/maxim/super_ws/install/px4_msgs/include/px4_msgs/px4_msgs/msg/detail/open_drone_id_self_id__type_support.h\n'}
[1.983704] (px4_msgs) StdoutLine: {'line': b'-- Up-to-date symlink: /home/maxim/super_ws/install/px4_msgs/include/px4_msgs/px4_msgs/msg/detail/open_drone_id_system__functions.h\n'}
[1.983840] (px4_msgs) StdoutLine: {'line': b'-- Up-to-date symlink: /home/maxim/super_ws/install/px4_msgs/include/px4_msgs/px4_msgs/msg/detail/open_drone_id_system__struct.h\n'}
[1.984031] (px4_msgs) StdoutLine: {'line': b'-- Up-to-date symlink: /home/maxim/super_ws/install/px4_msgs/include/px4_msgs/px4_msgs/msg/detail/open_drone_id_system__type_support.h\n'}
[1.984185] (px4_msgs) StdoutLine: {'line': b'-- Up-to-date symlink: /home/maxim/super_ws/install/px4_msgs/include/px4_msgs/px4_msgs/msg/detail/orb_test__functions.h\n'}
[1.984394] (px4_msgs) StdoutLine: {'line': b'-- Up-to-date symlink: /home/maxim/super_ws/install/px4_msgs/include/px4_msgs/px4_msgs/msg/detail/orb_test__struct.h\n'}
[1.984588] (px4_msgs) StdoutLine: {'line': b'-- Up-to-date symlink: /home/maxim/super_ws/install/px4_msgs/include/px4_msgs/px4_msgs/msg/detail/orb_test__type_support.h\n'}
[1.984685] (px4_msgs) StdoutLine: {'line': b'-- Up-to-date symlink: /home/maxim/super_ws/install/px4_msgs/include/px4_msgs/px4_msgs/msg/detail/orb_test_large__functions.h\n'}
[1.984864] (px4_msgs) StdoutLine: {'line': b'-- Up-to-date symlink: /home/maxim/super_ws/install/px4_msgs/include/px4_msgs/px4_msgs/msg/detail/orb_test_large__struct.h\n'}
[1.985018] (px4_msgs) StdoutLine: {'line': b'-- Up-to-date symlink: /home/maxim/super_ws/install/px4_msgs/include/px4_msgs/px4_msgs/msg/detail/orb_test_large__type_support.h\n'}
[1.985128] (px4_msgs) StdoutLine: {'line': b'-- Up-to-date symlink: /home/maxim/super_ws/install/px4_msgs/include/px4_msgs/px4_msgs/msg/detail/orb_test_medium__functions.h\n'}
[1.985277] (px4_msgs) StdoutLine: {'line': b'-- Up-to-date symlink: /home/maxim/super_ws/install/px4_msgs/include/px4_msgs/px4_msgs/msg/detail/orb_test_medium__struct.h\n'}
[1.985433] (px4_msgs) StdoutLine: {'line': b'-- Up-to-date symlink: /home/maxim/super_ws/install/px4_msgs/include/px4_msgs/px4_msgs/msg/detail/orb_test_medium__type_support.h\n'}
[1.985613] (px4_msgs) StdoutLine: {'line': b'-- Up-to-date symlink: /home/maxim/super_ws/install/px4_msgs/include/px4_msgs/px4_msgs/msg/detail/orbit_status__functions.h\n'}
[1.985729] (px4_msgs) StdoutLine: {'line': b'-- Up-to-date symlink: /home/maxim/super_ws/install/px4_msgs/include/px4_msgs/px4_msgs/msg/detail/orbit_status__struct.h\n'}
[1.985924] (px4_msgs) StdoutLine: {'line': b'-- Up-to-date symlink: /home/maxim/super_ws/install/px4_msgs/include/px4_msgs/px4_msgs/msg/detail/orbit_status__type_support.h\n'}
[1.986122] (px4_msgs) StdoutLine: {'line': b'-- Up-to-date symlink: /home/maxim/super_ws/install/px4_msgs/include/px4_msgs/px4_msgs/msg/detail/parameter_reset_request__functions.h\n'}
[1.986265] (px4_msgs) StdoutLine: {'line': b'-- Up-to-date symlink: /home/maxim/super_ws/install/px4_msgs/include/px4_msgs/px4_msgs/msg/detail/parameter_reset_request__struct.h\n'}
[1.986423] (px4_msgs) StdoutLine: {'line': b'-- Up-to-date symlink: /home/maxim/super_ws/install/px4_msgs/include/px4_msgs/px4_msgs/msg/detail/parameter_reset_request__type_support.h\n'}
[1.986814] (px4_msgs) StdoutLine: {'line': b'-- Up-to-date symlink: /home/maxim/super_ws/install/px4_msgs/include/px4_msgs/px4_msgs/msg/detail/parameter_set_used_request__functions.h\n'}
[1.986886] (px4_msgs) StdoutLine: {'line': b'-- Up-to-date symlink: /home/maxim/super_ws/install/px4_msgs/include/px4_msgs/px4_msgs/msg/detail/parameter_set_used_request__struct.h\n'}
[1.986968] (px4_msgs) StdoutLine: {'line': b'-- Up-to-date symlink: /home/maxim/super_ws/install/px4_msgs/include/px4_msgs/px4_msgs/msg/detail/parameter_set_used_request__type_support.h\n'}
[1.987104] (px4_msgs) StdoutLine: {'line': b'-- Up-to-date symlink: /home/maxim/super_ws/install/px4_msgs/include/px4_msgs/px4_msgs/msg/detail/parameter_set_value_request__functions.h\n'}
[1.987293] (px4_msgs) StdoutLine: {'line': b'-- Up-to-date symlink: /home/maxim/super_ws/install/px4_msgs/include/px4_msgs/px4_msgs/msg/detail/parameter_set_value_request__struct.h\n'}
[1.987618] (px4_msgs) StdoutLine: {'line': b'-- Up-to-date symlink: /home/maxim/super_ws/install/px4_msgs/include/px4_msgs/px4_msgs/msg/detail/parameter_set_value_request__type_support.h\n'}
[1.987732] (px4_msgs) StdoutLine: {'line': b'-- Up-to-date symlink: /home/maxim/super_ws/install/px4_msgs/include/px4_msgs/px4_msgs/msg/detail/parameter_set_value_response__functions.h\n'}
[1.987889] (px4_msgs) StdoutLine: {'line': b'-- Up-to-date symlink: /home/maxim/super_ws/install/px4_msgs/include/px4_msgs/px4_msgs/msg/detail/parameter_set_value_response__struct.h\n'}
[1.988080] (px4_msgs) StdoutLine: {'line': b'-- Up-to-date symlink: /home/maxim/super_ws/install/px4_msgs/include/px4_msgs/px4_msgs/msg/detail/parameter_set_value_response__type_support.h\n'}
[1.988248] (px4_msgs) StdoutLine: {'line': b'-- Up-to-date symlink: /home/maxim/super_ws/install/px4_msgs/include/px4_msgs/px4_msgs/msg/detail/parameter_update__functions.h\n'}
[1.988412] (px4_msgs) StdoutLine: {'line': b'-- Up-to-date symlink: /home/maxim/super_ws/install/px4_msgs/include/px4_msgs/px4_msgs/msg/detail/parameter_update__struct.h\n'}
[1.988588] (px4_msgs) StdoutLine: {'line': b'-- Up-to-date symlink: /home/maxim/super_ws/install/px4_msgs/include/px4_msgs/px4_msgs/msg/detail/parameter_update__type_support.h\n'}
[1.988802] (px4_msgs) StdoutLine: {'line': b'-- Up-to-date symlink: /home/maxim/super_ws/install/px4_msgs/include/px4_msgs/px4_msgs/msg/detail/ping__functions.h\n'}
[1.988983] (px4_msgs) StdoutLine: {'line': b'-- Up-to-date symlink: /home/maxim/super_ws/install/px4_msgs/include/px4_msgs/px4_msgs/msg/detail/ping__struct.h\n'}
[1.989133] (px4_msgs) StdoutLine: {'line': b'-- Up-to-date symlink: /home/maxim/super_ws/install/px4_msgs/include/px4_msgs/px4_msgs/msg/detail/ping__type_support.h\n'}
[1.989240] (px4_msgs) StdoutLine: {'line': b'-- Up-to-date symlink: /home/maxim/super_ws/install/px4_msgs/include/px4_msgs/px4_msgs/msg/detail/position_controller_landing_status__functions.h\n'}
[1.989407] (px4_msgs) StdoutLine: {'line': b'-- Up-to-date symlink: /home/maxim/super_ws/install/px4_msgs/include/px4_msgs/px4_msgs/msg/detail/position_controller_landing_status__struct.h\n'}
[1.989565] (px4_msgs) StdoutLine: {'line': b'-- Up-to-date symlink: /home/maxim/super_ws/install/px4_msgs/include/px4_msgs/px4_msgs/msg/detail/position_controller_landing_status__type_support.h\n'}
[1.989680] (px4_msgs) StdoutLine: {'line': b'-- Up-to-date symlink: /home/maxim/super_ws/install/px4_msgs/include/px4_msgs/px4_msgs/msg/detail/position_controller_status__functions.h\n'}
[1.989842] (px4_msgs) StdoutLine: {'line': b'-- Up-to-date symlink: /home/maxim/super_ws/install/px4_msgs/include/px4_msgs/px4_msgs/msg/detail/position_controller_status__struct.h\n'}
[1.989971] (px4_msgs) StdoutLine: {'line': b'-- Up-to-date symlink: /home/maxim/super_ws/install/px4_msgs/include/px4_msgs/px4_msgs/msg/detail/position_controller_status__type_support.h\n'}
[1.990135] (px4_msgs) StdoutLine: {'line': b'-- Up-to-date symlink: /home/maxim/super_ws/install/px4_msgs/include/px4_msgs/px4_msgs/msg/detail/position_setpoint__functions.h\n'}
[1.990255] (px4_msgs) StdoutLine: {'line': b'-- Up-to-date symlink: /home/maxim/super_ws/install/px4_msgs/include/px4_msgs/px4_msgs/msg/detail/position_setpoint__struct.h\n'}
[1.990404] (px4_msgs) StdoutLine: {'line': b'-- Up-to-date symlink: /home/maxim/super_ws/install/px4_msgs/include/px4_msgs/px4_msgs/msg/detail/position_setpoint__type_support.h\n'}
[1.990556] (px4_msgs) StdoutLine: {'line': b'-- Up-to-date symlink: /home/maxim/super_ws/install/px4_msgs/include/px4_msgs/px4_msgs/msg/detail/position_setpoint_triplet__functions.h\n'}
[1.990732] (px4_msgs) StdoutLine: {'line': b'-- Up-to-date symlink: /home/maxim/super_ws/install/px4_msgs/include/px4_msgs/px4_msgs/msg/detail/position_setpoint_triplet__struct.h\n'}
[1.990912] (px4_msgs) StdoutLine: {'line': b'-- Up-to-date symlink: /home/maxim/super_ws/install/px4_msgs/include/px4_msgs/px4_msgs/msg/detail/position_setpoint_triplet__type_support.h\n'}
[1.991085] (px4_msgs) StdoutLine: {'line': b'-- Up-to-date symlink: /home/maxim/super_ws/install/px4_msgs/include/px4_msgs/px4_msgs/msg/detail/power_button_state__functions.h\n'}
[1.991360] (px4_msgs) StdoutLine: {'line': b'-- Up-to-date symlink: /home/maxim/super_ws/install/px4_msgs/include/px4_msgs/px4_msgs/msg/detail/power_button_state__struct.h\n'}
[1.991510] (px4_msgs) StdoutLine: {'line': b'-- Up-to-date symlink: /home/maxim/super_ws/install/px4_msgs/include/px4_msgs/px4_msgs/msg/detail/power_button_state__type_support.h\n'}
[1.991634] (px4_msgs) StdoutLine: {'line': b'-- Up-to-date symlink: /home/maxim/super_ws/install/px4_msgs/include/px4_msgs/px4_msgs/msg/detail/power_monitor__functions.h\n'}
[1.991792] (px4_msgs) StdoutLine: {'line': b'-- Up-to-date symlink: /home/maxim/super_ws/install/px4_msgs/include/px4_msgs/px4_msgs/msg/detail/power_monitor__struct.h\n'}
[1.991937] (px4_msgs) StdoutLine: {'line': b'-- Up-to-date symlink: /home/maxim/super_ws/install/px4_msgs/include/px4_msgs/px4_msgs/msg/detail/power_monitor__type_support.h\n'}
[1.992088] (px4_msgs) StdoutLine: {'line': b'-- Up-to-date symlink: /home/maxim/super_ws/install/px4_msgs/include/px4_msgs/px4_msgs/msg/detail/pps_capture__functions.h\n'}
[1.992236] (px4_msgs) StdoutLine: {'line': b'-- Up-to-date symlink: /home/maxim/super_ws/install/px4_msgs/include/px4_msgs/px4_msgs/msg/detail/pps_capture__struct.h\n'}
[1.992335] (px4_msgs) StdoutLine: {'line': b'-- Up-to-date symlink: /home/maxim/super_ws/install/px4_msgs/include/px4_msgs/px4_msgs/msg/detail/pps_capture__type_support.h\n'}
[1.992518] (px4_msgs) StdoutLine: {'line': b'-- Up-to-date symlink: /home/maxim/super_ws/install/px4_msgs/include/px4_msgs/px4_msgs/msg/detail/prec_land_status__functions.h\n'}
[1.992653] (px4_msgs) StdoutLine: {'line': b'-- Up-to-date symlink: /home/maxim/super_ws/install/px4_msgs/include/px4_msgs/px4_msgs/msg/detail/prec_land_status__struct.h\n'}
[1.992824] (px4_msgs) StdoutLine: {'line': b'-- Up-to-date symlink: /home/maxim/super_ws/install/px4_msgs/include/px4_msgs/px4_msgs/msg/detail/prec_land_status__type_support.h\n'}
[1.992951] (px4_msgs) StdoutLine: {'line': b'-- Up-to-date symlink: /home/maxim/super_ws/install/px4_msgs/include/px4_msgs/px4_msgs/msg/detail/pure_pursuit_status__functions.h\n'}
[1.993125] (px4_msgs) StdoutLine: {'line': b'-- Up-to-date symlink: /home/maxim/super_ws/install/px4_msgs/include/px4_msgs/px4_msgs/msg/detail/pure_pursuit_status__struct.h\n'}
[1.993294] (px4_msgs) StdoutLine: {'line': b'-- Up-to-date symlink: /home/maxim/super_ws/install/px4_msgs/include/px4_msgs/px4_msgs/msg/detail/pure_pursuit_status__type_support.h\n'}
[1.993420] (px4_msgs) StdoutLine: {'line': b'-- Up-to-date symlink: /home/maxim/super_ws/install/px4_msgs/include/px4_msgs/px4_msgs/msg/detail/pwm_input__functions.h\n'}
[1.993685] (px4_msgs) StdoutLine: {'line': b'-- Up-to-date symlink: /home/maxim/super_ws/install/px4_msgs/include/px4_msgs/px4_msgs/msg/detail/pwm_input__struct.h\n'}
[1.993901] (px4_msgs) StdoutLine: {'line': b'-- Up-to-date symlink: /home/maxim/super_ws/install/px4_msgs/include/px4_msgs/px4_msgs/msg/detail/pwm_input__type_support.h\n'}
[1.994074] (px4_msgs) StdoutLine: {'line': b'-- Up-to-date symlink: /home/maxim/super_ws/install/px4_msgs/include/px4_msgs/px4_msgs/msg/detail/px4io_status__functions.h\n'}
[1.994236] (px4_msgs) StdoutLine: {'line': b'-- Up-to-date symlink: /home/maxim/super_ws/install/px4_msgs/include/px4_msgs/px4_msgs/msg/detail/px4io_status__struct.h\n'}
[1.994411] (px4_msgs) StdoutLine: {'line': b'-- Up-to-date symlink: /home/maxim/super_ws/install/px4_msgs/include/px4_msgs/px4_msgs/msg/detail/px4io_status__type_support.h\n'}
[1.994581] (px4_msgs) StdoutLine: {'line': b'-- Up-to-date symlink: /home/maxim/super_ws/install/px4_msgs/include/px4_msgs/px4_msgs/msg/detail/qshell_req__functions.h\n'}
[1.994752] (px4_msgs) StdoutLine: {'line': b'-- Up-to-date symlink: /home/maxim/super_ws/install/px4_msgs/include/px4_msgs/px4_msgs/msg/detail/qshell_req__struct.h\n'}
[1.994923] (px4_msgs) StdoutLine: {'line': b'-- Up-to-date symlink: /home/maxim/super_ws/install/px4_msgs/include/px4_msgs/px4_msgs/msg/detail/qshell_req__type_support.h\n'}
[1.995065] (px4_msgs) StdoutLine: {'line': b'-- Up-to-date symlink: /home/maxim/super_ws/install/px4_msgs/include/px4_msgs/px4_msgs/msg/detail/qshell_retval__functions.h\n'}
[1.995213] (px4_msgs) StdoutLine: {'line': b'-- Up-to-date symlink: /home/maxim/super_ws/install/px4_msgs/include/px4_msgs/px4_msgs/msg/detail/qshell_retval__struct.h\n'}
[1.995394] (px4_msgs) StdoutLine: {'line': b'-- Up-to-date symlink: /home/maxim/super_ws/install/px4_msgs/include/px4_msgs/px4_msgs/msg/detail/qshell_retval__type_support.h\n'}
[1.995566] (px4_msgs) StdoutLine: {'line': b'-- Up-to-date symlink: /home/maxim/super_ws/install/px4_msgs/include/px4_msgs/px4_msgs/msg/detail/radio_status__functions.h\n'}
[1.995666] (px4_msgs) StdoutLine: {'line': b'-- Up-to-date symlink: /home/maxim/super_ws/install/px4_msgs/include/px4_msgs/px4_msgs/msg/detail/radio_status__struct.h\n'}
[1.995848] (px4_msgs) StdoutLine: {'line': b'-- Up-to-date symlink: /home/maxim/super_ws/install/px4_msgs/include/px4_msgs/px4_msgs/msg/detail/radio_status__type_support.h\n'}
[1.995995] (px4_msgs) StdoutLine: {'line': b'-- Up-to-date symlink: /home/maxim/super_ws/install/px4_msgs/include/px4_msgs/px4_msgs/msg/detail/ranging_beacon__functions.h\n'}
[1.996176] (px4_msgs) StdoutLine: {'line': b'-- Up-to-date symlink: /home/maxim/super_ws/install/px4_msgs/include/px4_msgs/px4_msgs/msg/detail/ranging_beacon__struct.h\n'}
[1.996353] (px4_msgs) StdoutLine: {'line': b'-- Up-to-date symlink: /home/maxim/super_ws/install/px4_msgs/include/px4_msgs/px4_msgs/msg/detail/ranging_beacon__type_support.h\n'}
[1.996535] (px4_msgs) StdoutLine: {'line': b'-- Up-to-date symlink: /home/maxim/super_ws/install/px4_msgs/include/px4_msgs/px4_msgs/msg/detail/raptor_input__functions.h\n'}
[1.996723] (px4_msgs) StdoutLine: {'line': b'-- Up-to-date symlink: /home/maxim/super_ws/install/px4_msgs/include/px4_msgs/px4_msgs/msg/detail/raptor_input__struct.h\n'}
[1.996872] (px4_msgs) StdoutLine: {'line': b'-- Up-to-date symlink: /home/maxim/super_ws/install/px4_msgs/include/px4_msgs/px4_msgs/msg/detail/raptor_input__type_support.h\n'}
[1.996994] (px4_msgs) StdoutLine: {'line': b'-- Up-to-date symlink: /home/maxim/super_ws/install/px4_msgs/include/px4_msgs/px4_msgs/msg/detail/raptor_status__functions.h\n'}
[1.997141] (px4_msgs) StdoutLine: {'line': b'-- Up-to-date symlink: /home/maxim/super_ws/install/px4_msgs/include/px4_msgs/px4_msgs/msg/detail/raptor_status__struct.h\n'}
[1.997289] (px4_msgs) StdoutLine: {'line': b'-- Up-to-date symlink: /home/maxim/super_ws/install/px4_msgs/include/px4_msgs/px4_msgs/msg/detail/raptor_status__type_support.h\n'}
[1.997437] (px4_msgs) StdoutLine: {'line': b'-- Up-to-date symlink: /home/maxim/super_ws/install/px4_msgs/include/px4_msgs/px4_msgs/msg/detail/rate_ctrl_status__functions.h\n'}
[1.997620] (px4_msgs) StdoutLine: {'line': b'-- Up-to-date symlink: /home/maxim/super_ws/install/px4_msgs/include/px4_msgs/px4_msgs/msg/detail/rate_ctrl_status__struct.h\n'}
[1.997730] (px4_msgs) StdoutLine: {'line': b'-- Up-to-date symlink: /home/maxim/super_ws/install/px4_msgs/include/px4_msgs/px4_msgs/msg/detail/rate_ctrl_status__type_support.h\n'}
[1.997888] (px4_msgs) StdoutLine: {'line': b'-- Up-to-date symlink: /home/maxim/super_ws/install/px4_msgs/include/px4_msgs/px4_msgs/msg/detail/rc_channels__functions.h\n'}
[1.998033] (px4_msgs) StdoutLine: {'line': b'-- Up-to-date symlink: /home/maxim/super_ws/install/px4_msgs/include/px4_msgs/px4_msgs/msg/detail/rc_channels__struct.h\n'}
[1.998177] (px4_msgs) StdoutLine: {'line': b'-- Up-to-date symlink: /home/maxim/super_ws/install/px4_msgs/include/px4_msgs/px4_msgs/msg/detail/rc_channels__type_support.h\n'}
[1.998324] (px4_msgs) StdoutLine: {'line': b'-- Up-to-date symlink: /home/maxim/super_ws/install/px4_msgs/include/px4_msgs/px4_msgs/msg/detail/rc_parameter_map__functions.h\n'}
[1.998479] (px4_msgs) StdoutLine: {'line': b'-- Up-to-date symlink: /home/maxim/super_ws/install/px4_msgs/include/px4_msgs/px4_msgs/msg/detail/rc_parameter_map__struct.h\n'}
[1.998634] (px4_msgs) StdoutLine: {'line': b'-- Up-to-date symlink: /home/maxim/super_ws/install/px4_msgs/include/px4_msgs/px4_msgs/msg/detail/rc_parameter_map__type_support.h\n'}
[1.998856] (px4_msgs) StdoutLine: {'line': b'-- Up-to-date symlink: /home/maxim/super_ws/install/px4_msgs/include/px4_msgs/px4_msgs/msg/detail/register_ext_component_reply__functions.h\n'}
[1.998953] (px4_msgs) StdoutLine: {'line': b'-- Up-to-date symlink: /home/maxim/super_ws/install/px4_msgs/include/px4_msgs/px4_msgs/msg/detail/register_ext_component_reply__struct.h\n'}
[1.999130] (px4_msgs) StdoutLine: {'line': b'-- Up-to-date symlink: /home/maxim/super_ws/install/px4_msgs/include/px4_msgs/px4_msgs/msg/detail/register_ext_component_reply__type_support.h\n'}
[1.999244] (px4_msgs) StdoutLine: {'line': b'-- Up-to-date symlink: /home/maxim/super_ws/install/px4_msgs/include/px4_msgs/px4_msgs/msg/detail/register_ext_component_request__functions.h\n'}
[1.999391] (px4_msgs) StdoutLine: {'line': b'-- Up-to-date symlink: /home/maxim/super_ws/install/px4_msgs/include/px4_msgs/px4_msgs/msg/detail/register_ext_component_request__struct.h\n'}
[1.999598] (px4_msgs) StdoutLine: {'line': b'-- Up-to-date symlink: /home/maxim/super_ws/install/px4_msgs/include/px4_msgs/px4_msgs/msg/detail/register_ext_component_request__type_support.h\n'}
[1.999755] (px4_msgs) StdoutLine: {'line': b'-- Up-to-date symlink: /home/maxim/super_ws/install/px4_msgs/include/px4_msgs/px4_msgs/msg/detail/rover_attitude_setpoint__functions.h\n'}
[1.999985] (px4_msgs) StdoutLine: {'line': b'-- Up-to-date symlink: /home/maxim/super_ws/install/px4_msgs/include/px4_msgs/px4_msgs/msg/detail/rover_attitude_setpoint__struct.h\n'}
[2.000190] (px4_msgs) StdoutLine: {'line': b'-- Up-to-date symlink: /home/maxim/super_ws/install/px4_msgs/include/px4_msgs/px4_msgs/msg/detail/rover_attitude_setpoint__type_support.h\n'}
[2.000405] (px4_msgs) StdoutLine: {'line': b'-- Up-to-date symlink: /home/maxim/super_ws/install/px4_msgs/include/px4_msgs/px4_msgs/msg/detail/rover_attitude_status__functions.h\n'}
[2.000548] (px4_msgs) StdoutLine: {'line': b'-- Up-to-date symlink: /home/maxim/super_ws/install/px4_msgs/include/px4_msgs/px4_msgs/msg/detail/rover_attitude_status__struct.h\n'}
[2.000742] (px4_msgs) StdoutLine: {'line': b'-- Up-to-date symlink: /home/maxim/super_ws/install/px4_msgs/include/px4_msgs/px4_msgs/msg/detail/rover_attitude_status__type_support.h\n'}
[2.000953] (px4_msgs) StdoutLine: {'line': b'-- Up-to-date symlink: /home/maxim/super_ws/install/px4_msgs/include/px4_msgs/px4_msgs/msg/detail/rover_position_setpoint__functions.h\n'}
[2.001065] (px4_msgs) StdoutLine: {'line': b'-- Up-to-date symlink: /home/maxim/super_ws/install/px4_msgs/include/px4_msgs/px4_msgs/msg/detail/rover_position_setpoint__struct.h\n'}
[2.001151] (px4_msgs) StdoutLine: {'line': b'-- Up-to-date symlink: /home/maxim/super_ws/install/px4_msgs/include/px4_msgs/px4_msgs/msg/detail/rover_position_setpoint__type_support.h\n'}
[2.001266] (px4_msgs) StdoutLine: {'line': b'-- Up-to-date symlink: /home/maxim/super_ws/install/px4_msgs/include/px4_msgs/px4_msgs/msg/detail/rover_rate_setpoint__functions.h\n'}
[2.001382] (px4_msgs) StdoutLine: {'line': b'-- Up-to-date symlink: /home/maxim/super_ws/install/px4_msgs/include/px4_msgs/px4_msgs/msg/detail/rover_rate_setpoint__struct.h\n'}
[2.001476] (px4_msgs) StdoutLine: {'line': b'-- Up-to-date symlink: /home/maxim/super_ws/install/px4_msgs/include/px4_msgs/px4_msgs/msg/detail/rover_rate_setpoint__type_support.h\n'}
[2.001546] (px4_msgs) StdoutLine: {'line': b'-- Up-to-date symlink: /home/maxim/super_ws/install/px4_msgs/include/px4_msgs/px4_msgs/msg/detail/rover_rate_status__functions.h\n'}
[2.001628] (px4_msgs) StdoutLine: {'line': b'-- Up-to-date symlink: /home/maxim/super_ws/install/px4_msgs/include/px4_msgs/px4_msgs/msg/detail/rover_rate_status__struct.h\n'}
[2.001744] (px4_msgs) StdoutLine: {'line': b'-- Up-to-date symlink: /home/maxim/super_ws/install/px4_msgs/include/px4_msgs/px4_msgs/msg/detail/rover_rate_status__type_support.h\n'}
[2.001936] (px4_msgs) StdoutLine: {'line': b'-- Up-to-date symlink: /home/maxim/super_ws/install/px4_msgs/include/px4_msgs/px4_msgs/msg/detail/rover_speed_setpoint__functions.h\n'}
[2.002091] (px4_msgs) StdoutLine: {'line': b'-- Up-to-date symlink: /home/maxim/super_ws/install/px4_msgs/include/px4_msgs/px4_msgs/msg/detail/rover_speed_setpoint__struct.h\n'}
[2.002289] (px4_msgs) StdoutLine: {'line': b'-- Up-to-date symlink: /home/maxim/super_ws/install/px4_msgs/include/px4_msgs/px4_msgs/msg/detail/rover_speed_setpoint__type_support.h\n'}
[2.002471] (px4_msgs) StdoutLine: {'line': b'-- Up-to-date symlink: /home/maxim/super_ws/install/px4_msgs/include/px4_msgs/px4_msgs/msg/detail/rover_speed_status__functions.h\n'}
[2.002591] (px4_msgs) StdoutLine: {'line': b'-- Up-to-date symlink: /home/maxim/super_ws/install/px4_msgs/include/px4_msgs/px4_msgs/msg/detail/rover_speed_status__struct.h\n'}
[2.002672] (px4_msgs) StdoutLine: {'line': b'-- Up-to-date symlink: /home/maxim/super_ws/install/px4_msgs/include/px4_msgs/px4_msgs/msg/detail/rover_speed_status__type_support.h\n'}
[2.002814] (px4_msgs) StdoutLine: {'line': b'-- Up-to-date symlink: /home/maxim/super_ws/install/px4_msgs/include/px4_msgs/px4_msgs/msg/detail/rover_steering_setpoint__functions.h\n'}
[2.002919] (px4_msgs) StdoutLine: {'line': b'-- Up-to-date symlink: /home/maxim/super_ws/install/px4_msgs/include/px4_msgs/px4_msgs/msg/detail/rover_steering_setpoint__struct.h\n'}
[2.003004] (px4_msgs) StdoutLine: {'line': b'-- Up-to-date symlink: /home/maxim/super_ws/install/px4_msgs/include/px4_msgs/px4_msgs/msg/detail/rover_steering_setpoint__type_support.h\n'}
[2.003111] (px4_msgs) StdoutLine: {'line': b'-- Up-to-date symlink: /home/maxim/super_ws/install/px4_msgs/include/px4_msgs/px4_msgs/msg/detail/rover_throttle_setpoint__functions.h\n'}
[2.003218] (px4_msgs) StdoutLine: {'line': b'-- Up-to-date symlink: /home/maxim/super_ws/install/px4_msgs/include/px4_msgs/px4_msgs/msg/detail/rover_throttle_setpoint__struct.h\n'}
[2.003326] (px4_msgs) StdoutLine: {'line': b'-- Up-to-date symlink: /home/maxim/super_ws/install/px4_msgs/include/px4_msgs/px4_msgs/msg/detail/rover_throttle_setpoint__type_support.h\n'}
[2.003384] (-) TimerEvent: {}
[2.003510] (px4_msgs) StdoutLine: {'line': b'-- Up-to-date symlink: /home/maxim/super_ws/install/px4_msgs/include/px4_msgs/px4_msgs/msg/detail/rpm__functions.h\n'}
[2.003612] (px4_msgs) StdoutLine: {'line': b'-- Up-to-date symlink: /home/maxim/super_ws/install/px4_msgs/include/px4_msgs/px4_msgs/msg/detail/rpm__struct.h\n'}
[2.003734] (px4_msgs) StdoutLine: {'line': b'-- Up-to-date symlink: /home/maxim/super_ws/install/px4_msgs/include/px4_msgs/px4_msgs/msg/detail/rpm__type_support.h\n'}
[2.003813] (px4_msgs) StdoutLine: {'line': b'-- Up-to-date symlink: /home/maxim/super_ws/install/px4_msgs/include/px4_msgs/px4_msgs/msg/detail/rtl_status__functions.h\n'}
[2.003935] (px4_msgs) StdoutLine: {'line': b'-- Up-to-date symlink: /home/maxim/super_ws/install/px4_msgs/include/px4_msgs/px4_msgs/msg/detail/rtl_status__struct.h\n'}
[2.004090] (px4_msgs) StdoutLine: {'line': b'-- Up-to-date symlink: /home/maxim/super_ws/install/px4_msgs/include/px4_msgs/px4_msgs/msg/detail/rtl_status__type_support.h\n'}
[2.004193] (px4_msgs) StdoutLine: {'line': b'-- Up-to-date symlink: /home/maxim/super_ws/install/px4_msgs/include/px4_msgs/px4_msgs/msg/detail/rtl_time_estimate__functions.h\n'}
[2.004275] (px4_msgs) StdoutLine: {'line': b'-- Up-to-date symlink: /home/maxim/super_ws/install/px4_msgs/include/px4_msgs/px4_msgs/msg/detail/rtl_time_estimate__struct.h\n'}
[2.004495] (px4_msgs) StdoutLine: {'line': b'-- Up-to-date symlink: /home/maxim/super_ws/install/px4_msgs/include/px4_msgs/px4_msgs/msg/detail/rtl_time_estimate__type_support.h\n'}
[2.004674] (px4_msgs) StdoutLine: {'line': b'-- Up-to-date symlink: /home/maxim/super_ws/install/px4_msgs/include/px4_msgs/px4_msgs/msg/detail/satellite_info__functions.h\n'}
[2.004792] (px4_msgs) StdoutLine: {'line': b'-- Up-to-date symlink: /home/maxim/super_ws/install/px4_msgs/include/px4_msgs/px4_msgs/msg/detail/satellite_info__struct.h\n'}
[2.005021] (px4_msgs) StdoutLine: {'line': b'-- Up-to-date symlink: /home/maxim/super_ws/install/px4_msgs/include/px4_msgs/px4_msgs/msg/detail/satellite_info__type_support.h\n'}
[2.005161] (px4_msgs) StdoutLine: {'line': b'-- Up-to-date symlink: /home/maxim/super_ws/install/px4_msgs/include/px4_msgs/px4_msgs/msg/detail/sensor_accel__functions.h\n'}
[2.005401] (px4_msgs) StdoutLine: {'line': b'-- Up-to-date symlink: /home/maxim/super_ws/install/px4_msgs/include/px4_msgs/px4_msgs/msg/detail/sensor_accel__struct.h\n'}
[2.005524] (px4_msgs) StdoutLine: {'line': b'-- Up-to-date symlink: /home/maxim/super_ws/install/px4_msgs/include/px4_msgs/px4_msgs/msg/detail/sensor_accel__type_support.h\n'}
[2.005608] (px4_msgs) StdoutLine: {'line': b'-- Up-to-date symlink: /home/maxim/super_ws/install/px4_msgs/include/px4_msgs/px4_msgs/msg/detail/sensor_accel_fifo__functions.h\n'}
[2.005687] (px4_msgs) StdoutLine: {'line': b'-- Up-to-date symlink: /home/maxim/super_ws/install/px4_msgs/include/px4_msgs/px4_msgs/msg/detail/sensor_accel_fifo__struct.h\n'}
[2.005811] (px4_msgs) StdoutLine: {'line': b'-- Up-to-date symlink: /home/maxim/super_ws/install/px4_msgs/include/px4_msgs/px4_msgs/msg/detail/sensor_accel_fifo__type_support.h\n'}
[2.005903] (px4_msgs) StdoutLine: {'line': b'-- Up-to-date symlink: /home/maxim/super_ws/install/px4_msgs/include/px4_msgs/px4_msgs/msg/detail/sensor_airflow__functions.h\n'}
[2.006019] (px4_msgs) StdoutLine: {'line': b'-- Up-to-date symlink: /home/maxim/super_ws/install/px4_msgs/include/px4_msgs/px4_msgs/msg/detail/sensor_airflow__struct.h\n'}
[2.006217] (px4_msgs) StdoutLine: {'line': b'-- Up-to-date symlink: /home/maxim/super_ws/install/px4_msgs/include/px4_msgs/px4_msgs/msg/detail/sensor_airflow__type_support.h\n'}
[2.006402] (px4_msgs) StdoutLine: {'line': b'-- Up-to-date symlink: /home/maxim/super_ws/install/px4_msgs/include/px4_msgs/px4_msgs/msg/detail/sensor_baro__functions.h\n'}
[2.006515] (px4_msgs) StdoutLine: {'line': b'-- Up-to-date symlink: /home/maxim/super_ws/install/px4_msgs/include/px4_msgs/px4_msgs/msg/detail/sensor_baro__struct.h\n'}
[2.006686] (px4_msgs) StdoutLine: {'line': b'-- Up-to-date symlink: /home/maxim/super_ws/install/px4_msgs/include/px4_msgs/px4_msgs/msg/detail/sensor_baro__type_support.h\n'}
[2.006869] (px4_msgs) StdoutLine: {'line': b'-- Up-to-date symlink: /home/maxim/super_ws/install/px4_msgs/include/px4_msgs/px4_msgs/msg/detail/sensor_combined__functions.h\n'}
[2.007107] (px4_msgs) StdoutLine: {'line': b'-- Up-to-date symlink: /home/maxim/super_ws/install/px4_msgs/include/px4_msgs/px4_msgs/msg/detail/sensor_combined__struct.h\n'}
[2.007372] (px4_msgs) StdoutLine: {'line': b'-- Up-to-date symlink: /home/maxim/super_ws/install/px4_msgs/include/px4_msgs/px4_msgs/msg/detail/sensor_combined__type_support.h\n'}
[2.007606] (px4_msgs) StdoutLine: {'line': b'-- Up-to-date symlink: /home/maxim/super_ws/install/px4_msgs/include/px4_msgs/px4_msgs/msg/detail/sensor_correction__functions.h\n'}
[2.007828] (px4_msgs) StdoutLine: {'line': b'-- Up-to-date symlink: /home/maxim/super_ws/install/px4_msgs/include/px4_msgs/px4_msgs/msg/detail/sensor_correction__struct.h\n'}
[2.007984] (px4_msgs) StdoutLine: {'line': b'-- Up-to-date symlink: /home/maxim/super_ws/install/px4_msgs/include/px4_msgs/px4_msgs/msg/detail/sensor_correction__type_support.h\n'}
[2.008127] (px4_msgs) StdoutLine: {'line': b'-- Up-to-date symlink: /home/maxim/super_ws/install/px4_msgs/include/px4_msgs/px4_msgs/msg/detail/sensor_gnss_relative__functions.h\n'}
[2.008270] (px4_msgs) StdoutLine: {'line': b'-- Up-to-date symlink: /home/maxim/super_ws/install/px4_msgs/include/px4_msgs/px4_msgs/msg/detail/sensor_gnss_relative__struct.h\n'}
[2.008468] (px4_msgs) StdoutLine: {'line': b'-- Up-to-date symlink: /home/maxim/super_ws/install/px4_msgs/include/px4_msgs/px4_msgs/msg/detail/sensor_gnss_relative__type_support.h\n'}
[2.008591] (px4_msgs) StdoutLine: {'line': b'-- Up-to-date symlink: /home/maxim/super_ws/install/px4_msgs/include/px4_msgs/px4_msgs/msg/detail/sensor_gnss_status__functions.h\n'}
[2.008702] (px4_msgs) StdoutLine: {'line': b'-- Up-to-date symlink: /home/maxim/super_ws/install/px4_msgs/include/px4_msgs/px4_msgs/msg/detail/sensor_gnss_status__struct.h\n'}
[2.008825] (px4_msgs) StdoutLine: {'line': b'-- Up-to-date symlink: /home/maxim/super_ws/install/px4_msgs/include/px4_msgs/px4_msgs/msg/detail/sensor_gnss_status__type_support.h\n'}
[2.009012] (px4_msgs) StdoutLine: {'line': b'-- Up-to-date symlink: /home/maxim/super_ws/install/px4_msgs/include/px4_msgs/px4_msgs/msg/detail/sensor_gps__functions.h\n'}
[2.009233] (px4_msgs) StdoutLine: {'line': b'-- Up-to-date symlink: /home/maxim/super_ws/install/px4_msgs/include/px4_msgs/px4_msgs/msg/detail/sensor_gps__struct.h\n'}
[2.009378] (px4_msgs) StdoutLine: {'line': b'-- Up-to-date symlink: /home/maxim/super_ws/install/px4_msgs/include/px4_msgs/px4_msgs/msg/detail/sensor_gps__type_support.h\n'}
[2.009525] (px4_msgs) StdoutLine: {'line': b'-- Up-to-date symlink: /home/maxim/super_ws/install/px4_msgs/include/px4_msgs/px4_msgs/msg/detail/sensor_gyro__functions.h\n'}
[2.009661] (px4_msgs) StdoutLine: {'line': b'-- Up-to-date symlink: /home/maxim/super_ws/install/px4_msgs/include/px4_msgs/px4_msgs/msg/detail/sensor_gyro__struct.h\n'}
[2.009761] (px4_msgs) StdoutLine: {'line': b'-- Up-to-date symlink: /home/maxim/super_ws/install/px4_msgs/include/px4_msgs/px4_msgs/msg/detail/sensor_gyro__type_support.h\n'}
[2.009910] (px4_msgs) StdoutLine: {'line': b'-- Up-to-date symlink: /home/maxim/super_ws/install/px4_msgs/include/px4_msgs/px4_msgs/msg/detail/sensor_gyro_fft__functions.h\n'}
[2.010147] (px4_msgs) StdoutLine: {'line': b'-- Up-to-date symlink: /home/maxim/super_ws/install/px4_msgs/include/px4_msgs/px4_msgs/msg/detail/sensor_gyro_fft__struct.h\n'}
[2.010266] (px4_msgs) StdoutLine: {'line': b'-- Up-to-date symlink: /home/maxim/super_ws/install/px4_msgs/include/px4_msgs/px4_msgs/msg/detail/sensor_gyro_fft__type_support.h\n'}
[2.010541] (px4_msgs) StdoutLine: {'line': b'-- Up-to-date symlink: /home/maxim/super_ws/install/px4_msgs/include/px4_msgs/px4_msgs/msg/detail/sensor_gyro_fifo__functions.h\n'}
[2.010747] (px4_msgs) StdoutLine: {'line': b'-- Up-to-date symlink: /home/maxim/super_ws/install/px4_msgs/include/px4_msgs/px4_msgs/msg/detail/sensor_gyro_fifo__struct.h\n'}
[2.010956] (px4_msgs) StdoutLine: {'line': b'-- Up-to-date symlink: /home/maxim/super_ws/install/px4_msgs/include/px4_msgs/px4_msgs/msg/detail/sensor_gyro_fifo__type_support.h\n'}
[2.011149] (px4_msgs) StdoutLine: {'line': b'-- Up-to-date symlink: /home/maxim/super_ws/install/px4_msgs/include/px4_msgs/px4_msgs/msg/detail/sensor_hygrometer__functions.h\n'}
[2.011356] (px4_msgs) StdoutLine: {'line': b'-- Up-to-date symlink: /home/maxim/super_ws/install/px4_msgs/include/px4_msgs/px4_msgs/msg/detail/sensor_hygrometer__struct.h\n'}
[2.011541] (px4_msgs) StdoutLine: {'line': b'-- Up-to-date symlink: /home/maxim/super_ws/install/px4_msgs/include/px4_msgs/px4_msgs/msg/detail/sensor_hygrometer__type_support.h\n'}
[2.011792] (px4_msgs) StdoutLine: {'line': b'-- Up-to-date symlink: /home/maxim/super_ws/install/px4_msgs/include/px4_msgs/px4_msgs/msg/detail/sensor_mag__functions.h\n'}
[2.011962] (px4_msgs) StdoutLine: {'line': b'-- Up-to-date symlink: /home/maxim/super_ws/install/px4_msgs/include/px4_msgs/px4_msgs/msg/detail/sensor_mag__struct.h\n'}
[2.012089] (px4_msgs) StdoutLine: {'line': b'-- Up-to-date symlink: /home/maxim/super_ws/install/px4_msgs/include/px4_msgs/px4_msgs/msg/detail/sensor_mag__type_support.h\n'}
[2.012236] (px4_msgs) StdoutLine: {'line': b'-- Up-to-date symlink: /home/maxim/super_ws/install/px4_msgs/include/px4_msgs/px4_msgs/msg/detail/sensor_optical_flow__functions.h\n'}
[2.012510] (px4_msgs) StdoutLine: {'line': b'-- Up-to-date symlink: /home/maxim/super_ws/install/px4_msgs/include/px4_msgs/px4_msgs/msg/detail/sensor_optical_flow__struct.h\n'}
[2.012627] (px4_msgs) StdoutLine: {'line': b'-- Up-to-date symlink: /home/maxim/super_ws/install/px4_msgs/include/px4_msgs/px4_msgs/msg/detail/sensor_optical_flow__type_support.h\n'}
[2.012859] (px4_msgs) StdoutLine: {'line': b'-- Up-to-date symlink: /home/maxim/super_ws/install/px4_msgs/include/px4_msgs/px4_msgs/msg/detail/sensor_preflight_mag__functions.h\n'}
[2.013063] (px4_msgs) StdoutLine: {'line': b'-- Up-to-date symlink: /home/maxim/super_ws/install/px4_msgs/include/px4_msgs/px4_msgs/msg/detail/sensor_preflight_mag__struct.h\n'}
[2.013302] (px4_msgs) StdoutLine: {'line': b'-- Up-to-date symlink: /home/maxim/super_ws/install/px4_msgs/include/px4_msgs/px4_msgs/msg/detail/sensor_preflight_mag__type_support.h\n'}
[2.013541] (px4_msgs) StdoutLine: {'line': b'-- Up-to-date symlink: /home/maxim/super_ws/install/px4_msgs/include/px4_msgs/px4_msgs/msg/detail/sensor_selection__functions.h\n'}
[2.013688] (px4_msgs) StdoutLine: {'line': b'-- Up-to-date symlink: /home/maxim/super_ws/install/px4_msgs/include/px4_msgs/px4_msgs/msg/detail/sensor_selection__struct.h\n'}
[2.013919] (px4_msgs) StdoutLine: {'line': b'-- Up-to-date symlink: /home/maxim/super_ws/install/px4_msgs/include/px4_msgs/px4_msgs/msg/detail/sensor_selection__type_support.h\n'}
[2.014275] (px4_msgs) StdoutLine: {'line': b'-- Up-to-date symlink: /home/maxim/super_ws/install/px4_msgs/include/px4_msgs/px4_msgs/msg/detail/sensor_temp__functions.h\n'}
[2.014428] (px4_msgs) StdoutLine: {'line': b'-- Up-to-date symlink: /home/maxim/super_ws/install/px4_msgs/include/px4_msgs/px4_msgs/msg/detail/sensor_temp__struct.h\n'}
[2.014602] (px4_msgs) StdoutLine: {'line': b'-- Up-to-date symlink: /home/maxim/super_ws/install/px4_msgs/include/px4_msgs/px4_msgs/msg/detail/sensor_temp__type_support.h\n'}
[2.014815] (px4_msgs) StdoutLine: {'line': b'-- Up-to-date symlink: /home/maxim/super_ws/install/px4_msgs/include/px4_msgs/px4_msgs/msg/detail/sensor_uwb__functions.h\n'}
[2.014983] (px4_msgs) StdoutLine: {'line': b'-- Up-to-date symlink: /home/maxim/super_ws/install/px4_msgs/include/px4_msgs/px4_msgs/msg/detail/sensor_uwb__struct.h\n'}
[2.015109] (px4_msgs) StdoutLine: {'line': b'-- Up-to-date symlink: /home/maxim/super_ws/install/px4_msgs/include/px4_msgs/px4_msgs/msg/detail/sensor_uwb__type_support.h\n'}
[2.015231] (px4_msgs) StdoutLine: {'line': b'-- Up-to-date symlink: /home/maxim/super_ws/install/px4_msgs/include/px4_msgs/px4_msgs/msg/detail/sensors_status__functions.h\n'}
[2.015439] (px4_msgs) StdoutLine: {'line': b'-- Up-to-date symlink: /home/maxim/super_ws/install/px4_msgs/include/px4_msgs/px4_msgs/msg/detail/sensors_status__struct.h\n'}
[2.015671] (px4_msgs) StdoutLine: {'line': b'-- Up-to-date symlink: /home/maxim/super_ws/install/px4_msgs/include/px4_msgs/px4_msgs/msg/detail/sensors_status__type_support.h\n'}
[2.015907] (px4_msgs) StdoutLine: {'line': b'-- Up-to-date symlink: /home/maxim/super_ws/install/px4_msgs/include/px4_msgs/px4_msgs/msg/detail/sensors_status_imu__functions.h\n'}
[2.016174] (px4_msgs) StdoutLine: {'line': b'-- Up-to-date symlink: /home/maxim/super_ws/install/px4_msgs/include/px4_msgs/px4_msgs/msg/detail/sensors_status_imu__struct.h\n'}
[2.016433] (px4_msgs) StdoutLine: {'line': b'-- Up-to-date symlink: /home/maxim/super_ws/install/px4_msgs/include/px4_msgs/px4_msgs/msg/detail/sensors_status_imu__type_support.h\n'}
[2.016666] (px4_msgs) StdoutLine: {'line': b'-- Up-to-date symlink: /home/maxim/super_ws/install/px4_msgs/include/px4_msgs/px4_msgs/msg/detail/system_power__functions.h\n'}
[2.016891] (px4_msgs) StdoutLine: {'line': b'-- Up-to-date symlink: /home/maxim/super_ws/install/px4_msgs/include/px4_msgs/px4_msgs/msg/detail/system_power__struct.h\n'}
[2.017184] (px4_msgs) StdoutLine: {'line': b'-- Up-to-date symlink: /home/maxim/super_ws/install/px4_msgs/include/px4_msgs/px4_msgs/msg/detail/system_power__type_support.h\n'}
[2.017344] (px4_msgs) StdoutLine: {'line': b'-- Up-to-date symlink: /home/maxim/super_ws/install/px4_msgs/include/px4_msgs/px4_msgs/msg/detail/takeoff_status__functions.h\n'}
[2.017537] (px4_msgs) StdoutLine: {'line': b'-- Up-to-date symlink: /home/maxim/super_ws/install/px4_msgs/include/px4_msgs/px4_msgs/msg/detail/takeoff_status__struct.h\n'}
[2.017768] (px4_msgs) StdoutLine: {'line': b'-- Up-to-date symlink: /home/maxim/super_ws/install/px4_msgs/include/px4_msgs/px4_msgs/msg/detail/takeoff_status__type_support.h\n'}
[2.017986] (px4_msgs) StdoutLine: {'line': b'-- Up-to-date symlink: /home/maxim/super_ws/install/px4_msgs/include/px4_msgs/px4_msgs/msg/detail/target_gnss__functions.h\n'}
[2.018238] (px4_msgs) StdoutLine: {'line': b'-- Up-to-date symlink: /home/maxim/super_ws/install/px4_msgs/include/px4_msgs/px4_msgs/msg/detail/target_gnss__struct.h\n'}
[2.018503] (px4_msgs) StdoutLine: {'line': b'-- Up-to-date symlink: /home/maxim/super_ws/install/px4_msgs/include/px4_msgs/px4_msgs/msg/detail/target_gnss__type_support.h\n'}
[2.018957] (px4_msgs) StdoutLine: {'line': b'-- Up-to-date symlink: /home/maxim/super_ws/install/px4_msgs/include/px4_msgs/px4_msgs/msg/detail/task_stack_info__functions.h\n'}
[2.019050] (px4_msgs) StdoutLine: {'line': b'-- Up-to-date symlink: /home/maxim/super_ws/install/px4_msgs/include/px4_msgs/px4_msgs/msg/detail/task_stack_info__struct.h\n'}
[2.019183] (px4_msgs) StdoutLine: {'line': b'-- Up-to-date symlink: /home/maxim/super_ws/install/px4_msgs/include/px4_msgs/px4_msgs/msg/detail/task_stack_info__type_support.h\n'}
[2.019357] (px4_msgs) StdoutLine: {'line': b'-- Up-to-date symlink: /home/maxim/super_ws/install/px4_msgs/include/px4_msgs/px4_msgs/msg/detail/tecs_status__functions.h\n'}
[2.019659] (px4_msgs) StdoutLine: {'line': b'-- Up-to-date symlink: /home/maxim/super_ws/install/px4_msgs/include/px4_msgs/px4_msgs/msg/detail/tecs_status__struct.h\n'}
[2.019810] (px4_msgs) StdoutLine: {'line': b'-- Up-to-date symlink: /home/maxim/super_ws/install/px4_msgs/include/px4_msgs/px4_msgs/msg/detail/tecs_status__type_support.h\n'}
[2.019964] (px4_msgs) StdoutLine: {'line': b'-- Up-to-date symlink: /home/maxim/super_ws/install/px4_msgs/include/px4_msgs/px4_msgs/msg/detail/telemetry_status__functions.h\n'}
[2.020119] (px4_msgs) StdoutLine: {'line': b'-- Up-to-date symlink: /home/maxim/super_ws/install/px4_msgs/include/px4_msgs/px4_msgs/msg/detail/telemetry_status__struct.h\n'}
[2.020270] (px4_msgs) StdoutLine: {'line': b'-- Up-to-date symlink: /home/maxim/super_ws/install/px4_msgs/include/px4_msgs/px4_msgs/msg/detail/telemetry_status__type_support.h\n'}
[2.020422] (px4_msgs) StdoutLine: {'line': b'-- Up-to-date symlink: /home/maxim/super_ws/install/px4_msgs/include/px4_msgs/px4_msgs/msg/detail/tiltrotor_extra_controls__functions.h\n'}
[2.020609] (px4_msgs) StdoutLine: {'line': b'-- Up-to-date symlink: /home/maxim/super_ws/install/px4_msgs/include/px4_msgs/px4_msgs/msg/detail/tiltrotor_extra_controls__struct.h\n'}
[2.020780] (px4_msgs) StdoutLine: {'line': b'-- Up-to-date symlink: /home/maxim/super_ws/install/px4_msgs/include/px4_msgs/px4_msgs/msg/detail/tiltrotor_extra_controls__type_support.h\n'}
[2.020942] (px4_msgs) StdoutLine: {'line': b'-- Up-to-date symlink: /home/maxim/super_ws/install/px4_msgs/include/px4_msgs/px4_msgs/msg/detail/timesync_status__functions.h\n'}
[2.021129] (px4_msgs) StdoutLine: {'line': b'-- Up-to-date symlink: /home/maxim/super_ws/install/px4_msgs/include/px4_msgs/px4_msgs/msg/detail/timesync_status__struct.h\n'}
[2.021275] (px4_msgs) StdoutLine: {'line': b'-- Up-to-date symlink: /home/maxim/super_ws/install/px4_msgs/include/px4_msgs/px4_msgs/msg/detail/timesync_status__type_support.h\n'}
[2.021420] (px4_msgs) StdoutLine: {'line': b'-- Up-to-date symlink: /home/maxim/super_ws/install/px4_msgs/include/px4_msgs/px4_msgs/msg/detail/trajectory_setpoint6dof__functions.h\n'}
[2.021584] (px4_msgs) StdoutLine: {'line': b'-- Up-to-date symlink: /home/maxim/super_ws/install/px4_msgs/include/px4_msgs/px4_msgs/msg/detail/trajectory_setpoint6dof__struct.h\n'}
[2.021751] (px4_msgs) StdoutLine: {'line': b'-- Up-to-date symlink: /home/maxim/super_ws/install/px4_msgs/include/px4_msgs/px4_msgs/msg/detail/trajectory_setpoint6dof__type_support.h\n'}
[2.021945] (px4_msgs) StdoutLine: {'line': b'-- Up-to-date symlink: /home/maxim/super_ws/install/px4_msgs/include/px4_msgs/px4_msgs/msg/detail/trajectory_setpoint__functions.h\n'}
[2.022087] (px4_msgs) StdoutLine: {'line': b'-- Up-to-date symlink: /home/maxim/super_ws/install/px4_msgs/include/px4_msgs/px4_msgs/msg/detail/trajectory_setpoint__struct.h\n'}
[2.022238] (px4_msgs) StdoutLine: {'line': b'-- Up-to-date symlink: /home/maxim/super_ws/install/px4_msgs/include/px4_msgs/px4_msgs/msg/detail/trajectory_setpoint__type_support.h\n'}
[2.022385] (px4_msgs) StdoutLine: {'line': b'-- Up-to-date symlink: /home/maxim/super_ws/install/px4_msgs/include/px4_msgs/px4_msgs/msg/detail/transponder_report__functions.h\n'}
[2.022533] (px4_msgs) StdoutLine: {'line': b'-- Up-to-date symlink: /home/maxim/super_ws/install/px4_msgs/include/px4_msgs/px4_msgs/msg/detail/transponder_report__struct.h\n'}
[2.022682] (px4_msgs) StdoutLine: {'line': b'-- Up-to-date symlink: /home/maxim/super_ws/install/px4_msgs/include/px4_msgs/px4_msgs/msg/detail/transponder_report__type_support.h\n'}
[2.022875] (px4_msgs) StdoutLine: {'line': b'-- Up-to-date symlink: /home/maxim/super_ws/install/px4_msgs/include/px4_msgs/px4_msgs/msg/detail/tune_control__functions.h\n'}
[2.023021] (px4_msgs) StdoutLine: {'line': b'-- Up-to-date symlink: /home/maxim/super_ws/install/px4_msgs/include/px4_msgs/px4_msgs/msg/detail/tune_control__struct.h\n'}
[2.023167] (px4_msgs) StdoutLine: {'line': b'-- Up-to-date symlink: /home/maxim/super_ws/install/px4_msgs/include/px4_msgs/px4_msgs/msg/detail/tune_control__type_support.h\n'}
[2.023317] (px4_msgs) StdoutLine: {'line': b'-- Up-to-date symlink: /home/maxim/super_ws/install/px4_msgs/include/px4_msgs/px4_msgs/msg/detail/uavcan_parameter_request__functions.h\n'}
[2.023441] (px4_msgs) StdoutLine: {'line': b'-- Up-to-date symlink: /home/maxim/super_ws/install/px4_msgs/include/px4_msgs/px4_msgs/msg/detail/uavcan_parameter_request__struct.h\n'}
[2.023556] (px4_msgs) StdoutLine: {'line': b'-- Up-to-date symlink: /home/maxim/super_ws/install/px4_msgs/include/px4_msgs/px4_msgs/msg/detail/uavcan_parameter_request__type_support.h\n'}
[2.023641] (px4_msgs) StdoutLine: {'line': b'-- Up-to-date symlink: /home/maxim/super_ws/install/px4_msgs/include/px4_msgs/px4_msgs/msg/detail/uavcan_parameter_value__functions.h\n'}
[2.023754] (px4_msgs) StdoutLine: {'line': b'-- Up-to-date symlink: /home/maxim/super_ws/install/px4_msgs/include/px4_msgs/px4_msgs/msg/detail/uavcan_parameter_value__struct.h\n'}
[2.023931] (px4_msgs) StdoutLine: {'line': b'-- Up-to-date symlink: /home/maxim/super_ws/install/px4_msgs/include/px4_msgs/px4_msgs/msg/detail/uavcan_parameter_value__type_support.h\n'}
[2.024119] (px4_msgs) StdoutLine: {'line': b'-- Up-to-date symlink: /home/maxim/super_ws/install/px4_msgs/include/px4_msgs/px4_msgs/msg/detail/ulog_stream__functions.h\n'}
[2.024256] (px4_msgs) StdoutLine: {'line': b'-- Up-to-date symlink: /home/maxim/super_ws/install/px4_msgs/include/px4_msgs/px4_msgs/msg/detail/ulog_stream__struct.h\n'}
[2.024368] (px4_msgs) StdoutLine: {'line': b'-- Up-to-date symlink: /home/maxim/super_ws/install/px4_msgs/include/px4_msgs/px4_msgs/msg/detail/ulog_stream__type_support.h\n'}
[2.024528] (px4_msgs) StdoutLine: {'line': b'-- Up-to-date symlink: /home/maxim/super_ws/install/px4_msgs/include/px4_msgs/px4_msgs/msg/detail/ulog_stream_ack__functions.h\n'}
[2.024675] (px4_msgs) StdoutLine: {'line': b'-- Up-to-date symlink: /home/maxim/super_ws/install/px4_msgs/include/px4_msgs/px4_msgs/msg/detail/ulog_stream_ack__struct.h\n'}
[2.024820] (px4_msgs) StdoutLine: {'line': b'-- Up-to-date symlink: /home/maxim/super_ws/install/px4_msgs/include/px4_msgs/px4_msgs/msg/detail/ulog_stream_ack__type_support.h\n'}
[2.024963] (px4_msgs) StdoutLine: {'line': b'-- Up-to-date symlink: /home/maxim/super_ws/install/px4_msgs/include/px4_msgs/px4_msgs/msg/detail/unregister_ext_component__functions.h\n'}
[2.025108] (px4_msgs) StdoutLine: {'line': b'-- Up-to-date symlink: /home/maxim/super_ws/install/px4_msgs/include/px4_msgs/px4_msgs/msg/detail/unregister_ext_component__struct.h\n'}
[2.025258] (px4_msgs) StdoutLine: {'line': b'-- Up-to-date symlink: /home/maxim/super_ws/install/px4_msgs/include/px4_msgs/px4_msgs/msg/detail/unregister_ext_component__type_support.h\n'}
[2.025434] (px4_msgs) StdoutLine: {'line': b'-- Up-to-date symlink: /home/maxim/super_ws/install/px4_msgs/include/px4_msgs/px4_msgs/msg/detail/vehicle_acceleration__functions.h\n'}
[2.025611] (px4_msgs) StdoutLine: {'line': b'-- Up-to-date symlink: /home/maxim/super_ws/install/px4_msgs/include/px4_msgs/px4_msgs/msg/detail/vehicle_acceleration__struct.h\n'}
[2.025761] (px4_msgs) StdoutLine: {'line': b'-- Up-to-date symlink: /home/maxim/super_ws/install/px4_msgs/include/px4_msgs/px4_msgs/msg/detail/vehicle_acceleration__type_support.h\n'}
[2.026012] (px4_msgs) StdoutLine: {'line': b'-- Up-to-date symlink: /home/maxim/super_ws/install/px4_msgs/include/px4_msgs/px4_msgs/msg/detail/vehicle_air_data__functions.h\n'}
[2.026137] (px4_msgs) StdoutLine: {'line': b'-- Up-to-date symlink: /home/maxim/super_ws/install/px4_msgs/include/px4_msgs/px4_msgs/msg/detail/vehicle_air_data__struct.h\n'}
[2.026272] (px4_msgs) StdoutLine: {'line': b'-- Up-to-date symlink: /home/maxim/super_ws/install/px4_msgs/include/px4_msgs/px4_msgs/msg/detail/vehicle_air_data__type_support.h\n'}
[2.026407] (px4_msgs) StdoutLine: {'line': b'-- Up-to-date symlink: /home/maxim/super_ws/install/px4_msgs/include/px4_msgs/px4_msgs/msg/detail/vehicle_angular_acceleration_setpoint__functions.h\n'}
[2.026538] (px4_msgs) StdoutLine: {'line': b'-- Up-to-date symlink: /home/maxim/super_ws/install/px4_msgs/include/px4_msgs/px4_msgs/msg/detail/vehicle_angular_acceleration_setpoint__struct.h\n'}
[2.026711] (px4_msgs) StdoutLine: {'line': b'-- Up-to-date symlink: /home/maxim/super_ws/install/px4_msgs/include/px4_msgs/px4_msgs/msg/detail/vehicle_angular_acceleration_setpoint__type_support.h\n'}
[2.026860] (px4_msgs) StdoutLine: {'line': b'-- Up-to-date symlink: /home/maxim/super_ws/install/px4_msgs/include/px4_msgs/px4_msgs/msg/detail/vehicle_angular_velocity__functions.h\n'}
[2.027036] (px4_msgs) StdoutLine: {'line': b'-- Up-to-date symlink: /home/maxim/super_ws/install/px4_msgs/include/px4_msgs/px4_msgs/msg/detail/vehicle_angular_velocity__struct.h\n'}
[2.027180] (px4_msgs) StdoutLine: {'line': b'-- Up-to-date symlink: /home/maxim/super_ws/install/px4_msgs/include/px4_msgs/px4_msgs/msg/detail/vehicle_angular_velocity__type_support.h\n'}
[2.027327] (px4_msgs) StdoutLine: {'line': b'-- Up-to-date symlink: /home/maxim/super_ws/install/px4_msgs/include/px4_msgs/px4_msgs/msg/detail/vehicle_attitude__functions.h\n'}
[2.027462] (px4_msgs) StdoutLine: {'line': b'-- Up-to-date symlink: /home/maxim/super_ws/install/px4_msgs/include/px4_msgs/px4_msgs/msg/detail/vehicle_attitude__struct.h\n'}
[2.027572] (px4_msgs) StdoutLine: {'line': b'-- Up-to-date symlink: /home/maxim/super_ws/install/px4_msgs/include/px4_msgs/px4_msgs/msg/detail/vehicle_attitude__type_support.h\n'}
[2.027717] (px4_msgs) StdoutLine: {'line': b'-- Up-to-date symlink: /home/maxim/super_ws/install/px4_msgs/include/px4_msgs/px4_msgs/msg/detail/vehicle_attitude_setpoint__functions.h\n'}
[2.027868] (px4_msgs) StdoutLine: {'line': b'-- Up-to-date symlink: /home/maxim/super_ws/install/px4_msgs/include/px4_msgs/px4_msgs/msg/detail/vehicle_attitude_setpoint__struct.h\n'}
[2.028054] (px4_msgs) StdoutLine: {'line': b'-- Up-to-date symlink: /home/maxim/super_ws/install/px4_msgs/include/px4_msgs/px4_msgs/msg/detail/vehicle_attitude_setpoint__type_support.h\n'}
[2.028219] (px4_msgs) StdoutLine: {'line': b'-- Up-to-date symlink: /home/maxim/super_ws/install/px4_msgs/include/px4_msgs/px4_msgs/msg/detail/vehicle_command__functions.h\n'}
[2.028335] (px4_msgs) StdoutLine: {'line': b'-- Up-to-date symlink: /home/maxim/super_ws/install/px4_msgs/include/px4_msgs/px4_msgs/msg/detail/vehicle_command__struct.h\n'}
[2.028486] (px4_msgs) StdoutLine: {'line': b'-- Up-to-date symlink: /home/maxim/super_ws/install/px4_msgs/include/px4_msgs/px4_msgs/msg/detail/vehicle_command__type_support.h\n'}
[2.028634] (px4_msgs) StdoutLine: {'line': b'-- Up-to-date symlink: /home/maxim/super_ws/install/px4_msgs/include/px4_msgs/px4_msgs/msg/detail/vehicle_command_ack__functions.h\n'}
[2.028793] (px4_msgs) StdoutLine: {'line': b'-- Up-to-date symlink: /home/maxim/super_ws/install/px4_msgs/include/px4_msgs/px4_msgs/msg/detail/vehicle_command_ack__struct.h\n'}
[2.028939] (px4_msgs) StdoutLine: {'line': b'-- Up-to-date symlink: /home/maxim/super_ws/install/px4_msgs/include/px4_msgs/px4_msgs/msg/detail/vehicle_command_ack__type_support.h\n'}
[2.029085] (px4_msgs) StdoutLine: {'line': b'-- Up-to-date symlink: /home/maxim/super_ws/install/px4_msgs/include/px4_msgs/px4_msgs/msg/detail/vehicle_constraints__functions.h\n'}
[2.029205] (px4_msgs) StdoutLine: {'line': b'-- Up-to-date symlink: /home/maxim/super_ws/install/px4_msgs/include/px4_msgs/px4_msgs/msg/detail/vehicle_constraints__struct.h\n'}
[2.029420] (px4_msgs) StdoutLine: {'line': b'-- Up-to-date symlink: /home/maxim/super_ws/install/px4_msgs/include/px4_msgs/px4_msgs/msg/detail/vehicle_constraints__type_support.h\n'}
[2.029567] (px4_msgs) StdoutLine: {'line': b'-- Up-to-date symlink: /home/maxim/super_ws/install/px4_msgs/include/px4_msgs/px4_msgs/msg/detail/vehicle_control_mode__functions.h\n'}
[2.029707] (px4_msgs) StdoutLine: {'line': b'-- Up-to-date symlink: /home/maxim/super_ws/install/px4_msgs/include/px4_msgs/px4_msgs/msg/detail/vehicle_control_mode__struct.h\n'}
[2.029956] (px4_msgs) StdoutLine: {'line': b'-- Up-to-date symlink: /home/maxim/super_ws/install/px4_msgs/include/px4_msgs/px4_msgs/msg/detail/vehicle_control_mode__type_support.h\n'}
[2.030045] (px4_msgs) StdoutLine: {'line': b'-- Up-to-date symlink: /home/maxim/super_ws/install/px4_msgs/include/px4_msgs/px4_msgs/msg/detail/vehicle_global_position__functions.h\n'}
[2.030182] (px4_msgs) StdoutLine: {'line': b'-- Up-to-date symlink: /home/maxim/super_ws/install/px4_msgs/include/px4_msgs/px4_msgs/msg/detail/vehicle_global_position__struct.h\n'}
[2.030362] (px4_msgs) StdoutLine: {'line': b'-- Up-to-date symlink: /home/maxim/super_ws/install/px4_msgs/include/px4_msgs/px4_msgs/msg/detail/vehicle_global_position__type_support.h\n'}
[2.030550] (px4_msgs) StdoutLine: {'line': b'-- Up-to-date symlink: /home/maxim/super_ws/install/px4_msgs/include/px4_msgs/px4_msgs/msg/detail/vehicle_imu__functions.h\n'}
[2.030689] (px4_msgs) StdoutLine: {'line': b'-- Up-to-date symlink: /home/maxim/super_ws/install/px4_msgs/include/px4_msgs/px4_msgs/msg/detail/vehicle_imu__struct.h\n'}
[2.030875] (px4_msgs) StdoutLine: {'line': b'-- Up-to-date symlink: /home/maxim/super_ws/install/px4_msgs/include/px4_msgs/px4_msgs/msg/detail/vehicle_imu__type_support.h\n'}
[2.031019] (px4_msgs) StdoutLine: {'line': b'-- Up-to-date symlink: /home/maxim/super_ws/install/px4_msgs/include/px4_msgs/px4_msgs/msg/detail/vehicle_imu_status__functions.h\n'}
[2.031141] (px4_msgs) StdoutLine: {'line': b'-- Up-to-date symlink: /home/maxim/super_ws/install/px4_msgs/include/px4_msgs/px4_msgs/msg/detail/vehicle_imu_status__struct.h\n'}
[2.031320] (px4_msgs) StdoutLine: {'line': b'-- Up-to-date symlink: /home/maxim/super_ws/install/px4_msgs/include/px4_msgs/px4_msgs/msg/detail/vehicle_imu_status__type_support.h\n'}
[2.031484] (px4_msgs) StdoutLine: {'line': b'-- Up-to-date symlink: /home/maxim/super_ws/install/px4_msgs/include/px4_msgs/px4_msgs/msg/detail/vehicle_land_detected__functions.h\n'}
[2.031592] (px4_msgs) StdoutLine: {'line': b'-- Up-to-date symlink: /home/maxim/super_ws/install/px4_msgs/include/px4_msgs/px4_msgs/msg/detail/vehicle_land_detected__struct.h\n'}
[2.031716] (px4_msgs) StdoutLine: {'line': b'-- Up-to-date symlink: /home/maxim/super_ws/install/px4_msgs/include/px4_msgs/px4_msgs/msg/detail/vehicle_land_detected__type_support.h\n'}
[2.031900] (px4_msgs) StdoutLine: {'line': b'-- Up-to-date symlink: /home/maxim/super_ws/install/px4_msgs/include/px4_msgs/px4_msgs/msg/detail/vehicle_local_position__functions.h\n'}
[2.032075] (px4_msgs) StdoutLine: {'line': b'-- Up-to-date symlink: /home/maxim/super_ws/install/px4_msgs/include/px4_msgs/px4_msgs/msg/detail/vehicle_local_position__struct.h\n'}
[2.032204] (px4_msgs) StdoutLine: {'line': b'-- Up-to-date symlink: /home/maxim/super_ws/install/px4_msgs/include/px4_msgs/px4_msgs/msg/detail/vehicle_local_position__type_support.h\n'}
[2.032345] (px4_msgs) StdoutLine: {'line': b'-- Up-to-date symlink: /home/maxim/super_ws/install/px4_msgs/include/px4_msgs/px4_msgs/msg/detail/vehicle_local_position_setpoint__functions.h\n'}
[2.032528] (px4_msgs) StdoutLine: {'line': b'-- Up-to-date symlink: /home/maxim/super_ws/install/px4_msgs/include/px4_msgs/px4_msgs/msg/detail/vehicle_local_position_setpoint__struct.h\n'}
[2.032672] (px4_msgs) StdoutLine: {'line': b'-- Up-to-date symlink: /home/maxim/super_ws/install/px4_msgs/include/px4_msgs/px4_msgs/msg/detail/vehicle_local_position_setpoint__type_support.h\n'}
[2.032816] (px4_msgs) StdoutLine: {'line': b'-- Up-to-date symlink: /home/maxim/super_ws/install/px4_msgs/include/px4_msgs/px4_msgs/msg/detail/vehicle_magnetometer__functions.h\n'}
[2.032956] (px4_msgs) StdoutLine: {'line': b'-- Up-to-date symlink: /home/maxim/super_ws/install/px4_msgs/include/px4_msgs/px4_msgs/msg/detail/vehicle_magnetometer__struct.h\n'}
[2.033101] (px4_msgs) StdoutLine: {'line': b'-- Up-to-date symlink: /home/maxim/super_ws/install/px4_msgs/include/px4_msgs/px4_msgs/msg/detail/vehicle_magnetometer__type_support.h\n'}
[2.033243] (px4_msgs) StdoutLine: {'line': b'-- Up-to-date symlink: /home/maxim/super_ws/install/px4_msgs/include/px4_msgs/px4_msgs/msg/detail/vehicle_odometry__functions.h\n'}
[2.033365] (px4_msgs) StdoutLine: {'line': b'-- Up-to-date symlink: /home/maxim/super_ws/install/px4_msgs/include/px4_msgs/px4_msgs/msg/detail/vehicle_odometry__struct.h\n'}
[2.033617] (px4_msgs) StdoutLine: {'line': b'-- Up-to-date symlink: /home/maxim/super_ws/install/px4_msgs/include/px4_msgs/px4_msgs/msg/detail/vehicle_odometry__type_support.h\n'}
[2.033740] (px4_msgs) StdoutLine: {'line': b'-- Up-to-date symlink: /home/maxim/super_ws/install/px4_msgs/include/px4_msgs/px4_msgs/msg/detail/vehicle_optical_flow__functions.h\n'}
[2.033910] (px4_msgs) StdoutLine: {'line': b'-- Up-to-date symlink: /home/maxim/super_ws/install/px4_msgs/include/px4_msgs/px4_msgs/msg/detail/vehicle_optical_flow__struct.h\n'}
[2.034061] (px4_msgs) StdoutLine: {'line': b'-- Up-to-date symlink: /home/maxim/super_ws/install/px4_msgs/include/px4_msgs/px4_msgs/msg/detail/vehicle_optical_flow__type_support.h\n'}
[2.034206] (px4_msgs) StdoutLine: {'line': b'-- Up-to-date symlink: /home/maxim/super_ws/install/px4_msgs/include/px4_msgs/px4_msgs/msg/detail/vehicle_optical_flow_vel__functions.h\n'}
[2.034382] (px4_msgs) StdoutLine: {'line': b'-- Up-to-date symlink: /home/maxim/super_ws/install/px4_msgs/include/px4_msgs/px4_msgs/msg/detail/vehicle_optical_flow_vel__struct.h\n'}
[2.034504] (px4_msgs) StdoutLine: {'line': b'-- Up-to-date symlink: /home/maxim/super_ws/install/px4_msgs/include/px4_msgs/px4_msgs/msg/detail/vehicle_optical_flow_vel__type_support.h\n'}
[2.034648] (px4_msgs) StdoutLine: {'line': b'-- Up-to-date symlink: /home/maxim/super_ws/install/px4_msgs/include/px4_msgs/px4_msgs/msg/detail/vehicle_rates_setpoint__functions.h\n'}
[2.034853] (px4_msgs) StdoutLine: {'line': b'-- Up-to-date symlink: /home/maxim/super_ws/install/px4_msgs/include/px4_msgs/px4_msgs/msg/detail/vehicle_rates_setpoint__struct.h\n'}
[2.034954] (px4_msgs) StdoutLine: {'line': b'-- Up-to-date symlink: /home/maxim/super_ws/install/px4_msgs/include/px4_msgs/px4_msgs/msg/detail/vehicle_rates_setpoint__type_support.h\n'}
[2.035097] (px4_msgs) StdoutLine: {'line': b'-- Up-to-date symlink: /home/maxim/super_ws/install/px4_msgs/include/px4_msgs/px4_msgs/msg/detail/vehicle_roi__functions.h\n'}
[2.035243] (px4_msgs) StdoutLine: {'line': b'-- Up-to-date symlink: /home/maxim/super_ws/install/px4_msgs/include/px4_msgs/px4_msgs/msg/detail/vehicle_roi__struct.h\n'}
[2.035424] (px4_msgs) StdoutLine: {'line': b'-- Up-to-date symlink: /home/maxim/super_ws/install/px4_msgs/include/px4_msgs/px4_msgs/msg/detail/vehicle_roi__type_support.h\n'}
[2.035564] (px4_msgs) StdoutLine: {'line': b'-- Up-to-date symlink: /home/maxim/super_ws/install/px4_msgs/include/px4_msgs/px4_msgs/msg/detail/vehicle_status__functions.h\n'}
[2.035733] (px4_msgs) StdoutLine: {'line': b'-- Up-to-date symlink: /home/maxim/super_ws/install/px4_msgs/include/px4_msgs/px4_msgs/msg/detail/vehicle_status__struct.h\n'}
[2.035930] (px4_msgs) StdoutLine: {'line': b'-- Up-to-date symlink: /home/maxim/super_ws/install/px4_msgs/include/px4_msgs/px4_msgs/msg/detail/vehicle_status__type_support.h\n'}
[2.036068] (px4_msgs) StdoutLine: {'line': b'-- Up-to-date symlink: /home/maxim/super_ws/install/px4_msgs/include/px4_msgs/px4_msgs/msg/detail/vehicle_thrust_setpoint__functions.h\n'}
[2.036231] (px4_msgs) StdoutLine: {'line': b'-- Up-to-date symlink: /home/maxim/super_ws/install/px4_msgs/include/px4_msgs/px4_msgs/msg/detail/vehicle_thrust_setpoint__struct.h\n'}
[2.036423] (px4_msgs) StdoutLine: {'line': b'-- Up-to-date symlink: /home/maxim/super_ws/install/px4_msgs/include/px4_msgs/px4_msgs/msg/detail/vehicle_thrust_setpoint__type_support.h\n'}
[2.036530] (px4_msgs) StdoutLine: {'line': b'-- Up-to-date symlink: /home/maxim/super_ws/install/px4_msgs/include/px4_msgs/px4_msgs/msg/detail/vehicle_torque_setpoint__functions.h\n'}
[2.036644] (px4_msgs) StdoutLine: {'line': b'-- Up-to-date symlink: /home/maxim/super_ws/install/px4_msgs/include/px4_msgs/px4_msgs/msg/detail/vehicle_torque_setpoint__struct.h\n'}
[2.036787] (px4_msgs) StdoutLine: {'line': b'-- Up-to-date symlink: /home/maxim/super_ws/install/px4_msgs/include/px4_msgs/px4_msgs/msg/detail/vehicle_torque_setpoint__type_support.h\n'}
[2.036932] (px4_msgs) StdoutLine: {'line': b'-- Up-to-date symlink: /home/maxim/super_ws/install/px4_msgs/include/px4_msgs/px4_msgs/msg/detail/velocity_limits__functions.h\n'}
[2.037079] (px4_msgs) StdoutLine: {'line': b'-- Up-to-date symlink: /home/maxim/super_ws/install/px4_msgs/include/px4_msgs/px4_msgs/msg/detail/velocity_limits__struct.h\n'}
[2.037254] (px4_msgs) StdoutLine: {'line': b'-- Up-to-date symlink: /home/maxim/super_ws/install/px4_msgs/include/px4_msgs/px4_msgs/msg/detail/velocity_limits__type_support.h\n'}
[2.037367] (px4_msgs) StdoutLine: {'line': b'-- Up-to-date symlink: /home/maxim/super_ws/install/px4_msgs/include/px4_msgs/px4_msgs/msg/detail/vte_aid_source1d__functions.h\n'}
[2.037510] (px4_msgs) StdoutLine: {'line': b'-- Up-to-date symlink: /home/maxim/super_ws/install/px4_msgs/include/px4_msgs/px4_msgs/msg/detail/vte_aid_source1d__struct.h\n'}
[2.037657] (px4_msgs) StdoutLine: {'line': b'-- Up-to-date symlink: /home/maxim/super_ws/install/px4_msgs/include/px4_msgs/px4_msgs/msg/detail/vte_aid_source1d__type_support.h\n'}
[2.037766] (px4_msgs) StdoutLine: {'line': b'-- Up-to-date symlink: /home/maxim/super_ws/install/px4_msgs/include/px4_msgs/px4_msgs/msg/detail/vte_aid_source3d__functions.h\n'}
[2.037878] (px4_msgs) StdoutLine: {'line': b'-- Up-to-date symlink: /home/maxim/super_ws/install/px4_msgs/include/px4_msgs/px4_msgs/msg/detail/vte_aid_source3d__struct.h\n'}
[2.037984] (px4_msgs) StdoutLine: {'line': b'-- Up-to-date symlink: /home/maxim/super_ws/install/px4_msgs/include/px4_msgs/px4_msgs/msg/detail/vte_aid_source3d__type_support.h\n'}
[2.038131] (px4_msgs) StdoutLine: {'line': b'-- Up-to-date symlink: /home/maxim/super_ws/install/px4_msgs/include/px4_msgs/px4_msgs/msg/detail/vte_bias_init_status__functions.h\n'}
[2.038276] (px4_msgs) StdoutLine: {'line': b'-- Up-to-date symlink: /home/maxim/super_ws/install/px4_msgs/include/px4_msgs/px4_msgs/msg/detail/vte_bias_init_status__struct.h\n'}
[2.038421] (px4_msgs) StdoutLine: {'line': b'-- Up-to-date symlink: /home/maxim/super_ws/install/px4_msgs/include/px4_msgs/px4_msgs/msg/detail/vte_bias_init_status__type_support.h\n'}
[2.038604] (px4_msgs) StdoutLine: {'line': b'-- Up-to-date symlink: /home/maxim/super_ws/install/px4_msgs/include/px4_msgs/px4_msgs/msg/detail/vte_input__functions.h\n'}
[2.038714] (px4_msgs) StdoutLine: {'line': b'-- Up-to-date symlink: /home/maxim/super_ws/install/px4_msgs/include/px4_msgs/px4_msgs/msg/detail/vte_input__struct.h\n'}
[2.038892] (px4_msgs) StdoutLine: {'line': b'-- Up-to-date symlink: /home/maxim/super_ws/install/px4_msgs/include/px4_msgs/px4_msgs/msg/detail/vte_input__type_support.h\n'}
[2.039011] (px4_msgs) StdoutLine: {'line': b'-- Up-to-date symlink: /home/maxim/super_ws/install/px4_msgs/include/px4_msgs/px4_msgs/msg/detail/vte_orientation__functions.h\n'}
[2.039157] (px4_msgs) StdoutLine: {'line': b'-- Up-to-date symlink: /home/maxim/super_ws/install/px4_msgs/include/px4_msgs/px4_msgs/msg/detail/vte_orientation__struct.h\n'}
[2.039362] (px4_msgs) StdoutLine: {'line': b'-- Up-to-date symlink: /home/maxim/super_ws/install/px4_msgs/include/px4_msgs/px4_msgs/msg/detail/vte_orientation__type_support.h\n'}
[2.039640] (px4_msgs) StdoutLine: {'line': b'-- Up-to-date symlink: /home/maxim/super_ws/install/px4_msgs/include/px4_msgs/px4_msgs/msg/detail/vte_position__functions.h\n'}
[2.039917] (px4_msgs) StdoutLine: {'line': b'-- Up-to-date symlink: /home/maxim/super_ws/install/px4_msgs/include/px4_msgs/px4_msgs/msg/detail/vte_position__struct.h\n'}
[2.040055] (px4_msgs) StdoutLine: {'line': b'-- Up-to-date symlink: /home/maxim/super_ws/install/px4_msgs/include/px4_msgs/px4_msgs/msg/detail/vte_position__type_support.h\n'}
[2.040280] (px4_msgs) StdoutLine: {'line': b'-- Up-to-date symlink: /home/maxim/super_ws/install/px4_msgs/include/px4_msgs/px4_msgs/msg/detail/vtol_vehicle_status__functions.h\n'}
[2.040396] (px4_msgs) StdoutLine: {'line': b'-- Up-to-date symlink: /home/maxim/super_ws/install/px4_msgs/include/px4_msgs/px4_msgs/msg/detail/vtol_vehicle_status__struct.h\n'}
[2.040599] (px4_msgs) StdoutLine: {'line': b'-- Up-to-date symlink: /home/maxim/super_ws/install/px4_msgs/include/px4_msgs/px4_msgs/msg/detail/vtol_vehicle_status__type_support.h\n'}
[2.040723] (px4_msgs) StdoutLine: {'line': b'-- Up-to-date symlink: /home/maxim/super_ws/install/px4_msgs/include/px4_msgs/px4_msgs/msg/detail/vtx__functions.h\n'}
[2.040924] (px4_msgs) StdoutLine: {'line': b'-- Up-to-date symlink: /home/maxim/super_ws/install/px4_msgs/include/px4_msgs/px4_msgs/msg/detail/vtx__struct.h\n'}
[2.041015] (px4_msgs) StdoutLine: {'line': b'-- Up-to-date symlink: /home/maxim/super_ws/install/px4_msgs/include/px4_msgs/px4_msgs/msg/detail/vtx__type_support.h\n'}
[2.041162] (px4_msgs) StdoutLine: {'line': b'-- Up-to-date symlink: /home/maxim/super_ws/install/px4_msgs/include/px4_msgs/px4_msgs/msg/detail/wheel_encoders__functions.h\n'}
[2.041307] (px4_msgs) StdoutLine: {'line': b'-- Up-to-date symlink: /home/maxim/super_ws/install/px4_msgs/include/px4_msgs/px4_msgs/msg/detail/wheel_encoders__struct.h\n'}
[2.041487] (px4_msgs) StdoutLine: {'line': b'-- Up-to-date symlink: /home/maxim/super_ws/install/px4_msgs/include/px4_msgs/px4_msgs/msg/detail/wheel_encoders__type_support.h\n'}
[2.041627] (px4_msgs) StdoutLine: {'line': b'-- Up-to-date symlink: /home/maxim/super_ws/install/px4_msgs/include/px4_msgs/px4_msgs/msg/detail/wind__functions.h\n'}
[2.041757] (px4_msgs) StdoutLine: {'line': b'-- Up-to-date symlink: /home/maxim/super_ws/install/px4_msgs/include/px4_msgs/px4_msgs/msg/detail/wind__struct.h\n'}
[2.042015] (px4_msgs) StdoutLine: {'line': b'-- Up-to-date symlink: /home/maxim/super_ws/install/px4_msgs/include/px4_msgs/px4_msgs/msg/detail/wind__type_support.h\n'}
[2.042249] (px4_msgs) StdoutLine: {'line': b'-- Up-to-date symlink: /home/maxim/super_ws/install/px4_msgs/include/px4_msgs/px4_msgs/msg/detail/yaw_estimator_status__functions.h\n'}
[2.042406] (px4_msgs) StdoutLine: {'line': b'-- Up-to-date symlink: /home/maxim/super_ws/install/px4_msgs/include/px4_msgs/px4_msgs/msg/detail/yaw_estimator_status__struct.h\n'}
[2.042647] (px4_msgs) StdoutLine: {'line': b'-- Up-to-date symlink: /home/maxim/super_ws/install/px4_msgs/include/px4_msgs/px4_msgs/msg/detail/yaw_estimator_status__type_support.h\n'}
[2.042810] (px4_msgs) StdoutLine: {'line': b'-- Up-to-date symlink: /home/maxim/super_ws/install/px4_msgs/include/px4_msgs/px4_msgs/msg/device_information.h\n'}
[2.042983] (px4_msgs) StdoutLine: {'line': b'-- Up-to-date symlink: /home/maxim/super_ws/install/px4_msgs/include/px4_msgs/px4_msgs/msg/differential_pressure.h\n'}
[2.043194] (px4_msgs) StdoutLine: {'line': b'-- Up-to-date symlink: /home/maxim/super_ws/install/px4_msgs/include/px4_msgs/px4_msgs/msg/distance_sensor.h\n'}
[2.043398] (px4_msgs) StdoutLine: {'line': b'-- Up-to-date symlink: /home/maxim/super_ws/install/px4_msgs/include/px4_msgs/px4_msgs/msg/distance_sensor_mode_change_request.h\n'}
[2.043599] (px4_msgs) StdoutLine: {'line': b'-- Up-to-date symlink: /home/maxim/super_ws/install/px4_msgs/include/px4_msgs/px4_msgs/msg/dronecan_node_status.h\n'}
[2.043703] (px4_msgs) StdoutLine: {'line': b'-- Up-to-date symlink: /home/maxim/super_ws/install/px4_msgs/include/px4_msgs/px4_msgs/msg/ekf2_timestamps.h\n'}
[2.043842] (px4_msgs) StdoutLine: {'line': b'-- Up-to-date symlink: /home/maxim/super_ws/install/px4_msgs/include/px4_msgs/px4_msgs/msg/esc_eeprom_read.h\n'}
[2.043985] (px4_msgs) StdoutLine: {'line': b'-- Up-to-date symlink: /home/maxim/super_ws/install/px4_msgs/include/px4_msgs/px4_msgs/msg/esc_eeprom_write.h\n'}
[2.044101] (px4_msgs) StdoutLine: {'line': b'-- Up-to-date symlink: /home/maxim/super_ws/install/px4_msgs/include/px4_msgs/px4_msgs/msg/esc_report.h\n'}
[2.044242] (px4_msgs) StdoutLine: {'line': b'-- Up-to-date symlink: /home/maxim/super_ws/install/px4_msgs/include/px4_msgs/px4_msgs/msg/esc_status.h\n'}
[2.044386] (px4_msgs) StdoutLine: {'line': b'-- Up-to-date symlink: /home/maxim/super_ws/install/px4_msgs/include/px4_msgs/px4_msgs/msg/estimator_aid_source1d.h\n'}
[2.044537] (px4_msgs) StdoutLine: {'line': b'-- Up-to-date symlink: /home/maxim/super_ws/install/px4_msgs/include/px4_msgs/px4_msgs/msg/estimator_aid_source2d.h\n'}
[2.044675] (px4_msgs) StdoutLine: {'line': b'-- Up-to-date symlink: /home/maxim/super_ws/install/px4_msgs/include/px4_msgs/px4_msgs/msg/estimator_aid_source3d.h\n'}
[2.044822] (px4_msgs) StdoutLine: {'line': b'-- Up-to-date symlink: /home/maxim/super_ws/install/px4_msgs/include/px4_msgs/px4_msgs/msg/estimator_bias.h\n'}
[2.044964] (px4_msgs) StdoutLine: {'line': b'-- Up-to-date symlink: /home/maxim/super_ws/install/px4_msgs/include/px4_msgs/px4_msgs/msg/estimator_bias3d.h\n'}
[2.045171] (px4_msgs) StdoutLine: {'line': b'-- Up-to-date symlink: /home/maxim/super_ws/install/px4_msgs/include/px4_msgs/px4_msgs/msg/estimator_event_flags.h\n'}
[2.045373] (px4_msgs) StdoutLine: {'line': b'-- Up-to-date symlink: /home/maxim/super_ws/install/px4_msgs/include/px4_msgs/px4_msgs/msg/estimator_fusion_control.h\n'}
[2.045506] (px4_msgs) StdoutLine: {'line': b'-- Up-to-date symlink: /home/maxim/super_ws/install/px4_msgs/include/px4_msgs/px4_msgs/msg/estimator_gps_status.h\n'}
[2.045659] (px4_msgs) StdoutLine: {'line': b'-- Up-to-date symlink: /home/maxim/super_ws/install/px4_msgs/include/px4_msgs/px4_msgs/msg/estimator_innovations.h\n'}
[2.045802] (px4_msgs) StdoutLine: {'line': b'-- Up-to-date symlink: /home/maxim/super_ws/install/px4_msgs/include/px4_msgs/px4_msgs/msg/estimator_selector_status.h\n'}
[2.045946] (px4_msgs) StdoutLine: {'line': b'-- Up-to-date symlink: /home/maxim/super_ws/install/px4_msgs/include/px4_msgs/px4_msgs/msg/estimator_sensor_bias.h\n'}
[2.046090] (px4_msgs) StdoutLine: {'line': b'-- Up-to-date symlink: /home/maxim/super_ws/install/px4_msgs/include/px4_msgs/px4_msgs/msg/estimator_states.h\n'}
[2.046233] (px4_msgs) StdoutLine: {'line': b'-- Up-to-date symlink: /home/maxim/super_ws/install/px4_msgs/include/px4_msgs/px4_msgs/msg/estimator_status.h\n'}
[2.046376] (px4_msgs) StdoutLine: {'line': b'-- Up-to-date symlink: /home/maxim/super_ws/install/px4_msgs/include/px4_msgs/px4_msgs/msg/estimator_status_flags.h\n'}
[2.046523] (px4_msgs) StdoutLine: {'line': b'-- Up-to-date symlink: /home/maxim/super_ws/install/px4_msgs/include/px4_msgs/px4_msgs/msg/event.h\n'}
[2.046684] (px4_msgs) StdoutLine: {'line': b'-- Up-to-date symlink: /home/maxim/super_ws/install/px4_msgs/include/px4_msgs/px4_msgs/msg/failsafe_flags.h\n'}
[2.046834] (px4_msgs) StdoutLine: {'line': b'-- Up-to-date symlink: /home/maxim/super_ws/install/px4_msgs/include/px4_msgs/px4_msgs/msg/failure_detector_status.h\n'}
[2.047040] (px4_msgs) StdoutLine: {'line': b'-- Up-to-date symlink: /home/maxim/super_ws/install/px4_msgs/include/px4_msgs/px4_msgs/msg/fiducial_marker_pos_report.h\n'}
[2.047220] (px4_msgs) StdoutLine: {'line': b'-- Up-to-date symlink: /home/maxim/super_ws/install/px4_msgs/include/px4_msgs/px4_msgs/msg/fiducial_marker_yaw_report.h\n'}
[2.047371] (px4_msgs) StdoutLine: {'line': b'-- Up-to-date symlink: /home/maxim/super_ws/install/px4_msgs/include/px4_msgs/px4_msgs/msg/figure_eight_status.h\n'}
[2.047498] (px4_msgs) StdoutLine: {'line': b'-- Up-to-date symlink: /home/maxim/super_ws/install/px4_msgs/include/px4_msgs/px4_msgs/msg/fixed_wing_lateral_guidance_status.h\n'}
[2.047646] (px4_msgs) StdoutLine: {'line': b'-- Up-to-date symlink: /home/maxim/super_ws/install/px4_msgs/include/px4_msgs/px4_msgs/msg/fixed_wing_lateral_setpoint.h\n'}
[2.047832] (px4_msgs) StdoutLine: {'line': b'-- Up-to-date symlink: /home/maxim/super_ws/install/px4_msgs/include/px4_msgs/px4_msgs/msg/fixed_wing_lateral_status.h\n'}
[2.047946] (px4_msgs) StdoutLine: {'line': b'-- Up-to-date symlink: /home/maxim/super_ws/install/px4_msgs/include/px4_msgs/px4_msgs/msg/fixed_wing_longitudinal_setpoint.h\n'}
[2.048121] (px4_msgs) StdoutLine: {'line': b'-- Up-to-date symlink: /home/maxim/super_ws/install/px4_msgs/include/px4_msgs/px4_msgs/msg/fixed_wing_runway_control.h\n'}
[2.048234] (px4_msgs) StdoutLine: {'line': b'-- Up-to-date symlink: /home/maxim/super_ws/install/px4_msgs/include/px4_msgs/px4_msgs/msg/flight_phase_estimation.h\n'}
[2.048381] (px4_msgs) StdoutLine: {'line': b'-- Up-to-date symlink: /home/maxim/super_ws/install/px4_msgs/include/px4_msgs/px4_msgs/msg/follow_target.h\n'}
[2.048550] (px4_msgs) StdoutLine: {'line': b'-- Up-to-date symlink: /home/maxim/super_ws/install/px4_msgs/include/px4_msgs/px4_msgs/msg/follow_target_estimator.h\n'}
[2.048724] (px4_msgs) StdoutLine: {'line': b'-- Up-to-date symlink: /home/maxim/super_ws/install/px4_msgs/include/px4_msgs/px4_msgs/msg/follow_target_status.h\n'}
[2.048916] (px4_msgs) StdoutLine: {'line': b'-- Up-to-date symlink: /home/maxim/super_ws/install/px4_msgs/include/px4_msgs/px4_msgs/msg/fuel_tank_status.h\n'}
[2.049048] (px4_msgs) StdoutLine: {'line': b'-- Up-to-date symlink: /home/maxim/super_ws/install/px4_msgs/include/px4_msgs/px4_msgs/msg/gain_compression.h\n'}
[2.049163] (px4_msgs) StdoutLine: {'line': b'-- Up-to-date symlink: /home/maxim/super_ws/install/px4_msgs/include/px4_msgs/px4_msgs/msg/generator_status.h\n'}
[2.049338] (px4_msgs) StdoutLine: {'line': b'-- Up-to-date symlink: /home/maxim/super_ws/install/px4_msgs/include/px4_msgs/px4_msgs/msg/geofence_result.h\n'}
[2.049490] (px4_msgs) StdoutLine: {'line': b'-- Up-to-date symlink: /home/maxim/super_ws/install/px4_msgs/include/px4_msgs/px4_msgs/msg/geofence_status.h\n'}
[2.049600] (px4_msgs) StdoutLine: {'line': b'-- Up-to-date symlink: /home/maxim/super_ws/install/px4_msgs/include/px4_msgs/px4_msgs/msg/gimbal_controls.h\n'}
[2.049747] (px4_msgs) StdoutLine: {'line': b'-- Up-to-date symlink: /home/maxim/super_ws/install/px4_msgs/include/px4_msgs/px4_msgs/msg/gimbal_device_attitude_status.h\n'}
[2.049937] (px4_msgs) StdoutLine: {'line': b'-- Up-to-date symlink: /home/maxim/super_ws/install/px4_msgs/include/px4_msgs/px4_msgs/msg/gimbal_device_information.h\n'}
[2.050111] (px4_msgs) StdoutLine: {'line': b'-- Up-to-date symlink: /home/maxim/super_ws/install/px4_msgs/include/px4_msgs/px4_msgs/msg/gimbal_device_set_attitude.h\n'}
[2.050287] (px4_msgs) StdoutLine: {'line': b'-- Up-to-date symlink: /home/maxim/super_ws/install/px4_msgs/include/px4_msgs/px4_msgs/msg/gimbal_manager_information.h\n'}
[2.050480] (px4_msgs) StdoutLine: {'line': b'-- Up-to-date symlink: /home/maxim/super_ws/install/px4_msgs/include/px4_msgs/px4_msgs/msg/gimbal_manager_set_attitude.h\n'}
[2.050618] (px4_msgs) StdoutLine: {'line': b'-- Up-to-date symlink: /home/maxim/super_ws/install/px4_msgs/include/px4_msgs/px4_msgs/msg/gimbal_manager_set_manual_control.h\n'}
[2.050822] (px4_msgs) StdoutLine: {'line': b'-- Up-to-date symlink: /home/maxim/super_ws/install/px4_msgs/include/px4_msgs/px4_msgs/msg/gimbal_manager_status.h\n'}
[2.051004] (px4_msgs) StdoutLine: {'line': b'-- Up-to-date symlink: /home/maxim/super_ws/install/px4_msgs/include/px4_msgs/px4_msgs/msg/goto_setpoint.h\n'}
[2.051198] (px4_msgs) StdoutLine: {'line': b'-- Up-to-date symlink: /home/maxim/super_ws/install/px4_msgs/include/px4_msgs/px4_msgs/msg/gpio_config.h\n'}
[2.051503] (px4_msgs) StdoutLine: {'line': b'-- Up-to-date symlink: /home/maxim/super_ws/install/px4_msgs/include/px4_msgs/px4_msgs/msg/gpio_in.h\n'}
[2.051586] (px4_msgs) StdoutLine: {'line': b'-- Up-to-date symlink: /home/maxim/super_ws/install/px4_msgs/include/px4_msgs/px4_msgs/msg/gpio_out.h\n'}
[2.051671] (px4_msgs) StdoutLine: {'line': b'-- Up-to-date symlink: /home/maxim/super_ws/install/px4_msgs/include/px4_msgs/px4_msgs/msg/gpio_request.h\n'}
[2.051818] (px4_msgs) StdoutLine: {'line': b'-- Up-to-date symlink: /home/maxim/super_ws/install/px4_msgs/include/px4_msgs/px4_msgs/msg/gps_dump.h\n'}
[2.051970] (px4_msgs) StdoutLine: {'line': b'-- Up-to-date symlink: /home/maxim/super_ws/install/px4_msgs/include/px4_msgs/px4_msgs/msg/gps_inject_data.h\n'}
[2.052123] (px4_msgs) StdoutLine: {'line': b'-- Up-to-date symlink: /home/maxim/super_ws/install/px4_msgs/include/px4_msgs/px4_msgs/msg/gripper.h\n'}
[2.052271] (px4_msgs) StdoutLine: {'line': b'-- Up-to-date symlink: /home/maxim/super_ws/install/px4_msgs/include/px4_msgs/px4_msgs/msg/health_report.h\n'}
[2.052430] (px4_msgs) StdoutLine: {'line': b'-- Up-to-date symlink: /home/maxim/super_ws/install/px4_msgs/include/px4_msgs/px4_msgs/msg/heater_status.h\n'}
[2.052600] (px4_msgs) StdoutLine: {'line': b'-- Up-to-date symlink: /home/maxim/super_ws/install/px4_msgs/include/px4_msgs/px4_msgs/msg/home_position.h\n'}
[2.052822] (px4_msgs) StdoutLine: {'line': b'-- Up-to-date symlink: /home/maxim/super_ws/install/px4_msgs/include/px4_msgs/px4_msgs/msg/hover_thrust_estimate.h\n'}
[2.053004] (px4_msgs) StdoutLine: {'line': b'-- Up-to-date symlink: /home/maxim/super_ws/install/px4_msgs/include/px4_msgs/px4_msgs/msg/input_rc.h\n'}
[2.053192] (px4_msgs) StdoutLine: {'line': b'-- Up-to-date symlink: /home/maxim/super_ws/install/px4_msgs/include/px4_msgs/px4_msgs/msg/internal_combustion_engine_control.h\n'}
[2.053333] (px4_msgs) StdoutLine: {'line': b'-- Up-to-date symlink: /home/maxim/super_ws/install/px4_msgs/include/px4_msgs/px4_msgs/msg/internal_combustion_engine_status.h\n'}
[2.053460] (px4_msgs) StdoutLine: {'line': b'-- Up-to-date symlink: /home/maxim/super_ws/install/px4_msgs/include/px4_msgs/px4_msgs/msg/iridiumsbd_status.h\n'}
[2.053633] (px4_msgs) StdoutLine: {'line': b'-- Up-to-date symlink: /home/maxim/super_ws/install/px4_msgs/include/px4_msgs/px4_msgs/msg/irlock_report.h\n'}
[2.053822] (px4_msgs) StdoutLine: {'line': b'-- Up-to-date symlink: /home/maxim/super_ws/install/px4_msgs/include/px4_msgs/px4_msgs/msg/landing_gear.h\n'}
[2.053993] (px4_msgs) StdoutLine: {'line': b'-- Up-to-date symlink: /home/maxim/super_ws/install/px4_msgs/include/px4_msgs/px4_msgs/msg/landing_gear_wheel.h\n'}
[2.054155] (px4_msgs) StdoutLine: {'line': b'-- Up-to-date symlink: /home/maxim/super_ws/install/px4_msgs/include/px4_msgs/px4_msgs/msg/landing_target_innovations.h\n'}
[2.054318] (px4_msgs) StdoutLine: {'line': b'-- Up-to-date symlink: /home/maxim/super_ws/install/px4_msgs/include/px4_msgs/px4_msgs/msg/landing_target_pose.h\n'}
[2.054475] (px4_msgs) StdoutLine: {'line': b'-- Up-to-date symlink: /home/maxim/super_ws/install/px4_msgs/include/px4_msgs/px4_msgs/msg/lateral_control_configuration.h\n'}
[2.054632] (px4_msgs) StdoutLine: {'line': b'-- Up-to-date symlink: /home/maxim/super_ws/install/px4_msgs/include/px4_msgs/px4_msgs/msg/launch_detection_status.h\n'}
[2.054843] (px4_msgs) StdoutLine: {'line': b'-- Up-to-date symlink: /home/maxim/super_ws/install/px4_msgs/include/px4_msgs/px4_msgs/msg/led_control.h\n'}
[2.054999] (px4_msgs) StdoutLine: {'line': b'-- Up-to-date symlink: /home/maxim/super_ws/install/px4_msgs/include/px4_msgs/px4_msgs/msg/log_message.h\n'}
[2.055171] (px4_msgs) StdoutLine: {'line': b'-- Up-to-date symlink: /home/maxim/super_ws/install/px4_msgs/include/px4_msgs/px4_msgs/msg/logger_status.h\n'}
[2.055333] (px4_msgs) StdoutLine: {'line': b'-- Up-to-date symlink: /home/maxim/super_ws/install/px4_msgs/include/px4_msgs/px4_msgs/msg/longitudinal_control_configuration.h\n'}
[2.055526] (px4_msgs) StdoutLine: {'line': b'-- Up-to-date symlink: /home/maxim/super_ws/install/px4_msgs/include/px4_msgs/px4_msgs/msg/mag_worker_data.h\n'}
[2.055656] (px4_msgs) StdoutLine: {'line': b'-- Up-to-date symlink: /home/maxim/super_ws/install/px4_msgs/include/px4_msgs/px4_msgs/msg/magnetometer_bias_estimate.h\n'}
[2.055849] (px4_msgs) StdoutLine: {'line': b'-- Up-to-date symlink: /home/maxim/super_ws/install/px4_msgs/include/px4_msgs/px4_msgs/msg/manual_control_setpoint.h\n'}
[2.056004] (px4_msgs) StdoutLine: {'line': b'-- Up-to-date symlink: /home/maxim/super_ws/install/px4_msgs/include/px4_msgs/px4_msgs/msg/manual_control_switches.h\n'}
[2.056104] (px4_msgs) StdoutLine: {'line': b'-- Up-to-date symlink: /home/maxim/super_ws/install/px4_msgs/include/px4_msgs/px4_msgs/msg/mavlink_log.h\n'}
[2.056289] (px4_msgs) StdoutLine: {'line': b'-- Up-to-date symlink: /home/maxim/super_ws/install/px4_msgs/include/px4_msgs/px4_msgs/msg/mavlink_tunnel.h\n'}
[2.056404] (px4_msgs) StdoutLine: {'line': b'-- Up-to-date symlink: /home/maxim/super_ws/install/px4_msgs/include/px4_msgs/px4_msgs/msg/message_format_request.h\n'}
[2.056555] (px4_msgs) StdoutLine: {'line': b'-- Up-to-date symlink: /home/maxim/super_ws/install/px4_msgs/include/px4_msgs/px4_msgs/msg/message_format_response.h\n'}
[2.056722] (px4_msgs) StdoutLine: {'line': b'-- Up-to-date symlink: /home/maxim/super_ws/install/px4_msgs/include/px4_msgs/px4_msgs/msg/mission.h\n'}
[2.056933] (px4_msgs) StdoutLine: {'line': b'-- Up-to-date symlink: /home/maxim/super_ws/install/px4_msgs/include/px4_msgs/px4_msgs/msg/mission_result.h\n'}
[2.057117] (px4_msgs) StdoutLine: {'line': b'-- Up-to-date symlink: /home/maxim/super_ws/install/px4_msgs/include/px4_msgs/px4_msgs/msg/mode_completed.h\n'}
[2.057302] (px4_msgs) StdoutLine: {'line': b'-- Up-to-date symlink: /home/maxim/super_ws/install/px4_msgs/include/px4_msgs/px4_msgs/msg/mount_orientation.h\n'}
[2.057480] (px4_msgs) StdoutLine: {'line': b'-- Up-to-date symlink: /home/maxim/super_ws/install/px4_msgs/include/px4_msgs/px4_msgs/msg/navigator_mission_item.h\n'}
[2.057639] (px4_msgs) StdoutLine: {'line': b'-- Up-to-date symlink: /home/maxim/super_ws/install/px4_msgs/include/px4_msgs/px4_msgs/msg/navigator_status.h\n'}
[2.057851] (px4_msgs) StdoutLine: {'line': b'-- Up-to-date symlink: /home/maxim/super_ws/install/px4_msgs/include/px4_msgs/px4_msgs/msg/neural_control.h\n'}
[2.058017] (px4_msgs) StdoutLine: {'line': b'-- Up-to-date symlink: /home/maxim/super_ws/install/px4_msgs/include/px4_msgs/px4_msgs/msg/normalized_unsigned_setpoint.h\n'}
[2.058173] (px4_msgs) StdoutLine: {'line': b'-- Up-to-date symlink: /home/maxim/super_ws/install/px4_msgs/include/px4_msgs/px4_msgs/msg/obstacle_distance.h\n'}
[2.058272] (px4_msgs) StdoutLine: {'line': b'-- Up-to-date symlink: /home/maxim/super_ws/install/px4_msgs/include/px4_msgs/px4_msgs/msg/offboard_control_mode.h\n'}
[2.058420] (px4_msgs) StdoutLine: {'line': b'-- Up-to-date symlink: /home/maxim/super_ws/install/px4_msgs/include/px4_msgs/px4_msgs/msg/onboard_computer_status.h\n'}
[2.058534] (px4_msgs) StdoutLine: {'line': b'-- Up-to-date symlink: /home/maxim/super_ws/install/px4_msgs/include/px4_msgs/px4_msgs/msg/open_drone_id_arm_status.h\n'}
[2.058677] (px4_msgs) StdoutLine: {'line': b'-- Up-to-date symlink: /home/maxim/super_ws/install/px4_msgs/include/px4_msgs/px4_msgs/msg/open_drone_id_operator_id.h\n'}
[2.058824] (px4_msgs) StdoutLine: {'line': b'-- Up-to-date symlink: /home/maxim/super_ws/install/px4_msgs/include/px4_msgs/px4_msgs/msg/open_drone_id_self_id.h\n'}
[2.058970] (px4_msgs) StdoutLine: {'line': b'-- Up-to-date symlink: /home/maxim/super_ws/install/px4_msgs/include/px4_msgs/px4_msgs/msg/open_drone_id_system.h\n'}
[2.059148] (px4_msgs) StdoutLine: {'line': b'-- Up-to-date symlink: /home/maxim/super_ws/install/px4_msgs/include/px4_msgs/px4_msgs/msg/orb_test.h\n'}
[2.059261] (px4_msgs) StdoutLine: {'line': b'-- Up-to-date symlink: /home/maxim/super_ws/install/px4_msgs/include/px4_msgs/px4_msgs/msg/orb_test_large.h\n'}
[2.059406] (px4_msgs) StdoutLine: {'line': b'-- Up-to-date symlink: /home/maxim/super_ws/install/px4_msgs/include/px4_msgs/px4_msgs/msg/orb_test_medium.h\n'}
[2.059549] (px4_msgs) StdoutLine: {'line': b'-- Up-to-date symlink: /home/maxim/super_ws/install/px4_msgs/include/px4_msgs/px4_msgs/msg/orbit_status.h\n'}
[2.059701] (px4_msgs) StdoutLine: {'line': b'-- Up-to-date symlink: /home/maxim/super_ws/install/px4_msgs/include/px4_msgs/px4_msgs/msg/parameter_reset_request.h\n'}
[2.059847] (px4_msgs) StdoutLine: {'line': b'-- Up-to-date symlink: /home/maxim/super_ws/install/px4_msgs/include/px4_msgs/px4_msgs/msg/parameter_set_used_request.h\n'}
[2.059991] (px4_msgs) StdoutLine: {'line': b'-- Up-to-date symlink: /home/maxim/super_ws/install/px4_msgs/include/px4_msgs/px4_msgs/msg/parameter_set_value_request.h\n'}
[2.060136] (px4_msgs) StdoutLine: {'line': b'-- Up-to-date symlink: /home/maxim/super_ws/install/px4_msgs/include/px4_msgs/px4_msgs/msg/parameter_set_value_response.h\n'}
[2.060282] (px4_msgs) StdoutLine: {'line': b'-- Up-to-date symlink: /home/maxim/super_ws/install/px4_msgs/include/px4_msgs/px4_msgs/msg/parameter_update.h\n'}
[2.060429] (px4_msgs) StdoutLine: {'line': b'-- Up-to-date symlink: /home/maxim/super_ws/install/px4_msgs/include/px4_msgs/px4_msgs/msg/ping.h\n'}
[2.060628] (px4_msgs) StdoutLine: {'line': b'-- Up-to-date symlink: /home/maxim/super_ws/install/px4_msgs/include/px4_msgs/px4_msgs/msg/position_controller_landing_status.h\n'}
[2.060729] (px4_msgs) StdoutLine: {'line': b'-- Up-to-date symlink: /home/maxim/super_ws/install/px4_msgs/include/px4_msgs/px4_msgs/msg/position_controller_status.h\n'}
[2.060900] (px4_msgs) StdoutLine: {'line': b'-- Up-to-date symlink: /home/maxim/super_ws/install/px4_msgs/include/px4_msgs/px4_msgs/msg/position_setpoint.h\n'}
[2.061122] (px4_msgs) StdoutLine: {'line': b'-- Up-to-date symlink: /home/maxim/super_ws/install/px4_msgs/include/px4_msgs/px4_msgs/msg/position_setpoint_triplet.h\n'}
[2.061294] (px4_msgs) StdoutLine: {'line': b'-- Up-to-date symlink: /home/maxim/super_ws/install/px4_msgs/include/px4_msgs/px4_msgs/msg/power_button_state.h\n'}
[2.061428] (px4_msgs) StdoutLine: {'line': b'-- Up-to-date symlink: /home/maxim/super_ws/install/px4_msgs/include/px4_msgs/px4_msgs/msg/power_monitor.h\n'}
[2.061581] (px4_msgs) StdoutLine: {'line': b'-- Up-to-date symlink: /home/maxim/super_ws/install/px4_msgs/include/px4_msgs/px4_msgs/msg/pps_capture.h\n'}
[2.061725] (px4_msgs) StdoutLine: {'line': b'-- Up-to-date symlink: /home/maxim/super_ws/install/px4_msgs/include/px4_msgs/px4_msgs/msg/prec_land_status.h\n'}
[2.061885] (px4_msgs) StdoutLine: {'line': b'-- Up-to-date symlink: /home/maxim/super_ws/install/px4_msgs/include/px4_msgs/px4_msgs/msg/pure_pursuit_status.h\n'}
[2.061997] (px4_msgs) StdoutLine: {'line': b'-- Up-to-date symlink: /home/maxim/super_ws/install/px4_msgs/include/px4_msgs/px4_msgs/msg/pwm_input.h\n'}
[2.062101] (px4_msgs) StdoutLine: {'line': b'-- Up-to-date symlink: /home/maxim/super_ws/install/px4_msgs/include/px4_msgs/px4_msgs/msg/px4io_status.h\n'}
[2.062206] (px4_msgs) StdoutLine: {'line': b'-- Up-to-date symlink: /home/maxim/super_ws/install/px4_msgs/include/px4_msgs/px4_msgs/msg/qshell_req.h\n'}
[2.062309] (px4_msgs) StdoutLine: {'line': b'-- Up-to-date symlink: /home/maxim/super_ws/install/px4_msgs/include/px4_msgs/px4_msgs/msg/qshell_retval.h\n'}
[2.062454] (px4_msgs) StdoutLine: {'line': b'-- Up-to-date symlink: /home/maxim/super_ws/install/px4_msgs/include/px4_msgs/px4_msgs/msg/radio_status.h\n'}
[2.062595] (px4_msgs) StdoutLine: {'line': b'-- Up-to-date symlink: /home/maxim/super_ws/install/px4_msgs/include/px4_msgs/px4_msgs/msg/ranging_beacon.h\n'}
[2.062742] (px4_msgs) StdoutLine: {'line': b'-- Up-to-date symlink: /home/maxim/super_ws/install/px4_msgs/include/px4_msgs/px4_msgs/msg/raptor_input.h\n'}
[2.062890] (px4_msgs) StdoutLine: {'line': b'-- Up-to-date symlink: /home/maxim/super_ws/install/px4_msgs/include/px4_msgs/px4_msgs/msg/raptor_status.h\n'}
[2.063034] (px4_msgs) StdoutLine: {'line': b'-- Up-to-date symlink: /home/maxim/super_ws/install/px4_msgs/include/px4_msgs/px4_msgs/msg/rate_ctrl_status.h\n'}
[2.063176] (px4_msgs) StdoutLine: {'line': b'-- Up-to-date symlink: /home/maxim/super_ws/install/px4_msgs/include/px4_msgs/px4_msgs/msg/rc_channels.h\n'}
[2.063321] (px4_msgs) StdoutLine: {'line': b'-- Up-to-date symlink: /home/maxim/super_ws/install/px4_msgs/include/px4_msgs/px4_msgs/msg/rc_parameter_map.h\n'}
[2.063466] (px4_msgs) StdoutLine: {'line': b'-- Up-to-date symlink: /home/maxim/super_ws/install/px4_msgs/include/px4_msgs/px4_msgs/msg/register_ext_component_reply.h\n'}
[2.063576] (px4_msgs) StdoutLine: {'line': b'-- Up-to-date symlink: /home/maxim/super_ws/install/px4_msgs/include/px4_msgs/px4_msgs/msg/register_ext_component_request.h\n'}
[2.063682] (px4_msgs) StdoutLine: {'line': b'-- Up-to-date symlink: /home/maxim/super_ws/install/px4_msgs/include/px4_msgs/px4_msgs/msg/rosidl_generator_c__visibility_control.h\n'}
[2.063792] (px4_msgs) StdoutLine: {'line': b'-- Up-to-date symlink: /home/maxim/super_ws/install/px4_msgs/include/px4_msgs/px4_msgs/msg/rover_attitude_setpoint.h\n'}
[2.063897] (px4_msgs) StdoutLine: {'line': b'-- Up-to-date symlink: /home/maxim/super_ws/install/px4_msgs/include/px4_msgs/px4_msgs/msg/rover_attitude_status.h\n'}
[2.064001] (px4_msgs) StdoutLine: {'line': b'-- Up-to-date symlink: /home/maxim/super_ws/install/px4_msgs/include/px4_msgs/px4_msgs/msg/rover_position_setpoint.h\n'}
[2.064109] (px4_msgs) StdoutLine: {'line': b'-- Up-to-date symlink: /home/maxim/super_ws/install/px4_msgs/include/px4_msgs/px4_msgs/msg/rover_rate_setpoint.h\n'}
[2.064214] (px4_msgs) StdoutLine: {'line': b'-- Up-to-date symlink: /home/maxim/super_ws/install/px4_msgs/include/px4_msgs/px4_msgs/msg/rover_rate_status.h\n'}
[2.064330] (px4_msgs) StdoutLine: {'line': b'-- Up-to-date symlink: /home/maxim/super_ws/install/px4_msgs/include/px4_msgs/px4_msgs/msg/rover_speed_setpoint.h\n'}
[2.064428] (px4_msgs) StdoutLine: {'line': b'-- Up-to-date symlink: /home/maxim/super_ws/install/px4_msgs/include/px4_msgs/px4_msgs/msg/rover_speed_status.h\n'}
[2.064531] (px4_msgs) StdoutLine: {'line': b'-- Up-to-date symlink: /home/maxim/super_ws/install/px4_msgs/include/px4_msgs/px4_msgs/msg/rover_steering_setpoint.h\n'}
[2.064635] (px4_msgs) StdoutLine: {'line': b'-- Up-to-date symlink: /home/maxim/super_ws/install/px4_msgs/include/px4_msgs/px4_msgs/msg/rover_throttle_setpoint.h\n'}
[2.064742] (px4_msgs) StdoutLine: {'line': b'-- Up-to-date symlink: /home/maxim/super_ws/install/px4_msgs/include/px4_msgs/px4_msgs/msg/rpm.h\n'}
[2.064848] (px4_msgs) StdoutLine: {'line': b'-- Up-to-date symlink: /home/maxim/super_ws/install/px4_msgs/include/px4_msgs/px4_msgs/msg/rtl_status.h\n'}
[2.064952] (px4_msgs) StdoutLine: {'line': b'-- Up-to-date symlink: /home/maxim/super_ws/install/px4_msgs/include/px4_msgs/px4_msgs/msg/rtl_time_estimate.h\n'}
[2.065058] (px4_msgs) StdoutLine: {'line': b'-- Up-to-date symlink: /home/maxim/super_ws/install/px4_msgs/include/px4_msgs/px4_msgs/msg/satellite_info.h\n'}
[2.065160] (px4_msgs) StdoutLine: {'line': b'-- Up-to-date symlink: /home/maxim/super_ws/install/px4_msgs/include/px4_msgs/px4_msgs/msg/sensor_accel.h\n'}
[2.065263] (px4_msgs) StdoutLine: {'line': b'-- Up-to-date symlink: /home/maxim/super_ws/install/px4_msgs/include/px4_msgs/px4_msgs/msg/sensor_accel_fifo.h\n'}
[2.065369] (px4_msgs) StdoutLine: {'line': b'-- Up-to-date symlink: /home/maxim/super_ws/install/px4_msgs/include/px4_msgs/px4_msgs/msg/sensor_airflow.h\n'}
[2.065472] (px4_msgs) StdoutLine: {'line': b'-- Up-to-date symlink: /home/maxim/super_ws/install/px4_msgs/include/px4_msgs/px4_msgs/msg/sensor_baro.h\n'}
[2.065617] (px4_msgs) StdoutLine: {'line': b'-- Up-to-date symlink: /home/maxim/super_ws/install/px4_msgs/include/px4_msgs/px4_msgs/msg/sensor_combined.h\n'}
[2.065765] (px4_msgs) StdoutLine: {'line': b'-- Up-to-date symlink: /home/maxim/super_ws/install/px4_msgs/include/px4_msgs/px4_msgs/msg/sensor_correction.h\n'}
[2.065909] (px4_msgs) StdoutLine: {'line': b'-- Up-to-date symlink: /home/maxim/super_ws/install/px4_msgs/include/px4_msgs/px4_msgs/msg/sensor_gnss_relative.h\n'}
[2.066053] (px4_msgs) StdoutLine: {'line': b'-- Up-to-date symlink: /home/maxim/super_ws/install/px4_msgs/include/px4_msgs/px4_msgs/msg/sensor_gnss_status.h\n'}
[2.066240] (px4_msgs) StdoutLine: {'line': b'-- Up-to-date symlink: /home/maxim/super_ws/install/px4_msgs/include/px4_msgs/px4_msgs/msg/sensor_gps.h\n'}
[2.066342] (px4_msgs) StdoutLine: {'line': b'-- Up-to-date symlink: /home/maxim/super_ws/install/px4_msgs/include/px4_msgs/px4_msgs/msg/sensor_gyro.h\n'}
[2.066484] (px4_msgs) StdoutLine: {'line': b'-- Up-to-date symlink: /home/maxim/super_ws/install/px4_msgs/include/px4_msgs/px4_msgs/msg/sensor_gyro_fft.h\n'}
[2.066651] (px4_msgs) StdoutLine: {'line': b'-- Up-to-date symlink: /home/maxim/super_ws/install/px4_msgs/include/px4_msgs/px4_msgs/msg/sensor_gyro_fifo.h\n'}
[2.066730] (px4_msgs) StdoutLine: {'line': b'-- Up-to-date symlink: /home/maxim/super_ws/install/px4_msgs/include/px4_msgs/px4_msgs/msg/sensor_hygrometer.h\n'}
[2.066950] (px4_msgs) StdoutLine: {'line': b'-- Up-to-date symlink: /home/maxim/super_ws/install/px4_msgs/include/px4_msgs/px4_msgs/msg/sensor_mag.h\n'}
[2.067075] (px4_msgs) StdoutLine: {'line': b'-- Up-to-date symlink: /home/maxim/super_ws/install/px4_msgs/include/px4_msgs/px4_msgs/msg/sensor_optical_flow.h\n'}
[2.067267] (px4_msgs) StdoutLine: {'line': b'-- Up-to-date symlink: /home/maxim/super_ws/install/px4_msgs/include/px4_msgs/px4_msgs/msg/sensor_preflight_mag.h\n'}
[2.067379] (px4_msgs) StdoutLine: {'line': b'-- Up-to-date symlink: /home/maxim/super_ws/install/px4_msgs/include/px4_msgs/px4_msgs/msg/sensor_selection.h\n'}
[2.067567] (px4_msgs) StdoutLine: {'line': b'-- Up-to-date symlink: /home/maxim/super_ws/install/px4_msgs/include/px4_msgs/px4_msgs/msg/sensor_temp.h\n'}
[2.067702] (px4_msgs) StdoutLine: {'line': b'-- Up-to-date symlink: /home/maxim/super_ws/install/px4_msgs/include/px4_msgs/px4_msgs/msg/sensor_uwb.h\n'}
[2.067849] (px4_msgs) StdoutLine: {'line': b'-- Up-to-date symlink: /home/maxim/super_ws/install/px4_msgs/include/px4_msgs/px4_msgs/msg/sensors_status.h\n'}
[2.067989] (px4_msgs) StdoutLine: {'line': b'-- Up-to-date symlink: /home/maxim/super_ws/install/px4_msgs/include/px4_msgs/px4_msgs/msg/sensors_status_imu.h\n'}
[2.068133] (px4_msgs) StdoutLine: {'line': b'-- Up-to-date symlink: /home/maxim/super_ws/install/px4_msgs/include/px4_msgs/px4_msgs/msg/system_power.h\n'}
[2.068252] (px4_msgs) StdoutLine: {'line': b'-- Up-to-date symlink: /home/maxim/super_ws/install/px4_msgs/include/px4_msgs/px4_msgs/msg/takeoff_status.h\n'}
[2.068417] (px4_msgs) StdoutLine: {'line': b'-- Up-to-date symlink: /home/maxim/super_ws/install/px4_msgs/include/px4_msgs/px4_msgs/msg/target_gnss.h\n'}
[2.068536] (px4_msgs) StdoutLine: {'line': b'-- Up-to-date symlink: /home/maxim/super_ws/install/px4_msgs/include/px4_msgs/px4_msgs/msg/task_stack_info.h\n'}
[2.068679] (px4_msgs) StdoutLine: {'line': b'-- Up-to-date symlink: /home/maxim/super_ws/install/px4_msgs/include/px4_msgs/px4_msgs/msg/tecs_status.h\n'}
[2.068824] (px4_msgs) StdoutLine: {'line': b'-- Up-to-date symlink: /home/maxim/super_ws/install/px4_msgs/include/px4_msgs/px4_msgs/msg/telemetry_status.h\n'}
[2.068996] (px4_msgs) StdoutLine: {'line': b'-- Up-to-date symlink: /home/maxim/super_ws/install/px4_msgs/include/px4_msgs/px4_msgs/msg/tiltrotor_extra_controls.h\n'}
[2.069164] (px4_msgs) StdoutLine: {'line': b'-- Up-to-date symlink: /home/maxim/super_ws/install/px4_msgs/include/px4_msgs/px4_msgs/msg/timesync_status.h\n'}
[2.069331] (px4_msgs) StdoutLine: {'line': b'-- Up-to-date symlink: /home/maxim/super_ws/install/px4_msgs/include/px4_msgs/px4_msgs/msg/trajectory_setpoint.h\n'}
[2.069498] (px4_msgs) StdoutLine: {'line': b'-- Up-to-date symlink: /home/maxim/super_ws/install/px4_msgs/include/px4_msgs/px4_msgs/msg/trajectory_setpoint6dof.h\n'}
[2.069640] (px4_msgs) StdoutLine: {'line': b'-- Up-to-date symlink: /home/maxim/super_ws/install/px4_msgs/include/px4_msgs/px4_msgs/msg/transponder_report.h\n'}
[2.069811] (px4_msgs) StdoutLine: {'line': b'-- Up-to-date symlink: /home/maxim/super_ws/install/px4_msgs/include/px4_msgs/px4_msgs/msg/tune_control.h\n'}
[2.070087] (px4_msgs) StdoutLine: {'line': b'-- Up-to-date symlink: /home/maxim/super_ws/install/px4_msgs/include/px4_msgs/px4_msgs/msg/uavcan_parameter_request.h\n'}
[2.070252] (px4_msgs) StdoutLine: {'line': b'-- Up-to-date symlink: /home/maxim/super_ws/install/px4_msgs/include/px4_msgs/px4_msgs/msg/uavcan_parameter_value.h\n'}
[2.070401] (px4_msgs) StdoutLine: {'line': b'-- Up-to-date symlink: /home/maxim/super_ws/install/px4_msgs/include/px4_msgs/px4_msgs/msg/ulog_stream.h\n'}
[2.070512] (px4_msgs) StdoutLine: {'line': b'-- Up-to-date symlink: /home/maxim/super_ws/install/px4_msgs/include/px4_msgs/px4_msgs/msg/ulog_stream_ack.h\n'}
[2.070614] (px4_msgs) StdoutLine: {'line': b'-- Up-to-date symlink: /home/maxim/super_ws/install/px4_msgs/include/px4_msgs/px4_msgs/msg/unregister_ext_component.h\n'}
[2.070798] (px4_msgs) StdoutLine: {'line': b'-- Up-to-date symlink: /home/maxim/super_ws/install/px4_msgs/include/px4_msgs/px4_msgs/msg/vehicle_acceleration.h\n'}
[2.070914] (px4_msgs) StdoutLine: {'line': b'-- Up-to-date symlink: /home/maxim/super_ws/install/px4_msgs/include/px4_msgs/px4_msgs/msg/vehicle_air_data.h\n'}
[2.071063] (px4_msgs) StdoutLine: {'line': b'-- Up-to-date symlink: /home/maxim/super_ws/install/px4_msgs/include/px4_msgs/px4_msgs/msg/vehicle_angular_acceleration_setpoint.h\n'}
[2.071233] (px4_msgs) StdoutLine: {'line': b'-- Up-to-date symlink: /home/maxim/super_ws/install/px4_msgs/include/px4_msgs/px4_msgs/msg/vehicle_angular_velocity.h\n'}
[2.071438] (px4_msgs) StdoutLine: {'line': b'-- Up-to-date symlink: /home/maxim/super_ws/install/px4_msgs/include/px4_msgs/px4_msgs/msg/vehicle_attitude.h\n'}
[2.071608] (px4_msgs) StdoutLine: {'line': b'-- Up-to-date symlink: /home/maxim/super_ws/install/px4_msgs/include/px4_msgs/px4_msgs/msg/vehicle_attitude_setpoint.h\n'}
[2.071708] (px4_msgs) StdoutLine: {'line': b'-- Up-to-date symlink: /home/maxim/super_ws/install/px4_msgs/include/px4_msgs/px4_msgs/msg/vehicle_command.h\n'}
[2.071886] (px4_msgs) StdoutLine: {'line': b'-- Up-to-date symlink: /home/maxim/super_ws/install/px4_msgs/include/px4_msgs/px4_msgs/msg/vehicle_command_ack.h\n'}
[2.072015] (px4_msgs) StdoutLine: {'line': b'-- Up-to-date symlink: /home/maxim/super_ws/install/px4_msgs/include/px4_msgs/px4_msgs/msg/vehicle_constraints.h\n'}
[2.072153] (px4_msgs) StdoutLine: {'line': b'-- Up-to-date symlink: /home/maxim/super_ws/install/px4_msgs/include/px4_msgs/px4_msgs/msg/vehicle_control_mode.h\n'}
[2.072304] (px4_msgs) StdoutLine: {'line': b'-- Up-to-date symlink: /home/maxim/super_ws/install/px4_msgs/include/px4_msgs/px4_msgs/msg/vehicle_global_position.h\n'}
[2.072476] (px4_msgs) StdoutLine: {'line': b'-- Up-to-date symlink: /home/maxim/super_ws/install/px4_msgs/include/px4_msgs/px4_msgs/msg/vehicle_imu.h\n'}
[2.072595] (px4_msgs) StdoutLine: {'line': b'-- Up-to-date symlink: /home/maxim/super_ws/install/px4_msgs/include/px4_msgs/px4_msgs/msg/vehicle_imu_status.h\n'}
[2.072748] (px4_msgs) StdoutLine: {'line': b'-- Up-to-date symlink: /home/maxim/super_ws/install/px4_msgs/include/px4_msgs/px4_msgs/msg/vehicle_land_detected.h\n'}
[2.072929] (px4_msgs) StdoutLine: {'line': b'-- Up-to-date symlink: /home/maxim/super_ws/install/px4_msgs/include/px4_msgs/px4_msgs/msg/vehicle_local_position.h\n'}
[2.073110] (px4_msgs) StdoutLine: {'line': b'-- Up-to-date symlink: /home/maxim/super_ws/install/px4_msgs/include/px4_msgs/px4_msgs/msg/vehicle_local_position_setpoint.h\n'}
[2.073313] (px4_msgs) StdoutLine: {'line': b'-- Up-to-date symlink: /home/maxim/super_ws/install/px4_msgs/include/px4_msgs/px4_msgs/msg/vehicle_magnetometer.h\n'}
[2.073499] (px4_msgs) StdoutLine: {'line': b'-- Up-to-date symlink: /home/maxim/super_ws/install/px4_msgs/include/px4_msgs/px4_msgs/msg/vehicle_odometry.h\n'}
[2.073626] (px4_msgs) StdoutLine: {'line': b'-- Up-to-date symlink: /home/maxim/super_ws/install/px4_msgs/include/px4_msgs/px4_msgs/msg/vehicle_optical_flow.h\n'}
[2.073866] (px4_msgs) StdoutLine: {'line': b'-- Up-to-date symlink: /home/maxim/super_ws/install/px4_msgs/include/px4_msgs/px4_msgs/msg/vehicle_optical_flow_vel.h\n'}
[2.074014] (px4_msgs) StdoutLine: {'line': b'-- Up-to-date symlink: /home/maxim/super_ws/install/px4_msgs/include/px4_msgs/px4_msgs/msg/vehicle_rates_setpoint.h\n'}
[2.074118] (px4_msgs) StdoutLine: {'line': b'-- Up-to-date symlink: /home/maxim/super_ws/install/px4_msgs/include/px4_msgs/px4_msgs/msg/vehicle_roi.h\n'}
[2.074280] (px4_msgs) StdoutLine: {'line': b'-- Up-to-date symlink: /home/maxim/super_ws/install/px4_msgs/include/px4_msgs/px4_msgs/msg/vehicle_status.h\n'}
[2.074535] (px4_msgs) StdoutLine: {'line': b'-- Up-to-date symlink: /home/maxim/super_ws/install/px4_msgs/include/px4_msgs/px4_msgs/msg/vehicle_thrust_setpoint.h\n'}
[2.074652] (px4_msgs) StdoutLine: {'line': b'-- Up-to-date symlink: /home/maxim/super_ws/install/px4_msgs/include/px4_msgs/px4_msgs/msg/vehicle_torque_setpoint.h\n'}
[2.074848] (px4_msgs) StdoutLine: {'line': b'-- Up-to-date symlink: /home/maxim/super_ws/install/px4_msgs/include/px4_msgs/px4_msgs/msg/velocity_limits.h\n'}
[2.074976] (px4_msgs) StdoutLine: {'line': b'-- Up-to-date symlink: /home/maxim/super_ws/install/px4_msgs/include/px4_msgs/px4_msgs/msg/vte_aid_source1d.h\n'}
[2.075175] (px4_msgs) StdoutLine: {'line': b'-- Up-to-date symlink: /home/maxim/super_ws/install/px4_msgs/include/px4_msgs/px4_msgs/msg/vte_aid_source3d.h\n'}
[2.075345] (px4_msgs) StdoutLine: {'line': b'-- Up-to-date symlink: /home/maxim/super_ws/install/px4_msgs/include/px4_msgs/px4_msgs/msg/vte_bias_init_status.h\n'}
[2.075465] (px4_msgs) StdoutLine: {'line': b'-- Up-to-date symlink: /home/maxim/super_ws/install/px4_msgs/include/px4_msgs/px4_msgs/msg/vte_input.h\n'}
[2.075641] (px4_msgs) StdoutLine: {'line': b'-- Up-to-date symlink: /home/maxim/super_ws/install/px4_msgs/include/px4_msgs/px4_msgs/msg/vte_orientation.h\n'}
[2.075869] (px4_msgs) StdoutLine: {'line': b'-- Up-to-date symlink: /home/maxim/super_ws/install/px4_msgs/include/px4_msgs/px4_msgs/msg/vte_position.h\n'}
[2.076022] (px4_msgs) StdoutLine: {'line': b'-- Up-to-date symlink: /home/maxim/super_ws/install/px4_msgs/include/px4_msgs/px4_msgs/msg/vtol_vehicle_status.h\n'}
[2.076172] (px4_msgs) StdoutLine: {'line': b'-- Up-to-date symlink: /home/maxim/super_ws/install/px4_msgs/include/px4_msgs/px4_msgs/msg/vtx.h\n'}
[2.076313] (px4_msgs) StdoutLine: {'line': b'-- Up-to-date symlink: /home/maxim/super_ws/install/px4_msgs/include/px4_msgs/px4_msgs/msg/wheel_encoders.h\n'}
[2.076466] (px4_msgs) StdoutLine: {'line': b'-- Up-to-date symlink: /home/maxim/super_ws/install/px4_msgs/include/px4_msgs/px4_msgs/msg/wind.h\n'}
[2.076671] (px4_msgs) StdoutLine: {'line': b'-- Up-to-date symlink: /home/maxim/super_ws/install/px4_msgs/include/px4_msgs/px4_msgs/msg/yaw_estimator_status.h\n'}
[2.077078] (px4_msgs) StdoutLine: {'line': b'-- Up-to-date symlink: /home/maxim/super_ws/install/px4_msgs/include/px4_msgs/px4_msgs/srv/detail/vehicle_command__functions.h\n'}
[2.077281] (px4_msgs) StdoutLine: {'line': b'-- Up-to-date symlink: /home/maxim/super_ws/install/px4_msgs/include/px4_msgs/px4_msgs/srv/detail/vehicle_command__struct.h\n'}
[2.077398] (px4_msgs) StdoutLine: {'line': b'-- Up-to-date symlink: /home/maxim/super_ws/install/px4_msgs/include/px4_msgs/px4_msgs/srv/detail/vehicle_command__type_support.h\n'}
[2.077529] (px4_msgs) StdoutLine: {'line': b'-- Up-to-date symlink: /home/maxim/super_ws/install/px4_msgs/include/px4_msgs/px4_msgs/srv/vehicle_command.h\n'}
[2.077889] (px4_msgs) StdoutLine: {'line': b'-- Up-to-date symlink: /home/maxim/super_ws/install/px4_msgs/share/px4_msgs/environment/library_path.sh\n'}
[2.078110] (px4_msgs) StdoutLine: {'line': b'-- Up-to-date symlink: /home/maxim/super_ws/install/px4_msgs/share/px4_msgs/environment/library_path.dsv\n'}
[2.083381] (px4_msgs) StdoutLine: {'line': b'-- Up-to-date symlink: /home/maxim/super_ws/install/px4_msgs/include/px4_msgs/px4_msgs/msg/detail/action_request__rosidl_typesupport_fastrtps_c.h\n'}
[2.083580] (px4_msgs) StdoutLine: {'line': b'-- Up-to-date symlink: /home/maxim/super_ws/install/px4_msgs/include/px4_msgs/px4_msgs/msg/detail/actuator_armed__rosidl_typesupport_fastrtps_c.h\n'}
[2.083672] (px4_msgs) StdoutLine: {'line': b'-- Up-to-date symlink: /home/maxim/super_ws/install/px4_msgs/include/px4_msgs/px4_msgs/msg/detail/actuator_controls_status__rosidl_typesupport_fastrtps_c.h\n'}
[2.083847] (px4_msgs) StdoutLine: {'line': b'-- Up-to-date symlink: /home/maxim/super_ws/install/px4_msgs/include/px4_msgs/px4_msgs/msg/detail/actuator_motors__rosidl_typesupport_fastrtps_c.h\n'}
[2.083972] (px4_msgs) StdoutLine: {'line': b'-- Up-to-date symlink: /home/maxim/super_ws/install/px4_msgs/include/px4_msgs/px4_msgs/msg/detail/actuator_outputs__rosidl_typesupport_fastrtps_c.h\n'}
[2.084142] (px4_msgs) StdoutLine: {'line': b'-- Up-to-date symlink: /home/maxim/super_ws/install/px4_msgs/include/px4_msgs/px4_msgs/msg/detail/actuator_servos__rosidl_typesupport_fastrtps_c.h\n'}
[2.084283] (px4_msgs) StdoutLine: {'line': b'-- Up-to-date symlink: /home/maxim/super_ws/install/px4_msgs/include/px4_msgs/px4_msgs/msg/detail/actuator_servos_trim__rosidl_typesupport_fastrtps_c.h\n'}
[2.084460] (px4_msgs) StdoutLine: {'line': b'-- Up-to-date symlink: /home/maxim/super_ws/install/px4_msgs/include/px4_msgs/px4_msgs/msg/detail/actuator_test__rosidl_typesupport_fastrtps_c.h\n'}
[2.084588] (px4_msgs) StdoutLine: {'line': b'-- Up-to-date symlink: /home/maxim/super_ws/install/px4_msgs/include/px4_msgs/px4_msgs/msg/detail/adc_report__rosidl_typesupport_fastrtps_c.h\n'}
[2.084734] (px4_msgs) StdoutLine: {'line': b'-- Up-to-date symlink: /home/maxim/super_ws/install/px4_msgs/include/px4_msgs/px4_msgs/msg/detail/airspeed__rosidl_typesupport_fastrtps_c.h\n'}
[2.084935] (px4_msgs) StdoutLine: {'line': b'-- Up-to-date symlink: /home/maxim/super_ws/install/px4_msgs/include/px4_msgs/px4_msgs/msg/detail/airspeed_validated__rosidl_typesupport_fastrtps_c.h\n'}
[2.085079] (px4_msgs) StdoutLine: {'line': b'-- Up-to-date symlink: /home/maxim/super_ws/install/px4_msgs/include/px4_msgs/px4_msgs/msg/detail/airspeed_wind__rosidl_typesupport_fastrtps_c.h\n'}
[2.085257] (px4_msgs) StdoutLine: {'line': b'-- Up-to-date symlink: /home/maxim/super_ws/install/px4_msgs/include/px4_msgs/px4_msgs/msg/detail/arming_check_reply__rosidl_typesupport_fastrtps_c.h\n'}
[2.085474] (px4_msgs) StdoutLine: {'line': b'-- Up-to-date symlink: /home/maxim/super_ws/install/px4_msgs/include/px4_msgs/px4_msgs/msg/detail/arming_check_request__rosidl_typesupport_fastrtps_c.h\n'}
[2.085674] (px4_msgs) StdoutLine: {'line': b'-- Up-to-date symlink: /home/maxim/super_ws/install/px4_msgs/include/px4_msgs/px4_msgs/msg/detail/autotune_attitude_control_status__rosidl_typesupport_fastrtps_c.h\n'}
[2.085853] (px4_msgs) StdoutLine: {'line': b'-- Up-to-date symlink: /home/maxim/super_ws/install/px4_msgs/include/px4_msgs/px4_msgs/msg/detail/aux_global_position__rosidl_typesupport_fastrtps_c.h\n'}
[2.086010] (px4_msgs) StdoutLine: {'line': b'-- Up-to-date symlink: /home/maxim/super_ws/install/px4_msgs/include/px4_msgs/px4_msgs/msg/detail/battery_info__rosidl_typesupport_fastrtps_c.h\n'}
[2.086158] (px4_msgs) StdoutLine: {'line': b'-- Up-to-date symlink: /home/maxim/super_ws/install/px4_msgs/include/px4_msgs/px4_msgs/msg/detail/battery_status__rosidl_typesupport_fastrtps_c.h\n'}
[2.086266] (px4_msgs) StdoutLine: {'line': b'-- Up-to-date symlink: /home/maxim/super_ws/install/px4_msgs/include/px4_msgs/px4_msgs/msg/detail/button_event__rosidl_typesupport_fastrtps_c.h\n'}
[2.086416] (px4_msgs) StdoutLine: {'line': b'-- Up-to-date symlink: /home/maxim/super_ws/install/px4_msgs/include/px4_msgs/px4_msgs/msg/detail/camera_capture__rosidl_typesupport_fastrtps_c.h\n'}
[2.086615] (px4_msgs) StdoutLine: {'line': b'-- Up-to-date symlink: /home/maxim/super_ws/install/px4_msgs/include/px4_msgs/px4_msgs/msg/detail/camera_status__rosidl_typesupport_fastrtps_c.h\n'}
[2.086796] (px4_msgs) StdoutLine: {'line': b'-- Up-to-date symlink: /home/maxim/super_ws/install/px4_msgs/include/px4_msgs/px4_msgs/msg/detail/camera_trigger__rosidl_typesupport_fastrtps_c.h\n'}
[2.086972] (px4_msgs) StdoutLine: {'line': b'-- Up-to-date symlink: /home/maxim/super_ws/install/px4_msgs/include/px4_msgs/px4_msgs/msg/detail/can_interface_status__rosidl_typesupport_fastrtps_c.h\n'}
[2.087145] (px4_msgs) StdoutLine: {'line': b'-- Up-to-date symlink: /home/maxim/super_ws/install/px4_msgs/include/px4_msgs/px4_msgs/msg/detail/cellular_status__rosidl_typesupport_fastrtps_c.h\n'}
[2.087327] (px4_msgs) StdoutLine: {'line': b'-- Up-to-date symlink: /home/maxim/super_ws/install/px4_msgs/include/px4_msgs/px4_msgs/msg/detail/collision_constraints__rosidl_typesupport_fastrtps_c.h\n'}
[2.087456] (px4_msgs) StdoutLine: {'line': b'-- Up-to-date symlink: /home/maxim/super_ws/install/px4_msgs/include/px4_msgs/px4_msgs/msg/detail/config_overrides__rosidl_typesupport_fastrtps_c.h\n'}
[2.087604] (px4_msgs) StdoutLine: {'line': b'-- Up-to-date symlink: /home/maxim/super_ws/install/px4_msgs/include/px4_msgs/px4_msgs/msg/detail/control_allocator_status__rosidl_typesupport_fastrtps_c.h\n'}
[2.087727] (px4_msgs) StdoutLine: {'line': b'-- Up-to-date symlink: /home/maxim/super_ws/install/px4_msgs/include/px4_msgs/px4_msgs/msg/detail/cpuload__rosidl_typesupport_fastrtps_c.h\n'}
[2.087923] (px4_msgs) StdoutLine: {'line': b'-- Up-to-date symlink: /home/maxim/super_ws/install/px4_msgs/include/px4_msgs/px4_msgs/msg/detail/dataman_request__rosidl_typesupport_fastrtps_c.h\n'}
[2.088127] (px4_msgs) StdoutLine: {'line': b'-- Up-to-date symlink: /home/maxim/super_ws/install/px4_msgs/include/px4_msgs/px4_msgs/msg/detail/dataman_response__rosidl_typesupport_fastrtps_c.h\n'}
[2.088301] (px4_msgs) StdoutLine: {'line': b'-- Up-to-date symlink: /home/maxim/super_ws/install/px4_msgs/include/px4_msgs/px4_msgs/msg/detail/debug_array__rosidl_typesupport_fastrtps_c.h\n'}
[2.088516] (px4_msgs) StdoutLine: {'line': b'-- Up-to-date symlink: /home/maxim/super_ws/install/px4_msgs/include/px4_msgs/px4_msgs/msg/detail/debug_key_value__rosidl_typesupport_fastrtps_c.h\n'}
[2.088700] (px4_msgs) StdoutLine: {'line': b'-- Up-to-date symlink: /home/maxim/super_ws/install/px4_msgs/include/px4_msgs/px4_msgs/msg/detail/debug_value__rosidl_typesupport_fastrtps_c.h\n'}
[2.088928] (px4_msgs) StdoutLine: {'line': b'-- Up-to-date symlink: /home/maxim/super_ws/install/px4_msgs/include/px4_msgs/px4_msgs/msg/detail/debug_vect__rosidl_typesupport_fastrtps_c.h\n'}
[2.089154] (px4_msgs) StdoutLine: {'line': b'-- Up-to-date symlink: /home/maxim/super_ws/install/px4_msgs/include/px4_msgs/px4_msgs/msg/detail/device_information__rosidl_typesupport_fastrtps_c.h\n'}
[2.089346] (px4_msgs) StdoutLine: {'line': b'-- Up-to-date symlink: /home/maxim/super_ws/install/px4_msgs/include/px4_msgs/px4_msgs/msg/detail/differential_pressure__rosidl_typesupport_fastrtps_c.h\n'}
[2.089518] (px4_msgs) StdoutLine: {'line': b'-- Up-to-date symlink: /home/maxim/super_ws/install/px4_msgs/include/px4_msgs/px4_msgs/msg/detail/distance_sensor__rosidl_typesupport_fastrtps_c.h\n'}
[2.089674] (px4_msgs) StdoutLine: {'line': b'-- Up-to-date symlink: /home/maxim/super_ws/install/px4_msgs/include/px4_msgs/px4_msgs/msg/detail/distance_sensor_mode_change_request__rosidl_typesupport_fastrtps_c.h\n'}
[2.089845] (px4_msgs) StdoutLine: {'line': b'-- Up-to-date symlink: /home/maxim/super_ws/install/px4_msgs/include/px4_msgs/px4_msgs/msg/detail/dronecan_node_status__rosidl_typesupport_fastrtps_c.h\n'}
[2.090033] (px4_msgs) StdoutLine: {'line': b'-- Up-to-date symlink: /home/maxim/super_ws/install/px4_msgs/include/px4_msgs/px4_msgs/msg/detail/ekf2_timestamps__rosidl_typesupport_fastrtps_c.h\n'}
[2.090188] (px4_msgs) StdoutLine: {'line': b'-- Up-to-date symlink: /home/maxim/super_ws/install/px4_msgs/include/px4_msgs/px4_msgs/msg/detail/esc_eeprom_read__rosidl_typesupport_fastrtps_c.h\n'}
[2.090345] (px4_msgs) StdoutLine: {'line': b'-- Up-to-date symlink: /home/maxim/super_ws/install/px4_msgs/include/px4_msgs/px4_msgs/msg/detail/esc_eeprom_write__rosidl_typesupport_fastrtps_c.h\n'}
[2.090546] (px4_msgs) StdoutLine: {'line': b'-- Up-to-date symlink: /home/maxim/super_ws/install/px4_msgs/include/px4_msgs/px4_msgs/msg/detail/esc_report__rosidl_typesupport_fastrtps_c.h\n'}
[2.090678] (px4_msgs) StdoutLine: {'line': b'-- Up-to-date symlink: /home/maxim/super_ws/install/px4_msgs/include/px4_msgs/px4_msgs/msg/detail/esc_status__rosidl_typesupport_fastrtps_c.h\n'}
[2.090922] (px4_msgs) StdoutLine: {'line': b'-- Up-to-date symlink: /home/maxim/super_ws/install/px4_msgs/include/px4_msgs/px4_msgs/msg/detail/estimator_aid_source1d__rosidl_typesupport_fastrtps_c.h\n'}
[2.091112] (px4_msgs) StdoutLine: {'line': b'-- Up-to-date symlink: /home/maxim/super_ws/install/px4_msgs/include/px4_msgs/px4_msgs/msg/detail/estimator_aid_source2d__rosidl_typesupport_fastrtps_c.h\n'}
[2.091248] (px4_msgs) StdoutLine: {'line': b'-- Up-to-date symlink: /home/maxim/super_ws/install/px4_msgs/include/px4_msgs/px4_msgs/msg/detail/estimator_aid_source3d__rosidl_typesupport_fastrtps_c.h\n'}
[2.091400] (px4_msgs) StdoutLine: {'line': b'-- Up-to-date symlink: /home/maxim/super_ws/install/px4_msgs/include/px4_msgs/px4_msgs/msg/detail/estimator_bias3d__rosidl_typesupport_fastrtps_c.h\n'}
[2.091545] (px4_msgs) StdoutLine: {'line': b'-- Up-to-date symlink: /home/maxim/super_ws/install/px4_msgs/include/px4_msgs/px4_msgs/msg/detail/estimator_bias__rosidl_typesupport_fastrtps_c.h\n'}
[2.091673] (px4_msgs) StdoutLine: {'line': b'-- Up-to-date symlink: /home/maxim/super_ws/install/px4_msgs/include/px4_msgs/px4_msgs/msg/detail/estimator_event_flags__rosidl_typesupport_fastrtps_c.h\n'}
[2.091819] (px4_msgs) StdoutLine: {'line': b'-- Up-to-date symlink: /home/maxim/super_ws/install/px4_msgs/include/px4_msgs/px4_msgs/msg/detail/estimator_fusion_control__rosidl_typesupport_fastrtps_c.h\n'}
[2.091999] (px4_msgs) StdoutLine: {'line': b'-- Up-to-date symlink: /home/maxim/super_ws/install/px4_msgs/include/px4_msgs/px4_msgs/msg/detail/estimator_gps_status__rosidl_typesupport_fastrtps_c.h\n'}
[2.092169] (px4_msgs) StdoutLine: {'line': b'-- Up-to-date symlink: /home/maxim/super_ws/install/px4_msgs/include/px4_msgs/px4_msgs/msg/detail/estimator_innovations__rosidl_typesupport_fastrtps_c.h\n'}
[2.092331] (px4_msgs) StdoutLine: {'line': b'-- Up-to-date symlink: /home/maxim/super_ws/install/px4_msgs/include/px4_msgs/px4_msgs/msg/detail/estimator_selector_status__rosidl_typesupport_fastrtps_c.h\n'}
[2.092495] (px4_msgs) StdoutLine: {'line': b'-- Up-to-date symlink: /home/maxim/super_ws/install/px4_msgs/include/px4_msgs/px4_msgs/msg/detail/estimator_sensor_bias__rosidl_typesupport_fastrtps_c.h\n'}
[2.092646] (px4_msgs) StdoutLine: {'line': b'-- Up-to-date symlink: /home/maxim/super_ws/install/px4_msgs/include/px4_msgs/px4_msgs/msg/detail/estimator_states__rosidl_typesupport_fastrtps_c.h\n'}
[2.092829] (px4_msgs) StdoutLine: {'line': b'-- Up-to-date symlink: /home/maxim/super_ws/install/px4_msgs/include/px4_msgs/px4_msgs/msg/detail/estimator_status__rosidl_typesupport_fastrtps_c.h\n'}
[2.092980] (px4_msgs) StdoutLine: {'line': b'-- Up-to-date symlink: /home/maxim/super_ws/install/px4_msgs/include/px4_msgs/px4_msgs/msg/detail/estimator_status_flags__rosidl_typesupport_fastrtps_c.h\n'}
[2.093136] (px4_msgs) StdoutLine: {'line': b'-- Up-to-date symlink: /home/maxim/super_ws/install/px4_msgs/include/px4_msgs/px4_msgs/msg/detail/event__rosidl_typesupport_fastrtps_c.h\n'}
[2.093286] (px4_msgs) StdoutLine: {'line': b'-- Up-to-date symlink: /home/maxim/super_ws/install/px4_msgs/include/px4_msgs/px4_msgs/msg/detail/failsafe_flags__rosidl_typesupport_fastrtps_c.h\n'}
[2.093420] (px4_msgs) StdoutLine: {'line': b'-- Up-to-date symlink: /home/maxim/super_ws/install/px4_msgs/include/px4_msgs/px4_msgs/msg/detail/failure_detector_status__rosidl_typesupport_fastrtps_c.h\n'}
[2.093591] (px4_msgs) StdoutLine: {'line': b'-- Up-to-date symlink: /home/maxim/super_ws/install/px4_msgs/include/px4_msgs/px4_msgs/msg/detail/fiducial_marker_pos_report__rosidl_typesupport_fastrtps_c.h\n'}
[2.093718] (px4_msgs) StdoutLine: {'line': b'-- Up-to-date symlink: /home/maxim/super_ws/install/px4_msgs/include/px4_msgs/px4_msgs/msg/detail/fiducial_marker_yaw_report__rosidl_typesupport_fastrtps_c.h\n'}
[2.093878] (px4_msgs) StdoutLine: {'line': b'-- Up-to-date symlink: /home/maxim/super_ws/install/px4_msgs/include/px4_msgs/px4_msgs/msg/detail/figure_eight_status__rosidl_typesupport_fastrtps_c.h\n'}
[2.093989] (px4_msgs) StdoutLine: {'line': b'-- Up-to-date symlink: /home/maxim/super_ws/install/px4_msgs/include/px4_msgs/px4_msgs/msg/detail/fixed_wing_lateral_guidance_status__rosidl_typesupport_fastrtps_c.h\n'}
[2.094099] (px4_msgs) StdoutLine: {'line': b'-- Up-to-date symlink: /home/maxim/super_ws/install/px4_msgs/include/px4_msgs/px4_msgs/msg/detail/fixed_wing_lateral_setpoint__rosidl_typesupport_fastrtps_c.h\n'}
[2.094208] (px4_msgs) StdoutLine: {'line': b'-- Up-to-date symlink: /home/maxim/super_ws/install/px4_msgs/include/px4_msgs/px4_msgs/msg/detail/fixed_wing_lateral_status__rosidl_typesupport_fastrtps_c.h\n'}
[2.094321] (px4_msgs) StdoutLine: {'line': b'-- Up-to-date symlink: /home/maxim/super_ws/install/px4_msgs/include/px4_msgs/px4_msgs/msg/detail/fixed_wing_longitudinal_setpoint__rosidl_typesupport_fastrtps_c.h\n'}
[2.094454] (px4_msgs) StdoutLine: {'line': b'-- Up-to-date symlink: /home/maxim/super_ws/install/px4_msgs/include/px4_msgs/px4_msgs/msg/detail/fixed_wing_runway_control__rosidl_typesupport_fastrtps_c.h\n'}
[2.094568] (px4_msgs) StdoutLine: {'line': b'-- Up-to-date symlink: /home/maxim/super_ws/install/px4_msgs/include/px4_msgs/px4_msgs/msg/detail/flight_phase_estimation__rosidl_typesupport_fastrtps_c.h\n'}
[2.094681] (px4_msgs) StdoutLine: {'line': b'-- Up-to-date symlink: /home/maxim/super_ws/install/px4_msgs/include/px4_msgs/px4_msgs/msg/detail/follow_target__rosidl_typesupport_fastrtps_c.h\n'}
[2.094808] (px4_msgs) StdoutLine: {'line': b'-- Up-to-date symlink: /home/maxim/super_ws/install/px4_msgs/include/px4_msgs/px4_msgs/msg/detail/follow_target_estimator__rosidl_typesupport_fastrtps_c.h\n'}
[2.094909] (px4_msgs) StdoutLine: {'line': b'-- Up-to-date symlink: /home/maxim/super_ws/install/px4_msgs/include/px4_msgs/px4_msgs/msg/detail/follow_target_status__rosidl_typesupport_fastrtps_c.h\n'}
[2.094995] (px4_msgs) StdoutLine: {'line': b'-- Up-to-date symlink: /home/maxim/super_ws/install/px4_msgs/include/px4_msgs/px4_msgs/msg/detail/fuel_tank_status__rosidl_typesupport_fastrtps_c.h\n'}
[2.095109] (px4_msgs) StdoutLine: {'line': b'-- Up-to-date symlink: /home/maxim/super_ws/install/px4_msgs/include/px4_msgs/px4_msgs/msg/detail/gain_compression__rosidl_typesupport_fastrtps_c.h\n'}
[2.095220] (px4_msgs) StdoutLine: {'line': b'-- Up-to-date symlink: /home/maxim/super_ws/install/px4_msgs/include/px4_msgs/px4_msgs/msg/detail/generator_status__rosidl_typesupport_fastrtps_c.h\n'}
[2.095362] (px4_msgs) StdoutLine: {'line': b'-- Up-to-date symlink: /home/maxim/super_ws/install/px4_msgs/include/px4_msgs/px4_msgs/msg/detail/geofence_result__rosidl_typesupport_fastrtps_c.h\n'}
[2.095493] (px4_msgs) StdoutLine: {'line': b'-- Up-to-date symlink: /home/maxim/super_ws/install/px4_msgs/include/px4_msgs/px4_msgs/msg/detail/geofence_status__rosidl_typesupport_fastrtps_c.h\n'}
[2.095598] (px4_msgs) StdoutLine: {'line': b'-- Up-to-date symlink: /home/maxim/super_ws/install/px4_msgs/include/px4_msgs/px4_msgs/msg/detail/gimbal_controls__rosidl_typesupport_fastrtps_c.h\n'}
[2.095682] (px4_msgs) StdoutLine: {'line': b'-- Up-to-date symlink: /home/maxim/super_ws/install/px4_msgs/include/px4_msgs/px4_msgs/msg/detail/gimbal_device_attitude_status__rosidl_typesupport_fastrtps_c.h\n'}
[2.095822] (px4_msgs) StdoutLine: {'line': b'-- Up-to-date symlink: /home/maxim/super_ws/install/px4_msgs/include/px4_msgs/px4_msgs/msg/detail/gimbal_device_information__rosidl_typesupport_fastrtps_c.h\n'}
[2.095971] (px4_msgs) StdoutLine: {'line': b'-- Up-to-date symlink: /home/maxim/super_ws/install/px4_msgs/include/px4_msgs/px4_msgs/msg/detail/gimbal_device_set_attitude__rosidl_typesupport_fastrtps_c.h\n'}
[2.096067] (px4_msgs) StdoutLine: {'line': b'-- Up-to-date symlink: /home/maxim/super_ws/install/px4_msgs/include/px4_msgs/px4_msgs/msg/detail/gimbal_manager_information__rosidl_typesupport_fastrtps_c.h\n'}
[2.096146] (px4_msgs) StdoutLine: {'line': b'-- Up-to-date symlink: /home/maxim/super_ws/install/px4_msgs/include/px4_msgs/px4_msgs/msg/detail/gimbal_manager_set_attitude__rosidl_typesupport_fastrtps_c.h\n'}
[2.096220] (px4_msgs) StdoutLine: {'line': b'-- Up-to-date symlink: /home/maxim/super_ws/install/px4_msgs/include/px4_msgs/px4_msgs/msg/detail/gimbal_manager_set_manual_control__rosidl_typesupport_fastrtps_c.h\n'}
[2.096390] (px4_msgs) StdoutLine: {'line': b'-- Up-to-date symlink: /home/maxim/super_ws/install/px4_msgs/include/px4_msgs/px4_msgs/msg/detail/gimbal_manager_status__rosidl_typesupport_fastrtps_c.h\n'}
[2.096488] (px4_msgs) StdoutLine: {'line': b'-- Up-to-date symlink: /home/maxim/super_ws/install/px4_msgs/include/px4_msgs/px4_msgs/msg/detail/goto_setpoint__rosidl_typesupport_fastrtps_c.h\n'}
[2.096596] (px4_msgs) StdoutLine: {'line': b'-- Up-to-date symlink: /home/maxim/super_ws/install/px4_msgs/include/px4_msgs/px4_msgs/msg/detail/gpio_config__rosidl_typesupport_fastrtps_c.h\n'}
[2.096700] (px4_msgs) StdoutLine: {'line': b'-- Up-to-date symlink: /home/maxim/super_ws/install/px4_msgs/include/px4_msgs/px4_msgs/msg/detail/gpio_in__rosidl_typesupport_fastrtps_c.h\n'}
[2.096810] (px4_msgs) StdoutLine: {'line': b'-- Up-to-date symlink: /home/maxim/super_ws/install/px4_msgs/include/px4_msgs/px4_msgs/msg/detail/gpio_out__rosidl_typesupport_fastrtps_c.h\n'}
[2.096922] (px4_msgs) StdoutLine: {'line': b'-- Up-to-date symlink: /home/maxim/super_ws/install/px4_msgs/include/px4_msgs/px4_msgs/msg/detail/gpio_request__rosidl_typesupport_fastrtps_c.h\n'}
[2.097032] (px4_msgs) StdoutLine: {'line': b'-- Up-to-date symlink: /home/maxim/super_ws/install/px4_msgs/include/px4_msgs/px4_msgs/msg/detail/gps_dump__rosidl_typesupport_fastrtps_c.h\n'}
[2.097144] (px4_msgs) StdoutLine: {'line': b'-- Up-to-date symlink: /home/maxim/super_ws/install/px4_msgs/include/px4_msgs/px4_msgs/msg/detail/gps_inject_data__rosidl_typesupport_fastrtps_c.h\n'}
[2.097318] (px4_msgs) StdoutLine: {'line': b'-- Up-to-date symlink: /home/maxim/super_ws/install/px4_msgs/include/px4_msgs/px4_msgs/msg/detail/gripper__rosidl_typesupport_fastrtps_c.h\n'}
[2.097529] (px4_msgs) StdoutLine: {'line': b'-- Up-to-date symlink: /home/maxim/super_ws/install/px4_msgs/include/px4_msgs/px4_msgs/msg/detail/health_report__rosidl_typesupport_fastrtps_c.h\n'}
[2.097678] (px4_msgs) StdoutLine: {'line': b'-- Up-to-date symlink: /home/maxim/super_ws/install/px4_msgs/include/px4_msgs/px4_msgs/msg/detail/heater_status__rosidl_typesupport_fastrtps_c.h\n'}
[2.097928] (px4_msgs) StdoutLine: {'line': b'-- Up-to-date symlink: /home/maxim/super_ws/install/px4_msgs/include/px4_msgs/px4_msgs/msg/detail/home_position__rosidl_typesupport_fastrtps_c.h\n'}
[2.098134] (px4_msgs) StdoutLine: {'line': b'-- Up-to-date symlink: /home/maxim/super_ws/install/px4_msgs/include/px4_msgs/px4_msgs/msg/detail/hover_thrust_estimate__rosidl_typesupport_fastrtps_c.h\n'}
[2.098257] (px4_msgs) StdoutLine: {'line': b'-- Up-to-date symlink: /home/maxim/super_ws/install/px4_msgs/include/px4_msgs/px4_msgs/msg/detail/input_rc__rosidl_typesupport_fastrtps_c.h\n'}
[2.098391] (px4_msgs) StdoutLine: {'line': b'-- Up-to-date symlink: /home/maxim/super_ws/install/px4_msgs/include/px4_msgs/px4_msgs/msg/detail/internal_combustion_engine_control__rosidl_typesupport_fastrtps_c.h\n'}
[2.098541] (px4_msgs) StdoutLine: {'line': b'-- Up-to-date symlink: /home/maxim/super_ws/install/px4_msgs/include/px4_msgs/px4_msgs/msg/detail/internal_combustion_engine_status__rosidl_typesupport_fastrtps_c.h\n'}
[2.098653] (px4_msgs) StdoutLine: {'line': b'-- Up-to-date symlink: /home/maxim/super_ws/install/px4_msgs/include/px4_msgs/px4_msgs/msg/detail/iridiumsbd_status__rosidl_typesupport_fastrtps_c.h\n'}
[2.098810] (px4_msgs) StdoutLine: {'line': b'-- Up-to-date symlink: /home/maxim/super_ws/install/px4_msgs/include/px4_msgs/px4_msgs/msg/detail/irlock_report__rosidl_typesupport_fastrtps_c.h\n'}
[2.098901] (px4_msgs) StdoutLine: {'line': b'-- Up-to-date symlink: /home/maxim/super_ws/install/px4_msgs/include/px4_msgs/px4_msgs/msg/detail/landing_gear__rosidl_typesupport_fastrtps_c.h\n'}
[2.098985] (px4_msgs) StdoutLine: {'line': b'-- Up-to-date symlink: /home/maxim/super_ws/install/px4_msgs/include/px4_msgs/px4_msgs/msg/detail/landing_gear_wheel__rosidl_typesupport_fastrtps_c.h\n'}
[2.099180] (px4_msgs) StdoutLine: {'line': b'-- Up-to-date symlink: /home/maxim/super_ws/install/px4_msgs/include/px4_msgs/px4_msgs/msg/detail/landing_target_innovations__rosidl_typesupport_fastrtps_c.h\n'}
[2.099509] (px4_msgs) StdoutLine: {'line': b'-- Up-to-date symlink: /home/maxim/super_ws/install/px4_msgs/include/px4_msgs/px4_msgs/msg/detail/landing_target_pose__rosidl_typesupport_fastrtps_c.h\n'}
[2.099626] (px4_msgs) StdoutLine: {'line': b'-- Up-to-date symlink: /home/maxim/super_ws/install/px4_msgs/include/px4_msgs/px4_msgs/msg/detail/lateral_control_configuration__rosidl_typesupport_fastrtps_c.h\n'}
[2.099875] (px4_msgs) StdoutLine: {'line': b'-- Up-to-date symlink: /home/maxim/super_ws/install/px4_msgs/include/px4_msgs/px4_msgs/msg/detail/launch_detection_status__rosidl_typesupport_fastrtps_c.h\n'}
[2.100059] (px4_msgs) StdoutLine: {'line': b'-- Up-to-date symlink: /home/maxim/super_ws/install/px4_msgs/include/px4_msgs/px4_msgs/msg/detail/led_control__rosidl_typesupport_fastrtps_c.h\n'}
[2.100257] (px4_msgs) StdoutLine: {'line': b'-- Up-to-date symlink: /home/maxim/super_ws/install/px4_msgs/include/px4_msgs/px4_msgs/msg/detail/log_message__rosidl_typesupport_fastrtps_c.h\n'}
[2.100459] (px4_msgs) StdoutLine: {'line': b'-- Up-to-date symlink: /home/maxim/super_ws/install/px4_msgs/include/px4_msgs/px4_msgs/msg/detail/logger_status__rosidl_typesupport_fastrtps_c.h\n'}
[2.100617] (px4_msgs) StdoutLine: {'line': b'-- Up-to-date symlink: /home/maxim/super_ws/install/px4_msgs/include/px4_msgs/px4_msgs/msg/detail/longitudinal_control_configuration__rosidl_typesupport_fastrtps_c.h\n'}
[2.100747] (px4_msgs) StdoutLine: {'line': b'-- Up-to-date symlink: /home/maxim/super_ws/install/px4_msgs/include/px4_msgs/px4_msgs/msg/detail/mag_worker_data__rosidl_typesupport_fastrtps_c.h\n'}
[2.100937] (px4_msgs) StdoutLine: {'line': b'-- Up-to-date symlink: /home/maxim/super_ws/install/px4_msgs/include/px4_msgs/px4_msgs/msg/detail/magnetometer_bias_estimate__rosidl_typesupport_fastrtps_c.h\n'}
[2.101090] (px4_msgs) StdoutLine: {'line': b'-- Up-to-date symlink: /home/maxim/super_ws/install/px4_msgs/include/px4_msgs/px4_msgs/msg/detail/manual_control_setpoint__rosidl_typesupport_fastrtps_c.h\n'}
[2.101166] (px4_msgs) StdoutLine: {'line': b'-- Up-to-date symlink: /home/maxim/super_ws/install/px4_msgs/include/px4_msgs/px4_msgs/msg/detail/manual_control_switches__rosidl_typesupport_fastrtps_c.h\n'}
[2.101301] (px4_msgs) StdoutLine: {'line': b'-- Up-to-date symlink: /home/maxim/super_ws/install/px4_msgs/include/px4_msgs/px4_msgs/msg/detail/mavlink_log__rosidl_typesupport_fastrtps_c.h\n'}
[2.101422] (px4_msgs) StdoutLine: {'line': b'-- Up-to-date symlink: /home/maxim/super_ws/install/px4_msgs/include/px4_msgs/px4_msgs/msg/detail/mavlink_tunnel__rosidl_typesupport_fastrtps_c.h\n'}
[2.101561] (px4_msgs) StdoutLine: {'line': b'-- Up-to-date symlink: /home/maxim/super_ws/install/px4_msgs/include/px4_msgs/px4_msgs/msg/detail/message_format_request__rosidl_typesupport_fastrtps_c.h\n'}
[2.101642] (px4_msgs) StdoutLine: {'line': b'-- Up-to-date symlink: /home/maxim/super_ws/install/px4_msgs/include/px4_msgs/px4_msgs/msg/detail/message_format_response__rosidl_typesupport_fastrtps_c.h\n'}
[2.101724] (px4_msgs) StdoutLine: {'line': b'-- Up-to-date symlink: /home/maxim/super_ws/install/px4_msgs/include/px4_msgs/px4_msgs/msg/detail/mission__rosidl_typesupport_fastrtps_c.h\n'}
[2.101954] (px4_msgs) StdoutLine: {'line': b'-- Up-to-date symlink: /home/maxim/super_ws/install/px4_msgs/include/px4_msgs/px4_msgs/msg/detail/mission_result__rosidl_typesupport_fastrtps_c.h\n'}
[2.102017] (px4_msgs) StdoutLine: {'line': b'-- Up-to-date symlink: /home/maxim/super_ws/install/px4_msgs/include/px4_msgs/px4_msgs/msg/detail/mode_completed__rosidl_typesupport_fastrtps_c.h\n'}
[2.102089] (px4_msgs) StdoutLine: {'line': b'-- Up-to-date symlink: /home/maxim/super_ws/install/px4_msgs/include/px4_msgs/px4_msgs/msg/detail/mount_orientation__rosidl_typesupport_fastrtps_c.h\n'}
[2.102196] (px4_msgs) StdoutLine: {'line': b'-- Up-to-date symlink: /home/maxim/super_ws/install/px4_msgs/include/px4_msgs/px4_msgs/msg/detail/navigator_mission_item__rosidl_typesupport_fastrtps_c.h\n'}
[2.102306] (px4_msgs) StdoutLine: {'line': b'-- Up-to-date symlink: /home/maxim/super_ws/install/px4_msgs/include/px4_msgs/px4_msgs/msg/detail/navigator_status__rosidl_typesupport_fastrtps_c.h\n'}
[2.102447] (px4_msgs) StdoutLine: {'line': b'-- Up-to-date symlink: /home/maxim/super_ws/install/px4_msgs/include/px4_msgs/px4_msgs/msg/detail/neural_control__rosidl_typesupport_fastrtps_c.h\n'}
[2.102564] (px4_msgs) StdoutLine: {'line': b'-- Up-to-date symlink: /home/maxim/super_ws/install/px4_msgs/include/px4_msgs/px4_msgs/msg/detail/normalized_unsigned_setpoint__rosidl_typesupport_fastrtps_c.h\n'}
[2.102659] (px4_msgs) StdoutLine: {'line': b'-- Up-to-date symlink: /home/maxim/super_ws/install/px4_msgs/include/px4_msgs/px4_msgs/msg/detail/obstacle_distance__rosidl_typesupport_fastrtps_c.h\n'}
[2.102837] (px4_msgs) StdoutLine: {'line': b'-- Up-to-date symlink: /home/maxim/super_ws/install/px4_msgs/include/px4_msgs/px4_msgs/msg/detail/offboard_control_mode__rosidl_typesupport_fastrtps_c.h\n'}
[2.103037] (px4_msgs) StdoutLine: {'line': b'-- Up-to-date symlink: /home/maxim/super_ws/install/px4_msgs/include/px4_msgs/px4_msgs/msg/detail/onboard_computer_status__rosidl_typesupport_fastrtps_c.h\n'}
[2.103209] (px4_msgs) StdoutLine: {'line': b'-- Up-to-date symlink: /home/maxim/super_ws/install/px4_msgs/include/px4_msgs/px4_msgs/msg/detail/open_drone_id_arm_status__rosidl_typesupport_fastrtps_c.h\n'}
[2.103381] (px4_msgs) StdoutLine: {'line': b'-- Up-to-date symlink: /home/maxim/super_ws/install/px4_msgs/include/px4_msgs/px4_msgs/msg/detail/open_drone_id_operator_id__rosidl_typesupport_fastrtps_c.h\n'}
[2.103440] (-) TimerEvent: {}
[2.103520] (px4_msgs) StdoutLine: {'line': b'-- Up-to-date symlink: /home/maxim/super_ws/install/px4_msgs/include/px4_msgs/px4_msgs/msg/detail/open_drone_id_self_id__rosidl_typesupport_fastrtps_c.h\n'}
[2.103711] (px4_msgs) StdoutLine: {'line': b'-- Up-to-date symlink: /home/maxim/super_ws/install/px4_msgs/include/px4_msgs/px4_msgs/msg/detail/open_drone_id_system__rosidl_typesupport_fastrtps_c.h\n'}
[2.103924] (px4_msgs) StdoutLine: {'line': b'-- Up-to-date symlink: /home/maxim/super_ws/install/px4_msgs/include/px4_msgs/px4_msgs/msg/detail/orb_test__rosidl_typesupport_fastrtps_c.h\n'}
[2.104031] (px4_msgs) StdoutLine: {'line': b'-- Up-to-date symlink: /home/maxim/super_ws/install/px4_msgs/include/px4_msgs/px4_msgs/msg/detail/orb_test_large__rosidl_typesupport_fastrtps_c.h\n'}
[2.104115] (px4_msgs) StdoutLine: {'line': b'-- Up-to-date symlink: /home/maxim/super_ws/install/px4_msgs/include/px4_msgs/px4_msgs/msg/detail/orb_test_medium__rosidl_typesupport_fastrtps_c.h\n'}
[2.104213] (px4_msgs) StdoutLine: {'line': b'-- Up-to-date symlink: /home/maxim/super_ws/install/px4_msgs/include/px4_msgs/px4_msgs/msg/detail/orbit_status__rosidl_typesupport_fastrtps_c.h\n'}
[2.104324] (px4_msgs) StdoutLine: {'line': b'-- Up-to-date symlink: /home/maxim/super_ws/install/px4_msgs/include/px4_msgs/px4_msgs/msg/detail/parameter_reset_request__rosidl_typesupport_fastrtps_c.h\n'}
[2.104442] (px4_msgs) StdoutLine: {'line': b'-- Up-to-date symlink: /home/maxim/super_ws/install/px4_msgs/include/px4_msgs/px4_msgs/msg/detail/parameter_set_used_request__rosidl_typesupport_fastrtps_c.h\n'}
[2.104580] (px4_msgs) StdoutLine: {'line': b'-- Up-to-date symlink: /home/maxim/super_ws/install/px4_msgs/include/px4_msgs/px4_msgs/msg/detail/parameter_set_value_request__rosidl_typesupport_fastrtps_c.h\n'}
[2.104680] (px4_msgs) StdoutLine: {'line': b'-- Up-to-date symlink: /home/maxim/super_ws/install/px4_msgs/include/px4_msgs/px4_msgs/msg/detail/parameter_set_value_response__rosidl_typesupport_fastrtps_c.h\n'}
[2.104839] (px4_msgs) StdoutLine: {'line': b'-- Up-to-date symlink: /home/maxim/super_ws/install/px4_msgs/include/px4_msgs/px4_msgs/msg/detail/parameter_update__rosidl_typesupport_fastrtps_c.h\n'}
[2.105037] (px4_msgs) StdoutLine: {'line': b'-- Up-to-date symlink: /home/maxim/super_ws/install/px4_msgs/include/px4_msgs/px4_msgs/msg/detail/ping__rosidl_typesupport_fastrtps_c.h\n'}
[2.105189] (px4_msgs) StdoutLine: {'line': b'-- Up-to-date symlink: /home/maxim/super_ws/install/px4_msgs/include/px4_msgs/px4_msgs/msg/detail/position_controller_landing_status__rosidl_typesupport_fastrtps_c.h\n'}
[2.105358] (px4_msgs) StdoutLine: {'line': b'-- Up-to-date symlink: /home/maxim/super_ws/install/px4_msgs/include/px4_msgs/px4_msgs/msg/detail/position_controller_status__rosidl_typesupport_fastrtps_c.h\n'}
[2.105589] (px4_msgs) StdoutLine: {'line': b'-- Up-to-date symlink: /home/maxim/super_ws/install/px4_msgs/include/px4_msgs/px4_msgs/msg/detail/position_setpoint__rosidl_typesupport_fastrtps_c.h\n'}
[2.105742] (px4_msgs) StdoutLine: {'line': b'-- Up-to-date symlink: /home/maxim/super_ws/install/px4_msgs/include/px4_msgs/px4_msgs/msg/detail/position_setpoint_triplet__rosidl_typesupport_fastrtps_c.h\n'}
[2.105950] (px4_msgs) StdoutLine: {'line': b'-- Up-to-date symlink: /home/maxim/super_ws/install/px4_msgs/include/px4_msgs/px4_msgs/msg/detail/power_button_state__rosidl_typesupport_fastrtps_c.h\n'}
[2.106103] (px4_msgs) StdoutLine: {'line': b'-- Up-to-date symlink: /home/maxim/super_ws/install/px4_msgs/include/px4_msgs/px4_msgs/msg/detail/power_monitor__rosidl_typesupport_fastrtps_c.h\n'}
[2.106200] (px4_msgs) StdoutLine: {'line': b'-- Up-to-date symlink: /home/maxim/super_ws/install/px4_msgs/include/px4_msgs/px4_msgs/msg/detail/pps_capture__rosidl_typesupport_fastrtps_c.h\n'}
[2.106297] (px4_msgs) StdoutLine: {'line': b'-- Up-to-date symlink: /home/maxim/super_ws/install/px4_msgs/include/px4_msgs/px4_msgs/msg/detail/prec_land_status__rosidl_typesupport_fastrtps_c.h\n'}
[2.106409] (px4_msgs) StdoutLine: {'line': b'-- Up-to-date symlink: /home/maxim/super_ws/install/px4_msgs/include/px4_msgs/px4_msgs/msg/detail/pure_pursuit_status__rosidl_typesupport_fastrtps_c.h\n'}
[2.106561] (px4_msgs) StdoutLine: {'line': b'-- Up-to-date symlink: /home/maxim/super_ws/install/px4_msgs/include/px4_msgs/px4_msgs/msg/detail/pwm_input__rosidl_typesupport_fastrtps_c.h\n'}
[2.106711] (px4_msgs) StdoutLine: {'line': b'-- Up-to-date symlink: /home/maxim/super_ws/install/px4_msgs/include/px4_msgs/px4_msgs/msg/detail/px4io_status__rosidl_typesupport_fastrtps_c.h\n'}
[2.106937] (px4_msgs) StdoutLine: {'line': b'-- Up-to-date symlink: /home/maxim/super_ws/install/px4_msgs/include/px4_msgs/px4_msgs/msg/detail/qshell_req__rosidl_typesupport_fastrtps_c.h\n'}
[2.107086] (px4_msgs) StdoutLine: {'line': b'-- Up-to-date symlink: /home/maxim/super_ws/install/px4_msgs/include/px4_msgs/px4_msgs/msg/detail/qshell_retval__rosidl_typesupport_fastrtps_c.h\n'}
[2.107238] (px4_msgs) StdoutLine: {'line': b'-- Up-to-date symlink: /home/maxim/super_ws/install/px4_msgs/include/px4_msgs/px4_msgs/msg/detail/radio_status__rosidl_typesupport_fastrtps_c.h\n'}
[2.107383] (px4_msgs) StdoutLine: {'line': b'-- Up-to-date symlink: /home/maxim/super_ws/install/px4_msgs/include/px4_msgs/px4_msgs/msg/detail/ranging_beacon__rosidl_typesupport_fastrtps_c.h\n'}
[2.107504] (px4_msgs) StdoutLine: {'line': b'-- Up-to-date symlink: /home/maxim/super_ws/install/px4_msgs/include/px4_msgs/px4_msgs/msg/detail/raptor_input__rosidl_typesupport_fastrtps_c.h\n'}
[2.107656] (px4_msgs) StdoutLine: {'line': b'-- Up-to-date symlink: /home/maxim/super_ws/install/px4_msgs/include/px4_msgs/px4_msgs/msg/detail/raptor_status__rosidl_typesupport_fastrtps_c.h\n'}
[2.107825] (px4_msgs) StdoutLine: {'line': b'-- Up-to-date symlink: /home/maxim/super_ws/install/px4_msgs/include/px4_msgs/px4_msgs/msg/detail/rate_ctrl_status__rosidl_typesupport_fastrtps_c.h\n'}
[2.107942] (px4_msgs) StdoutLine: {'line': b'-- Up-to-date symlink: /home/maxim/super_ws/install/px4_msgs/include/px4_msgs/px4_msgs/msg/detail/rc_channels__rosidl_typesupport_fastrtps_c.h\n'}
[2.108090] (px4_msgs) StdoutLine: {'line': b'-- Up-to-date symlink: /home/maxim/super_ws/install/px4_msgs/include/px4_msgs/px4_msgs/msg/detail/rc_parameter_map__rosidl_typesupport_fastrtps_c.h\n'}
[2.108282] (px4_msgs) StdoutLine: {'line': b'-- Up-to-date symlink: /home/maxim/super_ws/install/px4_msgs/include/px4_msgs/px4_msgs/msg/detail/register_ext_component_reply__rosidl_typesupport_fastrtps_c.h\n'}
[2.108465] (px4_msgs) StdoutLine: {'line': b'-- Up-to-date symlink: /home/maxim/super_ws/install/px4_msgs/include/px4_msgs/px4_msgs/msg/detail/register_ext_component_request__rosidl_typesupport_fastrtps_c.h\n'}
[2.108632] (px4_msgs) StdoutLine: {'line': b'-- Up-to-date symlink: /home/maxim/super_ws/install/px4_msgs/include/px4_msgs/px4_msgs/msg/detail/rover_attitude_setpoint__rosidl_typesupport_fastrtps_c.h\n'}
[2.108727] (px4_msgs) StdoutLine: {'line': b'-- Up-to-date symlink: /home/maxim/super_ws/install/px4_msgs/include/px4_msgs/px4_msgs/msg/detail/rover_attitude_status__rosidl_typesupport_fastrtps_c.h\n'}
[2.108884] (px4_msgs) StdoutLine: {'line': b'-- Up-to-date symlink: /home/maxim/super_ws/install/px4_msgs/include/px4_msgs/px4_msgs/msg/detail/rover_position_setpoint__rosidl_typesupport_fastrtps_c.h\n'}
[2.109066] (px4_msgs) StdoutLine: {'line': b'-- Up-to-date symlink: /home/maxim/super_ws/install/px4_msgs/include/px4_msgs/px4_msgs/msg/detail/rover_rate_setpoint__rosidl_typesupport_fastrtps_c.h\n'}
[2.109246] (px4_msgs) StdoutLine: {'line': b'-- Up-to-date symlink: /home/maxim/super_ws/install/px4_msgs/include/px4_msgs/px4_msgs/msg/detail/rover_rate_status__rosidl_typesupport_fastrtps_c.h\n'}
[2.109404] (px4_msgs) StdoutLine: {'line': b'-- Up-to-date symlink: /home/maxim/super_ws/install/px4_msgs/include/px4_msgs/px4_msgs/msg/detail/rover_speed_setpoint__rosidl_typesupport_fastrtps_c.h\n'}
[2.109577] (px4_msgs) StdoutLine: {'line': b'-- Up-to-date symlink: /home/maxim/super_ws/install/px4_msgs/include/px4_msgs/px4_msgs/msg/detail/rover_speed_status__rosidl_typesupport_fastrtps_c.h\n'}
[2.109729] (px4_msgs) StdoutLine: {'line': b'-- Up-to-date symlink: /home/maxim/super_ws/install/px4_msgs/include/px4_msgs/px4_msgs/msg/detail/rover_steering_setpoint__rosidl_typesupport_fastrtps_c.h\n'}
[2.109976] (px4_msgs) StdoutLine: {'line': b'-- Up-to-date symlink: /home/maxim/super_ws/install/px4_msgs/include/px4_msgs/px4_msgs/msg/detail/rover_throttle_setpoint__rosidl_typesupport_fastrtps_c.h\n'}
[2.110128] (px4_msgs) StdoutLine: {'line': b'-- Up-to-date symlink: /home/maxim/super_ws/install/px4_msgs/include/px4_msgs/px4_msgs/msg/detail/rpm__rosidl_typesupport_fastrtps_c.h\n'}
[2.110280] (px4_msgs) StdoutLine: {'line': b'-- Up-to-date symlink: /home/maxim/super_ws/install/px4_msgs/include/px4_msgs/px4_msgs/msg/detail/rtl_status__rosidl_typesupport_fastrtps_c.h\n'}
[2.110431] (px4_msgs) StdoutLine: {'line': b'-- Up-to-date symlink: /home/maxim/super_ws/install/px4_msgs/include/px4_msgs/px4_msgs/msg/detail/rtl_time_estimate__rosidl_typesupport_fastrtps_c.h\n'}
[2.110591] (px4_msgs) StdoutLine: {'line': b'-- Up-to-date symlink: /home/maxim/super_ws/install/px4_msgs/include/px4_msgs/px4_msgs/msg/detail/satellite_info__rosidl_typesupport_fastrtps_c.h\n'}
[2.110734] (px4_msgs) StdoutLine: {'line': b'-- Up-to-date symlink: /home/maxim/super_ws/install/px4_msgs/include/px4_msgs/px4_msgs/msg/detail/sensor_accel__rosidl_typesupport_fastrtps_c.h\n'}
[2.110893] (px4_msgs) StdoutLine: {'line': b'-- Up-to-date symlink: /home/maxim/super_ws/install/px4_msgs/include/px4_msgs/px4_msgs/msg/detail/sensor_accel_fifo__rosidl_typesupport_fastrtps_c.h\n'}
[2.111049] (px4_msgs) StdoutLine: {'line': b'-- Up-to-date symlink: /home/maxim/super_ws/install/px4_msgs/include/px4_msgs/px4_msgs/msg/detail/sensor_airflow__rosidl_typesupport_fastrtps_c.h\n'}
[2.111196] (px4_msgs) StdoutLine: {'line': b'-- Up-to-date symlink: /home/maxim/super_ws/install/px4_msgs/include/px4_msgs/px4_msgs/msg/detail/sensor_baro__rosidl_typesupport_fastrtps_c.h\n'}
[2.111345] (px4_msgs) StdoutLine: {'line': b'-- Up-to-date symlink: /home/maxim/super_ws/install/px4_msgs/include/px4_msgs/px4_msgs/msg/detail/sensor_combined__rosidl_typesupport_fastrtps_c.h\n'}
[2.111513] (px4_msgs) StdoutLine: {'line': b'-- Up-to-date symlink: /home/maxim/super_ws/install/px4_msgs/include/px4_msgs/px4_msgs/msg/detail/sensor_correction__rosidl_typesupport_fastrtps_c.h\n'}
[2.111615] (px4_msgs) StdoutLine: {'line': b'-- Up-to-date symlink: /home/maxim/super_ws/install/px4_msgs/include/px4_msgs/px4_msgs/msg/detail/sensor_gnss_relative__rosidl_typesupport_fastrtps_c.h\n'}
[2.111720] (px4_msgs) StdoutLine: {'line': b'-- Up-to-date symlink: /home/maxim/super_ws/install/px4_msgs/include/px4_msgs/px4_msgs/msg/detail/sensor_gnss_status__rosidl_typesupport_fastrtps_c.h\n'}
[2.111861] (px4_msgs) StdoutLine: {'line': b'-- Up-to-date symlink: /home/maxim/super_ws/install/px4_msgs/include/px4_msgs/px4_msgs/msg/detail/sensor_gps__rosidl_typesupport_fastrtps_c.h\n'}
[2.111942] (px4_msgs) StdoutLine: {'line': b'-- Up-to-date symlink: /home/maxim/super_ws/install/px4_msgs/include/px4_msgs/px4_msgs/msg/detail/sensor_gyro__rosidl_typesupport_fastrtps_c.h\n'}
[2.112051] (px4_msgs) StdoutLine: {'line': b'-- Up-to-date symlink: /home/maxim/super_ws/install/px4_msgs/include/px4_msgs/px4_msgs/msg/detail/sensor_gyro_fft__rosidl_typesupport_fastrtps_c.h\n'}
[2.112164] (px4_msgs) StdoutLine: {'line': b'-- Up-to-date symlink: /home/maxim/super_ws/install/px4_msgs/include/px4_msgs/px4_msgs/msg/detail/sensor_gyro_fifo__rosidl_typesupport_fastrtps_c.h\n'}
[2.112271] (px4_msgs) StdoutLine: {'line': b'-- Up-to-date symlink: /home/maxim/super_ws/install/px4_msgs/include/px4_msgs/px4_msgs/msg/detail/sensor_hygrometer__rosidl_typesupport_fastrtps_c.h\n'}
[2.112382] (px4_msgs) StdoutLine: {'line': b'-- Up-to-date symlink: /home/maxim/super_ws/install/px4_msgs/include/px4_msgs/px4_msgs/msg/detail/sensor_mag__rosidl_typesupport_fastrtps_c.h\n'}
[2.112552] (px4_msgs) StdoutLine: {'line': b'-- Up-to-date symlink: /home/maxim/super_ws/install/px4_msgs/include/px4_msgs/px4_msgs/msg/detail/sensor_optical_flow__rosidl_typesupport_fastrtps_c.h\n'}
[2.112703] (px4_msgs) StdoutLine: {'line': b'-- Up-to-date symlink: /home/maxim/super_ws/install/px4_msgs/include/px4_msgs/px4_msgs/msg/detail/sensor_preflight_mag__rosidl_typesupport_fastrtps_c.h\n'}
[2.112864] (px4_msgs) StdoutLine: {'line': b'-- Up-to-date symlink: /home/maxim/super_ws/install/px4_msgs/include/px4_msgs/px4_msgs/msg/detail/sensor_selection__rosidl_typesupport_fastrtps_c.h\n'}
[2.113013] (px4_msgs) StdoutLine: {'line': b'-- Up-to-date symlink: /home/maxim/super_ws/install/px4_msgs/include/px4_msgs/px4_msgs/msg/detail/sensor_temp__rosidl_typesupport_fastrtps_c.h\n'}
[2.113162] (px4_msgs) StdoutLine: {'line': b'-- Up-to-date symlink: /home/maxim/super_ws/install/px4_msgs/include/px4_msgs/px4_msgs/msg/detail/sensor_uwb__rosidl_typesupport_fastrtps_c.h\n'}
[2.113310] (px4_msgs) StdoutLine: {'line': b'-- Up-to-date symlink: /home/maxim/super_ws/install/px4_msgs/include/px4_msgs/px4_msgs/msg/detail/sensors_status__rosidl_typesupport_fastrtps_c.h\n'}
[2.113491] (px4_msgs) StdoutLine: {'line': b'-- Up-to-date symlink: /home/maxim/super_ws/install/px4_msgs/include/px4_msgs/px4_msgs/msg/detail/sensors_status_imu__rosidl_typesupport_fastrtps_c.h\n'}
[2.113638] (px4_msgs) StdoutLine: {'line': b'-- Up-to-date symlink: /home/maxim/super_ws/install/px4_msgs/include/px4_msgs/px4_msgs/msg/detail/system_power__rosidl_typesupport_fastrtps_c.h\n'}
[2.113832] (px4_msgs) StdoutLine: {'line': b'-- Up-to-date symlink: /home/maxim/super_ws/install/px4_msgs/include/px4_msgs/px4_msgs/msg/detail/takeoff_status__rosidl_typesupport_fastrtps_c.h\n'}
[2.113927] (px4_msgs) StdoutLine: {'line': b'-- Up-to-date symlink: /home/maxim/super_ws/install/px4_msgs/include/px4_msgs/px4_msgs/msg/detail/target_gnss__rosidl_typesupport_fastrtps_c.h\n'}
[2.114122] (px4_msgs) StdoutLine: {'line': b'-- Up-to-date symlink: /home/maxim/super_ws/install/px4_msgs/include/px4_msgs/px4_msgs/msg/detail/task_stack_info__rosidl_typesupport_fastrtps_c.h\n'}
[2.114263] (px4_msgs) StdoutLine: {'line': b'-- Up-to-date symlink: /home/maxim/super_ws/install/px4_msgs/include/px4_msgs/px4_msgs/msg/detail/tecs_status__rosidl_typesupport_fastrtps_c.h\n'}
[2.114386] (px4_msgs) StdoutLine: {'line': b'-- Up-to-date symlink: /home/maxim/super_ws/install/px4_msgs/include/px4_msgs/px4_msgs/msg/detail/telemetry_status__rosidl_typesupport_fastrtps_c.h\n'}
[2.114512] (px4_msgs) StdoutLine: {'line': b'-- Up-to-date symlink: /home/maxim/super_ws/install/px4_msgs/include/px4_msgs/px4_msgs/msg/detail/tiltrotor_extra_controls__rosidl_typesupport_fastrtps_c.h\n'}
[2.114662] (px4_msgs) StdoutLine: {'line': b'-- Up-to-date symlink: /home/maxim/super_ws/install/px4_msgs/include/px4_msgs/px4_msgs/msg/detail/timesync_status__rosidl_typesupport_fastrtps_c.h\n'}
[2.114856] (px4_msgs) StdoutLine: {'line': b'-- Up-to-date symlink: /home/maxim/super_ws/install/px4_msgs/include/px4_msgs/px4_msgs/msg/detail/trajectory_setpoint6dof__rosidl_typesupport_fastrtps_c.h\n'}
[2.115057] (px4_msgs) StdoutLine: {'line': b'-- Up-to-date symlink: /home/maxim/super_ws/install/px4_msgs/include/px4_msgs/px4_msgs/msg/detail/trajectory_setpoint__rosidl_typesupport_fastrtps_c.h\n'}
[2.115241] (px4_msgs) StdoutLine: {'line': b'-- Up-to-date symlink: /home/maxim/super_ws/install/px4_msgs/include/px4_msgs/px4_msgs/msg/detail/transponder_report__rosidl_typesupport_fastrtps_c.h\n'}
[2.115396] (px4_msgs) StdoutLine: {'line': b'-- Up-to-date symlink: /home/maxim/super_ws/install/px4_msgs/include/px4_msgs/px4_msgs/msg/detail/tune_control__rosidl_typesupport_fastrtps_c.h\n'}
[2.115549] (px4_msgs) StdoutLine: {'line': b'-- Up-to-date symlink: /home/maxim/super_ws/install/px4_msgs/include/px4_msgs/px4_msgs/msg/detail/uavcan_parameter_request__rosidl_typesupport_fastrtps_c.h\n'}
[2.115704] (px4_msgs) StdoutLine: {'line': b'-- Up-to-date symlink: /home/maxim/super_ws/install/px4_msgs/include/px4_msgs/px4_msgs/msg/detail/uavcan_parameter_value__rosidl_typesupport_fastrtps_c.h\n'}
[2.115864] (px4_msgs) StdoutLine: {'line': b'-- Up-to-date symlink: /home/maxim/super_ws/install/px4_msgs/include/px4_msgs/px4_msgs/msg/detail/ulog_stream__rosidl_typesupport_fastrtps_c.h\n'}
[2.116016] (px4_msgs) StdoutLine: {'line': b'-- Up-to-date symlink: /home/maxim/super_ws/install/px4_msgs/include/px4_msgs/px4_msgs/msg/detail/ulog_stream_ack__rosidl_typesupport_fastrtps_c.h\n'}
[2.116166] (px4_msgs) StdoutLine: {'line': b'-- Up-to-date symlink: /home/maxim/super_ws/install/px4_msgs/include/px4_msgs/px4_msgs/msg/detail/unregister_ext_component__rosidl_typesupport_fastrtps_c.h\n'}
[2.116322] (px4_msgs) StdoutLine: {'line': b'-- Up-to-date symlink: /home/maxim/super_ws/install/px4_msgs/include/px4_msgs/px4_msgs/msg/detail/vehicle_acceleration__rosidl_typesupport_fastrtps_c.h\n'}
[2.116535] (px4_msgs) StdoutLine: {'line': b'-- Up-to-date symlink: /home/maxim/super_ws/install/px4_msgs/include/px4_msgs/px4_msgs/msg/detail/vehicle_air_data__rosidl_typesupport_fastrtps_c.h\n'}
[2.116713] (px4_msgs) StdoutLine: {'line': b'-- Up-to-date symlink: /home/maxim/super_ws/install/px4_msgs/include/px4_msgs/px4_msgs/msg/detail/vehicle_angular_acceleration_setpoint__rosidl_typesupport_fastrtps_c.h\n'}
[2.116903] (px4_msgs) StdoutLine: {'line': b'-- Up-to-date symlink: /home/maxim/super_ws/install/px4_msgs/include/px4_msgs/px4_msgs/msg/detail/vehicle_angular_velocity__rosidl_typesupport_fastrtps_c.h\n'}
[2.117060] (px4_msgs) StdoutLine: {'line': b'-- Up-to-date symlink: /home/maxim/super_ws/install/px4_msgs/include/px4_msgs/px4_msgs/msg/detail/vehicle_attitude__rosidl_typesupport_fastrtps_c.h\n'}
[2.117215] (px4_msgs) StdoutLine: {'line': b'-- Up-to-date symlink: /home/maxim/super_ws/install/px4_msgs/include/px4_msgs/px4_msgs/msg/detail/vehicle_attitude_setpoint__rosidl_typesupport_fastrtps_c.h\n'}
[2.117362] (px4_msgs) StdoutLine: {'line': b'-- Up-to-date symlink: /home/maxim/super_ws/install/px4_msgs/include/px4_msgs/px4_msgs/msg/detail/vehicle_command__rosidl_typesupport_fastrtps_c.h\n'}
[2.117461] (px4_msgs) StdoutLine: {'line': b'-- Up-to-date symlink: /home/maxim/super_ws/install/px4_msgs/include/px4_msgs/px4_msgs/msg/detail/vehicle_command_ack__rosidl_typesupport_fastrtps_c.h\n'}
[2.117614] (px4_msgs) StdoutLine: {'line': b'-- Up-to-date symlink: /home/maxim/super_ws/install/px4_msgs/include/px4_msgs/px4_msgs/msg/detail/vehicle_constraints__rosidl_typesupport_fastrtps_c.h\n'}
[2.117854] (px4_msgs) StdoutLine: {'line': b'-- Up-to-date symlink: /home/maxim/super_ws/install/px4_msgs/include/px4_msgs/px4_msgs/msg/detail/vehicle_control_mode__rosidl_typesupport_fastrtps_c.h\n'}
[2.118142] (px4_msgs) StdoutLine: {'line': b'-- Up-to-date symlink: /home/maxim/super_ws/install/px4_msgs/include/px4_msgs/px4_msgs/msg/detail/vehicle_global_position__rosidl_typesupport_fastrtps_c.h\n'}
[2.118238] (px4_msgs) StdoutLine: {'line': b'-- Up-to-date symlink: /home/maxim/super_ws/install/px4_msgs/include/px4_msgs/px4_msgs/msg/detail/vehicle_imu__rosidl_typesupport_fastrtps_c.h\n'}
[2.118377] (px4_msgs) StdoutLine: {'line': b'-- Up-to-date symlink: /home/maxim/super_ws/install/px4_msgs/include/px4_msgs/px4_msgs/msg/detail/vehicle_imu_status__rosidl_typesupport_fastrtps_c.h\n'}
[2.118520] (px4_msgs) StdoutLine: {'line': b'-- Up-to-date symlink: /home/maxim/super_ws/install/px4_msgs/include/px4_msgs/px4_msgs/msg/detail/vehicle_land_detected__rosidl_typesupport_fastrtps_c.h\n'}
[2.118695] (px4_msgs) StdoutLine: {'line': b'-- Up-to-date symlink: /home/maxim/super_ws/install/px4_msgs/include/px4_msgs/px4_msgs/msg/detail/vehicle_local_position__rosidl_typesupport_fastrtps_c.h\n'}
[2.118948] (px4_msgs) StdoutLine: {'line': b'-- Up-to-date symlink: /home/maxim/super_ws/install/px4_msgs/include/px4_msgs/px4_msgs/msg/detail/vehicle_local_position_setpoint__rosidl_typesupport_fastrtps_c.h\n'}
[2.119041] (px4_msgs) StdoutLine: {'line': b'-- Up-to-date symlink: /home/maxim/super_ws/install/px4_msgs/include/px4_msgs/px4_msgs/msg/detail/vehicle_magnetometer__rosidl_typesupport_fastrtps_c.h\n'}
[2.119179] (px4_msgs) StdoutLine: {'line': b'-- Up-to-date symlink: /home/maxim/super_ws/install/px4_msgs/include/px4_msgs/px4_msgs/msg/detail/vehicle_odometry__rosidl_typesupport_fastrtps_c.h\n'}
[2.119352] (px4_msgs) StdoutLine: {'line': b'-- Up-to-date symlink: /home/maxim/super_ws/install/px4_msgs/include/px4_msgs/px4_msgs/msg/detail/vehicle_optical_flow__rosidl_typesupport_fastrtps_c.h\n'}
[2.119677] (px4_msgs) StdoutLine: {'line': b'-- Up-to-date symlink: /home/maxim/super_ws/install/px4_msgs/include/px4_msgs/px4_msgs/msg/detail/vehicle_optical_flow_vel__rosidl_typesupport_fastrtps_c.h\n'}
[2.119815] (px4_msgs) StdoutLine: {'line': b'-- Up-to-date symlink: /home/maxim/super_ws/install/px4_msgs/include/px4_msgs/px4_msgs/msg/detail/vehicle_rates_setpoint__rosidl_typesupport_fastrtps_c.h\n'}
[2.119900] (px4_msgs) StdoutLine: {'line': b'-- Up-to-date symlink: /home/maxim/super_ws/install/px4_msgs/include/px4_msgs/px4_msgs/msg/detail/vehicle_roi__rosidl_typesupport_fastrtps_c.h\n'}
[2.120017] (px4_msgs) StdoutLine: {'line': b'-- Up-to-date symlink: /home/maxim/super_ws/install/px4_msgs/include/px4_msgs/px4_msgs/msg/detail/vehicle_status__rosidl_typesupport_fastrtps_c.h\n'}
[2.120197] (px4_msgs) StdoutLine: {'line': b'-- Up-to-date symlink: /home/maxim/super_ws/install/px4_msgs/include/px4_msgs/px4_msgs/msg/detail/vehicle_thrust_setpoint__rosidl_typesupport_fastrtps_c.h\n'}
[2.120359] (px4_msgs) StdoutLine: {'line': b'-- Up-to-date symlink: /home/maxim/super_ws/install/px4_msgs/include/px4_msgs/px4_msgs/msg/detail/vehicle_torque_setpoint__rosidl_typesupport_fastrtps_c.h\n'}
[2.120530] (px4_msgs) StdoutLine: {'line': b'-- Up-to-date symlink: /home/maxim/super_ws/install/px4_msgs/include/px4_msgs/px4_msgs/msg/detail/velocity_limits__rosidl_typesupport_fastrtps_c.h\n'}
[2.120639] (px4_msgs) StdoutLine: {'line': b'-- Up-to-date symlink: /home/maxim/super_ws/install/px4_msgs/include/px4_msgs/px4_msgs/msg/detail/vte_aid_source1d__rosidl_typesupport_fastrtps_c.h\n'}
[2.120802] (px4_msgs) StdoutLine: {'line': b'-- Up-to-date symlink: /home/maxim/super_ws/install/px4_msgs/include/px4_msgs/px4_msgs/msg/detail/vte_aid_source3d__rosidl_typesupport_fastrtps_c.h\n'}
[2.121000] (px4_msgs) StdoutLine: {'line': b'-- Up-to-date symlink: /home/maxim/super_ws/install/px4_msgs/include/px4_msgs/px4_msgs/msg/detail/vte_bias_init_status__rosidl_typesupport_fastrtps_c.h\n'}
[2.121119] (px4_msgs) StdoutLine: {'line': b'-- Up-to-date symlink: /home/maxim/super_ws/install/px4_msgs/include/px4_msgs/px4_msgs/msg/detail/vte_input__rosidl_typesupport_fastrtps_c.h\n'}
[2.121232] (px4_msgs) StdoutLine: {'line': b'-- Up-to-date symlink: /home/maxim/super_ws/install/px4_msgs/include/px4_msgs/px4_msgs/msg/detail/vte_orientation__rosidl_typesupport_fastrtps_c.h\n'}
[2.121350] (px4_msgs) StdoutLine: {'line': b'-- Up-to-date symlink: /home/maxim/super_ws/install/px4_msgs/include/px4_msgs/px4_msgs/msg/detail/vte_position__rosidl_typesupport_fastrtps_c.h\n'}
[2.121456] (px4_msgs) StdoutLine: {'line': b'-- Up-to-date symlink: /home/maxim/super_ws/install/px4_msgs/include/px4_msgs/px4_msgs/msg/detail/vtol_vehicle_status__rosidl_typesupport_fastrtps_c.h\n'}
[2.121569] (px4_msgs) StdoutLine: {'line': b'-- Up-to-date symlink: /home/maxim/super_ws/install/px4_msgs/include/px4_msgs/px4_msgs/msg/detail/vtx__rosidl_typesupport_fastrtps_c.h\n'}
[2.121646] (px4_msgs) StdoutLine: {'line': b'-- Up-to-date symlink: /home/maxim/super_ws/install/px4_msgs/include/px4_msgs/px4_msgs/msg/detail/wheel_encoders__rosidl_typesupport_fastrtps_c.h\n'}
[2.121797] (px4_msgs) StdoutLine: {'line': b'-- Up-to-date symlink: /home/maxim/super_ws/install/px4_msgs/include/px4_msgs/px4_msgs/msg/detail/wind__rosidl_typesupport_fastrtps_c.h\n'}
[2.121898] (px4_msgs) StdoutLine: {'line': b'-- Up-to-date symlink: /home/maxim/super_ws/install/px4_msgs/include/px4_msgs/px4_msgs/msg/detail/yaw_estimator_status__rosidl_typesupport_fastrtps_c.h\n'}
[2.122053] (px4_msgs) StdoutLine: {'line': b'-- Up-to-date symlink: /home/maxim/super_ws/install/px4_msgs/include/px4_msgs/px4_msgs/msg/rosidl_typesupport_fastrtps_c__visibility_control.h\n'}
[2.122171] (px4_msgs) StdoutLine: {'line': b'-- Up-to-date symlink: /home/maxim/super_ws/install/px4_msgs/include/px4_msgs/px4_msgs/srv/detail/vehicle_command__rosidl_typesupport_fastrtps_c.h\n'}
[2.129411] (px4_msgs) StdoutLine: {'line': b'-- Up-to-date symlink: /home/maxim/super_ws/install/px4_msgs/include/px4_msgs/px4_msgs/msg/action_request.hpp\n'}
[2.129557] (px4_msgs) StdoutLine: {'line': b'-- Up-to-date symlink: /home/maxim/super_ws/install/px4_msgs/include/px4_msgs/px4_msgs/msg/actuator_armed.hpp\n'}
[2.129649] (px4_msgs) StdoutLine: {'line': b'-- Up-to-date symlink: /home/maxim/super_ws/install/px4_msgs/include/px4_msgs/px4_msgs/msg/actuator_controls_status.hpp\n'}
[2.129735] (px4_msgs) StdoutLine: {'line': b'-- Up-to-date symlink: /home/maxim/super_ws/install/px4_msgs/include/px4_msgs/px4_msgs/msg/actuator_motors.hpp\n'}
[2.129814] (px4_msgs) StdoutLine: {'line': b'-- Up-to-date symlink: /home/maxim/super_ws/install/px4_msgs/include/px4_msgs/px4_msgs/msg/actuator_outputs.hpp\n'}
[2.129908] (px4_msgs) StdoutLine: {'line': b'-- Up-to-date symlink: /home/maxim/super_ws/install/px4_msgs/include/px4_msgs/px4_msgs/msg/actuator_servos.hpp\n'}
[2.129985] (px4_msgs) StdoutLine: {'line': b'-- Up-to-date symlink: /home/maxim/super_ws/install/px4_msgs/include/px4_msgs/px4_msgs/msg/actuator_servos_trim.hpp\n'}
[2.130091] (px4_msgs) StdoutLine: {'line': b'-- Up-to-date symlink: /home/maxim/super_ws/install/px4_msgs/include/px4_msgs/px4_msgs/msg/actuator_test.hpp\n'}
[2.130226] (px4_msgs) StdoutLine: {'line': b'-- Up-to-date symlink: /home/maxim/super_ws/install/px4_msgs/include/px4_msgs/px4_msgs/msg/adc_report.hpp\n'}
[2.130312] (px4_msgs) StdoutLine: {'line': b'-- Up-to-date symlink: /home/maxim/super_ws/install/px4_msgs/include/px4_msgs/px4_msgs/msg/airspeed.hpp\n'}
[2.130416] (px4_msgs) StdoutLine: {'line': b'-- Up-to-date symlink: /home/maxim/super_ws/install/px4_msgs/include/px4_msgs/px4_msgs/msg/airspeed_validated.hpp\n'}
[2.130538] (px4_msgs) StdoutLine: {'line': b'-- Up-to-date symlink: /home/maxim/super_ws/install/px4_msgs/include/px4_msgs/px4_msgs/msg/airspeed_wind.hpp\n'}
[2.130662] (px4_msgs) StdoutLine: {'line': b'-- Up-to-date symlink: /home/maxim/super_ws/install/px4_msgs/include/px4_msgs/px4_msgs/msg/arming_check_reply.hpp\n'}
[2.130777] (px4_msgs) StdoutLine: {'line': b'-- Up-to-date symlink: /home/maxim/super_ws/install/px4_msgs/include/px4_msgs/px4_msgs/msg/arming_check_request.hpp\n'}
[2.130884] (px4_msgs) StdoutLine: {'line': b'-- Up-to-date symlink: /home/maxim/super_ws/install/px4_msgs/include/px4_msgs/px4_msgs/msg/autotune_attitude_control_status.hpp\n'}
[2.131022] (px4_msgs) StdoutLine: {'line': b'-- Up-to-date symlink: /home/maxim/super_ws/install/px4_msgs/include/px4_msgs/px4_msgs/msg/aux_global_position.hpp\n'}
[2.131128] (px4_msgs) StdoutLine: {'line': b'-- Up-to-date symlink: /home/maxim/super_ws/install/px4_msgs/include/px4_msgs/px4_msgs/msg/battery_info.hpp\n'}
[2.131228] (px4_msgs) StdoutLine: {'line': b'-- Up-to-date symlink: /home/maxim/super_ws/install/px4_msgs/include/px4_msgs/px4_msgs/msg/battery_status.hpp\n'}
[2.131307] (px4_msgs) StdoutLine: {'line': b'-- Up-to-date symlink: /home/maxim/super_ws/install/px4_msgs/include/px4_msgs/px4_msgs/msg/button_event.hpp\n'}
[2.131382] (px4_msgs) StdoutLine: {'line': b'-- Up-to-date symlink: /home/maxim/super_ws/install/px4_msgs/include/px4_msgs/px4_msgs/msg/camera_capture.hpp\n'}
[2.131500] (px4_msgs) StdoutLine: {'line': b'-- Up-to-date symlink: /home/maxim/super_ws/install/px4_msgs/include/px4_msgs/px4_msgs/msg/camera_status.hpp\n'}
[2.131609] (px4_msgs) StdoutLine: {'line': b'-- Up-to-date symlink: /home/maxim/super_ws/install/px4_msgs/include/px4_msgs/px4_msgs/msg/camera_trigger.hpp\n'}
[2.131699] (px4_msgs) StdoutLine: {'line': b'-- Up-to-date symlink: /home/maxim/super_ws/install/px4_msgs/include/px4_msgs/px4_msgs/msg/can_interface_status.hpp\n'}
[2.131847] (px4_msgs) StdoutLine: {'line': b'-- Up-to-date symlink: /home/maxim/super_ws/install/px4_msgs/include/px4_msgs/px4_msgs/msg/cellular_status.hpp\n'}
[2.131965] (px4_msgs) StdoutLine: {'line': b'-- Up-to-date symlink: /home/maxim/super_ws/install/px4_msgs/include/px4_msgs/px4_msgs/msg/collision_constraints.hpp\n'}
[2.132068] (px4_msgs) StdoutLine: {'line': b'-- Up-to-date symlink: /home/maxim/super_ws/install/px4_msgs/include/px4_msgs/px4_msgs/msg/config_overrides.hpp\n'}
[2.132192] (px4_msgs) StdoutLine: {'line': b'-- Up-to-date symlink: /home/maxim/super_ws/install/px4_msgs/include/px4_msgs/px4_msgs/msg/control_allocator_status.hpp\n'}
[2.132331] (px4_msgs) StdoutLine: {'line': b'-- Up-to-date symlink: /home/maxim/super_ws/install/px4_msgs/include/px4_msgs/px4_msgs/msg/cpuload.hpp\n'}
[2.132484] (px4_msgs) StdoutLine: {'line': b'-- Up-to-date symlink: /home/maxim/super_ws/install/px4_msgs/include/px4_msgs/px4_msgs/msg/dataman_request.hpp\n'}
[2.132579] (px4_msgs) StdoutLine: {'line': b'-- Up-to-date symlink: /home/maxim/super_ws/install/px4_msgs/include/px4_msgs/px4_msgs/msg/dataman_response.hpp\n'}
[2.132683] (px4_msgs) StdoutLine: {'line': b'-- Up-to-date symlink: /home/maxim/super_ws/install/px4_msgs/include/px4_msgs/px4_msgs/msg/debug_array.hpp\n'}
[2.132766] (px4_msgs) StdoutLine: {'line': b'-- Up-to-date symlink: /home/maxim/super_ws/install/px4_msgs/include/px4_msgs/px4_msgs/msg/debug_key_value.hpp\n'}
[2.132846] (px4_msgs) StdoutLine: {'line': b'-- Up-to-date symlink: /home/maxim/super_ws/install/px4_msgs/include/px4_msgs/px4_msgs/msg/debug_value.hpp\n'}
[2.132917] (px4_msgs) StdoutLine: {'line': b'-- Up-to-date symlink: /home/maxim/super_ws/install/px4_msgs/include/px4_msgs/px4_msgs/msg/debug_vect.hpp\n'}
[2.132993] (px4_msgs) StdoutLine: {'line': b'-- Up-to-date symlink: /home/maxim/super_ws/install/px4_msgs/include/px4_msgs/px4_msgs/msg/detail/action_request__builder.hpp\n'}
[2.133102] (px4_msgs) StdoutLine: {'line': b'-- Up-to-date symlink: /home/maxim/super_ws/install/px4_msgs/include/px4_msgs/px4_msgs/msg/detail/action_request__struct.hpp\n'}
[2.133240] (px4_msgs) StdoutLine: {'line': b'-- Up-to-date symlink: /home/maxim/super_ws/install/px4_msgs/include/px4_msgs/px4_msgs/msg/detail/action_request__traits.hpp\n'}
[2.133347] (px4_msgs) StdoutLine: {'line': b'-- Up-to-date symlink: /home/maxim/super_ws/install/px4_msgs/include/px4_msgs/px4_msgs/msg/detail/action_request__type_support.hpp\n'}
[2.133450] (px4_msgs) StdoutLine: {'line': b'-- Up-to-date symlink: /home/maxim/super_ws/install/px4_msgs/include/px4_msgs/px4_msgs/msg/detail/actuator_armed__builder.hpp\n'}
[2.133602] (px4_msgs) StdoutLine: {'line': b'-- Up-to-date symlink: /home/maxim/super_ws/install/px4_msgs/include/px4_msgs/px4_msgs/msg/detail/actuator_armed__struct.hpp\n'}
[2.133776] (px4_msgs) StdoutLine: {'line': b'-- Up-to-date symlink: /home/maxim/super_ws/install/px4_msgs/include/px4_msgs/px4_msgs/msg/detail/actuator_armed__traits.hpp\n'}
[2.133943] (px4_msgs) StdoutLine: {'line': b'-- Up-to-date symlink: /home/maxim/super_ws/install/px4_msgs/include/px4_msgs/px4_msgs/msg/detail/actuator_armed__type_support.hpp\n'}
[2.134118] (px4_msgs) StdoutLine: {'line': b'-- Up-to-date symlink: /home/maxim/super_ws/install/px4_msgs/include/px4_msgs/px4_msgs/msg/detail/actuator_controls_status__builder.hpp\n'}
[2.134235] (px4_msgs) StdoutLine: {'line': b'-- Up-to-date symlink: /home/maxim/super_ws/install/px4_msgs/include/px4_msgs/px4_msgs/msg/detail/actuator_controls_status__struct.hpp\n'}
[2.134398] (px4_msgs) StdoutLine: {'line': b'-- Up-to-date symlink: /home/maxim/super_ws/install/px4_msgs/include/px4_msgs/px4_msgs/msg/detail/actuator_controls_status__traits.hpp\n'}
[2.134554] (px4_msgs) StdoutLine: {'line': b'-- Up-to-date symlink: /home/maxim/super_ws/install/px4_msgs/include/px4_msgs/px4_msgs/msg/detail/actuator_controls_status__type_support.hpp\n'}
[2.134717] (px4_msgs) StdoutLine: {'line': b'-- Up-to-date symlink: /home/maxim/super_ws/install/px4_msgs/include/px4_msgs/px4_msgs/msg/detail/actuator_motors__builder.hpp\n'}
[2.134877] (px4_msgs) StdoutLine: {'line': b'-- Up-to-date symlink: /home/maxim/super_ws/install/px4_msgs/include/px4_msgs/px4_msgs/msg/detail/actuator_motors__struct.hpp\n'}
[2.135027] (px4_msgs) StdoutLine: {'line': b'-- Up-to-date symlink: /home/maxim/super_ws/install/px4_msgs/include/px4_msgs/px4_msgs/msg/detail/actuator_motors__traits.hpp\n'}
[2.135207] (px4_msgs) StdoutLine: {'line': b'-- Up-to-date symlink: /home/maxim/super_ws/install/px4_msgs/include/px4_msgs/px4_msgs/msg/detail/actuator_motors__type_support.hpp\n'}
[2.135358] (px4_msgs) StdoutLine: {'line': b'-- Up-to-date symlink: /home/maxim/super_ws/install/px4_msgs/include/px4_msgs/px4_msgs/msg/detail/actuator_outputs__builder.hpp\n'}
[2.135458] (px4_msgs) StdoutLine: {'line': b'-- Up-to-date symlink: /home/maxim/super_ws/install/px4_msgs/include/px4_msgs/px4_msgs/msg/detail/actuator_outputs__struct.hpp\n'}
[2.135550] (px4_msgs) StdoutLine: {'line': b'-- Up-to-date symlink: /home/maxim/super_ws/install/px4_msgs/include/px4_msgs/px4_msgs/msg/detail/actuator_outputs__traits.hpp\n'}
[2.135659] (px4_msgs) StdoutLine: {'line': b'-- Up-to-date symlink: /home/maxim/super_ws/install/px4_msgs/include/px4_msgs/px4_msgs/msg/detail/actuator_outputs__type_support.hpp\n'}
[2.135807] (px4_msgs) StdoutLine: {'line': b'-- Up-to-date symlink: /home/maxim/super_ws/install/px4_msgs/include/px4_msgs/px4_msgs/msg/detail/actuator_servos__builder.hpp\n'}
[2.135954] (px4_msgs) StdoutLine: {'line': b'-- Up-to-date symlink: /home/maxim/super_ws/install/px4_msgs/include/px4_msgs/px4_msgs/msg/detail/actuator_servos__struct.hpp\n'}
[2.136116] (px4_msgs) StdoutLine: {'line': b'-- Up-to-date symlink: /home/maxim/super_ws/install/px4_msgs/include/px4_msgs/px4_msgs/msg/detail/actuator_servos__traits.hpp\n'}
[2.136241] (px4_msgs) StdoutLine: {'line': b'-- Up-to-date symlink: /home/maxim/super_ws/install/px4_msgs/include/px4_msgs/px4_msgs/msg/detail/actuator_servos__type_support.hpp\n'}
[2.136379] (px4_msgs) StdoutLine: {'line': b'-- Up-to-date symlink: /home/maxim/super_ws/install/px4_msgs/include/px4_msgs/px4_msgs/msg/detail/actuator_servos_trim__builder.hpp\n'}
[2.136547] (px4_msgs) StdoutLine: {'line': b'-- Up-to-date symlink: /home/maxim/super_ws/install/px4_msgs/include/px4_msgs/px4_msgs/msg/detail/actuator_servos_trim__struct.hpp\n'}
[2.136659] (px4_msgs) StdoutLine: {'line': b'-- Up-to-date symlink: /home/maxim/super_ws/install/px4_msgs/include/px4_msgs/px4_msgs/msg/detail/actuator_servos_trim__traits.hpp\n'}
[2.136840] (px4_msgs) StdoutLine: {'line': b'-- Up-to-date symlink: /home/maxim/super_ws/install/px4_msgs/include/px4_msgs/px4_msgs/msg/detail/actuator_servos_trim__type_support.hpp\n'}
[2.136987] (px4_msgs) StdoutLine: {'line': b'-- Up-to-date symlink: /home/maxim/super_ws/install/px4_msgs/include/px4_msgs/px4_msgs/msg/detail/actuator_test__builder.hpp\n'}
[2.137190] (px4_msgs) StdoutLine: {'line': b'-- Up-to-date symlink: /home/maxim/super_ws/install/px4_msgs/include/px4_msgs/px4_msgs/msg/detail/actuator_test__struct.hpp\n'}
[2.137337] (px4_msgs) StdoutLine: {'line': b'-- Up-to-date symlink: /home/maxim/super_ws/install/px4_msgs/include/px4_msgs/px4_msgs/msg/detail/actuator_test__traits.hpp\n'}
[2.137442] (px4_msgs) StdoutLine: {'line': b'-- Up-to-date symlink: /home/maxim/super_ws/install/px4_msgs/include/px4_msgs/px4_msgs/msg/detail/actuator_test__type_support.hpp\n'}
[2.137644] (px4_msgs) StdoutLine: {'line': b'-- Up-to-date symlink: /home/maxim/super_ws/install/px4_msgs/include/px4_msgs/px4_msgs/msg/detail/adc_report__builder.hpp\n'}
[2.137894] (px4_msgs) StdoutLine: {'line': b'-- Up-to-date symlink: /home/maxim/super_ws/install/px4_msgs/include/px4_msgs/px4_msgs/msg/detail/adc_report__struct.hpp\n'}
[2.138104] (px4_msgs) StdoutLine: {'line': b'-- Up-to-date symlink: /home/maxim/super_ws/install/px4_msgs/include/px4_msgs/px4_msgs/msg/detail/adc_report__traits.hpp\n'}
[2.138371] (px4_msgs) StdoutLine: {'line': b'-- Up-to-date symlink: /home/maxim/super_ws/install/px4_msgs/include/px4_msgs/px4_msgs/msg/detail/adc_report__type_support.hpp\n'}
[2.138483] (px4_msgs) StdoutLine: {'line': b'-- Up-to-date symlink: /home/maxim/super_ws/install/px4_msgs/include/px4_msgs/px4_msgs/msg/detail/airspeed__builder.hpp\n'}
[2.138634] (px4_msgs) StdoutLine: {'line': b'-- Up-to-date symlink: /home/maxim/super_ws/install/px4_msgs/include/px4_msgs/px4_msgs/msg/detail/airspeed__struct.hpp\n'}
[2.138793] (px4_msgs) StdoutLine: {'line': b'-- Up-to-date symlink: /home/maxim/super_ws/install/px4_msgs/include/px4_msgs/px4_msgs/msg/detail/airspeed__traits.hpp\n'}
[2.138913] (px4_msgs) StdoutLine: {'line': b'-- Up-to-date symlink: /home/maxim/super_ws/install/px4_msgs/include/px4_msgs/px4_msgs/msg/detail/airspeed__type_support.hpp\n'}
[2.139078] (px4_msgs) StdoutLine: {'line': b'-- Up-to-date symlink: /home/maxim/super_ws/install/px4_msgs/include/px4_msgs/px4_msgs/msg/detail/airspeed_validated__builder.hpp\n'}
[2.139273] (px4_msgs) StdoutLine: {'line': b'-- Up-to-date symlink: /home/maxim/super_ws/install/px4_msgs/include/px4_msgs/px4_msgs/msg/detail/airspeed_validated__struct.hpp\n'}
[2.139467] (px4_msgs) StdoutLine: {'line': b'-- Up-to-date symlink: /home/maxim/super_ws/install/px4_msgs/include/px4_msgs/px4_msgs/msg/detail/airspeed_validated__traits.hpp\n'}
[2.139622] (px4_msgs) StdoutLine: {'line': b'-- Up-to-date symlink: /home/maxim/super_ws/install/px4_msgs/include/px4_msgs/px4_msgs/msg/detail/airspeed_validated__type_support.hpp\n'}
[2.139773] (px4_msgs) StdoutLine: {'line': b'-- Up-to-date symlink: /home/maxim/super_ws/install/px4_msgs/include/px4_msgs/px4_msgs/msg/detail/airspeed_wind__builder.hpp\n'}
[2.139921] (px4_msgs) StdoutLine: {'line': b'-- Up-to-date symlink: /home/maxim/super_ws/install/px4_msgs/include/px4_msgs/px4_msgs/msg/detail/airspeed_wind__struct.hpp\n'}
[2.140079] (px4_msgs) StdoutLine: {'line': b'-- Up-to-date symlink: /home/maxim/super_ws/install/px4_msgs/include/px4_msgs/px4_msgs/msg/detail/airspeed_wind__traits.hpp\n'}
[2.140184] (px4_msgs) StdoutLine: {'line': b'-- Up-to-date symlink: /home/maxim/super_ws/install/px4_msgs/include/px4_msgs/px4_msgs/msg/detail/airspeed_wind__type_support.hpp\n'}
[2.140332] (px4_msgs) StdoutLine: {'line': b'-- Up-to-date symlink: /home/maxim/super_ws/install/px4_msgs/include/px4_msgs/px4_msgs/msg/detail/arming_check_reply__builder.hpp\n'}
[2.140418] (px4_msgs) StdoutLine: {'line': b'-- Up-to-date symlink: /home/maxim/super_ws/install/px4_msgs/include/px4_msgs/px4_msgs/msg/detail/arming_check_reply__struct.hpp\n'}
[2.140539] (px4_msgs) StdoutLine: {'line': b'-- Up-to-date symlink: /home/maxim/super_ws/install/px4_msgs/include/px4_msgs/px4_msgs/msg/detail/arming_check_reply__traits.hpp\n'}
[2.140656] (px4_msgs) StdoutLine: {'line': b'-- Up-to-date symlink: /home/maxim/super_ws/install/px4_msgs/include/px4_msgs/px4_msgs/msg/detail/arming_check_reply__type_support.hpp\n'}
[2.140811] (px4_msgs) StdoutLine: {'line': b'-- Up-to-date symlink: /home/maxim/super_ws/install/px4_msgs/include/px4_msgs/px4_msgs/msg/detail/arming_check_request__builder.hpp\n'}
[2.140918] (px4_msgs) StdoutLine: {'line': b'-- Up-to-date symlink: /home/maxim/super_ws/install/px4_msgs/include/px4_msgs/px4_msgs/msg/detail/arming_check_request__struct.hpp\n'}
[2.140999] (px4_msgs) StdoutLine: {'line': b'-- Up-to-date symlink: /home/maxim/super_ws/install/px4_msgs/include/px4_msgs/px4_msgs/msg/detail/arming_check_request__traits.hpp\n'}
[2.141098] (px4_msgs) StdoutLine: {'line': b'-- Up-to-date symlink: /home/maxim/super_ws/install/px4_msgs/include/px4_msgs/px4_msgs/msg/detail/arming_check_request__type_support.hpp\n'}
[2.141247] (px4_msgs) StdoutLine: {'line': b'-- Up-to-date symlink: /home/maxim/super_ws/install/px4_msgs/include/px4_msgs/px4_msgs/msg/detail/autotune_attitude_control_status__builder.hpp\n'}
[2.141360] (px4_msgs) StdoutLine: {'line': b'-- Up-to-date symlink: /home/maxim/super_ws/install/px4_msgs/include/px4_msgs/px4_msgs/msg/detail/autotune_attitude_control_status__struct.hpp\n'}
[2.141460] (px4_msgs) StdoutLine: {'line': b'-- Up-to-date symlink: /home/maxim/super_ws/install/px4_msgs/include/px4_msgs/px4_msgs/msg/detail/autotune_attitude_control_status__traits.hpp\n'}
[2.141571] (px4_msgs) StdoutLine: {'line': b'-- Up-to-date symlink: /home/maxim/super_ws/install/px4_msgs/include/px4_msgs/px4_msgs/msg/detail/autotune_attitude_control_status__type_support.hpp\n'}
[2.141656] (px4_msgs) StdoutLine: {'line': b'-- Up-to-date symlink: /home/maxim/super_ws/install/px4_msgs/include/px4_msgs/px4_msgs/msg/detail/aux_global_position__builder.hpp\n'}
[2.141821] (px4_msgs) StdoutLine: {'line': b'-- Up-to-date symlink: /home/maxim/super_ws/install/px4_msgs/include/px4_msgs/px4_msgs/msg/detail/aux_global_position__struct.hpp\n'}
[2.141962] (px4_msgs) StdoutLine: {'line': b'-- Up-to-date symlink: /home/maxim/super_ws/install/px4_msgs/include/px4_msgs/px4_msgs/msg/detail/aux_global_position__traits.hpp\n'}
[2.142119] (px4_msgs) StdoutLine: {'line': b'-- Up-to-date symlink: /home/maxim/super_ws/install/px4_msgs/include/px4_msgs/px4_msgs/msg/detail/aux_global_position__type_support.hpp\n'}
[2.142205] (px4_msgs) StdoutLine: {'line': b'-- Up-to-date symlink: /home/maxim/super_ws/install/px4_msgs/include/px4_msgs/px4_msgs/msg/detail/battery_info__builder.hpp\n'}
[2.142301] (px4_msgs) StdoutLine: {'line': b'-- Up-to-date symlink: /home/maxim/super_ws/install/px4_msgs/include/px4_msgs/px4_msgs/msg/detail/battery_info__struct.hpp\n'}
[2.142388] (px4_msgs) StdoutLine: {'line': b'-- Up-to-date symlink: /home/maxim/super_ws/install/px4_msgs/include/px4_msgs/px4_msgs/msg/detail/battery_info__traits.hpp\n'}
[2.142463] (px4_msgs) StdoutLine: {'line': b'-- Up-to-date symlink: /home/maxim/super_ws/install/px4_msgs/include/px4_msgs/px4_msgs/msg/detail/battery_info__type_support.hpp\n'}
[2.142586] (px4_msgs) StdoutLine: {'line': b'-- Up-to-date symlink: /home/maxim/super_ws/install/px4_msgs/include/px4_msgs/px4_msgs/msg/detail/battery_status__builder.hpp\n'}
[2.142679] (px4_msgs) StdoutLine: {'line': b'-- Up-to-date symlink: /home/maxim/super_ws/install/px4_msgs/include/px4_msgs/px4_msgs/msg/detail/battery_status__struct.hpp\n'}
[2.142769] (px4_msgs) StdoutLine: {'line': b'-- Up-to-date symlink: /home/maxim/super_ws/install/px4_msgs/include/px4_msgs/px4_msgs/msg/detail/battery_status__traits.hpp\n'}
[2.142893] (px4_msgs) StdoutLine: {'line': b'-- Up-to-date symlink: /home/maxim/super_ws/install/px4_msgs/include/px4_msgs/px4_msgs/msg/detail/battery_status__type_support.hpp\n'}
[2.143010] (px4_msgs) StdoutLine: {'line': b'-- Up-to-date symlink: /home/maxim/super_ws/install/px4_msgs/include/px4_msgs/px4_msgs/msg/detail/button_event__builder.hpp\n'}
[2.143110] (px4_msgs) StdoutLine: {'line': b'-- Up-to-date symlink: /home/maxim/super_ws/install/px4_msgs/include/px4_msgs/px4_msgs/msg/detail/button_event__struct.hpp\n'}
[2.143214] (px4_msgs) StdoutLine: {'line': b'-- Up-to-date symlink: /home/maxim/super_ws/install/px4_msgs/include/px4_msgs/px4_msgs/msg/detail/button_event__traits.hpp\n'}
[2.143321] (px4_msgs) StdoutLine: {'line': b'-- Up-to-date symlink: /home/maxim/super_ws/install/px4_msgs/include/px4_msgs/px4_msgs/msg/detail/button_event__type_support.hpp\n'}
[2.143431] (px4_msgs) StdoutLine: {'line': b'-- Up-to-date symlink: /home/maxim/super_ws/install/px4_msgs/include/px4_msgs/px4_msgs/msg/detail/camera_capture__builder.hpp\n'}
[2.143563] (px4_msgs) StdoutLine: {'line': b'-- Up-to-date symlink: /home/maxim/super_ws/install/px4_msgs/include/px4_msgs/px4_msgs/msg/detail/camera_capture__struct.hpp\n'}
[2.143674] (px4_msgs) StdoutLine: {'line': b'-- Up-to-date symlink: /home/maxim/super_ws/install/px4_msgs/include/px4_msgs/px4_msgs/msg/detail/camera_capture__traits.hpp\n'}
[2.143794] (px4_msgs) StdoutLine: {'line': b'-- Up-to-date symlink: /home/maxim/super_ws/install/px4_msgs/include/px4_msgs/px4_msgs/msg/detail/camera_capture__type_support.hpp\n'}
[2.143928] (px4_msgs) StdoutLine: {'line': b'-- Up-to-date symlink: /home/maxim/super_ws/install/px4_msgs/include/px4_msgs/px4_msgs/msg/detail/camera_status__builder.hpp\n'}
[2.144045] (px4_msgs) StdoutLine: {'line': b'-- Up-to-date symlink: /home/maxim/super_ws/install/px4_msgs/include/px4_msgs/px4_msgs/msg/detail/camera_status__struct.hpp\n'}
[2.144178] (px4_msgs) StdoutLine: {'line': b'-- Up-to-date symlink: /home/maxim/super_ws/install/px4_msgs/include/px4_msgs/px4_msgs/msg/detail/camera_status__traits.hpp\n'}
[2.144287] (px4_msgs) StdoutLine: {'line': b'-- Up-to-date symlink: /home/maxim/super_ws/install/px4_msgs/include/px4_msgs/px4_msgs/msg/detail/camera_status__type_support.hpp\n'}
[2.144523] (px4_msgs) StdoutLine: {'line': b'-- Up-to-date symlink: /home/maxim/super_ws/install/px4_msgs/include/px4_msgs/px4_msgs/msg/detail/camera_trigger__builder.hpp\n'}
[2.144707] (px4_msgs) StdoutLine: {'line': b'-- Up-to-date symlink: /home/maxim/super_ws/install/px4_msgs/include/px4_msgs/px4_msgs/msg/detail/camera_trigger__struct.hpp\n'}
[2.144927] (px4_msgs) StdoutLine: {'line': b'-- Up-to-date symlink: /home/maxim/super_ws/install/px4_msgs/include/px4_msgs/px4_msgs/msg/detail/camera_trigger__traits.hpp\n'}
[2.145201] (px4_msgs) StdoutLine: {'line': b'-- Up-to-date symlink: /home/maxim/super_ws/install/px4_msgs/include/px4_msgs/px4_msgs/msg/detail/camera_trigger__type_support.hpp\n'}
[2.145346] (px4_msgs) StdoutLine: {'line': b'-- Up-to-date symlink: /home/maxim/super_ws/install/px4_msgs/include/px4_msgs/px4_msgs/msg/detail/can_interface_status__builder.hpp\n'}
[2.145470] (px4_msgs) StdoutLine: {'line': b'-- Up-to-date symlink: /home/maxim/super_ws/install/px4_msgs/include/px4_msgs/px4_msgs/msg/detail/can_interface_status__struct.hpp\n'}
[2.145593] (px4_msgs) StdoutLine: {'line': b'-- Up-to-date symlink: /home/maxim/super_ws/install/px4_msgs/include/px4_msgs/px4_msgs/msg/detail/can_interface_status__traits.hpp\n'}
[2.145735] (px4_msgs) StdoutLine: {'line': b'-- Up-to-date symlink: /home/maxim/super_ws/install/px4_msgs/include/px4_msgs/px4_msgs/msg/detail/can_interface_status__type_support.hpp\n'}
[2.145944] (px4_msgs) StdoutLine: {'line': b'-- Up-to-date symlink: /home/maxim/super_ws/install/px4_msgs/include/px4_msgs/px4_msgs/msg/detail/cellular_status__builder.hpp\n'}
[2.146061] (px4_msgs) StdoutLine: {'line': b'-- Up-to-date symlink: /home/maxim/super_ws/install/px4_msgs/include/px4_msgs/px4_msgs/msg/detail/cellular_status__struct.hpp\n'}
[2.146204] (px4_msgs) StdoutLine: {'line': b'-- Up-to-date symlink: /home/maxim/super_ws/install/px4_msgs/include/px4_msgs/px4_msgs/msg/detail/cellular_status__traits.hpp\n'}
[2.146364] (px4_msgs) StdoutLine: {'line': b'-- Up-to-date symlink: /home/maxim/super_ws/install/px4_msgs/include/px4_msgs/px4_msgs/msg/detail/cellular_status__type_support.hpp\n'}
[2.146505] (px4_msgs) StdoutLine: {'line': b'-- Up-to-date symlink: /home/maxim/super_ws/install/px4_msgs/include/px4_msgs/px4_msgs/msg/detail/collision_constraints__builder.hpp\n'}
[2.146616] (px4_msgs) StdoutLine: {'line': b'-- Up-to-date symlink: /home/maxim/super_ws/install/px4_msgs/include/px4_msgs/px4_msgs/msg/detail/collision_constraints__struct.hpp\n'}
[2.146722] (px4_msgs) StdoutLine: {'line': b'-- Up-to-date symlink: /home/maxim/super_ws/install/px4_msgs/include/px4_msgs/px4_msgs/msg/detail/collision_constraints__traits.hpp\n'}
[2.146877] (px4_msgs) StdoutLine: {'line': b'-- Up-to-date symlink: /home/maxim/super_ws/install/px4_msgs/include/px4_msgs/px4_msgs/msg/detail/collision_constraints__type_support.hpp\n'}
[2.146985] (px4_msgs) StdoutLine: {'line': b'-- Up-to-date symlink: /home/maxim/super_ws/install/px4_msgs/include/px4_msgs/px4_msgs/msg/detail/config_overrides__builder.hpp\n'}
[2.147090] (px4_msgs) StdoutLine: {'line': b'-- Up-to-date symlink: /home/maxim/super_ws/install/px4_msgs/include/px4_msgs/px4_msgs/msg/detail/config_overrides__struct.hpp\n'}
[2.147200] (px4_msgs) StdoutLine: {'line': b'-- Up-to-date symlink: /home/maxim/super_ws/install/px4_msgs/include/px4_msgs/px4_msgs/msg/detail/config_overrides__traits.hpp\n'}
[2.147307] (px4_msgs) StdoutLine: {'line': b'-- Up-to-date symlink: /home/maxim/super_ws/install/px4_msgs/include/px4_msgs/px4_msgs/msg/detail/config_overrides__type_support.hpp\n'}
[2.147456] (px4_msgs) StdoutLine: {'line': b'-- Up-to-date symlink: /home/maxim/super_ws/install/px4_msgs/include/px4_msgs/px4_msgs/msg/detail/control_allocator_status__builder.hpp\n'}
[2.147573] (px4_msgs) StdoutLine: {'line': b'-- Up-to-date symlink: /home/maxim/super_ws/install/px4_msgs/include/px4_msgs/px4_msgs/msg/detail/control_allocator_status__struct.hpp\n'}
[2.147652] (px4_msgs) StdoutLine: {'line': b'-- Up-to-date symlink: /home/maxim/super_ws/install/px4_msgs/include/px4_msgs/px4_msgs/msg/detail/control_allocator_status__traits.hpp\n'}
[2.147733] (px4_msgs) StdoutLine: {'line': b'-- Up-to-date symlink: /home/maxim/super_ws/install/px4_msgs/include/px4_msgs/px4_msgs/msg/detail/control_allocator_status__type_support.hpp\n'}
[2.147825] (px4_msgs) StdoutLine: {'line': b'-- Up-to-date symlink: /home/maxim/super_ws/install/px4_msgs/include/px4_msgs/px4_msgs/msg/detail/cpuload__builder.hpp\n'}
[2.147954] (px4_msgs) StdoutLine: {'line': b'-- Up-to-date symlink: /home/maxim/super_ws/install/px4_msgs/include/px4_msgs/px4_msgs/msg/detail/cpuload__struct.hpp\n'}
[2.148090] (px4_msgs) StdoutLine: {'line': b'-- Up-to-date symlink: /home/maxim/super_ws/install/px4_msgs/include/px4_msgs/px4_msgs/msg/detail/cpuload__traits.hpp\n'}
[2.148171] (px4_msgs) StdoutLine: {'line': b'-- Up-to-date symlink: /home/maxim/super_ws/install/px4_msgs/include/px4_msgs/px4_msgs/msg/detail/cpuload__type_support.hpp\n'}
[2.148254] (px4_msgs) StdoutLine: {'line': b'-- Up-to-date symlink: /home/maxim/super_ws/install/px4_msgs/include/px4_msgs/px4_msgs/msg/detail/dataman_request__builder.hpp\n'}
[2.148361] (px4_msgs) StdoutLine: {'line': b'-- Up-to-date symlink: /home/maxim/super_ws/install/px4_msgs/include/px4_msgs/px4_msgs/msg/detail/dataman_request__struct.hpp\n'}
[2.148472] (px4_msgs) StdoutLine: {'line': b'-- Up-to-date symlink: /home/maxim/super_ws/install/px4_msgs/include/px4_msgs/px4_msgs/msg/detail/dataman_request__traits.hpp\n'}
[2.148578] (px4_msgs) StdoutLine: {'line': b'-- Up-to-date symlink: /home/maxim/super_ws/install/px4_msgs/include/px4_msgs/px4_msgs/msg/detail/dataman_request__type_support.hpp\n'}
[2.148762] (px4_msgs) StdoutLine: {'line': b'-- Up-to-date symlink: /home/maxim/super_ws/install/px4_msgs/include/px4_msgs/px4_msgs/msg/detail/dataman_response__builder.hpp\n'}
[2.148964] (px4_msgs) StdoutLine: {'line': b'-- Up-to-date symlink: /home/maxim/super_ws/install/px4_msgs/include/px4_msgs/px4_msgs/msg/detail/dataman_response__struct.hpp\n'}
[2.149160] (px4_msgs) StdoutLine: {'line': b'-- Up-to-date symlink: /home/maxim/super_ws/install/px4_msgs/include/px4_msgs/px4_msgs/msg/detail/dataman_response__traits.hpp\n'}
[2.149369] (px4_msgs) StdoutLine: {'line': b'-- Up-to-date symlink: /home/maxim/super_ws/install/px4_msgs/include/px4_msgs/px4_msgs/msg/detail/dataman_response__type_support.hpp\n'}
[2.149566] (px4_msgs) StdoutLine: {'line': b'-- Up-to-date symlink: /home/maxim/super_ws/install/px4_msgs/include/px4_msgs/px4_msgs/msg/detail/debug_array__builder.hpp\n'}
[2.149710] (px4_msgs) StdoutLine: {'line': b'-- Up-to-date symlink: /home/maxim/super_ws/install/px4_msgs/include/px4_msgs/px4_msgs/msg/detail/debug_array__struct.hpp\n'}
[2.149947] (px4_msgs) StdoutLine: {'line': b'-- Up-to-date symlink: /home/maxim/super_ws/install/px4_msgs/include/px4_msgs/px4_msgs/msg/detail/debug_array__traits.hpp\n'}
[2.150078] (px4_msgs) StdoutLine: {'line': b'-- Up-to-date symlink: /home/maxim/super_ws/install/px4_msgs/include/px4_msgs/px4_msgs/msg/detail/debug_array__type_support.hpp\n'}
[2.150182] (px4_msgs) StdoutLine: {'line': b'-- Up-to-date symlink: /home/maxim/super_ws/install/px4_msgs/include/px4_msgs/px4_msgs/msg/detail/debug_key_value__builder.hpp\n'}
[2.150366] (px4_msgs) StdoutLine: {'line': b'-- Up-to-date symlink: /home/maxim/super_ws/install/px4_msgs/include/px4_msgs/px4_msgs/msg/detail/debug_key_value__struct.hpp\n'}
[2.150499] (px4_msgs) StdoutLine: {'line': b'-- Up-to-date symlink: /home/maxim/super_ws/install/px4_msgs/include/px4_msgs/px4_msgs/msg/detail/debug_key_value__traits.hpp\n'}
[2.150789] (px4_msgs) StdoutLine: {'line': b'-- Up-to-date symlink: /home/maxim/super_ws/install/px4_msgs/include/px4_msgs/px4_msgs/msg/detail/debug_key_value__type_support.hpp\n'}
[2.150982] (px4_msgs) StdoutLine: {'line': b'-- Up-to-date symlink: /home/maxim/super_ws/install/px4_msgs/include/px4_msgs/px4_msgs/msg/detail/debug_value__builder.hpp\n'}
[2.151162] (px4_msgs) StdoutLine: {'line': b'-- Up-to-date symlink: /home/maxim/super_ws/install/px4_msgs/include/px4_msgs/px4_msgs/msg/detail/debug_value__struct.hpp\n'}
[2.151312] (px4_msgs) StdoutLine: {'line': b'-- Up-to-date symlink: /home/maxim/super_ws/install/px4_msgs/include/px4_msgs/px4_msgs/msg/detail/debug_value__traits.hpp\n'}
[2.151409] (px4_msgs) StdoutLine: {'line': b'-- Up-to-date symlink: /home/maxim/super_ws/install/px4_msgs/include/px4_msgs/px4_msgs/msg/detail/debug_value__type_support.hpp\n'}
[2.151610] (px4_msgs) StdoutLine: {'line': b'-- Up-to-date symlink: /home/maxim/super_ws/install/px4_msgs/include/px4_msgs/px4_msgs/msg/detail/debug_vect__builder.hpp\n'}
[2.151811] (px4_msgs) StdoutLine: {'line': b'-- Up-to-date symlink: /home/maxim/super_ws/install/px4_msgs/include/px4_msgs/px4_msgs/msg/detail/debug_vect__struct.hpp\n'}
[2.152002] (px4_msgs) StdoutLine: {'line': b'-- Up-to-date symlink: /home/maxim/super_ws/install/px4_msgs/include/px4_msgs/px4_msgs/msg/detail/debug_vect__traits.hpp\n'}
[2.152191] (px4_msgs) StdoutLine: {'line': b'-- Up-to-date symlink: /home/maxim/super_ws/install/px4_msgs/include/px4_msgs/px4_msgs/msg/detail/debug_vect__type_support.hpp\n'}
[2.152347] (px4_msgs) StdoutLine: {'line': b'-- Up-to-date symlink: /home/maxim/super_ws/install/px4_msgs/include/px4_msgs/px4_msgs/msg/detail/device_information__builder.hpp\n'}
[2.152498] (px4_msgs) StdoutLine: {'line': b'-- Up-to-date symlink: /home/maxim/super_ws/install/px4_msgs/include/px4_msgs/px4_msgs/msg/detail/device_information__struct.hpp\n'}
[2.152641] (px4_msgs) StdoutLine: {'line': b'-- Up-to-date symlink: /home/maxim/super_ws/install/px4_msgs/include/px4_msgs/px4_msgs/msg/detail/device_information__traits.hpp\n'}
[2.152840] (px4_msgs) StdoutLine: {'line': b'-- Up-to-date symlink: /home/maxim/super_ws/install/px4_msgs/include/px4_msgs/px4_msgs/msg/detail/device_information__type_support.hpp\n'}
[2.152990] (px4_msgs) StdoutLine: {'line': b'-- Up-to-date symlink: /home/maxim/super_ws/install/px4_msgs/include/px4_msgs/px4_msgs/msg/detail/differential_pressure__builder.hpp\n'}
[2.153106] (px4_msgs) StdoutLine: {'line': b'-- Up-to-date symlink: /home/maxim/super_ws/install/px4_msgs/include/px4_msgs/px4_msgs/msg/detail/differential_pressure__struct.hpp\n'}
[2.153288] (px4_msgs) StdoutLine: {'line': b'-- Up-to-date symlink: /home/maxim/super_ws/install/px4_msgs/include/px4_msgs/px4_msgs/msg/detail/differential_pressure__traits.hpp\n'}
[2.153458] (px4_msgs) StdoutLine: {'line': b'-- Up-to-date symlink: /home/maxim/super_ws/install/px4_msgs/include/px4_msgs/px4_msgs/msg/detail/differential_pressure__type_support.hpp\n'}
[2.153615] (px4_msgs) StdoutLine: {'line': b'-- Up-to-date symlink: /home/maxim/super_ws/install/px4_msgs/include/px4_msgs/px4_msgs/msg/detail/distance_sensor__builder.hpp\n'}
[2.153791] (px4_msgs) StdoutLine: {'line': b'-- Up-to-date symlink: /home/maxim/super_ws/install/px4_msgs/include/px4_msgs/px4_msgs/msg/detail/distance_sensor__struct.hpp\n'}
[2.153991] (px4_msgs) StdoutLine: {'line': b'-- Up-to-date symlink: /home/maxim/super_ws/install/px4_msgs/include/px4_msgs/px4_msgs/msg/detail/distance_sensor__traits.hpp\n'}
[2.154201] (px4_msgs) StdoutLine: {'line': b'-- Up-to-date symlink: /home/maxim/super_ws/install/px4_msgs/include/px4_msgs/px4_msgs/msg/detail/distance_sensor__type_support.hpp\n'}
[2.154401] (px4_msgs) StdoutLine: {'line': b'-- Up-to-date symlink: /home/maxim/super_ws/install/px4_msgs/include/px4_msgs/px4_msgs/msg/detail/distance_sensor_mode_change_request__builder.hpp\n'}
[2.154606] (px4_msgs) StdoutLine: {'line': b'-- Up-to-date symlink: /home/maxim/super_ws/install/px4_msgs/include/px4_msgs/px4_msgs/msg/detail/distance_sensor_mode_change_request__struct.hpp\n'}
[2.154859] (px4_msgs) StdoutLine: {'line': b'-- Up-to-date symlink: /home/maxim/super_ws/install/px4_msgs/include/px4_msgs/px4_msgs/msg/detail/distance_sensor_mode_change_request__traits.hpp\n'}
[2.155109] (px4_msgs) StdoutLine: {'line': b'-- Up-to-date symlink: /home/maxim/super_ws/install/px4_msgs/include/px4_msgs/px4_msgs/msg/detail/distance_sensor_mode_change_request__type_support.hpp\n'}
[2.155314] (px4_msgs) StdoutLine: {'line': b'-- Up-to-date symlink: /home/maxim/super_ws/install/px4_msgs/include/px4_msgs/px4_msgs/msg/detail/dronecan_node_status__builder.hpp\n'}
[2.155458] (px4_msgs) StdoutLine: {'line': b'-- Up-to-date symlink: /home/maxim/super_ws/install/px4_msgs/include/px4_msgs/px4_msgs/msg/detail/dronecan_node_status__struct.hpp\n'}
[2.155647] (px4_msgs) StdoutLine: {'line': b'-- Up-to-date symlink: /home/maxim/super_ws/install/px4_msgs/include/px4_msgs/px4_msgs/msg/detail/dronecan_node_status__traits.hpp\n'}
[2.155822] (px4_msgs) StdoutLine: {'line': b'-- Up-to-date symlink: /home/maxim/super_ws/install/px4_msgs/include/px4_msgs/px4_msgs/msg/detail/dronecan_node_status__type_support.hpp\n'}
[2.156026] (px4_msgs) StdoutLine: {'line': b'-- Up-to-date symlink: /home/maxim/super_ws/install/px4_msgs/include/px4_msgs/px4_msgs/msg/detail/ekf2_timestamps__builder.hpp\n'}
[2.156266] (px4_msgs) StdoutLine: {'line': b'-- Up-to-date symlink: /home/maxim/super_ws/install/px4_msgs/include/px4_msgs/px4_msgs/msg/detail/ekf2_timestamps__struct.hpp\n'}
[2.156486] (px4_msgs) StdoutLine: {'line': b'-- Up-to-date symlink: /home/maxim/super_ws/install/px4_msgs/include/px4_msgs/px4_msgs/msg/detail/ekf2_timestamps__traits.hpp\n'}
[2.156667] (px4_msgs) StdoutLine: {'line': b'-- Up-to-date symlink: /home/maxim/super_ws/install/px4_msgs/include/px4_msgs/px4_msgs/msg/detail/ekf2_timestamps__type_support.hpp\n'}
[2.156865] (px4_msgs) StdoutLine: {'line': b'-- Up-to-date symlink: /home/maxim/super_ws/install/px4_msgs/include/px4_msgs/px4_msgs/msg/detail/esc_eeprom_read__builder.hpp\n'}
[2.157021] (px4_msgs) StdoutLine: {'line': b'-- Up-to-date symlink: /home/maxim/super_ws/install/px4_msgs/include/px4_msgs/px4_msgs/msg/detail/esc_eeprom_read__struct.hpp\n'}
[2.157171] (px4_msgs) StdoutLine: {'line': b'-- Up-to-date symlink: /home/maxim/super_ws/install/px4_msgs/include/px4_msgs/px4_msgs/msg/detail/esc_eeprom_read__traits.hpp\n'}
[2.157328] (px4_msgs) StdoutLine: {'line': b'-- Up-to-date symlink: /home/maxim/super_ws/install/px4_msgs/include/px4_msgs/px4_msgs/msg/detail/esc_eeprom_read__type_support.hpp\n'}
[2.157472] (px4_msgs) StdoutLine: {'line': b'-- Up-to-date symlink: /home/maxim/super_ws/install/px4_msgs/include/px4_msgs/px4_msgs/msg/detail/esc_eeprom_write__builder.hpp\n'}
[2.157628] (px4_msgs) StdoutLine: {'line': b'-- Up-to-date symlink: /home/maxim/super_ws/install/px4_msgs/include/px4_msgs/px4_msgs/msg/detail/esc_eeprom_write__struct.hpp\n'}
[2.157749] (px4_msgs) StdoutLine: {'line': b'-- Up-to-date symlink: /home/maxim/super_ws/install/px4_msgs/include/px4_msgs/px4_msgs/msg/detail/esc_eeprom_write__traits.hpp\n'}
[2.157961] (px4_msgs) StdoutLine: {'line': b'-- Up-to-date symlink: /home/maxim/super_ws/install/px4_msgs/include/px4_msgs/px4_msgs/msg/detail/esc_eeprom_write__type_support.hpp\n'}
[2.158197] (px4_msgs) StdoutLine: {'line': b'-- Up-to-date symlink: /home/maxim/super_ws/install/px4_msgs/include/px4_msgs/px4_msgs/msg/detail/esc_report__builder.hpp\n'}
[2.158325] (px4_msgs) StdoutLine: {'line': b'-- Up-to-date symlink: /home/maxim/super_ws/install/px4_msgs/include/px4_msgs/px4_msgs/msg/detail/esc_report__struct.hpp\n'}
[2.158475] (px4_msgs) StdoutLine: {'line': b'-- Up-to-date symlink: /home/maxim/super_ws/install/px4_msgs/include/px4_msgs/px4_msgs/msg/detail/esc_report__traits.hpp\n'}
[2.158638] (px4_msgs) StdoutLine: {'line': b'-- Up-to-date symlink: /home/maxim/super_ws/install/px4_msgs/include/px4_msgs/px4_msgs/msg/detail/esc_report__type_support.hpp\n'}
[2.158823] (px4_msgs) StdoutLine: {'line': b'-- Up-to-date symlink: /home/maxim/super_ws/install/px4_msgs/include/px4_msgs/px4_msgs/msg/detail/esc_status__builder.hpp\n'}
[2.158962] (px4_msgs) StdoutLine: {'line': b'-- Up-to-date symlink: /home/maxim/super_ws/install/px4_msgs/include/px4_msgs/px4_msgs/msg/detail/esc_status__struct.hpp\n'}
[2.159072] (px4_msgs) StdoutLine: {'line': b'-- Up-to-date symlink: /home/maxim/super_ws/install/px4_msgs/include/px4_msgs/px4_msgs/msg/detail/esc_status__traits.hpp\n'}
[2.159183] (px4_msgs) StdoutLine: {'line': b'-- Up-to-date symlink: /home/maxim/super_ws/install/px4_msgs/include/px4_msgs/px4_msgs/msg/detail/esc_status__type_support.hpp\n'}
[2.159270] (px4_msgs) StdoutLine: {'line': b'-- Up-to-date symlink: /home/maxim/super_ws/install/px4_msgs/include/px4_msgs/px4_msgs/msg/detail/estimator_aid_source1d__builder.hpp\n'}
[2.159350] (px4_msgs) StdoutLine: {'line': b'-- Up-to-date symlink: /home/maxim/super_ws/install/px4_msgs/include/px4_msgs/px4_msgs/msg/detail/estimator_aid_source1d__struct.hpp\n'}
[2.159448] (px4_msgs) StdoutLine: {'line': b'-- Up-to-date symlink: /home/maxim/super_ws/install/px4_msgs/include/px4_msgs/px4_msgs/msg/detail/estimator_aid_source1d__traits.hpp\n'}
[2.159561] (px4_msgs) StdoutLine: {'line': b'-- Up-to-date symlink: /home/maxim/super_ws/install/px4_msgs/include/px4_msgs/px4_msgs/msg/detail/estimator_aid_source1d__type_support.hpp\n'}
[2.159669] (px4_msgs) StdoutLine: {'line': b'-- Up-to-date symlink: /home/maxim/super_ws/install/px4_msgs/include/px4_msgs/px4_msgs/msg/detail/estimator_aid_source2d__builder.hpp\n'}
[2.159820] (px4_msgs) StdoutLine: {'line': b'-- Up-to-date symlink: /home/maxim/super_ws/install/px4_msgs/include/px4_msgs/px4_msgs/msg/detail/estimator_aid_source2d__struct.hpp\n'}
[2.159932] (px4_msgs) StdoutLine: {'line': b'-- Up-to-date symlink: /home/maxim/super_ws/install/px4_msgs/include/px4_msgs/px4_msgs/msg/detail/estimator_aid_source2d__traits.hpp\n'}
[2.160013] (px4_msgs) StdoutLine: {'line': b'-- Up-to-date symlink: /home/maxim/super_ws/install/px4_msgs/include/px4_msgs/px4_msgs/msg/detail/estimator_aid_source2d__type_support.hpp\n'}
[2.160185] (px4_msgs) StdoutLine: {'line': b'-- Up-to-date symlink: /home/maxim/super_ws/install/px4_msgs/include/px4_msgs/px4_msgs/msg/detail/estimator_aid_source3d__builder.hpp\n'}
[2.160351] (px4_msgs) StdoutLine: {'line': b'-- Up-to-date symlink: /home/maxim/super_ws/install/px4_msgs/include/px4_msgs/px4_msgs/msg/detail/estimator_aid_source3d__struct.hpp\n'}
[2.160596] (px4_msgs) StdoutLine: {'line': b'-- Up-to-date symlink: /home/maxim/super_ws/install/px4_msgs/include/px4_msgs/px4_msgs/msg/detail/estimator_aid_source3d__traits.hpp\n'}
[2.160736] (px4_msgs) StdoutLine: {'line': b'-- Up-to-date symlink: /home/maxim/super_ws/install/px4_msgs/include/px4_msgs/px4_msgs/msg/detail/estimator_aid_source3d__type_support.hpp\n'}
[2.160948] (px4_msgs) StdoutLine: {'line': b'-- Up-to-date symlink: /home/maxim/super_ws/install/px4_msgs/include/px4_msgs/px4_msgs/msg/detail/estimator_bias3d__builder.hpp\n'}
[2.161148] (px4_msgs) StdoutLine: {'line': b'-- Up-to-date symlink: /home/maxim/super_ws/install/px4_msgs/include/px4_msgs/px4_msgs/msg/detail/estimator_bias3d__struct.hpp\n'}
[2.161349] (px4_msgs) StdoutLine: {'line': b'-- Up-to-date symlink: /home/maxim/super_ws/install/px4_msgs/include/px4_msgs/px4_msgs/msg/detail/estimator_bias3d__traits.hpp\n'}
[2.161566] (px4_msgs) StdoutLine: {'line': b'-- Up-to-date symlink: /home/maxim/super_ws/install/px4_msgs/include/px4_msgs/px4_msgs/msg/detail/estimator_bias3d__type_support.hpp\n'}
[2.161678] (px4_msgs) StdoutLine: {'line': b'-- Up-to-date symlink: /home/maxim/super_ws/install/px4_msgs/include/px4_msgs/px4_msgs/msg/detail/estimator_bias__builder.hpp\n'}
[2.161890] (px4_msgs) StdoutLine: {'line': b'-- Up-to-date symlink: /home/maxim/super_ws/install/px4_msgs/include/px4_msgs/px4_msgs/msg/detail/estimator_bias__struct.hpp\n'}
[2.162059] (px4_msgs) StdoutLine: {'line': b'-- Up-to-date symlink: /home/maxim/super_ws/install/px4_msgs/include/px4_msgs/px4_msgs/msg/detail/estimator_bias__traits.hpp\n'}
[2.162213] (px4_msgs) StdoutLine: {'line': b'-- Up-to-date symlink: /home/maxim/super_ws/install/px4_msgs/include/px4_msgs/px4_msgs/msg/detail/estimator_bias__type_support.hpp\n'}
[2.162327] (px4_msgs) StdoutLine: {'line': b'-- Up-to-date symlink: /home/maxim/super_ws/install/px4_msgs/include/px4_msgs/px4_msgs/msg/detail/estimator_event_flags__builder.hpp\n'}
[2.162474] (px4_msgs) StdoutLine: {'line': b'-- Up-to-date symlink: /home/maxim/super_ws/install/px4_msgs/include/px4_msgs/px4_msgs/msg/detail/estimator_event_flags__struct.hpp\n'}
[2.162673] (px4_msgs) StdoutLine: {'line': b'-- Up-to-date symlink: /home/maxim/super_ws/install/px4_msgs/include/px4_msgs/px4_msgs/msg/detail/estimator_event_flags__traits.hpp\n'}
[2.162844] (px4_msgs) StdoutLine: {'line': b'-- Up-to-date symlink: /home/maxim/super_ws/install/px4_msgs/include/px4_msgs/px4_msgs/msg/detail/estimator_event_flags__type_support.hpp\n'}
[2.163020] (px4_msgs) StdoutLine: {'line': b'-- Up-to-date symlink: /home/maxim/super_ws/install/px4_msgs/include/px4_msgs/px4_msgs/msg/detail/estimator_fusion_control__builder.hpp\n'}
[2.163234] (px4_msgs) StdoutLine: {'line': b'-- Up-to-date symlink: /home/maxim/super_ws/install/px4_msgs/include/px4_msgs/px4_msgs/msg/detail/estimator_fusion_control__struct.hpp\n'}
[2.163372] (px4_msgs) StdoutLine: {'line': b'-- Up-to-date symlink: /home/maxim/super_ws/install/px4_msgs/include/px4_msgs/px4_msgs/msg/detail/estimator_fusion_control__traits.hpp\n'}
[2.163495] (px4_msgs) StdoutLine: {'line': b'-- Up-to-date symlink: /home/maxim/super_ws/install/px4_msgs/include/px4_msgs/px4_msgs/msg/detail/estimator_fusion_control__type_support.hpp\n'}
[2.163636] (px4_msgs) StdoutLine: {'line': b'-- Up-to-date symlink: /home/maxim/super_ws/install/px4_msgs/include/px4_msgs/px4_msgs/msg/detail/estimator_gps_status__builder.hpp\n'}
[2.163742] (px4_msgs) StdoutLine: {'line': b'-- Up-to-date symlink: /home/maxim/super_ws/install/px4_msgs/include/px4_msgs/px4_msgs/msg/detail/estimator_gps_status__struct.hpp\n'}
[2.163934] (px4_msgs) StdoutLine: {'line': b'-- Up-to-date symlink: /home/maxim/super_ws/install/px4_msgs/include/px4_msgs/px4_msgs/msg/detail/estimator_gps_status__traits.hpp\n'}
[2.164110] (px4_msgs) StdoutLine: {'line': b'-- Up-to-date symlink: /home/maxim/super_ws/install/px4_msgs/include/px4_msgs/px4_msgs/msg/detail/estimator_gps_status__type_support.hpp\n'}
[2.164218] (px4_msgs) StdoutLine: {'line': b'-- Up-to-date symlink: /home/maxim/super_ws/install/px4_msgs/include/px4_msgs/px4_msgs/msg/detail/estimator_innovations__builder.hpp\n'}
[2.164402] (px4_msgs) StdoutLine: {'line': b'-- Up-to-date symlink: /home/maxim/super_ws/install/px4_msgs/include/px4_msgs/px4_msgs/msg/detail/estimator_innovations__struct.hpp\n'}
[2.164573] (px4_msgs) StdoutLine: {'line': b'-- Up-to-date symlink: /home/maxim/super_ws/install/px4_msgs/include/px4_msgs/px4_msgs/msg/detail/estimator_innovations__traits.hpp\n'}
[2.164690] (px4_msgs) StdoutLine: {'line': b'-- Up-to-date symlink: /home/maxim/super_ws/install/px4_msgs/include/px4_msgs/px4_msgs/msg/detail/estimator_innovations__type_support.hpp\n'}
[2.164838] (px4_msgs) StdoutLine: {'line': b'-- Up-to-date symlink: /home/maxim/super_ws/install/px4_msgs/include/px4_msgs/px4_msgs/msg/detail/estimator_selector_status__builder.hpp\n'}
[2.164993] (px4_msgs) StdoutLine: {'line': b'-- Up-to-date symlink: /home/maxim/super_ws/install/px4_msgs/include/px4_msgs/px4_msgs/msg/detail/estimator_selector_status__struct.hpp\n'}
[2.165125] (px4_msgs) StdoutLine: {'line': b'-- Up-to-date symlink: /home/maxim/super_ws/install/px4_msgs/include/px4_msgs/px4_msgs/msg/detail/estimator_selector_status__traits.hpp\n'}
[2.165267] (px4_msgs) StdoutLine: {'line': b'-- Up-to-date symlink: /home/maxim/super_ws/install/px4_msgs/include/px4_msgs/px4_msgs/msg/detail/estimator_selector_status__type_support.hpp\n'}
[2.165416] (px4_msgs) StdoutLine: {'line': b'-- Up-to-date symlink: /home/maxim/super_ws/install/px4_msgs/include/px4_msgs/px4_msgs/msg/detail/estimator_sensor_bias__builder.hpp\n'}
[2.165594] (px4_msgs) StdoutLine: {'line': b'-- Up-to-date symlink: /home/maxim/super_ws/install/px4_msgs/include/px4_msgs/px4_msgs/msg/detail/estimator_sensor_bias__struct.hpp\n'}
[2.165739] (px4_msgs) StdoutLine: {'line': b'-- Up-to-date symlink: /home/maxim/super_ws/install/px4_msgs/include/px4_msgs/px4_msgs/msg/detail/estimator_sensor_bias__traits.hpp\n'}
[2.165969] (px4_msgs) StdoutLine: {'line': b'-- Up-to-date symlink: /home/maxim/super_ws/install/px4_msgs/include/px4_msgs/px4_msgs/msg/detail/estimator_sensor_bias__type_support.hpp\n'}
[2.166118] (px4_msgs) StdoutLine: {'line': b'-- Up-to-date symlink: /home/maxim/super_ws/install/px4_msgs/include/px4_msgs/px4_msgs/msg/detail/estimator_states__builder.hpp\n'}
[2.166269] (px4_msgs) StdoutLine: {'line': b'-- Up-to-date symlink: /home/maxim/super_ws/install/px4_msgs/include/px4_msgs/px4_msgs/msg/detail/estimator_states__struct.hpp\n'}
[2.166416] (px4_msgs) StdoutLine: {'line': b'-- Up-to-date symlink: /home/maxim/super_ws/install/px4_msgs/include/px4_msgs/px4_msgs/msg/detail/estimator_states__traits.hpp\n'}
[2.166616] (px4_msgs) StdoutLine: {'line': b'-- Up-to-date symlink: /home/maxim/super_ws/install/px4_msgs/include/px4_msgs/px4_msgs/msg/detail/estimator_states__type_support.hpp\n'}
[2.166752] (px4_msgs) StdoutLine: {'line': b'-- Up-to-date symlink: /home/maxim/super_ws/install/px4_msgs/include/px4_msgs/px4_msgs/msg/detail/estimator_status__builder.hpp\n'}
[2.166978] (px4_msgs) StdoutLine: {'line': b'-- Up-to-date symlink: /home/maxim/super_ws/install/px4_msgs/include/px4_msgs/px4_msgs/msg/detail/estimator_status__struct.hpp\n'}
[2.167161] (px4_msgs) StdoutLine: {'line': b'-- Up-to-date symlink: /home/maxim/super_ws/install/px4_msgs/include/px4_msgs/px4_msgs/msg/detail/estimator_status__traits.hpp\n'}
[2.167294] (px4_msgs) StdoutLine: {'line': b'-- Up-to-date symlink: /home/maxim/super_ws/install/px4_msgs/include/px4_msgs/px4_msgs/msg/detail/estimator_status__type_support.hpp\n'}
[2.167435] (px4_msgs) StdoutLine: {'line': b'-- Up-to-date symlink: /home/maxim/super_ws/install/px4_msgs/include/px4_msgs/px4_msgs/msg/detail/estimator_status_flags__builder.hpp\n'}
[2.167583] (px4_msgs) StdoutLine: {'line': b'-- Up-to-date symlink: /home/maxim/super_ws/install/px4_msgs/include/px4_msgs/px4_msgs/msg/detail/estimator_status_flags__struct.hpp\n'}
[2.167690] (px4_msgs) StdoutLine: {'line': b'-- Up-to-date symlink: /home/maxim/super_ws/install/px4_msgs/include/px4_msgs/px4_msgs/msg/detail/estimator_status_flags__traits.hpp\n'}
[2.167819] (px4_msgs) StdoutLine: {'line': b'-- Up-to-date symlink: /home/maxim/super_ws/install/px4_msgs/include/px4_msgs/px4_msgs/msg/detail/estimator_status_flags__type_support.hpp\n'}
[2.167994] (px4_msgs) StdoutLine: {'line': b'-- Up-to-date symlink: /home/maxim/super_ws/install/px4_msgs/include/px4_msgs/px4_msgs/msg/detail/event__builder.hpp\n'}
[2.168202] (px4_msgs) StdoutLine: {'line': b'-- Up-to-date symlink: /home/maxim/super_ws/install/px4_msgs/include/px4_msgs/px4_msgs/msg/detail/event__struct.hpp\n'}
[2.168376] (px4_msgs) StdoutLine: {'line': b'-- Up-to-date symlink: /home/maxim/super_ws/install/px4_msgs/include/px4_msgs/px4_msgs/msg/detail/event__traits.hpp\n'}
[2.168617] (px4_msgs) StdoutLine: {'line': b'-- Up-to-date symlink: /home/maxim/super_ws/install/px4_msgs/include/px4_msgs/px4_msgs/msg/detail/event__type_support.hpp\n'}
[2.168722] (px4_msgs) StdoutLine: {'line': b'-- Up-to-date symlink: /home/maxim/super_ws/install/px4_msgs/include/px4_msgs/px4_msgs/msg/detail/failsafe_flags__builder.hpp\n'}
[2.168886] (px4_msgs) StdoutLine: {'line': b'-- Up-to-date symlink: /home/maxim/super_ws/install/px4_msgs/include/px4_msgs/px4_msgs/msg/detail/failsafe_flags__struct.hpp\n'}
[2.168973] (px4_msgs) StdoutLine: {'line': b'-- Up-to-date symlink: /home/maxim/super_ws/install/px4_msgs/include/px4_msgs/px4_msgs/msg/detail/failsafe_flags__traits.hpp\n'}
[2.169056] (px4_msgs) StdoutLine: {'line': b'-- Up-to-date symlink: /home/maxim/super_ws/install/px4_msgs/include/px4_msgs/px4_msgs/msg/detail/failsafe_flags__type_support.hpp\n'}
[2.169171] (px4_msgs) StdoutLine: {'line': b'-- Up-to-date symlink: /home/maxim/super_ws/install/px4_msgs/include/px4_msgs/px4_msgs/msg/detail/failure_detector_status__builder.hpp\n'}
[2.169266] (px4_msgs) StdoutLine: {'line': b'-- Up-to-date symlink: /home/maxim/super_ws/install/px4_msgs/include/px4_msgs/px4_msgs/msg/detail/failure_detector_status__struct.hpp\n'}
[2.169372] (px4_msgs) StdoutLine: {'line': b'-- Up-to-date symlink: /home/maxim/super_ws/install/px4_msgs/include/px4_msgs/px4_msgs/msg/detail/failure_detector_status__traits.hpp\n'}
[2.169497] (px4_msgs) StdoutLine: {'line': b'-- Up-to-date symlink: /home/maxim/super_ws/install/px4_msgs/include/px4_msgs/px4_msgs/msg/detail/failure_detector_status__type_support.hpp\n'}
[2.169631] (px4_msgs) StdoutLine: {'line': b'-- Up-to-date symlink: /home/maxim/super_ws/install/px4_msgs/include/px4_msgs/px4_msgs/msg/detail/fiducial_marker_pos_report__builder.hpp\n'}
[2.169828] (px4_msgs) StdoutLine: {'line': b'-- Up-to-date symlink: /home/maxim/super_ws/install/px4_msgs/include/px4_msgs/px4_msgs/msg/detail/fiducial_marker_pos_report__struct.hpp\n'}
[2.169980] (px4_msgs) StdoutLine: {'line': b'-- Up-to-date symlink: /home/maxim/super_ws/install/px4_msgs/include/px4_msgs/px4_msgs/msg/detail/fiducial_marker_pos_report__traits.hpp\n'}
[2.170085] (px4_msgs) StdoutLine: {'line': b'-- Up-to-date symlink: /home/maxim/super_ws/install/px4_msgs/include/px4_msgs/px4_msgs/msg/detail/fiducial_marker_pos_report__type_support.hpp\n'}
[2.170173] (px4_msgs) StdoutLine: {'line': b'-- Up-to-date symlink: /home/maxim/super_ws/install/px4_msgs/include/px4_msgs/px4_msgs/msg/detail/fiducial_marker_yaw_report__builder.hpp\n'}
[2.170294] (px4_msgs) StdoutLine: {'line': b'-- Up-to-date symlink: /home/maxim/super_ws/install/px4_msgs/include/px4_msgs/px4_msgs/msg/detail/fiducial_marker_yaw_report__struct.hpp\n'}
[2.170392] (px4_msgs) StdoutLine: {'line': b'-- Up-to-date symlink: /home/maxim/super_ws/install/px4_msgs/include/px4_msgs/px4_msgs/msg/detail/fiducial_marker_yaw_report__traits.hpp\n'}
[2.170472] (px4_msgs) StdoutLine: {'line': b'-- Up-to-date symlink: /home/maxim/super_ws/install/px4_msgs/include/px4_msgs/px4_msgs/msg/detail/fiducial_marker_yaw_report__type_support.hpp\n'}
[2.170582] (px4_msgs) StdoutLine: {'line': b'-- Up-to-date symlink: /home/maxim/super_ws/install/px4_msgs/include/px4_msgs/px4_msgs/msg/detail/figure_eight_status__builder.hpp\n'}
[2.170703] (px4_msgs) StdoutLine: {'line': b'-- Up-to-date symlink: /home/maxim/super_ws/install/px4_msgs/include/px4_msgs/px4_msgs/msg/detail/figure_eight_status__struct.hpp\n'}
[2.170861] (px4_msgs) StdoutLine: {'line': b'-- Up-to-date symlink: /home/maxim/super_ws/install/px4_msgs/include/px4_msgs/px4_msgs/msg/detail/figure_eight_status__traits.hpp\n'}
[2.171041] (px4_msgs) StdoutLine: {'line': b'-- Up-to-date symlink: /home/maxim/super_ws/install/px4_msgs/include/px4_msgs/px4_msgs/msg/detail/figure_eight_status__type_support.hpp\n'}
[2.171226] (px4_msgs) StdoutLine: {'line': b'-- Up-to-date symlink: /home/maxim/super_ws/install/px4_msgs/include/px4_msgs/px4_msgs/msg/detail/fixed_wing_lateral_guidance_status__builder.hpp\n'}
[2.171322] (px4_msgs) StdoutLine: {'line': b'-- Up-to-date symlink: /home/maxim/super_ws/install/px4_msgs/include/px4_msgs/px4_msgs/msg/detail/fixed_wing_lateral_guidance_status__struct.hpp\n'}
[2.171448] (px4_msgs) StdoutLine: {'line': b'-- Up-to-date symlink: /home/maxim/super_ws/install/px4_msgs/include/px4_msgs/px4_msgs/msg/detail/fixed_wing_lateral_guidance_status__traits.hpp\n'}
[2.171553] (px4_msgs) StdoutLine: {'line': b'-- Up-to-date symlink: /home/maxim/super_ws/install/px4_msgs/include/px4_msgs/px4_msgs/msg/detail/fixed_wing_lateral_guidance_status__type_support.hpp\n'}
[2.171645] (px4_msgs) StdoutLine: {'line': b'-- Up-to-date symlink: /home/maxim/super_ws/install/px4_msgs/include/px4_msgs/px4_msgs/msg/detail/fixed_wing_lateral_setpoint__builder.hpp\n'}
[2.171840] (px4_msgs) StdoutLine: {'line': b'-- Up-to-date symlink: /home/maxim/super_ws/install/px4_msgs/include/px4_msgs/px4_msgs/msg/detail/fixed_wing_lateral_setpoint__struct.hpp\n'}
[2.171993] (px4_msgs) StdoutLine: {'line': b'-- Up-to-date symlink: /home/maxim/super_ws/install/px4_msgs/include/px4_msgs/px4_msgs/msg/detail/fixed_wing_lateral_setpoint__traits.hpp\n'}
[2.172093] (px4_msgs) StdoutLine: {'line': b'-- Up-to-date symlink: /home/maxim/super_ws/install/px4_msgs/include/px4_msgs/px4_msgs/msg/detail/fixed_wing_lateral_setpoint__type_support.hpp\n'}
[2.172179] (px4_msgs) StdoutLine: {'line': b'-- Up-to-date symlink: /home/maxim/super_ws/install/px4_msgs/include/px4_msgs/px4_msgs/msg/detail/fixed_wing_lateral_status__builder.hpp\n'}
[2.172287] (px4_msgs) StdoutLine: {'line': b'-- Up-to-date symlink: /home/maxim/super_ws/install/px4_msgs/include/px4_msgs/px4_msgs/msg/detail/fixed_wing_lateral_status__struct.hpp\n'}
[2.172418] (px4_msgs) StdoutLine: {'line': b'-- Up-to-date symlink: /home/maxim/super_ws/install/px4_msgs/include/px4_msgs/px4_msgs/msg/detail/fixed_wing_lateral_status__traits.hpp\n'}
[2.172511] (px4_msgs) StdoutLine: {'line': b'-- Up-to-date symlink: /home/maxim/super_ws/install/px4_msgs/include/px4_msgs/px4_msgs/msg/detail/fixed_wing_lateral_status__type_support.hpp\n'}
[2.172602] (px4_msgs) StdoutLine: {'line': b'-- Up-to-date symlink: /home/maxim/super_ws/install/px4_msgs/include/px4_msgs/px4_msgs/msg/detail/fixed_wing_longitudinal_setpoint__builder.hpp\n'}
[2.172687] (px4_msgs) StdoutLine: {'line': b'-- Up-to-date symlink: /home/maxim/super_ws/install/px4_msgs/include/px4_msgs/px4_msgs/msg/detail/fixed_wing_longitudinal_setpoint__struct.hpp\n'}
[2.172821] (px4_msgs) StdoutLine: {'line': b'-- Up-to-date symlink: /home/maxim/super_ws/install/px4_msgs/include/px4_msgs/px4_msgs/msg/detail/fixed_wing_longitudinal_setpoint__traits.hpp\n'}
[2.172905] (px4_msgs) StdoutLine: {'line': b'-- Up-to-date symlink: /home/maxim/super_ws/install/px4_msgs/include/px4_msgs/px4_msgs/msg/detail/fixed_wing_longitudinal_setpoint__type_support.hpp\n'}
[2.173047] (px4_msgs) StdoutLine: {'line': b'-- Up-to-date symlink: /home/maxim/super_ws/install/px4_msgs/include/px4_msgs/px4_msgs/msg/detail/fixed_wing_runway_control__builder.hpp\n'}
[2.173152] (px4_msgs) StdoutLine: {'line': b'-- Up-to-date symlink: /home/maxim/super_ws/install/px4_msgs/include/px4_msgs/px4_msgs/msg/detail/fixed_wing_runway_control__struct.hpp\n'}
[2.173259] (px4_msgs) StdoutLine: {'line': b'-- Up-to-date symlink: /home/maxim/super_ws/install/px4_msgs/include/px4_msgs/px4_msgs/msg/detail/fixed_wing_runway_control__traits.hpp\n'}
[2.173344] (px4_msgs) StdoutLine: {'line': b'-- Up-to-date symlink: /home/maxim/super_ws/install/px4_msgs/include/px4_msgs/px4_msgs/msg/detail/fixed_wing_runway_control__type_support.hpp\n'}
[2.173459] (px4_msgs) StdoutLine: {'line': b'-- Up-to-date symlink: /home/maxim/super_ws/install/px4_msgs/include/px4_msgs/px4_msgs/msg/detail/flight_phase_estimation__builder.hpp\n'}
[2.173569] (px4_msgs) StdoutLine: {'line': b'-- Up-to-date symlink: /home/maxim/super_ws/install/px4_msgs/include/px4_msgs/px4_msgs/msg/detail/flight_phase_estimation__struct.hpp\n'}
[2.173671] (px4_msgs) StdoutLine: {'line': b'-- Up-to-date symlink: /home/maxim/super_ws/install/px4_msgs/include/px4_msgs/px4_msgs/msg/detail/flight_phase_estimation__traits.hpp\n'}
[2.173818] (px4_msgs) StdoutLine: {'line': b'-- Up-to-date symlink: /home/maxim/super_ws/install/px4_msgs/include/px4_msgs/px4_msgs/msg/detail/flight_phase_estimation__type_support.hpp\n'}
[2.173980] (px4_msgs) StdoutLine: {'line': b'-- Up-to-date symlink: /home/maxim/super_ws/install/px4_msgs/include/px4_msgs/px4_msgs/msg/detail/follow_target__builder.hpp\n'}
[2.174133] (px4_msgs) StdoutLine: {'line': b'-- Up-to-date symlink: /home/maxim/super_ws/install/px4_msgs/include/px4_msgs/px4_msgs/msg/detail/follow_target__struct.hpp\n'}
[2.174254] (px4_msgs) StdoutLine: {'line': b'-- Up-to-date symlink: /home/maxim/super_ws/install/px4_msgs/include/px4_msgs/px4_msgs/msg/detail/follow_target__traits.hpp\n'}
[2.174333] (px4_msgs) StdoutLine: {'line': b'-- Up-to-date symlink: /home/maxim/super_ws/install/px4_msgs/include/px4_msgs/px4_msgs/msg/detail/follow_target__type_support.hpp\n'}
[2.174491] (px4_msgs) StdoutLine: {'line': b'-- Up-to-date symlink: /home/maxim/super_ws/install/px4_msgs/include/px4_msgs/px4_msgs/msg/detail/follow_target_estimator__builder.hpp\n'}
[2.174670] (px4_msgs) StdoutLine: {'line': b'-- Up-to-date symlink: /home/maxim/super_ws/install/px4_msgs/include/px4_msgs/px4_msgs/msg/detail/follow_target_estimator__struct.hpp\n'}
[2.174877] (px4_msgs) StdoutLine: {'line': b'-- Up-to-date symlink: /home/maxim/super_ws/install/px4_msgs/include/px4_msgs/px4_msgs/msg/detail/follow_target_estimator__traits.hpp\n'}
[2.175102] (px4_msgs) StdoutLine: {'line': b'-- Up-to-date symlink: /home/maxim/super_ws/install/px4_msgs/include/px4_msgs/px4_msgs/msg/detail/follow_target_estimator__type_support.hpp\n'}
[2.175265] (px4_msgs) StdoutLine: {'line': b'-- Up-to-date symlink: /home/maxim/super_ws/install/px4_msgs/include/px4_msgs/px4_msgs/msg/detail/follow_target_status__builder.hpp\n'}
[2.175407] (px4_msgs) StdoutLine: {'line': b'-- Up-to-date symlink: /home/maxim/super_ws/install/px4_msgs/include/px4_msgs/px4_msgs/msg/detail/follow_target_status__struct.hpp\n'}
[2.175587] (px4_msgs) StdoutLine: {'line': b'-- Up-to-date symlink: /home/maxim/super_ws/install/px4_msgs/include/px4_msgs/px4_msgs/msg/detail/follow_target_status__traits.hpp\n'}
[2.175705] (px4_msgs) StdoutLine: {'line': b'-- Up-to-date symlink: /home/maxim/super_ws/install/px4_msgs/include/px4_msgs/px4_msgs/msg/detail/follow_target_status__type_support.hpp\n'}
[2.175882] (px4_msgs) StdoutLine: {'line': b'-- Up-to-date symlink: /home/maxim/super_ws/install/px4_msgs/include/px4_msgs/px4_msgs/msg/detail/fuel_tank_status__builder.hpp\n'}
[2.176038] (px4_msgs) StdoutLine: {'line': b'-- Up-to-date symlink: /home/maxim/super_ws/install/px4_msgs/include/px4_msgs/px4_msgs/msg/detail/fuel_tank_status__struct.hpp\n'}
[2.176185] (px4_msgs) StdoutLine: {'line': b'-- Up-to-date symlink: /home/maxim/super_ws/install/px4_msgs/include/px4_msgs/px4_msgs/msg/detail/fuel_tank_status__traits.hpp\n'}
[2.176335] (px4_msgs) StdoutLine: {'line': b'-- Up-to-date symlink: /home/maxim/super_ws/install/px4_msgs/include/px4_msgs/px4_msgs/msg/detail/fuel_tank_status__type_support.hpp\n'}
[2.176473] (px4_msgs) StdoutLine: {'line': b'-- Up-to-date symlink: /home/maxim/super_ws/install/px4_msgs/include/px4_msgs/px4_msgs/msg/detail/gain_compression__builder.hpp\n'}
[2.176613] (px4_msgs) StdoutLine: {'line': b'-- Up-to-date symlink: /home/maxim/super_ws/install/px4_msgs/include/px4_msgs/px4_msgs/msg/detail/gain_compression__struct.hpp\n'}
[2.176725] (px4_msgs) StdoutLine: {'line': b'-- Up-to-date symlink: /home/maxim/super_ws/install/px4_msgs/include/px4_msgs/px4_msgs/msg/detail/gain_compression__traits.hpp\n'}
[2.176880] (px4_msgs) StdoutLine: {'line': b'-- Up-to-date symlink: /home/maxim/super_ws/install/px4_msgs/include/px4_msgs/px4_msgs/msg/detail/gain_compression__type_support.hpp\n'}
[2.176992] (px4_msgs) StdoutLine: {'line': b'-- Up-to-date symlink: /home/maxim/super_ws/install/px4_msgs/include/px4_msgs/px4_msgs/msg/detail/generator_status__builder.hpp\n'}
[2.177118] (px4_msgs) StdoutLine: {'line': b'-- Up-to-date symlink: /home/maxim/super_ws/install/px4_msgs/include/px4_msgs/px4_msgs/msg/detail/generator_status__struct.hpp\n'}
[2.177282] (px4_msgs) StdoutLine: {'line': b'-- Up-to-date symlink: /home/maxim/super_ws/install/px4_msgs/include/px4_msgs/px4_msgs/msg/detail/generator_status__traits.hpp\n'}
[2.177445] (px4_msgs) StdoutLine: {'line': b'-- Up-to-date symlink: /home/maxim/super_ws/install/px4_msgs/include/px4_msgs/px4_msgs/msg/detail/generator_status__type_support.hpp\n'}
[2.177605] (px4_msgs) StdoutLine: {'line': b'-- Up-to-date symlink: /home/maxim/super_ws/install/px4_msgs/include/px4_msgs/px4_msgs/msg/detail/geofence_result__builder.hpp\n'}
[2.177688] (px4_msgs) StdoutLine: {'line': b'-- Up-to-date symlink: /home/maxim/super_ws/install/px4_msgs/include/px4_msgs/px4_msgs/msg/detail/geofence_result__struct.hpp\n'}
[2.177812] (px4_msgs) StdoutLine: {'line': b'-- Up-to-date symlink: /home/maxim/super_ws/install/px4_msgs/include/px4_msgs/px4_msgs/msg/detail/geofence_result__traits.hpp\n'}
[2.177926] (px4_msgs) StdoutLine: {'line': b'-- Up-to-date symlink: /home/maxim/super_ws/install/px4_msgs/include/px4_msgs/px4_msgs/msg/detail/geofence_result__type_support.hpp\n'}
[2.178012] (px4_msgs) StdoutLine: {'line': b'-- Up-to-date symlink: /home/maxim/super_ws/install/px4_msgs/include/px4_msgs/px4_msgs/msg/detail/geofence_status__builder.hpp\n'}
[2.178119] (px4_msgs) StdoutLine: {'line': b'-- Up-to-date symlink: /home/maxim/super_ws/install/px4_msgs/include/px4_msgs/px4_msgs/msg/detail/geofence_status__struct.hpp\n'}
[2.178228] (px4_msgs) StdoutLine: {'line': b'-- Up-to-date symlink: /home/maxim/super_ws/install/px4_msgs/include/px4_msgs/px4_msgs/msg/detail/geofence_status__traits.hpp\n'}
[2.178387] (px4_msgs) StdoutLine: {'line': b'-- Up-to-date symlink: /home/maxim/super_ws/install/px4_msgs/include/px4_msgs/px4_msgs/msg/detail/geofence_status__type_support.hpp\n'}
[2.178500] (px4_msgs) StdoutLine: {'line': b'-- Up-to-date symlink: /home/maxim/super_ws/install/px4_msgs/include/px4_msgs/px4_msgs/msg/detail/gimbal_controls__builder.hpp\n'}
[2.178590] (px4_msgs) StdoutLine: {'line': b'-- Up-to-date symlink: /home/maxim/super_ws/install/px4_msgs/include/px4_msgs/px4_msgs/msg/detail/gimbal_controls__struct.hpp\n'}
[2.178696] (px4_msgs) StdoutLine: {'line': b'-- Up-to-date symlink: /home/maxim/super_ws/install/px4_msgs/include/px4_msgs/px4_msgs/msg/detail/gimbal_controls__traits.hpp\n'}
[2.178903] (px4_msgs) StdoutLine: {'line': b'-- Up-to-date symlink: /home/maxim/super_ws/install/px4_msgs/include/px4_msgs/px4_msgs/msg/detail/gimbal_controls__type_support.hpp\n'}
[2.178999] (px4_msgs) StdoutLine: {'line': b'-- Up-to-date symlink: /home/maxim/super_ws/install/px4_msgs/include/px4_msgs/px4_msgs/msg/detail/gimbal_device_attitude_status__builder.hpp\n'}
[2.179143] (px4_msgs) StdoutLine: {'line': b'-- Up-to-date symlink: /home/maxim/super_ws/install/px4_msgs/include/px4_msgs/px4_msgs/msg/detail/gimbal_device_attitude_status__struct.hpp\n'}
[2.179310] (px4_msgs) StdoutLine: {'line': b'-- Up-to-date symlink: /home/maxim/super_ws/install/px4_msgs/include/px4_msgs/px4_msgs/msg/detail/gimbal_device_attitude_status__traits.hpp\n'}
[2.179580] (px4_msgs) StdoutLine: {'line': b'-- Up-to-date symlink: /home/maxim/super_ws/install/px4_msgs/include/px4_msgs/px4_msgs/msg/detail/gimbal_device_attitude_status__type_support.hpp\n'}
[2.179685] (px4_msgs) StdoutLine: {'line': b'-- Up-to-date symlink: /home/maxim/super_ws/install/px4_msgs/include/px4_msgs/px4_msgs/msg/detail/gimbal_device_information__builder.hpp\n'}
[2.179887] (px4_msgs) StdoutLine: {'line': b'-- Up-to-date symlink: /home/maxim/super_ws/install/px4_msgs/include/px4_msgs/px4_msgs/msg/detail/gimbal_device_information__struct.hpp\n'}
[2.180021] (px4_msgs) StdoutLine: {'line': b'-- Up-to-date symlink: /home/maxim/super_ws/install/px4_msgs/include/px4_msgs/px4_msgs/msg/detail/gimbal_device_information__traits.hpp\n'}
[2.180181] (px4_msgs) StdoutLine: {'line': b'-- Up-to-date symlink: /home/maxim/super_ws/install/px4_msgs/include/px4_msgs/px4_msgs/msg/detail/gimbal_device_information__type_support.hpp\n'}
[2.180332] (px4_msgs) StdoutLine: {'line': b'-- Up-to-date symlink: /home/maxim/super_ws/install/px4_msgs/include/px4_msgs/px4_msgs/msg/detail/gimbal_device_set_attitude__builder.hpp\n'}
[2.180560] (px4_msgs) StdoutLine: {'line': b'-- Up-to-date symlink: /home/maxim/super_ws/install/px4_msgs/include/px4_msgs/px4_msgs/msg/detail/gimbal_device_set_attitude__struct.hpp\n'}
[2.180870] (px4_msgs) StdoutLine: {'line': b'-- Up-to-date symlink: /home/maxim/super_ws/install/px4_msgs/include/px4_msgs/px4_msgs/msg/detail/gimbal_device_set_attitude__traits.hpp\n'}
[2.181052] (px4_msgs) StdoutLine: {'line': b'-- Up-to-date symlink: /home/maxim/super_ws/install/px4_msgs/include/px4_msgs/px4_msgs/msg/detail/gimbal_device_set_attitude__type_support.hpp\n'}
[2.181216] (px4_msgs) StdoutLine: {'line': b'-- Up-to-date symlink: /home/maxim/super_ws/install/px4_msgs/include/px4_msgs/px4_msgs/msg/detail/gimbal_manager_information__builder.hpp\n'}
[2.181466] (px4_msgs) StdoutLine: {'line': b'-- Up-to-date symlink: /home/maxim/super_ws/install/px4_msgs/include/px4_msgs/px4_msgs/msg/detail/gimbal_manager_information__struct.hpp\n'}
[2.181637] (px4_msgs) StdoutLine: {'line': b'-- Up-to-date symlink: /home/maxim/super_ws/install/px4_msgs/include/px4_msgs/px4_msgs/msg/detail/gimbal_manager_information__traits.hpp\n'}
[2.181822] (px4_msgs) StdoutLine: {'line': b'-- Up-to-date symlink: /home/maxim/super_ws/install/px4_msgs/include/px4_msgs/px4_msgs/msg/detail/gimbal_manager_information__type_support.hpp\n'}
[2.182018] (px4_msgs) StdoutLine: {'line': b'-- Up-to-date symlink: /home/maxim/super_ws/install/px4_msgs/include/px4_msgs/px4_msgs/msg/detail/gimbal_manager_set_attitude__builder.hpp\n'}
[2.182146] (px4_msgs) StdoutLine: {'line': b'-- Up-to-date symlink: /home/maxim/super_ws/install/px4_msgs/include/px4_msgs/px4_msgs/msg/detail/gimbal_manager_set_attitude__struct.hpp\n'}
[2.182270] (px4_msgs) StdoutLine: {'line': b'-- Up-to-date symlink: /home/maxim/super_ws/install/px4_msgs/include/px4_msgs/px4_msgs/msg/detail/gimbal_manager_set_attitude__traits.hpp\n'}
[2.182417] (px4_msgs) StdoutLine: {'line': b'-- Up-to-date symlink: /home/maxim/super_ws/install/px4_msgs/include/px4_msgs/px4_msgs/msg/detail/gimbal_manager_set_attitude__type_support.hpp\n'}
[2.182572] (px4_msgs) StdoutLine: {'line': b'-- Up-to-date symlink: /home/maxim/super_ws/install/px4_msgs/include/px4_msgs/px4_msgs/msg/detail/gimbal_manager_set_manual_control__builder.hpp\n'}
[2.182760] (px4_msgs) StdoutLine: {'line': b'-- Up-to-date symlink: /home/maxim/super_ws/install/px4_msgs/include/px4_msgs/px4_msgs/msg/detail/gimbal_manager_set_manual_control__struct.hpp\n'}
[2.182946] (px4_msgs) StdoutLine: {'line': b'-- Up-to-date symlink: /home/maxim/super_ws/install/px4_msgs/include/px4_msgs/px4_msgs/msg/detail/gimbal_manager_set_manual_control__traits.hpp\n'}
[2.183092] (px4_msgs) StdoutLine: {'line': b'-- Up-to-date symlink: /home/maxim/super_ws/install/px4_msgs/include/px4_msgs/px4_msgs/msg/detail/gimbal_manager_set_manual_control__type_support.hpp\n'}
[2.183255] (px4_msgs) StdoutLine: {'line': b'-- Up-to-date symlink: /home/maxim/super_ws/install/px4_msgs/include/px4_msgs/px4_msgs/msg/detail/gimbal_manager_status__builder.hpp\n'}
[2.183405] (px4_msgs) StdoutLine: {'line': b'-- Up-to-date symlink: /home/maxim/super_ws/install/px4_msgs/include/px4_msgs/px4_msgs/msg/detail/gimbal_manager_status__struct.hpp\n'}
[2.183595] (px4_msgs) StdoutLine: {'line': b'-- Up-to-date symlink: /home/maxim/super_ws/install/px4_msgs/include/px4_msgs/px4_msgs/msg/detail/gimbal_manager_status__traits.hpp\n'}
[2.183814] (px4_msgs) StdoutLine: {'line': b'-- Up-to-date symlink: /home/maxim/super_ws/install/px4_msgs/include/px4_msgs/px4_msgs/msg/detail/gimbal_manager_status__type_support.hpp\n'}
[2.183919] (px4_msgs) StdoutLine: {'line': b'-- Up-to-date symlink: /home/maxim/super_ws/install/px4_msgs/include/px4_msgs/px4_msgs/msg/detail/goto_setpoint__builder.hpp\n'}
[2.184028] (px4_msgs) StdoutLine: {'line': b'-- Up-to-date symlink: /home/maxim/super_ws/install/px4_msgs/include/px4_msgs/px4_msgs/msg/detail/goto_setpoint__struct.hpp\n'}
[2.184139] (px4_msgs) StdoutLine: {'line': b'-- Up-to-date symlink: /home/maxim/super_ws/install/px4_msgs/include/px4_msgs/px4_msgs/msg/detail/goto_setpoint__traits.hpp\n'}
[2.184252] (px4_msgs) StdoutLine: {'line': b'-- Up-to-date symlink: /home/maxim/super_ws/install/px4_msgs/include/px4_msgs/px4_msgs/msg/detail/goto_setpoint__type_support.hpp\n'}
[2.184361] (px4_msgs) StdoutLine: {'line': b'-- Up-to-date symlink: /home/maxim/super_ws/install/px4_msgs/include/px4_msgs/px4_msgs/msg/detail/gpio_config__builder.hpp\n'}
[2.184477] (px4_msgs) StdoutLine: {'line': b'-- Up-to-date symlink: /home/maxim/super_ws/install/px4_msgs/include/px4_msgs/px4_msgs/msg/detail/gpio_config__struct.hpp\n'}
[2.184582] (px4_msgs) StdoutLine: {'line': b'-- Up-to-date symlink: /home/maxim/super_ws/install/px4_msgs/include/px4_msgs/px4_msgs/msg/detail/gpio_config__traits.hpp\n'}
[2.184700] (px4_msgs) StdoutLine: {'line': b'-- Up-to-date symlink: /home/maxim/super_ws/install/px4_msgs/include/px4_msgs/px4_msgs/msg/detail/gpio_config__type_support.hpp\n'}
[2.184815] (px4_msgs) StdoutLine: {'line': b'-- Up-to-date symlink: /home/maxim/super_ws/install/px4_msgs/include/px4_msgs/px4_msgs/msg/detail/gpio_in__builder.hpp\n'}
[2.184917] (px4_msgs) StdoutLine: {'line': b'-- Up-to-date symlink: /home/maxim/super_ws/install/px4_msgs/include/px4_msgs/px4_msgs/msg/detail/gpio_in__struct.hpp\n'}
[2.185025] (px4_msgs) StdoutLine: {'line': b'-- Up-to-date symlink: /home/maxim/super_ws/install/px4_msgs/include/px4_msgs/px4_msgs/msg/detail/gpio_in__traits.hpp\n'}
[2.185157] (px4_msgs) StdoutLine: {'line': b'-- Up-to-date symlink: /home/maxim/super_ws/install/px4_msgs/include/px4_msgs/px4_msgs/msg/detail/gpio_in__type_support.hpp\n'}
[2.185264] (px4_msgs) StdoutLine: {'line': b'-- Up-to-date symlink: /home/maxim/super_ws/install/px4_msgs/include/px4_msgs/px4_msgs/msg/detail/gpio_out__builder.hpp\n'}
[2.185362] (px4_msgs) StdoutLine: {'line': b'-- Up-to-date symlink: /home/maxim/super_ws/install/px4_msgs/include/px4_msgs/px4_msgs/msg/detail/gpio_out__struct.hpp\n'}
[2.185463] (px4_msgs) StdoutLine: {'line': b'-- Up-to-date symlink: /home/maxim/super_ws/install/px4_msgs/include/px4_msgs/px4_msgs/msg/detail/gpio_out__traits.hpp\n'}
[2.186090] (px4_msgs) StdoutLine: {'line': b'-- Up-to-date symlink: /home/maxim/super_ws/install/px4_msgs/include/px4_msgs/px4_msgs/msg/detail/gpio_out__type_support.hpp\n'}
[2.186230] (px4_msgs) StdoutLine: {'line': b'-- Up-to-date symlink: /home/maxim/super_ws/install/px4_msgs/include/px4_msgs/px4_msgs/msg/detail/gpio_request__builder.hpp\n'}
[2.186298] (px4_msgs) StdoutLine: {'line': b'-- Up-to-date symlink: /home/maxim/super_ws/install/px4_msgs/include/px4_msgs/px4_msgs/msg/detail/gpio_request__struct.hpp\n'}
[2.186353] (px4_msgs) StdoutLine: {'line': b'-- Up-to-date symlink: /home/maxim/super_ws/install/px4_msgs/include/px4_msgs/px4_msgs/msg/detail/gpio_request__traits.hpp\n'}
[2.186428] (px4_msgs) StdoutLine: {'line': b'-- Up-to-date symlink: /home/maxim/super_ws/install/px4_msgs/include/px4_msgs/px4_msgs/msg/detail/gpio_request__type_support.hpp\n'}
[2.186527] (px4_msgs) StdoutLine: {'line': b'-- Up-to-date symlink: /home/maxim/super_ws/install/px4_msgs/include/px4_msgs/px4_msgs/msg/detail/gps_dump__builder.hpp\n'}
[2.186618] (px4_msgs) StdoutLine: {'line': b'-- Up-to-date symlink: /home/maxim/super_ws/install/px4_msgs/include/px4_msgs/px4_msgs/msg/detail/gps_dump__struct.hpp\n'}
[2.186728] (px4_msgs) StdoutLine: {'line': b'-- Up-to-date symlink: /home/maxim/super_ws/install/px4_msgs/include/px4_msgs/px4_msgs/msg/detail/gps_dump__traits.hpp\n'}
[2.186843] (px4_msgs) StdoutLine: {'line': b'-- Up-to-date symlink: /home/maxim/super_ws/install/px4_msgs/include/px4_msgs/px4_msgs/msg/detail/gps_dump__type_support.hpp\n'}
[2.186950] (px4_msgs) StdoutLine: {'line': b'-- Up-to-date symlink: /home/maxim/super_ws/install/px4_msgs/include/px4_msgs/px4_msgs/msg/detail/gps_inject_data__builder.hpp\n'}
[2.187058] (px4_msgs) StdoutLine: {'line': b'-- Up-to-date symlink: /home/maxim/super_ws/install/px4_msgs/include/px4_msgs/px4_msgs/msg/detail/gps_inject_data__struct.hpp\n'}
[2.187163] (px4_msgs) StdoutLine: {'line': b'-- Up-to-date symlink: /home/maxim/super_ws/install/px4_msgs/include/px4_msgs/px4_msgs/msg/detail/gps_inject_data__traits.hpp\n'}
[2.187272] (px4_msgs) StdoutLine: {'line': b'-- Up-to-date symlink: /home/maxim/super_ws/install/px4_msgs/include/px4_msgs/px4_msgs/msg/detail/gps_inject_data__type_support.hpp\n'}
[2.187428] (px4_msgs) StdoutLine: {'line': b'-- Up-to-date symlink: /home/maxim/super_ws/install/px4_msgs/include/px4_msgs/px4_msgs/msg/detail/gripper__builder.hpp\n'}
[2.187558] (px4_msgs) StdoutLine: {'line': b'-- Up-to-date symlink: /home/maxim/super_ws/install/px4_msgs/include/px4_msgs/px4_msgs/msg/detail/gripper__struct.hpp\n'}
[2.187655] (px4_msgs) StdoutLine: {'line': b'-- Up-to-date symlink: /home/maxim/super_ws/install/px4_msgs/include/px4_msgs/px4_msgs/msg/detail/gripper__traits.hpp\n'}
[2.187747] (px4_msgs) StdoutLine: {'line': b'-- Up-to-date symlink: /home/maxim/super_ws/install/px4_msgs/include/px4_msgs/px4_msgs/msg/detail/gripper__type_support.hpp\n'}
[2.187898] (px4_msgs) StdoutLine: {'line': b'-- Up-to-date symlink: /home/maxim/super_ws/install/px4_msgs/include/px4_msgs/px4_msgs/msg/detail/health_report__builder.hpp\n'}
[2.188042] (px4_msgs) StdoutLine: {'line': b'-- Up-to-date symlink: /home/maxim/super_ws/install/px4_msgs/include/px4_msgs/px4_msgs/msg/detail/health_report__struct.hpp\n'}
[2.188220] (px4_msgs) StdoutLine: {'line': b'-- Up-to-date symlink: /home/maxim/super_ws/install/px4_msgs/include/px4_msgs/px4_msgs/msg/detail/health_report__traits.hpp\n'}
[2.188337] (px4_msgs) StdoutLine: {'line': b'-- Up-to-date symlink: /home/maxim/super_ws/install/px4_msgs/include/px4_msgs/px4_msgs/msg/detail/health_report__type_support.hpp\n'}
[2.188481] (px4_msgs) StdoutLine: {'line': b'-- Up-to-date symlink: /home/maxim/super_ws/install/px4_msgs/include/px4_msgs/px4_msgs/msg/detail/heater_status__builder.hpp\n'}
[2.188663] (px4_msgs) StdoutLine: {'line': b'-- Up-to-date symlink: /home/maxim/super_ws/install/px4_msgs/include/px4_msgs/px4_msgs/msg/detail/heater_status__struct.hpp\n'}
[2.188866] (px4_msgs) StdoutLine: {'line': b'-- Up-to-date symlink: /home/maxim/super_ws/install/px4_msgs/include/px4_msgs/px4_msgs/msg/detail/heater_status__traits.hpp\n'}
[2.188991] (px4_msgs) StdoutLine: {'line': b'-- Up-to-date symlink: /home/maxim/super_ws/install/px4_msgs/include/px4_msgs/px4_msgs/msg/detail/heater_status__type_support.hpp\n'}
[2.189072] (px4_msgs) StdoutLine: {'line': b'-- Up-to-date symlink: /home/maxim/super_ws/install/px4_msgs/include/px4_msgs/px4_msgs/msg/detail/home_position__builder.hpp\n'}
[2.189195] (px4_msgs) StdoutLine: {'line': b'-- Up-to-date symlink: /home/maxim/super_ws/install/px4_msgs/include/px4_msgs/px4_msgs/msg/detail/home_position__struct.hpp\n'}
[2.189340] (px4_msgs) StdoutLine: {'line': b'-- Up-to-date symlink: /home/maxim/super_ws/install/px4_msgs/include/px4_msgs/px4_msgs/msg/detail/home_position__traits.hpp\n'}
[2.189585] (px4_msgs) StdoutLine: {'line': b'-- Up-to-date symlink: /home/maxim/super_ws/install/px4_msgs/include/px4_msgs/px4_msgs/msg/detail/home_position__type_support.hpp\n'}
[2.189722] (px4_msgs) StdoutLine: {'line': b'-- Up-to-date symlink: /home/maxim/super_ws/install/px4_msgs/include/px4_msgs/px4_msgs/msg/detail/hover_thrust_estimate__builder.hpp\n'}
[2.189918] (px4_msgs) StdoutLine: {'line': b'-- Up-to-date symlink: /home/maxim/super_ws/install/px4_msgs/include/px4_msgs/px4_msgs/msg/detail/hover_thrust_estimate__struct.hpp\n'}
[2.190031] (px4_msgs) StdoutLine: {'line': b'-- Up-to-date symlink: /home/maxim/super_ws/install/px4_msgs/include/px4_msgs/px4_msgs/msg/detail/hover_thrust_estimate__traits.hpp\n'}
[2.190202] (px4_msgs) StdoutLine: {'line': b'-- Up-to-date symlink: /home/maxim/super_ws/install/px4_msgs/include/px4_msgs/px4_msgs/msg/detail/hover_thrust_estimate__type_support.hpp\n'}
[2.190342] (px4_msgs) StdoutLine: {'line': b'-- Up-to-date symlink: /home/maxim/super_ws/install/px4_msgs/include/px4_msgs/px4_msgs/msg/detail/input_rc__builder.hpp\n'}
[2.190471] (px4_msgs) StdoutLine: {'line': b'-- Up-to-date symlink: /home/maxim/super_ws/install/px4_msgs/include/px4_msgs/px4_msgs/msg/detail/input_rc__struct.hpp\n'}
[2.190618] (px4_msgs) StdoutLine: {'line': b'-- Up-to-date symlink: /home/maxim/super_ws/install/px4_msgs/include/px4_msgs/px4_msgs/msg/detail/input_rc__traits.hpp\n'}
[2.190766] (px4_msgs) StdoutLine: {'line': b'-- Up-to-date symlink: /home/maxim/super_ws/install/px4_msgs/include/px4_msgs/px4_msgs/msg/detail/input_rc__type_support.hpp\n'}
[2.190953] (px4_msgs) StdoutLine: {'line': b'-- Up-to-date symlink: /home/maxim/super_ws/install/px4_msgs/include/px4_msgs/px4_msgs/msg/detail/internal_combustion_engine_control__builder.hpp\n'}
[2.191201] (px4_msgs) StdoutLine: {'line': b'-- Up-to-date symlink: /home/maxim/super_ws/install/px4_msgs/include/px4_msgs/px4_msgs/msg/detail/internal_combustion_engine_control__struct.hpp\n'}
[2.191347] (px4_msgs) StdoutLine: {'line': b'-- Up-to-date symlink: /home/maxim/super_ws/install/px4_msgs/include/px4_msgs/px4_msgs/msg/detail/internal_combustion_engine_control__traits.hpp\n'}
[2.191535] (px4_msgs) StdoutLine: {'line': b'-- Up-to-date symlink: /home/maxim/super_ws/install/px4_msgs/include/px4_msgs/px4_msgs/msg/detail/internal_combustion_engine_control__type_support.hpp\n'}
[2.191688] (px4_msgs) StdoutLine: {'line': b'-- Up-to-date symlink: /home/maxim/super_ws/install/px4_msgs/include/px4_msgs/px4_msgs/msg/detail/internal_combustion_engine_status__builder.hpp\n'}
[2.191902] (px4_msgs) StdoutLine: {'line': b'-- Up-to-date symlink: /home/maxim/super_ws/install/px4_msgs/include/px4_msgs/px4_msgs/msg/detail/internal_combustion_engine_status__struct.hpp\n'}
[2.192051] (px4_msgs) StdoutLine: {'line': b'-- Up-to-date symlink: /home/maxim/super_ws/install/px4_msgs/include/px4_msgs/px4_msgs/msg/detail/internal_combustion_engine_status__traits.hpp\n'}
[2.192197] (px4_msgs) StdoutLine: {'line': b'-- Up-to-date symlink: /home/maxim/super_ws/install/px4_msgs/include/px4_msgs/px4_msgs/msg/detail/internal_combustion_engine_status__type_support.hpp\n'}
[2.192324] (px4_msgs) StdoutLine: {'line': b'-- Up-to-date symlink: /home/maxim/super_ws/install/px4_msgs/include/px4_msgs/px4_msgs/msg/detail/iridiumsbd_status__builder.hpp\n'}
[2.192440] (px4_msgs) StdoutLine: {'line': b'-- Up-to-date symlink: /home/maxim/super_ws/install/px4_msgs/include/px4_msgs/px4_msgs/msg/detail/iridiumsbd_status__struct.hpp\n'}
[2.192563] (px4_msgs) StdoutLine: {'line': b'-- Up-to-date symlink: /home/maxim/super_ws/install/px4_msgs/include/px4_msgs/px4_msgs/msg/detail/iridiumsbd_status__traits.hpp\n'}
[2.192754] (px4_msgs) StdoutLine: {'line': b'-- Up-to-date symlink: /home/maxim/super_ws/install/px4_msgs/include/px4_msgs/px4_msgs/msg/detail/iridiumsbd_status__type_support.hpp\n'}
[2.193035] (px4_msgs) StdoutLine: {'line': b'-- Up-to-date symlink: /home/maxim/super_ws/install/px4_msgs/include/px4_msgs/px4_msgs/msg/detail/irlock_report__builder.hpp\n'}
[2.193183] (px4_msgs) StdoutLine: {'line': b'-- Up-to-date symlink: /home/maxim/super_ws/install/px4_msgs/include/px4_msgs/px4_msgs/msg/detail/irlock_report__struct.hpp\n'}
[2.193426] (px4_msgs) StdoutLine: {'line': b'-- Up-to-date symlink: /home/maxim/super_ws/install/px4_msgs/include/px4_msgs/px4_msgs/msg/detail/irlock_report__traits.hpp\n'}
[2.193651] (px4_msgs) StdoutLine: {'line': b'-- Up-to-date symlink: /home/maxim/super_ws/install/px4_msgs/include/px4_msgs/px4_msgs/msg/detail/irlock_report__type_support.hpp\n'}
[2.193859] (px4_msgs) StdoutLine: {'line': b'-- Up-to-date symlink: /home/maxim/super_ws/install/px4_msgs/include/px4_msgs/px4_msgs/msg/detail/landing_gear__builder.hpp\n'}
[2.194070] (px4_msgs) StdoutLine: {'line': b'-- Up-to-date symlink: /home/maxim/super_ws/install/px4_msgs/include/px4_msgs/px4_msgs/msg/detail/landing_gear__struct.hpp\n'}
[2.194278] (px4_msgs) StdoutLine: {'line': b'-- Up-to-date symlink: /home/maxim/super_ws/install/px4_msgs/include/px4_msgs/px4_msgs/msg/detail/landing_gear__traits.hpp\n'}
[2.194484] (px4_msgs) StdoutLine: {'line': b'-- Up-to-date symlink: /home/maxim/super_ws/install/px4_msgs/include/px4_msgs/px4_msgs/msg/detail/landing_gear__type_support.hpp\n'}
[2.194679] (px4_msgs) StdoutLine: {'line': b'-- Up-to-date symlink: /home/maxim/super_ws/install/px4_msgs/include/px4_msgs/px4_msgs/msg/detail/landing_gear_wheel__builder.hpp\n'}
[2.194821] (px4_msgs) StdoutLine: {'line': b'-- Up-to-date symlink: /home/maxim/super_ws/install/px4_msgs/include/px4_msgs/px4_msgs/msg/detail/landing_gear_wheel__struct.hpp\n'}
[2.194935] (px4_msgs) StdoutLine: {'line': b'-- Up-to-date symlink: /home/maxim/super_ws/install/px4_msgs/include/px4_msgs/px4_msgs/msg/detail/landing_gear_wheel__traits.hpp\n'}
[2.195072] (px4_msgs) StdoutLine: {'line': b'-- Up-to-date symlink: /home/maxim/super_ws/install/px4_msgs/include/px4_msgs/px4_msgs/msg/detail/landing_gear_wheel__type_support.hpp\n'}
[2.195222] (px4_msgs) StdoutLine: {'line': b'-- Up-to-date symlink: /home/maxim/super_ws/install/px4_msgs/include/px4_msgs/px4_msgs/msg/detail/landing_target_innovations__builder.hpp\n'}
[2.195379] (px4_msgs) StdoutLine: {'line': b'-- Up-to-date symlink: /home/maxim/super_ws/install/px4_msgs/include/px4_msgs/px4_msgs/msg/detail/landing_target_innovations__struct.hpp\n'}
[2.195525] (px4_msgs) StdoutLine: {'line': b'-- Up-to-date symlink: /home/maxim/super_ws/install/px4_msgs/include/px4_msgs/px4_msgs/msg/detail/landing_target_innovations__traits.hpp\n'}
[2.195659] (px4_msgs) StdoutLine: {'line': b'-- Up-to-date symlink: /home/maxim/super_ws/install/px4_msgs/include/px4_msgs/px4_msgs/msg/detail/landing_target_innovations__type_support.hpp\n'}
[2.195860] (px4_msgs) StdoutLine: {'line': b'-- Up-to-date symlink: /home/maxim/super_ws/install/px4_msgs/include/px4_msgs/px4_msgs/msg/detail/landing_target_pose__builder.hpp\n'}
[2.195998] (px4_msgs) StdoutLine: {'line': b'-- Up-to-date symlink: /home/maxim/super_ws/install/px4_msgs/include/px4_msgs/px4_msgs/msg/detail/landing_target_pose__struct.hpp\n'}
[2.196170] (px4_msgs) StdoutLine: {'line': b'-- Up-to-date symlink: /home/maxim/super_ws/install/px4_msgs/include/px4_msgs/px4_msgs/msg/detail/landing_target_pose__traits.hpp\n'}
[2.196276] (px4_msgs) StdoutLine: {'line': b'-- Up-to-date symlink: /home/maxim/super_ws/install/px4_msgs/include/px4_msgs/px4_msgs/msg/detail/landing_target_pose__type_support.hpp\n'}
[2.196383] (px4_msgs) StdoutLine: {'line': b'-- Up-to-date symlink: /home/maxim/super_ws/install/px4_msgs/include/px4_msgs/px4_msgs/msg/detail/lateral_control_configuration__builder.hpp\n'}
[2.196476] (px4_msgs) StdoutLine: {'line': b'-- Up-to-date symlink: /home/maxim/super_ws/install/px4_msgs/include/px4_msgs/px4_msgs/msg/detail/lateral_control_configuration__struct.hpp\n'}
[2.196623] (px4_msgs) StdoutLine: {'line': b'-- Up-to-date symlink: /home/maxim/super_ws/install/px4_msgs/include/px4_msgs/px4_msgs/msg/detail/lateral_control_configuration__traits.hpp\n'}
[2.196833] (px4_msgs) StdoutLine: {'line': b'-- Up-to-date symlink: /home/maxim/super_ws/install/px4_msgs/include/px4_msgs/px4_msgs/msg/detail/lateral_control_configuration__type_support.hpp\n'}
[2.196956] (px4_msgs) StdoutLine: {'line': b'-- Up-to-date symlink: /home/maxim/super_ws/install/px4_msgs/include/px4_msgs/px4_msgs/msg/detail/launch_detection_status__builder.hpp\n'}
[2.197156] (px4_msgs) StdoutLine: {'line': b'-- Up-to-date symlink: /home/maxim/super_ws/install/px4_msgs/include/px4_msgs/px4_msgs/msg/detail/launch_detection_status__struct.hpp\n'}
[2.197321] (px4_msgs) StdoutLine: {'line': b'-- Up-to-date symlink: /home/maxim/super_ws/install/px4_msgs/include/px4_msgs/px4_msgs/msg/detail/launch_detection_status__traits.hpp\n'}
[2.197465] (px4_msgs) StdoutLine: {'line': b'-- Up-to-date symlink: /home/maxim/super_ws/install/px4_msgs/include/px4_msgs/px4_msgs/msg/detail/launch_detection_status__type_support.hpp\n'}
[2.197642] (px4_msgs) StdoutLine: {'line': b'-- Up-to-date symlink: /home/maxim/super_ws/install/px4_msgs/include/px4_msgs/px4_msgs/msg/detail/led_control__builder.hpp\n'}
[2.197726] (px4_msgs) StdoutLine: {'line': b'-- Up-to-date symlink: /home/maxim/super_ws/install/px4_msgs/include/px4_msgs/px4_msgs/msg/detail/led_control__struct.hpp\n'}
[2.197944] (px4_msgs) StdoutLine: {'line': b'-- Up-to-date symlink: /home/maxim/super_ws/install/px4_msgs/include/px4_msgs/px4_msgs/msg/detail/led_control__traits.hpp\n'}
[2.198125] (px4_msgs) StdoutLine: {'line': b'-- Up-to-date symlink: /home/maxim/super_ws/install/px4_msgs/include/px4_msgs/px4_msgs/msg/detail/led_control__type_support.hpp\n'}
[2.198280] (px4_msgs) StdoutLine: {'line': b'-- Up-to-date symlink: /home/maxim/super_ws/install/px4_msgs/include/px4_msgs/px4_msgs/msg/detail/log_message__builder.hpp\n'}
[2.198399] (px4_msgs) StdoutLine: {'line': b'-- Up-to-date symlink: /home/maxim/super_ws/install/px4_msgs/include/px4_msgs/px4_msgs/msg/detail/log_message__struct.hpp\n'}
[2.198549] (px4_msgs) StdoutLine: {'line': b'-- Up-to-date symlink: /home/maxim/super_ws/install/px4_msgs/include/px4_msgs/px4_msgs/msg/detail/log_message__traits.hpp\n'}
[2.198692] (px4_msgs) StdoutLine: {'line': b'-- Up-to-date symlink: /home/maxim/super_ws/install/px4_msgs/include/px4_msgs/px4_msgs/msg/detail/log_message__type_support.hpp\n'}
[2.198854] (px4_msgs) StdoutLine: {'line': b'-- Up-to-date symlink: /home/maxim/super_ws/install/px4_msgs/include/px4_msgs/px4_msgs/msg/detail/logger_status__builder.hpp\n'}
[2.199002] (px4_msgs) StdoutLine: {'line': b'-- Up-to-date symlink: /home/maxim/super_ws/install/px4_msgs/include/px4_msgs/px4_msgs/msg/detail/logger_status__struct.hpp\n'}
[2.199152] (px4_msgs) StdoutLine: {'line': b'-- Up-to-date symlink: /home/maxim/super_ws/install/px4_msgs/include/px4_msgs/px4_msgs/msg/detail/logger_status__traits.hpp\n'}
[2.199264] (px4_msgs) StdoutLine: {'line': b'-- Up-to-date symlink: /home/maxim/super_ws/install/px4_msgs/include/px4_msgs/px4_msgs/msg/detail/logger_status__type_support.hpp\n'}
[2.199425] (px4_msgs) StdoutLine: {'line': b'-- Up-to-date symlink: /home/maxim/super_ws/install/px4_msgs/include/px4_msgs/px4_msgs/msg/detail/longitudinal_control_configuration__builder.hpp\n'}
[2.199643] (px4_msgs) StdoutLine: {'line': b'-- Up-to-date symlink: /home/maxim/super_ws/install/px4_msgs/include/px4_msgs/px4_msgs/msg/detail/longitudinal_control_configuration__struct.hpp\n'}
[2.199817] (px4_msgs) StdoutLine: {'line': b'-- Up-to-date symlink: /home/maxim/super_ws/install/px4_msgs/include/px4_msgs/px4_msgs/msg/detail/longitudinal_control_configuration__traits.hpp\n'}
[2.199983] (px4_msgs) StdoutLine: {'line': b'-- Up-to-date symlink: /home/maxim/super_ws/install/px4_msgs/include/px4_msgs/px4_msgs/msg/detail/longitudinal_control_configuration__type_support.hpp\n'}
[2.200114] (px4_msgs) StdoutLine: {'line': b'-- Up-to-date symlink: /home/maxim/super_ws/install/px4_msgs/include/px4_msgs/px4_msgs/msg/detail/mag_worker_data__builder.hpp\n'}
[2.200265] (px4_msgs) StdoutLine: {'line': b'-- Up-to-date symlink: /home/maxim/super_ws/install/px4_msgs/include/px4_msgs/px4_msgs/msg/detail/mag_worker_data__struct.hpp\n'}
[2.200477] (px4_msgs) StdoutLine: {'line': b'-- Up-to-date symlink: /home/maxim/super_ws/install/px4_msgs/include/px4_msgs/px4_msgs/msg/detail/mag_worker_data__traits.hpp\n'}
[2.200607] (px4_msgs) StdoutLine: {'line': b'-- Up-to-date symlink: /home/maxim/super_ws/install/px4_msgs/include/px4_msgs/px4_msgs/msg/detail/mag_worker_data__type_support.hpp\n'}
[2.200729] (px4_msgs) StdoutLine: {'line': b'-- Up-to-date symlink: /home/maxim/super_ws/install/px4_msgs/include/px4_msgs/px4_msgs/msg/detail/magnetometer_bias_estimate__builder.hpp\n'}
[2.200918] (px4_msgs) StdoutLine: {'line': b'-- Up-to-date symlink: /home/maxim/super_ws/install/px4_msgs/include/px4_msgs/px4_msgs/msg/detail/magnetometer_bias_estimate__struct.hpp\n'}
[2.201066] (px4_msgs) StdoutLine: {'line': b'-- Up-to-date symlink: /home/maxim/super_ws/install/px4_msgs/include/px4_msgs/px4_msgs/msg/detail/magnetometer_bias_estimate__traits.hpp\n'}
[2.201215] (px4_msgs) StdoutLine: {'line': b'-- Up-to-date symlink: /home/maxim/super_ws/install/px4_msgs/include/px4_msgs/px4_msgs/msg/detail/magnetometer_bias_estimate__type_support.hpp\n'}
[2.201369] (px4_msgs) StdoutLine: {'line': b'-- Up-to-date symlink: /home/maxim/super_ws/install/px4_msgs/include/px4_msgs/px4_msgs/msg/detail/manual_control_setpoint__builder.hpp\n'}
[2.201521] (px4_msgs) StdoutLine: {'line': b'-- Up-to-date symlink: /home/maxim/super_ws/install/px4_msgs/include/px4_msgs/px4_msgs/msg/detail/manual_control_setpoint__struct.hpp\n'}
[2.201638] (px4_msgs) StdoutLine: {'line': b'-- Up-to-date symlink: /home/maxim/super_ws/install/px4_msgs/include/px4_msgs/px4_msgs/msg/detail/manual_control_setpoint__traits.hpp\n'}
[2.201842] (px4_msgs) StdoutLine: {'line': b'-- Up-to-date symlink: /home/maxim/super_ws/install/px4_msgs/include/px4_msgs/px4_msgs/msg/detail/manual_control_setpoint__type_support.hpp\n'}
[2.202006] (px4_msgs) StdoutLine: {'line': b'-- Up-to-date symlink: /home/maxim/super_ws/install/px4_msgs/include/px4_msgs/px4_msgs/msg/detail/manual_control_switches__builder.hpp\n'}
[2.202208] (px4_msgs) StdoutLine: {'line': b'-- Up-to-date symlink: /home/maxim/super_ws/install/px4_msgs/include/px4_msgs/px4_msgs/msg/detail/manual_control_switches__struct.hpp\n'}
[2.202331] (px4_msgs) StdoutLine: {'line': b'-- Up-to-date symlink: /home/maxim/super_ws/install/px4_msgs/include/px4_msgs/px4_msgs/msg/detail/manual_control_switches__traits.hpp\n'}
[2.202509] (px4_msgs) StdoutLine: {'line': b'-- Up-to-date symlink: /home/maxim/super_ws/install/px4_msgs/include/px4_msgs/px4_msgs/msg/detail/manual_control_switches__type_support.hpp\n'}
[2.202667] (px4_msgs) StdoutLine: {'line': b'-- Up-to-date symlink: /home/maxim/super_ws/install/px4_msgs/include/px4_msgs/px4_msgs/msg/detail/mavlink_log__builder.hpp\n'}
[2.202907] (px4_msgs) StdoutLine: {'line': b'-- Up-to-date symlink: /home/maxim/super_ws/install/px4_msgs/include/px4_msgs/px4_msgs/msg/detail/mavlink_log__struct.hpp\n'}
[2.203103] (px4_msgs) StdoutLine: {'line': b'-- Up-to-date symlink: /home/maxim/super_ws/install/px4_msgs/include/px4_msgs/px4_msgs/msg/detail/mavlink_log__traits.hpp\n'}
[2.203263] (px4_msgs) StdoutLine: {'line': b'-- Up-to-date symlink: /home/maxim/super_ws/install/px4_msgs/include/px4_msgs/px4_msgs/msg/detail/mavlink_log__type_support.hpp\n'}
[2.203396] (px4_msgs) StdoutLine: {'line': b'-- Up-to-date symlink: /home/maxim/super_ws/install/px4_msgs/include/px4_msgs/px4_msgs/msg/detail/mavlink_tunnel__builder.hpp\n'}
[2.203457] (-) TimerEvent: {}
[2.203530] (px4_msgs) StdoutLine: {'line': b'-- Up-to-date symlink: /home/maxim/super_ws/install/px4_msgs/include/px4_msgs/px4_msgs/msg/detail/mavlink_tunnel__struct.hpp\n'}
[2.203698] (px4_msgs) StdoutLine: {'line': b'-- Up-to-date symlink: /home/maxim/super_ws/install/px4_msgs/include/px4_msgs/px4_msgs/msg/detail/mavlink_tunnel__traits.hpp\n'}
[2.203830] (px4_msgs) StdoutLine: {'line': b'-- Up-to-date symlink: /home/maxim/super_ws/install/px4_msgs/include/px4_msgs/px4_msgs/msg/detail/mavlink_tunnel__type_support.hpp\n'}
[2.203999] (px4_msgs) StdoutLine: {'line': b'-- Up-to-date symlink: /home/maxim/super_ws/install/px4_msgs/include/px4_msgs/px4_msgs/msg/detail/message_format_request__builder.hpp\n'}
[2.204149] (px4_msgs) StdoutLine: {'line': b'-- Up-to-date symlink: /home/maxim/super_ws/install/px4_msgs/include/px4_msgs/px4_msgs/msg/detail/message_format_request__struct.hpp\n'}
[2.204270] (px4_msgs) StdoutLine: {'line': b'-- Up-to-date symlink: /home/maxim/super_ws/install/px4_msgs/include/px4_msgs/px4_msgs/msg/detail/message_format_request__traits.hpp\n'}
[2.204428] (px4_msgs) StdoutLine: {'line': b'-- Up-to-date symlink: /home/maxim/super_ws/install/px4_msgs/include/px4_msgs/px4_msgs/msg/detail/message_format_request__type_support.hpp\n'}
[2.204574] (px4_msgs) StdoutLine: {'line': b'-- Up-to-date symlink: /home/maxim/super_ws/install/px4_msgs/include/px4_msgs/px4_msgs/msg/detail/message_format_response__builder.hpp\n'}
[2.204721] (px4_msgs) StdoutLine: {'line': b'-- Up-to-date symlink: /home/maxim/super_ws/install/px4_msgs/include/px4_msgs/px4_msgs/msg/detail/message_format_response__struct.hpp\n'}
[2.204912] (px4_msgs) StdoutLine: {'line': b'-- Up-to-date symlink: /home/maxim/super_ws/install/px4_msgs/include/px4_msgs/px4_msgs/msg/detail/message_format_response__traits.hpp\n'}
[2.205052] (px4_msgs) StdoutLine: {'line': b'-- Up-to-date symlink: /home/maxim/super_ws/install/px4_msgs/include/px4_msgs/px4_msgs/msg/detail/message_format_response__type_support.hpp\n'}
[2.205174] (px4_msgs) StdoutLine: {'line': b'-- Up-to-date symlink: /home/maxim/super_ws/install/px4_msgs/include/px4_msgs/px4_msgs/msg/detail/mission__builder.hpp\n'}
[2.205321] (px4_msgs) StdoutLine: {'line': b'-- Up-to-date symlink: /home/maxim/super_ws/install/px4_msgs/include/px4_msgs/px4_msgs/msg/detail/mission__struct.hpp\n'}
[2.205471] (px4_msgs) StdoutLine: {'line': b'-- Up-to-date symlink: /home/maxim/super_ws/install/px4_msgs/include/px4_msgs/px4_msgs/msg/detail/mission__traits.hpp\n'}
[2.205645] (px4_msgs) StdoutLine: {'line': b'-- Up-to-date symlink: /home/maxim/super_ws/install/px4_msgs/include/px4_msgs/px4_msgs/msg/detail/mission__type_support.hpp\n'}
[2.205875] (px4_msgs) StdoutLine: {'line': b'-- Up-to-date symlink: /home/maxim/super_ws/install/px4_msgs/include/px4_msgs/px4_msgs/msg/detail/mission_result__builder.hpp\n'}
[2.206011] (px4_msgs) StdoutLine: {'line': b'-- Up-to-date symlink: /home/maxim/super_ws/install/px4_msgs/include/px4_msgs/px4_msgs/msg/detail/mission_result__struct.hpp\n'}
[2.206192] (px4_msgs) StdoutLine: {'line': b'-- Up-to-date symlink: /home/maxim/super_ws/install/px4_msgs/include/px4_msgs/px4_msgs/msg/detail/mission_result__traits.hpp\n'}
[2.206505] (px4_msgs) StdoutLine: {'line': b'-- Up-to-date symlink: /home/maxim/super_ws/install/px4_msgs/include/px4_msgs/px4_msgs/msg/detail/mission_result__type_support.hpp\n'}
[2.206620] (px4_msgs) StdoutLine: {'line': b'-- Up-to-date symlink: /home/maxim/super_ws/install/px4_msgs/include/px4_msgs/px4_msgs/msg/detail/mode_completed__builder.hpp\n'}
[2.206704] (px4_msgs) StdoutLine: {'line': b'-- Up-to-date symlink: /home/maxim/super_ws/install/px4_msgs/include/px4_msgs/px4_msgs/msg/detail/mode_completed__struct.hpp\n'}
[2.206811] (px4_msgs) StdoutLine: {'line': b'-- Up-to-date symlink: /home/maxim/super_ws/install/px4_msgs/include/px4_msgs/px4_msgs/msg/detail/mode_completed__traits.hpp\n'}
[2.206964] (px4_msgs) StdoutLine: {'line': b'-- Up-to-date symlink: /home/maxim/super_ws/install/px4_msgs/include/px4_msgs/px4_msgs/msg/detail/mode_completed__type_support.hpp\n'}
[2.207109] (px4_msgs) StdoutLine: {'line': b'-- Up-to-date symlink: /home/maxim/super_ws/install/px4_msgs/include/px4_msgs/px4_msgs/msg/detail/mount_orientation__builder.hpp\n'}
[2.207260] (px4_msgs) StdoutLine: {'line': b'-- Up-to-date symlink: /home/maxim/super_ws/install/px4_msgs/include/px4_msgs/px4_msgs/msg/detail/mount_orientation__struct.hpp\n'}
[2.207408] (px4_msgs) StdoutLine: {'line': b'-- Up-to-date symlink: /home/maxim/super_ws/install/px4_msgs/include/px4_msgs/px4_msgs/msg/detail/mount_orientation__traits.hpp\n'}
[2.207594] (px4_msgs) StdoutLine: {'line': b'-- Up-to-date symlink: /home/maxim/super_ws/install/px4_msgs/include/px4_msgs/px4_msgs/msg/detail/mount_orientation__type_support.hpp\n'}
[2.207707] (px4_msgs) StdoutLine: {'line': b'-- Up-to-date symlink: /home/maxim/super_ws/install/px4_msgs/include/px4_msgs/px4_msgs/msg/detail/navigator_mission_item__builder.hpp\n'}
[2.207914] (px4_msgs) StdoutLine: {'line': b'-- Up-to-date symlink: /home/maxim/super_ws/install/px4_msgs/include/px4_msgs/px4_msgs/msg/detail/navigator_mission_item__struct.hpp\n'}
[2.208079] (px4_msgs) StdoutLine: {'line': b'-- Up-to-date symlink: /home/maxim/super_ws/install/px4_msgs/include/px4_msgs/px4_msgs/msg/detail/navigator_mission_item__traits.hpp\n'}
[2.208207] (px4_msgs) StdoutLine: {'line': b'-- Up-to-date symlink: /home/maxim/super_ws/install/px4_msgs/include/px4_msgs/px4_msgs/msg/detail/navigator_mission_item__type_support.hpp\n'}
[2.208392] (px4_msgs) StdoutLine: {'line': b'-- Up-to-date symlink: /home/maxim/super_ws/install/px4_msgs/include/px4_msgs/px4_msgs/msg/detail/navigator_status__builder.hpp\n'}
[2.208519] (px4_msgs) StdoutLine: {'line': b'-- Up-to-date symlink: /home/maxim/super_ws/install/px4_msgs/include/px4_msgs/px4_msgs/msg/detail/navigator_status__struct.hpp\n'}
[2.208665] (px4_msgs) StdoutLine: {'line': b'-- Up-to-date symlink: /home/maxim/super_ws/install/px4_msgs/include/px4_msgs/px4_msgs/msg/detail/navigator_status__traits.hpp\n'}
[2.208811] (px4_msgs) StdoutLine: {'line': b'-- Up-to-date symlink: /home/maxim/super_ws/install/px4_msgs/include/px4_msgs/px4_msgs/msg/detail/navigator_status__type_support.hpp\n'}
[2.208955] (px4_msgs) StdoutLine: {'line': b'-- Up-to-date symlink: /home/maxim/super_ws/install/px4_msgs/include/px4_msgs/px4_msgs/msg/detail/neural_control__builder.hpp\n'}
[2.209140] (px4_msgs) StdoutLine: {'line': b'-- Up-to-date symlink: /home/maxim/super_ws/install/px4_msgs/include/px4_msgs/px4_msgs/msg/detail/neural_control__struct.hpp\n'}
[2.209288] (px4_msgs) StdoutLine: {'line': b'-- Up-to-date symlink: /home/maxim/super_ws/install/px4_msgs/include/px4_msgs/px4_msgs/msg/detail/neural_control__traits.hpp\n'}
[2.209480] (px4_msgs) StdoutLine: {'line': b'-- Up-to-date symlink: /home/maxim/super_ws/install/px4_msgs/include/px4_msgs/px4_msgs/msg/detail/neural_control__type_support.hpp\n'}
[2.209661] (px4_msgs) StdoutLine: {'line': b'-- Up-to-date symlink: /home/maxim/super_ws/install/px4_msgs/include/px4_msgs/px4_msgs/msg/detail/normalized_unsigned_setpoint__builder.hpp\n'}
[2.209845] (px4_msgs) StdoutLine: {'line': b'-- Up-to-date symlink: /home/maxim/super_ws/install/px4_msgs/include/px4_msgs/px4_msgs/msg/detail/normalized_unsigned_setpoint__struct.hpp\n'}
[2.209998] (px4_msgs) StdoutLine: {'line': b'-- Up-to-date symlink: /home/maxim/super_ws/install/px4_msgs/include/px4_msgs/px4_msgs/msg/detail/normalized_unsigned_setpoint__traits.hpp\n'}
[2.210294] (px4_msgs) StdoutLine: {'line': b'-- Up-to-date symlink: /home/maxim/super_ws/install/px4_msgs/include/px4_msgs/px4_msgs/msg/detail/normalized_unsigned_setpoint__type_support.hpp\n'}
[2.210492] (px4_msgs) StdoutLine: {'line': b'-- Up-to-date symlink: /home/maxim/super_ws/install/px4_msgs/include/px4_msgs/px4_msgs/msg/detail/obstacle_distance__builder.hpp\n'}
[2.210660] (px4_msgs) StdoutLine: {'line': b'-- Up-to-date symlink: /home/maxim/super_ws/install/px4_msgs/include/px4_msgs/px4_msgs/msg/detail/obstacle_distance__struct.hpp\n'}
[2.210879] (px4_msgs) StdoutLine: {'line': b'-- Up-to-date symlink: /home/maxim/super_ws/install/px4_msgs/include/px4_msgs/px4_msgs/msg/detail/obstacle_distance__traits.hpp\n'}
[2.211035] (px4_msgs) StdoutLine: {'line': b'-- Up-to-date symlink: /home/maxim/super_ws/install/px4_msgs/include/px4_msgs/px4_msgs/msg/detail/obstacle_distance__type_support.hpp\n'}
[2.211181] (px4_msgs) StdoutLine: {'line': b'-- Up-to-date symlink: /home/maxim/super_ws/install/px4_msgs/include/px4_msgs/px4_msgs/msg/detail/offboard_control_mode__builder.hpp\n'}
[2.211374] (px4_msgs) StdoutLine: {'line': b'-- Up-to-date symlink: /home/maxim/super_ws/install/px4_msgs/include/px4_msgs/px4_msgs/msg/detail/offboard_control_mode__struct.hpp\n'}
[2.211537] (px4_msgs) StdoutLine: {'line': b'-- Up-to-date symlink: /home/maxim/super_ws/install/px4_msgs/include/px4_msgs/px4_msgs/msg/detail/offboard_control_mode__traits.hpp\n'}
[2.211646] (px4_msgs) StdoutLine: {'line': b'-- Up-to-date symlink: /home/maxim/super_ws/install/px4_msgs/include/px4_msgs/px4_msgs/msg/detail/offboard_control_mode__type_support.hpp\n'}
[2.211730] (px4_msgs) StdoutLine: {'line': b'-- Up-to-date symlink: /home/maxim/super_ws/install/px4_msgs/include/px4_msgs/px4_msgs/msg/detail/onboard_computer_status__builder.hpp\n'}
[2.211913] (px4_msgs) StdoutLine: {'line': b'-- Up-to-date symlink: /home/maxim/super_ws/install/px4_msgs/include/px4_msgs/px4_msgs/msg/detail/onboard_computer_status__struct.hpp\n'}
[2.212057] (px4_msgs) StdoutLine: {'line': b'-- Up-to-date symlink: /home/maxim/super_ws/install/px4_msgs/include/px4_msgs/px4_msgs/msg/detail/onboard_computer_status__traits.hpp\n'}
[2.212233] (px4_msgs) StdoutLine: {'line': b'-- Up-to-date symlink: /home/maxim/super_ws/install/px4_msgs/include/px4_msgs/px4_msgs/msg/detail/onboard_computer_status__type_support.hpp\n'}
[2.212393] (px4_msgs) StdoutLine: {'line': b'-- Up-to-date symlink: /home/maxim/super_ws/install/px4_msgs/include/px4_msgs/px4_msgs/msg/detail/open_drone_id_arm_status__builder.hpp\n'}
[2.212552] (px4_msgs) StdoutLine: {'line': b'-- Up-to-date symlink: /home/maxim/super_ws/install/px4_msgs/include/px4_msgs/px4_msgs/msg/detail/open_drone_id_arm_status__struct.hpp\n'}
[2.212655] (px4_msgs) StdoutLine: {'line': b'-- Up-to-date symlink: /home/maxim/super_ws/install/px4_msgs/include/px4_msgs/px4_msgs/msg/detail/open_drone_id_arm_status__traits.hpp\n'}
[2.212877] (px4_msgs) StdoutLine: {'line': b'-- Up-to-date symlink: /home/maxim/super_ws/install/px4_msgs/include/px4_msgs/px4_msgs/msg/detail/open_drone_id_arm_status__type_support.hpp\n'}
[2.213027] (px4_msgs) StdoutLine: {'line': b'-- Up-to-date symlink: /home/maxim/super_ws/install/px4_msgs/include/px4_msgs/px4_msgs/msg/detail/open_drone_id_operator_id__builder.hpp\n'}
[2.213196] (px4_msgs) StdoutLine: {'line': b'-- Up-to-date symlink: /home/maxim/super_ws/install/px4_msgs/include/px4_msgs/px4_msgs/msg/detail/open_drone_id_operator_id__struct.hpp\n'}
[2.213347] (px4_msgs) StdoutLine: {'line': b'-- Up-to-date symlink: /home/maxim/super_ws/install/px4_msgs/include/px4_msgs/px4_msgs/msg/detail/open_drone_id_operator_id__traits.hpp\n'}
[2.213471] (px4_msgs) StdoutLine: {'line': b'-- Up-to-date symlink: /home/maxim/super_ws/install/px4_msgs/include/px4_msgs/px4_msgs/msg/detail/open_drone_id_operator_id__type_support.hpp\n'}
[2.213619] (px4_msgs) StdoutLine: {'line': b'-- Up-to-date symlink: /home/maxim/super_ws/install/px4_msgs/include/px4_msgs/px4_msgs/msg/detail/open_drone_id_self_id__builder.hpp\n'}
[2.213849] (px4_msgs) StdoutLine: {'line': b'-- Up-to-date symlink: /home/maxim/super_ws/install/px4_msgs/include/px4_msgs/px4_msgs/msg/detail/open_drone_id_self_id__struct.hpp\n'}
[2.214000] (px4_msgs) StdoutLine: {'line': b'-- Up-to-date symlink: /home/maxim/super_ws/install/px4_msgs/include/px4_msgs/px4_msgs/msg/detail/open_drone_id_self_id__traits.hpp\n'}
[2.214150] (px4_msgs) StdoutLine: {'line': b'-- Up-to-date symlink: /home/maxim/super_ws/install/px4_msgs/include/px4_msgs/px4_msgs/msg/detail/open_drone_id_self_id__type_support.hpp\n'}
[2.214277] (px4_msgs) StdoutLine: {'line': b'-- Up-to-date symlink: /home/maxim/super_ws/install/px4_msgs/include/px4_msgs/px4_msgs/msg/detail/open_drone_id_system__builder.hpp\n'}
[2.214439] (px4_msgs) StdoutLine: {'line': b'-- Up-to-date symlink: /home/maxim/super_ws/install/px4_msgs/include/px4_msgs/px4_msgs/msg/detail/open_drone_id_system__struct.hpp\n'}
[2.214537] (px4_msgs) StdoutLine: {'line': b'-- Up-to-date symlink: /home/maxim/super_ws/install/px4_msgs/include/px4_msgs/px4_msgs/msg/detail/open_drone_id_system__traits.hpp\n'}
[2.214686] (px4_msgs) StdoutLine: {'line': b'-- Up-to-date symlink: /home/maxim/super_ws/install/px4_msgs/include/px4_msgs/px4_msgs/msg/detail/open_drone_id_system__type_support.hpp\n'}
[2.214959] (px4_msgs) StdoutLine: {'line': b'-- Up-to-date symlink: /home/maxim/super_ws/install/px4_msgs/include/px4_msgs/px4_msgs/msg/detail/orb_test__builder.hpp\n'}
[2.215027] (px4_msgs) StdoutLine: {'line': b'-- Up-to-date symlink: /home/maxim/super_ws/install/px4_msgs/include/px4_msgs/px4_msgs/msg/detail/orb_test__struct.hpp\n'}
[2.215100] (px4_msgs) StdoutLine: {'line': b'-- Up-to-date symlink: /home/maxim/super_ws/install/px4_msgs/include/px4_msgs/px4_msgs/msg/detail/orb_test__traits.hpp\n'}
[2.215196] (px4_msgs) StdoutLine: {'line': b'-- Up-to-date symlink: /home/maxim/super_ws/install/px4_msgs/include/px4_msgs/px4_msgs/msg/detail/orb_test__type_support.hpp\n'}
[2.215381] (px4_msgs) StdoutLine: {'line': b'-- Up-to-date symlink: /home/maxim/super_ws/install/px4_msgs/include/px4_msgs/px4_msgs/msg/detail/orb_test_large__builder.hpp\n'}
[2.215577] (px4_msgs) StdoutLine: {'line': b'-- Up-to-date symlink: /home/maxim/super_ws/install/px4_msgs/include/px4_msgs/px4_msgs/msg/detail/orb_test_large__struct.hpp\n'}
[2.215709] (px4_msgs) StdoutLine: {'line': b'-- Up-to-date symlink: /home/maxim/super_ws/install/px4_msgs/include/px4_msgs/px4_msgs/msg/detail/orb_test_large__traits.hpp\n'}
[2.216066] (px4_msgs) StdoutLine: {'line': b'-- Up-to-date symlink: /home/maxim/super_ws/install/px4_msgs/include/px4_msgs/px4_msgs/msg/detail/orb_test_large__type_support.hpp\n'}
[2.216154] (px4_msgs) StdoutLine: {'line': b'-- Up-to-date symlink: /home/maxim/super_ws/install/px4_msgs/include/px4_msgs/px4_msgs/msg/detail/orb_test_medium__builder.hpp\n'}
[2.216248] (px4_msgs) StdoutLine: {'line': b'-- Up-to-date symlink: /home/maxim/super_ws/install/px4_msgs/include/px4_msgs/px4_msgs/msg/detail/orb_test_medium__struct.hpp\n'}
[2.216367] (px4_msgs) StdoutLine: {'line': b'-- Up-to-date symlink: /home/maxim/super_ws/install/px4_msgs/include/px4_msgs/px4_msgs/msg/detail/orb_test_medium__traits.hpp\n'}
[2.216528] (px4_msgs) StdoutLine: {'line': b'-- Up-to-date symlink: /home/maxim/super_ws/install/px4_msgs/include/px4_msgs/px4_msgs/msg/detail/orb_test_medium__type_support.hpp\n'}
[2.216643] (px4_msgs) StdoutLine: {'line': b'-- Up-to-date symlink: /home/maxim/super_ws/install/px4_msgs/include/px4_msgs/px4_msgs/msg/detail/orbit_status__builder.hpp\n'}
[2.216732] (px4_msgs) StdoutLine: {'line': b'-- Up-to-date symlink: /home/maxim/super_ws/install/px4_msgs/include/px4_msgs/px4_msgs/msg/detail/orbit_status__struct.hpp\n'}
[2.216865] (px4_msgs) StdoutLine: {'line': b'-- Up-to-date symlink: /home/maxim/super_ws/install/px4_msgs/include/px4_msgs/px4_msgs/msg/detail/orbit_status__traits.hpp\n'}
[2.217015] (px4_msgs) StdoutLine: {'line': b'-- Up-to-date symlink: /home/maxim/super_ws/install/px4_msgs/include/px4_msgs/px4_msgs/msg/detail/orbit_status__type_support.hpp\n'}
[2.217099] (px4_msgs) StdoutLine: {'line': b'-- Up-to-date symlink: /home/maxim/super_ws/install/px4_msgs/include/px4_msgs/px4_msgs/msg/detail/parameter_reset_request__builder.hpp\n'}
[2.217169] (px4_msgs) StdoutLine: {'line': b'-- Up-to-date symlink: /home/maxim/super_ws/install/px4_msgs/include/px4_msgs/px4_msgs/msg/detail/parameter_reset_request__struct.hpp\n'}
[2.217303] (px4_msgs) StdoutLine: {'line': b'-- Up-to-date symlink: /home/maxim/super_ws/install/px4_msgs/include/px4_msgs/px4_msgs/msg/detail/parameter_reset_request__traits.hpp\n'}
[2.217409] (px4_msgs) StdoutLine: {'line': b'-- Up-to-date symlink: /home/maxim/super_ws/install/px4_msgs/include/px4_msgs/px4_msgs/msg/detail/parameter_reset_request__type_support.hpp\n'}
[2.217532] (px4_msgs) StdoutLine: {'line': b'-- Up-to-date symlink: /home/maxim/super_ws/install/px4_msgs/include/px4_msgs/px4_msgs/msg/detail/parameter_set_used_request__builder.hpp\n'}
[2.217742] (px4_msgs) StdoutLine: {'line': b'-- Up-to-date symlink: /home/maxim/super_ws/install/px4_msgs/include/px4_msgs/px4_msgs/msg/detail/parameter_set_used_request__struct.hpp\n'}
[2.217845] (px4_msgs) StdoutLine: {'line': b'-- Up-to-date symlink: /home/maxim/super_ws/install/px4_msgs/include/px4_msgs/px4_msgs/msg/detail/parameter_set_used_request__traits.hpp\n'}
[2.217979] (px4_msgs) StdoutLine: {'line': b'-- Up-to-date symlink: /home/maxim/super_ws/install/px4_msgs/include/px4_msgs/px4_msgs/msg/detail/parameter_set_used_request__type_support.hpp\n'}
[2.218069] (px4_msgs) StdoutLine: {'line': b'-- Up-to-date symlink: /home/maxim/super_ws/install/px4_msgs/include/px4_msgs/px4_msgs/msg/detail/parameter_set_value_request__builder.hpp\n'}
[2.218186] (px4_msgs) StdoutLine: {'line': b'-- Up-to-date symlink: /home/maxim/super_ws/install/px4_msgs/include/px4_msgs/px4_msgs/msg/detail/parameter_set_value_request__struct.hpp\n'}
[2.218273] (px4_msgs) StdoutLine: {'line': b'-- Up-to-date symlink: /home/maxim/super_ws/install/px4_msgs/include/px4_msgs/px4_msgs/msg/detail/parameter_set_value_request__traits.hpp\n'}
[2.218354] (px4_msgs) StdoutLine: {'line': b'-- Up-to-date symlink: /home/maxim/super_ws/install/px4_msgs/include/px4_msgs/px4_msgs/msg/detail/parameter_set_value_request__type_support.hpp\n'}
[2.218538] (px4_msgs) StdoutLine: {'line': b'-- Up-to-date symlink: /home/maxim/super_ws/install/px4_msgs/include/px4_msgs/px4_msgs/msg/detail/parameter_set_value_response__builder.hpp\n'}
[2.218620] (px4_msgs) StdoutLine: {'line': b'-- Up-to-date symlink: /home/maxim/super_ws/install/px4_msgs/include/px4_msgs/px4_msgs/msg/detail/parameter_set_value_response__struct.hpp\n'}
[2.218809] (px4_msgs) StdoutLine: {'line': b'-- Up-to-date symlink: /home/maxim/super_ws/install/px4_msgs/include/px4_msgs/px4_msgs/msg/detail/parameter_set_value_response__traits.hpp\n'}
[2.218953] (px4_msgs) StdoutLine: {'line': b'-- Up-to-date symlink: /home/maxim/super_ws/install/px4_msgs/include/px4_msgs/px4_msgs/msg/detail/parameter_set_value_response__type_support.hpp\n'}
[2.219071] (px4_msgs) StdoutLine: {'line': b'-- Up-to-date symlink: /home/maxim/super_ws/install/px4_msgs/include/px4_msgs/px4_msgs/msg/detail/parameter_update__builder.hpp\n'}
[2.219167] (px4_msgs) StdoutLine: {'line': b'-- Up-to-date symlink: /home/maxim/super_ws/install/px4_msgs/include/px4_msgs/px4_msgs/msg/detail/parameter_update__struct.hpp\n'}
[2.219287] (px4_msgs) StdoutLine: {'line': b'-- Up-to-date symlink: /home/maxim/super_ws/install/px4_msgs/include/px4_msgs/px4_msgs/msg/detail/parameter_update__traits.hpp\n'}
[2.219390] (px4_msgs) StdoutLine: {'line': b'-- Up-to-date symlink: /home/maxim/super_ws/install/px4_msgs/include/px4_msgs/px4_msgs/msg/detail/parameter_update__type_support.hpp\n'}
[2.219472] (px4_msgs) StdoutLine: {'line': b'-- Up-to-date symlink: /home/maxim/super_ws/install/px4_msgs/include/px4_msgs/px4_msgs/msg/detail/ping__builder.hpp\n'}
[2.219594] (px4_msgs) StdoutLine: {'line': b'-- Up-to-date symlink: /home/maxim/super_ws/install/px4_msgs/include/px4_msgs/px4_msgs/msg/detail/ping__struct.hpp\n'}
[2.219669] (px4_msgs) StdoutLine: {'line': b'-- Up-to-date symlink: /home/maxim/super_ws/install/px4_msgs/include/px4_msgs/px4_msgs/msg/detail/ping__traits.hpp\n'}
[2.219790] (px4_msgs) StdoutLine: {'line': b'-- Up-to-date symlink: /home/maxim/super_ws/install/px4_msgs/include/px4_msgs/px4_msgs/msg/detail/ping__type_support.hpp\n'}
[2.219894] (px4_msgs) StdoutLine: {'line': b'-- Up-to-date symlink: /home/maxim/super_ws/install/px4_msgs/include/px4_msgs/px4_msgs/msg/detail/position_controller_landing_status__builder.hpp\n'}
[2.220080] (px4_msgs) StdoutLine: {'line': b'-- Up-to-date symlink: /home/maxim/super_ws/install/px4_msgs/include/px4_msgs/px4_msgs/msg/detail/position_controller_landing_status__struct.hpp\n'}
[2.220241] (px4_msgs) StdoutLine: {'line': b'-- Up-to-date symlink: /home/maxim/super_ws/install/px4_msgs/include/px4_msgs/px4_msgs/msg/detail/position_controller_landing_status__traits.hpp\n'}
[2.220379] (px4_msgs) StdoutLine: {'line': b'-- Up-to-date symlink: /home/maxim/super_ws/install/px4_msgs/include/px4_msgs/px4_msgs/msg/detail/position_controller_landing_status__type_support.hpp\n'}
[2.220531] (px4_msgs) StdoutLine: {'line': b'-- Up-to-date symlink: /home/maxim/super_ws/install/px4_msgs/include/px4_msgs/px4_msgs/msg/detail/position_controller_status__builder.hpp\n'}
[2.220691] (px4_msgs) StdoutLine: {'line': b'-- Up-to-date symlink: /home/maxim/super_ws/install/px4_msgs/include/px4_msgs/px4_msgs/msg/detail/position_controller_status__struct.hpp\n'}
[2.220917] (px4_msgs) StdoutLine: {'line': b'-- Up-to-date symlink: /home/maxim/super_ws/install/px4_msgs/include/px4_msgs/px4_msgs/msg/detail/position_controller_status__traits.hpp\n'}
[2.221030] (px4_msgs) StdoutLine: {'line': b'-- Up-to-date symlink: /home/maxim/super_ws/install/px4_msgs/include/px4_msgs/px4_msgs/msg/detail/position_controller_status__type_support.hpp\n'}
[2.221273] (px4_msgs) StdoutLine: {'line': b'-- Up-to-date symlink: /home/maxim/super_ws/install/px4_msgs/include/px4_msgs/px4_msgs/msg/detail/position_setpoint__builder.hpp\n'}
[2.221470] (px4_msgs) StdoutLine: {'line': b'-- Up-to-date symlink: /home/maxim/super_ws/install/px4_msgs/include/px4_msgs/px4_msgs/msg/detail/position_setpoint__struct.hpp\n'}
[2.221646] (px4_msgs) StdoutLine: {'line': b'-- Up-to-date symlink: /home/maxim/super_ws/install/px4_msgs/include/px4_msgs/px4_msgs/msg/detail/position_setpoint__traits.hpp\n'}
[2.221744] (px4_msgs) StdoutLine: {'line': b'-- Up-to-date symlink: /home/maxim/super_ws/install/px4_msgs/include/px4_msgs/px4_msgs/msg/detail/position_setpoint__type_support.hpp\n'}
[2.221906] (px4_msgs) StdoutLine: {'line': b'-- Up-to-date symlink: /home/maxim/super_ws/install/px4_msgs/include/px4_msgs/px4_msgs/msg/detail/position_setpoint_triplet__builder.hpp\n'}
[2.222018] (px4_msgs) StdoutLine: {'line': b'-- Up-to-date symlink: /home/maxim/super_ws/install/px4_msgs/include/px4_msgs/px4_msgs/msg/detail/position_setpoint_triplet__struct.hpp\n'}
[2.222141] (px4_msgs) StdoutLine: {'line': b'-- Up-to-date symlink: /home/maxim/super_ws/install/px4_msgs/include/px4_msgs/px4_msgs/msg/detail/position_setpoint_triplet__traits.hpp\n'}
[2.222216] (px4_msgs) StdoutLine: {'line': b'-- Up-to-date symlink: /home/maxim/super_ws/install/px4_msgs/include/px4_msgs/px4_msgs/msg/detail/position_setpoint_triplet__type_support.hpp\n'}
[2.222325] (px4_msgs) StdoutLine: {'line': b'-- Up-to-date symlink: /home/maxim/super_ws/install/px4_msgs/include/px4_msgs/px4_msgs/msg/detail/power_button_state__builder.hpp\n'}
[2.222439] (px4_msgs) StdoutLine: {'line': b'-- Up-to-date symlink: /home/maxim/super_ws/install/px4_msgs/include/px4_msgs/px4_msgs/msg/detail/power_button_state__struct.hpp\n'}
[2.222585] (px4_msgs) StdoutLine: {'line': b'-- Up-to-date symlink: /home/maxim/super_ws/install/px4_msgs/include/px4_msgs/px4_msgs/msg/detail/power_button_state__traits.hpp\n'}
[2.222698] (px4_msgs) StdoutLine: {'line': b'-- Up-to-date symlink: /home/maxim/super_ws/install/px4_msgs/include/px4_msgs/px4_msgs/msg/detail/power_button_state__type_support.hpp\n'}
[2.222791] (px4_msgs) StdoutLine: {'line': b'-- Up-to-date symlink: /home/maxim/super_ws/install/px4_msgs/include/px4_msgs/px4_msgs/msg/detail/power_monitor__builder.hpp\n'}
[2.222918] (px4_msgs) StdoutLine: {'line': b'-- Up-to-date symlink: /home/maxim/super_ws/install/px4_msgs/include/px4_msgs/px4_msgs/msg/detail/power_monitor__struct.hpp\n'}
[2.223025] (px4_msgs) StdoutLine: {'line': b'-- Up-to-date symlink: /home/maxim/super_ws/install/px4_msgs/include/px4_msgs/px4_msgs/msg/detail/power_monitor__traits.hpp\n'}
[2.223110] (px4_msgs) StdoutLine: {'line': b'-- Up-to-date symlink: /home/maxim/super_ws/install/px4_msgs/include/px4_msgs/px4_msgs/msg/detail/power_monitor__type_support.hpp\n'}
[2.223248] (px4_msgs) StdoutLine: {'line': b'-- Up-to-date symlink: /home/maxim/super_ws/install/px4_msgs/include/px4_msgs/px4_msgs/msg/detail/pps_capture__builder.hpp\n'}
[2.223396] (px4_msgs) StdoutLine: {'line': b'-- Up-to-date symlink: /home/maxim/super_ws/install/px4_msgs/include/px4_msgs/px4_msgs/msg/detail/pps_capture__struct.hpp\n'}
[2.223587] (px4_msgs) StdoutLine: {'line': b'-- Up-to-date symlink: /home/maxim/super_ws/install/px4_msgs/include/px4_msgs/px4_msgs/msg/detail/pps_capture__traits.hpp\n'}
[2.223721] (px4_msgs) StdoutLine: {'line': b'-- Up-to-date symlink: /home/maxim/super_ws/install/px4_msgs/include/px4_msgs/px4_msgs/msg/detail/pps_capture__type_support.hpp\n'}
[2.223870] (px4_msgs) StdoutLine: {'line': b'-- Up-to-date symlink: /home/maxim/super_ws/install/px4_msgs/include/px4_msgs/px4_msgs/msg/detail/prec_land_status__builder.hpp\n'}
[2.224013] (px4_msgs) StdoutLine: {'line': b'-- Up-to-date symlink: /home/maxim/super_ws/install/px4_msgs/include/px4_msgs/px4_msgs/msg/detail/prec_land_status__struct.hpp\n'}
[2.224124] (px4_msgs) StdoutLine: {'line': b'-- Up-to-date symlink: /home/maxim/super_ws/install/px4_msgs/include/px4_msgs/px4_msgs/msg/detail/prec_land_status__traits.hpp\n'}
[2.224231] (px4_msgs) StdoutLine: {'line': b'-- Up-to-date symlink: /home/maxim/super_ws/install/px4_msgs/include/px4_msgs/px4_msgs/msg/detail/prec_land_status__type_support.hpp\n'}
[2.224338] (px4_msgs) StdoutLine: {'line': b'-- Up-to-date symlink: /home/maxim/super_ws/install/px4_msgs/include/px4_msgs/px4_msgs/msg/detail/pure_pursuit_status__builder.hpp\n'}
[2.224460] (px4_msgs) StdoutLine: {'line': b'-- Up-to-date symlink: /home/maxim/super_ws/install/px4_msgs/include/px4_msgs/px4_msgs/msg/detail/pure_pursuit_status__struct.hpp\n'}
[2.224594] (px4_msgs) StdoutLine: {'line': b'-- Up-to-date symlink: /home/maxim/super_ws/install/px4_msgs/include/px4_msgs/px4_msgs/msg/detail/pure_pursuit_status__traits.hpp\n'}
[2.224683] (px4_msgs) StdoutLine: {'line': b'-- Up-to-date symlink: /home/maxim/super_ws/install/px4_msgs/include/px4_msgs/px4_msgs/msg/detail/pure_pursuit_status__type_support.hpp\n'}
[2.224777] (px4_msgs) StdoutLine: {'line': b'-- Up-to-date symlink: /home/maxim/super_ws/install/px4_msgs/include/px4_msgs/px4_msgs/msg/detail/pwm_input__builder.hpp\n'}
[2.224883] (px4_msgs) StdoutLine: {'line': b'-- Up-to-date symlink: /home/maxim/super_ws/install/px4_msgs/include/px4_msgs/px4_msgs/msg/detail/pwm_input__struct.hpp\n'}
[2.224989] (px4_msgs) StdoutLine: {'line': b'-- Up-to-date symlink: /home/maxim/super_ws/install/px4_msgs/include/px4_msgs/px4_msgs/msg/detail/pwm_input__traits.hpp\n'}
[2.225096] (px4_msgs) StdoutLine: {'line': b'-- Up-to-date symlink: /home/maxim/super_ws/install/px4_msgs/include/px4_msgs/px4_msgs/msg/detail/pwm_input__type_support.hpp\n'}
[2.225204] (px4_msgs) StdoutLine: {'line': b'-- Up-to-date symlink: /home/maxim/super_ws/install/px4_msgs/include/px4_msgs/px4_msgs/msg/detail/px4io_status__builder.hpp\n'}
[2.225310] (px4_msgs) StdoutLine: {'line': b'-- Up-to-date symlink: /home/maxim/super_ws/install/px4_msgs/include/px4_msgs/px4_msgs/msg/detail/px4io_status__struct.hpp\n'}
[2.225422] (px4_msgs) StdoutLine: {'line': b'-- Up-to-date symlink: /home/maxim/super_ws/install/px4_msgs/include/px4_msgs/px4_msgs/msg/detail/px4io_status__traits.hpp\n'}
[2.225585] (px4_msgs) StdoutLine: {'line': b'-- Up-to-date symlink: /home/maxim/super_ws/install/px4_msgs/include/px4_msgs/px4_msgs/msg/detail/px4io_status__type_support.hpp\n'}
[2.225751] (px4_msgs) StdoutLine: {'line': b'-- Up-to-date symlink: /home/maxim/super_ws/install/px4_msgs/include/px4_msgs/px4_msgs/msg/detail/qshell_req__builder.hpp\n'}
[2.225962] (px4_msgs) StdoutLine: {'line': b'-- Up-to-date symlink: /home/maxim/super_ws/install/px4_msgs/include/px4_msgs/px4_msgs/msg/detail/qshell_req__struct.hpp\n'}
[2.226134] (px4_msgs) StdoutLine: {'line': b'-- Up-to-date symlink: /home/maxim/super_ws/install/px4_msgs/include/px4_msgs/px4_msgs/msg/detail/qshell_req__traits.hpp\n'}
[2.226343] (px4_msgs) StdoutLine: {'line': b'-- Up-to-date symlink: /home/maxim/super_ws/install/px4_msgs/include/px4_msgs/px4_msgs/msg/detail/qshell_req__type_support.hpp\n'}
[2.226538] (px4_msgs) StdoutLine: {'line': b'-- Up-to-date symlink: /home/maxim/super_ws/install/px4_msgs/include/px4_msgs/px4_msgs/msg/detail/qshell_retval__builder.hpp\n'}
[2.226669] (px4_msgs) StdoutLine: {'line': b'-- Up-to-date symlink: /home/maxim/super_ws/install/px4_msgs/include/px4_msgs/px4_msgs/msg/detail/qshell_retval__struct.hpp\n'}
[2.226877] (px4_msgs) StdoutLine: {'line': b'-- Up-to-date symlink: /home/maxim/super_ws/install/px4_msgs/include/px4_msgs/px4_msgs/msg/detail/qshell_retval__traits.hpp\n'}
[2.226972] (px4_msgs) StdoutLine: {'line': b'-- Up-to-date symlink: /home/maxim/super_ws/install/px4_msgs/include/px4_msgs/px4_msgs/msg/detail/qshell_retval__type_support.hpp\n'}
[2.227120] (px4_msgs) StdoutLine: {'line': b'-- Up-to-date symlink: /home/maxim/super_ws/install/px4_msgs/include/px4_msgs/px4_msgs/msg/detail/radio_status__builder.hpp\n'}
[2.227310] (px4_msgs) StdoutLine: {'line': b'-- Up-to-date symlink: /home/maxim/super_ws/install/px4_msgs/include/px4_msgs/px4_msgs/msg/detail/radio_status__struct.hpp\n'}
[2.227465] (px4_msgs) StdoutLine: {'line': b'-- Up-to-date symlink: /home/maxim/super_ws/install/px4_msgs/include/px4_msgs/px4_msgs/msg/detail/radio_status__traits.hpp\n'}
[2.227625] (px4_msgs) StdoutLine: {'line': b'-- Up-to-date symlink: /home/maxim/super_ws/install/px4_msgs/include/px4_msgs/px4_msgs/msg/detail/radio_status__type_support.hpp\n'}
[2.227731] (px4_msgs) StdoutLine: {'line': b'-- Up-to-date symlink: /home/maxim/super_ws/install/px4_msgs/include/px4_msgs/px4_msgs/msg/detail/ranging_beacon__builder.hpp\n'}
[2.227861] (px4_msgs) StdoutLine: {'line': b'-- Up-to-date symlink: /home/maxim/super_ws/install/px4_msgs/include/px4_msgs/px4_msgs/msg/detail/ranging_beacon__struct.hpp\n'}
[2.227963] (px4_msgs) StdoutLine: {'line': b'-- Up-to-date symlink: /home/maxim/super_ws/install/px4_msgs/include/px4_msgs/px4_msgs/msg/detail/ranging_beacon__traits.hpp\n'}
[2.228150] (px4_msgs) StdoutLine: {'line': b'-- Up-to-date symlink: /home/maxim/super_ws/install/px4_msgs/include/px4_msgs/px4_msgs/msg/detail/ranging_beacon__type_support.hpp\n'}
[2.228338] (px4_msgs) StdoutLine: {'line': b'-- Up-to-date symlink: /home/maxim/super_ws/install/px4_msgs/include/px4_msgs/px4_msgs/msg/detail/raptor_input__builder.hpp\n'}
[2.228529] (px4_msgs) StdoutLine: {'line': b'-- Up-to-date symlink: /home/maxim/super_ws/install/px4_msgs/include/px4_msgs/px4_msgs/msg/detail/raptor_input__struct.hpp\n'}
[2.228711] (px4_msgs) StdoutLine: {'line': b'-- Up-to-date symlink: /home/maxim/super_ws/install/px4_msgs/include/px4_msgs/px4_msgs/msg/detail/raptor_input__traits.hpp\n'}
[2.228872] (px4_msgs) StdoutLine: {'line': b'-- Up-to-date symlink: /home/maxim/super_ws/install/px4_msgs/include/px4_msgs/px4_msgs/msg/detail/raptor_input__type_support.hpp\n'}
[2.229051] (px4_msgs) StdoutLine: {'line': b'-- Up-to-date symlink: /home/maxim/super_ws/install/px4_msgs/include/px4_msgs/px4_msgs/msg/detail/raptor_status__builder.hpp\n'}
[2.229230] (px4_msgs) StdoutLine: {'line': b'-- Up-to-date symlink: /home/maxim/super_ws/install/px4_msgs/include/px4_msgs/px4_msgs/msg/detail/raptor_status__struct.hpp\n'}
[2.229355] (px4_msgs) StdoutLine: {'line': b'-- Up-to-date symlink: /home/maxim/super_ws/install/px4_msgs/include/px4_msgs/px4_msgs/msg/detail/raptor_status__traits.hpp\n'}
[2.229505] (px4_msgs) StdoutLine: {'line': b'-- Up-to-date symlink: /home/maxim/super_ws/install/px4_msgs/include/px4_msgs/px4_msgs/msg/detail/raptor_status__type_support.hpp\n'}
[2.229640] (px4_msgs) StdoutLine: {'line': b'-- Up-to-date symlink: /home/maxim/super_ws/install/px4_msgs/include/px4_msgs/px4_msgs/msg/detail/rate_ctrl_status__builder.hpp\n'}
[2.229870] (px4_msgs) StdoutLine: {'line': b'-- Up-to-date symlink: /home/maxim/super_ws/install/px4_msgs/include/px4_msgs/px4_msgs/msg/detail/rate_ctrl_status__struct.hpp\n'}
[2.230031] (px4_msgs) StdoutLine: {'line': b'-- Up-to-date symlink: /home/maxim/super_ws/install/px4_msgs/include/px4_msgs/px4_msgs/msg/detail/rate_ctrl_status__traits.hpp\n'}
[2.230216] (px4_msgs) StdoutLine: {'line': b'-- Up-to-date symlink: /home/maxim/super_ws/install/px4_msgs/include/px4_msgs/px4_msgs/msg/detail/rate_ctrl_status__type_support.hpp\n'}
[2.230346] (px4_msgs) StdoutLine: {'line': b'-- Up-to-date symlink: /home/maxim/super_ws/install/px4_msgs/include/px4_msgs/px4_msgs/msg/detail/rc_channels__builder.hpp\n'}
[2.230507] (px4_msgs) StdoutLine: {'line': b'-- Up-to-date symlink: /home/maxim/super_ws/install/px4_msgs/include/px4_msgs/px4_msgs/msg/detail/rc_channels__struct.hpp\n'}
[2.230628] (px4_msgs) StdoutLine: {'line': b'-- Up-to-date symlink: /home/maxim/super_ws/install/px4_msgs/include/px4_msgs/px4_msgs/msg/detail/rc_channels__traits.hpp\n'}
[2.230742] (px4_msgs) StdoutLine: {'line': b'-- Up-to-date symlink: /home/maxim/super_ws/install/px4_msgs/include/px4_msgs/px4_msgs/msg/detail/rc_channels__type_support.hpp\n'}
[2.230883] (px4_msgs) StdoutLine: {'line': b'-- Up-to-date symlink: /home/maxim/super_ws/install/px4_msgs/include/px4_msgs/px4_msgs/msg/detail/rc_parameter_map__builder.hpp\n'}
[2.230989] (px4_msgs) StdoutLine: {'line': b'-- Up-to-date symlink: /home/maxim/super_ws/install/px4_msgs/include/px4_msgs/px4_msgs/msg/detail/rc_parameter_map__struct.hpp\n'}
[2.231090] (px4_msgs) StdoutLine: {'line': b'-- Up-to-date symlink: /home/maxim/super_ws/install/px4_msgs/include/px4_msgs/px4_msgs/msg/detail/rc_parameter_map__traits.hpp\n'}
[2.231185] (px4_msgs) StdoutLine: {'line': b'-- Up-to-date symlink: /home/maxim/super_ws/install/px4_msgs/include/px4_msgs/px4_msgs/msg/detail/rc_parameter_map__type_support.hpp\n'}
[2.231293] (px4_msgs) StdoutLine: {'line': b'-- Up-to-date symlink: /home/maxim/super_ws/install/px4_msgs/include/px4_msgs/px4_msgs/msg/detail/register_ext_component_reply__builder.hpp\n'}
[2.231398] (px4_msgs) StdoutLine: {'line': b'-- Up-to-date symlink: /home/maxim/super_ws/install/px4_msgs/include/px4_msgs/px4_msgs/msg/detail/register_ext_component_reply__struct.hpp\n'}
[2.231505] (px4_msgs) StdoutLine: {'line': b'-- Up-to-date symlink: /home/maxim/super_ws/install/px4_msgs/include/px4_msgs/px4_msgs/msg/detail/register_ext_component_reply__traits.hpp\n'}
[2.231618] (px4_msgs) StdoutLine: {'line': b'-- Up-to-date symlink: /home/maxim/super_ws/install/px4_msgs/include/px4_msgs/px4_msgs/msg/detail/register_ext_component_reply__type_support.hpp\n'}
[2.231728] (px4_msgs) StdoutLine: {'line': b'-- Up-to-date symlink: /home/maxim/super_ws/install/px4_msgs/include/px4_msgs/px4_msgs/msg/detail/register_ext_component_request__builder.hpp\n'}
[2.231847] (px4_msgs) StdoutLine: {'line': b'-- Up-to-date symlink: /home/maxim/super_ws/install/px4_msgs/include/px4_msgs/px4_msgs/msg/detail/register_ext_component_request__struct.hpp\n'}
[2.231954] (px4_msgs) StdoutLine: {'line': b'-- Up-to-date symlink: /home/maxim/super_ws/install/px4_msgs/include/px4_msgs/px4_msgs/msg/detail/register_ext_component_request__traits.hpp\n'}
[2.232060] (px4_msgs) StdoutLine: {'line': b'-- Up-to-date symlink: /home/maxim/super_ws/install/px4_msgs/include/px4_msgs/px4_msgs/msg/detail/register_ext_component_request__type_support.hpp\n'}
[2.232169] (px4_msgs) StdoutLine: {'line': b'-- Up-to-date symlink: /home/maxim/super_ws/install/px4_msgs/include/px4_msgs/px4_msgs/msg/detail/rover_attitude_setpoint__builder.hpp\n'}
[2.232277] (px4_msgs) StdoutLine: {'line': b'-- Up-to-date symlink: /home/maxim/super_ws/install/px4_msgs/include/px4_msgs/px4_msgs/msg/detail/rover_attitude_setpoint__struct.hpp\n'}
[2.232383] (px4_msgs) StdoutLine: {'line': b'-- Up-to-date symlink: /home/maxim/super_ws/install/px4_msgs/include/px4_msgs/px4_msgs/msg/detail/rover_attitude_setpoint__traits.hpp\n'}
[2.232522] (px4_msgs) StdoutLine: {'line': b'-- Up-to-date symlink: /home/maxim/super_ws/install/px4_msgs/include/px4_msgs/px4_msgs/msg/detail/rover_attitude_setpoint__type_support.hpp\n'}
[2.232629] (px4_msgs) StdoutLine: {'line': b'-- Up-to-date symlink: /home/maxim/super_ws/install/px4_msgs/include/px4_msgs/px4_msgs/msg/detail/rover_attitude_status__builder.hpp\n'}
[2.232712] (px4_msgs) StdoutLine: {'line': b'-- Up-to-date symlink: /home/maxim/super_ws/install/px4_msgs/include/px4_msgs/px4_msgs/msg/detail/rover_attitude_status__struct.hpp\n'}
[2.232881] (px4_msgs) StdoutLine: {'line': b'-- Up-to-date symlink: /home/maxim/super_ws/install/px4_msgs/include/px4_msgs/px4_msgs/msg/detail/rover_attitude_status__traits.hpp\n'}
[2.232978] (px4_msgs) StdoutLine: {'line': b'-- Up-to-date symlink: /home/maxim/super_ws/install/px4_msgs/include/px4_msgs/px4_msgs/msg/detail/rover_attitude_status__type_support.hpp\n'}
[2.233103] (px4_msgs) StdoutLine: {'line': b'-- Up-to-date symlink: /home/maxim/super_ws/install/px4_msgs/include/px4_msgs/px4_msgs/msg/detail/rover_position_setpoint__builder.hpp\n'}
[2.233207] (px4_msgs) StdoutLine: {'line': b'-- Up-to-date symlink: /home/maxim/super_ws/install/px4_msgs/include/px4_msgs/px4_msgs/msg/detail/rover_position_setpoint__struct.hpp\n'}
[2.233286] (px4_msgs) StdoutLine: {'line': b'-- Up-to-date symlink: /home/maxim/super_ws/install/px4_msgs/include/px4_msgs/px4_msgs/msg/detail/rover_position_setpoint__traits.hpp\n'}
[2.233359] (px4_msgs) StdoutLine: {'line': b'-- Up-to-date symlink: /home/maxim/super_ws/install/px4_msgs/include/px4_msgs/px4_msgs/msg/detail/rover_position_setpoint__type_support.hpp\n'}
[2.233491] (px4_msgs) StdoutLine: {'line': b'-- Up-to-date symlink: /home/maxim/super_ws/install/px4_msgs/include/px4_msgs/px4_msgs/msg/detail/rover_rate_setpoint__builder.hpp\n'}
[2.233605] (px4_msgs) StdoutLine: {'line': b'-- Up-to-date symlink: /home/maxim/super_ws/install/px4_msgs/include/px4_msgs/px4_msgs/msg/detail/rover_rate_setpoint__struct.hpp\n'}
[2.233746] (px4_msgs) StdoutLine: {'line': b'-- Up-to-date symlink: /home/maxim/super_ws/install/px4_msgs/include/px4_msgs/px4_msgs/msg/detail/rover_rate_setpoint__traits.hpp\n'}
[2.233952] (px4_msgs) StdoutLine: {'line': b'-- Up-to-date symlink: /home/maxim/super_ws/install/px4_msgs/include/px4_msgs/px4_msgs/msg/detail/rover_rate_setpoint__type_support.hpp\n'}
[2.234105] (px4_msgs) StdoutLine: {'line': b'-- Up-to-date symlink: /home/maxim/super_ws/install/px4_msgs/include/px4_msgs/px4_msgs/msg/detail/rover_rate_status__builder.hpp\n'}
[2.234169] (px4_msgs) StdoutLine: {'line': b'-- Up-to-date symlink: /home/maxim/super_ws/install/px4_msgs/include/px4_msgs/px4_msgs/msg/detail/rover_rate_status__struct.hpp\n'}
[2.234320] (px4_msgs) StdoutLine: {'line': b'-- Up-to-date symlink: /home/maxim/super_ws/install/px4_msgs/include/px4_msgs/px4_msgs/msg/detail/rover_rate_status__traits.hpp\n'}
[2.234471] (px4_msgs) StdoutLine: {'line': b'-- Up-to-date symlink: /home/maxim/super_ws/install/px4_msgs/include/px4_msgs/px4_msgs/msg/detail/rover_rate_status__type_support.hpp\n'}
[2.234596] (px4_msgs) StdoutLine: {'line': b'-- Up-to-date symlink: /home/maxim/super_ws/install/px4_msgs/include/px4_msgs/px4_msgs/msg/detail/rover_speed_setpoint__builder.hpp\n'}
[2.234685] (px4_msgs) StdoutLine: {'line': b'-- Up-to-date symlink: /home/maxim/super_ws/install/px4_msgs/include/px4_msgs/px4_msgs/msg/detail/rover_speed_setpoint__struct.hpp\n'}
[2.234874] (px4_msgs) StdoutLine: {'line': b'-- Up-to-date symlink: /home/maxim/super_ws/install/px4_msgs/include/px4_msgs/px4_msgs/msg/detail/rover_speed_setpoint__traits.hpp\n'}
[2.235105] (px4_msgs) StdoutLine: {'line': b'-- Up-to-date symlink: /home/maxim/super_ws/install/px4_msgs/include/px4_msgs/px4_msgs/msg/detail/rover_speed_setpoint__type_support.hpp\n'}
[2.235326] (px4_msgs) StdoutLine: {'line': b'-- Up-to-date symlink: /home/maxim/super_ws/install/px4_msgs/include/px4_msgs/px4_msgs/msg/detail/rover_speed_status__builder.hpp\n'}
[2.235460] (px4_msgs) StdoutLine: {'line': b'-- Up-to-date symlink: /home/maxim/super_ws/install/px4_msgs/include/px4_msgs/px4_msgs/msg/detail/rover_speed_status__struct.hpp\n'}
[2.235621] (px4_msgs) StdoutLine: {'line': b'-- Up-to-date symlink: /home/maxim/super_ws/install/px4_msgs/include/px4_msgs/px4_msgs/msg/detail/rover_speed_status__traits.hpp\n'}
[2.235731] (px4_msgs) StdoutLine: {'line': b'-- Up-to-date symlink: /home/maxim/super_ws/install/px4_msgs/include/px4_msgs/px4_msgs/msg/detail/rover_speed_status__type_support.hpp\n'}
[2.235953] (px4_msgs) StdoutLine: {'line': b'-- Up-to-date symlink: /home/maxim/super_ws/install/px4_msgs/include/px4_msgs/px4_msgs/msg/detail/rover_steering_setpoint__builder.hpp\n'}
[2.236134] (px4_msgs) StdoutLine: {'line': b'-- Up-to-date symlink: /home/maxim/super_ws/install/px4_msgs/include/px4_msgs/px4_msgs/msg/detail/rover_steering_setpoint__struct.hpp\n'}
[2.236338] (px4_msgs) StdoutLine: {'line': b'-- Up-to-date symlink: /home/maxim/super_ws/install/px4_msgs/include/px4_msgs/px4_msgs/msg/detail/rover_steering_setpoint__traits.hpp\n'}
[2.236519] (px4_msgs) StdoutLine: {'line': b'-- Up-to-date symlink: /home/maxim/super_ws/install/px4_msgs/include/px4_msgs/px4_msgs/msg/detail/rover_steering_setpoint__type_support.hpp\n'}
[2.236639] (px4_msgs) StdoutLine: {'line': b'-- Up-to-date symlink: /home/maxim/super_ws/install/px4_msgs/include/px4_msgs/px4_msgs/msg/detail/rover_throttle_setpoint__builder.hpp\n'}
[2.236832] (px4_msgs) StdoutLine: {'line': b'-- Up-to-date symlink: /home/maxim/super_ws/install/px4_msgs/include/px4_msgs/px4_msgs/msg/detail/rover_throttle_setpoint__struct.hpp\n'}
[2.237000] (px4_msgs) StdoutLine: {'line': b'-- Up-to-date symlink: /home/maxim/super_ws/install/px4_msgs/include/px4_msgs/px4_msgs/msg/detail/rover_throttle_setpoint__traits.hpp\n'}
[2.237157] (px4_msgs) StdoutLine: {'line': b'-- Up-to-date symlink: /home/maxim/super_ws/install/px4_msgs/include/px4_msgs/px4_msgs/msg/detail/rover_throttle_setpoint__type_support.hpp\n'}
[2.237382] (px4_msgs) StdoutLine: {'line': b'-- Up-to-date symlink: /home/maxim/super_ws/install/px4_msgs/include/px4_msgs/px4_msgs/msg/detail/rpm__builder.hpp\n'}
[2.237527] (px4_msgs) StdoutLine: {'line': b'-- Up-to-date symlink: /home/maxim/super_ws/install/px4_msgs/include/px4_msgs/px4_msgs/msg/detail/rpm__struct.hpp\n'}
[2.237692] (px4_msgs) StdoutLine: {'line': b'-- Up-to-date symlink: /home/maxim/super_ws/install/px4_msgs/include/px4_msgs/px4_msgs/msg/detail/rpm__traits.hpp\n'}
[2.237853] (px4_msgs) StdoutLine: {'line': b'-- Up-to-date symlink: /home/maxim/super_ws/install/px4_msgs/include/px4_msgs/px4_msgs/msg/detail/rpm__type_support.hpp\n'}
[2.238059] (px4_msgs) StdoutLine: {'line': b'-- Up-to-date symlink: /home/maxim/super_ws/install/px4_msgs/include/px4_msgs/px4_msgs/msg/detail/rtl_status__builder.hpp\n'}
[2.238250] (px4_msgs) StdoutLine: {'line': b'-- Up-to-date symlink: /home/maxim/super_ws/install/px4_msgs/include/px4_msgs/px4_msgs/msg/detail/rtl_status__struct.hpp\n'}
[2.238387] (px4_msgs) StdoutLine: {'line': b'-- Up-to-date symlink: /home/maxim/super_ws/install/px4_msgs/include/px4_msgs/px4_msgs/msg/detail/rtl_status__traits.hpp\n'}
[2.238582] (px4_msgs) StdoutLine: {'line': b'-- Up-to-date symlink: /home/maxim/super_ws/install/px4_msgs/include/px4_msgs/px4_msgs/msg/detail/rtl_status__type_support.hpp\n'}
[2.238688] (px4_msgs) StdoutLine: {'line': b'-- Up-to-date symlink: /home/maxim/super_ws/install/px4_msgs/include/px4_msgs/px4_msgs/msg/detail/rtl_time_estimate__builder.hpp\n'}
[2.238873] (px4_msgs) StdoutLine: {'line': b'-- Up-to-date symlink: /home/maxim/super_ws/install/px4_msgs/include/px4_msgs/px4_msgs/msg/detail/rtl_time_estimate__struct.hpp\n'}
[2.239008] (px4_msgs) StdoutLine: {'line': b'-- Up-to-date symlink: /home/maxim/super_ws/install/px4_msgs/include/px4_msgs/px4_msgs/msg/detail/rtl_time_estimate__traits.hpp\n'}
[2.239202] (px4_msgs) StdoutLine: {'line': b'-- Up-to-date symlink: /home/maxim/super_ws/install/px4_msgs/include/px4_msgs/px4_msgs/msg/detail/rtl_time_estimate__type_support.hpp\n'}
[2.239417] (px4_msgs) StdoutLine: {'line': b'-- Up-to-date symlink: /home/maxim/super_ws/install/px4_msgs/include/px4_msgs/px4_msgs/msg/detail/satellite_info__builder.hpp\n'}
[2.239642] (px4_msgs) StdoutLine: {'line': b'-- Up-to-date symlink: /home/maxim/super_ws/install/px4_msgs/include/px4_msgs/px4_msgs/msg/detail/satellite_info__struct.hpp\n'}
[2.239757] (px4_msgs) StdoutLine: {'line': b'-- Up-to-date symlink: /home/maxim/super_ws/install/px4_msgs/include/px4_msgs/px4_msgs/msg/detail/satellite_info__traits.hpp\n'}
[2.239863] (px4_msgs) StdoutLine: {'line': b'-- Up-to-date symlink: /home/maxim/super_ws/install/px4_msgs/include/px4_msgs/px4_msgs/msg/detail/satellite_info__type_support.hpp\n'}
[2.239987] (px4_msgs) StdoutLine: {'line': b'-- Up-to-date symlink: /home/maxim/super_ws/install/px4_msgs/include/px4_msgs/px4_msgs/msg/detail/sensor_accel__builder.hpp\n'}
[2.240162] (px4_msgs) StdoutLine: {'line': b'-- Up-to-date symlink: /home/maxim/super_ws/install/px4_msgs/include/px4_msgs/px4_msgs/msg/detail/sensor_accel__struct.hpp\n'}
[2.240308] (px4_msgs) StdoutLine: {'line': b'-- Up-to-date symlink: /home/maxim/super_ws/install/px4_msgs/include/px4_msgs/px4_msgs/msg/detail/sensor_accel__traits.hpp\n'}
[2.240486] (px4_msgs) StdoutLine: {'line': b'-- Up-to-date symlink: /home/maxim/super_ws/install/px4_msgs/include/px4_msgs/px4_msgs/msg/detail/sensor_accel__type_support.hpp\n'}
[2.240619] (px4_msgs) StdoutLine: {'line': b'-- Up-to-date symlink: /home/maxim/super_ws/install/px4_msgs/include/px4_msgs/px4_msgs/msg/detail/sensor_accel_fifo__builder.hpp\n'}
[2.240702] (px4_msgs) StdoutLine: {'line': b'-- Up-to-date symlink: /home/maxim/super_ws/install/px4_msgs/include/px4_msgs/px4_msgs/msg/detail/sensor_accel_fifo__struct.hpp\n'}
[2.240923] (px4_msgs) StdoutLine: {'line': b'-- Up-to-date symlink: /home/maxim/super_ws/install/px4_msgs/include/px4_msgs/px4_msgs/msg/detail/sensor_accel_fifo__traits.hpp\n'}
[2.241015] (px4_msgs) StdoutLine: {'line': b'-- Up-to-date symlink: /home/maxim/super_ws/install/px4_msgs/include/px4_msgs/px4_msgs/msg/detail/sensor_accel_fifo__type_support.hpp\n'}
[2.241156] (px4_msgs) StdoutLine: {'line': b'-- Up-to-date symlink: /home/maxim/super_ws/install/px4_msgs/include/px4_msgs/px4_msgs/msg/detail/sensor_airflow__builder.hpp\n'}
[2.241383] (px4_msgs) StdoutLine: {'line': b'-- Up-to-date symlink: /home/maxim/super_ws/install/px4_msgs/include/px4_msgs/px4_msgs/msg/detail/sensor_airflow__struct.hpp\n'}
[2.241546] (px4_msgs) StdoutLine: {'line': b'-- Up-to-date symlink: /home/maxim/super_ws/install/px4_msgs/include/px4_msgs/px4_msgs/msg/detail/sensor_airflow__traits.hpp\n'}
[2.241673] (px4_msgs) StdoutLine: {'line': b'-- Up-to-date symlink: /home/maxim/super_ws/install/px4_msgs/include/px4_msgs/px4_msgs/msg/detail/sensor_airflow__type_support.hpp\n'}
[2.241839] (px4_msgs) StdoutLine: {'line': b'-- Up-to-date symlink: /home/maxim/super_ws/install/px4_msgs/include/px4_msgs/px4_msgs/msg/detail/sensor_baro__builder.hpp\n'}
[2.242068] (px4_msgs) StdoutLine: {'line': b'-- Up-to-date symlink: /home/maxim/super_ws/install/px4_msgs/include/px4_msgs/px4_msgs/msg/detail/sensor_baro__struct.hpp\n'}
[2.242206] (px4_msgs) StdoutLine: {'line': b'-- Up-to-date symlink: /home/maxim/super_ws/install/px4_msgs/include/px4_msgs/px4_msgs/msg/detail/sensor_baro__traits.hpp\n'}
[2.242427] (px4_msgs) StdoutLine: {'line': b'-- Up-to-date symlink: /home/maxim/super_ws/install/px4_msgs/include/px4_msgs/px4_msgs/msg/detail/sensor_baro__type_support.hpp\n'}
[2.242570] (px4_msgs) StdoutLine: {'line': b'-- Up-to-date symlink: /home/maxim/super_ws/install/px4_msgs/include/px4_msgs/px4_msgs/msg/detail/sensor_combined__builder.hpp\n'}
[2.242703] (px4_msgs) StdoutLine: {'line': b'-- Up-to-date symlink: /home/maxim/super_ws/install/px4_msgs/include/px4_msgs/px4_msgs/msg/detail/sensor_combined__struct.hpp\n'}
[2.242884] (px4_msgs) StdoutLine: {'line': b'-- Up-to-date symlink: /home/maxim/super_ws/install/px4_msgs/include/px4_msgs/px4_msgs/msg/detail/sensor_combined__traits.hpp\n'}
[2.243008] (px4_msgs) StdoutLine: {'line': b'-- Up-to-date symlink: /home/maxim/super_ws/install/px4_msgs/include/px4_msgs/px4_msgs/msg/detail/sensor_combined__type_support.hpp\n'}
[2.243160] (px4_msgs) StdoutLine: {'line': b'-- Up-to-date symlink: /home/maxim/super_ws/install/px4_msgs/include/px4_msgs/px4_msgs/msg/detail/sensor_correction__builder.hpp\n'}
[2.243335] (px4_msgs) StdoutLine: {'line': b'-- Up-to-date symlink: /home/maxim/super_ws/install/px4_msgs/include/px4_msgs/px4_msgs/msg/detail/sensor_correction__struct.hpp\n'}
[2.243424] (px4_msgs) StdoutLine: {'line': b'-- Up-to-date symlink: /home/maxim/super_ws/install/px4_msgs/include/px4_msgs/px4_msgs/msg/detail/sensor_correction__traits.hpp\n'}
[2.243574] (px4_msgs) StdoutLine: {'line': b'-- Up-to-date symlink: /home/maxim/super_ws/install/px4_msgs/include/px4_msgs/px4_msgs/msg/detail/sensor_correction__type_support.hpp\n'}
[2.243731] (px4_msgs) StdoutLine: {'line': b'-- Up-to-date symlink: /home/maxim/super_ws/install/px4_msgs/include/px4_msgs/px4_msgs/msg/detail/sensor_gnss_relative__builder.hpp\n'}
[2.243902] (px4_msgs) StdoutLine: {'line': b'-- Up-to-date symlink: /home/maxim/super_ws/install/px4_msgs/include/px4_msgs/px4_msgs/msg/detail/sensor_gnss_relative__struct.hpp\n'}
[2.244047] (px4_msgs) StdoutLine: {'line': b'-- Up-to-date symlink: /home/maxim/super_ws/install/px4_msgs/include/px4_msgs/px4_msgs/msg/detail/sensor_gnss_relative__traits.hpp\n'}
[2.244221] (px4_msgs) StdoutLine: {'line': b'-- Up-to-date symlink: /home/maxim/super_ws/install/px4_msgs/include/px4_msgs/px4_msgs/msg/detail/sensor_gnss_relative__type_support.hpp\n'}
[2.244471] (px4_msgs) StdoutLine: {'line': b'-- Up-to-date symlink: /home/maxim/super_ws/install/px4_msgs/include/px4_msgs/px4_msgs/msg/detail/sensor_gnss_status__builder.hpp\n'}
[2.244581] (px4_msgs) StdoutLine: {'line': b'-- Up-to-date symlink: /home/maxim/super_ws/install/px4_msgs/include/px4_msgs/px4_msgs/msg/detail/sensor_gnss_status__struct.hpp\n'}
[2.244676] (px4_msgs) StdoutLine: {'line': b'-- Up-to-date symlink: /home/maxim/super_ws/install/px4_msgs/include/px4_msgs/px4_msgs/msg/detail/sensor_gnss_status__traits.hpp\n'}
[2.244866] (px4_msgs) StdoutLine: {'line': b'-- Up-to-date symlink: /home/maxim/super_ws/install/px4_msgs/include/px4_msgs/px4_msgs/msg/detail/sensor_gnss_status__type_support.hpp\n'}
[2.245016] (px4_msgs) StdoutLine: {'line': b'-- Up-to-date symlink: /home/maxim/super_ws/install/px4_msgs/include/px4_msgs/px4_msgs/msg/detail/sensor_gps__builder.hpp\n'}
[2.245203] (px4_msgs) StdoutLine: {'line': b'-- Up-to-date symlink: /home/maxim/super_ws/install/px4_msgs/include/px4_msgs/px4_msgs/msg/detail/sensor_gps__struct.hpp\n'}
[2.245330] (px4_msgs) StdoutLine: {'line': b'-- Up-to-date symlink: /home/maxim/super_ws/install/px4_msgs/include/px4_msgs/px4_msgs/msg/detail/sensor_gps__traits.hpp\n'}
[2.245457] (px4_msgs) StdoutLine: {'line': b'-- Up-to-date symlink: /home/maxim/super_ws/install/px4_msgs/include/px4_msgs/px4_msgs/msg/detail/sensor_gps__type_support.hpp\n'}
[2.245603] (px4_msgs) StdoutLine: {'line': b'-- Up-to-date symlink: /home/maxim/super_ws/install/px4_msgs/include/px4_msgs/px4_msgs/msg/detail/sensor_gyro__builder.hpp\n'}
[2.245717] (px4_msgs) StdoutLine: {'line': b'-- Up-to-date symlink: /home/maxim/super_ws/install/px4_msgs/include/px4_msgs/px4_msgs/msg/detail/sensor_gyro__struct.hpp\n'}
[2.245912] (px4_msgs) StdoutLine: {'line': b'-- Up-to-date symlink: /home/maxim/super_ws/install/px4_msgs/include/px4_msgs/px4_msgs/msg/detail/sensor_gyro__traits.hpp\n'}
[2.246080] (px4_msgs) StdoutLine: {'line': b'-- Up-to-date symlink: /home/maxim/super_ws/install/px4_msgs/include/px4_msgs/px4_msgs/msg/detail/sensor_gyro__type_support.hpp\n'}
[2.246191] (px4_msgs) StdoutLine: {'line': b'-- Up-to-date symlink: /home/maxim/super_ws/install/px4_msgs/include/px4_msgs/px4_msgs/msg/detail/sensor_gyro_fft__builder.hpp\n'}
[2.246337] (px4_msgs) StdoutLine: {'line': b'-- Up-to-date symlink: /home/maxim/super_ws/install/px4_msgs/include/px4_msgs/px4_msgs/msg/detail/sensor_gyro_fft__struct.hpp\n'}
[2.246523] (px4_msgs) StdoutLine: {'line': b'-- Up-to-date symlink: /home/maxim/super_ws/install/px4_msgs/include/px4_msgs/px4_msgs/msg/detail/sensor_gyro_fft__traits.hpp\n'}
[2.246673] (px4_msgs) StdoutLine: {'line': b'-- Up-to-date symlink: /home/maxim/super_ws/install/px4_msgs/include/px4_msgs/px4_msgs/msg/detail/sensor_gyro_fft__type_support.hpp\n'}
[2.246836] (px4_msgs) StdoutLine: {'line': b'-- Up-to-date symlink: /home/maxim/super_ws/install/px4_msgs/include/px4_msgs/px4_msgs/msg/detail/sensor_gyro_fifo__builder.hpp\n'}
[2.246983] (px4_msgs) StdoutLine: {'line': b'-- Up-to-date symlink: /home/maxim/super_ws/install/px4_msgs/include/px4_msgs/px4_msgs/msg/detail/sensor_gyro_fifo__struct.hpp\n'}
[2.247106] (px4_msgs) StdoutLine: {'line': b'-- Up-to-date symlink: /home/maxim/super_ws/install/px4_msgs/include/px4_msgs/px4_msgs/msg/detail/sensor_gyro_fifo__traits.hpp\n'}
[2.247193] (px4_msgs) StdoutLine: {'line': b'-- Up-to-date symlink: /home/maxim/super_ws/install/px4_msgs/include/px4_msgs/px4_msgs/msg/detail/sensor_gyro_fifo__type_support.hpp\n'}
[2.247266] (px4_msgs) StdoutLine: {'line': b'-- Up-to-date symlink: /home/maxim/super_ws/install/px4_msgs/include/px4_msgs/px4_msgs/msg/detail/sensor_hygrometer__builder.hpp\n'}
[2.247337] (px4_msgs) StdoutLine: {'line': b'-- Up-to-date symlink: /home/maxim/super_ws/install/px4_msgs/include/px4_msgs/px4_msgs/msg/detail/sensor_hygrometer__struct.hpp\n'}
[2.247446] (px4_msgs) StdoutLine: {'line': b'-- Up-to-date symlink: /home/maxim/super_ws/install/px4_msgs/include/px4_msgs/px4_msgs/msg/detail/sensor_hygrometer__traits.hpp\n'}
[2.247553] (px4_msgs) StdoutLine: {'line': b'-- Up-to-date symlink: /home/maxim/super_ws/install/px4_msgs/include/px4_msgs/px4_msgs/msg/detail/sensor_hygrometer__type_support.hpp\n'}
[2.247660] (px4_msgs) StdoutLine: {'line': b'-- Up-to-date symlink: /home/maxim/super_ws/install/px4_msgs/include/px4_msgs/px4_msgs/msg/detail/sensor_mag__builder.hpp\n'}
[2.247774] (px4_msgs) StdoutLine: {'line': b'-- Up-to-date symlink: /home/maxim/super_ws/install/px4_msgs/include/px4_msgs/px4_msgs/msg/detail/sensor_mag__struct.hpp\n'}
[2.247908] (px4_msgs) StdoutLine: {'line': b'-- Up-to-date symlink: /home/maxim/super_ws/install/px4_msgs/include/px4_msgs/px4_msgs/msg/detail/sensor_mag__traits.hpp\n'}
[2.248014] (px4_msgs) StdoutLine: {'line': b'-- Up-to-date symlink: /home/maxim/super_ws/install/px4_msgs/include/px4_msgs/px4_msgs/msg/detail/sensor_mag__type_support.hpp\n'}
[2.248122] (px4_msgs) StdoutLine: {'line': b'-- Up-to-date symlink: /home/maxim/super_ws/install/px4_msgs/include/px4_msgs/px4_msgs/msg/detail/sensor_optical_flow__builder.hpp\n'}
[2.248285] (px4_msgs) StdoutLine: {'line': b'-- Up-to-date symlink: /home/maxim/super_ws/install/px4_msgs/include/px4_msgs/px4_msgs/msg/detail/sensor_optical_flow__struct.hpp\n'}
[2.248397] (px4_msgs) StdoutLine: {'line': b'-- Up-to-date symlink: /home/maxim/super_ws/install/px4_msgs/include/px4_msgs/px4_msgs/msg/detail/sensor_optical_flow__traits.hpp\n'}
[2.248506] (px4_msgs) StdoutLine: {'line': b'-- Up-to-date symlink: /home/maxim/super_ws/install/px4_msgs/include/px4_msgs/px4_msgs/msg/detail/sensor_optical_flow__type_support.hpp\n'}
[2.248651] (px4_msgs) StdoutLine: {'line': b'-- Up-to-date symlink: /home/maxim/super_ws/install/px4_msgs/include/px4_msgs/px4_msgs/msg/detail/sensor_preflight_mag__builder.hpp\n'}
[2.248803] (px4_msgs) StdoutLine: {'line': b'-- Up-to-date symlink: /home/maxim/super_ws/install/px4_msgs/include/px4_msgs/px4_msgs/msg/detail/sensor_preflight_mag__struct.hpp\n'}
[2.248914] (px4_msgs) StdoutLine: {'line': b'-- Up-to-date symlink: /home/maxim/super_ws/install/px4_msgs/include/px4_msgs/px4_msgs/msg/detail/sensor_preflight_mag__traits.hpp\n'}
[2.249060] (px4_msgs) StdoutLine: {'line': b'-- Up-to-date symlink: /home/maxim/super_ws/install/px4_msgs/include/px4_msgs/px4_msgs/msg/detail/sensor_preflight_mag__type_support.hpp\n'}
[2.249168] (px4_msgs) StdoutLine: {'line': b'-- Up-to-date symlink: /home/maxim/super_ws/install/px4_msgs/include/px4_msgs/px4_msgs/msg/detail/sensor_selection__builder.hpp\n'}
[2.249318] (px4_msgs) StdoutLine: {'line': b'-- Up-to-date symlink: /home/maxim/super_ws/install/px4_msgs/include/px4_msgs/px4_msgs/msg/detail/sensor_selection__struct.hpp\n'}
[2.249435] (px4_msgs) StdoutLine: {'line': b'-- Up-to-date symlink: /home/maxim/super_ws/install/px4_msgs/include/px4_msgs/px4_msgs/msg/detail/sensor_selection__traits.hpp\n'}
[2.249560] (px4_msgs) StdoutLine: {'line': b'-- Up-to-date symlink: /home/maxim/super_ws/install/px4_msgs/include/px4_msgs/px4_msgs/msg/detail/sensor_selection__type_support.hpp\n'}
[2.249678] (px4_msgs) StdoutLine: {'line': b'-- Up-to-date symlink: /home/maxim/super_ws/install/px4_msgs/include/px4_msgs/px4_msgs/msg/detail/sensor_temp__builder.hpp\n'}
[2.249802] (px4_msgs) StdoutLine: {'line': b'-- Up-to-date symlink: /home/maxim/super_ws/install/px4_msgs/include/px4_msgs/px4_msgs/msg/detail/sensor_temp__struct.hpp\n'}
[2.249928] (px4_msgs) StdoutLine: {'line': b'-- Up-to-date symlink: /home/maxim/super_ws/install/px4_msgs/include/px4_msgs/px4_msgs/msg/detail/sensor_temp__traits.hpp\n'}
[2.250225] (px4_msgs) StdoutLine: {'line': b'-- Up-to-date symlink: /home/maxim/super_ws/install/px4_msgs/include/px4_msgs/px4_msgs/msg/detail/sensor_temp__type_support.hpp\n'}
[2.250361] (px4_msgs) StdoutLine: {'line': b'-- Up-to-date symlink: /home/maxim/super_ws/install/px4_msgs/include/px4_msgs/px4_msgs/msg/detail/sensor_uwb__builder.hpp\n'}
[2.250440] (px4_msgs) StdoutLine: {'line': b'-- Up-to-date symlink: /home/maxim/super_ws/install/px4_msgs/include/px4_msgs/px4_msgs/msg/detail/sensor_uwb__struct.hpp\n'}
[2.250551] (px4_msgs) StdoutLine: {'line': b'-- Up-to-date symlink: /home/maxim/super_ws/install/px4_msgs/include/px4_msgs/px4_msgs/msg/detail/sensor_uwb__traits.hpp\n'}
[2.250687] (px4_msgs) StdoutLine: {'line': b'-- Up-to-date symlink: /home/maxim/super_ws/install/px4_msgs/include/px4_msgs/px4_msgs/msg/detail/sensor_uwb__type_support.hpp\n'}
[2.250937] (px4_msgs) StdoutLine: {'line': b'-- Up-to-date symlink: /home/maxim/super_ws/install/px4_msgs/include/px4_msgs/px4_msgs/msg/detail/sensors_status__builder.hpp\n'}
[2.251051] (px4_msgs) StdoutLine: {'line': b'-- Up-to-date symlink: /home/maxim/super_ws/install/px4_msgs/include/px4_msgs/px4_msgs/msg/detail/sensors_status__struct.hpp\n'}
[2.251119] (px4_msgs) StdoutLine: {'line': b'-- Up-to-date symlink: /home/maxim/super_ws/install/px4_msgs/include/px4_msgs/px4_msgs/msg/detail/sensors_status__traits.hpp\n'}
[2.251204] (px4_msgs) StdoutLine: {'line': b'-- Up-to-date symlink: /home/maxim/super_ws/install/px4_msgs/include/px4_msgs/px4_msgs/msg/detail/sensors_status__type_support.hpp\n'}
[2.251285] (px4_msgs) StdoutLine: {'line': b'-- Up-to-date symlink: /home/maxim/super_ws/install/px4_msgs/include/px4_msgs/px4_msgs/msg/detail/sensors_status_imu__builder.hpp\n'}
[2.251369] (px4_msgs) StdoutLine: {'line': b'-- Up-to-date symlink: /home/maxim/super_ws/install/px4_msgs/include/px4_msgs/px4_msgs/msg/detail/sensors_status_imu__struct.hpp\n'}
[2.251480] (px4_msgs) StdoutLine: {'line': b'-- Up-to-date symlink: /home/maxim/super_ws/install/px4_msgs/include/px4_msgs/px4_msgs/msg/detail/sensors_status_imu__traits.hpp\n'}
[2.251585] (px4_msgs) StdoutLine: {'line': b'-- Up-to-date symlink: /home/maxim/super_ws/install/px4_msgs/include/px4_msgs/px4_msgs/msg/detail/sensors_status_imu__type_support.hpp\n'}
[2.251695] (px4_msgs) StdoutLine: {'line': b'-- Up-to-date symlink: /home/maxim/super_ws/install/px4_msgs/include/px4_msgs/px4_msgs/msg/detail/system_power__builder.hpp\n'}
[2.251825] (px4_msgs) StdoutLine: {'line': b'-- Up-to-date symlink: /home/maxim/super_ws/install/px4_msgs/include/px4_msgs/px4_msgs/msg/detail/system_power__struct.hpp\n'}
[2.251927] (px4_msgs) StdoutLine: {'line': b'-- Up-to-date symlink: /home/maxim/super_ws/install/px4_msgs/include/px4_msgs/px4_msgs/msg/detail/system_power__traits.hpp\n'}
[2.252043] (px4_msgs) StdoutLine: {'line': b'-- Up-to-date symlink: /home/maxim/super_ws/install/px4_msgs/include/px4_msgs/px4_msgs/msg/detail/system_power__type_support.hpp\n'}
[2.252151] (px4_msgs) StdoutLine: {'line': b'-- Up-to-date symlink: /home/maxim/super_ws/install/px4_msgs/include/px4_msgs/px4_msgs/msg/detail/takeoff_status__builder.hpp\n'}
[2.252256] (px4_msgs) StdoutLine: {'line': b'-- Up-to-date symlink: /home/maxim/super_ws/install/px4_msgs/include/px4_msgs/px4_msgs/msg/detail/takeoff_status__struct.hpp\n'}
[2.252370] (px4_msgs) StdoutLine: {'line': b'-- Up-to-date symlink: /home/maxim/super_ws/install/px4_msgs/include/px4_msgs/px4_msgs/msg/detail/takeoff_status__traits.hpp\n'}
[2.252478] (px4_msgs) StdoutLine: {'line': b'-- Up-to-date symlink: /home/maxim/super_ws/install/px4_msgs/include/px4_msgs/px4_msgs/msg/detail/takeoff_status__type_support.hpp\n'}
[2.252587] (px4_msgs) StdoutLine: {'line': b'-- Up-to-date symlink: /home/maxim/super_ws/install/px4_msgs/include/px4_msgs/px4_msgs/msg/detail/target_gnss__builder.hpp\n'}
[2.252739] (px4_msgs) StdoutLine: {'line': b'-- Up-to-date symlink: /home/maxim/super_ws/install/px4_msgs/include/px4_msgs/px4_msgs/msg/detail/target_gnss__struct.hpp\n'}
[2.252879] (px4_msgs) StdoutLine: {'line': b'-- Up-to-date symlink: /home/maxim/super_ws/install/px4_msgs/include/px4_msgs/px4_msgs/msg/detail/target_gnss__traits.hpp\n'}
[2.252991] (px4_msgs) StdoutLine: {'line': b'-- Up-to-date symlink: /home/maxim/super_ws/install/px4_msgs/include/px4_msgs/px4_msgs/msg/detail/target_gnss__type_support.hpp\n'}
[2.253168] (px4_msgs) StdoutLine: {'line': b'-- Up-to-date symlink: /home/maxim/super_ws/install/px4_msgs/include/px4_msgs/px4_msgs/msg/detail/task_stack_info__builder.hpp\n'}
[2.253309] (px4_msgs) StdoutLine: {'line': b'-- Up-to-date symlink: /home/maxim/super_ws/install/px4_msgs/include/px4_msgs/px4_msgs/msg/detail/task_stack_info__struct.hpp\n'}
[2.253429] (px4_msgs) StdoutLine: {'line': b'-- Up-to-date symlink: /home/maxim/super_ws/install/px4_msgs/include/px4_msgs/px4_msgs/msg/detail/task_stack_info__traits.hpp\n'}
[2.253626] (px4_msgs) StdoutLine: {'line': b'-- Up-to-date symlink: /home/maxim/super_ws/install/px4_msgs/include/px4_msgs/px4_msgs/msg/detail/task_stack_info__type_support.hpp\n'}
[2.253856] (px4_msgs) StdoutLine: {'line': b'-- Up-to-date symlink: /home/maxim/super_ws/install/px4_msgs/include/px4_msgs/px4_msgs/msg/detail/tecs_status__builder.hpp\n'}
[2.254054] (px4_msgs) StdoutLine: {'line': b'-- Up-to-date symlink: /home/maxim/super_ws/install/px4_msgs/include/px4_msgs/px4_msgs/msg/detail/tecs_status__struct.hpp\n'}
[2.254306] (px4_msgs) StdoutLine: {'line': b'-- Up-to-date symlink: /home/maxim/super_ws/install/px4_msgs/include/px4_msgs/px4_msgs/msg/detail/tecs_status__traits.hpp\n'}
[2.254525] (px4_msgs) StdoutLine: {'line': b'-- Up-to-date symlink: /home/maxim/super_ws/install/px4_msgs/include/px4_msgs/px4_msgs/msg/detail/tecs_status__type_support.hpp\n'}
[2.254645] (px4_msgs) StdoutLine: {'line': b'-- Up-to-date symlink: /home/maxim/super_ws/install/px4_msgs/include/px4_msgs/px4_msgs/msg/detail/telemetry_status__builder.hpp\n'}
[2.254754] (px4_msgs) StdoutLine: {'line': b'-- Up-to-date symlink: /home/maxim/super_ws/install/px4_msgs/include/px4_msgs/px4_msgs/msg/detail/telemetry_status__struct.hpp\n'}
[2.255008] (px4_msgs) StdoutLine: {'line': b'-- Up-to-date symlink: /home/maxim/super_ws/install/px4_msgs/include/px4_msgs/px4_msgs/msg/detail/telemetry_status__traits.hpp\n'}
[2.255249] (px4_msgs) StdoutLine: {'line': b'-- Up-to-date symlink: /home/maxim/super_ws/install/px4_msgs/include/px4_msgs/px4_msgs/msg/detail/telemetry_status__type_support.hpp\n'}
[2.255462] (px4_msgs) StdoutLine: {'line': b'-- Up-to-date symlink: /home/maxim/super_ws/install/px4_msgs/include/px4_msgs/px4_msgs/msg/detail/tiltrotor_extra_controls__builder.hpp\n'}
[2.255614] (px4_msgs) StdoutLine: {'line': b'-- Up-to-date symlink: /home/maxim/super_ws/install/px4_msgs/include/px4_msgs/px4_msgs/msg/detail/tiltrotor_extra_controls__struct.hpp\n'}
[2.255725] (px4_msgs) StdoutLine: {'line': b'-- Up-to-date symlink: /home/maxim/super_ws/install/px4_msgs/include/px4_msgs/px4_msgs/msg/detail/tiltrotor_extra_controls__traits.hpp\n'}
[2.255883] (px4_msgs) StdoutLine: {'line': b'-- Up-to-date symlink: /home/maxim/super_ws/install/px4_msgs/include/px4_msgs/px4_msgs/msg/detail/tiltrotor_extra_controls__type_support.hpp\n'}
[2.256030] (px4_msgs) StdoutLine: {'line': b'-- Up-to-date symlink: /home/maxim/super_ws/install/px4_msgs/include/px4_msgs/px4_msgs/msg/detail/timesync_status__builder.hpp\n'}
[2.256207] (px4_msgs) StdoutLine: {'line': b'-- Up-to-date symlink: /home/maxim/super_ws/install/px4_msgs/include/px4_msgs/px4_msgs/msg/detail/timesync_status__struct.hpp\n'}
[2.256525] (px4_msgs) StdoutLine: {'line': b'-- Up-to-date symlink: /home/maxim/super_ws/install/px4_msgs/include/px4_msgs/px4_msgs/msg/detail/timesync_status__traits.hpp\n'}
[2.256674] (px4_msgs) StdoutLine: {'line': b'-- Up-to-date symlink: /home/maxim/super_ws/install/px4_msgs/include/px4_msgs/px4_msgs/msg/detail/timesync_status__type_support.hpp\n'}
[2.256920] (px4_msgs) StdoutLine: {'line': b'-- Up-to-date symlink: /home/maxim/super_ws/install/px4_msgs/include/px4_msgs/px4_msgs/msg/detail/trajectory_setpoint6dof__builder.hpp\n'}
[2.257063] (px4_msgs) StdoutLine: {'line': b'-- Up-to-date symlink: /home/maxim/super_ws/install/px4_msgs/include/px4_msgs/px4_msgs/msg/detail/trajectory_setpoint6dof__struct.hpp\n'}
[2.257316] (px4_msgs) StdoutLine: {'line': b'-- Up-to-date symlink: /home/maxim/super_ws/install/px4_msgs/include/px4_msgs/px4_msgs/msg/detail/trajectory_setpoint6dof__traits.hpp\n'}
[2.257524] (px4_msgs) StdoutLine: {'line': b'-- Up-to-date symlink: /home/maxim/super_ws/install/px4_msgs/include/px4_msgs/px4_msgs/msg/detail/trajectory_setpoint6dof__type_support.hpp\n'}
[2.257662] (px4_msgs) StdoutLine: {'line': b'-- Up-to-date symlink: /home/maxim/super_ws/install/px4_msgs/include/px4_msgs/px4_msgs/msg/detail/trajectory_setpoint__builder.hpp\n'}
[2.257850] (px4_msgs) StdoutLine: {'line': b'-- Up-to-date symlink: /home/maxim/super_ws/install/px4_msgs/include/px4_msgs/px4_msgs/msg/detail/trajectory_setpoint__struct.hpp\n'}
[2.258075] (px4_msgs) StdoutLine: {'line': b'-- Up-to-date symlink: /home/maxim/super_ws/install/px4_msgs/include/px4_msgs/px4_msgs/msg/detail/trajectory_setpoint__traits.hpp\n'}
[2.258230] (px4_msgs) StdoutLine: {'line': b'-- Up-to-date symlink: /home/maxim/super_ws/install/px4_msgs/include/px4_msgs/px4_msgs/msg/detail/trajectory_setpoint__type_support.hpp\n'}
[2.258345] (px4_msgs) StdoutLine: {'line': b'-- Up-to-date symlink: /home/maxim/super_ws/install/px4_msgs/include/px4_msgs/px4_msgs/msg/detail/transponder_report__builder.hpp\n'}
[2.258541] (px4_msgs) StdoutLine: {'line': b'-- Up-to-date symlink: /home/maxim/super_ws/install/px4_msgs/include/px4_msgs/px4_msgs/msg/detail/transponder_report__struct.hpp\n'}
[2.258660] (px4_msgs) StdoutLine: {'line': b'-- Up-to-date symlink: /home/maxim/super_ws/install/px4_msgs/include/px4_msgs/px4_msgs/msg/detail/transponder_report__traits.hpp\n'}
[2.258779] (px4_msgs) StdoutLine: {'line': b'-- Up-to-date symlink: /home/maxim/super_ws/install/px4_msgs/include/px4_msgs/px4_msgs/msg/detail/transponder_report__type_support.hpp\n'}
[2.258965] (px4_msgs) StdoutLine: {'line': b'-- Up-to-date symlink: /home/maxim/super_ws/install/px4_msgs/include/px4_msgs/px4_msgs/msg/detail/tune_control__builder.hpp\n'}
[2.259218] (px4_msgs) StdoutLine: {'line': b'-- Up-to-date symlink: /home/maxim/super_ws/install/px4_msgs/include/px4_msgs/px4_msgs/msg/detail/tune_control__struct.hpp\n'}
[2.259409] (px4_msgs) StdoutLine: {'line': b'-- Up-to-date symlink: /home/maxim/super_ws/install/px4_msgs/include/px4_msgs/px4_msgs/msg/detail/tune_control__traits.hpp\n'}
[2.259619] (px4_msgs) StdoutLine: {'line': b'-- Up-to-date symlink: /home/maxim/super_ws/install/px4_msgs/include/px4_msgs/px4_msgs/msg/detail/tune_control__type_support.hpp\n'}
[2.259721] (px4_msgs) StdoutLine: {'line': b'-- Up-to-date symlink: /home/maxim/super_ws/install/px4_msgs/include/px4_msgs/px4_msgs/msg/detail/uavcan_parameter_request__builder.hpp\n'}
[2.259918] (px4_msgs) StdoutLine: {'line': b'-- Up-to-date symlink: /home/maxim/super_ws/install/px4_msgs/include/px4_msgs/px4_msgs/msg/detail/uavcan_parameter_request__struct.hpp\n'}
[2.260064] (px4_msgs) StdoutLine: {'line': b'-- Up-to-date symlink: /home/maxim/super_ws/install/px4_msgs/include/px4_msgs/px4_msgs/msg/detail/uavcan_parameter_request__traits.hpp\n'}
[2.260160] (px4_msgs) StdoutLine: {'line': b'-- Up-to-date symlink: /home/maxim/super_ws/install/px4_msgs/include/px4_msgs/px4_msgs/msg/detail/uavcan_parameter_request__type_support.hpp\n'}
[2.260248] (px4_msgs) StdoutLine: {'line': b'-- Up-to-date symlink: /home/maxim/super_ws/install/px4_msgs/include/px4_msgs/px4_msgs/msg/detail/uavcan_parameter_value__builder.hpp\n'}
[2.260324] (px4_msgs) StdoutLine: {'line': b'-- Up-to-date symlink: /home/maxim/super_ws/install/px4_msgs/include/px4_msgs/px4_msgs/msg/detail/uavcan_parameter_value__struct.hpp\n'}
[2.260399] (px4_msgs) StdoutLine: {'line': b'-- Up-to-date symlink: /home/maxim/super_ws/install/px4_msgs/include/px4_msgs/px4_msgs/msg/detail/uavcan_parameter_value__traits.hpp\n'}
[2.260477] (px4_msgs) StdoutLine: {'line': b'-- Up-to-date symlink: /home/maxim/super_ws/install/px4_msgs/include/px4_msgs/px4_msgs/msg/detail/uavcan_parameter_value__type_support.hpp\n'}
[2.260574] (px4_msgs) StdoutLine: {'line': b'-- Up-to-date symlink: /home/maxim/super_ws/install/px4_msgs/include/px4_msgs/px4_msgs/msg/detail/ulog_stream__builder.hpp\n'}
[2.260686] (px4_msgs) StdoutLine: {'line': b'-- Up-to-date symlink: /home/maxim/super_ws/install/px4_msgs/include/px4_msgs/px4_msgs/msg/detail/ulog_stream__struct.hpp\n'}
[2.260851] (px4_msgs) StdoutLine: {'line': b'-- Up-to-date symlink: /home/maxim/super_ws/install/px4_msgs/include/px4_msgs/px4_msgs/msg/detail/ulog_stream__traits.hpp\n'}
[2.260956] (px4_msgs) StdoutLine: {'line': b'-- Up-to-date symlink: /home/maxim/super_ws/install/px4_msgs/include/px4_msgs/px4_msgs/msg/detail/ulog_stream__type_support.hpp\n'}
[2.261063] (px4_msgs) StdoutLine: {'line': b'-- Up-to-date symlink: /home/maxim/super_ws/install/px4_msgs/include/px4_msgs/px4_msgs/msg/detail/ulog_stream_ack__builder.hpp\n'}
[2.261136] (px4_msgs) StdoutLine: {'line': b'-- Up-to-date symlink: /home/maxim/super_ws/install/px4_msgs/include/px4_msgs/px4_msgs/msg/detail/ulog_stream_ack__struct.hpp\n'}
[2.261219] (px4_msgs) StdoutLine: {'line': b'-- Up-to-date symlink: /home/maxim/super_ws/install/px4_msgs/include/px4_msgs/px4_msgs/msg/detail/ulog_stream_ack__traits.hpp\n'}
[2.261394] (px4_msgs) StdoutLine: {'line': b'-- Up-to-date symlink: /home/maxim/super_ws/install/px4_msgs/include/px4_msgs/px4_msgs/msg/detail/ulog_stream_ack__type_support.hpp\n'}
[2.261565] (px4_msgs) StdoutLine: {'line': b'-- Up-to-date symlink: /home/maxim/super_ws/install/px4_msgs/include/px4_msgs/px4_msgs/msg/detail/unregister_ext_component__builder.hpp\n'}
[2.261745] (px4_msgs) StdoutLine: {'line': b'-- Up-to-date symlink: /home/maxim/super_ws/install/px4_msgs/include/px4_msgs/px4_msgs/msg/detail/unregister_ext_component__struct.hpp\n'}
[2.261969] (px4_msgs) StdoutLine: {'line': b'-- Up-to-date symlink: /home/maxim/super_ws/install/px4_msgs/include/px4_msgs/px4_msgs/msg/detail/unregister_ext_component__traits.hpp\n'}
[2.262161] (px4_msgs) StdoutLine: {'line': b'-- Up-to-date symlink: /home/maxim/super_ws/install/px4_msgs/include/px4_msgs/px4_msgs/msg/detail/unregister_ext_component__type_support.hpp\n'}
[2.262274] (px4_msgs) StdoutLine: {'line': b'-- Up-to-date symlink: /home/maxim/super_ws/install/px4_msgs/include/px4_msgs/px4_msgs/msg/detail/vehicle_acceleration__builder.hpp\n'}
[2.262409] (px4_msgs) StdoutLine: {'line': b'-- Up-to-date symlink: /home/maxim/super_ws/install/px4_msgs/include/px4_msgs/px4_msgs/msg/detail/vehicle_acceleration__struct.hpp\n'}
[2.262522] (px4_msgs) StdoutLine: {'line': b'-- Up-to-date symlink: /home/maxim/super_ws/install/px4_msgs/include/px4_msgs/px4_msgs/msg/detail/vehicle_acceleration__traits.hpp\n'}
[2.262690] (px4_msgs) StdoutLine: {'line': b'-- Up-to-date symlink: /home/maxim/super_ws/install/px4_msgs/include/px4_msgs/px4_msgs/msg/detail/vehicle_acceleration__type_support.hpp\n'}
[2.262807] (px4_msgs) StdoutLine: {'line': b'-- Up-to-date symlink: /home/maxim/super_ws/install/px4_msgs/include/px4_msgs/px4_msgs/msg/detail/vehicle_air_data__builder.hpp\n'}
[2.263000] (px4_msgs) StdoutLine: {'line': b'-- Up-to-date symlink: /home/maxim/super_ws/install/px4_msgs/include/px4_msgs/px4_msgs/msg/detail/vehicle_air_data__struct.hpp\n'}
[2.263168] (px4_msgs) StdoutLine: {'line': b'-- Up-to-date symlink: /home/maxim/super_ws/install/px4_msgs/include/px4_msgs/px4_msgs/msg/detail/vehicle_air_data__traits.hpp\n'}
[2.263387] (px4_msgs) StdoutLine: {'line': b'-- Up-to-date symlink: /home/maxim/super_ws/install/px4_msgs/include/px4_msgs/px4_msgs/msg/detail/vehicle_air_data__type_support.hpp\n'}
[2.263536] (px4_msgs) StdoutLine: {'line': b'-- Up-to-date symlink: /home/maxim/super_ws/install/px4_msgs/include/px4_msgs/px4_msgs/msg/detail/vehicle_angular_acceleration_setpoint__builder.hpp\n'}
[2.263674] (px4_msgs) StdoutLine: {'line': b'-- Up-to-date symlink: /home/maxim/super_ws/install/px4_msgs/include/px4_msgs/px4_msgs/msg/detail/vehicle_angular_acceleration_setpoint__struct.hpp\n'}
[2.263765] (px4_msgs) StdoutLine: {'line': b'-- Up-to-date symlink: /home/maxim/super_ws/install/px4_msgs/include/px4_msgs/px4_msgs/msg/detail/vehicle_angular_acceleration_setpoint__traits.hpp\n'}
[2.263951] (px4_msgs) StdoutLine: {'line': b'-- Up-to-date symlink: /home/maxim/super_ws/install/px4_msgs/include/px4_msgs/px4_msgs/msg/detail/vehicle_angular_acceleration_setpoint__type_support.hpp\n'}
[2.264112] (px4_msgs) StdoutLine: {'line': b'-- Up-to-date symlink: /home/maxim/super_ws/install/px4_msgs/include/px4_msgs/px4_msgs/msg/detail/vehicle_angular_velocity__builder.hpp\n'}
[2.264285] (px4_msgs) StdoutLine: {'line': b'-- Up-to-date symlink: /home/maxim/super_ws/install/px4_msgs/include/px4_msgs/px4_msgs/msg/detail/vehicle_angular_velocity__struct.hpp\n'}
[2.264495] (px4_msgs) StdoutLine: {'line': b'-- Up-to-date symlink: /home/maxim/super_ws/install/px4_msgs/include/px4_msgs/px4_msgs/msg/detail/vehicle_angular_velocity__traits.hpp\n'}
[2.264600] (px4_msgs) StdoutLine: {'line': b'-- Up-to-date symlink: /home/maxim/super_ws/install/px4_msgs/include/px4_msgs/px4_msgs/msg/detail/vehicle_angular_velocity__type_support.hpp\n'}
[2.264724] (px4_msgs) StdoutLine: {'line': b'-- Up-to-date symlink: /home/maxim/super_ws/install/px4_msgs/include/px4_msgs/px4_msgs/msg/detail/vehicle_attitude__builder.hpp\n'}
[2.264968] (px4_msgs) StdoutLine: {'line': b'-- Up-to-date symlink: /home/maxim/super_ws/install/px4_msgs/include/px4_msgs/px4_msgs/msg/detail/vehicle_attitude__struct.hpp\n'}
[2.265113] (px4_msgs) StdoutLine: {'line': b'-- Up-to-date symlink: /home/maxim/super_ws/install/px4_msgs/include/px4_msgs/px4_msgs/msg/detail/vehicle_attitude__traits.hpp\n'}
[2.265263] (px4_msgs) StdoutLine: {'line': b'-- Up-to-date symlink: /home/maxim/super_ws/install/px4_msgs/include/px4_msgs/px4_msgs/msg/detail/vehicle_attitude__type_support.hpp\n'}
[2.265466] (px4_msgs) StdoutLine: {'line': b'-- Up-to-date symlink: /home/maxim/super_ws/install/px4_msgs/include/px4_msgs/px4_msgs/msg/detail/vehicle_attitude_setpoint__builder.hpp\n'}
[2.265654] (px4_msgs) StdoutLine: {'line': b'-- Up-to-date symlink: /home/maxim/super_ws/install/px4_msgs/include/px4_msgs/px4_msgs/msg/detail/vehicle_attitude_setpoint__struct.hpp\n'}
[2.265835] (px4_msgs) StdoutLine: {'line': b'-- Up-to-date symlink: /home/maxim/super_ws/install/px4_msgs/include/px4_msgs/px4_msgs/msg/detail/vehicle_attitude_setpoint__traits.hpp\n'}
[2.266071] (px4_msgs) StdoutLine: {'line': b'-- Up-to-date symlink: /home/maxim/super_ws/install/px4_msgs/include/px4_msgs/px4_msgs/msg/detail/vehicle_attitude_setpoint__type_support.hpp\n'}
[2.266203] (px4_msgs) StdoutLine: {'line': b'-- Up-to-date symlink: /home/maxim/super_ws/install/px4_msgs/include/px4_msgs/px4_msgs/msg/detail/vehicle_command__builder.hpp\n'}
[2.266351] (px4_msgs) StdoutLine: {'line': b'-- Up-to-date symlink: /home/maxim/super_ws/install/px4_msgs/include/px4_msgs/px4_msgs/msg/detail/vehicle_command__struct.hpp\n'}
[2.266567] (px4_msgs) StdoutLine: {'line': b'-- Up-to-date symlink: /home/maxim/super_ws/install/px4_msgs/include/px4_msgs/px4_msgs/msg/detail/vehicle_command__traits.hpp\n'}
[2.266678] (px4_msgs) StdoutLine: {'line': b'-- Up-to-date symlink: /home/maxim/super_ws/install/px4_msgs/include/px4_msgs/px4_msgs/msg/detail/vehicle_command__type_support.hpp\n'}
[2.266861] (px4_msgs) StdoutLine: {'line': b'-- Up-to-date symlink: /home/maxim/super_ws/install/px4_msgs/include/px4_msgs/px4_msgs/msg/detail/vehicle_command_ack__builder.hpp\n'}
[2.267030] (px4_msgs) StdoutLine: {'line': b'-- Up-to-date symlink: /home/maxim/super_ws/install/px4_msgs/include/px4_msgs/px4_msgs/msg/detail/vehicle_command_ack__struct.hpp\n'}
[2.267183] (px4_msgs) StdoutLine: {'line': b'-- Up-to-date symlink: /home/maxim/super_ws/install/px4_msgs/include/px4_msgs/px4_msgs/msg/detail/vehicle_command_ack__traits.hpp\n'}
[2.267324] (px4_msgs) StdoutLine: {'line': b'-- Up-to-date symlink: /home/maxim/super_ws/install/px4_msgs/include/px4_msgs/px4_msgs/msg/detail/vehicle_command_ack__type_support.hpp\n'}
[2.267440] (px4_msgs) StdoutLine: {'line': b'-- Up-to-date symlink: /home/maxim/super_ws/install/px4_msgs/include/px4_msgs/px4_msgs/msg/detail/vehicle_constraints__builder.hpp\n'}
[2.267512] (px4_msgs) StdoutLine: {'line': b'-- Up-to-date symlink: /home/maxim/super_ws/install/px4_msgs/include/px4_msgs/px4_msgs/msg/detail/vehicle_constraints__struct.hpp\n'}
[2.267641] (px4_msgs) StdoutLine: {'line': b'-- Up-to-date symlink: /home/maxim/super_ws/install/px4_msgs/include/px4_msgs/px4_msgs/msg/detail/vehicle_constraints__traits.hpp\n'}
[2.267814] (px4_msgs) StdoutLine: {'line': b'-- Up-to-date symlink: /home/maxim/super_ws/install/px4_msgs/include/px4_msgs/px4_msgs/msg/detail/vehicle_constraints__type_support.hpp\n'}
[2.267983] (px4_msgs) StdoutLine: {'line': b'-- Up-to-date symlink: /home/maxim/super_ws/install/px4_msgs/include/px4_msgs/px4_msgs/msg/detail/vehicle_control_mode__builder.hpp\n'}
[2.268175] (px4_msgs) StdoutLine: {'line': b'-- Up-to-date symlink: /home/maxim/super_ws/install/px4_msgs/include/px4_msgs/px4_msgs/msg/detail/vehicle_control_mode__struct.hpp\n'}
[2.268368] (px4_msgs) StdoutLine: {'line': b'-- Up-to-date symlink: /home/maxim/super_ws/install/px4_msgs/include/px4_msgs/px4_msgs/msg/detail/vehicle_control_mode__traits.hpp\n'}
[2.268540] (px4_msgs) StdoutLine: {'line': b'-- Up-to-date symlink: /home/maxim/super_ws/install/px4_msgs/include/px4_msgs/px4_msgs/msg/detail/vehicle_control_mode__type_support.hpp\n'}
[2.268646] (px4_msgs) StdoutLine: {'line': b'-- Up-to-date symlink: /home/maxim/super_ws/install/px4_msgs/include/px4_msgs/px4_msgs/msg/detail/vehicle_global_position__builder.hpp\n'}
[2.268877] (px4_msgs) StdoutLine: {'line': b'-- Up-to-date symlink: /home/maxim/super_ws/install/px4_msgs/include/px4_msgs/px4_msgs/msg/detail/vehicle_global_position__struct.hpp\n'}
[2.269056] (px4_msgs) StdoutLine: {'line': b'-- Up-to-date symlink: /home/maxim/super_ws/install/px4_msgs/include/px4_msgs/px4_msgs/msg/detail/vehicle_global_position__traits.hpp\n'}
[2.269222] (px4_msgs) StdoutLine: {'line': b'-- Up-to-date symlink: /home/maxim/super_ws/install/px4_msgs/include/px4_msgs/px4_msgs/msg/detail/vehicle_global_position__type_support.hpp\n'}
[2.269425] (px4_msgs) StdoutLine: {'line': b'-- Up-to-date symlink: /home/maxim/super_ws/install/px4_msgs/include/px4_msgs/px4_msgs/msg/detail/vehicle_imu__builder.hpp\n'}
[2.269578] (px4_msgs) StdoutLine: {'line': b'-- Up-to-date symlink: /home/maxim/super_ws/install/px4_msgs/include/px4_msgs/px4_msgs/msg/detail/vehicle_imu__struct.hpp\n'}
[2.269699] (px4_msgs) StdoutLine: {'line': b'-- Up-to-date symlink: /home/maxim/super_ws/install/px4_msgs/include/px4_msgs/px4_msgs/msg/detail/vehicle_imu__traits.hpp\n'}
[2.269878] (px4_msgs) StdoutLine: {'line': b'-- Up-to-date symlink: /home/maxim/super_ws/install/px4_msgs/include/px4_msgs/px4_msgs/msg/detail/vehicle_imu__type_support.hpp\n'}
[2.270039] (px4_msgs) StdoutLine: {'line': b'-- Up-to-date symlink: /home/maxim/super_ws/install/px4_msgs/include/px4_msgs/px4_msgs/msg/detail/vehicle_imu_status__builder.hpp\n'}
[2.270172] (px4_msgs) StdoutLine: {'line': b'-- Up-to-date symlink: /home/maxim/super_ws/install/px4_msgs/include/px4_msgs/px4_msgs/msg/detail/vehicle_imu_status__struct.hpp\n'}
[2.270288] (px4_msgs) StdoutLine: {'line': b'-- Up-to-date symlink: /home/maxim/super_ws/install/px4_msgs/include/px4_msgs/px4_msgs/msg/detail/vehicle_imu_status__traits.hpp\n'}
[2.270379] (px4_msgs) StdoutLine: {'line': b'-- Up-to-date symlink: /home/maxim/super_ws/install/px4_msgs/include/px4_msgs/px4_msgs/msg/detail/vehicle_imu_status__type_support.hpp\n'}
[2.270452] (px4_msgs) StdoutLine: {'line': b'-- Up-to-date symlink: /home/maxim/super_ws/install/px4_msgs/include/px4_msgs/px4_msgs/msg/detail/vehicle_land_detected__builder.hpp\n'}
[2.270541] (px4_msgs) StdoutLine: {'line': b'-- Up-to-date symlink: /home/maxim/super_ws/install/px4_msgs/include/px4_msgs/px4_msgs/msg/detail/vehicle_land_detected__struct.hpp\n'}
[2.270650] (px4_msgs) StdoutLine: {'line': b'-- Up-to-date symlink: /home/maxim/super_ws/install/px4_msgs/include/px4_msgs/px4_msgs/msg/detail/vehicle_land_detected__traits.hpp\n'}
[2.270807] (px4_msgs) StdoutLine: {'line': b'-- Up-to-date symlink: /home/maxim/super_ws/install/px4_msgs/include/px4_msgs/px4_msgs/msg/detail/vehicle_land_detected__type_support.hpp\n'}
[2.270902] (px4_msgs) StdoutLine: {'line': b'-- Up-to-date symlink: /home/maxim/super_ws/install/px4_msgs/include/px4_msgs/px4_msgs/msg/detail/vehicle_local_position__builder.hpp\n'}
[2.271025] (px4_msgs) StdoutLine: {'line': b'-- Up-to-date symlink: /home/maxim/super_ws/install/px4_msgs/include/px4_msgs/px4_msgs/msg/detail/vehicle_local_position__struct.hpp\n'}
[2.271129] (px4_msgs) StdoutLine: {'line': b'-- Up-to-date symlink: /home/maxim/super_ws/install/px4_msgs/include/px4_msgs/px4_msgs/msg/detail/vehicle_local_position__traits.hpp\n'}
[2.271256] (px4_msgs) StdoutLine: {'line': b'-- Up-to-date symlink: /home/maxim/super_ws/install/px4_msgs/include/px4_msgs/px4_msgs/msg/detail/vehicle_local_position__type_support.hpp\n'}
[2.271352] (px4_msgs) StdoutLine: {'line': b'-- Up-to-date symlink: /home/maxim/super_ws/install/px4_msgs/include/px4_msgs/px4_msgs/msg/detail/vehicle_local_position_setpoint__builder.hpp\n'}
[2.271486] (px4_msgs) StdoutLine: {'line': b'-- Up-to-date symlink: /home/maxim/super_ws/install/px4_msgs/include/px4_msgs/px4_msgs/msg/detail/vehicle_local_position_setpoint__struct.hpp\n'}
[2.271595] (px4_msgs) StdoutLine: {'line': b'-- Up-to-date symlink: /home/maxim/super_ws/install/px4_msgs/include/px4_msgs/px4_msgs/msg/detail/vehicle_local_position_setpoint__traits.hpp\n'}
[2.271681] (px4_msgs) StdoutLine: {'line': b'-- Up-to-date symlink: /home/maxim/super_ws/install/px4_msgs/include/px4_msgs/px4_msgs/msg/detail/vehicle_local_position_setpoint__type_support.hpp\n'}
[2.271763] (px4_msgs) StdoutLine: {'line': b'-- Up-to-date symlink: /home/maxim/super_ws/install/px4_msgs/include/px4_msgs/px4_msgs/msg/detail/vehicle_magnetometer__builder.hpp\n'}
[2.271871] (px4_msgs) StdoutLine: {'line': b'-- Up-to-date symlink: /home/maxim/super_ws/install/px4_msgs/include/px4_msgs/px4_msgs/msg/detail/vehicle_magnetometer__struct.hpp\n'}
[2.271979] (px4_msgs) StdoutLine: {'line': b'-- Up-to-date symlink: /home/maxim/super_ws/install/px4_msgs/include/px4_msgs/px4_msgs/msg/detail/vehicle_magnetometer__traits.hpp\n'}
[2.272104] (px4_msgs) StdoutLine: {'line': b'-- Up-to-date symlink: /home/maxim/super_ws/install/px4_msgs/include/px4_msgs/px4_msgs/msg/detail/vehicle_magnetometer__type_support.hpp\n'}
[2.272237] (px4_msgs) StdoutLine: {'line': b'-- Up-to-date symlink: /home/maxim/super_ws/install/px4_msgs/include/px4_msgs/px4_msgs/msg/detail/vehicle_odometry__builder.hpp\n'}
[2.272345] (px4_msgs) StdoutLine: {'line': b'-- Up-to-date symlink: /home/maxim/super_ws/install/px4_msgs/include/px4_msgs/px4_msgs/msg/detail/vehicle_odometry__struct.hpp\n'}
[2.272479] (px4_msgs) StdoutLine: {'line': b'-- Up-to-date symlink: /home/maxim/super_ws/install/px4_msgs/include/px4_msgs/px4_msgs/msg/detail/vehicle_odometry__traits.hpp\n'}
[2.272596] (px4_msgs) StdoutLine: {'line': b'-- Up-to-date symlink: /home/maxim/super_ws/install/px4_msgs/include/px4_msgs/px4_msgs/msg/detail/vehicle_odometry__type_support.hpp\n'}
[2.272686] (px4_msgs) StdoutLine: {'line': b'-- Up-to-date symlink: /home/maxim/super_ws/install/px4_msgs/include/px4_msgs/px4_msgs/msg/detail/vehicle_optical_flow__builder.hpp\n'}
[2.272796] (px4_msgs) StdoutLine: {'line': b'-- Up-to-date symlink: /home/maxim/super_ws/install/px4_msgs/include/px4_msgs/px4_msgs/msg/detail/vehicle_optical_flow__struct.hpp\n'}
[2.272945] (px4_msgs) StdoutLine: {'line': b'-- Up-to-date symlink: /home/maxim/super_ws/install/px4_msgs/include/px4_msgs/px4_msgs/msg/detail/vehicle_optical_flow__traits.hpp\n'}
[2.273082] (px4_msgs) StdoutLine: {'line': b'-- Up-to-date symlink: /home/maxim/super_ws/install/px4_msgs/include/px4_msgs/px4_msgs/msg/detail/vehicle_optical_flow__type_support.hpp\n'}
[2.273164] (px4_msgs) StdoutLine: {'line': b'-- Up-to-date symlink: /home/maxim/super_ws/install/px4_msgs/include/px4_msgs/px4_msgs/msg/detail/vehicle_optical_flow_vel__builder.hpp\n'}
[2.273234] (px4_msgs) StdoutLine: {'line': b'-- Up-to-date symlink: /home/maxim/super_ws/install/px4_msgs/include/px4_msgs/px4_msgs/msg/detail/vehicle_optical_flow_vel__struct.hpp\n'}
[2.273331] (px4_msgs) StdoutLine: {'line': b'-- Up-to-date symlink: /home/maxim/super_ws/install/px4_msgs/include/px4_msgs/px4_msgs/msg/detail/vehicle_optical_flow_vel__traits.hpp\n'}
[2.273409] (px4_msgs) StdoutLine: {'line': b'-- Up-to-date symlink: /home/maxim/super_ws/install/px4_msgs/include/px4_msgs/px4_msgs/msg/detail/vehicle_optical_flow_vel__type_support.hpp\n'}
[2.273517] (px4_msgs) StdoutLine: {'line': b'-- Up-to-date symlink: /home/maxim/super_ws/install/px4_msgs/include/px4_msgs/px4_msgs/msg/detail/vehicle_rates_setpoint__builder.hpp\n'}
[2.273655] (px4_msgs) StdoutLine: {'line': b'-- Up-to-date symlink: /home/maxim/super_ws/install/px4_msgs/include/px4_msgs/px4_msgs/msg/detail/vehicle_rates_setpoint__struct.hpp\n'}
[2.273733] (px4_msgs) StdoutLine: {'line': b'-- Up-to-date symlink: /home/maxim/super_ws/install/px4_msgs/include/px4_msgs/px4_msgs/msg/detail/vehicle_rates_setpoint__traits.hpp\n'}
[2.273846] (px4_msgs) StdoutLine: {'line': b'-- Up-to-date symlink: /home/maxim/super_ws/install/px4_msgs/include/px4_msgs/px4_msgs/msg/detail/vehicle_rates_setpoint__type_support.hpp\n'}
[2.273963] (px4_msgs) StdoutLine: {'line': b'-- Up-to-date symlink: /home/maxim/super_ws/install/px4_msgs/include/px4_msgs/px4_msgs/msg/detail/vehicle_roi__builder.hpp\n'}
[2.274106] (px4_msgs) StdoutLine: {'line': b'-- Up-to-date symlink: /home/maxim/super_ws/install/px4_msgs/include/px4_msgs/px4_msgs/msg/detail/vehicle_roi__struct.hpp\n'}
[2.274202] (px4_msgs) StdoutLine: {'line': b'-- Up-to-date symlink: /home/maxim/super_ws/install/px4_msgs/include/px4_msgs/px4_msgs/msg/detail/vehicle_roi__traits.hpp\n'}
[2.274341] (px4_msgs) StdoutLine: {'line': b'-- Up-to-date symlink: /home/maxim/super_ws/install/px4_msgs/include/px4_msgs/px4_msgs/msg/detail/vehicle_roi__type_support.hpp\n'}
[2.274440] (px4_msgs) StdoutLine: {'line': b'-- Up-to-date symlink: /home/maxim/super_ws/install/px4_msgs/include/px4_msgs/px4_msgs/msg/detail/vehicle_status__builder.hpp\n'}
[2.274573] (px4_msgs) StdoutLine: {'line': b'-- Up-to-date symlink: /home/maxim/super_ws/install/px4_msgs/include/px4_msgs/px4_msgs/msg/detail/vehicle_status__struct.hpp\n'}
[2.274655] (px4_msgs) StdoutLine: {'line': b'-- Up-to-date symlink: /home/maxim/super_ws/install/px4_msgs/include/px4_msgs/px4_msgs/msg/detail/vehicle_status__traits.hpp\n'}
[2.274731] (px4_msgs) StdoutLine: {'line': b'-- Up-to-date symlink: /home/maxim/super_ws/install/px4_msgs/include/px4_msgs/px4_msgs/msg/detail/vehicle_status__type_support.hpp\n'}
[2.274901] (px4_msgs) StdoutLine: {'line': b'-- Up-to-date symlink: /home/maxim/super_ws/install/px4_msgs/include/px4_msgs/px4_msgs/msg/detail/vehicle_thrust_setpoint__builder.hpp\n'}
[2.274993] (px4_msgs) StdoutLine: {'line': b'-- Up-to-date symlink: /home/maxim/super_ws/install/px4_msgs/include/px4_msgs/px4_msgs/msg/detail/vehicle_thrust_setpoint__struct.hpp\n'}
[2.275087] (px4_msgs) StdoutLine: {'line': b'-- Up-to-date symlink: /home/maxim/super_ws/install/px4_msgs/include/px4_msgs/px4_msgs/msg/detail/vehicle_thrust_setpoint__traits.hpp\n'}
[2.275194] (px4_msgs) StdoutLine: {'line': b'-- Up-to-date symlink: /home/maxim/super_ws/install/px4_msgs/include/px4_msgs/px4_msgs/msg/detail/vehicle_thrust_setpoint__type_support.hpp\n'}
[2.275348] (px4_msgs) StdoutLine: {'line': b'-- Up-to-date symlink: /home/maxim/super_ws/install/px4_msgs/include/px4_msgs/px4_msgs/msg/detail/vehicle_torque_setpoint__builder.hpp\n'}
[2.275491] (px4_msgs) StdoutLine: {'line': b'-- Up-to-date symlink: /home/maxim/super_ws/install/px4_msgs/include/px4_msgs/px4_msgs/msg/detail/vehicle_torque_setpoint__struct.hpp\n'}
[2.275570] (px4_msgs) StdoutLine: {'line': b'-- Up-to-date symlink: /home/maxim/super_ws/install/px4_msgs/include/px4_msgs/px4_msgs/msg/detail/vehicle_torque_setpoint__traits.hpp\n'}
[2.275652] (px4_msgs) StdoutLine: {'line': b'-- Up-to-date symlink: /home/maxim/super_ws/install/px4_msgs/include/px4_msgs/px4_msgs/msg/detail/vehicle_torque_setpoint__type_support.hpp\n'}
[2.275747] (px4_msgs) StdoutLine: {'line': b'-- Up-to-date symlink: /home/maxim/super_ws/install/px4_msgs/include/px4_msgs/px4_msgs/msg/detail/velocity_limits__builder.hpp\n'}
[2.275939] (px4_msgs) StdoutLine: {'line': b'-- Up-to-date symlink: /home/maxim/super_ws/install/px4_msgs/include/px4_msgs/px4_msgs/msg/detail/velocity_limits__struct.hpp\n'}
[2.276091] (px4_msgs) StdoutLine: {'line': b'-- Up-to-date symlink: /home/maxim/super_ws/install/px4_msgs/include/px4_msgs/px4_msgs/msg/detail/velocity_limits__traits.hpp\n'}
[2.276173] (px4_msgs) StdoutLine: {'line': b'-- Up-to-date symlink: /home/maxim/super_ws/install/px4_msgs/include/px4_msgs/px4_msgs/msg/detail/velocity_limits__type_support.hpp\n'}
[2.276253] (px4_msgs) StdoutLine: {'line': b'-- Up-to-date symlink: /home/maxim/super_ws/install/px4_msgs/include/px4_msgs/px4_msgs/msg/detail/vte_aid_source1d__builder.hpp\n'}
[2.276327] (px4_msgs) StdoutLine: {'line': b'-- Up-to-date symlink: /home/maxim/super_ws/install/px4_msgs/include/px4_msgs/px4_msgs/msg/detail/vte_aid_source1d__struct.hpp\n'}
[2.276404] (px4_msgs) StdoutLine: {'line': b'-- Up-to-date symlink: /home/maxim/super_ws/install/px4_msgs/include/px4_msgs/px4_msgs/msg/detail/vte_aid_source1d__traits.hpp\n'}
[2.276510] (px4_msgs) StdoutLine: {'line': b'-- Up-to-date symlink: /home/maxim/super_ws/install/px4_msgs/include/px4_msgs/px4_msgs/msg/detail/vte_aid_source1d__type_support.hpp\n'}
[2.276619] (px4_msgs) StdoutLine: {'line': b'-- Up-to-date symlink: /home/maxim/super_ws/install/px4_msgs/include/px4_msgs/px4_msgs/msg/detail/vte_aid_source3d__builder.hpp\n'}
[2.276724] (px4_msgs) StdoutLine: {'line': b'-- Up-to-date symlink: /home/maxim/super_ws/install/px4_msgs/include/px4_msgs/px4_msgs/msg/detail/vte_aid_source3d__struct.hpp\n'}
[2.276866] (px4_msgs) StdoutLine: {'line': b'-- Up-to-date symlink: /home/maxim/super_ws/install/px4_msgs/include/px4_msgs/px4_msgs/msg/detail/vte_aid_source3d__traits.hpp\n'}
[2.276980] (px4_msgs) StdoutLine: {'line': b'-- Up-to-date symlink: /home/maxim/super_ws/install/px4_msgs/include/px4_msgs/px4_msgs/msg/detail/vte_aid_source3d__type_support.hpp\n'}
[2.277112] (px4_msgs) StdoutLine: {'line': b'-- Up-to-date symlink: /home/maxim/super_ws/install/px4_msgs/include/px4_msgs/px4_msgs/msg/detail/vte_bias_init_status__builder.hpp\n'}
[2.277249] (px4_msgs) StdoutLine: {'line': b'-- Up-to-date symlink: /home/maxim/super_ws/install/px4_msgs/include/px4_msgs/px4_msgs/msg/detail/vte_bias_init_status__struct.hpp\n'}
[2.277362] (px4_msgs) StdoutLine: {'line': b'-- Up-to-date symlink: /home/maxim/super_ws/install/px4_msgs/include/px4_msgs/px4_msgs/msg/detail/vte_bias_init_status__traits.hpp\n'}
[2.277473] (px4_msgs) StdoutLine: {'line': b'-- Up-to-date symlink: /home/maxim/super_ws/install/px4_msgs/include/px4_msgs/px4_msgs/msg/detail/vte_bias_init_status__type_support.hpp\n'}
[2.277556] (px4_msgs) StdoutLine: {'line': b'-- Up-to-date symlink: /home/maxim/super_ws/install/px4_msgs/include/px4_msgs/px4_msgs/msg/detail/vte_input__builder.hpp\n'}
[2.277640] (px4_msgs) StdoutLine: {'line': b'-- Up-to-date symlink: /home/maxim/super_ws/install/px4_msgs/include/px4_msgs/px4_msgs/msg/detail/vte_input__struct.hpp\n'}
[2.277717] (px4_msgs) StdoutLine: {'line': b'-- Up-to-date symlink: /home/maxim/super_ws/install/px4_msgs/include/px4_msgs/px4_msgs/msg/detail/vte_input__traits.hpp\n'}
[2.277848] (px4_msgs) StdoutLine: {'line': b'-- Up-to-date symlink: /home/maxim/super_ws/install/px4_msgs/include/px4_msgs/px4_msgs/msg/detail/vte_input__type_support.hpp\n'}
[2.277985] (px4_msgs) StdoutLine: {'line': b'-- Up-to-date symlink: /home/maxim/super_ws/install/px4_msgs/include/px4_msgs/px4_msgs/msg/detail/vte_orientation__builder.hpp\n'}
[2.278061] (px4_msgs) StdoutLine: {'line': b'-- Up-to-date symlink: /home/maxim/super_ws/install/px4_msgs/include/px4_msgs/px4_msgs/msg/detail/vte_orientation__struct.hpp\n'}
[2.278146] (px4_msgs) StdoutLine: {'line': b'-- Up-to-date symlink: /home/maxim/super_ws/install/px4_msgs/include/px4_msgs/px4_msgs/msg/detail/vte_orientation__traits.hpp\n'}
[2.278260] (px4_msgs) StdoutLine: {'line': b'-- Up-to-date symlink: /home/maxim/super_ws/install/px4_msgs/include/px4_msgs/px4_msgs/msg/detail/vte_orientation__type_support.hpp\n'}
[2.278369] (px4_msgs) StdoutLine: {'line': b'-- Up-to-date symlink: /home/maxim/super_ws/install/px4_msgs/include/px4_msgs/px4_msgs/msg/detail/vte_position__builder.hpp\n'}
[2.278475] (px4_msgs) StdoutLine: {'line': b'-- Up-to-date symlink: /home/maxim/super_ws/install/px4_msgs/include/px4_msgs/px4_msgs/msg/detail/vte_position__struct.hpp\n'}
[2.278617] (px4_msgs) StdoutLine: {'line': b'-- Up-to-date symlink: /home/maxim/super_ws/install/px4_msgs/include/px4_msgs/px4_msgs/msg/detail/vte_position__traits.hpp\n'}
[2.278699] (px4_msgs) StdoutLine: {'line': b'-- Up-to-date symlink: /home/maxim/super_ws/install/px4_msgs/include/px4_msgs/px4_msgs/msg/detail/vte_position__type_support.hpp\n'}
[2.278798] (px4_msgs) StdoutLine: {'line': b'-- Up-to-date symlink: /home/maxim/super_ws/install/px4_msgs/include/px4_msgs/px4_msgs/msg/detail/vtol_vehicle_status__builder.hpp\n'}
[2.278904] (px4_msgs) StdoutLine: {'line': b'-- Up-to-date symlink: /home/maxim/super_ws/install/px4_msgs/include/px4_msgs/px4_msgs/msg/detail/vtol_vehicle_status__struct.hpp\n'}
[2.279011] (px4_msgs) StdoutLine: {'line': b'-- Up-to-date symlink: /home/maxim/super_ws/install/px4_msgs/include/px4_msgs/px4_msgs/msg/detail/vtol_vehicle_status__traits.hpp\n'}
[2.279119] (px4_msgs) StdoutLine: {'line': b'-- Up-to-date symlink: /home/maxim/super_ws/install/px4_msgs/include/px4_msgs/px4_msgs/msg/detail/vtol_vehicle_status__type_support.hpp\n'}
[2.279229] (px4_msgs) StdoutLine: {'line': b'-- Up-to-date symlink: /home/maxim/super_ws/install/px4_msgs/include/px4_msgs/px4_msgs/msg/detail/vtx__builder.hpp\n'}
[2.279425] (px4_msgs) StdoutLine: {'line': b'-- Up-to-date symlink: /home/maxim/super_ws/install/px4_msgs/include/px4_msgs/px4_msgs/msg/detail/vtx__struct.hpp\n'}
[2.279635] (px4_msgs) StdoutLine: {'line': b'-- Up-to-date symlink: /home/maxim/super_ws/install/px4_msgs/include/px4_msgs/px4_msgs/msg/detail/vtx__traits.hpp\n'}
[2.279872] (px4_msgs) StdoutLine: {'line': b'-- Up-to-date symlink: /home/maxim/super_ws/install/px4_msgs/include/px4_msgs/px4_msgs/msg/detail/vtx__type_support.hpp\n'}
[2.280058] (px4_msgs) StdoutLine: {'line': b'-- Up-to-date symlink: /home/maxim/super_ws/install/px4_msgs/include/px4_msgs/px4_msgs/msg/detail/wheel_encoders__builder.hpp\n'}
[2.280167] (px4_msgs) StdoutLine: {'line': b'-- Up-to-date symlink: /home/maxim/super_ws/install/px4_msgs/include/px4_msgs/px4_msgs/msg/detail/wheel_encoders__struct.hpp\n'}
[2.280301] (px4_msgs) StdoutLine: {'line': b'-- Up-to-date symlink: /home/maxim/super_ws/install/px4_msgs/include/px4_msgs/px4_msgs/msg/detail/wheel_encoders__traits.hpp\n'}
[2.280446] (px4_msgs) StdoutLine: {'line': b'-- Up-to-date symlink: /home/maxim/super_ws/install/px4_msgs/include/px4_msgs/px4_msgs/msg/detail/wheel_encoders__type_support.hpp\n'}
[2.280608] (px4_msgs) StdoutLine: {'line': b'-- Up-to-date symlink: /home/maxim/super_ws/install/px4_msgs/include/px4_msgs/px4_msgs/msg/detail/wind__builder.hpp\n'}
[2.280751] (px4_msgs) StdoutLine: {'line': b'-- Up-to-date symlink: /home/maxim/super_ws/install/px4_msgs/include/px4_msgs/px4_msgs/msg/detail/wind__struct.hpp\n'}
[2.280888] (px4_msgs) StdoutLine: {'line': b'-- Up-to-date symlink: /home/maxim/super_ws/install/px4_msgs/include/px4_msgs/px4_msgs/msg/detail/wind__traits.hpp\n'}
[2.281015] (px4_msgs) StdoutLine: {'line': b'-- Up-to-date symlink: /home/maxim/super_ws/install/px4_msgs/include/px4_msgs/px4_msgs/msg/detail/wind__type_support.hpp\n'}
[2.281188] (px4_msgs) StdoutLine: {'line': b'-- Up-to-date symlink: /home/maxim/super_ws/install/px4_msgs/include/px4_msgs/px4_msgs/msg/detail/yaw_estimator_status__builder.hpp\n'}
[2.281307] (px4_msgs) StdoutLine: {'line': b'-- Up-to-date symlink: /home/maxim/super_ws/install/px4_msgs/include/px4_msgs/px4_msgs/msg/detail/yaw_estimator_status__struct.hpp\n'}
[2.281452] (px4_msgs) StdoutLine: {'line': b'-- Up-to-date symlink: /home/maxim/super_ws/install/px4_msgs/include/px4_msgs/px4_msgs/msg/detail/yaw_estimator_status__traits.hpp\n'}
[2.281597] (px4_msgs) StdoutLine: {'line': b'-- Up-to-date symlink: /home/maxim/super_ws/install/px4_msgs/include/px4_msgs/px4_msgs/msg/detail/yaw_estimator_status__type_support.hpp\n'}
[2.281744] (px4_msgs) StdoutLine: {'line': b'-- Up-to-date symlink: /home/maxim/super_ws/install/px4_msgs/include/px4_msgs/px4_msgs/msg/device_information.hpp\n'}
[2.281943] (px4_msgs) StdoutLine: {'line': b'-- Up-to-date symlink: /home/maxim/super_ws/install/px4_msgs/include/px4_msgs/px4_msgs/msg/differential_pressure.hpp\n'}
[2.282117] (px4_msgs) StdoutLine: {'line': b'-- Up-to-date symlink: /home/maxim/super_ws/install/px4_msgs/include/px4_msgs/px4_msgs/msg/distance_sensor.hpp\n'}
[2.282315] (px4_msgs) StdoutLine: {'line': b'-- Up-to-date symlink: /home/maxim/super_ws/install/px4_msgs/include/px4_msgs/px4_msgs/msg/distance_sensor_mode_change_request.hpp\n'}
[2.282479] (px4_msgs) StdoutLine: {'line': b'-- Up-to-date symlink: /home/maxim/super_ws/install/px4_msgs/include/px4_msgs/px4_msgs/msg/dronecan_node_status.hpp\n'}
[2.282958] (px4_msgs) StdoutLine: {'line': b'-- Up-to-date symlink: /home/maxim/super_ws/install/px4_msgs/include/px4_msgs/px4_msgs/msg/ekf2_timestamps.hpp\n'}
[2.283076] (px4_msgs) StdoutLine: {'line': b'-- Up-to-date symlink: /home/maxim/super_ws/install/px4_msgs/include/px4_msgs/px4_msgs/msg/esc_eeprom_read.hpp\n'}
[2.283138] (px4_msgs) StdoutLine: {'line': b'-- Up-to-date symlink: /home/maxim/super_ws/install/px4_msgs/include/px4_msgs/px4_msgs/msg/esc_eeprom_write.hpp\n'}
[2.283215] (px4_msgs) StdoutLine: {'line': b'-- Up-to-date symlink: /home/maxim/super_ws/install/px4_msgs/include/px4_msgs/px4_msgs/msg/esc_report.hpp\n'}
[2.283354] (px4_msgs) StdoutLine: {'line': b'-- Up-to-date symlink: /home/maxim/super_ws/install/px4_msgs/include/px4_msgs/px4_msgs/msg/esc_status.hpp\n'}
[2.283512] (px4_msgs) StdoutLine: {'line': b'-- Up-to-date symlink: /home/maxim/super_ws/install/px4_msgs/include/px4_msgs/px4_msgs/msg/estimator_aid_source1d.hpp\n'}
[2.283694] (px4_msgs) StdoutLine: {'line': b'-- Up-to-date symlink: /home/maxim/super_ws/install/px4_msgs/include/px4_msgs/px4_msgs/msg/estimator_aid_source2d.hpp\n'}
[2.283962] (px4_msgs) StdoutLine: {'line': b'-- Up-to-date symlink: /home/maxim/super_ws/install/px4_msgs/include/px4_msgs/px4_msgs/msg/estimator_aid_source3d.hpp\n'}
[2.284121] (px4_msgs) StdoutLine: {'line': b'-- Up-to-date symlink: /home/maxim/super_ws/install/px4_msgs/include/px4_msgs/px4_msgs/msg/estimator_bias.hpp\n'}
[2.284270] (px4_msgs) StdoutLine: {'line': b'-- Up-to-date symlink: /home/maxim/super_ws/install/px4_msgs/include/px4_msgs/px4_msgs/msg/estimator_bias3d.hpp\n'}
[2.284432] (px4_msgs) StdoutLine: {'line': b'-- Up-to-date symlink: /home/maxim/super_ws/install/px4_msgs/include/px4_msgs/px4_msgs/msg/estimator_event_flags.hpp\n'}
[2.284585] (px4_msgs) StdoutLine: {'line': b'-- Up-to-date symlink: /home/maxim/super_ws/install/px4_msgs/include/px4_msgs/px4_msgs/msg/estimator_fusion_control.hpp\n'}
[2.284728] (px4_msgs) StdoutLine: {'line': b'-- Up-to-date symlink: /home/maxim/super_ws/install/px4_msgs/include/px4_msgs/px4_msgs/msg/estimator_gps_status.hpp\n'}
[2.284933] (px4_msgs) StdoutLine: {'line': b'-- Up-to-date symlink: /home/maxim/super_ws/install/px4_msgs/include/px4_msgs/px4_msgs/msg/estimator_innovations.hpp\n'}
[2.285089] (px4_msgs) StdoutLine: {'line': b'-- Up-to-date symlink: /home/maxim/super_ws/install/px4_msgs/include/px4_msgs/px4_msgs/msg/estimator_selector_status.hpp\n'}
[2.285258] (px4_msgs) StdoutLine: {'line': b'-- Up-to-date symlink: /home/maxim/super_ws/install/px4_msgs/include/px4_msgs/px4_msgs/msg/estimator_sensor_bias.hpp\n'}
[2.285411] (px4_msgs) StdoutLine: {'line': b'-- Up-to-date symlink: /home/maxim/super_ws/install/px4_msgs/include/px4_msgs/px4_msgs/msg/estimator_states.hpp\n'}
[2.285565] (px4_msgs) StdoutLine: {'line': b'-- Up-to-date symlink: /home/maxim/super_ws/install/px4_msgs/include/px4_msgs/px4_msgs/msg/estimator_status.hpp\n'}
[2.285673] (px4_msgs) StdoutLine: {'line': b'-- Up-to-date symlink: /home/maxim/super_ws/install/px4_msgs/include/px4_msgs/px4_msgs/msg/estimator_status_flags.hpp\n'}
[2.285823] (px4_msgs) StdoutLine: {'line': b'-- Up-to-date symlink: /home/maxim/super_ws/install/px4_msgs/include/px4_msgs/px4_msgs/msg/event.hpp\n'}
[2.285982] (px4_msgs) StdoutLine: {'line': b'-- Up-to-date symlink: /home/maxim/super_ws/install/px4_msgs/include/px4_msgs/px4_msgs/msg/failsafe_flags.hpp\n'}
[2.286187] (px4_msgs) StdoutLine: {'line': b'-- Up-to-date symlink: /home/maxim/super_ws/install/px4_msgs/include/px4_msgs/px4_msgs/msg/failure_detector_status.hpp\n'}
[2.286343] (px4_msgs) StdoutLine: {'line': b'-- Up-to-date symlink: /home/maxim/super_ws/install/px4_msgs/include/px4_msgs/px4_msgs/msg/fiducial_marker_pos_report.hpp\n'}
[2.286529] (px4_msgs) StdoutLine: {'line': b'-- Up-to-date symlink: /home/maxim/super_ws/install/px4_msgs/include/px4_msgs/px4_msgs/msg/fiducial_marker_yaw_report.hpp\n'}
[2.286646] (px4_msgs) StdoutLine: {'line': b'-- Up-to-date symlink: /home/maxim/super_ws/install/px4_msgs/include/px4_msgs/px4_msgs/msg/figure_eight_status.hpp\n'}
[2.286801] (px4_msgs) StdoutLine: {'line': b'-- Up-to-date symlink: /home/maxim/super_ws/install/px4_msgs/include/px4_msgs/px4_msgs/msg/fixed_wing_lateral_guidance_status.hpp\n'}
[2.286956] (px4_msgs) StdoutLine: {'line': b'-- Up-to-date symlink: /home/maxim/super_ws/install/px4_msgs/include/px4_msgs/px4_msgs/msg/fixed_wing_lateral_setpoint.hpp\n'}
[2.287172] (px4_msgs) StdoutLine: {'line': b'-- Up-to-date symlink: /home/maxim/super_ws/install/px4_msgs/include/px4_msgs/px4_msgs/msg/fixed_wing_lateral_status.hpp\n'}
[2.287346] (px4_msgs) StdoutLine: {'line': b'-- Up-to-date symlink: /home/maxim/super_ws/install/px4_msgs/include/px4_msgs/px4_msgs/msg/fixed_wing_longitudinal_setpoint.hpp\n'}
[2.287538] (px4_msgs) StdoutLine: {'line': b'-- Up-to-date symlink: /home/maxim/super_ws/install/px4_msgs/include/px4_msgs/px4_msgs/msg/fixed_wing_runway_control.hpp\n'}
[2.287713] (px4_msgs) StdoutLine: {'line': b'-- Up-to-date symlink: /home/maxim/super_ws/install/px4_msgs/include/px4_msgs/px4_msgs/msg/flight_phase_estimation.hpp\n'}
[2.287795] (px4_msgs) StdoutLine: {'line': b'-- Up-to-date symlink: /home/maxim/super_ws/install/px4_msgs/include/px4_msgs/px4_msgs/msg/follow_target.hpp\n'}
[2.287852] (px4_msgs) StdoutLine: {'line': b'-- Up-to-date symlink: /home/maxim/super_ws/install/px4_msgs/include/px4_msgs/px4_msgs/msg/follow_target_estimator.hpp\n'}
[2.287924] (px4_msgs) StdoutLine: {'line': b'-- Up-to-date symlink: /home/maxim/super_ws/install/px4_msgs/include/px4_msgs/px4_msgs/msg/follow_target_status.hpp\n'}
[2.288008] (px4_msgs) StdoutLine: {'line': b'-- Up-to-date symlink: /home/maxim/super_ws/install/px4_msgs/include/px4_msgs/px4_msgs/msg/fuel_tank_status.hpp\n'}
[2.288189] (px4_msgs) StdoutLine: {'line': b'-- Up-to-date symlink: /home/maxim/super_ws/install/px4_msgs/include/px4_msgs/px4_msgs/msg/gain_compression.hpp\n'}
[2.288328] (px4_msgs) StdoutLine: {'line': b'-- Up-to-date symlink: /home/maxim/super_ws/install/px4_msgs/include/px4_msgs/px4_msgs/msg/generator_status.hpp\n'}
[2.288504] (px4_msgs) StdoutLine: {'line': b'-- Up-to-date symlink: /home/maxim/super_ws/install/px4_msgs/include/px4_msgs/px4_msgs/msg/geofence_result.hpp\n'}
[2.288670] (px4_msgs) StdoutLine: {'line': b'-- Up-to-date symlink: /home/maxim/super_ws/install/px4_msgs/include/px4_msgs/px4_msgs/msg/geofence_status.hpp\n'}
[2.288840] (px4_msgs) StdoutLine: {'line': b'-- Up-to-date symlink: /home/maxim/super_ws/install/px4_msgs/include/px4_msgs/px4_msgs/msg/gimbal_controls.hpp\n'}
[2.289051] (px4_msgs) StdoutLine: {'line': b'-- Up-to-date symlink: /home/maxim/super_ws/install/px4_msgs/include/px4_msgs/px4_msgs/msg/gimbal_device_attitude_status.hpp\n'}
[2.289236] (px4_msgs) StdoutLine: {'line': b'-- Up-to-date symlink: /home/maxim/super_ws/install/px4_msgs/include/px4_msgs/px4_msgs/msg/gimbal_device_information.hpp\n'}
[2.289343] (px4_msgs) StdoutLine: {'line': b'-- Up-to-date symlink: /home/maxim/super_ws/install/px4_msgs/include/px4_msgs/px4_msgs/msg/gimbal_device_set_attitude.hpp\n'}
[2.289505] (px4_msgs) StdoutLine: {'line': b'-- Up-to-date symlink: /home/maxim/super_ws/install/px4_msgs/include/px4_msgs/px4_msgs/msg/gimbal_manager_information.hpp\n'}
[2.289667] (px4_msgs) StdoutLine: {'line': b'-- Up-to-date symlink: /home/maxim/super_ws/install/px4_msgs/include/px4_msgs/px4_msgs/msg/gimbal_manager_set_attitude.hpp\n'}
[2.289854] (px4_msgs) StdoutLine: {'line': b'-- Up-to-date symlink: /home/maxim/super_ws/install/px4_msgs/include/px4_msgs/px4_msgs/msg/gimbal_manager_set_manual_control.hpp\n'}
[2.290125] (px4_msgs) StdoutLine: {'line': b'-- Up-to-date symlink: /home/maxim/super_ws/install/px4_msgs/include/px4_msgs/px4_msgs/msg/gimbal_manager_status.hpp\n'}
[2.290301] (px4_msgs) StdoutLine: {'line': b'-- Up-to-date symlink: /home/maxim/super_ws/install/px4_msgs/include/px4_msgs/px4_msgs/msg/goto_setpoint.hpp\n'}
[2.290439] (px4_msgs) StdoutLine: {'line': b'-- Up-to-date symlink: /home/maxim/super_ws/install/px4_msgs/include/px4_msgs/px4_msgs/msg/gpio_config.hpp\n'}
[2.290677] (px4_msgs) StdoutLine: {'line': b'-- Up-to-date symlink: /home/maxim/super_ws/install/px4_msgs/include/px4_msgs/px4_msgs/msg/gpio_in.hpp\n'}
[2.290844] (px4_msgs) StdoutLine: {'line': b'-- Up-to-date symlink: /home/maxim/super_ws/install/px4_msgs/include/px4_msgs/px4_msgs/msg/gpio_out.hpp\n'}
[2.291076] (px4_msgs) StdoutLine: {'line': b'-- Up-to-date symlink: /home/maxim/super_ws/install/px4_msgs/include/px4_msgs/px4_msgs/msg/gpio_request.hpp\n'}
[2.291205] (px4_msgs) StdoutLine: {'line': b'-- Up-to-date symlink: /home/maxim/super_ws/install/px4_msgs/include/px4_msgs/px4_msgs/msg/gps_dump.hpp\n'}
[2.291360] (px4_msgs) StdoutLine: {'line': b'-- Up-to-date symlink: /home/maxim/super_ws/install/px4_msgs/include/px4_msgs/px4_msgs/msg/gps_inject_data.hpp\n'}
[2.291518] (px4_msgs) StdoutLine: {'line': b'-- Up-to-date symlink: /home/maxim/super_ws/install/px4_msgs/include/px4_msgs/px4_msgs/msg/gripper.hpp\n'}
[2.291715] (px4_msgs) StdoutLine: {'line': b'-- Up-to-date symlink: /home/maxim/super_ws/install/px4_msgs/include/px4_msgs/px4_msgs/msg/health_report.hpp\n'}
[2.291830] (px4_msgs) StdoutLine: {'line': b'-- Up-to-date symlink: /home/maxim/super_ws/install/px4_msgs/include/px4_msgs/px4_msgs/msg/heater_status.hpp\n'}
[2.292006] (px4_msgs) StdoutLine: {'line': b'-- Up-to-date symlink: /home/maxim/super_ws/install/px4_msgs/include/px4_msgs/px4_msgs/msg/home_position.hpp\n'}
[2.292199] (px4_msgs) StdoutLine: {'line': b'-- Up-to-date symlink: /home/maxim/super_ws/install/px4_msgs/include/px4_msgs/px4_msgs/msg/hover_thrust_estimate.hpp\n'}
[2.292404] (px4_msgs) StdoutLine: {'line': b'-- Up-to-date symlink: /home/maxim/super_ws/install/px4_msgs/include/px4_msgs/px4_msgs/msg/input_rc.hpp\n'}
[2.292663] (px4_msgs) StdoutLine: {'line': b'-- Up-to-date symlink: /home/maxim/super_ws/install/px4_msgs/include/px4_msgs/px4_msgs/msg/internal_combustion_engine_control.hpp\n'}
[2.292904] (px4_msgs) StdoutLine: {'line': b'-- Up-to-date symlink: /home/maxim/super_ws/install/px4_msgs/include/px4_msgs/px4_msgs/msg/internal_combustion_engine_status.hpp\n'}
[2.293008] (px4_msgs) StdoutLine: {'line': b'-- Up-to-date symlink: /home/maxim/super_ws/install/px4_msgs/include/px4_msgs/px4_msgs/msg/iridiumsbd_status.hpp\n'}
[2.293162] (px4_msgs) StdoutLine: {'line': b'-- Up-to-date symlink: /home/maxim/super_ws/install/px4_msgs/include/px4_msgs/px4_msgs/msg/irlock_report.hpp\n'}
[2.293359] (px4_msgs) StdoutLine: {'line': b'-- Up-to-date symlink: /home/maxim/super_ws/install/px4_msgs/include/px4_msgs/px4_msgs/msg/landing_gear.hpp\n'}
[2.293525] (px4_msgs) StdoutLine: {'line': b'-- Up-to-date symlink: /home/maxim/super_ws/install/px4_msgs/include/px4_msgs/px4_msgs/msg/landing_gear_wheel.hpp\n'}
[2.293649] (px4_msgs) StdoutLine: {'line': b'-- Up-to-date symlink: /home/maxim/super_ws/install/px4_msgs/include/px4_msgs/px4_msgs/msg/landing_target_innovations.hpp\n'}
[2.293855] (px4_msgs) StdoutLine: {'line': b'-- Up-to-date symlink: /home/maxim/super_ws/install/px4_msgs/include/px4_msgs/px4_msgs/msg/landing_target_pose.hpp\n'}
[2.293998] (px4_msgs) StdoutLine: {'line': b'-- Up-to-date symlink: /home/maxim/super_ws/install/px4_msgs/include/px4_msgs/px4_msgs/msg/lateral_control_configuration.hpp\n'}
[2.294163] (px4_msgs) StdoutLine: {'line': b'-- Up-to-date symlink: /home/maxim/super_ws/install/px4_msgs/include/px4_msgs/px4_msgs/msg/launch_detection_status.hpp\n'}
[2.294314] (px4_msgs) StdoutLine: {'line': b'-- Up-to-date symlink: /home/maxim/super_ws/install/px4_msgs/include/px4_msgs/px4_msgs/msg/led_control.hpp\n'}
[2.294534] (px4_msgs) StdoutLine: {'line': b'-- Up-to-date symlink: /home/maxim/super_ws/install/px4_msgs/include/px4_msgs/px4_msgs/msg/log_message.hpp\n'}
[2.294691] (px4_msgs) StdoutLine: {'line': b'-- Up-to-date symlink: /home/maxim/super_ws/install/px4_msgs/include/px4_msgs/px4_msgs/msg/logger_status.hpp\n'}
[2.294857] (px4_msgs) StdoutLine: {'line': b'-- Up-to-date symlink: /home/maxim/super_ws/install/px4_msgs/include/px4_msgs/px4_msgs/msg/longitudinal_control_configuration.hpp\n'}
[2.295016] (px4_msgs) StdoutLine: {'line': b'-- Up-to-date symlink: /home/maxim/super_ws/install/px4_msgs/include/px4_msgs/px4_msgs/msg/mag_worker_data.hpp\n'}
[2.295178] (px4_msgs) StdoutLine: {'line': b'-- Up-to-date symlink: /home/maxim/super_ws/install/px4_msgs/include/px4_msgs/px4_msgs/msg/magnetometer_bias_estimate.hpp\n'}
[2.295282] (px4_msgs) StdoutLine: {'line': b'-- Up-to-date symlink: /home/maxim/super_ws/install/px4_msgs/include/px4_msgs/px4_msgs/msg/manual_control_setpoint.hpp\n'}
[2.295465] (px4_msgs) StdoutLine: {'line': b'-- Up-to-date symlink: /home/maxim/super_ws/install/px4_msgs/include/px4_msgs/px4_msgs/msg/manual_control_switches.hpp\n'}
[2.295603] (px4_msgs) StdoutLine: {'line': b'-- Up-to-date symlink: /home/maxim/super_ws/install/px4_msgs/include/px4_msgs/px4_msgs/msg/mavlink_log.hpp\n'}
[2.295728] (px4_msgs) StdoutLine: {'line': b'-- Up-to-date symlink: /home/maxim/super_ws/install/px4_msgs/include/px4_msgs/px4_msgs/msg/mavlink_tunnel.hpp\n'}
[2.295914] (px4_msgs) StdoutLine: {'line': b'-- Up-to-date symlink: /home/maxim/super_ws/install/px4_msgs/include/px4_msgs/px4_msgs/msg/message_format_request.hpp\n'}
[2.296061] (px4_msgs) StdoutLine: {'line': b'-- Up-to-date symlink: /home/maxim/super_ws/install/px4_msgs/include/px4_msgs/px4_msgs/msg/message_format_response.hpp\n'}
[2.296145] (px4_msgs) StdoutLine: {'line': b'-- Up-to-date symlink: /home/maxim/super_ws/install/px4_msgs/include/px4_msgs/px4_msgs/msg/mission.hpp\n'}
[2.296323] (px4_msgs) StdoutLine: {'line': b'-- Up-to-date symlink: /home/maxim/super_ws/install/px4_msgs/include/px4_msgs/px4_msgs/msg/mission_result.hpp\n'}
[2.296505] (px4_msgs) StdoutLine: {'line': b'-- Up-to-date symlink: /home/maxim/super_ws/install/px4_msgs/include/px4_msgs/px4_msgs/msg/mode_completed.hpp\n'}
[2.296614] (px4_msgs) StdoutLine: {'line': b'-- Up-to-date symlink: /home/maxim/super_ws/install/px4_msgs/include/px4_msgs/px4_msgs/msg/mount_orientation.hpp\n'}
[2.296740] (px4_msgs) StdoutLine: {'line': b'-- Up-to-date symlink: /home/maxim/super_ws/install/px4_msgs/include/px4_msgs/px4_msgs/msg/navigator_mission_item.hpp\n'}
[2.296976] (px4_msgs) StdoutLine: {'line': b'-- Up-to-date symlink: /home/maxim/super_ws/install/px4_msgs/include/px4_msgs/px4_msgs/msg/navigator_status.hpp\n'}
[2.297126] (px4_msgs) StdoutLine: {'line': b'-- Up-to-date symlink: /home/maxim/super_ws/install/px4_msgs/include/px4_msgs/px4_msgs/msg/neural_control.hpp\n'}
[2.297303] (px4_msgs) StdoutLine: {'line': b'-- Up-to-date symlink: /home/maxim/super_ws/install/px4_msgs/include/px4_msgs/px4_msgs/msg/normalized_unsigned_setpoint.hpp\n'}
[2.297448] (px4_msgs) StdoutLine: {'line': b'-- Up-to-date symlink: /home/maxim/super_ws/install/px4_msgs/include/px4_msgs/px4_msgs/msg/obstacle_distance.hpp\n'}
[2.297550] (px4_msgs) StdoutLine: {'line': b'-- Up-to-date symlink: /home/maxim/super_ws/install/px4_msgs/include/px4_msgs/px4_msgs/msg/offboard_control_mode.hpp\n'}
[2.297683] (px4_msgs) StdoutLine: {'line': b'-- Up-to-date symlink: /home/maxim/super_ws/install/px4_msgs/include/px4_msgs/px4_msgs/msg/onboard_computer_status.hpp\n'}
[2.297825] (px4_msgs) StdoutLine: {'line': b'-- Up-to-date symlink: /home/maxim/super_ws/install/px4_msgs/include/px4_msgs/px4_msgs/msg/open_drone_id_arm_status.hpp\n'}
[2.298042] (px4_msgs) StdoutLine: {'line': b'-- Up-to-date symlink: /home/maxim/super_ws/install/px4_msgs/include/px4_msgs/px4_msgs/msg/open_drone_id_operator_id.hpp\n'}
[2.298156] (px4_msgs) StdoutLine: {'line': b'-- Up-to-date symlink: /home/maxim/super_ws/install/px4_msgs/include/px4_msgs/px4_msgs/msg/open_drone_id_self_id.hpp\n'}
[2.298302] (px4_msgs) StdoutLine: {'line': b'-- Up-to-date symlink: /home/maxim/super_ws/install/px4_msgs/include/px4_msgs/px4_msgs/msg/open_drone_id_system.hpp\n'}
[2.298497] (px4_msgs) StdoutLine: {'line': b'-- Up-to-date symlink: /home/maxim/super_ws/install/px4_msgs/include/px4_msgs/px4_msgs/msg/orb_test.hpp\n'}
[2.298651] (px4_msgs) StdoutLine: {'line': b'-- Up-to-date symlink: /home/maxim/super_ws/install/px4_msgs/include/px4_msgs/px4_msgs/msg/orb_test_large.hpp\n'}
[2.298882] (px4_msgs) StdoutLine: {'line': b'-- Up-to-date symlink: /home/maxim/super_ws/install/px4_msgs/include/px4_msgs/px4_msgs/msg/orb_test_medium.hpp\n'}
[2.299043] (px4_msgs) StdoutLine: {'line': b'-- Up-to-date symlink: /home/maxim/super_ws/install/px4_msgs/include/px4_msgs/px4_msgs/msg/orbit_status.hpp\n'}
[2.299208] (px4_msgs) StdoutLine: {'line': b'-- Up-to-date symlink: /home/maxim/super_ws/install/px4_msgs/include/px4_msgs/px4_msgs/msg/parameter_reset_request.hpp\n'}
[2.299333] (px4_msgs) StdoutLine: {'line': b'-- Up-to-date symlink: /home/maxim/super_ws/install/px4_msgs/include/px4_msgs/px4_msgs/msg/parameter_set_used_request.hpp\n'}
[2.299462] (px4_msgs) StdoutLine: {'line': b'-- Up-to-date symlink: /home/maxim/super_ws/install/px4_msgs/include/px4_msgs/px4_msgs/msg/parameter_set_value_request.hpp\n'}
[2.299580] (px4_msgs) StdoutLine: {'line': b'-- Up-to-date symlink: /home/maxim/super_ws/install/px4_msgs/include/px4_msgs/px4_msgs/msg/parameter_set_value_response.hpp\n'}
[2.299727] (px4_msgs) StdoutLine: {'line': b'-- Up-to-date symlink: /home/maxim/super_ws/install/px4_msgs/include/px4_msgs/px4_msgs/msg/parameter_update.hpp\n'}
[2.299940] (px4_msgs) StdoutLine: {'line': b'-- Up-to-date symlink: /home/maxim/super_ws/install/px4_msgs/include/px4_msgs/px4_msgs/msg/ping.hpp\n'}
[2.300020] (px4_msgs) StdoutLine: {'line': b'-- Up-to-date symlink: /home/maxim/super_ws/install/px4_msgs/include/px4_msgs/px4_msgs/msg/position_controller_landing_status.hpp\n'}
[2.300191] (px4_msgs) StdoutLine: {'line': b'-- Up-to-date symlink: /home/maxim/super_ws/install/px4_msgs/include/px4_msgs/px4_msgs/msg/position_controller_status.hpp\n'}
[2.300375] (px4_msgs) StdoutLine: {'line': b'-- Up-to-date symlink: /home/maxim/super_ws/install/px4_msgs/include/px4_msgs/px4_msgs/msg/position_setpoint.hpp\n'}
[2.300490] (px4_msgs) StdoutLine: {'line': b'-- Up-to-date symlink: /home/maxim/super_ws/install/px4_msgs/include/px4_msgs/px4_msgs/msg/position_setpoint_triplet.hpp\n'}
[2.300692] (px4_msgs) StdoutLine: {'line': b'-- Up-to-date symlink: /home/maxim/super_ws/install/px4_msgs/include/px4_msgs/px4_msgs/msg/power_button_state.hpp\n'}
[2.300841] (px4_msgs) StdoutLine: {'line': b'-- Up-to-date symlink: /home/maxim/super_ws/install/px4_msgs/include/px4_msgs/px4_msgs/msg/power_monitor.hpp\n'}
[2.300962] (px4_msgs) StdoutLine: {'line': b'-- Up-to-date symlink: /home/maxim/super_ws/install/px4_msgs/include/px4_msgs/px4_msgs/msg/pps_capture.hpp\n'}
[2.301151] (px4_msgs) StdoutLine: {'line': b'-- Up-to-date symlink: /home/maxim/super_ws/install/px4_msgs/include/px4_msgs/px4_msgs/msg/prec_land_status.hpp\n'}
[2.301335] (px4_msgs) StdoutLine: {'line': b'-- Up-to-date symlink: /home/maxim/super_ws/install/px4_msgs/include/px4_msgs/px4_msgs/msg/pure_pursuit_status.hpp\n'}
[2.301521] (px4_msgs) StdoutLine: {'line': b'-- Up-to-date symlink: /home/maxim/super_ws/install/px4_msgs/include/px4_msgs/px4_msgs/msg/pwm_input.hpp\n'}
[2.301705] (px4_msgs) StdoutLine: {'line': b'-- Up-to-date symlink: /home/maxim/super_ws/install/px4_msgs/include/px4_msgs/px4_msgs/msg/px4io_status.hpp\n'}
[2.301852] (px4_msgs) StdoutLine: {'line': b'-- Up-to-date symlink: /home/maxim/super_ws/install/px4_msgs/include/px4_msgs/px4_msgs/msg/qshell_req.hpp\n'}
[2.302056] (px4_msgs) StdoutLine: {'line': b'-- Up-to-date symlink: /home/maxim/super_ws/install/px4_msgs/include/px4_msgs/px4_msgs/msg/qshell_retval.hpp\n'}
[2.302203] (px4_msgs) StdoutLine: {'line': b'-- Up-to-date symlink: /home/maxim/super_ws/install/px4_msgs/include/px4_msgs/px4_msgs/msg/radio_status.hpp\n'}
[2.302353] (px4_msgs) StdoutLine: {'line': b'-- Up-to-date symlink: /home/maxim/super_ws/install/px4_msgs/include/px4_msgs/px4_msgs/msg/ranging_beacon.hpp\n'}
[2.302529] (px4_msgs) StdoutLine: {'line': b'-- Up-to-date symlink: /home/maxim/super_ws/install/px4_msgs/include/px4_msgs/px4_msgs/msg/raptor_input.hpp\n'}
[2.302616] (px4_msgs) StdoutLine: {'line': b'-- Up-to-date symlink: /home/maxim/super_ws/install/px4_msgs/include/px4_msgs/px4_msgs/msg/raptor_status.hpp\n'}
[2.302832] (px4_msgs) StdoutLine: {'line': b'-- Up-to-date symlink: /home/maxim/super_ws/install/px4_msgs/include/px4_msgs/px4_msgs/msg/rate_ctrl_status.hpp\n'}
[2.302978] (px4_msgs) StdoutLine: {'line': b'-- Up-to-date symlink: /home/maxim/super_ws/install/px4_msgs/include/px4_msgs/px4_msgs/msg/rc_channels.hpp\n'}
[2.303110] (px4_msgs) StdoutLine: {'line': b'-- Up-to-date symlink: /home/maxim/super_ws/install/px4_msgs/include/px4_msgs/px4_msgs/msg/rc_parameter_map.hpp\n'}
[2.303255] (px4_msgs) StdoutLine: {'line': b'-- Up-to-date symlink: /home/maxim/super_ws/install/px4_msgs/include/px4_msgs/px4_msgs/msg/register_ext_component_reply.hpp\n'}
[2.303419] (px4_msgs) StdoutLine: {'line': b'-- Up-to-date symlink: /home/maxim/super_ws/install/px4_msgs/include/px4_msgs/px4_msgs/msg/register_ext_component_request.hpp\n'}
[2.303555] (-) TimerEvent: {}
[2.303622] (px4_msgs) StdoutLine: {'line': b'-- Up-to-date symlink: /home/maxim/super_ws/install/px4_msgs/include/px4_msgs/px4_msgs/msg/rosidl_generator_cpp__visibility_control.hpp\n'}
[2.304018] (px4_msgs) StdoutLine: {'line': b'-- Up-to-date symlink: /home/maxim/super_ws/install/px4_msgs/include/px4_msgs/px4_msgs/msg/rover_attitude_setpoint.hpp\n'}
[2.304123] (px4_msgs) StdoutLine: {'line': b'-- Up-to-date symlink: /home/maxim/super_ws/install/px4_msgs/include/px4_msgs/px4_msgs/msg/rover_attitude_status.hpp\n'}
[2.304211] (px4_msgs) StdoutLine: {'line': b'-- Up-to-date symlink: /home/maxim/super_ws/install/px4_msgs/include/px4_msgs/px4_msgs/msg/rover_position_setpoint.hpp\n'}
[2.304288] (px4_msgs) StdoutLine: {'line': b'-- Up-to-date symlink: /home/maxim/super_ws/install/px4_msgs/include/px4_msgs/px4_msgs/msg/rover_rate_setpoint.hpp\n'}
[2.304411] (px4_msgs) StdoutLine: {'line': b'-- Up-to-date symlink: /home/maxim/super_ws/install/px4_msgs/include/px4_msgs/px4_msgs/msg/rover_rate_status.hpp\n'}
[2.304568] (px4_msgs) StdoutLine: {'line': b'-- Up-to-date symlink: /home/maxim/super_ws/install/px4_msgs/include/px4_msgs/px4_msgs/msg/rover_speed_setpoint.hpp\n'}
[2.304714] (px4_msgs) StdoutLine: {'line': b'-- Up-to-date symlink: /home/maxim/super_ws/install/px4_msgs/include/px4_msgs/px4_msgs/msg/rover_speed_status.hpp\n'}
[2.304876] (px4_msgs) StdoutLine: {'line': b'-- Up-to-date symlink: /home/maxim/super_ws/install/px4_msgs/include/px4_msgs/px4_msgs/msg/rover_steering_setpoint.hpp\n'}
[2.305056] (px4_msgs) StdoutLine: {'line': b'-- Up-to-date symlink: /home/maxim/super_ws/install/px4_msgs/include/px4_msgs/px4_msgs/msg/rover_throttle_setpoint.hpp\n'}
[2.305200] (px4_msgs) StdoutLine: {'line': b'-- Up-to-date symlink: /home/maxim/super_ws/install/px4_msgs/include/px4_msgs/px4_msgs/msg/rpm.hpp\n'}
[2.305313] (px4_msgs) StdoutLine: {'line': b'-- Up-to-date symlink: /home/maxim/super_ws/install/px4_msgs/include/px4_msgs/px4_msgs/msg/rtl_status.hpp\n'}
[2.305403] (px4_msgs) StdoutLine: {'line': b'-- Up-to-date symlink: /home/maxim/super_ws/install/px4_msgs/include/px4_msgs/px4_msgs/msg/rtl_time_estimate.hpp\n'}
[2.305548] (px4_msgs) StdoutLine: {'line': b'-- Up-to-date symlink: /home/maxim/super_ws/install/px4_msgs/include/px4_msgs/px4_msgs/msg/satellite_info.hpp\n'}
[2.305660] (px4_msgs) StdoutLine: {'line': b'-- Up-to-date symlink: /home/maxim/super_ws/install/px4_msgs/include/px4_msgs/px4_msgs/msg/sensor_accel.hpp\n'}
[2.305756] (px4_msgs) StdoutLine: {'line': b'-- Up-to-date symlink: /home/maxim/super_ws/install/px4_msgs/include/px4_msgs/px4_msgs/msg/sensor_accel_fifo.hpp\n'}
[2.305841] (px4_msgs) StdoutLine: {'line': b'-- Up-to-date symlink: /home/maxim/super_ws/install/px4_msgs/include/px4_msgs/px4_msgs/msg/sensor_airflow.hpp\n'}
[2.305992] (px4_msgs) StdoutLine: {'line': b'-- Up-to-date symlink: /home/maxim/super_ws/install/px4_msgs/include/px4_msgs/px4_msgs/msg/sensor_baro.hpp\n'}
[2.306131] (px4_msgs) StdoutLine: {'line': b'-- Up-to-date symlink: /home/maxim/super_ws/install/px4_msgs/include/px4_msgs/px4_msgs/msg/sensor_combined.hpp\n'}
[2.306372] (px4_msgs) StdoutLine: {'line': b'-- Up-to-date symlink: /home/maxim/super_ws/install/px4_msgs/include/px4_msgs/px4_msgs/msg/sensor_correction.hpp\n'}
[2.306539] (px4_msgs) StdoutLine: {'line': b'-- Up-to-date symlink: /home/maxim/super_ws/install/px4_msgs/include/px4_msgs/px4_msgs/msg/sensor_gnss_relative.hpp\n'}
[2.306647] (px4_msgs) StdoutLine: {'line': b'-- Up-to-date symlink: /home/maxim/super_ws/install/px4_msgs/include/px4_msgs/px4_msgs/msg/sensor_gnss_status.hpp\n'}
[2.306849] (px4_msgs) StdoutLine: {'line': b'-- Up-to-date symlink: /home/maxim/super_ws/install/px4_msgs/include/px4_msgs/px4_msgs/msg/sensor_gps.hpp\n'}
[2.306993] (px4_msgs) StdoutLine: {'line': b'-- Up-to-date symlink: /home/maxim/super_ws/install/px4_msgs/include/px4_msgs/px4_msgs/msg/sensor_gyro.hpp\n'}
[2.307151] (px4_msgs) StdoutLine: {'line': b'-- Up-to-date symlink: /home/maxim/super_ws/install/px4_msgs/include/px4_msgs/px4_msgs/msg/sensor_gyro_fft.hpp\n'}
[2.307299] (px4_msgs) StdoutLine: {'line': b'-- Up-to-date symlink: /home/maxim/super_ws/install/px4_msgs/include/px4_msgs/px4_msgs/msg/sensor_gyro_fifo.hpp\n'}
[2.307416] (px4_msgs) StdoutLine: {'line': b'-- Up-to-date symlink: /home/maxim/super_ws/install/px4_msgs/include/px4_msgs/px4_msgs/msg/sensor_hygrometer.hpp\n'}
[2.307565] (px4_msgs) StdoutLine: {'line': b'-- Up-to-date symlink: /home/maxim/super_ws/install/px4_msgs/include/px4_msgs/px4_msgs/msg/sensor_mag.hpp\n'}
[2.307690] (px4_msgs) StdoutLine: {'line': b'-- Up-to-date symlink: /home/maxim/super_ws/install/px4_msgs/include/px4_msgs/px4_msgs/msg/sensor_optical_flow.hpp\n'}
[2.307905] (px4_msgs) StdoutLine: {'line': b'-- Up-to-date symlink: /home/maxim/super_ws/install/px4_msgs/include/px4_msgs/px4_msgs/msg/sensor_preflight_mag.hpp\n'}
[2.308052] (px4_msgs) StdoutLine: {'line': b'-- Up-to-date symlink: /home/maxim/super_ws/install/px4_msgs/include/px4_msgs/px4_msgs/msg/sensor_selection.hpp\n'}
[2.308183] (px4_msgs) StdoutLine: {'line': b'-- Up-to-date symlink: /home/maxim/super_ws/install/px4_msgs/include/px4_msgs/px4_msgs/msg/sensor_temp.hpp\n'}
[2.308305] (px4_msgs) StdoutLine: {'line': b'-- Up-to-date symlink: /home/maxim/super_ws/install/px4_msgs/include/px4_msgs/px4_msgs/msg/sensor_uwb.hpp\n'}
[2.308393] (px4_msgs) StdoutLine: {'line': b'-- Up-to-date symlink: /home/maxim/super_ws/install/px4_msgs/include/px4_msgs/px4_msgs/msg/sensors_status.hpp\n'}
[2.308511] (px4_msgs) StdoutLine: {'line': b'-- Up-to-date symlink: /home/maxim/super_ws/install/px4_msgs/include/px4_msgs/px4_msgs/msg/sensors_status_imu.hpp\n'}
[2.308663] (px4_msgs) StdoutLine: {'line': b'-- Up-to-date symlink: /home/maxim/super_ws/install/px4_msgs/include/px4_msgs/px4_msgs/msg/system_power.hpp\n'}
[2.308740] (px4_msgs) StdoutLine: {'line': b'-- Up-to-date symlink: /home/maxim/super_ws/install/px4_msgs/include/px4_msgs/px4_msgs/msg/takeoff_status.hpp\n'}
[2.308893] (px4_msgs) StdoutLine: {'line': b'-- Up-to-date symlink: /home/maxim/super_ws/install/px4_msgs/include/px4_msgs/px4_msgs/msg/target_gnss.hpp\n'}
[2.308990] (px4_msgs) StdoutLine: {'line': b'-- Up-to-date symlink: /home/maxim/super_ws/install/px4_msgs/include/px4_msgs/px4_msgs/msg/task_stack_info.hpp\n'}
[2.309100] (px4_msgs) StdoutLine: {'line': b'-- Up-to-date symlink: /home/maxim/super_ws/install/px4_msgs/include/px4_msgs/px4_msgs/msg/tecs_status.hpp\n'}
[2.309206] (px4_msgs) StdoutLine: {'line': b'-- Up-to-date symlink: /home/maxim/super_ws/install/px4_msgs/include/px4_msgs/px4_msgs/msg/telemetry_status.hpp\n'}
[2.309311] (px4_msgs) StdoutLine: {'line': b'-- Up-to-date symlink: /home/maxim/super_ws/install/px4_msgs/include/px4_msgs/px4_msgs/msg/tiltrotor_extra_controls.hpp\n'}
[2.309388] (px4_msgs) StdoutLine: {'line': b'-- Up-to-date symlink: /home/maxim/super_ws/install/px4_msgs/include/px4_msgs/px4_msgs/msg/timesync_status.hpp\n'}
[2.309486] (px4_msgs) StdoutLine: {'line': b'-- Up-to-date symlink: /home/maxim/super_ws/install/px4_msgs/include/px4_msgs/px4_msgs/msg/trajectory_setpoint.hpp\n'}
[2.309593] (px4_msgs) StdoutLine: {'line': b'-- Up-to-date symlink: /home/maxim/super_ws/install/px4_msgs/include/px4_msgs/px4_msgs/msg/trajectory_setpoint6dof.hpp\n'}
[2.309699] (px4_msgs) StdoutLine: {'line': b'-- Up-to-date symlink: /home/maxim/super_ws/install/px4_msgs/include/px4_msgs/px4_msgs/msg/transponder_report.hpp\n'}
[2.309852] (px4_msgs) StdoutLine: {'line': b'-- Up-to-date symlink: /home/maxim/super_ws/install/px4_msgs/include/px4_msgs/px4_msgs/msg/tune_control.hpp\n'}
[2.309963] (px4_msgs) StdoutLine: {'line': b'-- Up-to-date symlink: /home/maxim/super_ws/install/px4_msgs/include/px4_msgs/px4_msgs/msg/uavcan_parameter_request.hpp\n'}
[2.310059] (px4_msgs) StdoutLine: {'line': b'-- Up-to-date symlink: /home/maxim/super_ws/install/px4_msgs/include/px4_msgs/px4_msgs/msg/uavcan_parameter_value.hpp\n'}
[2.310136] (px4_msgs) StdoutLine: {'line': b'-- Up-to-date symlink: /home/maxim/super_ws/install/px4_msgs/include/px4_msgs/px4_msgs/msg/ulog_stream.hpp\n'}
[2.310242] (px4_msgs) StdoutLine: {'line': b'-- Up-to-date symlink: /home/maxim/super_ws/install/px4_msgs/include/px4_msgs/px4_msgs/msg/ulog_stream_ack.hpp\n'}
[2.310350] (px4_msgs) StdoutLine: {'line': b'-- Up-to-date symlink: /home/maxim/super_ws/install/px4_msgs/include/px4_msgs/px4_msgs/msg/unregister_ext_component.hpp\n'}
[2.310519] (px4_msgs) StdoutLine: {'line': b'-- Up-to-date symlink: /home/maxim/super_ws/install/px4_msgs/include/px4_msgs/px4_msgs/msg/vehicle_acceleration.hpp\n'}
[2.310596] (px4_msgs) StdoutLine: {'line': b'-- Up-to-date symlink: /home/maxim/super_ws/install/px4_msgs/include/px4_msgs/px4_msgs/msg/vehicle_air_data.hpp\n'}
[2.311005] (px4_msgs) StdoutLine: {'line': b'-- Up-to-date symlink: /home/maxim/super_ws/install/px4_msgs/include/px4_msgs/px4_msgs/msg/vehicle_angular_acceleration_setpoint.hpp\n'}
[2.311087] (px4_msgs) StdoutLine: {'line': b'-- Up-to-date symlink: /home/maxim/super_ws/install/px4_msgs/include/px4_msgs/px4_msgs/msg/vehicle_angular_velocity.hpp\n'}
[2.311166] (px4_msgs) StdoutLine: {'line': b'-- Up-to-date symlink: /home/maxim/super_ws/install/px4_msgs/include/px4_msgs/px4_msgs/msg/vehicle_attitude.hpp\n'}
[2.311247] (px4_msgs) StdoutLine: {'line': b'-- Up-to-date symlink: /home/maxim/super_ws/install/px4_msgs/include/px4_msgs/px4_msgs/msg/vehicle_attitude_setpoint.hpp\n'}
[2.311321] (px4_msgs) StdoutLine: {'line': b'-- Up-to-date symlink: /home/maxim/super_ws/install/px4_msgs/include/px4_msgs/px4_msgs/msg/vehicle_command.hpp\n'}
[2.311379] (px4_msgs) StdoutLine: {'line': b'-- Up-to-date symlink: /home/maxim/super_ws/install/px4_msgs/include/px4_msgs/px4_msgs/msg/vehicle_command_ack.hpp\n'}
[2.311466] (px4_msgs) StdoutLine: {'line': b'-- Up-to-date symlink: /home/maxim/super_ws/install/px4_msgs/include/px4_msgs/px4_msgs/msg/vehicle_constraints.hpp\n'}
[2.311536] (px4_msgs) StdoutLine: {'line': b'-- Up-to-date symlink: /home/maxim/super_ws/install/px4_msgs/include/px4_msgs/px4_msgs/msg/vehicle_control_mode.hpp\n'}
[2.311609] (px4_msgs) StdoutLine: {'line': b'-- Up-to-date symlink: /home/maxim/super_ws/install/px4_msgs/include/px4_msgs/px4_msgs/msg/vehicle_global_position.hpp\n'}
[2.311685] (px4_msgs) StdoutLine: {'line': b'-- Up-to-date symlink: /home/maxim/super_ws/install/px4_msgs/include/px4_msgs/px4_msgs/msg/vehicle_imu.hpp\n'}
[2.311838] (px4_msgs) StdoutLine: {'line': b'-- Up-to-date symlink: /home/maxim/super_ws/install/px4_msgs/include/px4_msgs/px4_msgs/msg/vehicle_imu_status.hpp\n'}
[2.311946] (px4_msgs) StdoutLine: {'line': b'-- Up-to-date symlink: /home/maxim/super_ws/install/px4_msgs/include/px4_msgs/px4_msgs/msg/vehicle_land_detected.hpp\n'}
[2.312018] (px4_msgs) StdoutLine: {'line': b'-- Up-to-date symlink: /home/maxim/super_ws/install/px4_msgs/include/px4_msgs/px4_msgs/msg/vehicle_local_position.hpp\n'}
[2.312101] (px4_msgs) StdoutLine: {'line': b'-- Up-to-date symlink: /home/maxim/super_ws/install/px4_msgs/include/px4_msgs/px4_msgs/msg/vehicle_local_position_setpoint.hpp\n'}
[2.312207] (px4_msgs) StdoutLine: {'line': b'-- Up-to-date symlink: /home/maxim/super_ws/install/px4_msgs/include/px4_msgs/px4_msgs/msg/vehicle_magnetometer.hpp\n'}
[2.312339] (px4_msgs) StdoutLine: {'line': b'-- Up-to-date symlink: /home/maxim/super_ws/install/px4_msgs/include/px4_msgs/px4_msgs/msg/vehicle_odometry.hpp\n'}
[2.312421] (px4_msgs) StdoutLine: {'line': b'-- Up-to-date symlink: /home/maxim/super_ws/install/px4_msgs/include/px4_msgs/px4_msgs/msg/vehicle_optical_flow.hpp\n'}
[2.312528] (px4_msgs) StdoutLine: {'line': b'-- Up-to-date symlink: /home/maxim/super_ws/install/px4_msgs/include/px4_msgs/px4_msgs/msg/vehicle_optical_flow_vel.hpp\n'}
[2.312637] (px4_msgs) StdoutLine: {'line': b'-- Up-to-date symlink: /home/maxim/super_ws/install/px4_msgs/include/px4_msgs/px4_msgs/msg/vehicle_rates_setpoint.hpp\n'}
[2.312750] (px4_msgs) StdoutLine: {'line': b'-- Up-to-date symlink: /home/maxim/super_ws/install/px4_msgs/include/px4_msgs/px4_msgs/msg/vehicle_roi.hpp\n'}
[2.313005] (px4_msgs) StdoutLine: {'line': b'-- Up-to-date symlink: /home/maxim/super_ws/install/px4_msgs/include/px4_msgs/px4_msgs/msg/vehicle_status.hpp\n'}
[2.313170] (px4_msgs) StdoutLine: {'line': b'-- Up-to-date symlink: /home/maxim/super_ws/install/px4_msgs/include/px4_msgs/px4_msgs/msg/vehicle_thrust_setpoint.hpp\n'}
[2.313256] (px4_msgs) StdoutLine: {'line': b'-- Up-to-date symlink: /home/maxim/super_ws/install/px4_msgs/include/px4_msgs/px4_msgs/msg/vehicle_torque_setpoint.hpp\n'}
[2.313336] (px4_msgs) StdoutLine: {'line': b'-- Up-to-date symlink: /home/maxim/super_ws/install/px4_msgs/include/px4_msgs/px4_msgs/msg/velocity_limits.hpp\n'}
[2.313409] (px4_msgs) StdoutLine: {'line': b'-- Up-to-date symlink: /home/maxim/super_ws/install/px4_msgs/include/px4_msgs/px4_msgs/msg/vte_aid_source1d.hpp\n'}
[2.313486] (px4_msgs) StdoutLine: {'line': b'-- Up-to-date symlink: /home/maxim/super_ws/install/px4_msgs/include/px4_msgs/px4_msgs/msg/vte_aid_source3d.hpp\n'}
[2.313617] (px4_msgs) StdoutLine: {'line': b'-- Up-to-date symlink: /home/maxim/super_ws/install/px4_msgs/include/px4_msgs/px4_msgs/msg/vte_bias_init_status.hpp\n'}
[2.313700] (px4_msgs) StdoutLine: {'line': b'-- Up-to-date symlink: /home/maxim/super_ws/install/px4_msgs/include/px4_msgs/px4_msgs/msg/vte_input.hpp\n'}
[2.313806] (px4_msgs) StdoutLine: {'line': b'-- Up-to-date symlink: /home/maxim/super_ws/install/px4_msgs/include/px4_msgs/px4_msgs/msg/vte_orientation.hpp\n'}
[2.313908] (px4_msgs) StdoutLine: {'line': b'-- Up-to-date symlink: /home/maxim/super_ws/install/px4_msgs/include/px4_msgs/px4_msgs/msg/vte_position.hpp\n'}
[2.314017] (px4_msgs) StdoutLine: {'line': b'-- Up-to-date symlink: /home/maxim/super_ws/install/px4_msgs/include/px4_msgs/px4_msgs/msg/vtol_vehicle_status.hpp\n'}
[2.314154] (px4_msgs) StdoutLine: {'line': b'-- Up-to-date symlink: /home/maxim/super_ws/install/px4_msgs/include/px4_msgs/px4_msgs/msg/vtx.hpp\n'}
[2.314297] (px4_msgs) StdoutLine: {'line': b'-- Up-to-date symlink: /home/maxim/super_ws/install/px4_msgs/include/px4_msgs/px4_msgs/msg/wheel_encoders.hpp\n'}
[2.314487] (px4_msgs) StdoutLine: {'line': b'-- Up-to-date symlink: /home/maxim/super_ws/install/px4_msgs/include/px4_msgs/px4_msgs/msg/wind.hpp\n'}
[2.314588] (px4_msgs) StdoutLine: {'line': b'-- Up-to-date symlink: /home/maxim/super_ws/install/px4_msgs/include/px4_msgs/px4_msgs/msg/yaw_estimator_status.hpp\n'}
[2.314807] (px4_msgs) StdoutLine: {'line': b'-- Up-to-date symlink: /home/maxim/super_ws/install/px4_msgs/include/px4_msgs/px4_msgs/srv/detail/vehicle_command__builder.hpp\n'}
[2.314938] (px4_msgs) StdoutLine: {'line': b'-- Up-to-date symlink: /home/maxim/super_ws/install/px4_msgs/include/px4_msgs/px4_msgs/srv/detail/vehicle_command__struct.hpp\n'}
[2.315071] (px4_msgs) StdoutLine: {'line': b'-- Up-to-date symlink: /home/maxim/super_ws/install/px4_msgs/include/px4_msgs/px4_msgs/srv/detail/vehicle_command__traits.hpp\n'}
[2.315193] (px4_msgs) StdoutLine: {'line': b'-- Up-to-date symlink: /home/maxim/super_ws/install/px4_msgs/include/px4_msgs/px4_msgs/srv/detail/vehicle_command__type_support.hpp\n'}
[2.315430] (px4_msgs) StdoutLine: {'line': b'-- Up-to-date symlink: /home/maxim/super_ws/install/px4_msgs/include/px4_msgs/px4_msgs/srv/vehicle_command.hpp\n'}
[2.321071] (px4_msgs) StdoutLine: {'line': b'-- Up-to-date symlink: /home/maxim/super_ws/install/px4_msgs/include/px4_msgs/px4_msgs/msg/detail/action_request__rosidl_typesupport_fastrtps_cpp.hpp\n'}
[2.321283] (px4_msgs) StdoutLine: {'line': b'-- Up-to-date symlink: /home/maxim/super_ws/install/px4_msgs/include/px4_msgs/px4_msgs/msg/detail/actuator_armed__rosidl_typesupport_fastrtps_cpp.hpp\n'}
[2.321373] (px4_msgs) StdoutLine: {'line': b'-- Up-to-date symlink: /home/maxim/super_ws/install/px4_msgs/include/px4_msgs/px4_msgs/msg/detail/actuator_controls_status__rosidl_typesupport_fastrtps_cpp.hpp\n'}
[2.321528] (px4_msgs) StdoutLine: {'line': b'-- Up-to-date symlink: /home/maxim/super_ws/install/px4_msgs/include/px4_msgs/px4_msgs/msg/detail/actuator_motors__rosidl_typesupport_fastrtps_cpp.hpp\n'}
[2.321622] (px4_msgs) StdoutLine: {'line': b'-- Up-to-date symlink: /home/maxim/super_ws/install/px4_msgs/include/px4_msgs/px4_msgs/msg/detail/actuator_outputs__rosidl_typesupport_fastrtps_cpp.hpp\n'}
[2.321684] (px4_msgs) StdoutLine: {'line': b'-- Up-to-date symlink: /home/maxim/super_ws/install/px4_msgs/include/px4_msgs/px4_msgs/msg/detail/actuator_servos__rosidl_typesupport_fastrtps_cpp.hpp\n'}
[2.321774] (px4_msgs) StdoutLine: {'line': b'-- Up-to-date symlink: /home/maxim/super_ws/install/px4_msgs/include/px4_msgs/px4_msgs/msg/detail/actuator_servos_trim__rosidl_typesupport_fastrtps_cpp.hpp\n'}
[2.321848] (px4_msgs) StdoutLine: {'line': b'-- Up-to-date symlink: /home/maxim/super_ws/install/px4_msgs/include/px4_msgs/px4_msgs/msg/detail/actuator_test__rosidl_typesupport_fastrtps_cpp.hpp\n'}
[2.321957] (px4_msgs) StdoutLine: {'line': b'-- Up-to-date symlink: /home/maxim/super_ws/install/px4_msgs/include/px4_msgs/px4_msgs/msg/detail/adc_report__rosidl_typesupport_fastrtps_cpp.hpp\n'}
[2.322039] (px4_msgs) StdoutLine: {'line': b'-- Up-to-date symlink: /home/maxim/super_ws/install/px4_msgs/include/px4_msgs/px4_msgs/msg/detail/airspeed__rosidl_typesupport_fastrtps_cpp.hpp\n'}
[2.322143] (px4_msgs) StdoutLine: {'line': b'-- Up-to-date symlink: /home/maxim/super_ws/install/px4_msgs/include/px4_msgs/px4_msgs/msg/detail/airspeed_validated__rosidl_typesupport_fastrtps_cpp.hpp\n'}
[2.322283] (px4_msgs) StdoutLine: {'line': b'-- Up-to-date symlink: /home/maxim/super_ws/install/px4_msgs/include/px4_msgs/px4_msgs/msg/detail/airspeed_wind__rosidl_typesupport_fastrtps_cpp.hpp\n'}
[2.322370] (px4_msgs) StdoutLine: {'line': b'-- Up-to-date symlink: /home/maxim/super_ws/install/px4_msgs/include/px4_msgs/px4_msgs/msg/detail/arming_check_reply__rosidl_typesupport_fastrtps_cpp.hpp\n'}
[2.322443] (px4_msgs) StdoutLine: {'line': b'-- Up-to-date symlink: /home/maxim/super_ws/install/px4_msgs/include/px4_msgs/px4_msgs/msg/detail/arming_check_request__rosidl_typesupport_fastrtps_cpp.hpp\n'}
[2.322561] (px4_msgs) StdoutLine: {'line': b'-- Up-to-date symlink: /home/maxim/super_ws/install/px4_msgs/include/px4_msgs/px4_msgs/msg/detail/autotune_attitude_control_status__rosidl_typesupport_fastrtps_cpp.hpp\n'}
[2.322685] (px4_msgs) StdoutLine: {'line': b'-- Up-to-date symlink: /home/maxim/super_ws/install/px4_msgs/include/px4_msgs/px4_msgs/msg/detail/aux_global_position__rosidl_typesupport_fastrtps_cpp.hpp\n'}
[2.322820] (px4_msgs) StdoutLine: {'line': b'-- Up-to-date symlink: /home/maxim/super_ws/install/px4_msgs/include/px4_msgs/px4_msgs/msg/detail/battery_info__rosidl_typesupport_fastrtps_cpp.hpp\n'}
[2.322953] (px4_msgs) StdoutLine: {'line': b'-- Up-to-date symlink: /home/maxim/super_ws/install/px4_msgs/include/px4_msgs/px4_msgs/msg/detail/battery_status__rosidl_typesupport_fastrtps_cpp.hpp\n'}
[2.323060] (px4_msgs) StdoutLine: {'line': b'-- Up-to-date symlink: /home/maxim/super_ws/install/px4_msgs/include/px4_msgs/px4_msgs/msg/detail/button_event__rosidl_typesupport_fastrtps_cpp.hpp\n'}
[2.323256] (px4_msgs) StdoutLine: {'line': b'-- Up-to-date symlink: /home/maxim/super_ws/install/px4_msgs/include/px4_msgs/px4_msgs/msg/detail/camera_capture__rosidl_typesupport_fastrtps_cpp.hpp\n'}
[2.323407] (px4_msgs) StdoutLine: {'line': b'-- Up-to-date symlink: /home/maxim/super_ws/install/px4_msgs/include/px4_msgs/px4_msgs/msg/detail/camera_status__rosidl_typesupport_fastrtps_cpp.hpp\n'}
[2.323559] (px4_msgs) StdoutLine: {'line': b'-- Up-to-date symlink: /home/maxim/super_ws/install/px4_msgs/include/px4_msgs/px4_msgs/msg/detail/camera_trigger__rosidl_typesupport_fastrtps_cpp.hpp\n'}
[2.323723] (px4_msgs) StdoutLine: {'line': b'-- Up-to-date symlink: /home/maxim/super_ws/install/px4_msgs/include/px4_msgs/px4_msgs/msg/detail/can_interface_status__rosidl_typesupport_fastrtps_cpp.hpp\n'}
[2.323990] (px4_msgs) StdoutLine: {'line': b'-- Up-to-date symlink: /home/maxim/super_ws/install/px4_msgs/include/px4_msgs/px4_msgs/msg/detail/cellular_status__rosidl_typesupport_fastrtps_cpp.hpp\n'}
[2.324166] (px4_msgs) StdoutLine: {'line': b'-- Up-to-date symlink: /home/maxim/super_ws/install/px4_msgs/include/px4_msgs/px4_msgs/msg/detail/collision_constraints__rosidl_typesupport_fastrtps_cpp.hpp\n'}
[2.324403] (px4_msgs) StdoutLine: {'line': b'-- Up-to-date symlink: /home/maxim/super_ws/install/px4_msgs/include/px4_msgs/px4_msgs/msg/detail/config_overrides__rosidl_typesupport_fastrtps_cpp.hpp\n'}
[2.324560] (px4_msgs) StdoutLine: {'line': b'-- Up-to-date symlink: /home/maxim/super_ws/install/px4_msgs/include/px4_msgs/px4_msgs/msg/detail/control_allocator_status__rosidl_typesupport_fastrtps_cpp.hpp\n'}
[2.324729] (px4_msgs) StdoutLine: {'line': b'-- Up-to-date symlink: /home/maxim/super_ws/install/px4_msgs/include/px4_msgs/px4_msgs/msg/detail/cpuload__rosidl_typesupport_fastrtps_cpp.hpp\n'}
[2.324928] (px4_msgs) StdoutLine: {'line': b'-- Up-to-date symlink: /home/maxim/super_ws/install/px4_msgs/include/px4_msgs/px4_msgs/msg/detail/dataman_request__rosidl_typesupport_fastrtps_cpp.hpp\n'}
[2.325019] (px4_msgs) StdoutLine: {'line': b'-- Up-to-date symlink: /home/maxim/super_ws/install/px4_msgs/include/px4_msgs/px4_msgs/msg/detail/dataman_response__rosidl_typesupport_fastrtps_cpp.hpp\n'}
[2.325192] (px4_msgs) StdoutLine: {'line': b'-- Up-to-date symlink: /home/maxim/super_ws/install/px4_msgs/include/px4_msgs/px4_msgs/msg/detail/debug_array__rosidl_typesupport_fastrtps_cpp.hpp\n'}
[2.325343] (px4_msgs) StdoutLine: {'line': b'-- Up-to-date symlink: /home/maxim/super_ws/install/px4_msgs/include/px4_msgs/px4_msgs/msg/detail/debug_key_value__rosidl_typesupport_fastrtps_cpp.hpp\n'}
[2.325555] (px4_msgs) StdoutLine: {'line': b'-- Up-to-date symlink: /home/maxim/super_ws/install/px4_msgs/include/px4_msgs/px4_msgs/msg/detail/debug_value__rosidl_typesupport_fastrtps_cpp.hpp\n'}
[2.325656] (px4_msgs) StdoutLine: {'line': b'-- Up-to-date symlink: /home/maxim/super_ws/install/px4_msgs/include/px4_msgs/px4_msgs/msg/detail/debug_vect__rosidl_typesupport_fastrtps_cpp.hpp\n'}
[2.325821] (px4_msgs) StdoutLine: {'line': b'-- Up-to-date symlink: /home/maxim/super_ws/install/px4_msgs/include/px4_msgs/px4_msgs/msg/detail/device_information__rosidl_typesupport_fastrtps_cpp.hpp\n'}
[2.326058] (px4_msgs) StdoutLine: {'line': b'-- Up-to-date symlink: /home/maxim/super_ws/install/px4_msgs/include/px4_msgs/px4_msgs/msg/detail/differential_pressure__rosidl_typesupport_fastrtps_cpp.hpp\n'}
[2.326228] (px4_msgs) StdoutLine: {'line': b'-- Up-to-date symlink: /home/maxim/super_ws/install/px4_msgs/include/px4_msgs/px4_msgs/msg/detail/distance_sensor__rosidl_typesupport_fastrtps_cpp.hpp\n'}
[2.326377] (px4_msgs) StdoutLine: {'line': b'-- Up-to-date symlink: /home/maxim/super_ws/install/px4_msgs/include/px4_msgs/px4_msgs/msg/detail/distance_sensor_mode_change_request__rosidl_typesupport_fastrtps_cpp.hpp\n'}
[2.326531] (px4_msgs) StdoutLine: {'line': b'-- Up-to-date symlink: /home/maxim/super_ws/install/px4_msgs/include/px4_msgs/px4_msgs/msg/detail/dronecan_node_status__rosidl_typesupport_fastrtps_cpp.hpp\n'}
[2.326714] (px4_msgs) StdoutLine: {'line': b'-- Up-to-date symlink: /home/maxim/super_ws/install/px4_msgs/include/px4_msgs/px4_msgs/msg/detail/ekf2_timestamps__rosidl_typesupport_fastrtps_cpp.hpp\n'}
[2.326876] (px4_msgs) StdoutLine: {'line': b'-- Up-to-date symlink: /home/maxim/super_ws/install/px4_msgs/include/px4_msgs/px4_msgs/msg/detail/esc_eeprom_read__rosidl_typesupport_fastrtps_cpp.hpp\n'}
[2.326978] (px4_msgs) StdoutLine: {'line': b'-- Up-to-date symlink: /home/maxim/super_ws/install/px4_msgs/include/px4_msgs/px4_msgs/msg/detail/esc_eeprom_write__rosidl_typesupport_fastrtps_cpp.hpp\n'}
[2.327129] (px4_msgs) StdoutLine: {'line': b'-- Up-to-date symlink: /home/maxim/super_ws/install/px4_msgs/include/px4_msgs/px4_msgs/msg/detail/esc_report__rosidl_typesupport_fastrtps_cpp.hpp\n'}
[2.327306] (px4_msgs) StdoutLine: {'line': b'-- Up-to-date symlink: /home/maxim/super_ws/install/px4_msgs/include/px4_msgs/px4_msgs/msg/detail/esc_status__rosidl_typesupport_fastrtps_cpp.hpp\n'}
[2.327481] (px4_msgs) StdoutLine: {'line': b'-- Up-to-date symlink: /home/maxim/super_ws/install/px4_msgs/include/px4_msgs/px4_msgs/msg/detail/estimator_aid_source1d__rosidl_typesupport_fastrtps_cpp.hpp\n'}
[2.327569] (px4_msgs) StdoutLine: {'line': b'-- Up-to-date symlink: /home/maxim/super_ws/install/px4_msgs/include/px4_msgs/px4_msgs/msg/detail/estimator_aid_source2d__rosidl_typesupport_fastrtps_cpp.hpp\n'}
[2.327695] (px4_msgs) StdoutLine: {'line': b'-- Up-to-date symlink: /home/maxim/super_ws/install/px4_msgs/include/px4_msgs/px4_msgs/msg/detail/estimator_aid_source3d__rosidl_typesupport_fastrtps_cpp.hpp\n'}
[2.327867] (px4_msgs) StdoutLine: {'line': b'-- Up-to-date symlink: /home/maxim/super_ws/install/px4_msgs/include/px4_msgs/px4_msgs/msg/detail/estimator_bias3d__rosidl_typesupport_fastrtps_cpp.hpp\n'}
[2.327982] (px4_msgs) StdoutLine: {'line': b'-- Up-to-date symlink: /home/maxim/super_ws/install/px4_msgs/include/px4_msgs/px4_msgs/msg/detail/estimator_bias__rosidl_typesupport_fastrtps_cpp.hpp\n'}
[2.328125] (px4_msgs) StdoutLine: {'line': b'-- Up-to-date symlink: /home/maxim/super_ws/install/px4_msgs/include/px4_msgs/px4_msgs/msg/detail/estimator_event_flags__rosidl_typesupport_fastrtps_cpp.hpp\n'}
[2.328250] (px4_msgs) StdoutLine: {'line': b'-- Up-to-date symlink: /home/maxim/super_ws/install/px4_msgs/include/px4_msgs/px4_msgs/msg/detail/estimator_fusion_control__rosidl_typesupport_fastrtps_cpp.hpp\n'}
[2.328444] (px4_msgs) StdoutLine: {'line': b'-- Up-to-date symlink: /home/maxim/super_ws/install/px4_msgs/include/px4_msgs/px4_msgs/msg/detail/estimator_gps_status__rosidl_typesupport_fastrtps_cpp.hpp\n'}
[2.328581] (px4_msgs) StdoutLine: {'line': b'-- Up-to-date symlink: /home/maxim/super_ws/install/px4_msgs/include/px4_msgs/px4_msgs/msg/detail/estimator_innovations__rosidl_typesupport_fastrtps_cpp.hpp\n'}
[2.328725] (px4_msgs) StdoutLine: {'line': b'-- Up-to-date symlink: /home/maxim/super_ws/install/px4_msgs/include/px4_msgs/px4_msgs/msg/detail/estimator_selector_status__rosidl_typesupport_fastrtps_cpp.hpp\n'}
[2.328831] (px4_msgs) StdoutLine: {'line': b'-- Up-to-date symlink: /home/maxim/super_ws/install/px4_msgs/include/px4_msgs/px4_msgs/msg/detail/estimator_sensor_bias__rosidl_typesupport_fastrtps_cpp.hpp\n'}
[2.328912] (px4_msgs) StdoutLine: {'line': b'-- Up-to-date symlink: /home/maxim/super_ws/install/px4_msgs/include/px4_msgs/px4_msgs/msg/detail/estimator_states__rosidl_typesupport_fastrtps_cpp.hpp\n'}
[2.329018] (px4_msgs) StdoutLine: {'line': b'-- Up-to-date symlink: /home/maxim/super_ws/install/px4_msgs/include/px4_msgs/px4_msgs/msg/detail/estimator_status__rosidl_typesupport_fastrtps_cpp.hpp\n'}
[2.329190] (px4_msgs) StdoutLine: {'line': b'-- Up-to-date symlink: /home/maxim/super_ws/install/px4_msgs/include/px4_msgs/px4_msgs/msg/detail/estimator_status_flags__rosidl_typesupport_fastrtps_cpp.hpp\n'}
[2.329366] (px4_msgs) StdoutLine: {'line': b'-- Up-to-date symlink: /home/maxim/super_ws/install/px4_msgs/include/px4_msgs/px4_msgs/msg/detail/event__rosidl_typesupport_fastrtps_cpp.hpp\n'}
[2.329553] (px4_msgs) StdoutLine: {'line': b'-- Up-to-date symlink: /home/maxim/super_ws/install/px4_msgs/include/px4_msgs/px4_msgs/msg/detail/failsafe_flags__rosidl_typesupport_fastrtps_cpp.hpp\n'}
[2.329652] (px4_msgs) StdoutLine: {'line': b'-- Up-to-date symlink: /home/maxim/super_ws/install/px4_msgs/include/px4_msgs/px4_msgs/msg/detail/failure_detector_status__rosidl_typesupport_fastrtps_cpp.hpp\n'}
[2.329872] (px4_msgs) StdoutLine: {'line': b'-- Up-to-date symlink: /home/maxim/super_ws/install/px4_msgs/include/px4_msgs/px4_msgs/msg/detail/fiducial_marker_pos_report__rosidl_typesupport_fastrtps_cpp.hpp\n'}
[2.330010] (px4_msgs) StdoutLine: {'line': b'-- Up-to-date symlink: /home/maxim/super_ws/install/px4_msgs/include/px4_msgs/px4_msgs/msg/detail/fiducial_marker_yaw_report__rosidl_typesupport_fastrtps_cpp.hpp\n'}
[2.330179] (px4_msgs) StdoutLine: {'line': b'-- Up-to-date symlink: /home/maxim/super_ws/install/px4_msgs/include/px4_msgs/px4_msgs/msg/detail/figure_eight_status__rosidl_typesupport_fastrtps_cpp.hpp\n'}
[2.330362] (px4_msgs) StdoutLine: {'line': b'-- Up-to-date symlink: /home/maxim/super_ws/install/px4_msgs/include/px4_msgs/px4_msgs/msg/detail/fixed_wing_lateral_guidance_status__rosidl_typesupport_fastrtps_cpp.hpp\n'}
[2.330509] (px4_msgs) StdoutLine: {'line': b'-- Up-to-date symlink: /home/maxim/super_ws/install/px4_msgs/include/px4_msgs/px4_msgs/msg/detail/fixed_wing_lateral_setpoint__rosidl_typesupport_fastrtps_cpp.hpp\n'}
[2.330618] (px4_msgs) StdoutLine: {'line': b'-- Up-to-date symlink: /home/maxim/super_ws/install/px4_msgs/include/px4_msgs/px4_msgs/msg/detail/fixed_wing_lateral_status__rosidl_typesupport_fastrtps_cpp.hpp\n'}
[2.330823] (px4_msgs) StdoutLine: {'line': b'-- Up-to-date symlink: /home/maxim/super_ws/install/px4_msgs/include/px4_msgs/px4_msgs/msg/detail/fixed_wing_longitudinal_setpoint__rosidl_typesupport_fastrtps_cpp.hpp\n'}
[2.330954] (px4_msgs) StdoutLine: {'line': b'-- Up-to-date symlink: /home/maxim/super_ws/install/px4_msgs/include/px4_msgs/px4_msgs/msg/detail/fixed_wing_runway_control__rosidl_typesupport_fastrtps_cpp.hpp\n'}
[2.331101] (px4_msgs) StdoutLine: {'line': b'-- Up-to-date symlink: /home/maxim/super_ws/install/px4_msgs/include/px4_msgs/px4_msgs/msg/detail/flight_phase_estimation__rosidl_typesupport_fastrtps_cpp.hpp\n'}
[2.331208] (px4_msgs) StdoutLine: {'line': b'-- Up-to-date symlink: /home/maxim/super_ws/install/px4_msgs/include/px4_msgs/px4_msgs/msg/detail/follow_target__rosidl_typesupport_fastrtps_cpp.hpp\n'}
[2.331352] (px4_msgs) StdoutLine: {'line': b'-- Up-to-date symlink: /home/maxim/super_ws/install/px4_msgs/include/px4_msgs/px4_msgs/msg/detail/follow_target_estimator__rosidl_typesupport_fastrtps_cpp.hpp\n'}
[2.331566] (px4_msgs) StdoutLine: {'line': b'-- Up-to-date symlink: /home/maxim/super_ws/install/px4_msgs/include/px4_msgs/px4_msgs/msg/detail/follow_target_status__rosidl_typesupport_fastrtps_cpp.hpp\n'}
[2.331693] (px4_msgs) StdoutLine: {'line': b'-- Up-to-date symlink: /home/maxim/super_ws/install/px4_msgs/include/px4_msgs/px4_msgs/msg/detail/fuel_tank_status__rosidl_typesupport_fastrtps_cpp.hpp\n'}
[2.331934] (px4_msgs) StdoutLine: {'line': b'-- Up-to-date symlink: /home/maxim/super_ws/install/px4_msgs/include/px4_msgs/px4_msgs/msg/detail/gain_compression__rosidl_typesupport_fastrtps_cpp.hpp\n'}
[2.332043] (px4_msgs) StdoutLine: {'line': b'-- Up-to-date symlink: /home/maxim/super_ws/install/px4_msgs/include/px4_msgs/px4_msgs/msg/detail/generator_status__rosidl_typesupport_fastrtps_cpp.hpp\n'}
[2.332221] (px4_msgs) StdoutLine: {'line': b'-- Up-to-date symlink: /home/maxim/super_ws/install/px4_msgs/include/px4_msgs/px4_msgs/msg/detail/geofence_result__rosidl_typesupport_fastrtps_cpp.hpp\n'}
[2.332375] (px4_msgs) StdoutLine: {'line': b'-- Up-to-date symlink: /home/maxim/super_ws/install/px4_msgs/include/px4_msgs/px4_msgs/msg/detail/geofence_status__rosidl_typesupport_fastrtps_cpp.hpp\n'}
[2.332553] (px4_msgs) StdoutLine: {'line': b'-- Up-to-date symlink: /home/maxim/super_ws/install/px4_msgs/include/px4_msgs/px4_msgs/msg/detail/gimbal_controls__rosidl_typesupport_fastrtps_cpp.hpp\n'}
[2.332733] (px4_msgs) StdoutLine: {'line': b'-- Up-to-date symlink: /home/maxim/super_ws/install/px4_msgs/include/px4_msgs/px4_msgs/msg/detail/gimbal_device_attitude_status__rosidl_typesupport_fastrtps_cpp.hpp\n'}
[2.332854] (px4_msgs) StdoutLine: {'line': b'-- Up-to-date symlink: /home/maxim/super_ws/install/px4_msgs/include/px4_msgs/px4_msgs/msg/detail/gimbal_device_information__rosidl_typesupport_fastrtps_cpp.hpp\n'}
[2.333014] (px4_msgs) StdoutLine: {'line': b'-- Up-to-date symlink: /home/maxim/super_ws/install/px4_msgs/include/px4_msgs/px4_msgs/msg/detail/gimbal_device_set_attitude__rosidl_typesupport_fastrtps_cpp.hpp\n'}
[2.333206] (px4_msgs) StdoutLine: {'line': b'-- Up-to-date symlink: /home/maxim/super_ws/install/px4_msgs/include/px4_msgs/px4_msgs/msg/detail/gimbal_manager_information__rosidl_typesupport_fastrtps_cpp.hpp\n'}
[2.333359] (px4_msgs) StdoutLine: {'line': b'-- Up-to-date symlink: /home/maxim/super_ws/install/px4_msgs/include/px4_msgs/px4_msgs/msg/detail/gimbal_manager_set_attitude__rosidl_typesupport_fastrtps_cpp.hpp\n'}
[2.333521] (px4_msgs) StdoutLine: {'line': b'-- Up-to-date symlink: /home/maxim/super_ws/install/px4_msgs/include/px4_msgs/px4_msgs/msg/detail/gimbal_manager_set_manual_control__rosidl_typesupport_fastrtps_cpp.hpp\n'}
[2.333652] (px4_msgs) StdoutLine: {'line': b'-- Up-to-date symlink: /home/maxim/super_ws/install/px4_msgs/include/px4_msgs/px4_msgs/msg/detail/gimbal_manager_status__rosidl_typesupport_fastrtps_cpp.hpp\n'}
[2.333812] (px4_msgs) StdoutLine: {'line': b'-- Up-to-date symlink: /home/maxim/super_ws/install/px4_msgs/include/px4_msgs/px4_msgs/msg/detail/goto_setpoint__rosidl_typesupport_fastrtps_cpp.hpp\n'}
[2.333975] (px4_msgs) StdoutLine: {'line': b'-- Up-to-date symlink: /home/maxim/super_ws/install/px4_msgs/include/px4_msgs/px4_msgs/msg/detail/gpio_config__rosidl_typesupport_fastrtps_cpp.hpp\n'}
[2.334148] (px4_msgs) StdoutLine: {'line': b'-- Up-to-date symlink: /home/maxim/super_ws/install/px4_msgs/include/px4_msgs/px4_msgs/msg/detail/gpio_in__rosidl_typesupport_fastrtps_cpp.hpp\n'}
[2.334386] (px4_msgs) StdoutLine: {'line': b'-- Up-to-date symlink: /home/maxim/super_ws/install/px4_msgs/include/px4_msgs/px4_msgs/msg/detail/gpio_out__rosidl_typesupport_fastrtps_cpp.hpp\n'}
[2.334548] (px4_msgs) StdoutLine: {'line': b'-- Up-to-date symlink: /home/maxim/super_ws/install/px4_msgs/include/px4_msgs/px4_msgs/msg/detail/gpio_request__rosidl_typesupport_fastrtps_cpp.hpp\n'}
[2.334742] (px4_msgs) StdoutLine: {'line': b'-- Up-to-date symlink: /home/maxim/super_ws/install/px4_msgs/include/px4_msgs/px4_msgs/msg/detail/gps_dump__rosidl_typesupport_fastrtps_cpp.hpp\n'}
[2.334988] (px4_msgs) StdoutLine: {'line': b'-- Up-to-date symlink: /home/maxim/super_ws/install/px4_msgs/include/px4_msgs/px4_msgs/msg/detail/gps_inject_data__rosidl_typesupport_fastrtps_cpp.hpp\n'}
[2.335167] (px4_msgs) StdoutLine: {'line': b'-- Up-to-date symlink: /home/maxim/super_ws/install/px4_msgs/include/px4_msgs/px4_msgs/msg/detail/gripper__rosidl_typesupport_fastrtps_cpp.hpp\n'}
[2.335319] (px4_msgs) StdoutLine: {'line': b'-- Up-to-date symlink: /home/maxim/super_ws/install/px4_msgs/include/px4_msgs/px4_msgs/msg/detail/health_report__rosidl_typesupport_fastrtps_cpp.hpp\n'}
[2.335509] (px4_msgs) StdoutLine: {'line': b'-- Up-to-date symlink: /home/maxim/super_ws/install/px4_msgs/include/px4_msgs/px4_msgs/msg/detail/heater_status__rosidl_typesupport_fastrtps_cpp.hpp\n'}
[2.335707] (px4_msgs) StdoutLine: {'line': b'-- Up-to-date symlink: /home/maxim/super_ws/install/px4_msgs/include/px4_msgs/px4_msgs/msg/detail/home_position__rosidl_typesupport_fastrtps_cpp.hpp\n'}
[2.335883] (px4_msgs) StdoutLine: {'line': b'-- Up-to-date symlink: /home/maxim/super_ws/install/px4_msgs/include/px4_msgs/px4_msgs/msg/detail/hover_thrust_estimate__rosidl_typesupport_fastrtps_cpp.hpp\n'}
[2.336285] (px4_msgs) StdoutLine: {'line': b'-- Up-to-date symlink: /home/maxim/super_ws/install/px4_msgs/include/px4_msgs/px4_msgs/msg/detail/input_rc__rosidl_typesupport_fastrtps_cpp.hpp\n'}
[2.336524] (px4_msgs) StdoutLine: {'line': b'-- Up-to-date symlink: /home/maxim/super_ws/install/px4_msgs/include/px4_msgs/px4_msgs/msg/detail/internal_combustion_engine_control__rosidl_typesupport_fastrtps_cpp.hpp\n'}
[2.336674] (px4_msgs) StdoutLine: {'line': b'-- Up-to-date symlink: /home/maxim/super_ws/install/px4_msgs/include/px4_msgs/px4_msgs/msg/detail/internal_combustion_engine_status__rosidl_typesupport_fastrtps_cpp.hpp\n'}
[2.336921] (px4_msgs) StdoutLine: {'line': b'-- Up-to-date symlink: /home/maxim/super_ws/install/px4_msgs/include/px4_msgs/px4_msgs/msg/detail/iridiumsbd_status__rosidl_typesupport_fastrtps_cpp.hpp\n'}
[2.337116] (px4_msgs) StdoutLine: {'line': b'-- Up-to-date symlink: /home/maxim/super_ws/install/px4_msgs/include/px4_msgs/px4_msgs/msg/detail/irlock_report__rosidl_typesupport_fastrtps_cpp.hpp\n'}
[2.337322] (px4_msgs) StdoutLine: {'line': b'-- Up-to-date symlink: /home/maxim/super_ws/install/px4_msgs/include/px4_msgs/px4_msgs/msg/detail/landing_gear__rosidl_typesupport_fastrtps_cpp.hpp\n'}
[2.337561] (px4_msgs) StdoutLine: {'line': b'-- Up-to-date symlink: /home/maxim/super_ws/install/px4_msgs/include/px4_msgs/px4_msgs/msg/detail/landing_gear_wheel__rosidl_typesupport_fastrtps_cpp.hpp\n'}
[2.337721] (px4_msgs) StdoutLine: {'line': b'-- Up-to-date symlink: /home/maxim/super_ws/install/px4_msgs/include/px4_msgs/px4_msgs/msg/detail/landing_target_innovations__rosidl_typesupport_fastrtps_cpp.hpp\n'}
[2.337980] (px4_msgs) StdoutLine: {'line': b'-- Up-to-date symlink: /home/maxim/super_ws/install/px4_msgs/include/px4_msgs/px4_msgs/msg/detail/landing_target_pose__rosidl_typesupport_fastrtps_cpp.hpp\n'}
[2.338126] (px4_msgs) StdoutLine: {'line': b'-- Up-to-date symlink: /home/maxim/super_ws/install/px4_msgs/include/px4_msgs/px4_msgs/msg/detail/lateral_control_configuration__rosidl_typesupport_fastrtps_cpp.hpp\n'}
[2.338284] (px4_msgs) StdoutLine: {'line': b'-- Up-to-date symlink: /home/maxim/super_ws/install/px4_msgs/include/px4_msgs/px4_msgs/msg/detail/launch_detection_status__rosidl_typesupport_fastrtps_cpp.hpp\n'}
[2.338467] (px4_msgs) StdoutLine: {'line': b'-- Up-to-date symlink: /home/maxim/super_ws/install/px4_msgs/include/px4_msgs/px4_msgs/msg/detail/led_control__rosidl_typesupport_fastrtps_cpp.hpp\n'}
[2.338669] (px4_msgs) StdoutLine: {'line': b'-- Up-to-date symlink: /home/maxim/super_ws/install/px4_msgs/include/px4_msgs/px4_msgs/msg/detail/log_message__rosidl_typesupport_fastrtps_cpp.hpp\n'}
[2.338894] (px4_msgs) StdoutLine: {'line': b'-- Up-to-date symlink: /home/maxim/super_ws/install/px4_msgs/include/px4_msgs/px4_msgs/msg/detail/logger_status__rosidl_typesupport_fastrtps_cpp.hpp\n'}
[2.339051] (px4_msgs) StdoutLine: {'line': b'-- Up-to-date symlink: /home/maxim/super_ws/install/px4_msgs/include/px4_msgs/px4_msgs/msg/detail/longitudinal_control_configuration__rosidl_typesupport_fastrtps_cpp.hpp\n'}
[2.339170] (px4_msgs) StdoutLine: {'line': b'-- Up-to-date symlink: /home/maxim/super_ws/install/px4_msgs/include/px4_msgs/px4_msgs/msg/detail/mag_worker_data__rosidl_typesupport_fastrtps_cpp.hpp\n'}
[2.339258] (px4_msgs) StdoutLine: {'line': b'-- Up-to-date symlink: /home/maxim/super_ws/install/px4_msgs/include/px4_msgs/px4_msgs/msg/detail/magnetometer_bias_estimate__rosidl_typesupport_fastrtps_cpp.hpp\n'}
[2.339479] (px4_msgs) StdoutLine: {'line': b'-- Up-to-date symlink: /home/maxim/super_ws/install/px4_msgs/include/px4_msgs/px4_msgs/msg/detail/manual_control_setpoint__rosidl_typesupport_fastrtps_cpp.hpp\n'}
[2.339689] (px4_msgs) StdoutLine: {'line': b'-- Up-to-date symlink: /home/maxim/super_ws/install/px4_msgs/include/px4_msgs/px4_msgs/msg/detail/manual_control_switches__rosidl_typesupport_fastrtps_cpp.hpp\n'}
[2.339847] (px4_msgs) StdoutLine: {'line': b'-- Up-to-date symlink: /home/maxim/super_ws/install/px4_msgs/include/px4_msgs/px4_msgs/msg/detail/mavlink_log__rosidl_typesupport_fastrtps_cpp.hpp\n'}
[2.340040] (px4_msgs) StdoutLine: {'line': b'-- Up-to-date symlink: /home/maxim/super_ws/install/px4_msgs/include/px4_msgs/px4_msgs/msg/detail/mavlink_tunnel__rosidl_typesupport_fastrtps_cpp.hpp\n'}
[2.340217] (px4_msgs) StdoutLine: {'line': b'-- Up-to-date symlink: /home/maxim/super_ws/install/px4_msgs/include/px4_msgs/px4_msgs/msg/detail/message_format_request__rosidl_typesupport_fastrtps_cpp.hpp\n'}
[2.340394] (px4_msgs) StdoutLine: {'line': b'-- Up-to-date symlink: /home/maxim/super_ws/install/px4_msgs/include/px4_msgs/px4_msgs/msg/detail/message_format_response__rosidl_typesupport_fastrtps_cpp.hpp\n'}
[2.340562] (px4_msgs) StdoutLine: {'line': b'-- Up-to-date symlink: /home/maxim/super_ws/install/px4_msgs/include/px4_msgs/px4_msgs/msg/detail/mission__rosidl_typesupport_fastrtps_cpp.hpp\n'}
[2.340686] (px4_msgs) StdoutLine: {'line': b'-- Up-to-date symlink: /home/maxim/super_ws/install/px4_msgs/include/px4_msgs/px4_msgs/msg/detail/mission_result__rosidl_typesupport_fastrtps_cpp.hpp\n'}
[2.340917] (px4_msgs) StdoutLine: {'line': b'-- Up-to-date symlink: /home/maxim/super_ws/install/px4_msgs/include/px4_msgs/px4_msgs/msg/detail/mode_completed__rosidl_typesupport_fastrtps_cpp.hpp\n'}
[2.341027] (px4_msgs) StdoutLine: {'line': b'-- Up-to-date symlink: /home/maxim/super_ws/install/px4_msgs/include/px4_msgs/px4_msgs/msg/detail/mount_orientation__rosidl_typesupport_fastrtps_cpp.hpp\n'}
[2.341169] (px4_msgs) StdoutLine: {'line': b'-- Up-to-date symlink: /home/maxim/super_ws/install/px4_msgs/include/px4_msgs/px4_msgs/msg/detail/navigator_mission_item__rosidl_typesupport_fastrtps_cpp.hpp\n'}
[2.341302] (px4_msgs) StdoutLine: {'line': b'-- Up-to-date symlink: /home/maxim/super_ws/install/px4_msgs/include/px4_msgs/px4_msgs/msg/detail/navigator_status__rosidl_typesupport_fastrtps_cpp.hpp\n'}
[2.341442] (px4_msgs) StdoutLine: {'line': b'-- Up-to-date symlink: /home/maxim/super_ws/install/px4_msgs/include/px4_msgs/px4_msgs/msg/detail/neural_control__rosidl_typesupport_fastrtps_cpp.hpp\n'}
[2.341605] (px4_msgs) StdoutLine: {'line': b'-- Up-to-date symlink: /home/maxim/super_ws/install/px4_msgs/include/px4_msgs/px4_msgs/msg/detail/normalized_unsigned_setpoint__rosidl_typesupport_fastrtps_cpp.hpp\n'}
[2.341722] (px4_msgs) StdoutLine: {'line': b'-- Up-to-date symlink: /home/maxim/super_ws/install/px4_msgs/include/px4_msgs/px4_msgs/msg/detail/obstacle_distance__rosidl_typesupport_fastrtps_cpp.hpp\n'}
[2.341898] (px4_msgs) StdoutLine: {'line': b'-- Up-to-date symlink: /home/maxim/super_ws/install/px4_msgs/include/px4_msgs/px4_msgs/msg/detail/offboard_control_mode__rosidl_typesupport_fastrtps_cpp.hpp\n'}
[2.342051] (px4_msgs) StdoutLine: {'line': b'-- Up-to-date symlink: /home/maxim/super_ws/install/px4_msgs/include/px4_msgs/px4_msgs/msg/detail/onboard_computer_status__rosidl_typesupport_fastrtps_cpp.hpp\n'}
[2.342224] (px4_msgs) StdoutLine: {'line': b'-- Up-to-date symlink: /home/maxim/super_ws/install/px4_msgs/include/px4_msgs/px4_msgs/msg/detail/open_drone_id_arm_status__rosidl_typesupport_fastrtps_cpp.hpp\n'}
[2.342411] (px4_msgs) StdoutLine: {'line': b'-- Up-to-date symlink: /home/maxim/super_ws/install/px4_msgs/include/px4_msgs/px4_msgs/msg/detail/open_drone_id_operator_id__rosidl_typesupport_fastrtps_cpp.hpp\n'}
[2.342583] (px4_msgs) StdoutLine: {'line': b'-- Up-to-date symlink: /home/maxim/super_ws/install/px4_msgs/include/px4_msgs/px4_msgs/msg/detail/open_drone_id_self_id__rosidl_typesupport_fastrtps_cpp.hpp\n'}
[2.342708] (px4_msgs) StdoutLine: {'line': b'-- Up-to-date symlink: /home/maxim/super_ws/install/px4_msgs/include/px4_msgs/px4_msgs/msg/detail/open_drone_id_system__rosidl_typesupport_fastrtps_cpp.hpp\n'}
[2.342860] (px4_msgs) StdoutLine: {'line': b'-- Up-to-date symlink: /home/maxim/super_ws/install/px4_msgs/include/px4_msgs/px4_msgs/msg/detail/orb_test__rosidl_typesupport_fastrtps_cpp.hpp\n'}
[2.343034] (px4_msgs) StdoutLine: {'line': b'-- Up-to-date symlink: /home/maxim/super_ws/install/px4_msgs/include/px4_msgs/px4_msgs/msg/detail/orb_test_large__rosidl_typesupport_fastrtps_cpp.hpp\n'}
[2.343267] (px4_msgs) StdoutLine: {'line': b'-- Up-to-date symlink: /home/maxim/super_ws/install/px4_msgs/include/px4_msgs/px4_msgs/msg/detail/orb_test_medium__rosidl_typesupport_fastrtps_cpp.hpp\n'}
[2.343439] (px4_msgs) StdoutLine: {'line': b'-- Up-to-date symlink: /home/maxim/super_ws/install/px4_msgs/include/px4_msgs/px4_msgs/msg/detail/orbit_status__rosidl_typesupport_fastrtps_cpp.hpp\n'}
[2.343587] (px4_msgs) StdoutLine: {'line': b'-- Up-to-date symlink: /home/maxim/super_ws/install/px4_msgs/include/px4_msgs/px4_msgs/msg/detail/parameter_reset_request__rosidl_typesupport_fastrtps_cpp.hpp\n'}
[2.343735] (px4_msgs) StdoutLine: {'line': b'-- Up-to-date symlink: /home/maxim/super_ws/install/px4_msgs/include/px4_msgs/px4_msgs/msg/detail/parameter_set_used_request__rosidl_typesupport_fastrtps_cpp.hpp\n'}
[2.343891] (px4_msgs) StdoutLine: {'line': b'-- Up-to-date symlink: /home/maxim/super_ws/install/px4_msgs/include/px4_msgs/px4_msgs/msg/detail/parameter_set_value_request__rosidl_typesupport_fastrtps_cpp.hpp\n'}
[2.344041] (px4_msgs) StdoutLine: {'line': b'-- Up-to-date symlink: /home/maxim/super_ws/install/px4_msgs/include/px4_msgs/px4_msgs/msg/detail/parameter_set_value_response__rosidl_typesupport_fastrtps_cpp.hpp\n'}
[2.344193] (px4_msgs) StdoutLine: {'line': b'-- Up-to-date symlink: /home/maxim/super_ws/install/px4_msgs/include/px4_msgs/px4_msgs/msg/detail/parameter_update__rosidl_typesupport_fastrtps_cpp.hpp\n'}
[2.344347] (px4_msgs) StdoutLine: {'line': b'-- Up-to-date symlink: /home/maxim/super_ws/install/px4_msgs/include/px4_msgs/px4_msgs/msg/detail/ping__rosidl_typesupport_fastrtps_cpp.hpp\n'}
[2.344503] (px4_msgs) StdoutLine: {'line': b'-- Up-to-date symlink: /home/maxim/super_ws/install/px4_msgs/include/px4_msgs/px4_msgs/msg/detail/position_controller_landing_status__rosidl_typesupport_fastrtps_cpp.hpp\n'}
[2.344669] (px4_msgs) StdoutLine: {'line': b'-- Up-to-date symlink: /home/maxim/super_ws/install/px4_msgs/include/px4_msgs/px4_msgs/msg/detail/position_controller_status__rosidl_typesupport_fastrtps_cpp.hpp\n'}
[2.344827] (px4_msgs) StdoutLine: {'line': b'-- Up-to-date symlink: /home/maxim/super_ws/install/px4_msgs/include/px4_msgs/px4_msgs/msg/detail/position_setpoint__rosidl_typesupport_fastrtps_cpp.hpp\n'}
[2.344976] (px4_msgs) StdoutLine: {'line': b'-- Up-to-date symlink: /home/maxim/super_ws/install/px4_msgs/include/px4_msgs/px4_msgs/msg/detail/position_setpoint_triplet__rosidl_typesupport_fastrtps_cpp.hpp\n'}
[2.345111] (px4_msgs) StdoutLine: {'line': b'-- Up-to-date symlink: /home/maxim/super_ws/install/px4_msgs/include/px4_msgs/px4_msgs/msg/detail/power_button_state__rosidl_typesupport_fastrtps_cpp.hpp\n'}
[2.345247] (px4_msgs) StdoutLine: {'line': b'-- Up-to-date symlink: /home/maxim/super_ws/install/px4_msgs/include/px4_msgs/px4_msgs/msg/detail/power_monitor__rosidl_typesupport_fastrtps_cpp.hpp\n'}
[2.345333] (px4_msgs) StdoutLine: {'line': b'-- Up-to-date symlink: /home/maxim/super_ws/install/px4_msgs/include/px4_msgs/px4_msgs/msg/detail/pps_capture__rosidl_typesupport_fastrtps_cpp.hpp\n'}
[2.345453] (px4_msgs) StdoutLine: {'line': b'-- Up-to-date symlink: /home/maxim/super_ws/install/px4_msgs/include/px4_msgs/px4_msgs/msg/detail/prec_land_status__rosidl_typesupport_fastrtps_cpp.hpp\n'}
[2.345772] (px4_msgs) StdoutLine: {'line': b'-- Up-to-date symlink: /home/maxim/super_ws/install/px4_msgs/include/px4_msgs/px4_msgs/msg/detail/pure_pursuit_status__rosidl_typesupport_fastrtps_cpp.hpp\n'}
[2.345845] (px4_msgs) StdoutLine: {'line': b'-- Up-to-date symlink: /home/maxim/super_ws/install/px4_msgs/include/px4_msgs/px4_msgs/msg/detail/pwm_input__rosidl_typesupport_fastrtps_cpp.hpp\n'}
[2.345929] (px4_msgs) StdoutLine: {'line': b'-- Up-to-date symlink: /home/maxim/super_ws/install/px4_msgs/include/px4_msgs/px4_msgs/msg/detail/px4io_status__rosidl_typesupport_fastrtps_cpp.hpp\n'}
[2.346005] (px4_msgs) StdoutLine: {'line': b'-- Up-to-date symlink: /home/maxim/super_ws/install/px4_msgs/include/px4_msgs/px4_msgs/msg/detail/qshell_req__rosidl_typesupport_fastrtps_cpp.hpp\n'}
[2.346090] (px4_msgs) StdoutLine: {'line': b'-- Up-to-date symlink: /home/maxim/super_ws/install/px4_msgs/include/px4_msgs/px4_msgs/msg/detail/qshell_retval__rosidl_typesupport_fastrtps_cpp.hpp\n'}
[2.346186] (px4_msgs) StdoutLine: {'line': b'-- Up-to-date symlink: /home/maxim/super_ws/install/px4_msgs/include/px4_msgs/px4_msgs/msg/detail/radio_status__rosidl_typesupport_fastrtps_cpp.hpp\n'}
[2.346267] (px4_msgs) StdoutLine: {'line': b'-- Up-to-date symlink: /home/maxim/super_ws/install/px4_msgs/include/px4_msgs/px4_msgs/msg/detail/ranging_beacon__rosidl_typesupport_fastrtps_cpp.hpp\n'}
[2.346345] (px4_msgs) StdoutLine: {'line': b'-- Up-to-date symlink: /home/maxim/super_ws/install/px4_msgs/include/px4_msgs/px4_msgs/msg/detail/raptor_input__rosidl_typesupport_fastrtps_cpp.hpp\n'}
[2.346463] (px4_msgs) StdoutLine: {'line': b'-- Up-to-date symlink: /home/maxim/super_ws/install/px4_msgs/include/px4_msgs/px4_msgs/msg/detail/raptor_status__rosidl_typesupport_fastrtps_cpp.hpp\n'}
[2.346575] (px4_msgs) StdoutLine: {'line': b'-- Up-to-date symlink: /home/maxim/super_ws/install/px4_msgs/include/px4_msgs/px4_msgs/msg/detail/rate_ctrl_status__rosidl_typesupport_fastrtps_cpp.hpp\n'}
[2.346681] (px4_msgs) StdoutLine: {'line': b'-- Up-to-date symlink: /home/maxim/super_ws/install/px4_msgs/include/px4_msgs/px4_msgs/msg/detail/rc_channels__rosidl_typesupport_fastrtps_cpp.hpp\n'}
[2.346869] (px4_msgs) StdoutLine: {'line': b'-- Up-to-date symlink: /home/maxim/super_ws/install/px4_msgs/include/px4_msgs/px4_msgs/msg/detail/rc_parameter_map__rosidl_typesupport_fastrtps_cpp.hpp\n'}
[2.346944] (px4_msgs) StdoutLine: {'line': b'-- Up-to-date symlink: /home/maxim/super_ws/install/px4_msgs/include/px4_msgs/px4_msgs/msg/detail/register_ext_component_reply__rosidl_typesupport_fastrtps_cpp.hpp\n'}
[2.347022] (px4_msgs) StdoutLine: {'line': b'-- Up-to-date symlink: /home/maxim/super_ws/install/px4_msgs/include/px4_msgs/px4_msgs/msg/detail/register_ext_component_request__rosidl_typesupport_fastrtps_cpp.hpp\n'}
[2.347139] (px4_msgs) StdoutLine: {'line': b'-- Up-to-date symlink: /home/maxim/super_ws/install/px4_msgs/include/px4_msgs/px4_msgs/msg/detail/rover_attitude_setpoint__rosidl_typesupport_fastrtps_cpp.hpp\n'}
[2.347335] (px4_msgs) StdoutLine: {'line': b'-- Up-to-date symlink: /home/maxim/super_ws/install/px4_msgs/include/px4_msgs/px4_msgs/msg/detail/rover_attitude_status__rosidl_typesupport_fastrtps_cpp.hpp\n'}
[2.347491] (px4_msgs) StdoutLine: {'line': b'-- Up-to-date symlink: /home/maxim/super_ws/install/px4_msgs/include/px4_msgs/px4_msgs/msg/detail/rover_position_setpoint__rosidl_typesupport_fastrtps_cpp.hpp\n'}
[2.347817] (px4_msgs) StdoutLine: {'line': b'-- Up-to-date symlink: /home/maxim/super_ws/install/px4_msgs/include/px4_msgs/px4_msgs/msg/detail/rover_rate_setpoint__rosidl_typesupport_fastrtps_cpp.hpp\n'}
[2.347960] (px4_msgs) StdoutLine: {'line': b'-- Up-to-date symlink: /home/maxim/super_ws/install/px4_msgs/include/px4_msgs/px4_msgs/msg/detail/rover_rate_status__rosidl_typesupport_fastrtps_cpp.hpp\n'}
[2.348109] (px4_msgs) StdoutLine: {'line': b'-- Up-to-date symlink: /home/maxim/super_ws/install/px4_msgs/include/px4_msgs/px4_msgs/msg/detail/rover_speed_setpoint__rosidl_typesupport_fastrtps_cpp.hpp\n'}
[2.348261] (px4_msgs) StdoutLine: {'line': b'-- Up-to-date symlink: /home/maxim/super_ws/install/px4_msgs/include/px4_msgs/px4_msgs/msg/detail/rover_speed_status__rosidl_typesupport_fastrtps_cpp.hpp\n'}
[2.348408] (px4_msgs) StdoutLine: {'line': b'-- Up-to-date symlink: /home/maxim/super_ws/install/px4_msgs/include/px4_msgs/px4_msgs/msg/detail/rover_steering_setpoint__rosidl_typesupport_fastrtps_cpp.hpp\n'}
[2.348597] (px4_msgs) StdoutLine: {'line': b'-- Up-to-date symlink: /home/maxim/super_ws/install/px4_msgs/include/px4_msgs/px4_msgs/msg/detail/rover_throttle_setpoint__rosidl_typesupport_fastrtps_cpp.hpp\n'}
[2.348719] (px4_msgs) StdoutLine: {'line': b'-- Up-to-date symlink: /home/maxim/super_ws/install/px4_msgs/include/px4_msgs/px4_msgs/msg/detail/rpm__rosidl_typesupport_fastrtps_cpp.hpp\n'}
[2.348942] (px4_msgs) StdoutLine: {'line': b'-- Up-to-date symlink: /home/maxim/super_ws/install/px4_msgs/include/px4_msgs/px4_msgs/msg/detail/rtl_status__rosidl_typesupport_fastrtps_cpp.hpp\n'}
[2.349060] (px4_msgs) StdoutLine: {'line': b'-- Up-to-date symlink: /home/maxim/super_ws/install/px4_msgs/include/px4_msgs/px4_msgs/msg/detail/rtl_time_estimate__rosidl_typesupport_fastrtps_cpp.hpp\n'}
[2.349201] (px4_msgs) StdoutLine: {'line': b'-- Up-to-date symlink: /home/maxim/super_ws/install/px4_msgs/include/px4_msgs/px4_msgs/msg/detail/satellite_info__rosidl_typesupport_fastrtps_cpp.hpp\n'}
[2.349358] (px4_msgs) StdoutLine: {'line': b'-- Up-to-date symlink: /home/maxim/super_ws/install/px4_msgs/include/px4_msgs/px4_msgs/msg/detail/sensor_accel__rosidl_typesupport_fastrtps_cpp.hpp\n'}
[2.349463] (px4_msgs) StdoutLine: {'line': b'-- Up-to-date symlink: /home/maxim/super_ws/install/px4_msgs/include/px4_msgs/px4_msgs/msg/detail/sensor_accel_fifo__rosidl_typesupport_fastrtps_cpp.hpp\n'}
[2.349597] (px4_msgs) StdoutLine: {'line': b'-- Up-to-date symlink: /home/maxim/super_ws/install/px4_msgs/include/px4_msgs/px4_msgs/msg/detail/sensor_airflow__rosidl_typesupport_fastrtps_cpp.hpp\n'}
[2.349717] (px4_msgs) StdoutLine: {'line': b'-- Up-to-date symlink: /home/maxim/super_ws/install/px4_msgs/include/px4_msgs/px4_msgs/msg/detail/sensor_baro__rosidl_typesupport_fastrtps_cpp.hpp\n'}
[2.349795] (px4_msgs) StdoutLine: {'line': b'-- Up-to-date symlink: /home/maxim/super_ws/install/px4_msgs/include/px4_msgs/px4_msgs/msg/detail/sensor_combined__rosidl_typesupport_fastrtps_cpp.hpp\n'}
[2.349876] (px4_msgs) StdoutLine: {'line': b'-- Up-to-date symlink: /home/maxim/super_ws/install/px4_msgs/include/px4_msgs/px4_msgs/msg/detail/sensor_correction__rosidl_typesupport_fastrtps_cpp.hpp\n'}
[2.349984] (px4_msgs) StdoutLine: {'line': b'-- Up-to-date symlink: /home/maxim/super_ws/install/px4_msgs/include/px4_msgs/px4_msgs/msg/detail/sensor_gnss_relative__rosidl_typesupport_fastrtps_cpp.hpp\n'}
[2.350097] (px4_msgs) StdoutLine: {'line': b'-- Up-to-date symlink: /home/maxim/super_ws/install/px4_msgs/include/px4_msgs/px4_msgs/msg/detail/sensor_gnss_status__rosidl_typesupport_fastrtps_cpp.hpp\n'}
[2.350204] (px4_msgs) StdoutLine: {'line': b'-- Up-to-date symlink: /home/maxim/super_ws/install/px4_msgs/include/px4_msgs/px4_msgs/msg/detail/sensor_gps__rosidl_typesupport_fastrtps_cpp.hpp\n'}
[2.350340] (px4_msgs) StdoutLine: {'line': b'-- Up-to-date symlink: /home/maxim/super_ws/install/px4_msgs/include/px4_msgs/px4_msgs/msg/detail/sensor_gyro__rosidl_typesupport_fastrtps_cpp.hpp\n'}
[2.350470] (px4_msgs) StdoutLine: {'line': b'-- Up-to-date symlink: /home/maxim/super_ws/install/px4_msgs/include/px4_msgs/px4_msgs/msg/detail/sensor_gyro_fft__rosidl_typesupport_fastrtps_cpp.hpp\n'}
[2.350556] (px4_msgs) StdoutLine: {'line': b'-- Up-to-date symlink: /home/maxim/super_ws/install/px4_msgs/include/px4_msgs/px4_msgs/msg/detail/sensor_gyro_fifo__rosidl_typesupport_fastrtps_cpp.hpp\n'}
[2.350640] (px4_msgs) StdoutLine: {'line': b'-- Up-to-date symlink: /home/maxim/super_ws/install/px4_msgs/include/px4_msgs/px4_msgs/msg/detail/sensor_hygrometer__rosidl_typesupport_fastrtps_cpp.hpp\n'}
[2.350752] (px4_msgs) StdoutLine: {'line': b'-- Up-to-date symlink: /home/maxim/super_ws/install/px4_msgs/include/px4_msgs/px4_msgs/msg/detail/sensor_mag__rosidl_typesupport_fastrtps_cpp.hpp\n'}
[2.350867] (px4_msgs) StdoutLine: {'line': b'-- Up-to-date symlink: /home/maxim/super_ws/install/px4_msgs/include/px4_msgs/px4_msgs/msg/detail/sensor_optical_flow__rosidl_typesupport_fastrtps_cpp.hpp\n'}
[2.350971] (px4_msgs) StdoutLine: {'line': b'-- Up-to-date symlink: /home/maxim/super_ws/install/px4_msgs/include/px4_msgs/px4_msgs/msg/detail/sensor_preflight_mag__rosidl_typesupport_fastrtps_cpp.hpp\n'}
[2.351083] (px4_msgs) StdoutLine: {'line': b'-- Up-to-date symlink: /home/maxim/super_ws/install/px4_msgs/include/px4_msgs/px4_msgs/msg/detail/sensor_selection__rosidl_typesupport_fastrtps_cpp.hpp\n'}
[2.351242] (px4_msgs) StdoutLine: {'line': b'-- Up-to-date symlink: /home/maxim/super_ws/install/px4_msgs/include/px4_msgs/px4_msgs/msg/detail/sensor_temp__rosidl_typesupport_fastrtps_cpp.hpp\n'}
[2.351345] (px4_msgs) StdoutLine: {'line': b'-- Up-to-date symlink: /home/maxim/super_ws/install/px4_msgs/include/px4_msgs/px4_msgs/msg/detail/sensor_uwb__rosidl_typesupport_fastrtps_cpp.hpp\n'}
[2.351489] (px4_msgs) StdoutLine: {'line': b'-- Up-to-date symlink: /home/maxim/super_ws/install/px4_msgs/include/px4_msgs/px4_msgs/msg/detail/sensors_status__rosidl_typesupport_fastrtps_cpp.hpp\n'}
[2.351667] (px4_msgs) StdoutLine: {'line': b'-- Up-to-date symlink: /home/maxim/super_ws/install/px4_msgs/include/px4_msgs/px4_msgs/msg/detail/sensors_status_imu__rosidl_typesupport_fastrtps_cpp.hpp\n'}
[2.351749] (px4_msgs) StdoutLine: {'line': b'-- Up-to-date symlink: /home/maxim/super_ws/install/px4_msgs/include/px4_msgs/px4_msgs/msg/detail/system_power__rosidl_typesupport_fastrtps_cpp.hpp\n'}
[2.351915] (px4_msgs) StdoutLine: {'line': b'-- Up-to-date symlink: /home/maxim/super_ws/install/px4_msgs/include/px4_msgs/px4_msgs/msg/detail/takeoff_status__rosidl_typesupport_fastrtps_cpp.hpp\n'}
[2.352031] (px4_msgs) StdoutLine: {'line': b'-- Up-to-date symlink: /home/maxim/super_ws/install/px4_msgs/include/px4_msgs/px4_msgs/msg/detail/target_gnss__rosidl_typesupport_fastrtps_cpp.hpp\n'}
[2.352145] (px4_msgs) StdoutLine: {'line': b'-- Up-to-date symlink: /home/maxim/super_ws/install/px4_msgs/include/px4_msgs/px4_msgs/msg/detail/task_stack_info__rosidl_typesupport_fastrtps_cpp.hpp\n'}
[2.352257] (px4_msgs) StdoutLine: {'line': b'-- Up-to-date symlink: /home/maxim/super_ws/install/px4_msgs/include/px4_msgs/px4_msgs/msg/detail/tecs_status__rosidl_typesupport_fastrtps_cpp.hpp\n'}
[2.352367] (px4_msgs) StdoutLine: {'line': b'-- Up-to-date symlink: /home/maxim/super_ws/install/px4_msgs/include/px4_msgs/px4_msgs/msg/detail/telemetry_status__rosidl_typesupport_fastrtps_cpp.hpp\n'}
[2.352452] (px4_msgs) StdoutLine: {'line': b'-- Up-to-date symlink: /home/maxim/super_ws/install/px4_msgs/include/px4_msgs/px4_msgs/msg/detail/tiltrotor_extra_controls__rosidl_typesupport_fastrtps_cpp.hpp\n'}
[2.352689] (px4_msgs) StdoutLine: {'line': b'-- Up-to-date symlink: /home/maxim/super_ws/install/px4_msgs/include/px4_msgs/px4_msgs/msg/detail/timesync_status__rosidl_typesupport_fastrtps_cpp.hpp\n'}
[2.352800] (px4_msgs) StdoutLine: {'line': b'-- Up-to-date symlink: /home/maxim/super_ws/install/px4_msgs/include/px4_msgs/px4_msgs/msg/detail/trajectory_setpoint6dof__rosidl_typesupport_fastrtps_cpp.hpp\n'}
[2.352908] (px4_msgs) StdoutLine: {'line': b'-- Up-to-date symlink: /home/maxim/super_ws/install/px4_msgs/include/px4_msgs/px4_msgs/msg/detail/trajectory_setpoint__rosidl_typesupport_fastrtps_cpp.hpp\n'}
[2.353011] (px4_msgs) StdoutLine: {'line': b'-- Up-to-date symlink: /home/maxim/super_ws/install/px4_msgs/include/px4_msgs/px4_msgs/msg/detail/transponder_report__rosidl_typesupport_fastrtps_cpp.hpp\n'}
[2.353214] (px4_msgs) StdoutLine: {'line': b'-- Up-to-date symlink: /home/maxim/super_ws/install/px4_msgs/include/px4_msgs/px4_msgs/msg/detail/tune_control__rosidl_typesupport_fastrtps_cpp.hpp\n'}
[2.353351] (px4_msgs) StdoutLine: {'line': b'-- Up-to-date symlink: /home/maxim/super_ws/install/px4_msgs/include/px4_msgs/px4_msgs/msg/detail/uavcan_parameter_request__rosidl_typesupport_fastrtps_cpp.hpp\n'}
[2.353466] (px4_msgs) StdoutLine: {'line': b'-- Up-to-date symlink: /home/maxim/super_ws/install/px4_msgs/include/px4_msgs/px4_msgs/msg/detail/uavcan_parameter_value__rosidl_typesupport_fastrtps_cpp.hpp\n'}
[2.353613] (px4_msgs) StdoutLine: {'line': b'-- Up-to-date symlink: /home/maxim/super_ws/install/px4_msgs/include/px4_msgs/px4_msgs/msg/detail/ulog_stream__rosidl_typesupport_fastrtps_cpp.hpp\n'}
[2.353727] (px4_msgs) StdoutLine: {'line': b'-- Up-to-date symlink: /home/maxim/super_ws/install/px4_msgs/include/px4_msgs/px4_msgs/msg/detail/ulog_stream_ack__rosidl_typesupport_fastrtps_cpp.hpp\n'}
[2.353822] (px4_msgs) StdoutLine: {'line': b'-- Up-to-date symlink: /home/maxim/super_ws/install/px4_msgs/include/px4_msgs/px4_msgs/msg/detail/unregister_ext_component__rosidl_typesupport_fastrtps_cpp.hpp\n'}
[2.353909] (px4_msgs) StdoutLine: {'line': b'-- Up-to-date symlink: /home/maxim/super_ws/install/px4_msgs/include/px4_msgs/px4_msgs/msg/detail/vehicle_acceleration__rosidl_typesupport_fastrtps_cpp.hpp\n'}
[2.354018] (px4_msgs) StdoutLine: {'line': b'-- Up-to-date symlink: /home/maxim/super_ws/install/px4_msgs/include/px4_msgs/px4_msgs/msg/detail/vehicle_air_data__rosidl_typesupport_fastrtps_cpp.hpp\n'}
[2.354137] (px4_msgs) StdoutLine: {'line': b'-- Up-to-date symlink: /home/maxim/super_ws/install/px4_msgs/include/px4_msgs/px4_msgs/msg/detail/vehicle_angular_acceleration_setpoint__rosidl_typesupport_fastrtps_cpp.hpp\n'}
[2.354246] (px4_msgs) StdoutLine: {'line': b'-- Up-to-date symlink: /home/maxim/super_ws/install/px4_msgs/include/px4_msgs/px4_msgs/msg/detail/vehicle_angular_velocity__rosidl_typesupport_fastrtps_cpp.hpp\n'}
[2.354388] (px4_msgs) StdoutLine: {'line': b'-- Up-to-date symlink: /home/maxim/super_ws/install/px4_msgs/include/px4_msgs/px4_msgs/msg/detail/vehicle_attitude__rosidl_typesupport_fastrtps_cpp.hpp\n'}
[2.354505] (px4_msgs) StdoutLine: {'line': b'-- Up-to-date symlink: /home/maxim/super_ws/install/px4_msgs/include/px4_msgs/px4_msgs/msg/detail/vehicle_attitude_setpoint__rosidl_typesupport_fastrtps_cpp.hpp\n'}
[2.354688] (px4_msgs) StdoutLine: {'line': b'-- Up-to-date symlink: /home/maxim/super_ws/install/px4_msgs/include/px4_msgs/px4_msgs/msg/detail/vehicle_command__rosidl_typesupport_fastrtps_cpp.hpp\n'}
[2.354824] (px4_msgs) StdoutLine: {'line': b'-- Up-to-date symlink: /home/maxim/super_ws/install/px4_msgs/include/px4_msgs/px4_msgs/msg/detail/vehicle_command_ack__rosidl_typesupport_fastrtps_cpp.hpp\n'}
[2.354906] (px4_msgs) StdoutLine: {'line': b'-- Up-to-date symlink: /home/maxim/super_ws/install/px4_msgs/include/px4_msgs/px4_msgs/msg/detail/vehicle_constraints__rosidl_typesupport_fastrtps_cpp.hpp\n'}
[2.355070] (px4_msgs) StdoutLine: {'line': b'-- Up-to-date symlink: /home/maxim/super_ws/install/px4_msgs/include/px4_msgs/px4_msgs/msg/detail/vehicle_control_mode__rosidl_typesupport_fastrtps_cpp.hpp\n'}
[2.355176] (px4_msgs) StdoutLine: {'line': b'-- Up-to-date symlink: /home/maxim/super_ws/install/px4_msgs/include/px4_msgs/px4_msgs/msg/detail/vehicle_global_position__rosidl_typesupport_fastrtps_cpp.hpp\n'}
[2.355254] (px4_msgs) StdoutLine: {'line': b'-- Up-to-date symlink: /home/maxim/super_ws/install/px4_msgs/include/px4_msgs/px4_msgs/msg/detail/vehicle_imu__rosidl_typesupport_fastrtps_cpp.hpp\n'}
[2.355336] (px4_msgs) StdoutLine: {'line': b'-- Up-to-date symlink: /home/maxim/super_ws/install/px4_msgs/include/px4_msgs/px4_msgs/msg/detail/vehicle_imu_status__rosidl_typesupport_fastrtps_cpp.hpp\n'}
[2.355466] (px4_msgs) StdoutLine: {'line': b'-- Up-to-date symlink: /home/maxim/super_ws/install/px4_msgs/include/px4_msgs/px4_msgs/msg/detail/vehicle_land_detected__rosidl_typesupport_fastrtps_cpp.hpp\n'}
[2.355593] (px4_msgs) StdoutLine: {'line': b'-- Up-to-date symlink: /home/maxim/super_ws/install/px4_msgs/include/px4_msgs/px4_msgs/msg/detail/vehicle_local_position__rosidl_typesupport_fastrtps_cpp.hpp\n'}
[2.355709] (px4_msgs) StdoutLine: {'line': b'-- Up-to-date symlink: /home/maxim/super_ws/install/px4_msgs/include/px4_msgs/px4_msgs/msg/detail/vehicle_local_position_setpoint__rosidl_typesupport_fastrtps_cpp.hpp\n'}
[2.355832] (px4_msgs) StdoutLine: {'line': b'-- Up-to-date symlink: /home/maxim/super_ws/install/px4_msgs/include/px4_msgs/px4_msgs/msg/detail/vehicle_magnetometer__rosidl_typesupport_fastrtps_cpp.hpp\n'}
[2.355947] (px4_msgs) StdoutLine: {'line': b'-- Up-to-date symlink: /home/maxim/super_ws/install/px4_msgs/include/px4_msgs/px4_msgs/msg/detail/vehicle_odometry__rosidl_typesupport_fastrtps_cpp.hpp\n'}
[2.356126] (px4_msgs) StdoutLine: {'line': b'-- Up-to-date symlink: /home/maxim/super_ws/install/px4_msgs/include/px4_msgs/px4_msgs/msg/detail/vehicle_optical_flow__rosidl_typesupport_fastrtps_cpp.hpp\n'}
[2.356240] (px4_msgs) StdoutLine: {'line': b'-- Up-to-date symlink: /home/maxim/super_ws/install/px4_msgs/include/px4_msgs/px4_msgs/msg/detail/vehicle_optical_flow_vel__rosidl_typesupport_fastrtps_cpp.hpp\n'}
[2.356392] (px4_msgs) StdoutLine: {'line': b'-- Up-to-date symlink: /home/maxim/super_ws/install/px4_msgs/include/px4_msgs/px4_msgs/msg/detail/vehicle_rates_setpoint__rosidl_typesupport_fastrtps_cpp.hpp\n'}
[2.356511] (px4_msgs) StdoutLine: {'line': b'-- Up-to-date symlink: /home/maxim/super_ws/install/px4_msgs/include/px4_msgs/px4_msgs/msg/detail/vehicle_roi__rosidl_typesupport_fastrtps_cpp.hpp\n'}
[2.356633] (px4_msgs) StdoutLine: {'line': b'-- Up-to-date symlink: /home/maxim/super_ws/install/px4_msgs/include/px4_msgs/px4_msgs/msg/detail/vehicle_status__rosidl_typesupport_fastrtps_cpp.hpp\n'}
[2.356856] (px4_msgs) StdoutLine: {'line': b'-- Up-to-date symlink: /home/maxim/super_ws/install/px4_msgs/include/px4_msgs/px4_msgs/msg/detail/vehicle_thrust_setpoint__rosidl_typesupport_fastrtps_cpp.hpp\n'}
[2.357007] (px4_msgs) StdoutLine: {'line': b'-- Up-to-date symlink: /home/maxim/super_ws/install/px4_msgs/include/px4_msgs/px4_msgs/msg/detail/vehicle_torque_setpoint__rosidl_typesupport_fastrtps_cpp.hpp\n'}
[2.357117] (px4_msgs) StdoutLine: {'line': b'-- Up-to-date symlink: /home/maxim/super_ws/install/px4_msgs/include/px4_msgs/px4_msgs/msg/detail/velocity_limits__rosidl_typesupport_fastrtps_cpp.hpp\n'}
[2.357270] (px4_msgs) StdoutLine: {'line': b'-- Up-to-date symlink: /home/maxim/super_ws/install/px4_msgs/include/px4_msgs/px4_msgs/msg/detail/vte_aid_source1d__rosidl_typesupport_fastrtps_cpp.hpp\n'}
[2.357413] (px4_msgs) StdoutLine: {'line': b'-- Up-to-date symlink: /home/maxim/super_ws/install/px4_msgs/include/px4_msgs/px4_msgs/msg/detail/vte_aid_source3d__rosidl_typesupport_fastrtps_cpp.hpp\n'}
[2.357611] (px4_msgs) StdoutLine: {'line': b'-- Up-to-date symlink: /home/maxim/super_ws/install/px4_msgs/include/px4_msgs/px4_msgs/msg/detail/vte_bias_init_status__rosidl_typesupport_fastrtps_cpp.hpp\n'}
[2.357716] (px4_msgs) StdoutLine: {'line': b'-- Up-to-date symlink: /home/maxim/super_ws/install/px4_msgs/include/px4_msgs/px4_msgs/msg/detail/vte_input__rosidl_typesupport_fastrtps_cpp.hpp\n'}
[2.357871] (px4_msgs) StdoutLine: {'line': b'-- Up-to-date symlink: /home/maxim/super_ws/install/px4_msgs/include/px4_msgs/px4_msgs/msg/detail/vte_orientation__rosidl_typesupport_fastrtps_cpp.hpp\n'}
[2.358023] (px4_msgs) StdoutLine: {'line': b'-- Up-to-date symlink: /home/maxim/super_ws/install/px4_msgs/include/px4_msgs/px4_msgs/msg/detail/vte_position__rosidl_typesupport_fastrtps_cpp.hpp\n'}
[2.358225] (px4_msgs) StdoutLine: {'line': b'-- Up-to-date symlink: /home/maxim/super_ws/install/px4_msgs/include/px4_msgs/px4_msgs/msg/detail/vtol_vehicle_status__rosidl_typesupport_fastrtps_cpp.hpp\n'}
[2.358391] (px4_msgs) StdoutLine: {'line': b'-- Up-to-date symlink: /home/maxim/super_ws/install/px4_msgs/include/px4_msgs/px4_msgs/msg/detail/vtx__rosidl_typesupport_fastrtps_cpp.hpp\n'}
[2.358587] (px4_msgs) StdoutLine: {'line': b'-- Up-to-date symlink: /home/maxim/super_ws/install/px4_msgs/include/px4_msgs/px4_msgs/msg/detail/wheel_encoders__rosidl_typesupport_fastrtps_cpp.hpp\n'}
[2.358714] (px4_msgs) StdoutLine: {'line': b'-- Up-to-date symlink: /home/maxim/super_ws/install/px4_msgs/include/px4_msgs/px4_msgs/msg/detail/wind__rosidl_typesupport_fastrtps_cpp.hpp\n'}
[2.358961] (px4_msgs) StdoutLine: {'line': b'-- Up-to-date symlink: /home/maxim/super_ws/install/px4_msgs/include/px4_msgs/px4_msgs/msg/detail/yaw_estimator_status__rosidl_typesupport_fastrtps_cpp.hpp\n'}
[2.359171] (px4_msgs) StdoutLine: {'line': b'-- Up-to-date symlink: /home/maxim/super_ws/install/px4_msgs/include/px4_msgs/px4_msgs/msg/rosidl_typesupport_fastrtps_cpp__visibility_control.h\n'}
[2.359320] (px4_msgs) StdoutLine: {'line': b'-- Up-to-date symlink: /home/maxim/super_ws/install/px4_msgs/include/px4_msgs/px4_msgs/srv/detail/vehicle_command__rosidl_typesupport_fastrtps_cpp.hpp\n'}
[2.361823] (px4_msgs) StdoutLine: {'line': b'-- Up-to-date symlink: /home/maxim/super_ws/install/px4_msgs/include/px4_msgs/px4_msgs/msg/detail/action_request__rosidl_typesupport_introspection_c.h\n'}
[2.361996] (px4_msgs) StdoutLine: {'line': b'-- Up-to-date symlink: /home/maxim/super_ws/install/px4_msgs/include/px4_msgs/px4_msgs/msg/detail/actuator_armed__rosidl_typesupport_introspection_c.h\n'}
[2.362083] (px4_msgs) StdoutLine: {'line': b'-- Up-to-date symlink: /home/maxim/super_ws/install/px4_msgs/include/px4_msgs/px4_msgs/msg/detail/actuator_controls_status__rosidl_typesupport_introspection_c.h\n'}
[2.362222] (px4_msgs) StdoutLine: {'line': b'-- Up-to-date symlink: /home/maxim/super_ws/install/px4_msgs/include/px4_msgs/px4_msgs/msg/detail/actuator_motors__rosidl_typesupport_introspection_c.h\n'}
[2.362302] (px4_msgs) StdoutLine: {'line': b'-- Up-to-date symlink: /home/maxim/super_ws/install/px4_msgs/include/px4_msgs/px4_msgs/msg/detail/actuator_outputs__rosidl_typesupport_introspection_c.h\n'}
[2.362374] (px4_msgs) StdoutLine: {'line': b'-- Up-to-date symlink: /home/maxim/super_ws/install/px4_msgs/include/px4_msgs/px4_msgs/msg/detail/actuator_servos__rosidl_typesupport_introspection_c.h\n'}
[2.362449] (px4_msgs) StdoutLine: {'line': b'-- Up-to-date symlink: /home/maxim/super_ws/install/px4_msgs/include/px4_msgs/px4_msgs/msg/detail/actuator_servos_trim__rosidl_typesupport_introspection_c.h\n'}
[2.362626] (px4_msgs) StdoutLine: {'line': b'-- Up-to-date symlink: /home/maxim/super_ws/install/px4_msgs/include/px4_msgs/px4_msgs/msg/detail/actuator_test__rosidl_typesupport_introspection_c.h\n'}
[2.362733] (px4_msgs) StdoutLine: {'line': b'-- Up-to-date symlink: /home/maxim/super_ws/install/px4_msgs/include/px4_msgs/px4_msgs/msg/detail/adc_report__rosidl_typesupport_introspection_c.h\n'}
[2.362864] (px4_msgs) StdoutLine: {'line': b'-- Up-to-date symlink: /home/maxim/super_ws/install/px4_msgs/include/px4_msgs/px4_msgs/msg/detail/airspeed__rosidl_typesupport_introspection_c.h\n'}
[2.362967] (px4_msgs) StdoutLine: {'line': b'-- Up-to-date symlink: /home/maxim/super_ws/install/px4_msgs/include/px4_msgs/px4_msgs/msg/detail/airspeed_validated__rosidl_typesupport_introspection_c.h\n'}
[2.363056] (px4_msgs) StdoutLine: {'line': b'-- Up-to-date symlink: /home/maxim/super_ws/install/px4_msgs/include/px4_msgs/px4_msgs/msg/detail/airspeed_wind__rosidl_typesupport_introspection_c.h\n'}
[2.363136] (px4_msgs) StdoutLine: {'line': b'-- Up-to-date symlink: /home/maxim/super_ws/install/px4_msgs/include/px4_msgs/px4_msgs/msg/detail/arming_check_reply__rosidl_typesupport_introspection_c.h\n'}
[2.363217] (px4_msgs) StdoutLine: {'line': b'-- Up-to-date symlink: /home/maxim/super_ws/install/px4_msgs/include/px4_msgs/px4_msgs/msg/detail/arming_check_request__rosidl_typesupport_introspection_c.h\n'}
[2.363314] (px4_msgs) StdoutLine: {'line': b'-- Up-to-date symlink: /home/maxim/super_ws/install/px4_msgs/include/px4_msgs/px4_msgs/msg/detail/autotune_attitude_control_status__rosidl_typesupport_introspection_c.h\n'}
[2.363423] (px4_msgs) StdoutLine: {'line': b'-- Up-to-date symlink: /home/maxim/super_ws/install/px4_msgs/include/px4_msgs/px4_msgs/msg/detail/aux_global_position__rosidl_typesupport_introspection_c.h\n'}
[2.363535] (px4_msgs) StdoutLine: {'line': b'-- Up-to-date symlink: /home/maxim/super_ws/install/px4_msgs/include/px4_msgs/px4_msgs/msg/detail/battery_info__rosidl_typesupport_introspection_c.h\n'}
[2.363651] (px4_msgs) StdoutLine: {'line': b'-- Up-to-date symlink: /home/maxim/super_ws/install/px4_msgs/include/px4_msgs/px4_msgs/msg/detail/battery_status__rosidl_typesupport_introspection_c.h\n'}
[2.363756] (px4_msgs) StdoutLine: {'line': b'-- Up-to-date symlink: /home/maxim/super_ws/install/px4_msgs/include/px4_msgs/px4_msgs/msg/detail/button_event__rosidl_typesupport_introspection_c.h\n'}
[2.363862] (px4_msgs) StdoutLine: {'line': b'-- Up-to-date symlink: /home/maxim/super_ws/install/px4_msgs/include/px4_msgs/px4_msgs/msg/detail/camera_capture__rosidl_typesupport_introspection_c.h\n'}
[2.363970] (px4_msgs) StdoutLine: {'line': b'-- Up-to-date symlink: /home/maxim/super_ws/install/px4_msgs/include/px4_msgs/px4_msgs/msg/detail/camera_status__rosidl_typesupport_introspection_c.h\n'}
[2.364083] (px4_msgs) StdoutLine: {'line': b'-- Up-to-date symlink: /home/maxim/super_ws/install/px4_msgs/include/px4_msgs/px4_msgs/msg/detail/camera_trigger__rosidl_typesupport_introspection_c.h\n'}
[2.364220] (px4_msgs) StdoutLine: {'line': b'-- Up-to-date symlink: /home/maxim/super_ws/install/px4_msgs/include/px4_msgs/px4_msgs/msg/detail/can_interface_status__rosidl_typesupport_introspection_c.h\n'}
[2.364306] (px4_msgs) StdoutLine: {'line': b'-- Up-to-date symlink: /home/maxim/super_ws/install/px4_msgs/include/px4_msgs/px4_msgs/msg/detail/cellular_status__rosidl_typesupport_introspection_c.h\n'}
[2.364436] (px4_msgs) StdoutLine: {'line': b'-- Up-to-date symlink: /home/maxim/super_ws/install/px4_msgs/include/px4_msgs/px4_msgs/msg/detail/collision_constraints__rosidl_typesupport_introspection_c.h\n'}
[2.364532] (px4_msgs) StdoutLine: {'line': b'-- Up-to-date symlink: /home/maxim/super_ws/install/px4_msgs/include/px4_msgs/px4_msgs/msg/detail/config_overrides__rosidl_typesupport_introspection_c.h\n'}
[2.364693] (px4_msgs) StdoutLine: {'line': b'-- Up-to-date symlink: /home/maxim/super_ws/install/px4_msgs/include/px4_msgs/px4_msgs/msg/detail/control_allocator_status__rosidl_typesupport_introspection_c.h\n'}
[2.364917] (px4_msgs) StdoutLine: {'line': b'-- Up-to-date symlink: /home/maxim/super_ws/install/px4_msgs/include/px4_msgs/px4_msgs/msg/detail/cpuload__rosidl_typesupport_introspection_c.h\n'}
[2.365075] (px4_msgs) StdoutLine: {'line': b'-- Up-to-date symlink: /home/maxim/super_ws/install/px4_msgs/include/px4_msgs/px4_msgs/msg/detail/dataman_request__rosidl_typesupport_introspection_c.h\n'}
[2.365241] (px4_msgs) StdoutLine: {'line': b'-- Up-to-date symlink: /home/maxim/super_ws/install/px4_msgs/include/px4_msgs/px4_msgs/msg/detail/dataman_response__rosidl_typesupport_introspection_c.h\n'}
[2.365363] (px4_msgs) StdoutLine: {'line': b'-- Up-to-date symlink: /home/maxim/super_ws/install/px4_msgs/include/px4_msgs/px4_msgs/msg/detail/debug_array__rosidl_typesupport_introspection_c.h\n'}
[2.365500] (px4_msgs) StdoutLine: {'line': b'-- Up-to-date symlink: /home/maxim/super_ws/install/px4_msgs/include/px4_msgs/px4_msgs/msg/detail/debug_key_value__rosidl_typesupport_introspection_c.h\n'}
[2.365655] (px4_msgs) StdoutLine: {'line': b'-- Up-to-date symlink: /home/maxim/super_ws/install/px4_msgs/include/px4_msgs/px4_msgs/msg/detail/debug_value__rosidl_typesupport_introspection_c.h\n'}
[2.365786] (px4_msgs) StdoutLine: {'line': b'-- Up-to-date symlink: /home/maxim/super_ws/install/px4_msgs/include/px4_msgs/px4_msgs/msg/detail/debug_vect__rosidl_typesupport_introspection_c.h\n'}
[2.365959] (px4_msgs) StdoutLine: {'line': b'-- Up-to-date symlink: /home/maxim/super_ws/install/px4_msgs/include/px4_msgs/px4_msgs/msg/detail/device_information__rosidl_typesupport_introspection_c.h\n'}
[2.366173] (px4_msgs) StdoutLine: {'line': b'-- Up-to-date symlink: /home/maxim/super_ws/install/px4_msgs/include/px4_msgs/px4_msgs/msg/detail/differential_pressure__rosidl_typesupport_introspection_c.h\n'}
[2.366340] (px4_msgs) StdoutLine: {'line': b'-- Up-to-date symlink: /home/maxim/super_ws/install/px4_msgs/include/px4_msgs/px4_msgs/msg/detail/distance_sensor__rosidl_typesupport_introspection_c.h\n'}
[2.366466] (px4_msgs) StdoutLine: {'line': b'-- Up-to-date symlink: /home/maxim/super_ws/install/px4_msgs/include/px4_msgs/px4_msgs/msg/detail/distance_sensor_mode_change_request__rosidl_typesupport_introspection_c.h\n'}
[2.366624] (px4_msgs) StdoutLine: {'line': b'-- Up-to-date symlink: /home/maxim/super_ws/install/px4_msgs/include/px4_msgs/px4_msgs/msg/detail/dronecan_node_status__rosidl_typesupport_introspection_c.h\n'}
[2.366741] (px4_msgs) StdoutLine: {'line': b'-- Up-to-date symlink: /home/maxim/super_ws/install/px4_msgs/include/px4_msgs/px4_msgs/msg/detail/ekf2_timestamps__rosidl_typesupport_introspection_c.h\n'}
[2.366861] (px4_msgs) StdoutLine: {'line': b'-- Up-to-date symlink: /home/maxim/super_ws/install/px4_msgs/include/px4_msgs/px4_msgs/msg/detail/esc_eeprom_read__rosidl_typesupport_introspection_c.h\n'}
[2.366967] (px4_msgs) StdoutLine: {'line': b'-- Up-to-date symlink: /home/maxim/super_ws/install/px4_msgs/include/px4_msgs/px4_msgs/msg/detail/esc_eeprom_write__rosidl_typesupport_introspection_c.h\n'}
[2.367136] (px4_msgs) StdoutLine: {'line': b'-- Up-to-date symlink: /home/maxim/super_ws/install/px4_msgs/include/px4_msgs/px4_msgs/msg/detail/esc_report__rosidl_typesupport_introspection_c.h\n'}
[2.367305] (px4_msgs) StdoutLine: {'line': b'-- Up-to-date symlink: /home/maxim/super_ws/install/px4_msgs/include/px4_msgs/px4_msgs/msg/detail/esc_status__rosidl_typesupport_introspection_c.h\n'}
[2.367545] (px4_msgs) StdoutLine: {'line': b'-- Up-to-date symlink: /home/maxim/super_ws/install/px4_msgs/include/px4_msgs/px4_msgs/msg/detail/estimator_aid_source1d__rosidl_typesupport_introspection_c.h\n'}
[2.367655] (px4_msgs) StdoutLine: {'line': b'-- Up-to-date symlink: /home/maxim/super_ws/install/px4_msgs/include/px4_msgs/px4_msgs/msg/detail/estimator_aid_source2d__rosidl_typesupport_introspection_c.h\n'}
[2.367744] (px4_msgs) StdoutLine: {'line': b'-- Up-to-date symlink: /home/maxim/super_ws/install/px4_msgs/include/px4_msgs/px4_msgs/msg/detail/estimator_aid_source3d__rosidl_typesupport_introspection_c.h\n'}
[2.367969] (px4_msgs) StdoutLine: {'line': b'-- Up-to-date symlink: /home/maxim/super_ws/install/px4_msgs/include/px4_msgs/px4_msgs/msg/detail/estimator_bias3d__rosidl_typesupport_introspection_c.h\n'}
[2.368174] (px4_msgs) StdoutLine: {'line': b'-- Up-to-date symlink: /home/maxim/super_ws/install/px4_msgs/include/px4_msgs/px4_msgs/msg/detail/estimator_bias__rosidl_typesupport_introspection_c.h\n'}
[2.368270] (px4_msgs) StdoutLine: {'line': b'-- Up-to-date symlink: /home/maxim/super_ws/install/px4_msgs/include/px4_msgs/px4_msgs/msg/detail/estimator_event_flags__rosidl_typesupport_introspection_c.h\n'}
[2.368485] (px4_msgs) StdoutLine: {'line': b'-- Up-to-date symlink: /home/maxim/super_ws/install/px4_msgs/include/px4_msgs/px4_msgs/msg/detail/estimator_fusion_control__rosidl_typesupport_introspection_c.h\n'}
[2.368625] (px4_msgs) StdoutLine: {'line': b'-- Up-to-date symlink: /home/maxim/super_ws/install/px4_msgs/include/px4_msgs/px4_msgs/msg/detail/estimator_gps_status__rosidl_typesupport_introspection_c.h\n'}
[2.368715] (px4_msgs) StdoutLine: {'line': b'-- Up-to-date symlink: /home/maxim/super_ws/install/px4_msgs/include/px4_msgs/px4_msgs/msg/detail/estimator_innovations__rosidl_typesupport_introspection_c.h\n'}
[2.368921] (px4_msgs) StdoutLine: {'line': b'-- Up-to-date symlink: /home/maxim/super_ws/install/px4_msgs/include/px4_msgs/px4_msgs/msg/detail/estimator_selector_status__rosidl_typesupport_introspection_c.h\n'}
[2.369078] (px4_msgs) StdoutLine: {'line': b'-- Up-to-date symlink: /home/maxim/super_ws/install/px4_msgs/include/px4_msgs/px4_msgs/msg/detail/estimator_sensor_bias__rosidl_typesupport_introspection_c.h\n'}
[2.369244] (px4_msgs) StdoutLine: {'line': b'-- Up-to-date symlink: /home/maxim/super_ws/install/px4_msgs/include/px4_msgs/px4_msgs/msg/detail/estimator_states__rosidl_typesupport_introspection_c.h\n'}
[2.369372] (px4_msgs) StdoutLine: {'line': b'-- Up-to-date symlink: /home/maxim/super_ws/install/px4_msgs/include/px4_msgs/px4_msgs/msg/detail/estimator_status__rosidl_typesupport_introspection_c.h\n'}
[2.369518] (px4_msgs) StdoutLine: {'line': b'-- Up-to-date symlink: /home/maxim/super_ws/install/px4_msgs/include/px4_msgs/px4_msgs/msg/detail/estimator_status_flags__rosidl_typesupport_introspection_c.h\n'}
[2.369694] (px4_msgs) StdoutLine: {'line': b'-- Up-to-date symlink: /home/maxim/super_ws/install/px4_msgs/include/px4_msgs/px4_msgs/msg/detail/event__rosidl_typesupport_introspection_c.h\n'}
[2.369843] (px4_msgs) StdoutLine: {'line': b'-- Up-to-date symlink: /home/maxim/super_ws/install/px4_msgs/include/px4_msgs/px4_msgs/msg/detail/failsafe_flags__rosidl_typesupport_introspection_c.h\n'}
[2.370023] (px4_msgs) StdoutLine: {'line': b'-- Up-to-date symlink: /home/maxim/super_ws/install/px4_msgs/include/px4_msgs/px4_msgs/msg/detail/failure_detector_status__rosidl_typesupport_introspection_c.h\n'}
[2.370199] (px4_msgs) StdoutLine: {'line': b'-- Up-to-date symlink: /home/maxim/super_ws/install/px4_msgs/include/px4_msgs/px4_msgs/msg/detail/fiducial_marker_pos_report__rosidl_typesupport_introspection_c.h\n'}
[2.370372] (px4_msgs) StdoutLine: {'line': b'-- Up-to-date symlink: /home/maxim/super_ws/install/px4_msgs/include/px4_msgs/px4_msgs/msg/detail/fiducial_marker_yaw_report__rosidl_typesupport_introspection_c.h\n'}
[2.370471] (px4_msgs) StdoutLine: {'line': b'-- Up-to-date symlink: /home/maxim/super_ws/install/px4_msgs/include/px4_msgs/px4_msgs/msg/detail/figure_eight_status__rosidl_typesupport_introspection_c.h\n'}
[2.370666] (px4_msgs) StdoutLine: {'line': b'-- Up-to-date symlink: /home/maxim/super_ws/install/px4_msgs/include/px4_msgs/px4_msgs/msg/detail/fixed_wing_lateral_guidance_status__rosidl_typesupport_introspection_c.h\n'}
[2.370842] (px4_msgs) StdoutLine: {'line': b'-- Up-to-date symlink: /home/maxim/super_ws/install/px4_msgs/include/px4_msgs/px4_msgs/msg/detail/fixed_wing_lateral_setpoint__rosidl_typesupport_introspection_c.h\n'}
[2.370990] (px4_msgs) StdoutLine: {'line': b'-- Up-to-date symlink: /home/maxim/super_ws/install/px4_msgs/include/px4_msgs/px4_msgs/msg/detail/fixed_wing_lateral_status__rosidl_typesupport_introspection_c.h\n'}
[2.371139] (px4_msgs) StdoutLine: {'line': b'-- Up-to-date symlink: /home/maxim/super_ws/install/px4_msgs/include/px4_msgs/px4_msgs/msg/detail/fixed_wing_longitudinal_setpoint__rosidl_typesupport_introspection_c.h\n'}
[2.371293] (px4_msgs) StdoutLine: {'line': b'-- Up-to-date symlink: /home/maxim/super_ws/install/px4_msgs/include/px4_msgs/px4_msgs/msg/detail/fixed_wing_runway_control__rosidl_typesupport_introspection_c.h\n'}
[2.371438] (px4_msgs) StdoutLine: {'line': b'-- Up-to-date symlink: /home/maxim/super_ws/install/px4_msgs/include/px4_msgs/px4_msgs/msg/detail/flight_phase_estimation__rosidl_typesupport_introspection_c.h\n'}
[2.371540] (px4_msgs) StdoutLine: {'line': b'-- Up-to-date symlink: /home/maxim/super_ws/install/px4_msgs/include/px4_msgs/px4_msgs/msg/detail/follow_target__rosidl_typesupport_introspection_c.h\n'}
[2.371688] (px4_msgs) StdoutLine: {'line': b'-- Up-to-date symlink: /home/maxim/super_ws/install/px4_msgs/include/px4_msgs/px4_msgs/msg/detail/follow_target_estimator__rosidl_typesupport_introspection_c.h\n'}
[2.371855] (px4_msgs) StdoutLine: {'line': b'-- Up-to-date symlink: /home/maxim/super_ws/install/px4_msgs/include/px4_msgs/px4_msgs/msg/detail/follow_target_status__rosidl_typesupport_introspection_c.h\n'}
[2.372029] (px4_msgs) StdoutLine: {'line': b'-- Up-to-date symlink: /home/maxim/super_ws/install/px4_msgs/include/px4_msgs/px4_msgs/msg/detail/fuel_tank_status__rosidl_typesupport_introspection_c.h\n'}
[2.372160] (px4_msgs) StdoutLine: {'line': b'-- Up-to-date symlink: /home/maxim/super_ws/install/px4_msgs/include/px4_msgs/px4_msgs/msg/detail/gain_compression__rosidl_typesupport_introspection_c.h\n'}
[2.372302] (px4_msgs) StdoutLine: {'line': b'-- Up-to-date symlink: /home/maxim/super_ws/install/px4_msgs/include/px4_msgs/px4_msgs/msg/detail/generator_status__rosidl_typesupport_introspection_c.h\n'}
[2.372509] (px4_msgs) StdoutLine: {'line': b'-- Up-to-date symlink: /home/maxim/super_ws/install/px4_msgs/include/px4_msgs/px4_msgs/msg/detail/geofence_result__rosidl_typesupport_introspection_c.h\n'}
[2.372609] (px4_msgs) StdoutLine: {'line': b'-- Up-to-date symlink: /home/maxim/super_ws/install/px4_msgs/include/px4_msgs/px4_msgs/msg/detail/geofence_status__rosidl_typesupport_introspection_c.h\n'}
[2.372734] (px4_msgs) StdoutLine: {'line': b'-- Up-to-date symlink: /home/maxim/super_ws/install/px4_msgs/include/px4_msgs/px4_msgs/msg/detail/gimbal_controls__rosidl_typesupport_introspection_c.h\n'}
[2.373057] (px4_msgs) StdoutLine: {'line': b'-- Up-to-date symlink: /home/maxim/super_ws/install/px4_msgs/include/px4_msgs/px4_msgs/msg/detail/gimbal_device_attitude_status__rosidl_typesupport_introspection_c.h\n'}
[2.373202] (px4_msgs) StdoutLine: {'line': b'-- Up-to-date symlink: /home/maxim/super_ws/install/px4_msgs/include/px4_msgs/px4_msgs/msg/detail/gimbal_device_information__rosidl_typesupport_introspection_c.h\n'}
[2.373287] (px4_msgs) StdoutLine: {'line': b'-- Up-to-date symlink: /home/maxim/super_ws/install/px4_msgs/include/px4_msgs/px4_msgs/msg/detail/gimbal_device_set_attitude__rosidl_typesupport_introspection_c.h\n'}
[2.373369] (px4_msgs) StdoutLine: {'line': b'-- Up-to-date symlink: /home/maxim/super_ws/install/px4_msgs/include/px4_msgs/px4_msgs/msg/detail/gimbal_manager_information__rosidl_typesupport_introspection_c.h\n'}
[2.373605] (px4_msgs) StdoutLine: {'line': b'-- Up-to-date symlink: /home/maxim/super_ws/install/px4_msgs/include/px4_msgs/px4_msgs/msg/detail/gimbal_manager_set_attitude__rosidl_typesupport_introspection_c.h\n'}
[2.373750] (px4_msgs) StdoutLine: {'line': b'-- Up-to-date symlink: /home/maxim/super_ws/install/px4_msgs/include/px4_msgs/px4_msgs/msg/detail/gimbal_manager_set_manual_control__rosidl_typesupport_introspection_c.h\n'}
[2.373939] (px4_msgs) StdoutLine: {'line': b'-- Up-to-date symlink: /home/maxim/super_ws/install/px4_msgs/include/px4_msgs/px4_msgs/msg/detail/gimbal_manager_status__rosidl_typesupport_introspection_c.h\n'}
[2.374226] (px4_msgs) StdoutLine: {'line': b'-- Up-to-date symlink: /home/maxim/super_ws/install/px4_msgs/include/px4_msgs/px4_msgs/msg/detail/goto_setpoint__rosidl_typesupport_introspection_c.h\n'}
[2.374392] (px4_msgs) StdoutLine: {'line': b'-- Up-to-date symlink: /home/maxim/super_ws/install/px4_msgs/include/px4_msgs/px4_msgs/msg/detail/gpio_config__rosidl_typesupport_introspection_c.h\n'}
[2.374519] (px4_msgs) StdoutLine: {'line': b'-- Up-to-date symlink: /home/maxim/super_ws/install/px4_msgs/include/px4_msgs/px4_msgs/msg/detail/gpio_in__rosidl_typesupport_introspection_c.h\n'}
[2.374649] (px4_msgs) StdoutLine: {'line': b'-- Up-to-date symlink: /home/maxim/super_ws/install/px4_msgs/include/px4_msgs/px4_msgs/msg/detail/gpio_out__rosidl_typesupport_introspection_c.h\n'}
[2.374841] (px4_msgs) StdoutLine: {'line': b'-- Up-to-date symlink: /home/maxim/super_ws/install/px4_msgs/include/px4_msgs/px4_msgs/msg/detail/gpio_request__rosidl_typesupport_introspection_c.h\n'}
[2.375043] (px4_msgs) StdoutLine: {'line': b'-- Up-to-date symlink: /home/maxim/super_ws/install/px4_msgs/include/px4_msgs/px4_msgs/msg/detail/gps_dump__rosidl_typesupport_introspection_c.h\n'}
[2.375293] (px4_msgs) StdoutLine: {'line': b'-- Up-to-date symlink: /home/maxim/super_ws/install/px4_msgs/include/px4_msgs/px4_msgs/msg/detail/gps_inject_data__rosidl_typesupport_introspection_c.h\n'}
[2.375441] (px4_msgs) StdoutLine: {'line': b'-- Up-to-date symlink: /home/maxim/super_ws/install/px4_msgs/include/px4_msgs/px4_msgs/msg/detail/gripper__rosidl_typesupport_introspection_c.h\n'}
[2.375596] (px4_msgs) StdoutLine: {'line': b'-- Up-to-date symlink: /home/maxim/super_ws/install/px4_msgs/include/px4_msgs/px4_msgs/msg/detail/health_report__rosidl_typesupport_introspection_c.h\n'}
[2.375703] (px4_msgs) StdoutLine: {'line': b'-- Up-to-date symlink: /home/maxim/super_ws/install/px4_msgs/include/px4_msgs/px4_msgs/msg/detail/heater_status__rosidl_typesupport_introspection_c.h\n'}
[2.375877] (px4_msgs) StdoutLine: {'line': b'-- Up-to-date symlink: /home/maxim/super_ws/install/px4_msgs/include/px4_msgs/px4_msgs/msg/detail/home_position__rosidl_typesupport_introspection_c.h\n'}
[2.376068] (px4_msgs) StdoutLine: {'line': b'-- Up-to-date symlink: /home/maxim/super_ws/install/px4_msgs/include/px4_msgs/px4_msgs/msg/detail/hover_thrust_estimate__rosidl_typesupport_introspection_c.h\n'}
[2.376210] (px4_msgs) StdoutLine: {'line': b'-- Up-to-date symlink: /home/maxim/super_ws/install/px4_msgs/include/px4_msgs/px4_msgs/msg/detail/input_rc__rosidl_typesupport_introspection_c.h\n'}
[2.376385] (px4_msgs) StdoutLine: {'line': b'-- Up-to-date symlink: /home/maxim/super_ws/install/px4_msgs/include/px4_msgs/px4_msgs/msg/detail/internal_combustion_engine_control__rosidl_typesupport_introspection_c.h\n'}
[2.376533] (px4_msgs) StdoutLine: {'line': b'-- Up-to-date symlink: /home/maxim/super_ws/install/px4_msgs/include/px4_msgs/px4_msgs/msg/detail/internal_combustion_engine_status__rosidl_typesupport_introspection_c.h\n'}
[2.376718] (px4_msgs) StdoutLine: {'line': b'-- Up-to-date symlink: /home/maxim/super_ws/install/px4_msgs/include/px4_msgs/px4_msgs/msg/detail/iridiumsbd_status__rosidl_typesupport_introspection_c.h\n'}
[2.376983] (px4_msgs) StdoutLine: {'line': b'-- Up-to-date symlink: /home/maxim/super_ws/install/px4_msgs/include/px4_msgs/px4_msgs/msg/detail/irlock_report__rosidl_typesupport_introspection_c.h\n'}
[2.377132] (px4_msgs) StdoutLine: {'line': b'-- Up-to-date symlink: /home/maxim/super_ws/install/px4_msgs/include/px4_msgs/px4_msgs/msg/detail/landing_gear__rosidl_typesupport_introspection_c.h\n'}
[2.377300] (px4_msgs) StdoutLine: {'line': b'-- Up-to-date symlink: /home/maxim/super_ws/install/px4_msgs/include/px4_msgs/px4_msgs/msg/detail/landing_gear_wheel__rosidl_typesupport_introspection_c.h\n'}
[2.377474] (px4_msgs) StdoutLine: {'line': b'-- Up-to-date symlink: /home/maxim/super_ws/install/px4_msgs/include/px4_msgs/px4_msgs/msg/detail/landing_target_innovations__rosidl_typesupport_introspection_c.h\n'}
[2.377640] (px4_msgs) StdoutLine: {'line': b'-- Up-to-date symlink: /home/maxim/super_ws/install/px4_msgs/include/px4_msgs/px4_msgs/msg/detail/landing_target_pose__rosidl_typesupport_introspection_c.h\n'}
[2.377747] (px4_msgs) StdoutLine: {'line': b'-- Up-to-date symlink: /home/maxim/super_ws/install/px4_msgs/include/px4_msgs/px4_msgs/msg/detail/lateral_control_configuration__rosidl_typesupport_introspection_c.h\n'}
[2.377900] (px4_msgs) StdoutLine: {'line': b'-- Up-to-date symlink: /home/maxim/super_ws/install/px4_msgs/include/px4_msgs/px4_msgs/msg/detail/launch_detection_status__rosidl_typesupport_introspection_c.h\n'}
[2.378096] (px4_msgs) StdoutLine: {'line': b'-- Up-to-date symlink: /home/maxim/super_ws/install/px4_msgs/include/px4_msgs/px4_msgs/msg/detail/led_control__rosidl_typesupport_introspection_c.h\n'}
[2.378281] (px4_msgs) StdoutLine: {'line': b'-- Up-to-date symlink: /home/maxim/super_ws/install/px4_msgs/include/px4_msgs/px4_msgs/msg/detail/log_message__rosidl_typesupport_introspection_c.h\n'}
[2.378545] (px4_msgs) StdoutLine: {'line': b'-- Up-to-date symlink: /home/maxim/super_ws/install/px4_msgs/include/px4_msgs/px4_msgs/msg/detail/logger_status__rosidl_typesupport_introspection_c.h\n'}
[2.378706] (px4_msgs) StdoutLine: {'line': b'-- Up-to-date symlink: /home/maxim/super_ws/install/px4_msgs/include/px4_msgs/px4_msgs/msg/detail/longitudinal_control_configuration__rosidl_typesupport_introspection_c.h\n'}
[2.378934] (px4_msgs) StdoutLine: {'line': b'-- Up-to-date symlink: /home/maxim/super_ws/install/px4_msgs/include/px4_msgs/px4_msgs/msg/detail/mag_worker_data__rosidl_typesupport_introspection_c.h\n'}
[2.379082] (px4_msgs) StdoutLine: {'line': b'-- Up-to-date symlink: /home/maxim/super_ws/install/px4_msgs/include/px4_msgs/px4_msgs/msg/detail/magnetometer_bias_estimate__rosidl_typesupport_introspection_c.h\n'}
[2.379252] (px4_msgs) StdoutLine: {'line': b'-- Up-to-date symlink: /home/maxim/super_ws/install/px4_msgs/include/px4_msgs/px4_msgs/msg/detail/manual_control_setpoint__rosidl_typesupport_introspection_c.h\n'}
[2.379461] (px4_msgs) StdoutLine: {'line': b'-- Up-to-date symlink: /home/maxim/super_ws/install/px4_msgs/include/px4_msgs/px4_msgs/msg/detail/manual_control_switches__rosidl_typesupport_introspection_c.h\n'}
[2.379604] (px4_msgs) StdoutLine: {'line': b'-- Up-to-date symlink: /home/maxim/super_ws/install/px4_msgs/include/px4_msgs/px4_msgs/msg/detail/mavlink_log__rosidl_typesupport_introspection_c.h\n'}
[2.379885] (px4_msgs) StdoutLine: {'line': b'-- Up-to-date symlink: /home/maxim/super_ws/install/px4_msgs/include/px4_msgs/px4_msgs/msg/detail/mavlink_tunnel__rosidl_typesupport_introspection_c.h\n'}
[2.380031] (px4_msgs) StdoutLine: {'line': b'-- Up-to-date symlink: /home/maxim/super_ws/install/px4_msgs/include/px4_msgs/px4_msgs/msg/detail/message_format_request__rosidl_typesupport_introspection_c.h\n'}
[2.380156] (px4_msgs) StdoutLine: {'line': b'-- Up-to-date symlink: /home/maxim/super_ws/install/px4_msgs/include/px4_msgs/px4_msgs/msg/detail/message_format_response__rosidl_typesupport_introspection_c.h\n'}
[2.380290] (px4_msgs) StdoutLine: {'line': b'-- Up-to-date symlink: /home/maxim/super_ws/install/px4_msgs/include/px4_msgs/px4_msgs/msg/detail/mission__rosidl_typesupport_introspection_c.h\n'}
[2.380451] (px4_msgs) StdoutLine: {'line': b'-- Up-to-date symlink: /home/maxim/super_ws/install/px4_msgs/include/px4_msgs/px4_msgs/msg/detail/mission_result__rosidl_typesupport_introspection_c.h\n'}
[2.380626] (px4_msgs) StdoutLine: {'line': b'-- Up-to-date symlink: /home/maxim/super_ws/install/px4_msgs/include/px4_msgs/px4_msgs/msg/detail/mode_completed__rosidl_typesupport_introspection_c.h\n'}
[2.380796] (px4_msgs) StdoutLine: {'line': b'-- Up-to-date symlink: /home/maxim/super_ws/install/px4_msgs/include/px4_msgs/px4_msgs/msg/detail/mount_orientation__rosidl_typesupport_introspection_c.h\n'}
[2.380971] (px4_msgs) StdoutLine: {'line': b'-- Up-to-date symlink: /home/maxim/super_ws/install/px4_msgs/include/px4_msgs/px4_msgs/msg/detail/navigator_mission_item__rosidl_typesupport_introspection_c.h\n'}
[2.381192] (px4_msgs) StdoutLine: {'line': b'-- Up-to-date symlink: /home/maxim/super_ws/install/px4_msgs/include/px4_msgs/px4_msgs/msg/detail/navigator_status__rosidl_typesupport_introspection_c.h\n'}
[2.381371] (px4_msgs) StdoutLine: {'line': b'-- Up-to-date symlink: /home/maxim/super_ws/install/px4_msgs/include/px4_msgs/px4_msgs/msg/detail/neural_control__rosidl_typesupport_introspection_c.h\n'}
[2.381533] (px4_msgs) StdoutLine: {'line': b'-- Up-to-date symlink: /home/maxim/super_ws/install/px4_msgs/include/px4_msgs/px4_msgs/msg/detail/normalized_unsigned_setpoint__rosidl_typesupport_introspection_c.h\n'}
[2.381678] (px4_msgs) StdoutLine: {'line': b'-- Up-to-date symlink: /home/maxim/super_ws/install/px4_msgs/include/px4_msgs/px4_msgs/msg/detail/obstacle_distance__rosidl_typesupport_introspection_c.h\n'}
[2.381854] (px4_msgs) StdoutLine: {'line': b'-- Up-to-date symlink: /home/maxim/super_ws/install/px4_msgs/include/px4_msgs/px4_msgs/msg/detail/offboard_control_mode__rosidl_typesupport_introspection_c.h\n'}
[2.382102] (px4_msgs) StdoutLine: {'line': b'-- Up-to-date symlink: /home/maxim/super_ws/install/px4_msgs/include/px4_msgs/px4_msgs/msg/detail/onboard_computer_status__rosidl_typesupport_introspection_c.h\n'}
[2.382292] (px4_msgs) StdoutLine: {'line': b'-- Up-to-date symlink: /home/maxim/super_ws/install/px4_msgs/include/px4_msgs/px4_msgs/msg/detail/open_drone_id_arm_status__rosidl_typesupport_introspection_c.h\n'}
[2.382451] (px4_msgs) StdoutLine: {'line': b'-- Up-to-date symlink: /home/maxim/super_ws/install/px4_msgs/include/px4_msgs/px4_msgs/msg/detail/open_drone_id_operator_id__rosidl_typesupport_introspection_c.h\n'}
[2.382575] (px4_msgs) StdoutLine: {'line': b'-- Up-to-date symlink: /home/maxim/super_ws/install/px4_msgs/include/px4_msgs/px4_msgs/msg/detail/open_drone_id_self_id__rosidl_typesupport_introspection_c.h\n'}
[2.382732] (px4_msgs) StdoutLine: {'line': b'-- Up-to-date symlink: /home/maxim/super_ws/install/px4_msgs/include/px4_msgs/px4_msgs/msg/detail/open_drone_id_system__rosidl_typesupport_introspection_c.h\n'}
[2.383127] (px4_msgs) StdoutLine: {'line': b'-- Up-to-date symlink: /home/maxim/super_ws/install/px4_msgs/include/px4_msgs/px4_msgs/msg/detail/orb_test__rosidl_typesupport_introspection_c.h\n'}
[2.383200] (px4_msgs) StdoutLine: {'line': b'-- Up-to-date symlink: /home/maxim/super_ws/install/px4_msgs/include/px4_msgs/px4_msgs/msg/detail/orb_test_large__rosidl_typesupport_introspection_c.h\n'}
[2.383283] (px4_msgs) StdoutLine: {'line': b'-- Up-to-date symlink: /home/maxim/super_ws/install/px4_msgs/include/px4_msgs/px4_msgs/msg/detail/orb_test_medium__rosidl_typesupport_introspection_c.h\n'}
[2.383402] (px4_msgs) StdoutLine: {'line': b'-- Up-to-date symlink: /home/maxim/super_ws/install/px4_msgs/include/px4_msgs/px4_msgs/msg/detail/orbit_status__rosidl_typesupport_introspection_c.h\n'}
[2.383553] (px4_msgs) StdoutLine: {'line': b'-- Up-to-date symlink: /home/maxim/super_ws/install/px4_msgs/include/px4_msgs/px4_msgs/msg/detail/parameter_reset_request__rosidl_typesupport_introspection_c.h\n'}
[2.383716] (px4_msgs) StdoutLine: {'line': b'-- Up-to-date symlink: /home/maxim/super_ws/install/px4_msgs/include/px4_msgs/px4_msgs/msg/detail/parameter_set_used_request__rosidl_typesupport_introspection_c.h\n'}
[2.383879] (px4_msgs) StdoutLine: {'line': b'-- Up-to-date symlink: /home/maxim/super_ws/install/px4_msgs/include/px4_msgs/px4_msgs/msg/detail/parameter_set_value_request__rosidl_typesupport_introspection_c.h\n'}
[2.384030] (px4_msgs) StdoutLine: {'line': b'-- Up-to-date symlink: /home/maxim/super_ws/install/px4_msgs/include/px4_msgs/px4_msgs/msg/detail/parameter_set_value_response__rosidl_typesupport_introspection_c.h\n'}
[2.384276] (px4_msgs) StdoutLine: {'line': b'-- Up-to-date symlink: /home/maxim/super_ws/install/px4_msgs/include/px4_msgs/px4_msgs/msg/detail/parameter_update__rosidl_typesupport_introspection_c.h\n'}
[2.384434] (px4_msgs) StdoutLine: {'line': b'-- Up-to-date symlink: /home/maxim/super_ws/install/px4_msgs/include/px4_msgs/px4_msgs/msg/detail/ping__rosidl_typesupport_introspection_c.h\n'}
[2.384643] (px4_msgs) StdoutLine: {'line': b'-- Up-to-date symlink: /home/maxim/super_ws/install/px4_msgs/include/px4_msgs/px4_msgs/msg/detail/position_controller_landing_status__rosidl_typesupport_introspection_c.h\n'}
[2.384897] (px4_msgs) StdoutLine: {'line': b'-- Up-to-date symlink: /home/maxim/super_ws/install/px4_msgs/include/px4_msgs/px4_msgs/msg/detail/position_controller_status__rosidl_typesupport_introspection_c.h\n'}
[2.385122] (px4_msgs) StdoutLine: {'line': b'-- Up-to-date symlink: /home/maxim/super_ws/install/px4_msgs/include/px4_msgs/px4_msgs/msg/detail/position_setpoint__rosidl_typesupport_introspection_c.h\n'}
[2.385302] (px4_msgs) StdoutLine: {'line': b'-- Up-to-date symlink: /home/maxim/super_ws/install/px4_msgs/include/px4_msgs/px4_msgs/msg/detail/position_setpoint_triplet__rosidl_typesupport_introspection_c.h\n'}
[2.385580] (px4_msgs) StdoutLine: {'line': b'-- Up-to-date symlink: /home/maxim/super_ws/install/px4_msgs/include/px4_msgs/px4_msgs/msg/detail/power_button_state__rosidl_typesupport_introspection_c.h\n'}
[2.385694] (px4_msgs) StdoutLine: {'line': b'-- Up-to-date symlink: /home/maxim/super_ws/install/px4_msgs/include/px4_msgs/px4_msgs/msg/detail/power_monitor__rosidl_typesupport_introspection_c.h\n'}
[2.386179] (px4_msgs) StdoutLine: {'line': b'-- Up-to-date symlink: /home/maxim/super_ws/install/px4_msgs/include/px4_msgs/px4_msgs/msg/detail/pps_capture__rosidl_typesupport_introspection_c.h\n'}
[2.386274] (px4_msgs) StdoutLine: {'line': b'-- Up-to-date symlink: /home/maxim/super_ws/install/px4_msgs/include/px4_msgs/px4_msgs/msg/detail/prec_land_status__rosidl_typesupport_introspection_c.h\n'}
[2.386338] (px4_msgs) StdoutLine: {'line': b'-- Up-to-date symlink: /home/maxim/super_ws/install/px4_msgs/include/px4_msgs/px4_msgs/msg/detail/pure_pursuit_status__rosidl_typesupport_introspection_c.h\n'}
[2.386439] (px4_msgs) StdoutLine: {'line': b'-- Up-to-date symlink: /home/maxim/super_ws/install/px4_msgs/include/px4_msgs/px4_msgs/msg/detail/pwm_input__rosidl_typesupport_introspection_c.h\n'}
[2.386557] (px4_msgs) StdoutLine: {'line': b'-- Up-to-date symlink: /home/maxim/super_ws/install/px4_msgs/include/px4_msgs/px4_msgs/msg/detail/px4io_status__rosidl_typesupport_introspection_c.h\n'}
[2.386622] (px4_msgs) StdoutLine: {'line': b'-- Up-to-date symlink: /home/maxim/super_ws/install/px4_msgs/include/px4_msgs/px4_msgs/msg/detail/qshell_req__rosidl_typesupport_introspection_c.h\n'}
[2.386700] (px4_msgs) StdoutLine: {'line': b'-- Up-to-date symlink: /home/maxim/super_ws/install/px4_msgs/include/px4_msgs/px4_msgs/msg/detail/qshell_retval__rosidl_typesupport_introspection_c.h\n'}
[2.386767] (px4_msgs) StdoutLine: {'line': b'-- Up-to-date symlink: /home/maxim/super_ws/install/px4_msgs/include/px4_msgs/px4_msgs/msg/detail/radio_status__rosidl_typesupport_introspection_c.h\n'}
[2.386905] (px4_msgs) StdoutLine: {'line': b'-- Up-to-date symlink: /home/maxim/super_ws/install/px4_msgs/include/px4_msgs/px4_msgs/msg/detail/ranging_beacon__rosidl_typesupport_introspection_c.h\n'}
[2.387024] (px4_msgs) StdoutLine: {'line': b'-- Up-to-date symlink: /home/maxim/super_ws/install/px4_msgs/include/px4_msgs/px4_msgs/msg/detail/raptor_input__rosidl_typesupport_introspection_c.h\n'}
[2.387112] (px4_msgs) StdoutLine: {'line': b'-- Up-to-date symlink: /home/maxim/super_ws/install/px4_msgs/include/px4_msgs/px4_msgs/msg/detail/raptor_status__rosidl_typesupport_introspection_c.h\n'}
[2.387225] (px4_msgs) StdoutLine: {'line': b'-- Up-to-date symlink: /home/maxim/super_ws/install/px4_msgs/include/px4_msgs/px4_msgs/msg/detail/rate_ctrl_status__rosidl_typesupport_introspection_c.h\n'}
[2.387376] (px4_msgs) StdoutLine: {'line': b'-- Up-to-date symlink: /home/maxim/super_ws/install/px4_msgs/include/px4_msgs/px4_msgs/msg/detail/rc_channels__rosidl_typesupport_introspection_c.h\n'}
[2.387484] (px4_msgs) StdoutLine: {'line': b'-- Up-to-date symlink: /home/maxim/super_ws/install/px4_msgs/include/px4_msgs/px4_msgs/msg/detail/rc_parameter_map__rosidl_typesupport_introspection_c.h\n'}
[2.387598] (px4_msgs) StdoutLine: {'line': b'-- Up-to-date symlink: /home/maxim/super_ws/install/px4_msgs/include/px4_msgs/px4_msgs/msg/detail/register_ext_component_reply__rosidl_typesupport_introspection_c.h\n'}
[2.387706] (px4_msgs) StdoutLine: {'line': b'-- Up-to-date symlink: /home/maxim/super_ws/install/px4_msgs/include/px4_msgs/px4_msgs/msg/detail/register_ext_component_request__rosidl_typesupport_introspection_c.h\n'}
[2.387856] (px4_msgs) StdoutLine: {'line': b'-- Up-to-date symlink: /home/maxim/super_ws/install/px4_msgs/include/px4_msgs/px4_msgs/msg/detail/rover_attitude_setpoint__rosidl_typesupport_introspection_c.h\n'}
[2.387931] (px4_msgs) StdoutLine: {'line': b'-- Up-to-date symlink: /home/maxim/super_ws/install/px4_msgs/include/px4_msgs/px4_msgs/msg/detail/rover_attitude_status__rosidl_typesupport_introspection_c.h\n'}
[2.388014] (px4_msgs) StdoutLine: {'line': b'-- Up-to-date symlink: /home/maxim/super_ws/install/px4_msgs/include/px4_msgs/px4_msgs/msg/detail/rover_position_setpoint__rosidl_typesupport_introspection_c.h\n'}
[2.388122] (px4_msgs) StdoutLine: {'line': b'-- Up-to-date symlink: /home/maxim/super_ws/install/px4_msgs/include/px4_msgs/px4_msgs/msg/detail/rover_rate_setpoint__rosidl_typesupport_introspection_c.h\n'}
[2.388345] (px4_msgs) StdoutLine: {'line': b'-- Up-to-date symlink: /home/maxim/super_ws/install/px4_msgs/include/px4_msgs/px4_msgs/msg/detail/rover_rate_status__rosidl_typesupport_introspection_c.h\n'}
[2.388455] (px4_msgs) StdoutLine: {'line': b'-- Up-to-date symlink: /home/maxim/super_ws/install/px4_msgs/include/px4_msgs/px4_msgs/msg/detail/rover_speed_setpoint__rosidl_typesupport_introspection_c.h\n'}
[2.388566] (px4_msgs) StdoutLine: {'line': b'-- Up-to-date symlink: /home/maxim/super_ws/install/px4_msgs/include/px4_msgs/px4_msgs/msg/detail/rover_speed_status__rosidl_typesupport_introspection_c.h\n'}
[2.388659] (px4_msgs) StdoutLine: {'line': b'-- Up-to-date symlink: /home/maxim/super_ws/install/px4_msgs/include/px4_msgs/px4_msgs/msg/detail/rover_steering_setpoint__rosidl_typesupport_introspection_c.h\n'}
[2.388757] (px4_msgs) StdoutLine: {'line': b'-- Up-to-date symlink: /home/maxim/super_ws/install/px4_msgs/include/px4_msgs/px4_msgs/msg/detail/rover_throttle_setpoint__rosidl_typesupport_introspection_c.h\n'}
[2.388863] (px4_msgs) StdoutLine: {'line': b'-- Up-to-date symlink: /home/maxim/super_ws/install/px4_msgs/include/px4_msgs/px4_msgs/msg/detail/rpm__rosidl_typesupport_introspection_c.h\n'}
[2.389007] (px4_msgs) StdoutLine: {'line': b'-- Up-to-date symlink: /home/maxim/super_ws/install/px4_msgs/include/px4_msgs/px4_msgs/msg/detail/rtl_status__rosidl_typesupport_introspection_c.h\n'}
[2.389187] (px4_msgs) StdoutLine: {'line': b'-- Up-to-date symlink: /home/maxim/super_ws/install/px4_msgs/include/px4_msgs/px4_msgs/msg/detail/rtl_time_estimate__rosidl_typesupport_introspection_c.h\n'}
[2.389294] (px4_msgs) StdoutLine: {'line': b'-- Up-to-date symlink: /home/maxim/super_ws/install/px4_msgs/include/px4_msgs/px4_msgs/msg/detail/satellite_info__rosidl_typesupport_introspection_c.h\n'}
[2.389372] (px4_msgs) StdoutLine: {'line': b'-- Up-to-date symlink: /home/maxim/super_ws/install/px4_msgs/include/px4_msgs/px4_msgs/msg/detail/sensor_accel__rosidl_typesupport_introspection_c.h\n'}
[2.389444] (px4_msgs) StdoutLine: {'line': b'-- Up-to-date symlink: /home/maxim/super_ws/install/px4_msgs/include/px4_msgs/px4_msgs/msg/detail/sensor_accel_fifo__rosidl_typesupport_introspection_c.h\n'}
[2.389531] (px4_msgs) StdoutLine: {'line': b'-- Up-to-date symlink: /home/maxim/super_ws/install/px4_msgs/include/px4_msgs/px4_msgs/msg/detail/sensor_airflow__rosidl_typesupport_introspection_c.h\n'}
[2.389637] (px4_msgs) StdoutLine: {'line': b'-- Up-to-date symlink: /home/maxim/super_ws/install/px4_msgs/include/px4_msgs/px4_msgs/msg/detail/sensor_baro__rosidl_typesupport_introspection_c.h\n'}
[2.389747] (px4_msgs) StdoutLine: {'line': b'-- Up-to-date symlink: /home/maxim/super_ws/install/px4_msgs/include/px4_msgs/px4_msgs/msg/detail/sensor_combined__rosidl_typesupport_introspection_c.h\n'}
[2.389865] (px4_msgs) StdoutLine: {'line': b'-- Up-to-date symlink: /home/maxim/super_ws/install/px4_msgs/include/px4_msgs/px4_msgs/msg/detail/sensor_correction__rosidl_typesupport_introspection_c.h\n'}
[2.389974] (px4_msgs) StdoutLine: {'line': b'-- Up-to-date symlink: /home/maxim/super_ws/install/px4_msgs/include/px4_msgs/px4_msgs/msg/detail/sensor_gnss_relative__rosidl_typesupport_introspection_c.h\n'}
[2.390130] (px4_msgs) StdoutLine: {'line': b'-- Up-to-date symlink: /home/maxim/super_ws/install/px4_msgs/include/px4_msgs/px4_msgs/msg/detail/sensor_gnss_status__rosidl_typesupport_introspection_c.h\n'}
[2.390235] (px4_msgs) StdoutLine: {'line': b'-- Up-to-date symlink: /home/maxim/super_ws/install/px4_msgs/include/px4_msgs/px4_msgs/msg/detail/sensor_gps__rosidl_typesupport_introspection_c.h\n'}
[2.390349] (px4_msgs) StdoutLine: {'line': b'-- Up-to-date symlink: /home/maxim/super_ws/install/px4_msgs/include/px4_msgs/px4_msgs/msg/detail/sensor_gyro__rosidl_typesupport_introspection_c.h\n'}
[2.390462] (px4_msgs) StdoutLine: {'line': b'-- Up-to-date symlink: /home/maxim/super_ws/install/px4_msgs/include/px4_msgs/px4_msgs/msg/detail/sensor_gyro_fft__rosidl_typesupport_introspection_c.h\n'}
[2.390578] (px4_msgs) StdoutLine: {'line': b'-- Up-to-date symlink: /home/maxim/super_ws/install/px4_msgs/include/px4_msgs/px4_msgs/msg/detail/sensor_gyro_fifo__rosidl_typesupport_introspection_c.h\n'}
[2.390683] (px4_msgs) StdoutLine: {'line': b'-- Up-to-date symlink: /home/maxim/super_ws/install/px4_msgs/include/px4_msgs/px4_msgs/msg/detail/sensor_hygrometer__rosidl_typesupport_introspection_c.h\n'}
[2.390794] (px4_msgs) StdoutLine: {'line': b'-- Up-to-date symlink: /home/maxim/super_ws/install/px4_msgs/include/px4_msgs/px4_msgs/msg/detail/sensor_mag__rosidl_typesupport_introspection_c.h\n'}
[2.390903] (px4_msgs) StdoutLine: {'line': b'-- Up-to-date symlink: /home/maxim/super_ws/install/px4_msgs/include/px4_msgs/px4_msgs/msg/detail/sensor_optical_flow__rosidl_typesupport_introspection_c.h\n'}
[2.391011] (px4_msgs) StdoutLine: {'line': b'-- Up-to-date symlink: /home/maxim/super_ws/install/px4_msgs/include/px4_msgs/px4_msgs/msg/detail/sensor_preflight_mag__rosidl_typesupport_introspection_c.h\n'}
[2.391146] (px4_msgs) StdoutLine: {'line': b'-- Up-to-date symlink: /home/maxim/super_ws/install/px4_msgs/include/px4_msgs/px4_msgs/msg/detail/sensor_selection__rosidl_typesupport_introspection_c.h\n'}
[2.391255] (px4_msgs) StdoutLine: {'line': b'-- Up-to-date symlink: /home/maxim/super_ws/install/px4_msgs/include/px4_msgs/px4_msgs/msg/detail/sensor_temp__rosidl_typesupport_introspection_c.h\n'}
[2.391341] (px4_msgs) StdoutLine: {'line': b'-- Up-to-date symlink: /home/maxim/super_ws/install/px4_msgs/include/px4_msgs/px4_msgs/msg/detail/sensor_uwb__rosidl_typesupport_introspection_c.h\n'}
[2.391450] (px4_msgs) StdoutLine: {'line': b'-- Up-to-date symlink: /home/maxim/super_ws/install/px4_msgs/include/px4_msgs/px4_msgs/msg/detail/sensors_status__rosidl_typesupport_introspection_c.h\n'}
[2.391597] (px4_msgs) StdoutLine: {'line': b'-- Up-to-date symlink: /home/maxim/super_ws/install/px4_msgs/include/px4_msgs/px4_msgs/msg/detail/sensors_status_imu__rosidl_typesupport_introspection_c.h\n'}
[2.391674] (px4_msgs) StdoutLine: {'line': b'-- Up-to-date symlink: /home/maxim/super_ws/install/px4_msgs/include/px4_msgs/px4_msgs/msg/detail/system_power__rosidl_typesupport_introspection_c.h\n'}
[2.391818] (px4_msgs) StdoutLine: {'line': b'-- Up-to-date symlink: /home/maxim/super_ws/install/px4_msgs/include/px4_msgs/px4_msgs/msg/detail/takeoff_status__rosidl_typesupport_introspection_c.h\n'}
[2.391940] (px4_msgs) StdoutLine: {'line': b'-- Up-to-date symlink: /home/maxim/super_ws/install/px4_msgs/include/px4_msgs/px4_msgs/msg/detail/target_gnss__rosidl_typesupport_introspection_c.h\n'}
[2.392054] (px4_msgs) StdoutLine: {'line': b'-- Up-to-date symlink: /home/maxim/super_ws/install/px4_msgs/include/px4_msgs/px4_msgs/msg/detail/task_stack_info__rosidl_typesupport_introspection_c.h\n'}
[2.392216] (px4_msgs) StdoutLine: {'line': b'-- Up-to-date symlink: /home/maxim/super_ws/install/px4_msgs/include/px4_msgs/px4_msgs/msg/detail/tecs_status__rosidl_typesupport_introspection_c.h\n'}
[2.392407] (px4_msgs) StdoutLine: {'line': b'-- Up-to-date symlink: /home/maxim/super_ws/install/px4_msgs/include/px4_msgs/px4_msgs/msg/detail/telemetry_status__rosidl_typesupport_introspection_c.h\n'}
[2.392602] (px4_msgs) StdoutLine: {'line': b'-- Up-to-date symlink: /home/maxim/super_ws/install/px4_msgs/include/px4_msgs/px4_msgs/msg/detail/tiltrotor_extra_controls__rosidl_typesupport_introspection_c.h\n'}
[2.392855] (px4_msgs) StdoutLine: {'line': b'-- Up-to-date symlink: /home/maxim/super_ws/install/px4_msgs/include/px4_msgs/px4_msgs/msg/detail/timesync_status__rosidl_typesupport_introspection_c.h\n'}
[2.393051] (px4_msgs) StdoutLine: {'line': b'-- Up-to-date symlink: /home/maxim/super_ws/install/px4_msgs/include/px4_msgs/px4_msgs/msg/detail/trajectory_setpoint6dof__rosidl_typesupport_introspection_c.h\n'}
[2.393230] (px4_msgs) StdoutLine: {'line': b'-- Up-to-date symlink: /home/maxim/super_ws/install/px4_msgs/include/px4_msgs/px4_msgs/msg/detail/trajectory_setpoint__rosidl_typesupport_introspection_c.h\n'}
[2.393356] (px4_msgs) StdoutLine: {'line': b'-- Up-to-date symlink: /home/maxim/super_ws/install/px4_msgs/include/px4_msgs/px4_msgs/msg/detail/transponder_report__rosidl_typesupport_introspection_c.h\n'}
[2.393460] (px4_msgs) StdoutLine: {'line': b'-- Up-to-date symlink: /home/maxim/super_ws/install/px4_msgs/include/px4_msgs/px4_msgs/msg/detail/tune_control__rosidl_typesupport_introspection_c.h\n'}
[2.393614] (px4_msgs) StdoutLine: {'line': b'-- Up-to-date symlink: /home/maxim/super_ws/install/px4_msgs/include/px4_msgs/px4_msgs/msg/detail/uavcan_parameter_request__rosidl_typesupport_introspection_c.h\n'}
[2.393797] (px4_msgs) StdoutLine: {'line': b'-- Up-to-date symlink: /home/maxim/super_ws/install/px4_msgs/include/px4_msgs/px4_msgs/msg/detail/uavcan_parameter_value__rosidl_typesupport_introspection_c.h\n'}
[2.393963] (px4_msgs) StdoutLine: {'line': b'-- Up-to-date symlink: /home/maxim/super_ws/install/px4_msgs/include/px4_msgs/px4_msgs/msg/detail/ulog_stream__rosidl_typesupport_introspection_c.h\n'}
[2.394149] (px4_msgs) StdoutLine: {'line': b'-- Up-to-date symlink: /home/maxim/super_ws/install/px4_msgs/include/px4_msgs/px4_msgs/msg/detail/ulog_stream_ack__rosidl_typesupport_introspection_c.h\n'}
[2.394311] (px4_msgs) StdoutLine: {'line': b'-- Up-to-date symlink: /home/maxim/super_ws/install/px4_msgs/include/px4_msgs/px4_msgs/msg/detail/unregister_ext_component__rosidl_typesupport_introspection_c.h\n'}
[2.394396] (px4_msgs) StdoutLine: {'line': b'-- Up-to-date symlink: /home/maxim/super_ws/install/px4_msgs/include/px4_msgs/px4_msgs/msg/detail/vehicle_acceleration__rosidl_typesupport_introspection_c.h\n'}
[2.394488] (px4_msgs) StdoutLine: {'line': b'-- Up-to-date symlink: /home/maxim/super_ws/install/px4_msgs/include/px4_msgs/px4_msgs/msg/detail/vehicle_air_data__rosidl_typesupport_introspection_c.h\n'}
[2.394592] (px4_msgs) StdoutLine: {'line': b'-- Up-to-date symlink: /home/maxim/super_ws/install/px4_msgs/include/px4_msgs/px4_msgs/msg/detail/vehicle_angular_acceleration_setpoint__rosidl_typesupport_introspection_c.h\n'}
[2.394708] (px4_msgs) StdoutLine: {'line': b'-- Up-to-date symlink: /home/maxim/super_ws/install/px4_msgs/include/px4_msgs/px4_msgs/msg/detail/vehicle_angular_velocity__rosidl_typesupport_introspection_c.h\n'}
[2.394841] (px4_msgs) StdoutLine: {'line': b'-- Up-to-date symlink: /home/maxim/super_ws/install/px4_msgs/include/px4_msgs/px4_msgs/msg/detail/vehicle_attitude__rosidl_typesupport_introspection_c.h\n'}
[2.394948] (px4_msgs) StdoutLine: {'line': b'-- Up-to-date symlink: /home/maxim/super_ws/install/px4_msgs/include/px4_msgs/px4_msgs/msg/detail/vehicle_attitude_setpoint__rosidl_typesupport_introspection_c.h\n'}
[2.395090] (px4_msgs) StdoutLine: {'line': b'-- Up-to-date symlink: /home/maxim/super_ws/install/px4_msgs/include/px4_msgs/px4_msgs/msg/detail/vehicle_command__rosidl_typesupport_introspection_c.h\n'}
[2.395174] (px4_msgs) StdoutLine: {'line': b'-- Up-to-date symlink: /home/maxim/super_ws/install/px4_msgs/include/px4_msgs/px4_msgs/msg/detail/vehicle_command_ack__rosidl_typesupport_introspection_c.h\n'}
[2.395284] (px4_msgs) StdoutLine: {'line': b'-- Up-to-date symlink: /home/maxim/super_ws/install/px4_msgs/include/px4_msgs/px4_msgs/msg/detail/vehicle_constraints__rosidl_typesupport_introspection_c.h\n'}
[2.395395] (px4_msgs) StdoutLine: {'line': b'-- Up-to-date symlink: /home/maxim/super_ws/install/px4_msgs/include/px4_msgs/px4_msgs/msg/detail/vehicle_control_mode__rosidl_typesupport_introspection_c.h\n'}
[2.395512] (px4_msgs) StdoutLine: {'line': b'-- Up-to-date symlink: /home/maxim/super_ws/install/px4_msgs/include/px4_msgs/px4_msgs/msg/detail/vehicle_global_position__rosidl_typesupport_introspection_c.h\n'}
[2.395625] (px4_msgs) StdoutLine: {'line': b'-- Up-to-date symlink: /home/maxim/super_ws/install/px4_msgs/include/px4_msgs/px4_msgs/msg/detail/vehicle_imu__rosidl_typesupport_introspection_c.h\n'}
[2.395735] (px4_msgs) StdoutLine: {'line': b'-- Up-to-date symlink: /home/maxim/super_ws/install/px4_msgs/include/px4_msgs/px4_msgs/msg/detail/vehicle_imu_status__rosidl_typesupport_introspection_c.h\n'}
[2.395853] (px4_msgs) StdoutLine: {'line': b'-- Up-to-date symlink: /home/maxim/super_ws/install/px4_msgs/include/px4_msgs/px4_msgs/msg/detail/vehicle_land_detected__rosidl_typesupport_introspection_c.h\n'}
[2.395963] (px4_msgs) StdoutLine: {'line': b'-- Up-to-date symlink: /home/maxim/super_ws/install/px4_msgs/include/px4_msgs/px4_msgs/msg/detail/vehicle_local_position__rosidl_typesupport_introspection_c.h\n'}
[2.396074] (px4_msgs) StdoutLine: {'line': b'-- Up-to-date symlink: /home/maxim/super_ws/install/px4_msgs/include/px4_msgs/px4_msgs/msg/detail/vehicle_local_position_setpoint__rosidl_typesupport_introspection_c.h\n'}
[2.396189] (px4_msgs) StdoutLine: {'line': b'-- Up-to-date symlink: /home/maxim/super_ws/install/px4_msgs/include/px4_msgs/px4_msgs/msg/detail/vehicle_magnetometer__rosidl_typesupport_introspection_c.h\n'}
[2.396299] (px4_msgs) StdoutLine: {'line': b'-- Up-to-date symlink: /home/maxim/super_ws/install/px4_msgs/include/px4_msgs/px4_msgs/msg/detail/vehicle_odometry__rosidl_typesupport_introspection_c.h\n'}
[2.396497] (px4_msgs) StdoutLine: {'line': b'-- Up-to-date symlink: /home/maxim/super_ws/install/px4_msgs/include/px4_msgs/px4_msgs/msg/detail/vehicle_optical_flow__rosidl_typesupport_introspection_c.h\n'}
[2.396612] (px4_msgs) StdoutLine: {'line': b'-- Up-to-date symlink: /home/maxim/super_ws/install/px4_msgs/include/px4_msgs/px4_msgs/msg/detail/vehicle_optical_flow_vel__rosidl_typesupport_introspection_c.h\n'}
[2.396699] (px4_msgs) StdoutLine: {'line': b'-- Up-to-date symlink: /home/maxim/super_ws/install/px4_msgs/include/px4_msgs/px4_msgs/msg/detail/vehicle_rates_setpoint__rosidl_typesupport_introspection_c.h\n'}
[2.396836] (px4_msgs) StdoutLine: {'line': b'-- Up-to-date symlink: /home/maxim/super_ws/install/px4_msgs/include/px4_msgs/px4_msgs/msg/detail/vehicle_roi__rosidl_typesupport_introspection_c.h\n'}
[2.396944] (px4_msgs) StdoutLine: {'line': b'-- Up-to-date symlink: /home/maxim/super_ws/install/px4_msgs/include/px4_msgs/px4_msgs/msg/detail/vehicle_status__rosidl_typesupport_introspection_c.h\n'}
[2.397025] (px4_msgs) StdoutLine: {'line': b'-- Up-to-date symlink: /home/maxim/super_ws/install/px4_msgs/include/px4_msgs/px4_msgs/msg/detail/vehicle_thrust_setpoint__rosidl_typesupport_introspection_c.h\n'}
[2.397152] (px4_msgs) StdoutLine: {'line': b'-- Up-to-date symlink: /home/maxim/super_ws/install/px4_msgs/include/px4_msgs/px4_msgs/msg/detail/vehicle_torque_setpoint__rosidl_typesupport_introspection_c.h\n'}
[2.397276] (px4_msgs) StdoutLine: {'line': b'-- Up-to-date symlink: /home/maxim/super_ws/install/px4_msgs/include/px4_msgs/px4_msgs/msg/detail/velocity_limits__rosidl_typesupport_introspection_c.h\n'}
[2.397360] (px4_msgs) StdoutLine: {'line': b'-- Up-to-date symlink: /home/maxim/super_ws/install/px4_msgs/include/px4_msgs/px4_msgs/msg/detail/vte_aid_source1d__rosidl_typesupport_introspection_c.h\n'}
[2.397436] (px4_msgs) StdoutLine: {'line': b'-- Up-to-date symlink: /home/maxim/super_ws/install/px4_msgs/include/px4_msgs/px4_msgs/msg/detail/vte_aid_source3d__rosidl_typesupport_introspection_c.h\n'}
[2.397534] (px4_msgs) StdoutLine: {'line': b'-- Up-to-date symlink: /home/maxim/super_ws/install/px4_msgs/include/px4_msgs/px4_msgs/msg/detail/vte_bias_init_status__rosidl_typesupport_introspection_c.h\n'}
[2.397641] (px4_msgs) StdoutLine: {'line': b'-- Up-to-date symlink: /home/maxim/super_ws/install/px4_msgs/include/px4_msgs/px4_msgs/msg/detail/vte_input__rosidl_typesupport_introspection_c.h\n'}
[2.397757] (px4_msgs) StdoutLine: {'line': b'-- Up-to-date symlink: /home/maxim/super_ws/install/px4_msgs/include/px4_msgs/px4_msgs/msg/detail/vte_orientation__rosidl_typesupport_introspection_c.h\n'}
[2.397864] (px4_msgs) StdoutLine: {'line': b'-- Up-to-date symlink: /home/maxim/super_ws/install/px4_msgs/include/px4_msgs/px4_msgs/msg/detail/vte_position__rosidl_typesupport_introspection_c.h\n'}
[2.398000] (px4_msgs) StdoutLine: {'line': b'-- Up-to-date symlink: /home/maxim/super_ws/install/px4_msgs/include/px4_msgs/px4_msgs/msg/detail/vtol_vehicle_status__rosidl_typesupport_introspection_c.h\n'}
[2.398178] (px4_msgs) StdoutLine: {'line': b'-- Up-to-date symlink: /home/maxim/super_ws/install/px4_msgs/include/px4_msgs/px4_msgs/msg/detail/vtx__rosidl_typesupport_introspection_c.h\n'}
[2.398300] (px4_msgs) StdoutLine: {'line': b'-- Up-to-date symlink: /home/maxim/super_ws/install/px4_msgs/include/px4_msgs/px4_msgs/msg/detail/wheel_encoders__rosidl_typesupport_introspection_c.h\n'}
[2.398418] (px4_msgs) StdoutLine: {'line': b'-- Up-to-date symlink: /home/maxim/super_ws/install/px4_msgs/include/px4_msgs/px4_msgs/msg/detail/wind__rosidl_typesupport_introspection_c.h\n'}
[2.398532] (px4_msgs) StdoutLine: {'line': b'-- Up-to-date symlink: /home/maxim/super_ws/install/px4_msgs/include/px4_msgs/px4_msgs/msg/detail/yaw_estimator_status__rosidl_typesupport_introspection_c.h\n'}
[2.398646] (px4_msgs) StdoutLine: {'line': b'-- Up-to-date symlink: /home/maxim/super_ws/install/px4_msgs/include/px4_msgs/px4_msgs/msg/rosidl_typesupport_introspection_c__visibility_control.h\n'}
[2.398798] (px4_msgs) StdoutLine: {'line': b'-- Up-to-date symlink: /home/maxim/super_ws/install/px4_msgs/include/px4_msgs/px4_msgs/srv/detail/vehicle_command__rosidl_typesupport_introspection_c.h\n'}
[2.401378] (px4_msgs) StdoutLine: {'line': b'-- Up-to-date symlink: /home/maxim/super_ws/install/px4_msgs/include/px4_msgs/px4_msgs/msg/detail/action_request__rosidl_typesupport_introspection_cpp.hpp\n'}
[2.401581] (px4_msgs) StdoutLine: {'line': b'-- Up-to-date symlink: /home/maxim/super_ws/install/px4_msgs/include/px4_msgs/px4_msgs/msg/detail/actuator_armed__rosidl_typesupport_introspection_cpp.hpp\n'}
[2.401682] (px4_msgs) StdoutLine: {'line': b'-- Up-to-date symlink: /home/maxim/super_ws/install/px4_msgs/include/px4_msgs/px4_msgs/msg/detail/actuator_controls_status__rosidl_typesupport_introspection_cpp.hpp\n'}
[2.401775] (px4_msgs) StdoutLine: {'line': b'-- Up-to-date symlink: /home/maxim/super_ws/install/px4_msgs/include/px4_msgs/px4_msgs/msg/detail/actuator_motors__rosidl_typesupport_introspection_cpp.hpp\n'}
[2.401900] (px4_msgs) StdoutLine: {'line': b'-- Up-to-date symlink: /home/maxim/super_ws/install/px4_msgs/include/px4_msgs/px4_msgs/msg/detail/actuator_outputs__rosidl_typesupport_introspection_cpp.hpp\n'}
[2.401986] (px4_msgs) StdoutLine: {'line': b'-- Up-to-date symlink: /home/maxim/super_ws/install/px4_msgs/include/px4_msgs/px4_msgs/msg/detail/actuator_servos__rosidl_typesupport_introspection_cpp.hpp\n'}
[2.402102] (px4_msgs) StdoutLine: {'line': b'-- Up-to-date symlink: /home/maxim/super_ws/install/px4_msgs/include/px4_msgs/px4_msgs/msg/detail/actuator_servos_trim__rosidl_typesupport_introspection_cpp.hpp\n'}
[2.402220] (px4_msgs) StdoutLine: {'line': b'-- Up-to-date symlink: /home/maxim/super_ws/install/px4_msgs/include/px4_msgs/px4_msgs/msg/detail/actuator_test__rosidl_typesupport_introspection_cpp.hpp\n'}
[2.402301] (px4_msgs) StdoutLine: {'line': b'-- Up-to-date symlink: /home/maxim/super_ws/install/px4_msgs/include/px4_msgs/px4_msgs/msg/detail/adc_report__rosidl_typesupport_introspection_cpp.hpp\n'}
[2.402374] (px4_msgs) StdoutLine: {'line': b'-- Up-to-date symlink: /home/maxim/super_ws/install/px4_msgs/include/px4_msgs/px4_msgs/msg/detail/airspeed__rosidl_typesupport_introspection_cpp.hpp\n'}
[2.402449] (px4_msgs) StdoutLine: {'line': b'-- Up-to-date symlink: /home/maxim/super_ws/install/px4_msgs/include/px4_msgs/px4_msgs/msg/detail/airspeed_validated__rosidl_typesupport_introspection_cpp.hpp\n'}
[2.402619] (px4_msgs) StdoutLine: {'line': b'-- Up-to-date symlink: /home/maxim/super_ws/install/px4_msgs/include/px4_msgs/px4_msgs/msg/detail/airspeed_wind__rosidl_typesupport_introspection_cpp.hpp\n'}
[2.402818] (px4_msgs) StdoutLine: {'line': b'-- Up-to-date symlink: /home/maxim/super_ws/install/px4_msgs/include/px4_msgs/px4_msgs/msg/detail/arming_check_reply__rosidl_typesupport_introspection_cpp.hpp\n'}
[2.403033] (px4_msgs) StdoutLine: {'line': b'-- Up-to-date symlink: /home/maxim/super_ws/install/px4_msgs/include/px4_msgs/px4_msgs/msg/detail/arming_check_request__rosidl_typesupport_introspection_cpp.hpp\n'}
[2.403228] (px4_msgs) StdoutLine: {'line': b'-- Up-to-date symlink: /home/maxim/super_ws/install/px4_msgs/include/px4_msgs/px4_msgs/msg/detail/autotune_attitude_control_status__rosidl_typesupport_introspection_cpp.hpp\n'}
[2.403334] (px4_msgs) StdoutLine: {'line': b'-- Up-to-date symlink: /home/maxim/super_ws/install/px4_msgs/include/px4_msgs/px4_msgs/msg/detail/aux_global_position__rosidl_typesupport_introspection_cpp.hpp\n'}
[2.403427] (px4_msgs) StdoutLine: {'line': b'-- Up-to-date symlink: /home/maxim/super_ws/install/px4_msgs/include/px4_msgs/px4_msgs/msg/detail/battery_info__rosidl_typesupport_introspection_cpp.hpp\n'}
[2.403596] (px4_msgs) StdoutLine: {'line': b'-- Up-to-date symlink: /home/maxim/super_ws/install/px4_msgs/include/px4_msgs/px4_msgs/msg/detail/battery_status__rosidl_typesupport_introspection_cpp.hpp\n'}
[2.403655] (-) TimerEvent: {}
[2.403731] (px4_msgs) StdoutLine: {'line': b'-- Up-to-date symlink: /home/maxim/super_ws/install/px4_msgs/include/px4_msgs/px4_msgs/msg/detail/button_event__rosidl_typesupport_introspection_cpp.hpp\n'}
[2.403918] (px4_msgs) StdoutLine: {'line': b'-- Up-to-date symlink: /home/maxim/super_ws/install/px4_msgs/include/px4_msgs/px4_msgs/msg/detail/camera_capture__rosidl_typesupport_introspection_cpp.hpp\n'}
[2.404058] (px4_msgs) StdoutLine: {'line': b'-- Up-to-date symlink: /home/maxim/super_ws/install/px4_msgs/include/px4_msgs/px4_msgs/msg/detail/camera_status__rosidl_typesupport_introspection_cpp.hpp\n'}
[2.404198] (px4_msgs) StdoutLine: {'line': b'-- Up-to-date symlink: /home/maxim/super_ws/install/px4_msgs/include/px4_msgs/px4_msgs/msg/detail/camera_trigger__rosidl_typesupport_introspection_cpp.hpp\n'}
[2.404321] (px4_msgs) StdoutLine: {'line': b'-- Up-to-date symlink: /home/maxim/super_ws/install/px4_msgs/include/px4_msgs/px4_msgs/msg/detail/can_interface_status__rosidl_typesupport_introspection_cpp.hpp\n'}
[2.404524] (px4_msgs) StdoutLine: {'line': b'-- Up-to-date symlink: /home/maxim/super_ws/install/px4_msgs/include/px4_msgs/px4_msgs/msg/detail/cellular_status__rosidl_typesupport_introspection_cpp.hpp\n'}
[2.404646] (px4_msgs) StdoutLine: {'line': b'-- Up-to-date symlink: /home/maxim/super_ws/install/px4_msgs/include/px4_msgs/px4_msgs/msg/detail/collision_constraints__rosidl_typesupport_introspection_cpp.hpp\n'}
[2.404807] (px4_msgs) StdoutLine: {'line': b'-- Up-to-date symlink: /home/maxim/super_ws/install/px4_msgs/include/px4_msgs/px4_msgs/msg/detail/config_overrides__rosidl_typesupport_introspection_cpp.hpp\n'}
[2.404953] (px4_msgs) StdoutLine: {'line': b'-- Up-to-date symlink: /home/maxim/super_ws/install/px4_msgs/include/px4_msgs/px4_msgs/msg/detail/control_allocator_status__rosidl_typesupport_introspection_cpp.hpp\n'}
[2.405115] (px4_msgs) StdoutLine: {'line': b'-- Up-to-date symlink: /home/maxim/super_ws/install/px4_msgs/include/px4_msgs/px4_msgs/msg/detail/cpuload__rosidl_typesupport_introspection_cpp.hpp\n'}
[2.405274] (px4_msgs) StdoutLine: {'line': b'-- Up-to-date symlink: /home/maxim/super_ws/install/px4_msgs/include/px4_msgs/px4_msgs/msg/detail/dataman_request__rosidl_typesupport_introspection_cpp.hpp\n'}
[2.405444] (px4_msgs) StdoutLine: {'line': b'-- Up-to-date symlink: /home/maxim/super_ws/install/px4_msgs/include/px4_msgs/px4_msgs/msg/detail/dataman_response__rosidl_typesupport_introspection_cpp.hpp\n'}
[2.405651] (px4_msgs) StdoutLine: {'line': b'-- Up-to-date symlink: /home/maxim/super_ws/install/px4_msgs/include/px4_msgs/px4_msgs/msg/detail/debug_array__rosidl_typesupport_introspection_cpp.hpp\n'}
[2.405735] (px4_msgs) StdoutLine: {'line': b'-- Up-to-date symlink: /home/maxim/super_ws/install/px4_msgs/include/px4_msgs/px4_msgs/msg/detail/debug_key_value__rosidl_typesupport_introspection_cpp.hpp\n'}
[2.405919] (px4_msgs) StdoutLine: {'line': b'-- Up-to-date symlink: /home/maxim/super_ws/install/px4_msgs/include/px4_msgs/px4_msgs/msg/detail/debug_value__rosidl_typesupport_introspection_cpp.hpp\n'}
[2.406056] (px4_msgs) StdoutLine: {'line': b'-- Up-to-date symlink: /home/maxim/super_ws/install/px4_msgs/include/px4_msgs/px4_msgs/msg/detail/debug_vect__rosidl_typesupport_introspection_cpp.hpp\n'}
[2.406245] (px4_msgs) StdoutLine: {'line': b'-- Up-to-date symlink: /home/maxim/super_ws/install/px4_msgs/include/px4_msgs/px4_msgs/msg/detail/device_information__rosidl_typesupport_introspection_cpp.hpp\n'}
[2.406390] (px4_msgs) StdoutLine: {'line': b'-- Up-to-date symlink: /home/maxim/super_ws/install/px4_msgs/include/px4_msgs/px4_msgs/msg/detail/differential_pressure__rosidl_typesupport_introspection_cpp.hpp\n'}
[2.406512] (px4_msgs) StdoutLine: {'line': b'-- Up-to-date symlink: /home/maxim/super_ws/install/px4_msgs/include/px4_msgs/px4_msgs/msg/detail/distance_sensor__rosidl_typesupport_introspection_cpp.hpp\n'}
[2.406660] (px4_msgs) StdoutLine: {'line': b'-- Up-to-date symlink: /home/maxim/super_ws/install/px4_msgs/include/px4_msgs/px4_msgs/msg/detail/distance_sensor_mode_change_request__rosidl_typesupport_introspection_cpp.hpp\n'}
[2.406875] (px4_msgs) StdoutLine: {'line': b'-- Up-to-date symlink: /home/maxim/super_ws/install/px4_msgs/include/px4_msgs/px4_msgs/msg/detail/dronecan_node_status__rosidl_typesupport_introspection_cpp.hpp\n'}
[2.406996] (px4_msgs) StdoutLine: {'line': b'-- Up-to-date symlink: /home/maxim/super_ws/install/px4_msgs/include/px4_msgs/px4_msgs/msg/detail/ekf2_timestamps__rosidl_typesupport_introspection_cpp.hpp\n'}
[2.407105] (px4_msgs) StdoutLine: {'line': b'-- Up-to-date symlink: /home/maxim/super_ws/install/px4_msgs/include/px4_msgs/px4_msgs/msg/detail/esc_eeprom_read__rosidl_typesupport_introspection_cpp.hpp\n'}
[2.407250] (px4_msgs) StdoutLine: {'line': b'-- Up-to-date symlink: /home/maxim/super_ws/install/px4_msgs/include/px4_msgs/px4_msgs/msg/detail/esc_eeprom_write__rosidl_typesupport_introspection_cpp.hpp\n'}
[2.407476] (px4_msgs) StdoutLine: {'line': b'-- Up-to-date symlink: /home/maxim/super_ws/install/px4_msgs/include/px4_msgs/px4_msgs/msg/detail/esc_report__rosidl_typesupport_introspection_cpp.hpp\n'}
[2.407949] (px4_msgs) StdoutLine: {'line': b'-- Up-to-date symlink: /home/maxim/super_ws/install/px4_msgs/include/px4_msgs/px4_msgs/msg/detail/esc_status__rosidl_typesupport_introspection_cpp.hpp\n'}
[2.408059] (px4_msgs) StdoutLine: {'line': b'-- Up-to-date symlink: /home/maxim/super_ws/install/px4_msgs/include/px4_msgs/px4_msgs/msg/detail/estimator_aid_source1d__rosidl_typesupport_introspection_cpp.hpp\n'}
[2.408122] (px4_msgs) StdoutLine: {'line': b'-- Up-to-date symlink: /home/maxim/super_ws/install/px4_msgs/include/px4_msgs/px4_msgs/msg/detail/estimator_aid_source2d__rosidl_typesupport_introspection_cpp.hpp\n'}
[2.408248] (px4_msgs) StdoutLine: {'line': b'-- Up-to-date symlink: /home/maxim/super_ws/install/px4_msgs/include/px4_msgs/px4_msgs/msg/detail/estimator_aid_source3d__rosidl_typesupport_introspection_cpp.hpp\n'}
[2.408345] (px4_msgs) StdoutLine: {'line': b'-- Up-to-date symlink: /home/maxim/super_ws/install/px4_msgs/include/px4_msgs/px4_msgs/msg/detail/estimator_bias3d__rosidl_typesupport_introspection_cpp.hpp\n'}
[2.408405] (px4_msgs) StdoutLine: {'line': b'-- Up-to-date symlink: /home/maxim/super_ws/install/px4_msgs/include/px4_msgs/px4_msgs/msg/detail/estimator_bias__rosidl_typesupport_introspection_cpp.hpp\n'}
[2.408479] (px4_msgs) StdoutLine: {'line': b'-- Up-to-date symlink: /home/maxim/super_ws/install/px4_msgs/include/px4_msgs/px4_msgs/msg/detail/estimator_event_flags__rosidl_typesupport_introspection_cpp.hpp\n'}
[2.408535] (px4_msgs) StdoutLine: {'line': b'-- Up-to-date symlink: /home/maxim/super_ws/install/px4_msgs/include/px4_msgs/px4_msgs/msg/detail/estimator_fusion_control__rosidl_typesupport_introspection_cpp.hpp\n'}
[2.408611] (px4_msgs) StdoutLine: {'line': b'-- Up-to-date symlink: /home/maxim/super_ws/install/px4_msgs/include/px4_msgs/px4_msgs/msg/detail/estimator_gps_status__rosidl_typesupport_introspection_cpp.hpp\n'}
[2.408706] (px4_msgs) StdoutLine: {'line': b'-- Up-to-date symlink: /home/maxim/super_ws/install/px4_msgs/include/px4_msgs/px4_msgs/msg/detail/estimator_innovations__rosidl_typesupport_introspection_cpp.hpp\n'}
[2.408878] (px4_msgs) StdoutLine: {'line': b'-- Up-to-date symlink: /home/maxim/super_ws/install/px4_msgs/include/px4_msgs/px4_msgs/msg/detail/estimator_selector_status__rosidl_typesupport_introspection_cpp.hpp\n'}
[2.409024] (px4_msgs) StdoutLine: {'line': b'-- Up-to-date symlink: /home/maxim/super_ws/install/px4_msgs/include/px4_msgs/px4_msgs/msg/detail/estimator_sensor_bias__rosidl_typesupport_introspection_cpp.hpp\n'}
[2.409198] (px4_msgs) StdoutLine: {'line': b'-- Up-to-date symlink: /home/maxim/super_ws/install/px4_msgs/include/px4_msgs/px4_msgs/msg/detail/estimator_states__rosidl_typesupport_introspection_cpp.hpp\n'}
[2.409380] (px4_msgs) StdoutLine: {'line': b'-- Up-to-date symlink: /home/maxim/super_ws/install/px4_msgs/include/px4_msgs/px4_msgs/msg/detail/estimator_status__rosidl_typesupport_introspection_cpp.hpp\n'}
[2.409479] (px4_msgs) StdoutLine: {'line': b'-- Up-to-date symlink: /home/maxim/super_ws/install/px4_msgs/include/px4_msgs/px4_msgs/msg/detail/estimator_status_flags__rosidl_typesupport_introspection_cpp.hpp\n'}
[2.409677] (px4_msgs) StdoutLine: {'line': b'-- Up-to-date symlink: /home/maxim/super_ws/install/px4_msgs/include/px4_msgs/px4_msgs/msg/detail/event__rosidl_typesupport_introspection_cpp.hpp\n'}
[2.409946] (px4_msgs) StdoutLine: {'line': b'-- Up-to-date symlink: /home/maxim/super_ws/install/px4_msgs/include/px4_msgs/px4_msgs/msg/detail/failsafe_flags__rosidl_typesupport_introspection_cpp.hpp\n'}
[2.410177] (px4_msgs) StdoutLine: {'line': b'-- Up-to-date symlink: /home/maxim/super_ws/install/px4_msgs/include/px4_msgs/px4_msgs/msg/detail/failure_detector_status__rosidl_typesupport_introspection_cpp.hpp\n'}
[2.410411] (px4_msgs) StdoutLine: {'line': b'-- Up-to-date symlink: /home/maxim/super_ws/install/px4_msgs/include/px4_msgs/px4_msgs/msg/detail/fiducial_marker_pos_report__rosidl_typesupport_introspection_cpp.hpp\n'}
[2.410633] (px4_msgs) StdoutLine: {'line': b'-- Up-to-date symlink: /home/maxim/super_ws/install/px4_msgs/include/px4_msgs/px4_msgs/msg/detail/fiducial_marker_yaw_report__rosidl_typesupport_introspection_cpp.hpp\n'}
[2.410815] (px4_msgs) StdoutLine: {'line': b'-- Up-to-date symlink: /home/maxim/super_ws/install/px4_msgs/include/px4_msgs/px4_msgs/msg/detail/figure_eight_status__rosidl_typesupport_introspection_cpp.hpp\n'}
[2.411037] (px4_msgs) StdoutLine: {'line': b'-- Up-to-date symlink: /home/maxim/super_ws/install/px4_msgs/include/px4_msgs/px4_msgs/msg/detail/fixed_wing_lateral_guidance_status__rosidl_typesupport_introspection_cpp.hpp\n'}
[2.411234] (px4_msgs) StdoutLine: {'line': b'-- Up-to-date symlink: /home/maxim/super_ws/install/px4_msgs/include/px4_msgs/px4_msgs/msg/detail/fixed_wing_lateral_setpoint__rosidl_typesupport_introspection_cpp.hpp\n'}
[2.411465] (px4_msgs) StdoutLine: {'line': b'-- Up-to-date symlink: /home/maxim/super_ws/install/px4_msgs/include/px4_msgs/px4_msgs/msg/detail/fixed_wing_lateral_status__rosidl_typesupport_introspection_cpp.hpp\n'}
[2.411629] (px4_msgs) StdoutLine: {'line': b'-- Up-to-date symlink: /home/maxim/super_ws/install/px4_msgs/include/px4_msgs/px4_msgs/msg/detail/fixed_wing_longitudinal_setpoint__rosidl_typesupport_introspection_cpp.hpp\n'}
[2.411745] (px4_msgs) StdoutLine: {'line': b'-- Up-to-date symlink: /home/maxim/super_ws/install/px4_msgs/include/px4_msgs/px4_msgs/msg/detail/fixed_wing_runway_control__rosidl_typesupport_introspection_cpp.hpp\n'}
[2.411925] (px4_msgs) StdoutLine: {'line': b'-- Up-to-date symlink: /home/maxim/super_ws/install/px4_msgs/include/px4_msgs/px4_msgs/msg/detail/flight_phase_estimation__rosidl_typesupport_introspection_cpp.hpp\n'}
[2.412077] (px4_msgs) StdoutLine: {'line': b'-- Up-to-date symlink: /home/maxim/super_ws/install/px4_msgs/include/px4_msgs/px4_msgs/msg/detail/follow_target__rosidl_typesupport_introspection_cpp.hpp\n'}
[2.412231] (px4_msgs) StdoutLine: {'line': b'-- Up-to-date symlink: /home/maxim/super_ws/install/px4_msgs/include/px4_msgs/px4_msgs/msg/detail/follow_target_estimator__rosidl_typesupport_introspection_cpp.hpp\n'}
[2.412379] (px4_msgs) StdoutLine: {'line': b'-- Up-to-date symlink: /home/maxim/super_ws/install/px4_msgs/include/px4_msgs/px4_msgs/msg/detail/follow_target_status__rosidl_typesupport_introspection_cpp.hpp\n'}
[2.412531] (px4_msgs) StdoutLine: {'line': b'-- Up-to-date symlink: /home/maxim/super_ws/install/px4_msgs/include/px4_msgs/px4_msgs/msg/detail/fuel_tank_status__rosidl_typesupport_introspection_cpp.hpp\n'}
[2.412685] (px4_msgs) StdoutLine: {'line': b'-- Up-to-date symlink: /home/maxim/super_ws/install/px4_msgs/include/px4_msgs/px4_msgs/msg/detail/gain_compression__rosidl_typesupport_introspection_cpp.hpp\n'}
[2.412935] (px4_msgs) StdoutLine: {'line': b'-- Up-to-date symlink: /home/maxim/super_ws/install/px4_msgs/include/px4_msgs/px4_msgs/msg/detail/generator_status__rosidl_typesupport_introspection_cpp.hpp\n'}
[2.413084] (px4_msgs) StdoutLine: {'line': b'-- Up-to-date symlink: /home/maxim/super_ws/install/px4_msgs/include/px4_msgs/px4_msgs/msg/detail/geofence_result__rosidl_typesupport_introspection_cpp.hpp\n'}
[2.413245] (px4_msgs) StdoutLine: {'line': b'-- Up-to-date symlink: /home/maxim/super_ws/install/px4_msgs/include/px4_msgs/px4_msgs/msg/detail/geofence_status__rosidl_typesupport_introspection_cpp.hpp\n'}
[2.413341] (px4_msgs) StdoutLine: {'line': b'-- Up-to-date symlink: /home/maxim/super_ws/install/px4_msgs/include/px4_msgs/px4_msgs/msg/detail/gimbal_controls__rosidl_typesupport_introspection_cpp.hpp\n'}
[2.413469] (px4_msgs) StdoutLine: {'line': b'-- Up-to-date symlink: /home/maxim/super_ws/install/px4_msgs/include/px4_msgs/px4_msgs/msg/detail/gimbal_device_attitude_status__rosidl_typesupport_introspection_cpp.hpp\n'}
[2.413612] (px4_msgs) StdoutLine: {'line': b'-- Up-to-date symlink: /home/maxim/super_ws/install/px4_msgs/include/px4_msgs/px4_msgs/msg/detail/gimbal_device_information__rosidl_typesupport_introspection_cpp.hpp\n'}
[2.413709] (px4_msgs) StdoutLine: {'line': b'-- Up-to-date symlink: /home/maxim/super_ws/install/px4_msgs/include/px4_msgs/px4_msgs/msg/detail/gimbal_device_set_attitude__rosidl_typesupport_introspection_cpp.hpp\n'}
[2.413945] (px4_msgs) StdoutLine: {'line': b'-- Up-to-date symlink: /home/maxim/super_ws/install/px4_msgs/include/px4_msgs/px4_msgs/msg/detail/gimbal_manager_information__rosidl_typesupport_introspection_cpp.hpp\n'}
[2.414049] (px4_msgs) StdoutLine: {'line': b'-- Up-to-date symlink: /home/maxim/super_ws/install/px4_msgs/include/px4_msgs/px4_msgs/msg/detail/gimbal_manager_set_attitude__rosidl_typesupport_introspection_cpp.hpp\n'}
[2.414160] (px4_msgs) StdoutLine: {'line': b'-- Up-to-date symlink: /home/maxim/super_ws/install/px4_msgs/include/px4_msgs/px4_msgs/msg/detail/gimbal_manager_set_manual_control__rosidl_typesupport_introspection_cpp.hpp\n'}
[2.414319] (px4_msgs) StdoutLine: {'line': b'-- Up-to-date symlink: /home/maxim/super_ws/install/px4_msgs/include/px4_msgs/px4_msgs/msg/detail/gimbal_manager_status__rosidl_typesupport_introspection_cpp.hpp\n'}
[2.414493] (px4_msgs) StdoutLine: {'line': b'-- Up-to-date symlink: /home/maxim/super_ws/install/px4_msgs/include/px4_msgs/px4_msgs/msg/detail/goto_setpoint__rosidl_typesupport_introspection_cpp.hpp\n'}
[2.414936] (px4_msgs) StdoutLine: {'line': b'-- Up-to-date symlink: /home/maxim/super_ws/install/px4_msgs/include/px4_msgs/px4_msgs/msg/detail/gpio_config__rosidl_typesupport_introspection_cpp.hpp\n'}
[2.415042] (px4_msgs) StdoutLine: {'line': b'-- Up-to-date symlink: /home/maxim/super_ws/install/px4_msgs/include/px4_msgs/px4_msgs/msg/detail/gpio_in__rosidl_typesupport_introspection_cpp.hpp\n'}
[2.415198] (px4_msgs) StdoutLine: {'line': b'-- Up-to-date symlink: /home/maxim/super_ws/install/px4_msgs/include/px4_msgs/px4_msgs/msg/detail/gpio_out__rosidl_typesupport_introspection_cpp.hpp\n'}
[2.415395] (px4_msgs) StdoutLine: {'line': b'-- Up-to-date symlink: /home/maxim/super_ws/install/px4_msgs/include/px4_msgs/px4_msgs/msg/detail/gpio_request__rosidl_typesupport_introspection_cpp.hpp\n'}
[2.415656] (px4_msgs) StdoutLine: {'line': b'-- Up-to-date symlink: /home/maxim/super_ws/install/px4_msgs/include/px4_msgs/px4_msgs/msg/detail/gps_dump__rosidl_typesupport_introspection_cpp.hpp\n'}
[2.415772] (px4_msgs) StdoutLine: {'line': b'-- Up-to-date symlink: /home/maxim/super_ws/install/px4_msgs/include/px4_msgs/px4_msgs/msg/detail/gps_inject_data__rosidl_typesupport_introspection_cpp.hpp\n'}
[2.415903] (px4_msgs) StdoutLine: {'line': b'-- Up-to-date symlink: /home/maxim/super_ws/install/px4_msgs/include/px4_msgs/px4_msgs/msg/detail/gripper__rosidl_typesupport_introspection_cpp.hpp\n'}
[2.416320] (px4_msgs) StdoutLine: {'line': b'-- Up-to-date symlink: /home/maxim/super_ws/install/px4_msgs/include/px4_msgs/px4_msgs/msg/detail/health_report__rosidl_typesupport_introspection_cpp.hpp\n'}
[2.416475] (px4_msgs) StdoutLine: {'line': b'-- Up-to-date symlink: /home/maxim/super_ws/install/px4_msgs/include/px4_msgs/px4_msgs/msg/detail/heater_status__rosidl_typesupport_introspection_cpp.hpp\n'}
[2.416659] (px4_msgs) StdoutLine: {'line': b'-- Up-to-date symlink: /home/maxim/super_ws/install/px4_msgs/include/px4_msgs/px4_msgs/msg/detail/home_position__rosidl_typesupport_introspection_cpp.hpp\n'}
[2.416733] (px4_msgs) StdoutLine: {'line': b'-- Up-to-date symlink: /home/maxim/super_ws/install/px4_msgs/include/px4_msgs/px4_msgs/msg/detail/hover_thrust_estimate__rosidl_typesupport_introspection_cpp.hpp\n'}
[2.416989] (px4_msgs) StdoutLine: {'line': b'-- Up-to-date symlink: /home/maxim/super_ws/install/px4_msgs/include/px4_msgs/px4_msgs/msg/detail/input_rc__rosidl_typesupport_introspection_cpp.hpp\n'}
[2.417102] (px4_msgs) StdoutLine: {'line': b'-- Up-to-date symlink: /home/maxim/super_ws/install/px4_msgs/include/px4_msgs/px4_msgs/msg/detail/internal_combustion_engine_control__rosidl_typesupport_introspection_cpp.hpp\n'}
[2.417270] (px4_msgs) StdoutLine: {'line': b'-- Up-to-date symlink: /home/maxim/super_ws/install/px4_msgs/include/px4_msgs/px4_msgs/msg/detail/internal_combustion_engine_status__rosidl_typesupport_introspection_cpp.hpp\n'}
[2.417414] (px4_msgs) StdoutLine: {'line': b'-- Up-to-date symlink: /home/maxim/super_ws/install/px4_msgs/include/px4_msgs/px4_msgs/msg/detail/iridiumsbd_status__rosidl_typesupport_introspection_cpp.hpp\n'}
[2.417571] (px4_msgs) StdoutLine: {'line': b'-- Up-to-date symlink: /home/maxim/super_ws/install/px4_msgs/include/px4_msgs/px4_msgs/msg/detail/irlock_report__rosidl_typesupport_introspection_cpp.hpp\n'}
[2.417716] (px4_msgs) StdoutLine: {'line': b'-- Up-to-date symlink: /home/maxim/super_ws/install/px4_msgs/include/px4_msgs/px4_msgs/msg/detail/landing_gear__rosidl_typesupport_introspection_cpp.hpp\n'}
[2.417841] (px4_msgs) StdoutLine: {'line': b'-- Up-to-date symlink: /home/maxim/super_ws/install/px4_msgs/include/px4_msgs/px4_msgs/msg/detail/landing_gear_wheel__rosidl_typesupport_introspection_cpp.hpp\n'}
[2.418025] (px4_msgs) StdoutLine: {'line': b'-- Up-to-date symlink: /home/maxim/super_ws/install/px4_msgs/include/px4_msgs/px4_msgs/msg/detail/landing_target_innovations__rosidl_typesupport_introspection_cpp.hpp\n'}
[2.418236] (px4_msgs) StdoutLine: {'line': b'-- Up-to-date symlink: /home/maxim/super_ws/install/px4_msgs/include/px4_msgs/px4_msgs/msg/detail/landing_target_pose__rosidl_typesupport_introspection_cpp.hpp\n'}
[2.418445] (px4_msgs) StdoutLine: {'line': b'-- Up-to-date symlink: /home/maxim/super_ws/install/px4_msgs/include/px4_msgs/px4_msgs/msg/detail/lateral_control_configuration__rosidl_typesupport_introspection_cpp.hpp\n'}
[2.418579] (px4_msgs) StdoutLine: {'line': b'-- Up-to-date symlink: /home/maxim/super_ws/install/px4_msgs/include/px4_msgs/px4_msgs/msg/detail/launch_detection_status__rosidl_typesupport_introspection_cpp.hpp\n'}
[2.418747] (px4_msgs) StdoutLine: {'line': b'-- Up-to-date symlink: /home/maxim/super_ws/install/px4_msgs/include/px4_msgs/px4_msgs/msg/detail/led_control__rosidl_typesupport_introspection_cpp.hpp\n'}
[2.418961] (px4_msgs) StdoutLine: {'line': b'-- Up-to-date symlink: /home/maxim/super_ws/install/px4_msgs/include/px4_msgs/px4_msgs/msg/detail/log_message__rosidl_typesupport_introspection_cpp.hpp\n'}
[2.419111] (px4_msgs) StdoutLine: {'line': b'-- Up-to-date symlink: /home/maxim/super_ws/install/px4_msgs/include/px4_msgs/px4_msgs/msg/detail/logger_status__rosidl_typesupport_introspection_cpp.hpp\n'}
[2.419266] (px4_msgs) StdoutLine: {'line': b'-- Up-to-date symlink: /home/maxim/super_ws/install/px4_msgs/include/px4_msgs/px4_msgs/msg/detail/longitudinal_control_configuration__rosidl_typesupport_introspection_cpp.hpp\n'}
[2.419425] (px4_msgs) StdoutLine: {'line': b'-- Up-to-date symlink: /home/maxim/super_ws/install/px4_msgs/include/px4_msgs/px4_msgs/msg/detail/mag_worker_data__rosidl_typesupport_introspection_cpp.hpp\n'}
[2.419573] (px4_msgs) StdoutLine: {'line': b'-- Up-to-date symlink: /home/maxim/super_ws/install/px4_msgs/include/px4_msgs/px4_msgs/msg/detail/magnetometer_bias_estimate__rosidl_typesupport_introspection_cpp.hpp\n'}
[2.419694] (px4_msgs) StdoutLine: {'line': b'-- Up-to-date symlink: /home/maxim/super_ws/install/px4_msgs/include/px4_msgs/px4_msgs/msg/detail/manual_control_setpoint__rosidl_typesupport_introspection_cpp.hpp\n'}
[2.419841] (px4_msgs) StdoutLine: {'line': b'-- Up-to-date symlink: /home/maxim/super_ws/install/px4_msgs/include/px4_msgs/px4_msgs/msg/detail/manual_control_switches__rosidl_typesupport_introspection_cpp.hpp\n'}
[2.420029] (px4_msgs) StdoutLine: {'line': b'-- Up-to-date symlink: /home/maxim/super_ws/install/px4_msgs/include/px4_msgs/px4_msgs/msg/detail/mavlink_log__rosidl_typesupport_introspection_cpp.hpp\n'}
[2.420196] (px4_msgs) StdoutLine: {'line': b'-- Up-to-date symlink: /home/maxim/super_ws/install/px4_msgs/include/px4_msgs/px4_msgs/msg/detail/mavlink_tunnel__rosidl_typesupport_introspection_cpp.hpp\n'}
[2.420354] (px4_msgs) StdoutLine: {'line': b'-- Up-to-date symlink: /home/maxim/super_ws/install/px4_msgs/include/px4_msgs/px4_msgs/msg/detail/message_format_request__rosidl_typesupport_introspection_cpp.hpp\n'}
[2.420474] (px4_msgs) StdoutLine: {'line': b'-- Up-to-date symlink: /home/maxim/super_ws/install/px4_msgs/include/px4_msgs/px4_msgs/msg/detail/message_format_response__rosidl_typesupport_introspection_cpp.hpp\n'}
[2.420624] (px4_msgs) StdoutLine: {'line': b'-- Up-to-date symlink: /home/maxim/super_ws/install/px4_msgs/include/px4_msgs/px4_msgs/msg/detail/mission__rosidl_typesupport_introspection_cpp.hpp\n'}
[2.420845] (px4_msgs) StdoutLine: {'line': b'-- Up-to-date symlink: /home/maxim/super_ws/install/px4_msgs/include/px4_msgs/px4_msgs/msg/detail/mission_result__rosidl_typesupport_introspection_cpp.hpp\n'}
[2.421013] (px4_msgs) StdoutLine: {'line': b'-- Up-to-date symlink: /home/maxim/super_ws/install/px4_msgs/include/px4_msgs/px4_msgs/msg/detail/mode_completed__rosidl_typesupport_introspection_cpp.hpp\n'}
[2.421141] (px4_msgs) StdoutLine: {'line': b'-- Up-to-date symlink: /home/maxim/super_ws/install/px4_msgs/include/px4_msgs/px4_msgs/msg/detail/mount_orientation__rosidl_typesupport_introspection_cpp.hpp\n'}
[2.421337] (px4_msgs) StdoutLine: {'line': b'-- Up-to-date symlink: /home/maxim/super_ws/install/px4_msgs/include/px4_msgs/px4_msgs/msg/detail/navigator_mission_item__rosidl_typesupport_introspection_cpp.hpp\n'}
[2.421505] (px4_msgs) StdoutLine: {'line': b'-- Up-to-date symlink: /home/maxim/super_ws/install/px4_msgs/include/px4_msgs/px4_msgs/msg/detail/navigator_status__rosidl_typesupport_introspection_cpp.hpp\n'}
[2.421638] (px4_msgs) StdoutLine: {'line': b'-- Up-to-date symlink: /home/maxim/super_ws/install/px4_msgs/include/px4_msgs/px4_msgs/msg/detail/neural_control__rosidl_typesupport_introspection_cpp.hpp\n'}
[2.421867] (px4_msgs) StdoutLine: {'line': b'-- Up-to-date symlink: /home/maxim/super_ws/install/px4_msgs/include/px4_msgs/px4_msgs/msg/detail/normalized_unsigned_setpoint__rosidl_typesupport_introspection_cpp.hpp\n'}
[2.421973] (px4_msgs) StdoutLine: {'line': b'-- Up-to-date symlink: /home/maxim/super_ws/install/px4_msgs/include/px4_msgs/px4_msgs/msg/detail/obstacle_distance__rosidl_typesupport_introspection_cpp.hpp\n'}
[2.422052] (px4_msgs) StdoutLine: {'line': b'-- Up-to-date symlink: /home/maxim/super_ws/install/px4_msgs/include/px4_msgs/px4_msgs/msg/detail/offboard_control_mode__rosidl_typesupport_introspection_cpp.hpp\n'}
[2.422182] (px4_msgs) StdoutLine: {'line': b'-- Up-to-date symlink: /home/maxim/super_ws/install/px4_msgs/include/px4_msgs/px4_msgs/msg/detail/onboard_computer_status__rosidl_typesupport_introspection_cpp.hpp\n'}
[2.422297] (px4_msgs) StdoutLine: {'line': b'-- Up-to-date symlink: /home/maxim/super_ws/install/px4_msgs/include/px4_msgs/px4_msgs/msg/detail/open_drone_id_arm_status__rosidl_typesupport_introspection_cpp.hpp\n'}
[2.422433] (px4_msgs) StdoutLine: {'line': b'-- Up-to-date symlink: /home/maxim/super_ws/install/px4_msgs/include/px4_msgs/px4_msgs/msg/detail/open_drone_id_operator_id__rosidl_typesupport_introspection_cpp.hpp\n'}
[2.422643] (px4_msgs) StdoutLine: {'line': b'-- Up-to-date symlink: /home/maxim/super_ws/install/px4_msgs/include/px4_msgs/px4_msgs/msg/detail/open_drone_id_self_id__rosidl_typesupport_introspection_cpp.hpp\n'}
[2.422858] (px4_msgs) StdoutLine: {'line': b'-- Up-to-date symlink: /home/maxim/super_ws/install/px4_msgs/include/px4_msgs/px4_msgs/msg/detail/open_drone_id_system__rosidl_typesupport_introspection_cpp.hpp\n'}
[2.423017] (px4_msgs) StdoutLine: {'line': b'-- Up-to-date symlink: /home/maxim/super_ws/install/px4_msgs/include/px4_msgs/px4_msgs/msg/detail/orb_test__rosidl_typesupport_introspection_cpp.hpp\n'}
[2.423164] (px4_msgs) StdoutLine: {'line': b'-- Up-to-date symlink: /home/maxim/super_ws/install/px4_msgs/include/px4_msgs/px4_msgs/msg/detail/orb_test_large__rosidl_typesupport_introspection_cpp.hpp\n'}
[2.423278] (px4_msgs) StdoutLine: {'line': b'-- Up-to-date symlink: /home/maxim/super_ws/install/px4_msgs/include/px4_msgs/px4_msgs/msg/detail/orb_test_medium__rosidl_typesupport_introspection_cpp.hpp\n'}
[2.423357] (px4_msgs) StdoutLine: {'line': b'-- Up-to-date symlink: /home/maxim/super_ws/install/px4_msgs/include/px4_msgs/px4_msgs/msg/detail/orbit_status__rosidl_typesupport_introspection_cpp.hpp\n'}
[2.423467] (px4_msgs) StdoutLine: {'line': b'-- Up-to-date symlink: /home/maxim/super_ws/install/px4_msgs/include/px4_msgs/px4_msgs/msg/detail/parameter_reset_request__rosidl_typesupport_introspection_cpp.hpp\n'}
[2.423578] (px4_msgs) StdoutLine: {'line': b'-- Up-to-date symlink: /home/maxim/super_ws/install/px4_msgs/include/px4_msgs/px4_msgs/msg/detail/parameter_set_used_request__rosidl_typesupport_introspection_cpp.hpp\n'}
[2.423713] (px4_msgs) StdoutLine: {'line': b'-- Up-to-date symlink: /home/maxim/super_ws/install/px4_msgs/include/px4_msgs/px4_msgs/msg/detail/parameter_set_value_request__rosidl_typesupport_introspection_cpp.hpp\n'}
[2.423830] (px4_msgs) StdoutLine: {'line': b'-- Up-to-date symlink: /home/maxim/super_ws/install/px4_msgs/include/px4_msgs/px4_msgs/msg/detail/parameter_set_value_response__rosidl_typesupport_introspection_cpp.hpp\n'}
[2.423935] (px4_msgs) StdoutLine: {'line': b'-- Up-to-date symlink: /home/maxim/super_ws/install/px4_msgs/include/px4_msgs/px4_msgs/msg/detail/parameter_update__rosidl_typesupport_introspection_cpp.hpp\n'}
[2.424063] (px4_msgs) StdoutLine: {'line': b'-- Up-to-date symlink: /home/maxim/super_ws/install/px4_msgs/include/px4_msgs/px4_msgs/msg/detail/ping__rosidl_typesupport_introspection_cpp.hpp\n'}
[2.424172] (px4_msgs) StdoutLine: {'line': b'-- Up-to-date symlink: /home/maxim/super_ws/install/px4_msgs/include/px4_msgs/px4_msgs/msg/detail/position_controller_landing_status__rosidl_typesupport_introspection_cpp.hpp\n'}
[2.424254] (px4_msgs) StdoutLine: {'line': b'-- Up-to-date symlink: /home/maxim/super_ws/install/px4_msgs/include/px4_msgs/px4_msgs/msg/detail/position_controller_status__rosidl_typesupport_introspection_cpp.hpp\n'}
[2.424377] (px4_msgs) StdoutLine: {'line': b'-- Up-to-date symlink: /home/maxim/super_ws/install/px4_msgs/include/px4_msgs/px4_msgs/msg/detail/position_setpoint__rosidl_typesupport_introspection_cpp.hpp\n'}
[2.424463] (px4_msgs) StdoutLine: {'line': b'-- Up-to-date symlink: /home/maxim/super_ws/install/px4_msgs/include/px4_msgs/px4_msgs/msg/detail/position_setpoint_triplet__rosidl_typesupport_introspection_cpp.hpp\n'}
[2.424573] (px4_msgs) StdoutLine: {'line': b'-- Up-to-date symlink: /home/maxim/super_ws/install/px4_msgs/include/px4_msgs/px4_msgs/msg/detail/power_button_state__rosidl_typesupport_introspection_cpp.hpp\n'}
[2.424683] (px4_msgs) StdoutLine: {'line': b'-- Up-to-date symlink: /home/maxim/super_ws/install/px4_msgs/include/px4_msgs/px4_msgs/msg/detail/power_monitor__rosidl_typesupport_introspection_cpp.hpp\n'}
[2.424821] (px4_msgs) StdoutLine: {'line': b'-- Up-to-date symlink: /home/maxim/super_ws/install/px4_msgs/include/px4_msgs/px4_msgs/msg/detail/pps_capture__rosidl_typesupport_introspection_cpp.hpp\n'}
[2.424932] (px4_msgs) StdoutLine: {'line': b'-- Up-to-date symlink: /home/maxim/super_ws/install/px4_msgs/include/px4_msgs/px4_msgs/msg/detail/prec_land_status__rosidl_typesupport_introspection_cpp.hpp\n'}
[2.425043] (px4_msgs) StdoutLine: {'line': b'-- Up-to-date symlink: /home/maxim/super_ws/install/px4_msgs/include/px4_msgs/px4_msgs/msg/detail/pure_pursuit_status__rosidl_typesupport_introspection_cpp.hpp\n'}
[2.425151] (px4_msgs) StdoutLine: {'line': b'-- Up-to-date symlink: /home/maxim/super_ws/install/px4_msgs/include/px4_msgs/px4_msgs/msg/detail/pwm_input__rosidl_typesupport_introspection_cpp.hpp\n'}
[2.425262] (px4_msgs) StdoutLine: {'line': b'-- Up-to-date symlink: /home/maxim/super_ws/install/px4_msgs/include/px4_msgs/px4_msgs/msg/detail/px4io_status__rosidl_typesupport_introspection_cpp.hpp\n'}
[2.425345] (px4_msgs) StdoutLine: {'line': b'-- Up-to-date symlink: /home/maxim/super_ws/install/px4_msgs/include/px4_msgs/px4_msgs/msg/detail/qshell_req__rosidl_typesupport_introspection_cpp.hpp\n'}
[2.425469] (px4_msgs) StdoutLine: {'line': b'-- Up-to-date symlink: /home/maxim/super_ws/install/px4_msgs/include/px4_msgs/px4_msgs/msg/detail/qshell_retval__rosidl_typesupport_introspection_cpp.hpp\n'}
[2.425682] (px4_msgs) StdoutLine: {'line': b'-- Up-to-date symlink: /home/maxim/super_ws/install/px4_msgs/include/px4_msgs/px4_msgs/msg/detail/radio_status__rosidl_typesupport_introspection_cpp.hpp\n'}
[2.425780] (px4_msgs) StdoutLine: {'line': b'-- Up-to-date symlink: /home/maxim/super_ws/install/px4_msgs/include/px4_msgs/px4_msgs/msg/detail/ranging_beacon__rosidl_typesupport_introspection_cpp.hpp\n'}
[2.425928] (px4_msgs) StdoutLine: {'line': b'-- Up-to-date symlink: /home/maxim/super_ws/install/px4_msgs/include/px4_msgs/px4_msgs/msg/detail/raptor_input__rosidl_typesupport_introspection_cpp.hpp\n'}
[2.426087] (px4_msgs) StdoutLine: {'line': b'-- Up-to-date symlink: /home/maxim/super_ws/install/px4_msgs/include/px4_msgs/px4_msgs/msg/detail/raptor_status__rosidl_typesupport_introspection_cpp.hpp\n'}
[2.426245] (px4_msgs) StdoutLine: {'line': b'-- Up-to-date symlink: /home/maxim/super_ws/install/px4_msgs/include/px4_msgs/px4_msgs/msg/detail/rate_ctrl_status__rosidl_typesupport_introspection_cpp.hpp\n'}
[2.426448] (px4_msgs) StdoutLine: {'line': b'-- Up-to-date symlink: /home/maxim/super_ws/install/px4_msgs/include/px4_msgs/px4_msgs/msg/detail/rc_channels__rosidl_typesupport_introspection_cpp.hpp\n'}
[2.426685] (px4_msgs) StdoutLine: {'line': b'-- Up-to-date symlink: /home/maxim/super_ws/install/px4_msgs/include/px4_msgs/px4_msgs/msg/detail/rc_parameter_map__rosidl_typesupport_introspection_cpp.hpp\n'}
[2.426866] (px4_msgs) StdoutLine: {'line': b'-- Up-to-date symlink: /home/maxim/super_ws/install/px4_msgs/include/px4_msgs/px4_msgs/msg/detail/register_ext_component_reply__rosidl_typesupport_introspection_cpp.hpp\n'}
[2.427028] (px4_msgs) StdoutLine: {'line': b'-- Up-to-date symlink: /home/maxim/super_ws/install/px4_msgs/include/px4_msgs/px4_msgs/msg/detail/register_ext_component_request__rosidl_typesupport_introspection_cpp.hpp\n'}
[2.427175] (px4_msgs) StdoutLine: {'line': b'-- Up-to-date symlink: /home/maxim/super_ws/install/px4_msgs/include/px4_msgs/px4_msgs/msg/detail/rover_attitude_setpoint__rosidl_typesupport_introspection_cpp.hpp\n'}
[2.427312] (px4_msgs) StdoutLine: {'line': b'-- Up-to-date symlink: /home/maxim/super_ws/install/px4_msgs/include/px4_msgs/px4_msgs/msg/detail/rover_attitude_status__rosidl_typesupport_introspection_cpp.hpp\n'}
[2.427469] (px4_msgs) StdoutLine: {'line': b'-- Up-to-date symlink: /home/maxim/super_ws/install/px4_msgs/include/px4_msgs/px4_msgs/msg/detail/rover_position_setpoint__rosidl_typesupport_introspection_cpp.hpp\n'}
[2.427629] (px4_msgs) StdoutLine: {'line': b'-- Up-to-date symlink: /home/maxim/super_ws/install/px4_msgs/include/px4_msgs/px4_msgs/msg/detail/rover_rate_setpoint__rosidl_typesupport_introspection_cpp.hpp\n'}
[2.427734] (px4_msgs) StdoutLine: {'line': b'-- Up-to-date symlink: /home/maxim/super_ws/install/px4_msgs/include/px4_msgs/px4_msgs/msg/detail/rover_rate_status__rosidl_typesupport_introspection_cpp.hpp\n'}
[2.427871] (px4_msgs) StdoutLine: {'line': b'-- Up-to-date symlink: /home/maxim/super_ws/install/px4_msgs/include/px4_msgs/px4_msgs/msg/detail/rover_speed_setpoint__rosidl_typesupport_introspection_cpp.hpp\n'}
[2.428007] (px4_msgs) StdoutLine: {'line': b'-- Up-to-date symlink: /home/maxim/super_ws/install/px4_msgs/include/px4_msgs/px4_msgs/msg/detail/rover_speed_status__rosidl_typesupport_introspection_cpp.hpp\n'}
[2.428121] (px4_msgs) StdoutLine: {'line': b'-- Up-to-date symlink: /home/maxim/super_ws/install/px4_msgs/include/px4_msgs/px4_msgs/msg/detail/rover_steering_setpoint__rosidl_typesupport_introspection_cpp.hpp\n'}
[2.428252] (px4_msgs) StdoutLine: {'line': b'-- Up-to-date symlink: /home/maxim/super_ws/install/px4_msgs/include/px4_msgs/px4_msgs/msg/detail/rover_throttle_setpoint__rosidl_typesupport_introspection_cpp.hpp\n'}
[2.428338] (px4_msgs) StdoutLine: {'line': b'-- Up-to-date symlink: /home/maxim/super_ws/install/px4_msgs/include/px4_msgs/px4_msgs/msg/detail/rpm__rosidl_typesupport_introspection_cpp.hpp\n'}
[2.428497] (px4_msgs) StdoutLine: {'line': b'-- Up-to-date symlink: /home/maxim/super_ws/install/px4_msgs/include/px4_msgs/px4_msgs/msg/detail/rtl_status__rosidl_typesupport_introspection_cpp.hpp\n'}
[2.428576] (px4_msgs) StdoutLine: {'line': b'-- Up-to-date symlink: /home/maxim/super_ws/install/px4_msgs/include/px4_msgs/px4_msgs/msg/detail/rtl_time_estimate__rosidl_typesupport_introspection_cpp.hpp\n'}
[2.428657] (px4_msgs) StdoutLine: {'line': b'-- Up-to-date symlink: /home/maxim/super_ws/install/px4_msgs/include/px4_msgs/px4_msgs/msg/detail/satellite_info__rosidl_typesupport_introspection_cpp.hpp\n'}
[2.428794] (px4_msgs) StdoutLine: {'line': b'-- Up-to-date symlink: /home/maxim/super_ws/install/px4_msgs/include/px4_msgs/px4_msgs/msg/detail/sensor_accel__rosidl_typesupport_introspection_cpp.hpp\n'}
[2.428887] (px4_msgs) StdoutLine: {'line': b'-- Up-to-date symlink: /home/maxim/super_ws/install/px4_msgs/include/px4_msgs/px4_msgs/msg/detail/sensor_accel_fifo__rosidl_typesupport_introspection_cpp.hpp\n'}
[2.429021] (px4_msgs) StdoutLine: {'line': b'-- Up-to-date symlink: /home/maxim/super_ws/install/px4_msgs/include/px4_msgs/px4_msgs/msg/detail/sensor_airflow__rosidl_typesupport_introspection_cpp.hpp\n'}
[2.429110] (px4_msgs) StdoutLine: {'line': b'-- Up-to-date symlink: /home/maxim/super_ws/install/px4_msgs/include/px4_msgs/px4_msgs/msg/detail/sensor_baro__rosidl_typesupport_introspection_cpp.hpp\n'}
[2.429222] (px4_msgs) StdoutLine: {'line': b'-- Up-to-date symlink: /home/maxim/super_ws/install/px4_msgs/include/px4_msgs/px4_msgs/msg/detail/sensor_combined__rosidl_typesupport_introspection_cpp.hpp\n'}
[2.429329] (px4_msgs) StdoutLine: {'line': b'-- Up-to-date symlink: /home/maxim/super_ws/install/px4_msgs/include/px4_msgs/px4_msgs/msg/detail/sensor_correction__rosidl_typesupport_introspection_cpp.hpp\n'}
[2.429435] (px4_msgs) StdoutLine: {'line': b'-- Up-to-date symlink: /home/maxim/super_ws/install/px4_msgs/include/px4_msgs/px4_msgs/msg/detail/sensor_gnss_relative__rosidl_typesupport_introspection_cpp.hpp\n'}
[2.429547] (px4_msgs) StdoutLine: {'line': b'-- Up-to-date symlink: /home/maxim/super_ws/install/px4_msgs/include/px4_msgs/px4_msgs/msg/detail/sensor_gnss_status__rosidl_typesupport_introspection_cpp.hpp\n'}
[2.429648] (px4_msgs) StdoutLine: {'line': b'-- Up-to-date symlink: /home/maxim/super_ws/install/px4_msgs/include/px4_msgs/px4_msgs/msg/detail/sensor_gps__rosidl_typesupport_introspection_cpp.hpp\n'}
[2.429801] (px4_msgs) StdoutLine: {'line': b'-- Up-to-date symlink: /home/maxim/super_ws/install/px4_msgs/include/px4_msgs/px4_msgs/msg/detail/sensor_gyro__rosidl_typesupport_introspection_cpp.hpp\n'}
[2.429903] (px4_msgs) StdoutLine: {'line': b'-- Up-to-date symlink: /home/maxim/super_ws/install/px4_msgs/include/px4_msgs/px4_msgs/msg/detail/sensor_gyro_fft__rosidl_typesupport_introspection_cpp.hpp\n'}
[2.429994] (px4_msgs) StdoutLine: {'line': b'-- Up-to-date symlink: /home/maxim/super_ws/install/px4_msgs/include/px4_msgs/px4_msgs/msg/detail/sensor_gyro_fifo__rosidl_typesupport_introspection_cpp.hpp\n'}
[2.430095] (px4_msgs) StdoutLine: {'line': b'-- Up-to-date symlink: /home/maxim/super_ws/install/px4_msgs/include/px4_msgs/px4_msgs/msg/detail/sensor_hygrometer__rosidl_typesupport_introspection_cpp.hpp\n'}
[2.430200] (px4_msgs) StdoutLine: {'line': b'-- Up-to-date symlink: /home/maxim/super_ws/install/px4_msgs/include/px4_msgs/px4_msgs/msg/detail/sensor_mag__rosidl_typesupport_introspection_cpp.hpp\n'}
[2.430309] (px4_msgs) StdoutLine: {'line': b'-- Up-to-date symlink: /home/maxim/super_ws/install/px4_msgs/include/px4_msgs/px4_msgs/msg/detail/sensor_optical_flow__rosidl_typesupport_introspection_cpp.hpp\n'}
[2.430417] (px4_msgs) StdoutLine: {'line': b'-- Up-to-date symlink: /home/maxim/super_ws/install/px4_msgs/include/px4_msgs/px4_msgs/msg/detail/sensor_preflight_mag__rosidl_typesupport_introspection_cpp.hpp\n'}
[2.430548] (px4_msgs) StdoutLine: {'line': b'-- Up-to-date symlink: /home/maxim/super_ws/install/px4_msgs/include/px4_msgs/px4_msgs/msg/detail/sensor_selection__rosidl_typesupport_introspection_cpp.hpp\n'}
[2.430636] (px4_msgs) StdoutLine: {'line': b'-- Up-to-date symlink: /home/maxim/super_ws/install/px4_msgs/include/px4_msgs/px4_msgs/msg/detail/sensor_temp__rosidl_typesupport_introspection_cpp.hpp\n'}
[2.430799] (px4_msgs) StdoutLine: {'line': b'-- Up-to-date symlink: /home/maxim/super_ws/install/px4_msgs/include/px4_msgs/px4_msgs/msg/detail/sensor_uwb__rosidl_typesupport_introspection_cpp.hpp\n'}
[2.430881] (px4_msgs) StdoutLine: {'line': b'-- Up-to-date symlink: /home/maxim/super_ws/install/px4_msgs/include/px4_msgs/px4_msgs/msg/detail/sensors_status__rosidl_typesupport_introspection_cpp.hpp\n'}
[2.430978] (px4_msgs) StdoutLine: {'line': b'-- Up-to-date symlink: /home/maxim/super_ws/install/px4_msgs/include/px4_msgs/px4_msgs/msg/detail/sensors_status_imu__rosidl_typesupport_introspection_cpp.hpp\n'}
[2.431089] (px4_msgs) StdoutLine: {'line': b'-- Up-to-date symlink: /home/maxim/super_ws/install/px4_msgs/include/px4_msgs/px4_msgs/msg/detail/system_power__rosidl_typesupport_introspection_cpp.hpp\n'}
[2.431195] (px4_msgs) StdoutLine: {'line': b'-- Up-to-date symlink: /home/maxim/super_ws/install/px4_msgs/include/px4_msgs/px4_msgs/msg/detail/takeoff_status__rosidl_typesupport_introspection_cpp.hpp\n'}
[2.431306] (px4_msgs) StdoutLine: {'line': b'-- Up-to-date symlink: /home/maxim/super_ws/install/px4_msgs/include/px4_msgs/px4_msgs/msg/detail/target_gnss__rosidl_typesupport_introspection_cpp.hpp\n'}
[2.431439] (px4_msgs) StdoutLine: {'line': b'-- Up-to-date symlink: /home/maxim/super_ws/install/px4_msgs/include/px4_msgs/px4_msgs/msg/detail/task_stack_info__rosidl_typesupport_introspection_cpp.hpp\n'}
[2.431600] (px4_msgs) StdoutLine: {'line': b'-- Up-to-date symlink: /home/maxim/super_ws/install/px4_msgs/include/px4_msgs/px4_msgs/msg/detail/tecs_status__rosidl_typesupport_introspection_cpp.hpp\n'}
[2.431698] (px4_msgs) StdoutLine: {'line': b'-- Up-to-date symlink: /home/maxim/super_ws/install/px4_msgs/include/px4_msgs/px4_msgs/msg/detail/telemetry_status__rosidl_typesupport_introspection_cpp.hpp\n'}
[2.431851] (px4_msgs) StdoutLine: {'line': b'-- Up-to-date symlink: /home/maxim/super_ws/install/px4_msgs/include/px4_msgs/px4_msgs/msg/detail/tiltrotor_extra_controls__rosidl_typesupport_introspection_cpp.hpp\n'}
[2.431978] (px4_msgs) StdoutLine: {'line': b'-- Up-to-date symlink: /home/maxim/super_ws/install/px4_msgs/include/px4_msgs/px4_msgs/msg/detail/timesync_status__rosidl_typesupport_introspection_cpp.hpp\n'}
[2.432113] (px4_msgs) StdoutLine: {'line': b'-- Up-to-date symlink: /home/maxim/super_ws/install/px4_msgs/include/px4_msgs/px4_msgs/msg/detail/trajectory_setpoint6dof__rosidl_typesupport_introspection_cpp.hpp\n'}
[2.432247] (px4_msgs) StdoutLine: {'line': b'-- Up-to-date symlink: /home/maxim/super_ws/install/px4_msgs/include/px4_msgs/px4_msgs/msg/detail/trajectory_setpoint__rosidl_typesupport_introspection_cpp.hpp\n'}
[2.432387] (px4_msgs) StdoutLine: {'line': b'-- Up-to-date symlink: /home/maxim/super_ws/install/px4_msgs/include/px4_msgs/px4_msgs/msg/detail/transponder_report__rosidl_typesupport_introspection_cpp.hpp\n'}
[2.432610] (px4_msgs) StdoutLine: {'line': b'-- Up-to-date symlink: /home/maxim/super_ws/install/px4_msgs/include/px4_msgs/px4_msgs/msg/detail/tune_control__rosidl_typesupport_introspection_cpp.hpp\n'}
[2.432702] (px4_msgs) StdoutLine: {'line': b'-- Up-to-date symlink: /home/maxim/super_ws/install/px4_msgs/include/px4_msgs/px4_msgs/msg/detail/uavcan_parameter_request__rosidl_typesupport_introspection_cpp.hpp\n'}
[2.432789] (px4_msgs) StdoutLine: {'line': b'-- Up-to-date symlink: /home/maxim/super_ws/install/px4_msgs/include/px4_msgs/px4_msgs/msg/detail/uavcan_parameter_value__rosidl_typesupport_introspection_cpp.hpp\n'}
[2.432871] (px4_msgs) StdoutLine: {'line': b'-- Up-to-date symlink: /home/maxim/super_ws/install/px4_msgs/include/px4_msgs/px4_msgs/msg/detail/ulog_stream__rosidl_typesupport_introspection_cpp.hpp\n'}
[2.432960] (px4_msgs) StdoutLine: {'line': b'-- Up-to-date symlink: /home/maxim/super_ws/install/px4_msgs/include/px4_msgs/px4_msgs/msg/detail/ulog_stream_ack__rosidl_typesupport_introspection_cpp.hpp\n'}
[2.433070] (px4_msgs) StdoutLine: {'line': b'-- Up-to-date symlink: /home/maxim/super_ws/install/px4_msgs/include/px4_msgs/px4_msgs/msg/detail/unregister_ext_component__rosidl_typesupport_introspection_cpp.hpp\n'}
[2.433157] (px4_msgs) StdoutLine: {'line': b'-- Up-to-date symlink: /home/maxim/super_ws/install/px4_msgs/include/px4_msgs/px4_msgs/msg/detail/vehicle_acceleration__rosidl_typesupport_introspection_cpp.hpp\n'}
[2.433267] (px4_msgs) StdoutLine: {'line': b'-- Up-to-date symlink: /home/maxim/super_ws/install/px4_msgs/include/px4_msgs/px4_msgs/msg/detail/vehicle_air_data__rosidl_typesupport_introspection_cpp.hpp\n'}
[2.433384] (px4_msgs) StdoutLine: {'line': b'-- Up-to-date symlink: /home/maxim/super_ws/install/px4_msgs/include/px4_msgs/px4_msgs/msg/detail/vehicle_angular_acceleration_setpoint__rosidl_typesupport_introspection_cpp.hpp\n'}
[2.433496] (px4_msgs) StdoutLine: {'line': b'-- Up-to-date symlink: /home/maxim/super_ws/install/px4_msgs/include/px4_msgs/px4_msgs/msg/detail/vehicle_angular_velocity__rosidl_typesupport_introspection_cpp.hpp\n'}
[2.433639] (px4_msgs) StdoutLine: {'line': b'-- Up-to-date symlink: /home/maxim/super_ws/install/px4_msgs/include/px4_msgs/px4_msgs/msg/detail/vehicle_attitude__rosidl_typesupport_introspection_cpp.hpp\n'}
[2.433724] (px4_msgs) StdoutLine: {'line': b'-- Up-to-date symlink: /home/maxim/super_ws/install/px4_msgs/include/px4_msgs/px4_msgs/msg/detail/vehicle_attitude_setpoint__rosidl_typesupport_introspection_cpp.hpp\n'}
[2.433896] (px4_msgs) StdoutLine: {'line': b'-- Up-to-date symlink: /home/maxim/super_ws/install/px4_msgs/include/px4_msgs/px4_msgs/msg/detail/vehicle_command__rosidl_typesupport_introspection_cpp.hpp\n'}
[2.434098] (px4_msgs) StdoutLine: {'line': b'-- Up-to-date symlink: /home/maxim/super_ws/install/px4_msgs/include/px4_msgs/px4_msgs/msg/detail/vehicle_command_ack__rosidl_typesupport_introspection_cpp.hpp\n'}
[2.434270] (px4_msgs) StdoutLine: {'line': b'-- Up-to-date symlink: /home/maxim/super_ws/install/px4_msgs/include/px4_msgs/px4_msgs/msg/detail/vehicle_constraints__rosidl_typesupport_introspection_cpp.hpp\n'}
[2.434418] (px4_msgs) StdoutLine: {'line': b'-- Up-to-date symlink: /home/maxim/super_ws/install/px4_msgs/include/px4_msgs/px4_msgs/msg/detail/vehicle_control_mode__rosidl_typesupport_introspection_cpp.hpp\n'}
[2.434616] (px4_msgs) StdoutLine: {'line': b'-- Up-to-date symlink: /home/maxim/super_ws/install/px4_msgs/include/px4_msgs/px4_msgs/msg/detail/vehicle_global_position__rosidl_typesupport_introspection_cpp.hpp\n'}
[2.434786] (px4_msgs) StdoutLine: {'line': b'-- Up-to-date symlink: /home/maxim/super_ws/install/px4_msgs/include/px4_msgs/px4_msgs/msg/detail/vehicle_imu__rosidl_typesupport_introspection_cpp.hpp\n'}
[2.434942] (px4_msgs) StdoutLine: {'line': b'-- Up-to-date symlink: /home/maxim/super_ws/install/px4_msgs/include/px4_msgs/px4_msgs/msg/detail/vehicle_imu_status__rosidl_typesupport_introspection_cpp.hpp\n'}
[2.435098] (px4_msgs) StdoutLine: {'line': b'-- Up-to-date symlink: /home/maxim/super_ws/install/px4_msgs/include/px4_msgs/px4_msgs/msg/detail/vehicle_land_detected__rosidl_typesupport_introspection_cpp.hpp\n'}
[2.435250] (px4_msgs) StdoutLine: {'line': b'-- Up-to-date symlink: /home/maxim/super_ws/install/px4_msgs/include/px4_msgs/px4_msgs/msg/detail/vehicle_local_position__rosidl_typesupport_introspection_cpp.hpp\n'}
[2.435696] (px4_msgs) StdoutLine: {'line': b'-- Up-to-date symlink: /home/maxim/super_ws/install/px4_msgs/include/px4_msgs/px4_msgs/msg/detail/vehicle_local_position_setpoint__rosidl_typesupport_introspection_cpp.hpp\n'}
[2.435790] (px4_msgs) StdoutLine: {'line': b'-- Up-to-date symlink: /home/maxim/super_ws/install/px4_msgs/include/px4_msgs/px4_msgs/msg/detail/vehicle_magnetometer__rosidl_typesupport_introspection_cpp.hpp\n'}
[2.435941] (px4_msgs) StdoutLine: {'line': b'-- Up-to-date symlink: /home/maxim/super_ws/install/px4_msgs/include/px4_msgs/px4_msgs/msg/detail/vehicle_odometry__rosidl_typesupport_introspection_cpp.hpp\n'}
[2.436062] (px4_msgs) StdoutLine: {'line': b'-- Up-to-date symlink: /home/maxim/super_ws/install/px4_msgs/include/px4_msgs/px4_msgs/msg/detail/vehicle_optical_flow__rosidl_typesupport_introspection_cpp.hpp\n'}
[2.436165] (px4_msgs) StdoutLine: {'line': b'-- Up-to-date symlink: /home/maxim/super_ws/install/px4_msgs/include/px4_msgs/px4_msgs/msg/detail/vehicle_optical_flow_vel__rosidl_typesupport_introspection_cpp.hpp\n'}
[2.436303] (px4_msgs) StdoutLine: {'line': b'-- Up-to-date symlink: /home/maxim/super_ws/install/px4_msgs/include/px4_msgs/px4_msgs/msg/detail/vehicle_rates_setpoint__rosidl_typesupport_introspection_cpp.hpp\n'}
[2.436391] (px4_msgs) StdoutLine: {'line': b'-- Up-to-date symlink: /home/maxim/super_ws/install/px4_msgs/include/px4_msgs/px4_msgs/msg/detail/vehicle_roi__rosidl_typesupport_introspection_cpp.hpp\n'}
[2.436566] (px4_msgs) StdoutLine: {'line': b'-- Up-to-date symlink: /home/maxim/super_ws/install/px4_msgs/include/px4_msgs/px4_msgs/msg/detail/vehicle_status__rosidl_typesupport_introspection_cpp.hpp\n'}
[2.436713] (px4_msgs) StdoutLine: {'line': b'-- Up-to-date symlink: /home/maxim/super_ws/install/px4_msgs/include/px4_msgs/px4_msgs/msg/detail/vehicle_thrust_setpoint__rosidl_typesupport_introspection_cpp.hpp\n'}
[2.436896] (px4_msgs) StdoutLine: {'line': b'-- Up-to-date symlink: /home/maxim/super_ws/install/px4_msgs/include/px4_msgs/px4_msgs/msg/detail/vehicle_torque_setpoint__rosidl_typesupport_introspection_cpp.hpp\n'}
[2.437112] (px4_msgs) StdoutLine: {'line': b'-- Up-to-date symlink: /home/maxim/super_ws/install/px4_msgs/include/px4_msgs/px4_msgs/msg/detail/velocity_limits__rosidl_typesupport_introspection_cpp.hpp\n'}
[2.437261] (px4_msgs) StdoutLine: {'line': b'-- Up-to-date symlink: /home/maxim/super_ws/install/px4_msgs/include/px4_msgs/px4_msgs/msg/detail/vte_aid_source1d__rosidl_typesupport_introspection_cpp.hpp\n'}
[2.437418] (px4_msgs) StdoutLine: {'line': b'-- Up-to-date symlink: /home/maxim/super_ws/install/px4_msgs/include/px4_msgs/px4_msgs/msg/detail/vte_aid_source3d__rosidl_typesupport_introspection_cpp.hpp\n'}
[2.437555] (px4_msgs) StdoutLine: {'line': b'-- Up-to-date symlink: /home/maxim/super_ws/install/px4_msgs/include/px4_msgs/px4_msgs/msg/detail/vte_bias_init_status__rosidl_typesupport_introspection_cpp.hpp\n'}
[2.437695] (px4_msgs) StdoutLine: {'line': b'-- Up-to-date symlink: /home/maxim/super_ws/install/px4_msgs/include/px4_msgs/px4_msgs/msg/detail/vte_input__rosidl_typesupport_introspection_cpp.hpp\n'}
[2.437858] (px4_msgs) StdoutLine: {'line': b'-- Up-to-date symlink: /home/maxim/super_ws/install/px4_msgs/include/px4_msgs/px4_msgs/msg/detail/vte_orientation__rosidl_typesupport_introspection_cpp.hpp\n'}
[2.437979] (px4_msgs) StdoutLine: {'line': b'-- Up-to-date symlink: /home/maxim/super_ws/install/px4_msgs/include/px4_msgs/px4_msgs/msg/detail/vte_position__rosidl_typesupport_introspection_cpp.hpp\n'}
[2.438123] (px4_msgs) StdoutLine: {'line': b'-- Up-to-date symlink: /home/maxim/super_ws/install/px4_msgs/include/px4_msgs/px4_msgs/msg/detail/vtol_vehicle_status__rosidl_typesupport_introspection_cpp.hpp\n'}
[2.438317] (px4_msgs) StdoutLine: {'line': b'-- Up-to-date symlink: /home/maxim/super_ws/install/px4_msgs/include/px4_msgs/px4_msgs/msg/detail/vtx__rosidl_typesupport_introspection_cpp.hpp\n'}
[2.438460] (px4_msgs) StdoutLine: {'line': b'-- Up-to-date symlink: /home/maxim/super_ws/install/px4_msgs/include/px4_msgs/px4_msgs/msg/detail/wheel_encoders__rosidl_typesupport_introspection_cpp.hpp\n'}
[2.438582] (px4_msgs) StdoutLine: {'line': b'-- Up-to-date symlink: /home/maxim/super_ws/install/px4_msgs/include/px4_msgs/px4_msgs/msg/detail/wind__rosidl_typesupport_introspection_cpp.hpp\n'}
[2.438730] (px4_msgs) StdoutLine: {'line': b'-- Up-to-date symlink: /home/maxim/super_ws/install/px4_msgs/include/px4_msgs/px4_msgs/msg/detail/yaw_estimator_status__rosidl_typesupport_introspection_cpp.hpp\n'}
[2.438915] (px4_msgs) StdoutLine: {'line': b'-- Up-to-date symlink: /home/maxim/super_ws/install/px4_msgs/include/px4_msgs/px4_msgs/srv/detail/vehicle_command__rosidl_typesupport_introspection_cpp.hpp\n'}
[2.439139] (px4_msgs) StdoutLine: {'line': b'-- Up-to-date symlink: /home/maxim/super_ws/install/px4_msgs/share/px4_msgs/environment/pythonpath.sh\n'}
[2.439376] (px4_msgs) StdoutLine: {'line': b'-- Up-to-date symlink: /home/maxim/super_ws/install/px4_msgs/share/px4_msgs/environment/pythonpath.dsv\n'}
[2.440198] (px4_msgs) StdoutLine: {'line': b'-- Up-to-date symlink: /home/maxim/super_ws/install/px4_msgs/lib/python3.12/site-packages/px4_msgs-2.0.1-py3.12.egg-info/PKG-INFO\n'}
[2.440364] (px4_msgs) StdoutLine: {'line': b'-- Up-to-date symlink: /home/maxim/super_ws/install/px4_msgs/lib/python3.12/site-packages/px4_msgs-2.0.1-py3.12.egg-info/SOURCES.txt\n'}
[2.440529] (px4_msgs) StdoutLine: {'line': b'-- Up-to-date symlink: /home/maxim/super_ws/install/px4_msgs/lib/python3.12/site-packages/px4_msgs-2.0.1-py3.12.egg-info/dependency_links.txt\n'}
[2.440651] (px4_msgs) StdoutLine: {'line': b'-- Up-to-date symlink: /home/maxim/super_ws/install/px4_msgs/lib/python3.12/site-packages/px4_msgs-2.0.1-py3.12.egg-info/top_level.txt\n'}
[2.446255] (px4_msgs) StdoutLine: {'line': b'-- Up-to-date symlink: /home/maxim/super_ws/install/px4_msgs/lib/python3.12/site-packages/px4_msgs/__init__.py\n'}
[2.446400] (px4_msgs) StdoutLine: {'line': b'-- Up-to-date symlink: /home/maxim/super_ws/install/px4_msgs/lib/python3.12/site-packages/px4_msgs/_px4_msgs_s.ep.rosidl_typesupport_c.c\n'}
[2.446513] (px4_msgs) StdoutLine: {'line': b'-- Up-to-date symlink: /home/maxim/super_ws/install/px4_msgs/lib/python3.12/site-packages/px4_msgs/_px4_msgs_s.ep.rosidl_typesupport_fastrtps_c.c\n'}
[2.446657] (px4_msgs) StdoutLine: {'line': b'-- Up-to-date symlink: /home/maxim/super_ws/install/px4_msgs/lib/python3.12/site-packages/px4_msgs/_px4_msgs_s.ep.rosidl_typesupport_introspection_c.c\n'}
[2.447300] (px4_msgs) StdoutLine: {'line': b'-- Up-to-date symlink: /home/maxim/super_ws/install/px4_msgs/lib/python3.12/site-packages/px4_msgs/msg/__init__.py\n'}
[2.447587] (px4_msgs) StdoutLine: {'line': b'-- Up-to-date symlink: /home/maxim/super_ws/install/px4_msgs/lib/python3.12/site-packages/px4_msgs/msg/_action_request.py\n'}
[2.447865] (px4_msgs) StdoutLine: {'line': b'-- Up-to-date symlink: /home/maxim/super_ws/install/px4_msgs/lib/python3.12/site-packages/px4_msgs/msg/_action_request_s.c\n'}
[2.448071] (px4_msgs) StdoutLine: {'line': b'-- Up-to-date symlink: /home/maxim/super_ws/install/px4_msgs/lib/python3.12/site-packages/px4_msgs/msg/_actuator_armed.py\n'}
[2.448312] (px4_msgs) StdoutLine: {'line': b'-- Up-to-date symlink: /home/maxim/super_ws/install/px4_msgs/lib/python3.12/site-packages/px4_msgs/msg/_actuator_armed_s.c\n'}
[2.448508] (px4_msgs) StdoutLine: {'line': b'-- Up-to-date symlink: /home/maxim/super_ws/install/px4_msgs/lib/python3.12/site-packages/px4_msgs/msg/_actuator_controls_status.py\n'}
[2.448706] (px4_msgs) StdoutLine: {'line': b'-- Up-to-date symlink: /home/maxim/super_ws/install/px4_msgs/lib/python3.12/site-packages/px4_msgs/msg/_actuator_controls_status_s.c\n'}
[2.448890] (px4_msgs) StdoutLine: {'line': b'-- Up-to-date symlink: /home/maxim/super_ws/install/px4_msgs/lib/python3.12/site-packages/px4_msgs/msg/_actuator_motors.py\n'}
[2.449109] (px4_msgs) StdoutLine: {'line': b'-- Up-to-date symlink: /home/maxim/super_ws/install/px4_msgs/lib/python3.12/site-packages/px4_msgs/msg/_actuator_motors_s.c\n'}
[2.449569] (px4_msgs) StdoutLine: {'line': b'-- Up-to-date symlink: /home/maxim/super_ws/install/px4_msgs/lib/python3.12/site-packages/px4_msgs/msg/_actuator_outputs.py\n'}
[2.449704] (px4_msgs) StdoutLine: {'line': b'-- Up-to-date symlink: /home/maxim/super_ws/install/px4_msgs/lib/python3.12/site-packages/px4_msgs/msg/_actuator_outputs_s.c\n'}
[2.449961] (px4_msgs) StdoutLine: {'line': b'-- Up-to-date symlink: /home/maxim/super_ws/install/px4_msgs/lib/python3.12/site-packages/px4_msgs/msg/_actuator_servos.py\n'}
[2.450133] (px4_msgs) StdoutLine: {'line': b'-- Up-to-date symlink: /home/maxim/super_ws/install/px4_msgs/lib/python3.12/site-packages/px4_msgs/msg/_actuator_servos_s.c\n'}
[2.450352] (px4_msgs) StdoutLine: {'line': b'-- Up-to-date symlink: /home/maxim/super_ws/install/px4_msgs/lib/python3.12/site-packages/px4_msgs/msg/_actuator_servos_trim.py\n'}
[2.450554] (px4_msgs) StdoutLine: {'line': b'-- Up-to-date symlink: /home/maxim/super_ws/install/px4_msgs/lib/python3.12/site-packages/px4_msgs/msg/_actuator_servos_trim_s.c\n'}
[2.450674] (px4_msgs) StdoutLine: {'line': b'-- Up-to-date symlink: /home/maxim/super_ws/install/px4_msgs/lib/python3.12/site-packages/px4_msgs/msg/_actuator_test.py\n'}
[2.450824] (px4_msgs) StdoutLine: {'line': b'-- Up-to-date symlink: /home/maxim/super_ws/install/px4_msgs/lib/python3.12/site-packages/px4_msgs/msg/_actuator_test_s.c\n'}
[2.450982] (px4_msgs) StdoutLine: {'line': b'-- Up-to-date symlink: /home/maxim/super_ws/install/px4_msgs/lib/python3.12/site-packages/px4_msgs/msg/_adc_report.py\n'}
[2.451137] (px4_msgs) StdoutLine: {'line': b'-- Up-to-date symlink: /home/maxim/super_ws/install/px4_msgs/lib/python3.12/site-packages/px4_msgs/msg/_adc_report_s.c\n'}
[2.451338] (px4_msgs) StdoutLine: {'line': b'-- Up-to-date symlink: /home/maxim/super_ws/install/px4_msgs/lib/python3.12/site-packages/px4_msgs/msg/_airspeed.py\n'}
[2.451497] (px4_msgs) StdoutLine: {'line': b'-- Up-to-date symlink: /home/maxim/super_ws/install/px4_msgs/lib/python3.12/site-packages/px4_msgs/msg/_airspeed_s.c\n'}
[2.451643] (px4_msgs) StdoutLine: {'line': b'-- Up-to-date symlink: /home/maxim/super_ws/install/px4_msgs/lib/python3.12/site-packages/px4_msgs/msg/_airspeed_validated.py\n'}
[2.451712] (px4_msgs) StdoutLine: {'line': b'-- Up-to-date symlink: /home/maxim/super_ws/install/px4_msgs/lib/python3.12/site-packages/px4_msgs/msg/_airspeed_validated_s.c\n'}
[2.451793] (px4_msgs) StdoutLine: {'line': b'-- Up-to-date symlink: /home/maxim/super_ws/install/px4_msgs/lib/python3.12/site-packages/px4_msgs/msg/_airspeed_wind.py\n'}
[2.451883] (px4_msgs) StdoutLine: {'line': b'-- Up-to-date symlink: /home/maxim/super_ws/install/px4_msgs/lib/python3.12/site-packages/px4_msgs/msg/_airspeed_wind_s.c\n'}
[2.452011] (px4_msgs) StdoutLine: {'line': b'-- Up-to-date symlink: /home/maxim/super_ws/install/px4_msgs/lib/python3.12/site-packages/px4_msgs/msg/_arming_check_reply.py\n'}
[2.452124] (px4_msgs) StdoutLine: {'line': b'-- Up-to-date symlink: /home/maxim/super_ws/install/px4_msgs/lib/python3.12/site-packages/px4_msgs/msg/_arming_check_reply_s.c\n'}
[2.452261] (px4_msgs) StdoutLine: {'line': b'-- Up-to-date symlink: /home/maxim/super_ws/install/px4_msgs/lib/python3.12/site-packages/px4_msgs/msg/_arming_check_request.py\n'}
[2.452381] (px4_msgs) StdoutLine: {'line': b'-- Up-to-date symlink: /home/maxim/super_ws/install/px4_msgs/lib/python3.12/site-packages/px4_msgs/msg/_arming_check_request_s.c\n'}
[2.452567] (px4_msgs) StdoutLine: {'line': b'-- Up-to-date symlink: /home/maxim/super_ws/install/px4_msgs/lib/python3.12/site-packages/px4_msgs/msg/_autotune_attitude_control_status.py\n'}
[2.452810] (px4_msgs) StdoutLine: {'line': b'-- Up-to-date symlink: /home/maxim/super_ws/install/px4_msgs/lib/python3.12/site-packages/px4_msgs/msg/_autotune_attitude_control_status_s.c\n'}
[2.452946] (px4_msgs) StdoutLine: {'line': b'-- Up-to-date symlink: /home/maxim/super_ws/install/px4_msgs/lib/python3.12/site-packages/px4_msgs/msg/_aux_global_position.py\n'}
[2.453114] (px4_msgs) StdoutLine: {'line': b'-- Up-to-date symlink: /home/maxim/super_ws/install/px4_msgs/lib/python3.12/site-packages/px4_msgs/msg/_aux_global_position_s.c\n'}
[2.453242] (px4_msgs) StdoutLine: {'line': b'-- Up-to-date symlink: /home/maxim/super_ws/install/px4_msgs/lib/python3.12/site-packages/px4_msgs/msg/_battery_info.py\n'}
[2.453381] (px4_msgs) StdoutLine: {'line': b'-- Up-to-date symlink: /home/maxim/super_ws/install/px4_msgs/lib/python3.12/site-packages/px4_msgs/msg/_battery_info_s.c\n'}
[2.453526] (px4_msgs) StdoutLine: {'line': b'-- Up-to-date symlink: /home/maxim/super_ws/install/px4_msgs/lib/python3.12/site-packages/px4_msgs/msg/_battery_status.py\n'}
[2.453672] (px4_msgs) StdoutLine: {'line': b'-- Up-to-date symlink: /home/maxim/super_ws/install/px4_msgs/lib/python3.12/site-packages/px4_msgs/msg/_battery_status_s.c\n'}
[2.453856] (px4_msgs) StdoutLine: {'line': b'-- Up-to-date symlink: /home/maxim/super_ws/install/px4_msgs/lib/python3.12/site-packages/px4_msgs/msg/_button_event.py\n'}
[2.453993] (px4_msgs) StdoutLine: {'line': b'-- Up-to-date symlink: /home/maxim/super_ws/install/px4_msgs/lib/python3.12/site-packages/px4_msgs/msg/_button_event_s.c\n'}
[2.454111] (px4_msgs) StdoutLine: {'line': b'-- Up-to-date symlink: /home/maxim/super_ws/install/px4_msgs/lib/python3.12/site-packages/px4_msgs/msg/_camera_capture.py\n'}
[2.454256] (px4_msgs) StdoutLine: {'line': b'-- Up-to-date symlink: /home/maxim/super_ws/install/px4_msgs/lib/python3.12/site-packages/px4_msgs/msg/_camera_capture_s.c\n'}
[2.454401] (px4_msgs) StdoutLine: {'line': b'-- Up-to-date symlink: /home/maxim/super_ws/install/px4_msgs/lib/python3.12/site-packages/px4_msgs/msg/_camera_status.py\n'}
[2.454548] (px4_msgs) StdoutLine: {'line': b'-- Up-to-date symlink: /home/maxim/super_ws/install/px4_msgs/lib/python3.12/site-packages/px4_msgs/msg/_camera_status_s.c\n'}
[2.454648] (px4_msgs) StdoutLine: {'line': b'-- Up-to-date symlink: /home/maxim/super_ws/install/px4_msgs/lib/python3.12/site-packages/px4_msgs/msg/_camera_trigger.py\n'}
[2.454769] (px4_msgs) StdoutLine: {'line': b'-- Up-to-date symlink: /home/maxim/super_ws/install/px4_msgs/lib/python3.12/site-packages/px4_msgs/msg/_camera_trigger_s.c\n'}
[2.454934] (px4_msgs) StdoutLine: {'line': b'-- Up-to-date symlink: /home/maxim/super_ws/install/px4_msgs/lib/python3.12/site-packages/px4_msgs/msg/_can_interface_status.py\n'}
[2.455038] (px4_msgs) StdoutLine: {'line': b'-- Up-to-date symlink: /home/maxim/super_ws/install/px4_msgs/lib/python3.12/site-packages/px4_msgs/msg/_can_interface_status_s.c\n'}
[2.455120] (px4_msgs) StdoutLine: {'line': b'-- Up-to-date symlink: /home/maxim/super_ws/install/px4_msgs/lib/python3.12/site-packages/px4_msgs/msg/_cellular_status.py\n'}
[2.455203] (px4_msgs) StdoutLine: {'line': b'-- Up-to-date symlink: /home/maxim/super_ws/install/px4_msgs/lib/python3.12/site-packages/px4_msgs/msg/_cellular_status_s.c\n'}
[2.455328] (px4_msgs) StdoutLine: {'line': b'-- Up-to-date symlink: /home/maxim/super_ws/install/px4_msgs/lib/python3.12/site-packages/px4_msgs/msg/_collision_constraints.py\n'}
[2.455427] (px4_msgs) StdoutLine: {'line': b'-- Up-to-date symlink: /home/maxim/super_ws/install/px4_msgs/lib/python3.12/site-packages/px4_msgs/msg/_collision_constraints_s.c\n'}
[2.455546] (px4_msgs) StdoutLine: {'line': b'-- Up-to-date symlink: /home/maxim/super_ws/install/px4_msgs/lib/python3.12/site-packages/px4_msgs/msg/_config_overrides.py\n'}
[2.455646] (px4_msgs) StdoutLine: {'line': b'-- Up-to-date symlink: /home/maxim/super_ws/install/px4_msgs/lib/python3.12/site-packages/px4_msgs/msg/_config_overrides_s.c\n'}
[2.455724] (px4_msgs) StdoutLine: {'line': b'-- Up-to-date symlink: /home/maxim/super_ws/install/px4_msgs/lib/python3.12/site-packages/px4_msgs/msg/_control_allocator_status.py\n'}
[2.455866] (px4_msgs) StdoutLine: {'line': b'-- Up-to-date symlink: /home/maxim/super_ws/install/px4_msgs/lib/python3.12/site-packages/px4_msgs/msg/_control_allocator_status_s.c\n'}
[2.455945] (px4_msgs) StdoutLine: {'line': b'-- Up-to-date symlink: /home/maxim/super_ws/install/px4_msgs/lib/python3.12/site-packages/px4_msgs/msg/_cpuload.py\n'}
[2.456057] (px4_msgs) StdoutLine: {'line': b'-- Up-to-date symlink: /home/maxim/super_ws/install/px4_msgs/lib/python3.12/site-packages/px4_msgs/msg/_cpuload_s.c\n'}
[2.456162] (px4_msgs) StdoutLine: {'line': b'-- Up-to-date symlink: /home/maxim/super_ws/install/px4_msgs/lib/python3.12/site-packages/px4_msgs/msg/_dataman_request.py\n'}
[2.456273] (px4_msgs) StdoutLine: {'line': b'-- Up-to-date symlink: /home/maxim/super_ws/install/px4_msgs/lib/python3.12/site-packages/px4_msgs/msg/_dataman_request_s.c\n'}
[2.456381] (px4_msgs) StdoutLine: {'line': b'-- Up-to-date symlink: /home/maxim/super_ws/install/px4_msgs/lib/python3.12/site-packages/px4_msgs/msg/_dataman_response.py\n'}
[2.456580] (px4_msgs) StdoutLine: {'line': b'-- Up-to-date symlink: /home/maxim/super_ws/install/px4_msgs/lib/python3.12/site-packages/px4_msgs/msg/_dataman_response_s.c\n'}
[2.456725] (px4_msgs) StdoutLine: {'line': b'-- Up-to-date symlink: /home/maxim/super_ws/install/px4_msgs/lib/python3.12/site-packages/px4_msgs/msg/_debug_array.py\n'}
[2.456918] (px4_msgs) StdoutLine: {'line': b'-- Up-to-date symlink: /home/maxim/super_ws/install/px4_msgs/lib/python3.12/site-packages/px4_msgs/msg/_debug_array_s.c\n'}
[2.457087] (px4_msgs) StdoutLine: {'line': b'-- Up-to-date symlink: /home/maxim/super_ws/install/px4_msgs/lib/python3.12/site-packages/px4_msgs/msg/_debug_key_value.py\n'}
[2.457343] (px4_msgs) StdoutLine: {'line': b'-- Up-to-date symlink: /home/maxim/super_ws/install/px4_msgs/lib/python3.12/site-packages/px4_msgs/msg/_debug_key_value_s.c\n'}
[2.457505] (px4_msgs) StdoutLine: {'line': b'-- Up-to-date symlink: /home/maxim/super_ws/install/px4_msgs/lib/python3.12/site-packages/px4_msgs/msg/_debug_value.py\n'}
[2.457637] (px4_msgs) StdoutLine: {'line': b'-- Up-to-date symlink: /home/maxim/super_ws/install/px4_msgs/lib/python3.12/site-packages/px4_msgs/msg/_debug_value_s.c\n'}
[2.457734] (px4_msgs) StdoutLine: {'line': b'-- Up-to-date symlink: /home/maxim/super_ws/install/px4_msgs/lib/python3.12/site-packages/px4_msgs/msg/_debug_vect.py\n'}
[2.457800] (px4_msgs) StdoutLine: {'line': b'-- Up-to-date symlink: /home/maxim/super_ws/install/px4_msgs/lib/python3.12/site-packages/px4_msgs/msg/_debug_vect_s.c\n'}
[2.457877] (px4_msgs) StdoutLine: {'line': b'-- Up-to-date symlink: /home/maxim/super_ws/install/px4_msgs/lib/python3.12/site-packages/px4_msgs/msg/_device_information.py\n'}
[2.457996] (px4_msgs) StdoutLine: {'line': b'-- Up-to-date symlink: /home/maxim/super_ws/install/px4_msgs/lib/python3.12/site-packages/px4_msgs/msg/_device_information_s.c\n'}
[2.458096] (px4_msgs) StdoutLine: {'line': b'-- Up-to-date symlink: /home/maxim/super_ws/install/px4_msgs/lib/python3.12/site-packages/px4_msgs/msg/_differential_pressure.py\n'}
[2.458207] (px4_msgs) StdoutLine: {'line': b'-- Up-to-date symlink: /home/maxim/super_ws/install/px4_msgs/lib/python3.12/site-packages/px4_msgs/msg/_differential_pressure_s.c\n'}
[2.458316] (px4_msgs) StdoutLine: {'line': b'-- Up-to-date symlink: /home/maxim/super_ws/install/px4_msgs/lib/python3.12/site-packages/px4_msgs/msg/_distance_sensor.py\n'}
[2.458421] (px4_msgs) StdoutLine: {'line': b'-- Up-to-date symlink: /home/maxim/super_ws/install/px4_msgs/lib/python3.12/site-packages/px4_msgs/msg/_distance_sensor_mode_change_request.py\n'}
[2.458549] (px4_msgs) StdoutLine: {'line': b'-- Up-to-date symlink: /home/maxim/super_ws/install/px4_msgs/lib/python3.12/site-packages/px4_msgs/msg/_distance_sensor_mode_change_request_s.c\n'}
[2.458661] (px4_msgs) StdoutLine: {'line': b'-- Up-to-date symlink: /home/maxim/super_ws/install/px4_msgs/lib/python3.12/site-packages/px4_msgs/msg/_distance_sensor_s.c\n'}
[2.458775] (px4_msgs) StdoutLine: {'line': b'-- Up-to-date symlink: /home/maxim/super_ws/install/px4_msgs/lib/python3.12/site-packages/px4_msgs/msg/_dronecan_node_status.py\n'}
[2.458935] (px4_msgs) StdoutLine: {'line': b'-- Up-to-date symlink: /home/maxim/super_ws/install/px4_msgs/lib/python3.12/site-packages/px4_msgs/msg/_dronecan_node_status_s.c\n'}
[2.459139] (px4_msgs) StdoutLine: {'line': b'-- Up-to-date symlink: /home/maxim/super_ws/install/px4_msgs/lib/python3.12/site-packages/px4_msgs/msg/_ekf2_timestamps.py\n'}
[2.459333] (px4_msgs) StdoutLine: {'line': b'-- Up-to-date symlink: /home/maxim/super_ws/install/px4_msgs/lib/python3.12/site-packages/px4_msgs/msg/_ekf2_timestamps_s.c\n'}
[2.459623] (px4_msgs) StdoutLine: {'line': b'-- Up-to-date symlink: /home/maxim/super_ws/install/px4_msgs/lib/python3.12/site-packages/px4_msgs/msg/_esc_eeprom_read.py\n'}
[2.459740] (px4_msgs) StdoutLine: {'line': b'-- Up-to-date symlink: /home/maxim/super_ws/install/px4_msgs/lib/python3.12/site-packages/px4_msgs/msg/_esc_eeprom_read_s.c\n'}
[2.459972] (px4_msgs) StdoutLine: {'line': b'-- Up-to-date symlink: /home/maxim/super_ws/install/px4_msgs/lib/python3.12/site-packages/px4_msgs/msg/_esc_eeprom_write.py\n'}
[2.460145] (px4_msgs) StdoutLine: {'line': b'-- Up-to-date symlink: /home/maxim/super_ws/install/px4_msgs/lib/python3.12/site-packages/px4_msgs/msg/_esc_eeprom_write_s.c\n'}
[2.460291] (px4_msgs) StdoutLine: {'line': b'-- Up-to-date symlink: /home/maxim/super_ws/install/px4_msgs/lib/python3.12/site-packages/px4_msgs/msg/_esc_report.py\n'}
[2.460416] (px4_msgs) StdoutLine: {'line': b'-- Up-to-date symlink: /home/maxim/super_ws/install/px4_msgs/lib/python3.12/site-packages/px4_msgs/msg/_esc_report_s.c\n'}
[2.460587] (px4_msgs) StdoutLine: {'line': b'-- Up-to-date symlink: /home/maxim/super_ws/install/px4_msgs/lib/python3.12/site-packages/px4_msgs/msg/_esc_status.py\n'}
[2.460749] (px4_msgs) StdoutLine: {'line': b'-- Up-to-date symlink: /home/maxim/super_ws/install/px4_msgs/lib/python3.12/site-packages/px4_msgs/msg/_esc_status_s.c\n'}
[2.460926] (px4_msgs) StdoutLine: {'line': b'-- Up-to-date symlink: /home/maxim/super_ws/install/px4_msgs/lib/python3.12/site-packages/px4_msgs/msg/_estimator_aid_source1d.py\n'}
[2.461048] (px4_msgs) StdoutLine: {'line': b'-- Up-to-date symlink: /home/maxim/super_ws/install/px4_msgs/lib/python3.12/site-packages/px4_msgs/msg/_estimator_aid_source1d_s.c\n'}
[2.461282] (px4_msgs) StdoutLine: {'line': b'-- Up-to-date symlink: /home/maxim/super_ws/install/px4_msgs/lib/python3.12/site-packages/px4_msgs/msg/_estimator_aid_source2d.py\n'}
[2.461460] (px4_msgs) StdoutLine: {'line': b'-- Up-to-date symlink: /home/maxim/super_ws/install/px4_msgs/lib/python3.12/site-packages/px4_msgs/msg/_estimator_aid_source2d_s.c\n'}
[2.461583] (px4_msgs) StdoutLine: {'line': b'-- Up-to-date symlink: /home/maxim/super_ws/install/px4_msgs/lib/python3.12/site-packages/px4_msgs/msg/_estimator_aid_source3d.py\n'}
[2.461720] (px4_msgs) StdoutLine: {'line': b'-- Up-to-date symlink: /home/maxim/super_ws/install/px4_msgs/lib/python3.12/site-packages/px4_msgs/msg/_estimator_aid_source3d_s.c\n'}
[2.461937] (px4_msgs) StdoutLine: {'line': b'-- Up-to-date symlink: /home/maxim/super_ws/install/px4_msgs/lib/python3.12/site-packages/px4_msgs/msg/_estimator_bias.py\n'}
[2.462162] (px4_msgs) StdoutLine: {'line': b'-- Up-to-date symlink: /home/maxim/super_ws/install/px4_msgs/lib/python3.12/site-packages/px4_msgs/msg/_estimator_bias3d.py\n'}
[2.462302] (px4_msgs) StdoutLine: {'line': b'-- Up-to-date symlink: /home/maxim/super_ws/install/px4_msgs/lib/python3.12/site-packages/px4_msgs/msg/_estimator_bias3d_s.c\n'}
[2.462504] (px4_msgs) StdoutLine: {'line': b'-- Up-to-date symlink: /home/maxim/super_ws/install/px4_msgs/lib/python3.12/site-packages/px4_msgs/msg/_estimator_bias_s.c\n'}
[2.462648] (px4_msgs) StdoutLine: {'line': b'-- Up-to-date symlink: /home/maxim/super_ws/install/px4_msgs/lib/python3.12/site-packages/px4_msgs/msg/_estimator_event_flags.py\n'}
[2.462874] (px4_msgs) StdoutLine: {'line': b'-- Up-to-date symlink: /home/maxim/super_ws/install/px4_msgs/lib/python3.12/site-packages/px4_msgs/msg/_estimator_event_flags_s.c\n'}
[2.463157] (px4_msgs) StdoutLine: {'line': b'-- Up-to-date symlink: /home/maxim/super_ws/install/px4_msgs/lib/python3.12/site-packages/px4_msgs/msg/_estimator_fusion_control.py\n'}
[2.463440] (px4_msgs) StdoutLine: {'line': b'-- Up-to-date symlink: /home/maxim/super_ws/install/px4_msgs/lib/python3.12/site-packages/px4_msgs/msg/_estimator_fusion_control_s.c\n'}
[2.463557] (px4_msgs) StdoutLine: {'line': b'-- Up-to-date symlink: /home/maxim/super_ws/install/px4_msgs/lib/python3.12/site-packages/px4_msgs/msg/_estimator_gps_status.py\n'}
[2.463702] (px4_msgs) StdoutLine: {'line': b'-- Up-to-date symlink: /home/maxim/super_ws/install/px4_msgs/lib/python3.12/site-packages/px4_msgs/msg/_estimator_gps_status_s.c\n'}
[2.463850] (px4_msgs) StdoutLine: {'line': b'-- Up-to-date symlink: /home/maxim/super_ws/install/px4_msgs/lib/python3.12/site-packages/px4_msgs/msg/_estimator_innovations.py\n'}
[2.463997] (px4_msgs) StdoutLine: {'line': b'-- Up-to-date symlink: /home/maxim/super_ws/install/px4_msgs/lib/python3.12/site-packages/px4_msgs/msg/_estimator_innovations_s.c\n'}
[2.464170] (px4_msgs) StdoutLine: {'line': b'-- Up-to-date symlink: /home/maxim/super_ws/install/px4_msgs/lib/python3.12/site-packages/px4_msgs/msg/_estimator_selector_status.py\n'}
[2.464379] (px4_msgs) StdoutLine: {'line': b'-- Up-to-date symlink: /home/maxim/super_ws/install/px4_msgs/lib/python3.12/site-packages/px4_msgs/msg/_estimator_selector_status_s.c\n'}
[2.464563] (px4_msgs) StdoutLine: {'line': b'-- Up-to-date symlink: /home/maxim/super_ws/install/px4_msgs/lib/python3.12/site-packages/px4_msgs/msg/_estimator_sensor_bias.py\n'}
[2.464670] (px4_msgs) StdoutLine: {'line': b'-- Up-to-date symlink: /home/maxim/super_ws/install/px4_msgs/lib/python3.12/site-packages/px4_msgs/msg/_estimator_sensor_bias_s.c\n'}
[2.464850] (px4_msgs) StdoutLine: {'line': b'-- Up-to-date symlink: /home/maxim/super_ws/install/px4_msgs/lib/python3.12/site-packages/px4_msgs/msg/_estimator_states.py\n'}
[2.464968] (px4_msgs) StdoutLine: {'line': b'-- Up-to-date symlink: /home/maxim/super_ws/install/px4_msgs/lib/python3.12/site-packages/px4_msgs/msg/_estimator_states_s.c\n'}
[2.465100] (px4_msgs) StdoutLine: {'line': b'-- Up-to-date symlink: /home/maxim/super_ws/install/px4_msgs/lib/python3.12/site-packages/px4_msgs/msg/_estimator_status.py\n'}
[2.465268] (px4_msgs) StdoutLine: {'line': b'-- Up-to-date symlink: /home/maxim/super_ws/install/px4_msgs/lib/python3.12/site-packages/px4_msgs/msg/_estimator_status_flags.py\n'}
[2.465430] (px4_msgs) StdoutLine: {'line': b'-- Up-to-date symlink: /home/maxim/super_ws/install/px4_msgs/lib/python3.12/site-packages/px4_msgs/msg/_estimator_status_flags_s.c\n'}
[2.465646] (px4_msgs) StdoutLine: {'line': b'-- Up-to-date symlink: /home/maxim/super_ws/install/px4_msgs/lib/python3.12/site-packages/px4_msgs/msg/_estimator_status_s.c\n'}
[2.465869] (px4_msgs) StdoutLine: {'line': b'-- Up-to-date symlink: /home/maxim/super_ws/install/px4_msgs/lib/python3.12/site-packages/px4_msgs/msg/_event.py\n'}
[2.466046] (px4_msgs) StdoutLine: {'line': b'-- Up-to-date symlink: /home/maxim/super_ws/install/px4_msgs/lib/python3.12/site-packages/px4_msgs/msg/_event_s.c\n'}
[2.466132] (px4_msgs) StdoutLine: {'line': b'-- Up-to-date symlink: /home/maxim/super_ws/install/px4_msgs/lib/python3.12/site-packages/px4_msgs/msg/_failsafe_flags.py\n'}
[2.466248] (px4_msgs) StdoutLine: {'line': b'-- Up-to-date symlink: /home/maxim/super_ws/install/px4_msgs/lib/python3.12/site-packages/px4_msgs/msg/_failsafe_flags_s.c\n'}
[2.466392] (px4_msgs) StdoutLine: {'line': b'-- Up-to-date symlink: /home/maxim/super_ws/install/px4_msgs/lib/python3.12/site-packages/px4_msgs/msg/_failure_detector_status.py\n'}
[2.466646] (px4_msgs) StdoutLine: {'line': b'-- Up-to-date symlink: /home/maxim/super_ws/install/px4_msgs/lib/python3.12/site-packages/px4_msgs/msg/_failure_detector_status_s.c\n'}
[2.466740] (px4_msgs) StdoutLine: {'line': b'-- Up-to-date symlink: /home/maxim/super_ws/install/px4_msgs/lib/python3.12/site-packages/px4_msgs/msg/_fiducial_marker_pos_report.py\n'}
[2.466939] (px4_msgs) StdoutLine: {'line': b'-- Up-to-date symlink: /home/maxim/super_ws/install/px4_msgs/lib/python3.12/site-packages/px4_msgs/msg/_fiducial_marker_pos_report_s.c\n'}
[2.467105] (px4_msgs) StdoutLine: {'line': b'-- Up-to-date symlink: /home/maxim/super_ws/install/px4_msgs/lib/python3.12/site-packages/px4_msgs/msg/_fiducial_marker_yaw_report.py\n'}
[2.467237] (px4_msgs) StdoutLine: {'line': b'-- Up-to-date symlink: /home/maxim/super_ws/install/px4_msgs/lib/python3.12/site-packages/px4_msgs/msg/_fiducial_marker_yaw_report_s.c\n'}
[2.467416] (px4_msgs) StdoutLine: {'line': b'-- Up-to-date symlink: /home/maxim/super_ws/install/px4_msgs/lib/python3.12/site-packages/px4_msgs/msg/_figure_eight_status.py\n'}
[2.467598] (px4_msgs) StdoutLine: {'line': b'-- Up-to-date symlink: /home/maxim/super_ws/install/px4_msgs/lib/python3.12/site-packages/px4_msgs/msg/_figure_eight_status_s.c\n'}
[2.467711] (px4_msgs) StdoutLine: {'line': b'-- Up-to-date symlink: /home/maxim/super_ws/install/px4_msgs/lib/python3.12/site-packages/px4_msgs/msg/_fixed_wing_lateral_guidance_status.py\n'}
[2.467831] (px4_msgs) StdoutLine: {'line': b'-- Up-to-date symlink: /home/maxim/super_ws/install/px4_msgs/lib/python3.12/site-packages/px4_msgs/msg/_fixed_wing_lateral_guidance_status_s.c\n'}
[2.467963] (px4_msgs) StdoutLine: {'line': b'-- Up-to-date symlink: /home/maxim/super_ws/install/px4_msgs/lib/python3.12/site-packages/px4_msgs/msg/_fixed_wing_lateral_setpoint.py\n'}
[2.468171] (px4_msgs) StdoutLine: {'line': b'-- Up-to-date symlink: /home/maxim/super_ws/install/px4_msgs/lib/python3.12/site-packages/px4_msgs/msg/_fixed_wing_lateral_setpoint_s.c\n'}
[2.468315] (px4_msgs) StdoutLine: {'line': b'-- Up-to-date symlink: /home/maxim/super_ws/install/px4_msgs/lib/python3.12/site-packages/px4_msgs/msg/_fixed_wing_lateral_status.py\n'}
[2.468458] (px4_msgs) StdoutLine: {'line': b'-- Up-to-date symlink: /home/maxim/super_ws/install/px4_msgs/lib/python3.12/site-packages/px4_msgs/msg/_fixed_wing_lateral_status_s.c\n'}
[2.468610] (px4_msgs) StdoutLine: {'line': b'-- Up-to-date symlink: /home/maxim/super_ws/install/px4_msgs/lib/python3.12/site-packages/px4_msgs/msg/_fixed_wing_longitudinal_setpoint.py\n'}
[2.468723] (px4_msgs) StdoutLine: {'line': b'-- Up-to-date symlink: /home/maxim/super_ws/install/px4_msgs/lib/python3.12/site-packages/px4_msgs/msg/_fixed_wing_longitudinal_setpoint_s.c\n'}
[2.468866] (px4_msgs) StdoutLine: {'line': b'-- Up-to-date symlink: /home/maxim/super_ws/install/px4_msgs/lib/python3.12/site-packages/px4_msgs/msg/_fixed_wing_runway_control.py\n'}
[2.469011] (px4_msgs) StdoutLine: {'line': b'-- Up-to-date symlink: /home/maxim/super_ws/install/px4_msgs/lib/python3.12/site-packages/px4_msgs/msg/_fixed_wing_runway_control_s.c\n'}
[2.469152] (px4_msgs) StdoutLine: {'line': b'-- Up-to-date symlink: /home/maxim/super_ws/install/px4_msgs/lib/python3.12/site-packages/px4_msgs/msg/_flight_phase_estimation.py\n'}
[2.469321] (px4_msgs) StdoutLine: {'line': b'-- Up-to-date symlink: /home/maxim/super_ws/install/px4_msgs/lib/python3.12/site-packages/px4_msgs/msg/_flight_phase_estimation_s.c\n'}
[2.469468] (px4_msgs) StdoutLine: {'line': b'-- Up-to-date symlink: /home/maxim/super_ws/install/px4_msgs/lib/python3.12/site-packages/px4_msgs/msg/_follow_target.py\n'}
[2.469625] (px4_msgs) StdoutLine: {'line': b'-- Up-to-date symlink: /home/maxim/super_ws/install/px4_msgs/lib/python3.12/site-packages/px4_msgs/msg/_follow_target_estimator.py\n'}
[2.469766] (px4_msgs) StdoutLine: {'line': b'-- Up-to-date symlink: /home/maxim/super_ws/install/px4_msgs/lib/python3.12/site-packages/px4_msgs/msg/_follow_target_estimator_s.c\n'}
[2.469948] (px4_msgs) StdoutLine: {'line': b'-- Up-to-date symlink: /home/maxim/super_ws/install/px4_msgs/lib/python3.12/site-packages/px4_msgs/msg/_follow_target_s.c\n'}
[2.470052] (px4_msgs) StdoutLine: {'line': b'-- Up-to-date symlink: /home/maxim/super_ws/install/px4_msgs/lib/python3.12/site-packages/px4_msgs/msg/_follow_target_status.py\n'}
[2.470236] (px4_msgs) StdoutLine: {'line': b'-- Up-to-date symlink: /home/maxim/super_ws/install/px4_msgs/lib/python3.12/site-packages/px4_msgs/msg/_follow_target_status_s.c\n'}
[2.470369] (px4_msgs) StdoutLine: {'line': b'-- Up-to-date symlink: /home/maxim/super_ws/install/px4_msgs/lib/python3.12/site-packages/px4_msgs/msg/_fuel_tank_status.py\n'}
[2.470585] (px4_msgs) StdoutLine: {'line': b'-- Up-to-date symlink: /home/maxim/super_ws/install/px4_msgs/lib/python3.12/site-packages/px4_msgs/msg/_fuel_tank_status_s.c\n'}
[2.470720] (px4_msgs) StdoutLine: {'line': b'-- Up-to-date symlink: /home/maxim/super_ws/install/px4_msgs/lib/python3.12/site-packages/px4_msgs/msg/_gain_compression.py\n'}
[2.470898] (px4_msgs) StdoutLine: {'line': b'-- Up-to-date symlink: /home/maxim/super_ws/install/px4_msgs/lib/python3.12/site-packages/px4_msgs/msg/_gain_compression_s.c\n'}
[2.471036] (px4_msgs) StdoutLine: {'line': b'-- Up-to-date symlink: /home/maxim/super_ws/install/px4_msgs/lib/python3.12/site-packages/px4_msgs/msg/_generator_status.py\n'}
[2.471180] (px4_msgs) StdoutLine: {'line': b'-- Up-to-date symlink: /home/maxim/super_ws/install/px4_msgs/lib/python3.12/site-packages/px4_msgs/msg/_generator_status_s.c\n'}
[2.471324] (px4_msgs) StdoutLine: {'line': b'-- Up-to-date symlink: /home/maxim/super_ws/install/px4_msgs/lib/python3.12/site-packages/px4_msgs/msg/_geofence_result.py\n'}
[2.471514] (px4_msgs) StdoutLine: {'line': b'-- Up-to-date symlink: /home/maxim/super_ws/install/px4_msgs/lib/python3.12/site-packages/px4_msgs/msg/_geofence_result_s.c\n'}
[2.471650] (px4_msgs) StdoutLine: {'line': b'-- Up-to-date symlink: /home/maxim/super_ws/install/px4_msgs/lib/python3.12/site-packages/px4_msgs/msg/_geofence_status.py\n'}
[2.471826] (px4_msgs) StdoutLine: {'line': b'-- Up-to-date symlink: /home/maxim/super_ws/install/px4_msgs/lib/python3.12/site-packages/px4_msgs/msg/_geofence_status_s.c\n'}
[2.471995] (px4_msgs) StdoutLine: {'line': b'-- Up-to-date symlink: /home/maxim/super_ws/install/px4_msgs/lib/python3.12/site-packages/px4_msgs/msg/_gimbal_controls.py\n'}
[2.472142] (px4_msgs) StdoutLine: {'line': b'-- Up-to-date symlink: /home/maxim/super_ws/install/px4_msgs/lib/python3.12/site-packages/px4_msgs/msg/_gimbal_controls_s.c\n'}
[2.472315] (px4_msgs) StdoutLine: {'line': b'-- Up-to-date symlink: /home/maxim/super_ws/install/px4_msgs/lib/python3.12/site-packages/px4_msgs/msg/_gimbal_device_attitude_status.py\n'}
[2.472427] (px4_msgs) StdoutLine: {'line': b'-- Up-to-date symlink: /home/maxim/super_ws/install/px4_msgs/lib/python3.12/site-packages/px4_msgs/msg/_gimbal_device_attitude_status_s.c\n'}
[2.472654] (px4_msgs) StdoutLine: {'line': b'-- Up-to-date symlink: /home/maxim/super_ws/install/px4_msgs/lib/python3.12/site-packages/px4_msgs/msg/_gimbal_device_information.py\n'}
[2.472841] (px4_msgs) StdoutLine: {'line': b'-- Up-to-date symlink: /home/maxim/super_ws/install/px4_msgs/lib/python3.12/site-packages/px4_msgs/msg/_gimbal_device_information_s.c\n'}
[2.472992] (px4_msgs) StdoutLine: {'line': b'-- Up-to-date symlink: /home/maxim/super_ws/install/px4_msgs/lib/python3.12/site-packages/px4_msgs/msg/_gimbal_device_set_attitude.py\n'}
[2.473138] (px4_msgs) StdoutLine: {'line': b'-- Up-to-date symlink: /home/maxim/super_ws/install/px4_msgs/lib/python3.12/site-packages/px4_msgs/msg/_gimbal_device_set_attitude_s.c\n'}
[2.473295] (px4_msgs) StdoutLine: {'line': b'-- Up-to-date symlink: /home/maxim/super_ws/install/px4_msgs/lib/python3.12/site-packages/px4_msgs/msg/_gimbal_manager_information.py\n'}
[2.473421] (px4_msgs) StdoutLine: {'line': b'-- Up-to-date symlink: /home/maxim/super_ws/install/px4_msgs/lib/python3.12/site-packages/px4_msgs/msg/_gimbal_manager_information_s.c\n'}
[2.473559] (px4_msgs) StdoutLine: {'line': b'-- Up-to-date symlink: /home/maxim/super_ws/install/px4_msgs/lib/python3.12/site-packages/px4_msgs/msg/_gimbal_manager_set_attitude.py\n'}
[2.473677] (px4_msgs) StdoutLine: {'line': b'-- Up-to-date symlink: /home/maxim/super_ws/install/px4_msgs/lib/python3.12/site-packages/px4_msgs/msg/_gimbal_manager_set_attitude_s.c\n'}
[2.473870] (px4_msgs) StdoutLine: {'line': b'-- Up-to-date symlink: /home/maxim/super_ws/install/px4_msgs/lib/python3.12/site-packages/px4_msgs/msg/_gimbal_manager_set_manual_control.py\n'}
[2.474017] (px4_msgs) StdoutLine: {'line': b'-- Up-to-date symlink: /home/maxim/super_ws/install/px4_msgs/lib/python3.12/site-packages/px4_msgs/msg/_gimbal_manager_set_manual_control_s.c\n'}
[2.474204] (px4_msgs) StdoutLine: {'line': b'-- Up-to-date symlink: /home/maxim/super_ws/install/px4_msgs/lib/python3.12/site-packages/px4_msgs/msg/_gimbal_manager_status.py\n'}
[2.474406] (px4_msgs) StdoutLine: {'line': b'-- Up-to-date symlink: /home/maxim/super_ws/install/px4_msgs/lib/python3.12/site-packages/px4_msgs/msg/_gimbal_manager_status_s.c\n'}
[2.474581] (px4_msgs) StdoutLine: {'line': b'-- Up-to-date symlink: /home/maxim/super_ws/install/px4_msgs/lib/python3.12/site-packages/px4_msgs/msg/_goto_setpoint.py\n'}
[2.474802] (px4_msgs) StdoutLine: {'line': b'-- Up-to-date symlink: /home/maxim/super_ws/install/px4_msgs/lib/python3.12/site-packages/px4_msgs/msg/_goto_setpoint_s.c\n'}
[2.475039] (px4_msgs) StdoutLine: {'line': b'-- Up-to-date symlink: /home/maxim/super_ws/install/px4_msgs/lib/python3.12/site-packages/px4_msgs/msg/_gpio_config.py\n'}
[2.475247] (px4_msgs) StdoutLine: {'line': b'-- Up-to-date symlink: /home/maxim/super_ws/install/px4_msgs/lib/python3.12/site-packages/px4_msgs/msg/_gpio_config_s.c\n'}
[2.475450] (px4_msgs) StdoutLine: {'line': b'-- Up-to-date symlink: /home/maxim/super_ws/install/px4_msgs/lib/python3.12/site-packages/px4_msgs/msg/_gpio_in.py\n'}
[2.475655] (px4_msgs) StdoutLine: {'line': b'-- Up-to-date symlink: /home/maxim/super_ws/install/px4_msgs/lib/python3.12/site-packages/px4_msgs/msg/_gpio_in_s.c\n'}
[2.475851] (px4_msgs) StdoutLine: {'line': b'-- Up-to-date symlink: /home/maxim/super_ws/install/px4_msgs/lib/python3.12/site-packages/px4_msgs/msg/_gpio_out.py\n'}
[2.476052] (px4_msgs) StdoutLine: {'line': b'-- Up-to-date symlink: /home/maxim/super_ws/install/px4_msgs/lib/python3.12/site-packages/px4_msgs/msg/_gpio_out_s.c\n'}
[2.476232] (px4_msgs) StdoutLine: {'line': b'-- Up-to-date symlink: /home/maxim/super_ws/install/px4_msgs/lib/python3.12/site-packages/px4_msgs/msg/_gpio_request.py\n'}
[2.476410] (px4_msgs) StdoutLine: {'line': b'-- Up-to-date symlink: /home/maxim/super_ws/install/px4_msgs/lib/python3.12/site-packages/px4_msgs/msg/_gpio_request_s.c\n'}
[2.476542] (px4_msgs) StdoutLine: {'line': b'-- Up-to-date symlink: /home/maxim/super_ws/install/px4_msgs/lib/python3.12/site-packages/px4_msgs/msg/_gps_dump.py\n'}
[2.476681] (px4_msgs) StdoutLine: {'line': b'-- Up-to-date symlink: /home/maxim/super_ws/install/px4_msgs/lib/python3.12/site-packages/px4_msgs/msg/_gps_dump_s.c\n'}
[2.476884] (px4_msgs) StdoutLine: {'line': b'-- Up-to-date symlink: /home/maxim/super_ws/install/px4_msgs/lib/python3.12/site-packages/px4_msgs/msg/_gps_inject_data.py\n'}
[2.477029] (px4_msgs) StdoutLine: {'line': b'-- Up-to-date symlink: /home/maxim/super_ws/install/px4_msgs/lib/python3.12/site-packages/px4_msgs/msg/_gps_inject_data_s.c\n'}
[2.478107] (px4_msgs) StdoutLine: {'line': b'-- Up-to-date symlink: /home/maxim/super_ws/install/px4_msgs/lib/python3.12/site-packages/px4_msgs/msg/_gripper.py\n'}
[2.478227] (px4_msgs) StdoutLine: {'line': b'-- Up-to-date symlink: /home/maxim/super_ws/install/px4_msgs/lib/python3.12/site-packages/px4_msgs/msg/_gripper_s.c\n'}
[2.478299] (px4_msgs) StdoutLine: {'line': b'-- Up-to-date symlink: /home/maxim/super_ws/install/px4_msgs/lib/python3.12/site-packages/px4_msgs/msg/_health_report.py\n'}
[2.478426] (px4_msgs) StdoutLine: {'line': b'-- Up-to-date symlink: /home/maxim/super_ws/install/px4_msgs/lib/python3.12/site-packages/px4_msgs/msg/_health_report_s.c\n'}
[2.478517] (px4_msgs) StdoutLine: {'line': b'-- Up-to-date symlink: /home/maxim/super_ws/install/px4_msgs/lib/python3.12/site-packages/px4_msgs/msg/_heater_status.py\n'}
[2.478585] (px4_msgs) StdoutLine: {'line': b'-- Up-to-date symlink: /home/maxim/super_ws/install/px4_msgs/lib/python3.12/site-packages/px4_msgs/msg/_heater_status_s.c\n'}
[2.478652] (px4_msgs) StdoutLine: {'line': b'-- Up-to-date symlink: /home/maxim/super_ws/install/px4_msgs/lib/python3.12/site-packages/px4_msgs/msg/_home_position.py\n'}
[2.478728] (px4_msgs) StdoutLine: {'line': b'-- Up-to-date symlink: /home/maxim/super_ws/install/px4_msgs/lib/python3.12/site-packages/px4_msgs/msg/_home_position_s.c\n'}
[2.478812] (px4_msgs) StdoutLine: {'line': b'-- Up-to-date symlink: /home/maxim/super_ws/install/px4_msgs/lib/python3.12/site-packages/px4_msgs/msg/_hover_thrust_estimate.py\n'}
[2.478959] (px4_msgs) StdoutLine: {'line': b'-- Up-to-date symlink: /home/maxim/super_ws/install/px4_msgs/lib/python3.12/site-packages/px4_msgs/msg/_hover_thrust_estimate_s.c\n'}
[2.479083] (px4_msgs) StdoutLine: {'line': b'-- Up-to-date symlink: /home/maxim/super_ws/install/px4_msgs/lib/python3.12/site-packages/px4_msgs/msg/_input_rc.py\n'}
[2.479230] (px4_msgs) StdoutLine: {'line': b'-- Up-to-date symlink: /home/maxim/super_ws/install/px4_msgs/lib/python3.12/site-packages/px4_msgs/msg/_input_rc_s.c\n'}
[2.479432] (px4_msgs) StdoutLine: {'line': b'-- Up-to-date symlink: /home/maxim/super_ws/install/px4_msgs/lib/python3.12/site-packages/px4_msgs/msg/_internal_combustion_engine_control.py\n'}
[2.479862] (px4_msgs) StdoutLine: {'line': b'-- Up-to-date symlink: /home/maxim/super_ws/install/px4_msgs/lib/python3.12/site-packages/px4_msgs/msg/_internal_combustion_engine_control_s.c\n'}
[2.479952] (px4_msgs) StdoutLine: {'line': b'-- Up-to-date symlink: /home/maxim/super_ws/install/px4_msgs/lib/python3.12/site-packages/px4_msgs/msg/_internal_combustion_engine_status.py\n'}
[2.480018] (px4_msgs) StdoutLine: {'line': b'-- Up-to-date symlink: /home/maxim/super_ws/install/px4_msgs/lib/python3.12/site-packages/px4_msgs/msg/_internal_combustion_engine_status_s.c\n'}
[2.480102] (px4_msgs) StdoutLine: {'line': b'-- Up-to-date symlink: /home/maxim/super_ws/install/px4_msgs/lib/python3.12/site-packages/px4_msgs/msg/_iridiumsbd_status.py\n'}
[2.480176] (px4_msgs) StdoutLine: {'line': b'-- Up-to-date symlink: /home/maxim/super_ws/install/px4_msgs/lib/python3.12/site-packages/px4_msgs/msg/_iridiumsbd_status_s.c\n'}
[2.480306] (px4_msgs) StdoutLine: {'line': b'-- Up-to-date symlink: /home/maxim/super_ws/install/px4_msgs/lib/python3.12/site-packages/px4_msgs/msg/_irlock_report.py\n'}
[2.480457] (px4_msgs) StdoutLine: {'line': b'-- Up-to-date symlink: /home/maxim/super_ws/install/px4_msgs/lib/python3.12/site-packages/px4_msgs/msg/_irlock_report_s.c\n'}
[2.480649] (px4_msgs) StdoutLine: {'line': b'-- Up-to-date symlink: /home/maxim/super_ws/install/px4_msgs/lib/python3.12/site-packages/px4_msgs/msg/_landing_gear.py\n'}
[2.480775] (px4_msgs) StdoutLine: {'line': b'-- Up-to-date symlink: /home/maxim/super_ws/install/px4_msgs/lib/python3.12/site-packages/px4_msgs/msg/_landing_gear_s.c\n'}
[2.480936] (px4_msgs) StdoutLine: {'line': b'-- Up-to-date symlink: /home/maxim/super_ws/install/px4_msgs/lib/python3.12/site-packages/px4_msgs/msg/_landing_gear_wheel.py\n'}
[2.481081] (px4_msgs) StdoutLine: {'line': b'-- Up-to-date symlink: /home/maxim/super_ws/install/px4_msgs/lib/python3.12/site-packages/px4_msgs/msg/_landing_gear_wheel_s.c\n'}
[2.481264] (px4_msgs) StdoutLine: {'line': b'-- Up-to-date symlink: /home/maxim/super_ws/install/px4_msgs/lib/python3.12/site-packages/px4_msgs/msg/_landing_target_innovations.py\n'}
[2.481494] (px4_msgs) StdoutLine: {'line': b'-- Up-to-date symlink: /home/maxim/super_ws/install/px4_msgs/lib/python3.12/site-packages/px4_msgs/msg/_landing_target_innovations_s.c\n'}
[2.481666] (px4_msgs) StdoutLine: {'line': b'-- Up-to-date symlink: /home/maxim/super_ws/install/px4_msgs/lib/python3.12/site-packages/px4_msgs/msg/_landing_target_pose.py\n'}
[2.481852] (px4_msgs) StdoutLine: {'line': b'-- Up-to-date symlink: /home/maxim/super_ws/install/px4_msgs/lib/python3.12/site-packages/px4_msgs/msg/_landing_target_pose_s.c\n'}
[2.482007] (px4_msgs) StdoutLine: {'line': b'-- Up-to-date symlink: /home/maxim/super_ws/install/px4_msgs/lib/python3.12/site-packages/px4_msgs/msg/_lateral_control_configuration.py\n'}
[2.482121] (px4_msgs) StdoutLine: {'line': b'-- Up-to-date symlink: /home/maxim/super_ws/install/px4_msgs/lib/python3.12/site-packages/px4_msgs/msg/_lateral_control_configuration_s.c\n'}
[2.482288] (px4_msgs) StdoutLine: {'line': b'-- Up-to-date symlink: /home/maxim/super_ws/install/px4_msgs/lib/python3.12/site-packages/px4_msgs/msg/_launch_detection_status.py\n'}
[2.482451] (px4_msgs) StdoutLine: {'line': b'-- Up-to-date symlink: /home/maxim/super_ws/install/px4_msgs/lib/python3.12/site-packages/px4_msgs/msg/_launch_detection_status_s.c\n'}
[2.482643] (px4_msgs) StdoutLine: {'line': b'-- Up-to-date symlink: /home/maxim/super_ws/install/px4_msgs/lib/python3.12/site-packages/px4_msgs/msg/_led_control.py\n'}
[2.482838] (px4_msgs) StdoutLine: {'line': b'-- Up-to-date symlink: /home/maxim/super_ws/install/px4_msgs/lib/python3.12/site-packages/px4_msgs/msg/_led_control_s.c\n'}
[2.482923] (px4_msgs) StdoutLine: {'line': b'-- Up-to-date symlink: /home/maxim/super_ws/install/px4_msgs/lib/python3.12/site-packages/px4_msgs/msg/_log_message.py\n'}
[2.483178] (px4_msgs) StdoutLine: {'line': b'-- Up-to-date symlink: /home/maxim/super_ws/install/px4_msgs/lib/python3.12/site-packages/px4_msgs/msg/_log_message_s.c\n'}
[2.483377] (px4_msgs) StdoutLine: {'line': b'-- Up-to-date symlink: /home/maxim/super_ws/install/px4_msgs/lib/python3.12/site-packages/px4_msgs/msg/_logger_status.py\n'}
[2.483486] (px4_msgs) StdoutLine: {'line': b'-- Up-to-date symlink: /home/maxim/super_ws/install/px4_msgs/lib/python3.12/site-packages/px4_msgs/msg/_logger_status_s.c\n'}
[2.483642] (px4_msgs) StdoutLine: {'line': b'-- Up-to-date symlink: /home/maxim/super_ws/install/px4_msgs/lib/python3.12/site-packages/px4_msgs/msg/_longitudinal_control_configuration.py\n'}
[2.483802] (px4_msgs) StdoutLine: {'line': b'-- Up-to-date symlink: /home/maxim/super_ws/install/px4_msgs/lib/python3.12/site-packages/px4_msgs/msg/_longitudinal_control_configuration_s.c\n'}
[2.483934] (px4_msgs) StdoutLine: {'line': b'-- Up-to-date symlink: /home/maxim/super_ws/install/px4_msgs/lib/python3.12/site-packages/px4_msgs/msg/_mag_worker_data.py\n'}
[2.484099] (px4_msgs) StdoutLine: {'line': b'-- Up-to-date symlink: /home/maxim/super_ws/install/px4_msgs/lib/python3.12/site-packages/px4_msgs/msg/_mag_worker_data_s.c\n'}
[2.484236] (px4_msgs) StdoutLine: {'line': b'-- Up-to-date symlink: /home/maxim/super_ws/install/px4_msgs/lib/python3.12/site-packages/px4_msgs/msg/_magnetometer_bias_estimate.py\n'}
[2.484381] (px4_msgs) StdoutLine: {'line': b'-- Up-to-date symlink: /home/maxim/super_ws/install/px4_msgs/lib/python3.12/site-packages/px4_msgs/msg/_magnetometer_bias_estimate_s.c\n'}
[2.484533] (px4_msgs) StdoutLine: {'line': b'-- Up-to-date symlink: /home/maxim/super_ws/install/px4_msgs/lib/python3.12/site-packages/px4_msgs/msg/_manual_control_setpoint.py\n'}
[2.484672] (px4_msgs) StdoutLine: {'line': b'-- Up-to-date symlink: /home/maxim/super_ws/install/px4_msgs/lib/python3.12/site-packages/px4_msgs/msg/_manual_control_setpoint_s.c\n'}
[2.484816] (px4_msgs) StdoutLine: {'line': b'-- Up-to-date symlink: /home/maxim/super_ws/install/px4_msgs/lib/python3.12/site-packages/px4_msgs/msg/_manual_control_switches.py\n'}
[2.484969] (px4_msgs) StdoutLine: {'line': b'-- Up-to-date symlink: /home/maxim/super_ws/install/px4_msgs/lib/python3.12/site-packages/px4_msgs/msg/_manual_control_switches_s.c\n'}
[2.485118] (px4_msgs) StdoutLine: {'line': b'-- Up-to-date symlink: /home/maxim/super_ws/install/px4_msgs/lib/python3.12/site-packages/px4_msgs/msg/_mavlink_log.py\n'}
[2.485277] (px4_msgs) StdoutLine: {'line': b'-- Up-to-date symlink: /home/maxim/super_ws/install/px4_msgs/lib/python3.12/site-packages/px4_msgs/msg/_mavlink_log_s.c\n'}
[2.485465] (px4_msgs) StdoutLine: {'line': b'-- Up-to-date symlink: /home/maxim/super_ws/install/px4_msgs/lib/python3.12/site-packages/px4_msgs/msg/_mavlink_tunnel.py\n'}
[2.485581] (px4_msgs) StdoutLine: {'line': b'-- Up-to-date symlink: /home/maxim/super_ws/install/px4_msgs/lib/python3.12/site-packages/px4_msgs/msg/_mavlink_tunnel_s.c\n'}
[2.485702] (px4_msgs) StdoutLine: {'line': b'-- Up-to-date symlink: /home/maxim/super_ws/install/px4_msgs/lib/python3.12/site-packages/px4_msgs/msg/_message_format_request.py\n'}
[2.485844] (px4_msgs) StdoutLine: {'line': b'-- Up-to-date symlink: /home/maxim/super_ws/install/px4_msgs/lib/python3.12/site-packages/px4_msgs/msg/_message_format_request_s.c\n'}
[2.485995] (px4_msgs) StdoutLine: {'line': b'-- Up-to-date symlink: /home/maxim/super_ws/install/px4_msgs/lib/python3.12/site-packages/px4_msgs/msg/_message_format_response.py\n'}
[2.486130] (px4_msgs) StdoutLine: {'line': b'-- Up-to-date symlink: /home/maxim/super_ws/install/px4_msgs/lib/python3.12/site-packages/px4_msgs/msg/_message_format_response_s.c\n'}
[2.486274] (px4_msgs) StdoutLine: {'line': b'-- Up-to-date symlink: /home/maxim/super_ws/install/px4_msgs/lib/python3.12/site-packages/px4_msgs/msg/_mission.py\n'}
[2.486439] (px4_msgs) StdoutLine: {'line': b'-- Up-to-date symlink: /home/maxim/super_ws/install/px4_msgs/lib/python3.12/site-packages/px4_msgs/msg/_mission_result.py\n'}
[2.486609] (px4_msgs) StdoutLine: {'line': b'-- Up-to-date symlink: /home/maxim/super_ws/install/px4_msgs/lib/python3.12/site-packages/px4_msgs/msg/_mission_result_s.c\n'}
[2.486694] (px4_msgs) StdoutLine: {'line': b'-- Up-to-date symlink: /home/maxim/super_ws/install/px4_msgs/lib/python3.12/site-packages/px4_msgs/msg/_mission_s.c\n'}
[2.486812] (px4_msgs) StdoutLine: {'line': b'-- Up-to-date symlink: /home/maxim/super_ws/install/px4_msgs/lib/python3.12/site-packages/px4_msgs/msg/_mode_completed.py\n'}
[2.486921] (px4_msgs) StdoutLine: {'line': b'-- Up-to-date symlink: /home/maxim/super_ws/install/px4_msgs/lib/python3.12/site-packages/px4_msgs/msg/_mode_completed_s.c\n'}
[2.487000] (px4_msgs) StdoutLine: {'line': b'-- Up-to-date symlink: /home/maxim/super_ws/install/px4_msgs/lib/python3.12/site-packages/px4_msgs/msg/_mount_orientation.py\n'}
[2.487105] (px4_msgs) StdoutLine: {'line': b'-- Up-to-date symlink: /home/maxim/super_ws/install/px4_msgs/lib/python3.12/site-packages/px4_msgs/msg/_mount_orientation_s.c\n'}
[2.487212] (px4_msgs) StdoutLine: {'line': b'-- Up-to-date symlink: /home/maxim/super_ws/install/px4_msgs/lib/python3.12/site-packages/px4_msgs/msg/_navigator_mission_item.py\n'}
[2.487320] (px4_msgs) StdoutLine: {'line': b'-- Up-to-date symlink: /home/maxim/super_ws/install/px4_msgs/lib/python3.12/site-packages/px4_msgs/msg/_navigator_mission_item_s.c\n'}
[2.487463] (px4_msgs) StdoutLine: {'line': b'-- Up-to-date symlink: /home/maxim/super_ws/install/px4_msgs/lib/python3.12/site-packages/px4_msgs/msg/_navigator_status.py\n'}
[2.487636] (px4_msgs) StdoutLine: {'line': b'-- Up-to-date symlink: /home/maxim/super_ws/install/px4_msgs/lib/python3.12/site-packages/px4_msgs/msg/_navigator_status_s.c\n'}
[2.487817] (px4_msgs) StdoutLine: {'line': b'-- Up-to-date symlink: /home/maxim/super_ws/install/px4_msgs/lib/python3.12/site-packages/px4_msgs/msg/_neural_control.py\n'}
[2.487940] (px4_msgs) StdoutLine: {'line': b'-- Up-to-date symlink: /home/maxim/super_ws/install/px4_msgs/lib/python3.12/site-packages/px4_msgs/msg/_neural_control_s.c\n'}
[2.488083] (px4_msgs) StdoutLine: {'line': b'-- Up-to-date symlink: /home/maxim/super_ws/install/px4_msgs/lib/python3.12/site-packages/px4_msgs/msg/_normalized_unsigned_setpoint.py\n'}
[2.488231] (px4_msgs) StdoutLine: {'line': b'-- Up-to-date symlink: /home/maxim/super_ws/install/px4_msgs/lib/python3.12/site-packages/px4_msgs/msg/_normalized_unsigned_setpoint_s.c\n'}
[2.488406] (px4_msgs) StdoutLine: {'line': b'-- Up-to-date symlink: /home/maxim/super_ws/install/px4_msgs/lib/python3.12/site-packages/px4_msgs/msg/_obstacle_distance.py\n'}
[2.488488] (px4_msgs) StdoutLine: {'line': b'-- Up-to-date symlink: /home/maxim/super_ws/install/px4_msgs/lib/python3.12/site-packages/px4_msgs/msg/_obstacle_distance_s.c\n'}
[2.488633] (px4_msgs) StdoutLine: {'line': b'-- Up-to-date symlink: /home/maxim/super_ws/install/px4_msgs/lib/python3.12/site-packages/px4_msgs/msg/_offboard_control_mode.py\n'}
[2.488780] (px4_msgs) StdoutLine: {'line': b'-- Up-to-date symlink: /home/maxim/super_ws/install/px4_msgs/lib/python3.12/site-packages/px4_msgs/msg/_offboard_control_mode_s.c\n'}
[2.488931] (px4_msgs) StdoutLine: {'line': b'-- Up-to-date symlink: /home/maxim/super_ws/install/px4_msgs/lib/python3.12/site-packages/px4_msgs/msg/_onboard_computer_status.py\n'}
[2.489074] (px4_msgs) StdoutLine: {'line': b'-- Up-to-date symlink: /home/maxim/super_ws/install/px4_msgs/lib/python3.12/site-packages/px4_msgs/msg/_onboard_computer_status_s.c\n'}
[2.489246] (px4_msgs) StdoutLine: {'line': b'-- Up-to-date symlink: /home/maxim/super_ws/install/px4_msgs/lib/python3.12/site-packages/px4_msgs/msg/_open_drone_id_arm_status.py\n'}
[2.489396] (px4_msgs) StdoutLine: {'line': b'-- Up-to-date symlink: /home/maxim/super_ws/install/px4_msgs/lib/python3.12/site-packages/px4_msgs/msg/_open_drone_id_arm_status_s.c\n'}
[2.489512] (px4_msgs) StdoutLine: {'line': b'-- Up-to-date symlink: /home/maxim/super_ws/install/px4_msgs/lib/python3.12/site-packages/px4_msgs/msg/_open_drone_id_operator_id.py\n'}
[2.489654] (px4_msgs) StdoutLine: {'line': b'-- Up-to-date symlink: /home/maxim/super_ws/install/px4_msgs/lib/python3.12/site-packages/px4_msgs/msg/_open_drone_id_operator_id_s.c\n'}
[2.489802] (px4_msgs) StdoutLine: {'line': b'-- Up-to-date symlink: /home/maxim/super_ws/install/px4_msgs/lib/python3.12/site-packages/px4_msgs/msg/_open_drone_id_self_id.py\n'}
[2.490007] (px4_msgs) StdoutLine: {'line': b'-- Up-to-date symlink: /home/maxim/super_ws/install/px4_msgs/lib/python3.12/site-packages/px4_msgs/msg/_open_drone_id_self_id_s.c\n'}
[2.490144] (px4_msgs) StdoutLine: {'line': b'-- Up-to-date symlink: /home/maxim/super_ws/install/px4_msgs/lib/python3.12/site-packages/px4_msgs/msg/_open_drone_id_system.py\n'}
[2.490294] (px4_msgs) StdoutLine: {'line': b'-- Up-to-date symlink: /home/maxim/super_ws/install/px4_msgs/lib/python3.12/site-packages/px4_msgs/msg/_open_drone_id_system_s.c\n'}
[2.490468] (px4_msgs) StdoutLine: {'line': b'-- Up-to-date symlink: /home/maxim/super_ws/install/px4_msgs/lib/python3.12/site-packages/px4_msgs/msg/_orb_test.py\n'}
[2.490607] (px4_msgs) StdoutLine: {'line': b'-- Up-to-date symlink: /home/maxim/super_ws/install/px4_msgs/lib/python3.12/site-packages/px4_msgs/msg/_orb_test_large.py\n'}
[2.490819] (px4_msgs) StdoutLine: {'line': b'-- Up-to-date symlink: /home/maxim/super_ws/install/px4_msgs/lib/python3.12/site-packages/px4_msgs/msg/_orb_test_large_s.c\n'}
[2.491000] (px4_msgs) StdoutLine: {'line': b'-- Up-to-date symlink: /home/maxim/super_ws/install/px4_msgs/lib/python3.12/site-packages/px4_msgs/msg/_orb_test_medium.py\n'}
[2.491400] (px4_msgs) StdoutLine: {'line': b'-- Up-to-date symlink: /home/maxim/super_ws/install/px4_msgs/lib/python3.12/site-packages/px4_msgs/msg/_orb_test_medium_s.c\n'}
[2.491492] (px4_msgs) StdoutLine: {'line': b'-- Up-to-date symlink: /home/maxim/super_ws/install/px4_msgs/lib/python3.12/site-packages/px4_msgs/msg/_orb_test_s.c\n'}
[2.491553] (px4_msgs) StdoutLine: {'line': b'-- Up-to-date symlink: /home/maxim/super_ws/install/px4_msgs/lib/python3.12/site-packages/px4_msgs/msg/_orbit_status.py\n'}
[2.491643] (px4_msgs) StdoutLine: {'line': b'-- Up-to-date symlink: /home/maxim/super_ws/install/px4_msgs/lib/python3.12/site-packages/px4_msgs/msg/_orbit_status_s.c\n'}
[2.491723] (px4_msgs) StdoutLine: {'line': b'-- Up-to-date symlink: /home/maxim/super_ws/install/px4_msgs/lib/python3.12/site-packages/px4_msgs/msg/_parameter_reset_request.py\n'}
[2.491903] (px4_msgs) StdoutLine: {'line': b'-- Up-to-date symlink: /home/maxim/super_ws/install/px4_msgs/lib/python3.12/site-packages/px4_msgs/msg/_parameter_reset_request_s.c\n'}
[2.492108] (px4_msgs) StdoutLine: {'line': b'-- Up-to-date symlink: /home/maxim/super_ws/install/px4_msgs/lib/python3.12/site-packages/px4_msgs/msg/_parameter_set_used_request.py\n'}
[2.492345] (px4_msgs) StdoutLine: {'line': b'-- Up-to-date symlink: /home/maxim/super_ws/install/px4_msgs/lib/python3.12/site-packages/px4_msgs/msg/_parameter_set_used_request_s.c\n'}
[2.492457] (px4_msgs) StdoutLine: {'line': b'-- Up-to-date symlink: /home/maxim/super_ws/install/px4_msgs/lib/python3.12/site-packages/px4_msgs/msg/_parameter_set_value_request.py\n'}
[2.492593] (px4_msgs) StdoutLine: {'line': b'-- Up-to-date symlink: /home/maxim/super_ws/install/px4_msgs/lib/python3.12/site-packages/px4_msgs/msg/_parameter_set_value_request_s.c\n'}
[2.492709] (px4_msgs) StdoutLine: {'line': b'-- Up-to-date symlink: /home/maxim/super_ws/install/px4_msgs/lib/python3.12/site-packages/px4_msgs/msg/_parameter_set_value_response.py\n'}
[2.492904] (px4_msgs) StdoutLine: {'line': b'-- Up-to-date symlink: /home/maxim/super_ws/install/px4_msgs/lib/python3.12/site-packages/px4_msgs/msg/_parameter_set_value_response_s.c\n'}
[2.493049] (px4_msgs) StdoutLine: {'line': b'-- Up-to-date symlink: /home/maxim/super_ws/install/px4_msgs/lib/python3.12/site-packages/px4_msgs/msg/_parameter_update.py\n'}
[2.493211] (px4_msgs) StdoutLine: {'line': b'-- Up-to-date symlink: /home/maxim/super_ws/install/px4_msgs/lib/python3.12/site-packages/px4_msgs/msg/_parameter_update_s.c\n'}
[2.493412] (px4_msgs) StdoutLine: {'line': b'-- Up-to-date symlink: /home/maxim/super_ws/install/px4_msgs/lib/python3.12/site-packages/px4_msgs/msg/_ping.py\n'}
[2.493605] (px4_msgs) StdoutLine: {'line': b'-- Up-to-date symlink: /home/maxim/super_ws/install/px4_msgs/lib/python3.12/site-packages/px4_msgs/msg/_ping_s.c\n'}
[2.493724] (px4_msgs) StdoutLine: {'line': b'-- Up-to-date symlink: /home/maxim/super_ws/install/px4_msgs/lib/python3.12/site-packages/px4_msgs/msg/_position_controller_landing_status.py\n'}
[2.493942] (px4_msgs) StdoutLine: {'line': b'-- Up-to-date symlink: /home/maxim/super_ws/install/px4_msgs/lib/python3.12/site-packages/px4_msgs/msg/_position_controller_landing_status_s.c\n'}
[2.494062] (px4_msgs) StdoutLine: {'line': b'-- Up-to-date symlink: /home/maxim/super_ws/install/px4_msgs/lib/python3.12/site-packages/px4_msgs/msg/_position_controller_status.py\n'}
[2.494208] (px4_msgs) StdoutLine: {'line': b'-- Up-to-date symlink: /home/maxim/super_ws/install/px4_msgs/lib/python3.12/site-packages/px4_msgs/msg/_position_controller_status_s.c\n'}
[2.494357] (px4_msgs) StdoutLine: {'line': b'-- Up-to-date symlink: /home/maxim/super_ws/install/px4_msgs/lib/python3.12/site-packages/px4_msgs/msg/_position_setpoint.py\n'}
[2.494542] (px4_msgs) StdoutLine: {'line': b'-- Up-to-date symlink: /home/maxim/super_ws/install/px4_msgs/lib/python3.12/site-packages/px4_msgs/msg/_position_setpoint_s.c\n'}
[2.494709] (px4_msgs) StdoutLine: {'line': b'-- Up-to-date symlink: /home/maxim/super_ws/install/px4_msgs/lib/python3.12/site-packages/px4_msgs/msg/_position_setpoint_triplet.py\n'}
[2.494879] (px4_msgs) StdoutLine: {'line': b'-- Up-to-date symlink: /home/maxim/super_ws/install/px4_msgs/lib/python3.12/site-packages/px4_msgs/msg/_position_setpoint_triplet_s.c\n'}
[2.495053] (px4_msgs) StdoutLine: {'line': b'-- Up-to-date symlink: /home/maxim/super_ws/install/px4_msgs/lib/python3.12/site-packages/px4_msgs/msg/_power_button_state.py\n'}
[2.495197] (px4_msgs) StdoutLine: {'line': b'-- Up-to-date symlink: /home/maxim/super_ws/install/px4_msgs/lib/python3.12/site-packages/px4_msgs/msg/_power_button_state_s.c\n'}
[2.495300] (px4_msgs) StdoutLine: {'line': b'-- Up-to-date symlink: /home/maxim/super_ws/install/px4_msgs/lib/python3.12/site-packages/px4_msgs/msg/_power_monitor.py\n'}
[2.495433] (px4_msgs) StdoutLine: {'line': b'-- Up-to-date symlink: /home/maxim/super_ws/install/px4_msgs/lib/python3.12/site-packages/px4_msgs/msg/_power_monitor_s.c\n'}
[2.495521] (px4_msgs) StdoutLine: {'line': b'-- Up-to-date symlink: /home/maxim/super_ws/install/px4_msgs/lib/python3.12/site-packages/px4_msgs/msg/_pps_capture.py\n'}
[2.495602] (px4_msgs) StdoutLine: {'line': b'-- Up-to-date symlink: /home/maxim/super_ws/install/px4_msgs/lib/python3.12/site-packages/px4_msgs/msg/_pps_capture_s.c\n'}
[2.495686] (px4_msgs) StdoutLine: {'line': b'-- Up-to-date symlink: /home/maxim/super_ws/install/px4_msgs/lib/python3.12/site-packages/px4_msgs/msg/_prec_land_status.py\n'}
[2.495796] (px4_msgs) StdoutLine: {'line': b'-- Up-to-date symlink: /home/maxim/super_ws/install/px4_msgs/lib/python3.12/site-packages/px4_msgs/msg/_prec_land_status_s.c\n'}
[2.495901] (px4_msgs) StdoutLine: {'line': b'-- Up-to-date symlink: /home/maxim/super_ws/install/px4_msgs/lib/python3.12/site-packages/px4_msgs/msg/_pure_pursuit_status.py\n'}
[2.496036] (px4_msgs) StdoutLine: {'line': b'-- Up-to-date symlink: /home/maxim/super_ws/install/px4_msgs/lib/python3.12/site-packages/px4_msgs/msg/_pure_pursuit_status_s.c\n'}
[2.496160] (px4_msgs) StdoutLine: {'line': b'-- Up-to-date symlink: /home/maxim/super_ws/install/px4_msgs/lib/python3.12/site-packages/px4_msgs/msg/_pwm_input.py\n'}
[2.496276] (px4_msgs) StdoutLine: {'line': b'-- Up-to-date symlink: /home/maxim/super_ws/install/px4_msgs/lib/python3.12/site-packages/px4_msgs/msg/_pwm_input_s.c\n'}
[2.496424] (px4_msgs) StdoutLine: {'line': b'-- Up-to-date symlink: /home/maxim/super_ws/install/px4_msgs/lib/python3.12/site-packages/px4_msgs/msg/_px4io_status.py\n'}
[2.496521] (px4_msgs) StdoutLine: {'line': b'-- Up-to-date symlink: /home/maxim/super_ws/install/px4_msgs/lib/python3.12/site-packages/px4_msgs/msg/_px4io_status_s.c\n'}
[2.496624] (px4_msgs) StdoutLine: {'line': b'-- Up-to-date symlink: /home/maxim/super_ws/install/px4_msgs/lib/python3.12/site-packages/px4_msgs/msg/_qshell_req.py\n'}
[2.496707] (px4_msgs) StdoutLine: {'line': b'-- Up-to-date symlink: /home/maxim/super_ws/install/px4_msgs/lib/python3.12/site-packages/px4_msgs/msg/_qshell_req_s.c\n'}
[2.496822] (px4_msgs) StdoutLine: {'line': b'-- Up-to-date symlink: /home/maxim/super_ws/install/px4_msgs/lib/python3.12/site-packages/px4_msgs/msg/_qshell_retval.py\n'}
[2.496962] (px4_msgs) StdoutLine: {'line': b'-- Up-to-date symlink: /home/maxim/super_ws/install/px4_msgs/lib/python3.12/site-packages/px4_msgs/msg/_qshell_retval_s.c\n'}
[2.497065] (px4_msgs) StdoutLine: {'line': b'-- Up-to-date symlink: /home/maxim/super_ws/install/px4_msgs/lib/python3.12/site-packages/px4_msgs/msg/_radio_status.py\n'}
[2.497195] (px4_msgs) StdoutLine: {'line': b'-- Up-to-date symlink: /home/maxim/super_ws/install/px4_msgs/lib/python3.12/site-packages/px4_msgs/msg/_radio_status_s.c\n'}
[2.497342] (px4_msgs) StdoutLine: {'line': b'-- Up-to-date symlink: /home/maxim/super_ws/install/px4_msgs/lib/python3.12/site-packages/px4_msgs/msg/_ranging_beacon.py\n'}
[2.497484] (px4_msgs) StdoutLine: {'line': b'-- Up-to-date symlink: /home/maxim/super_ws/install/px4_msgs/lib/python3.12/site-packages/px4_msgs/msg/_ranging_beacon_s.c\n'}
[2.497606] (px4_msgs) StdoutLine: {'line': b'-- Up-to-date symlink: /home/maxim/super_ws/install/px4_msgs/lib/python3.12/site-packages/px4_msgs/msg/_raptor_input.py\n'}
[2.497765] (px4_msgs) StdoutLine: {'line': b'-- Up-to-date symlink: /home/maxim/super_ws/install/px4_msgs/lib/python3.12/site-packages/px4_msgs/msg/_raptor_input_s.c\n'}
[2.497946] (px4_msgs) StdoutLine: {'line': b'-- Up-to-date symlink: /home/maxim/super_ws/install/px4_msgs/lib/python3.12/site-packages/px4_msgs/msg/_raptor_status.py\n'}
[2.498132] (px4_msgs) StdoutLine: {'line': b'-- Up-to-date symlink: /home/maxim/super_ws/install/px4_msgs/lib/python3.12/site-packages/px4_msgs/msg/_raptor_status_s.c\n'}
[2.498243] (px4_msgs) StdoutLine: {'line': b'-- Up-to-date symlink: /home/maxim/super_ws/install/px4_msgs/lib/python3.12/site-packages/px4_msgs/msg/_rate_ctrl_status.py\n'}
[2.498346] (px4_msgs) StdoutLine: {'line': b'-- Up-to-date symlink: /home/maxim/super_ws/install/px4_msgs/lib/python3.12/site-packages/px4_msgs/msg/_rate_ctrl_status_s.c\n'}
[2.498500] (px4_msgs) StdoutLine: {'line': b'-- Up-to-date symlink: /home/maxim/super_ws/install/px4_msgs/lib/python3.12/site-packages/px4_msgs/msg/_rc_channels.py\n'}
[2.498640] (px4_msgs) StdoutLine: {'line': b'-- Up-to-date symlink: /home/maxim/super_ws/install/px4_msgs/lib/python3.12/site-packages/px4_msgs/msg/_rc_channels_s.c\n'}
[2.498788] (px4_msgs) StdoutLine: {'line': b'-- Up-to-date symlink: /home/maxim/super_ws/install/px4_msgs/lib/python3.12/site-packages/px4_msgs/msg/_rc_parameter_map.py\n'}
[2.498964] (px4_msgs) StdoutLine: {'line': b'-- Up-to-date symlink: /home/maxim/super_ws/install/px4_msgs/lib/python3.12/site-packages/px4_msgs/msg/_rc_parameter_map_s.c\n'}
[2.499283] (px4_msgs) StdoutLine: {'line': b'-- Up-to-date symlink: /home/maxim/super_ws/install/px4_msgs/lib/python3.12/site-packages/px4_msgs/msg/_register_ext_component_reply.py\n'}
[2.499459] (px4_msgs) StdoutLine: {'line': b'-- Up-to-date symlink: /home/maxim/super_ws/install/px4_msgs/lib/python3.12/site-packages/px4_msgs/msg/_register_ext_component_reply_s.c\n'}
[2.499572] (px4_msgs) StdoutLine: {'line': b'-- Up-to-date symlink: /home/maxim/super_ws/install/px4_msgs/lib/python3.12/site-packages/px4_msgs/msg/_register_ext_component_request.py\n'}
[2.499722] (px4_msgs) StdoutLine: {'line': b'-- Up-to-date symlink: /home/maxim/super_ws/install/px4_msgs/lib/python3.12/site-packages/px4_msgs/msg/_register_ext_component_request_s.c\n'}
[2.499904] (px4_msgs) StdoutLine: {'line': b'-- Up-to-date symlink: /home/maxim/super_ws/install/px4_msgs/lib/python3.12/site-packages/px4_msgs/msg/_rover_attitude_setpoint.py\n'}
[2.500088] (px4_msgs) StdoutLine: {'line': b'-- Up-to-date symlink: /home/maxim/super_ws/install/px4_msgs/lib/python3.12/site-packages/px4_msgs/msg/_rover_attitude_setpoint_s.c\n'}
[2.500321] (px4_msgs) StdoutLine: {'line': b'-- Up-to-date symlink: /home/maxim/super_ws/install/px4_msgs/lib/python3.12/site-packages/px4_msgs/msg/_rover_attitude_status.py\n'}
[2.500523] (px4_msgs) StdoutLine: {'line': b'-- Up-to-date symlink: /home/maxim/super_ws/install/px4_msgs/lib/python3.12/site-packages/px4_msgs/msg/_rover_attitude_status_s.c\n'}
[2.500707] (px4_msgs) StdoutLine: {'line': b'-- Up-to-date symlink: /home/maxim/super_ws/install/px4_msgs/lib/python3.12/site-packages/px4_msgs/msg/_rover_position_setpoint.py\n'}
[2.500897] (px4_msgs) StdoutLine: {'line': b'-- Up-to-date symlink: /home/maxim/super_ws/install/px4_msgs/lib/python3.12/site-packages/px4_msgs/msg/_rover_position_setpoint_s.c\n'}
[2.501095] (px4_msgs) StdoutLine: {'line': b'-- Up-to-date symlink: /home/maxim/super_ws/install/px4_msgs/lib/python3.12/site-packages/px4_msgs/msg/_rover_rate_setpoint.py\n'}
[2.501207] (px4_msgs) StdoutLine: {'line': b'-- Up-to-date symlink: /home/maxim/super_ws/install/px4_msgs/lib/python3.12/site-packages/px4_msgs/msg/_rover_rate_setpoint_s.c\n'}
[2.501316] (px4_msgs) StdoutLine: {'line': b'-- Up-to-date symlink: /home/maxim/super_ws/install/px4_msgs/lib/python3.12/site-packages/px4_msgs/msg/_rover_rate_status.py\n'}
[2.501425] (px4_msgs) StdoutLine: {'line': b'-- Up-to-date symlink: /home/maxim/super_ws/install/px4_msgs/lib/python3.12/site-packages/px4_msgs/msg/_rover_rate_status_s.c\n'}
[2.501746] (px4_msgs) StdoutLine: {'line': b'-- Up-to-date symlink: /home/maxim/super_ws/install/px4_msgs/lib/python3.12/site-packages/px4_msgs/msg/_rover_speed_setpoint.py\n'}
[2.501842] (px4_msgs) StdoutLine: {'line': b'-- Up-to-date symlink: /home/maxim/super_ws/install/px4_msgs/lib/python3.12/site-packages/px4_msgs/msg/_rover_speed_setpoint_s.c\n'}
[2.501931] (px4_msgs) StdoutLine: {'line': b'-- Up-to-date symlink: /home/maxim/super_ws/install/px4_msgs/lib/python3.12/site-packages/px4_msgs/msg/_rover_speed_status.py\n'}
[2.502143] (px4_msgs) StdoutLine: {'line': b'-- Up-to-date symlink: /home/maxim/super_ws/install/px4_msgs/lib/python3.12/site-packages/px4_msgs/msg/_rover_speed_status_s.c\n'}
[2.502315] (px4_msgs) StdoutLine: {'line': b'-- Up-to-date symlink: /home/maxim/super_ws/install/px4_msgs/lib/python3.12/site-packages/px4_msgs/msg/_rover_steering_setpoint.py\n'}
[2.502449] (px4_msgs) StdoutLine: {'line': b'-- Up-to-date symlink: /home/maxim/super_ws/install/px4_msgs/lib/python3.12/site-packages/px4_msgs/msg/_rover_steering_setpoint_s.c\n'}
[2.502607] (px4_msgs) StdoutLine: {'line': b'-- Up-to-date symlink: /home/maxim/super_ws/install/px4_msgs/lib/python3.12/site-packages/px4_msgs/msg/_rover_throttle_setpoint.py\n'}
[2.502765] (px4_msgs) StdoutLine: {'line': b'-- Up-to-date symlink: /home/maxim/super_ws/install/px4_msgs/lib/python3.12/site-packages/px4_msgs/msg/_rover_throttle_setpoint_s.c\n'}
[2.502908] (px4_msgs) StdoutLine: {'line': b'-- Up-to-date symlink: /home/maxim/super_ws/install/px4_msgs/lib/python3.12/site-packages/px4_msgs/msg/_rpm.py\n'}
[2.503060] (px4_msgs) StdoutLine: {'line': b'-- Up-to-date symlink: /home/maxim/super_ws/install/px4_msgs/lib/python3.12/site-packages/px4_msgs/msg/_rpm_s.c\n'}
[2.503240] (px4_msgs) StdoutLine: {'line': b'-- Up-to-date symlink: /home/maxim/super_ws/install/px4_msgs/lib/python3.12/site-packages/px4_msgs/msg/_rtl_status.py\n'}
[2.503421] (px4_msgs) StdoutLine: {'line': b'-- Up-to-date symlink: /home/maxim/super_ws/install/px4_msgs/lib/python3.12/site-packages/px4_msgs/msg/_rtl_status_s.c\n'}
[2.503604] (px4_msgs) StdoutLine: {'line': b'-- Up-to-date symlink: /home/maxim/super_ws/install/px4_msgs/lib/python3.12/site-packages/px4_msgs/msg/_rtl_time_estimate.py\n'}
[2.503662] (-) TimerEvent: {}
[2.503757] (px4_msgs) StdoutLine: {'line': b'-- Up-to-date symlink: /home/maxim/super_ws/install/px4_msgs/lib/python3.12/site-packages/px4_msgs/msg/_rtl_time_estimate_s.c\n'}
[2.503949] (px4_msgs) StdoutLine: {'line': b'-- Up-to-date symlink: /home/maxim/super_ws/install/px4_msgs/lib/python3.12/site-packages/px4_msgs/msg/_satellite_info.py\n'}
[2.504210] (px4_msgs) StdoutLine: {'line': b'-- Up-to-date symlink: /home/maxim/super_ws/install/px4_msgs/lib/python3.12/site-packages/px4_msgs/msg/_satellite_info_s.c\n'}
[2.504354] (px4_msgs) StdoutLine: {'line': b'-- Up-to-date symlink: /home/maxim/super_ws/install/px4_msgs/lib/python3.12/site-packages/px4_msgs/msg/_sensor_accel.py\n'}
[2.504508] (px4_msgs) StdoutLine: {'line': b'-- Up-to-date symlink: /home/maxim/super_ws/install/px4_msgs/lib/python3.12/site-packages/px4_msgs/msg/_sensor_accel_fifo.py\n'}
[2.504628] (px4_msgs) StdoutLine: {'line': b'-- Up-to-date symlink: /home/maxim/super_ws/install/px4_msgs/lib/python3.12/site-packages/px4_msgs/msg/_sensor_accel_fifo_s.c\n'}
[2.504750] (px4_msgs) StdoutLine: {'line': b'-- Up-to-date symlink: /home/maxim/super_ws/install/px4_msgs/lib/python3.12/site-packages/px4_msgs/msg/_sensor_accel_s.c\n'}
[2.504889] (px4_msgs) StdoutLine: {'line': b'-- Up-to-date symlink: /home/maxim/super_ws/install/px4_msgs/lib/python3.12/site-packages/px4_msgs/msg/_sensor_airflow.py\n'}
[2.505168] (px4_msgs) StdoutLine: {'line': b'-- Up-to-date symlink: /home/maxim/super_ws/install/px4_msgs/lib/python3.12/site-packages/px4_msgs/msg/_sensor_airflow_s.c\n'}
[2.505353] (px4_msgs) StdoutLine: {'line': b'-- Up-to-date symlink: /home/maxim/super_ws/install/px4_msgs/lib/python3.12/site-packages/px4_msgs/msg/_sensor_baro.py\n'}
[2.505462] (px4_msgs) StdoutLine: {'line': b'-- Up-to-date symlink: /home/maxim/super_ws/install/px4_msgs/lib/python3.12/site-packages/px4_msgs/msg/_sensor_baro_s.c\n'}
[2.505627] (px4_msgs) StdoutLine: {'line': b'-- Up-to-date symlink: /home/maxim/super_ws/install/px4_msgs/lib/python3.12/site-packages/px4_msgs/msg/_sensor_combined.py\n'}
[2.505809] (px4_msgs) StdoutLine: {'line': b'-- Up-to-date symlink: /home/maxim/super_ws/install/px4_msgs/lib/python3.12/site-packages/px4_msgs/msg/_sensor_combined_s.c\n'}
[2.505992] (px4_msgs) StdoutLine: {'line': b'-- Up-to-date symlink: /home/maxim/super_ws/install/px4_msgs/lib/python3.12/site-packages/px4_msgs/msg/_sensor_correction.py\n'}
[2.506161] (px4_msgs) StdoutLine: {'line': b'-- Up-to-date symlink: /home/maxim/super_ws/install/px4_msgs/lib/python3.12/site-packages/px4_msgs/msg/_sensor_correction_s.c\n'}
[2.506326] (px4_msgs) StdoutLine: {'line': b'-- Up-to-date symlink: /home/maxim/super_ws/install/px4_msgs/lib/python3.12/site-packages/px4_msgs/msg/_sensor_gnss_relative.py\n'}
[2.506529] (px4_msgs) StdoutLine: {'line': b'-- Up-to-date symlink: /home/maxim/super_ws/install/px4_msgs/lib/python3.12/site-packages/px4_msgs/msg/_sensor_gnss_relative_s.c\n'}
[2.506674] (px4_msgs) StdoutLine: {'line': b'-- Up-to-date symlink: /home/maxim/super_ws/install/px4_msgs/lib/python3.12/site-packages/px4_msgs/msg/_sensor_gnss_status.py\n'}
[2.506894] (px4_msgs) StdoutLine: {'line': b'-- Up-to-date symlink: /home/maxim/super_ws/install/px4_msgs/lib/python3.12/site-packages/px4_msgs/msg/_sensor_gnss_status_s.c\n'}
[2.507004] (px4_msgs) StdoutLine: {'line': b'-- Up-to-date symlink: /home/maxim/super_ws/install/px4_msgs/lib/python3.12/site-packages/px4_msgs/msg/_sensor_gps.py\n'}
[2.507119] (px4_msgs) StdoutLine: {'line': b'-- Up-to-date symlink: /home/maxim/super_ws/install/px4_msgs/lib/python3.12/site-packages/px4_msgs/msg/_sensor_gps_s.c\n'}
[2.507323] (px4_msgs) StdoutLine: {'line': b'-- Up-to-date symlink: /home/maxim/super_ws/install/px4_msgs/lib/python3.12/site-packages/px4_msgs/msg/_sensor_gyro.py\n'}
[2.507449] (px4_msgs) StdoutLine: {'line': b'-- Up-to-date symlink: /home/maxim/super_ws/install/px4_msgs/lib/python3.12/site-packages/px4_msgs/msg/_sensor_gyro_fft.py\n'}
[2.507578] (px4_msgs) StdoutLine: {'line': b'-- Up-to-date symlink: /home/maxim/super_ws/install/px4_msgs/lib/python3.12/site-packages/px4_msgs/msg/_sensor_gyro_fft_s.c\n'}
[2.507717] (px4_msgs) StdoutLine: {'line': b'-- Up-to-date symlink: /home/maxim/super_ws/install/px4_msgs/lib/python3.12/site-packages/px4_msgs/msg/_sensor_gyro_fifo.py\n'}
[2.507933] (px4_msgs) StdoutLine: {'line': b'-- Up-to-date symlink: /home/maxim/super_ws/install/px4_msgs/lib/python3.12/site-packages/px4_msgs/msg/_sensor_gyro_fifo_s.c\n'}
[2.508069] (px4_msgs) StdoutLine: {'line': b'-- Up-to-date symlink: /home/maxim/super_ws/install/px4_msgs/lib/python3.12/site-packages/px4_msgs/msg/_sensor_gyro_s.c\n'}
[2.508186] (px4_msgs) StdoutLine: {'line': b'-- Up-to-date symlink: /home/maxim/super_ws/install/px4_msgs/lib/python3.12/site-packages/px4_msgs/msg/_sensor_hygrometer.py\n'}
[2.508337] (px4_msgs) StdoutLine: {'line': b'-- Up-to-date symlink: /home/maxim/super_ws/install/px4_msgs/lib/python3.12/site-packages/px4_msgs/msg/_sensor_hygrometer_s.c\n'}
[2.508513] (px4_msgs) StdoutLine: {'line': b'-- Up-to-date symlink: /home/maxim/super_ws/install/px4_msgs/lib/python3.12/site-packages/px4_msgs/msg/_sensor_mag.py\n'}
[2.508628] (px4_msgs) StdoutLine: {'line': b'-- Up-to-date symlink: /home/maxim/super_ws/install/px4_msgs/lib/python3.12/site-packages/px4_msgs/msg/_sensor_mag_s.c\n'}
[2.508707] (px4_msgs) StdoutLine: {'line': b'-- Up-to-date symlink: /home/maxim/super_ws/install/px4_msgs/lib/python3.12/site-packages/px4_msgs/msg/_sensor_optical_flow.py\n'}
[2.508821] (px4_msgs) StdoutLine: {'line': b'-- Up-to-date symlink: /home/maxim/super_ws/install/px4_msgs/lib/python3.12/site-packages/px4_msgs/msg/_sensor_optical_flow_s.c\n'}
[2.508943] (px4_msgs) StdoutLine: {'line': b'-- Up-to-date symlink: /home/maxim/super_ws/install/px4_msgs/lib/python3.12/site-packages/px4_msgs/msg/_sensor_preflight_mag.py\n'}
[2.509055] (px4_msgs) StdoutLine: {'line': b'-- Up-to-date symlink: /home/maxim/super_ws/install/px4_msgs/lib/python3.12/site-packages/px4_msgs/msg/_sensor_preflight_mag_s.c\n'}
[2.509146] (px4_msgs) StdoutLine: {'line': b'-- Up-to-date symlink: /home/maxim/super_ws/install/px4_msgs/lib/python3.12/site-packages/px4_msgs/msg/_sensor_selection.py\n'}
[2.509250] (px4_msgs) StdoutLine: {'line': b'-- Up-to-date symlink: /home/maxim/super_ws/install/px4_msgs/lib/python3.12/site-packages/px4_msgs/msg/_sensor_selection_s.c\n'}
[2.509381] (px4_msgs) StdoutLine: {'line': b'-- Up-to-date symlink: /home/maxim/super_ws/install/px4_msgs/lib/python3.12/site-packages/px4_msgs/msg/_sensor_temp.py\n'}
[2.509462] (px4_msgs) StdoutLine: {'line': b'-- Up-to-date symlink: /home/maxim/super_ws/install/px4_msgs/lib/python3.12/site-packages/px4_msgs/msg/_sensor_temp_s.c\n'}
[2.509569] (px4_msgs) StdoutLine: {'line': b'-- Up-to-date symlink: /home/maxim/super_ws/install/px4_msgs/lib/python3.12/site-packages/px4_msgs/msg/_sensor_uwb.py\n'}
[2.509675] (px4_msgs) StdoutLine: {'line': b'-- Up-to-date symlink: /home/maxim/super_ws/install/px4_msgs/lib/python3.12/site-packages/px4_msgs/msg/_sensor_uwb_s.c\n'}
[2.509785] (px4_msgs) StdoutLine: {'line': b'-- Up-to-date symlink: /home/maxim/super_ws/install/px4_msgs/lib/python3.12/site-packages/px4_msgs/msg/_sensors_status.py\n'}
[2.509895] (px4_msgs) StdoutLine: {'line': b'-- Up-to-date symlink: /home/maxim/super_ws/install/px4_msgs/lib/python3.12/site-packages/px4_msgs/msg/_sensors_status_imu.py\n'}
[2.510019] (px4_msgs) StdoutLine: {'line': b'-- Up-to-date symlink: /home/maxim/super_ws/install/px4_msgs/lib/python3.12/site-packages/px4_msgs/msg/_sensors_status_imu_s.c\n'}
[2.510111] (px4_msgs) StdoutLine: {'line': b'-- Up-to-date symlink: /home/maxim/super_ws/install/px4_msgs/lib/python3.12/site-packages/px4_msgs/msg/_sensors_status_s.c\n'}
[2.510291] (px4_msgs) StdoutLine: {'line': b'-- Up-to-date symlink: /home/maxim/super_ws/install/px4_msgs/lib/python3.12/site-packages/px4_msgs/msg/_system_power.py\n'}
[2.510399] (px4_msgs) StdoutLine: {'line': b'-- Up-to-date symlink: /home/maxim/super_ws/install/px4_msgs/lib/python3.12/site-packages/px4_msgs/msg/_system_power_s.c\n'}
[2.510505] (px4_msgs) StdoutLine: {'line': b'-- Up-to-date symlink: /home/maxim/super_ws/install/px4_msgs/lib/python3.12/site-packages/px4_msgs/msg/_takeoff_status.py\n'}
[2.510617] (px4_msgs) StdoutLine: {'line': b'-- Up-to-date symlink: /home/maxim/super_ws/install/px4_msgs/lib/python3.12/site-packages/px4_msgs/msg/_takeoff_status_s.c\n'}
[2.510718] (px4_msgs) StdoutLine: {'line': b'-- Up-to-date symlink: /home/maxim/super_ws/install/px4_msgs/lib/python3.12/site-packages/px4_msgs/msg/_target_gnss.py\n'}
[2.510834] (px4_msgs) StdoutLine: {'line': b'-- Up-to-date symlink: /home/maxim/super_ws/install/px4_msgs/lib/python3.12/site-packages/px4_msgs/msg/_target_gnss_s.c\n'}
[2.510938] (px4_msgs) StdoutLine: {'line': b'-- Up-to-date symlink: /home/maxim/super_ws/install/px4_msgs/lib/python3.12/site-packages/px4_msgs/msg/_task_stack_info.py\n'}
[2.511044] (px4_msgs) StdoutLine: {'line': b'-- Up-to-date symlink: /home/maxim/super_ws/install/px4_msgs/lib/python3.12/site-packages/px4_msgs/msg/_task_stack_info_s.c\n'}
[2.511151] (px4_msgs) StdoutLine: {'line': b'-- Up-to-date symlink: /home/maxim/super_ws/install/px4_msgs/lib/python3.12/site-packages/px4_msgs/msg/_tecs_status.py\n'}
[2.511257] (px4_msgs) StdoutLine: {'line': b'-- Up-to-date symlink: /home/maxim/super_ws/install/px4_msgs/lib/python3.12/site-packages/px4_msgs/msg/_tecs_status_s.c\n'}
[2.511393] (px4_msgs) StdoutLine: {'line': b'-- Up-to-date symlink: /home/maxim/super_ws/install/px4_msgs/lib/python3.12/site-packages/px4_msgs/msg/_telemetry_status.py\n'}
[2.511499] (px4_msgs) StdoutLine: {'line': b'-- Up-to-date symlink: /home/maxim/super_ws/install/px4_msgs/lib/python3.12/site-packages/px4_msgs/msg/_telemetry_status_s.c\n'}
[2.511601] (px4_msgs) StdoutLine: {'line': b'-- Up-to-date symlink: /home/maxim/super_ws/install/px4_msgs/lib/python3.12/site-packages/px4_msgs/msg/_tiltrotor_extra_controls.py\n'}
[2.511683] (px4_msgs) StdoutLine: {'line': b'-- Up-to-date symlink: /home/maxim/super_ws/install/px4_msgs/lib/python3.12/site-packages/px4_msgs/msg/_tiltrotor_extra_controls_s.c\n'}
[2.511796] (px4_msgs) StdoutLine: {'line': b'-- Up-to-date symlink: /home/maxim/super_ws/install/px4_msgs/lib/python3.12/site-packages/px4_msgs/msg/_timesync_status.py\n'}
[2.511981] (px4_msgs) StdoutLine: {'line': b'-- Up-to-date symlink: /home/maxim/super_ws/install/px4_msgs/lib/python3.12/site-packages/px4_msgs/msg/_timesync_status_s.c\n'}
[2.512182] (px4_msgs) StdoutLine: {'line': b'-- Up-to-date symlink: /home/maxim/super_ws/install/px4_msgs/lib/python3.12/site-packages/px4_msgs/msg/_trajectory_setpoint.py\n'}
[2.512367] (px4_msgs) StdoutLine: {'line': b'-- Up-to-date symlink: /home/maxim/super_ws/install/px4_msgs/lib/python3.12/site-packages/px4_msgs/msg/_trajectory_setpoint6dof.py\n'}
[2.512548] (px4_msgs) StdoutLine: {'line': b'-- Up-to-date symlink: /home/maxim/super_ws/install/px4_msgs/lib/python3.12/site-packages/px4_msgs/msg/_trajectory_setpoint6dof_s.c\n'}
[2.512717] (px4_msgs) StdoutLine: {'line': b'-- Up-to-date symlink: /home/maxim/super_ws/install/px4_msgs/lib/python3.12/site-packages/px4_msgs/msg/_trajectory_setpoint_s.c\n'}
[2.512941] (px4_msgs) StdoutLine: {'line': b'-- Up-to-date symlink: /home/maxim/super_ws/install/px4_msgs/lib/python3.12/site-packages/px4_msgs/msg/_transponder_report.py\n'}
[2.513133] (px4_msgs) StdoutLine: {'line': b'-- Up-to-date symlink: /home/maxim/super_ws/install/px4_msgs/lib/python3.12/site-packages/px4_msgs/msg/_transponder_report_s.c\n'}
[2.513273] (px4_msgs) StdoutLine: {'line': b'-- Up-to-date symlink: /home/maxim/super_ws/install/px4_msgs/lib/python3.12/site-packages/px4_msgs/msg/_tune_control.py\n'}
[2.513616] (px4_msgs) StdoutLine: {'line': b'-- Up-to-date symlink: /home/maxim/super_ws/install/px4_msgs/lib/python3.12/site-packages/px4_msgs/msg/_tune_control_s.c\n'}
[2.513693] (px4_msgs) StdoutLine: {'line': b'-- Up-to-date symlink: /home/maxim/super_ws/install/px4_msgs/lib/python3.12/site-packages/px4_msgs/msg/_uavcan_parameter_request.py\n'}
[2.513776] (px4_msgs) StdoutLine: {'line': b'-- Up-to-date symlink: /home/maxim/super_ws/install/px4_msgs/lib/python3.12/site-packages/px4_msgs/msg/_uavcan_parameter_request_s.c\n'}
[2.513889] (px4_msgs) StdoutLine: {'line': b'-- Up-to-date symlink: /home/maxim/super_ws/install/px4_msgs/lib/python3.12/site-packages/px4_msgs/msg/_uavcan_parameter_value.py\n'}
[2.514024] (px4_msgs) StdoutLine: {'line': b'-- Up-to-date symlink: /home/maxim/super_ws/install/px4_msgs/lib/python3.12/site-packages/px4_msgs/msg/_uavcan_parameter_value_s.c\n'}
[2.514183] (px4_msgs) StdoutLine: {'line': b'-- Up-to-date symlink: /home/maxim/super_ws/install/px4_msgs/lib/python3.12/site-packages/px4_msgs/msg/_ulog_stream.py\n'}
[2.514292] (px4_msgs) StdoutLine: {'line': b'-- Up-to-date symlink: /home/maxim/super_ws/install/px4_msgs/lib/python3.12/site-packages/px4_msgs/msg/_ulog_stream_ack.py\n'}
[2.514484] (px4_msgs) StdoutLine: {'line': b'-- Up-to-date symlink: /home/maxim/super_ws/install/px4_msgs/lib/python3.12/site-packages/px4_msgs/msg/_ulog_stream_ack_s.c\n'}
[2.514598] (px4_msgs) StdoutLine: {'line': b'-- Up-to-date symlink: /home/maxim/super_ws/install/px4_msgs/lib/python3.12/site-packages/px4_msgs/msg/_ulog_stream_s.c\n'}
[2.514785] (px4_msgs) StdoutLine: {'line': b'-- Up-to-date symlink: /home/maxim/super_ws/install/px4_msgs/lib/python3.12/site-packages/px4_msgs/msg/_unregister_ext_component.py\n'}
[2.514935] (px4_msgs) StdoutLine: {'line': b'-- Up-to-date symlink: /home/maxim/super_ws/install/px4_msgs/lib/python3.12/site-packages/px4_msgs/msg/_unregister_ext_component_s.c\n'}
[2.515087] (px4_msgs) StdoutLine: {'line': b'-- Up-to-date symlink: /home/maxim/super_ws/install/px4_msgs/lib/python3.12/site-packages/px4_msgs/msg/_vehicle_acceleration.py\n'}
[2.515235] (px4_msgs) StdoutLine: {'line': b'-- Up-to-date symlink: /home/maxim/super_ws/install/px4_msgs/lib/python3.12/site-packages/px4_msgs/msg/_vehicle_acceleration_s.c\n'}
[2.515385] (px4_msgs) StdoutLine: {'line': b'-- Up-to-date symlink: /home/maxim/super_ws/install/px4_msgs/lib/python3.12/site-packages/px4_msgs/msg/_vehicle_air_data.py\n'}
[2.515706] (px4_msgs) StdoutLine: {'line': b'-- Up-to-date symlink: /home/maxim/super_ws/install/px4_msgs/lib/python3.12/site-packages/px4_msgs/msg/_vehicle_air_data_s.c\n'}
[2.515814] (px4_msgs) StdoutLine: {'line': b'-- Up-to-date symlink: /home/maxim/super_ws/install/px4_msgs/lib/python3.12/site-packages/px4_msgs/msg/_vehicle_angular_acceleration_setpoint.py\n'}
[2.515902] (px4_msgs) StdoutLine: {'line': b'-- Up-to-date symlink: /home/maxim/super_ws/install/px4_msgs/lib/python3.12/site-packages/px4_msgs/msg/_vehicle_angular_acceleration_setpoint_s.c\n'}
[2.516100] (px4_msgs) StdoutLine: {'line': b'-- Up-to-date symlink: /home/maxim/super_ws/install/px4_msgs/lib/python3.12/site-packages/px4_msgs/msg/_vehicle_angular_velocity.py\n'}
[2.516208] (px4_msgs) StdoutLine: {'line': b'-- Up-to-date symlink: /home/maxim/super_ws/install/px4_msgs/lib/python3.12/site-packages/px4_msgs/msg/_vehicle_angular_velocity_s.c\n'}
[2.516372] (px4_msgs) StdoutLine: {'line': b'-- Up-to-date symlink: /home/maxim/super_ws/install/px4_msgs/lib/python3.12/site-packages/px4_msgs/msg/_vehicle_attitude.py\n'}
[2.516509] (px4_msgs) StdoutLine: {'line': b'-- Up-to-date symlink: /home/maxim/super_ws/install/px4_msgs/lib/python3.12/site-packages/px4_msgs/msg/_vehicle_attitude_s.c\n'}
[2.516717] (px4_msgs) StdoutLine: {'line': b'-- Up-to-date symlink: /home/maxim/super_ws/install/px4_msgs/lib/python3.12/site-packages/px4_msgs/msg/_vehicle_attitude_setpoint.py\n'}
[2.516922] (px4_msgs) StdoutLine: {'line': b'-- Up-to-date symlink: /home/maxim/super_ws/install/px4_msgs/lib/python3.12/site-packages/px4_msgs/msg/_vehicle_attitude_setpoint_s.c\n'}
[2.517106] (px4_msgs) StdoutLine: {'line': b'-- Up-to-date symlink: /home/maxim/super_ws/install/px4_msgs/lib/python3.12/site-packages/px4_msgs/msg/_vehicle_command.py\n'}
[2.517279] (px4_msgs) StdoutLine: {'line': b'-- Up-to-date symlink: /home/maxim/super_ws/install/px4_msgs/lib/python3.12/site-packages/px4_msgs/msg/_vehicle_command_ack.py\n'}
[2.517446] (px4_msgs) StdoutLine: {'line': b'-- Up-to-date symlink: /home/maxim/super_ws/install/px4_msgs/lib/python3.12/site-packages/px4_msgs/msg/_vehicle_command_ack_s.c\n'}
[2.517560] (px4_msgs) StdoutLine: {'line': b'-- Up-to-date symlink: /home/maxim/super_ws/install/px4_msgs/lib/python3.12/site-packages/px4_msgs/msg/_vehicle_command_s.c\n'}
[2.517706] (px4_msgs) StdoutLine: {'line': b'-- Up-to-date symlink: /home/maxim/super_ws/install/px4_msgs/lib/python3.12/site-packages/px4_msgs/msg/_vehicle_constraints.py\n'}
[2.517859] (px4_msgs) StdoutLine: {'line': b'-- Up-to-date symlink: /home/maxim/super_ws/install/px4_msgs/lib/python3.12/site-packages/px4_msgs/msg/_vehicle_constraints_s.c\n'}
[2.517982] (px4_msgs) StdoutLine: {'line': b'-- Up-to-date symlink: /home/maxim/super_ws/install/px4_msgs/lib/python3.12/site-packages/px4_msgs/msg/_vehicle_control_mode.py\n'}
[2.518167] (px4_msgs) StdoutLine: {'line': b'-- Up-to-date symlink: /home/maxim/super_ws/install/px4_msgs/lib/python3.12/site-packages/px4_msgs/msg/_vehicle_control_mode_s.c\n'}
[2.518294] (px4_msgs) StdoutLine: {'line': b'-- Up-to-date symlink: /home/maxim/super_ws/install/px4_msgs/lib/python3.12/site-packages/px4_msgs/msg/_vehicle_global_position.py\n'}
[2.518475] (px4_msgs) StdoutLine: {'line': b'-- Up-to-date symlink: /home/maxim/super_ws/install/px4_msgs/lib/python3.12/site-packages/px4_msgs/msg/_vehicle_global_position_s.c\n'}
[2.518636] (px4_msgs) StdoutLine: {'line': b'-- Up-to-date symlink: /home/maxim/super_ws/install/px4_msgs/lib/python3.12/site-packages/px4_msgs/msg/_vehicle_imu.py\n'}
[2.518835] (px4_msgs) StdoutLine: {'line': b'-- Up-to-date symlink: /home/maxim/super_ws/install/px4_msgs/lib/python3.12/site-packages/px4_msgs/msg/_vehicle_imu_s.c\n'}
[2.518958] (px4_msgs) StdoutLine: {'line': b'-- Up-to-date symlink: /home/maxim/super_ws/install/px4_msgs/lib/python3.12/site-packages/px4_msgs/msg/_vehicle_imu_status.py\n'}
[2.519100] (px4_msgs) StdoutLine: {'line': b'-- Up-to-date symlink: /home/maxim/super_ws/install/px4_msgs/lib/python3.12/site-packages/px4_msgs/msg/_vehicle_imu_status_s.c\n'}
[2.519287] (px4_msgs) StdoutLine: {'line': b'-- Up-to-date symlink: /home/maxim/super_ws/install/px4_msgs/lib/python3.12/site-packages/px4_msgs/msg/_vehicle_land_detected.py\n'}
[2.519438] (px4_msgs) StdoutLine: {'line': b'-- Up-to-date symlink: /home/maxim/super_ws/install/px4_msgs/lib/python3.12/site-packages/px4_msgs/msg/_vehicle_land_detected_s.c\n'}
[2.519663] (px4_msgs) StdoutLine: {'line': b'-- Up-to-date symlink: /home/maxim/super_ws/install/px4_msgs/lib/python3.12/site-packages/px4_msgs/msg/_vehicle_local_position.py\n'}
[2.519872] (px4_msgs) StdoutLine: {'line': b'-- Up-to-date symlink: /home/maxim/super_ws/install/px4_msgs/lib/python3.12/site-packages/px4_msgs/msg/_vehicle_local_position_s.c\n'}
[2.520009] (px4_msgs) StdoutLine: {'line': b'-- Up-to-date symlink: /home/maxim/super_ws/install/px4_msgs/lib/python3.12/site-packages/px4_msgs/msg/_vehicle_local_position_setpoint.py\n'}
[2.520155] (px4_msgs) StdoutLine: {'line': b'-- Up-to-date symlink: /home/maxim/super_ws/install/px4_msgs/lib/python3.12/site-packages/px4_msgs/msg/_vehicle_local_position_setpoint_s.c\n'}
[2.520305] (px4_msgs) StdoutLine: {'line': b'-- Up-to-date symlink: /home/maxim/super_ws/install/px4_msgs/lib/python3.12/site-packages/px4_msgs/msg/_vehicle_magnetometer.py\n'}
[2.520460] (px4_msgs) StdoutLine: {'line': b'-- Up-to-date symlink: /home/maxim/super_ws/install/px4_msgs/lib/python3.12/site-packages/px4_msgs/msg/_vehicle_magnetometer_s.c\n'}
[2.520630] (px4_msgs) StdoutLine: {'line': b'-- Up-to-date symlink: /home/maxim/super_ws/install/px4_msgs/lib/python3.12/site-packages/px4_msgs/msg/_vehicle_odometry.py\n'}
[2.520821] (px4_msgs) StdoutLine: {'line': b'-- Up-to-date symlink: /home/maxim/super_ws/install/px4_msgs/lib/python3.12/site-packages/px4_msgs/msg/_vehicle_odometry_s.c\n'}
[2.520970] (px4_msgs) StdoutLine: {'line': b'-- Up-to-date symlink: /home/maxim/super_ws/install/px4_msgs/lib/python3.12/site-packages/px4_msgs/msg/_vehicle_optical_flow.py\n'}
[2.521176] (px4_msgs) StdoutLine: {'line': b'-- Up-to-date symlink: /home/maxim/super_ws/install/px4_msgs/lib/python3.12/site-packages/px4_msgs/msg/_vehicle_optical_flow_s.c\n'}
[2.521402] (px4_msgs) StdoutLine: {'line': b'-- Up-to-date symlink: /home/maxim/super_ws/install/px4_msgs/lib/python3.12/site-packages/px4_msgs/msg/_vehicle_optical_flow_vel.py\n'}
[2.521564] (px4_msgs) StdoutLine: {'line': b'-- Up-to-date symlink: /home/maxim/super_ws/install/px4_msgs/lib/python3.12/site-packages/px4_msgs/msg/_vehicle_optical_flow_vel_s.c\n'}
[2.521710] (px4_msgs) StdoutLine: {'line': b'-- Up-to-date symlink: /home/maxim/super_ws/install/px4_msgs/lib/python3.12/site-packages/px4_msgs/msg/_vehicle_rates_setpoint.py\n'}
[2.521867] (px4_msgs) StdoutLine: {'line': b'-- Up-to-date symlink: /home/maxim/super_ws/install/px4_msgs/lib/python3.12/site-packages/px4_msgs/msg/_vehicle_rates_setpoint_s.c\n'}
[2.522031] (px4_msgs) StdoutLine: {'line': b'-- Up-to-date symlink: /home/maxim/super_ws/install/px4_msgs/lib/python3.12/site-packages/px4_msgs/msg/_vehicle_roi.py\n'}
[2.522152] (px4_msgs) StdoutLine: {'line': b'-- Up-to-date symlink: /home/maxim/super_ws/install/px4_msgs/lib/python3.12/site-packages/px4_msgs/msg/_vehicle_roi_s.c\n'}
[2.522349] (px4_msgs) StdoutLine: {'line': b'-- Up-to-date symlink: /home/maxim/super_ws/install/px4_msgs/lib/python3.12/site-packages/px4_msgs/msg/_vehicle_status.py\n'}
[2.522553] (px4_msgs) StdoutLine: {'line': b'-- Up-to-date symlink: /home/maxim/super_ws/install/px4_msgs/lib/python3.12/site-packages/px4_msgs/msg/_vehicle_status_s.c\n'}
[2.522673] (px4_msgs) StdoutLine: {'line': b'-- Up-to-date symlink: /home/maxim/super_ws/install/px4_msgs/lib/python3.12/site-packages/px4_msgs/msg/_vehicle_thrust_setpoint.py\n'}
[2.522888] (px4_msgs) StdoutLine: {'line': b'-- Up-to-date symlink: /home/maxim/super_ws/install/px4_msgs/lib/python3.12/site-packages/px4_msgs/msg/_vehicle_thrust_setpoint_s.c\n'}
[2.523043] (px4_msgs) StdoutLine: {'line': b'-- Up-to-date symlink: /home/maxim/super_ws/install/px4_msgs/lib/python3.12/site-packages/px4_msgs/msg/_vehicle_torque_setpoint.py\n'}
[2.523252] (px4_msgs) StdoutLine: {'line': b'-- Up-to-date symlink: /home/maxim/super_ws/install/px4_msgs/lib/python3.12/site-packages/px4_msgs/msg/_vehicle_torque_setpoint_s.c\n'}
[2.523438] (px4_msgs) StdoutLine: {'line': b'-- Up-to-date symlink: /home/maxim/super_ws/install/px4_msgs/lib/python3.12/site-packages/px4_msgs/msg/_velocity_limits.py\n'}
[2.523604] (px4_msgs) StdoutLine: {'line': b'-- Up-to-date symlink: /home/maxim/super_ws/install/px4_msgs/lib/python3.12/site-packages/px4_msgs/msg/_velocity_limits_s.c\n'}
[2.523809] (px4_msgs) StdoutLine: {'line': b'-- Up-to-date symlink: /home/maxim/super_ws/install/px4_msgs/lib/python3.12/site-packages/px4_msgs/msg/_vte_aid_source1d.py\n'}
[2.523929] (px4_msgs) StdoutLine: {'line': b'-- Up-to-date symlink: /home/maxim/super_ws/install/px4_msgs/lib/python3.12/site-packages/px4_msgs/msg/_vte_aid_source1d_s.c\n'}
[2.524042] (px4_msgs) StdoutLine: {'line': b'-- Up-to-date symlink: /home/maxim/super_ws/install/px4_msgs/lib/python3.12/site-packages/px4_msgs/msg/_vte_aid_source3d.py\n'}
[2.524129] (px4_msgs) StdoutLine: {'line': b'-- Up-to-date symlink: /home/maxim/super_ws/install/px4_msgs/lib/python3.12/site-packages/px4_msgs/msg/_vte_aid_source3d_s.c\n'}
[2.524226] (px4_msgs) StdoutLine: {'line': b'-- Up-to-date symlink: /home/maxim/super_ws/install/px4_msgs/lib/python3.12/site-packages/px4_msgs/msg/_vte_bias_init_status.py\n'}
[2.524335] (px4_msgs) StdoutLine: {'line': b'-- Up-to-date symlink: /home/maxim/super_ws/install/px4_msgs/lib/python3.12/site-packages/px4_msgs/msg/_vte_bias_init_status_s.c\n'}
[2.524457] (px4_msgs) StdoutLine: {'line': b'-- Up-to-date symlink: /home/maxim/super_ws/install/px4_msgs/lib/python3.12/site-packages/px4_msgs/msg/_vte_input.py\n'}
[2.524567] (px4_msgs) StdoutLine: {'line': b'-- Up-to-date symlink: /home/maxim/super_ws/install/px4_msgs/lib/python3.12/site-packages/px4_msgs/msg/_vte_input_s.c\n'}
[2.524658] (px4_msgs) StdoutLine: {'line': b'-- Up-to-date symlink: /home/maxim/super_ws/install/px4_msgs/lib/python3.12/site-packages/px4_msgs/msg/_vte_orientation.py\n'}
[2.524777] (px4_msgs) StdoutLine: {'line': b'-- Up-to-date symlink: /home/maxim/super_ws/install/px4_msgs/lib/python3.12/site-packages/px4_msgs/msg/_vte_orientation_s.c\n'}
[2.524945] (px4_msgs) StdoutLine: {'line': b'-- Up-to-date symlink: /home/maxim/super_ws/install/px4_msgs/lib/python3.12/site-packages/px4_msgs/msg/_vte_position.py\n'}
[2.525147] (px4_msgs) StdoutLine: {'line': b'-- Up-to-date symlink: /home/maxim/super_ws/install/px4_msgs/lib/python3.12/site-packages/px4_msgs/msg/_vte_position_s.c\n'}
[2.525293] (px4_msgs) StdoutLine: {'line': b'-- Up-to-date symlink: /home/maxim/super_ws/install/px4_msgs/lib/python3.12/site-packages/px4_msgs/msg/_vtol_vehicle_status.py\n'}
[2.525429] (px4_msgs) StdoutLine: {'line': b'-- Up-to-date symlink: /home/maxim/super_ws/install/px4_msgs/lib/python3.12/site-packages/px4_msgs/msg/_vtol_vehicle_status_s.c\n'}
[2.525623] (px4_msgs) StdoutLine: {'line': b'-- Up-to-date symlink: /home/maxim/super_ws/install/px4_msgs/lib/python3.12/site-packages/px4_msgs/msg/_vtx.py\n'}
[2.525786] (px4_msgs) StdoutLine: {'line': b'-- Up-to-date symlink: /home/maxim/super_ws/install/px4_msgs/lib/python3.12/site-packages/px4_msgs/msg/_vtx_s.c\n'}
[2.525988] (px4_msgs) StdoutLine: {'line': b'-- Up-to-date symlink: /home/maxim/super_ws/install/px4_msgs/lib/python3.12/site-packages/px4_msgs/msg/_wheel_encoders.py\n'}
[2.526139] (px4_msgs) StdoutLine: {'line': b'-- Up-to-date symlink: /home/maxim/super_ws/install/px4_msgs/lib/python3.12/site-packages/px4_msgs/msg/_wheel_encoders_s.c\n'}
[2.526292] (px4_msgs) StdoutLine: {'line': b'-- Up-to-date symlink: /home/maxim/super_ws/install/px4_msgs/lib/python3.12/site-packages/px4_msgs/msg/_wind.py\n'}
[2.526451] (px4_msgs) StdoutLine: {'line': b'-- Up-to-date symlink: /home/maxim/super_ws/install/px4_msgs/lib/python3.12/site-packages/px4_msgs/msg/_wind_s.c\n'}
[2.526661] (px4_msgs) StdoutLine: {'line': b'-- Up-to-date symlink: /home/maxim/super_ws/install/px4_msgs/lib/python3.12/site-packages/px4_msgs/msg/_yaw_estimator_status.py\n'}
[2.526852] (px4_msgs) StdoutLine: {'line': b'-- Up-to-date symlink: /home/maxim/super_ws/install/px4_msgs/lib/python3.12/site-packages/px4_msgs/msg/_yaw_estimator_status_s.c\n'}
[2.527008] (px4_msgs) StdoutLine: {'line': b'-- Up-to-date symlink: /home/maxim/super_ws/install/px4_msgs/lib/python3.12/site-packages/px4_msgs/px4_msgs_s__rosidl_typesupport_c.so\n'}
[2.527198] (px4_msgs) StdoutLine: {'line': b'-- Up-to-date symlink: /home/maxim/super_ws/install/px4_msgs/lib/python3.12/site-packages/px4_msgs/px4_msgs_s__rosidl_typesupport_fastrtps_c.so\n'}
[2.527339] (px4_msgs) StdoutLine: {'line': b'-- Up-to-date symlink: /home/maxim/super_ws/install/px4_msgs/lib/python3.12/site-packages/px4_msgs/px4_msgs_s__rosidl_typesupport_introspection_c.so\n'}
[2.527531] (px4_msgs) StdoutLine: {'line': b'-- Up-to-date symlink: /home/maxim/super_ws/install/px4_msgs/lib/python3.12/site-packages/px4_msgs/srv/__init__.py\n'}
[2.527672] (px4_msgs) StdoutLine: {'line': b'-- Up-to-date symlink: /home/maxim/super_ws/install/px4_msgs/lib/python3.12/site-packages/px4_msgs/srv/_vehicle_command.py\n'}
[2.527838] (px4_msgs) StdoutLine: {'line': b'-- Up-to-date symlink: /home/maxim/super_ws/install/px4_msgs/lib/python3.12/site-packages/px4_msgs/srv/_vehicle_command_s.c\n'}
[2.528157] (px4_msgs) StdoutLine: {'line': b'-- Up-to-date symlink: /home/maxim/super_ws/install/px4_msgs/lib/python3.12/site-packages/px4_msgs/px4_msgs_s__rosidl_typesupport_fastrtps_c.so\n'}
[2.528462] (px4_msgs) StdoutLine: {'line': b'-- Up-to-date symlink: /home/maxim/super_ws/install/px4_msgs/lib/python3.12/site-packages/px4_msgs/px4_msgs_s__rosidl_typesupport_introspection_c.so\n'}
[2.528699] (px4_msgs) StdoutLine: {'line': b'-- Up-to-date symlink: /home/maxim/super_ws/install/px4_msgs/lib/python3.12/site-packages/px4_msgs/px4_msgs_s__rosidl_typesupport_c.so\n'}
[2.529028] (px4_msgs) StdoutLine: {'line': b'-- Up-to-date symlink: /home/maxim/super_ws/install/px4_msgs/share/ament_index/resource_index/rust_packages/px4_msgs\n'}
[2.529468] (px4_msgs) StdoutLine: {'line': b'-- Up-to-date symlink: /home/maxim/super_ws/install/px4_msgs/share/px4_msgs/rust/Cargo.toml\n'}
[2.529668] (px4_msgs) StdoutLine: {'line': b'-- Up-to-date symlink: /home/maxim/super_ws/install/px4_msgs/share/px4_msgs/rust/build.rs\n'}
[2.529974] (px4_msgs) StdoutLine: {'line': b'-- Up-to-date symlink: /home/maxim/super_ws/install/px4_msgs/share/px4_msgs/rust/src/lib.rs\n'}
[2.530184] (px4_msgs) StdoutLine: {'line': b'-- Up-to-date symlink: /home/maxim/super_ws/install/px4_msgs/share/px4_msgs/rust/src/msg.rs\n'}
[2.530471] (px4_msgs) StdoutLine: {'line': b'-- Up-to-date symlink: /home/maxim/super_ws/install/px4_msgs/share/px4_msgs/rust/src/msg/rmw.rs\n'}
[2.530688] (px4_msgs) StdoutLine: {'line': b'-- Up-to-date symlink: /home/maxim/super_ws/install/px4_msgs/share/px4_msgs/rust/src/srv.rs\n'}
[2.530986] (px4_msgs) StdoutLine: {'line': b'-- Up-to-date symlink: /home/maxim/super_ws/install/px4_msgs/share/px4_msgs/rust/src/srv/rmw.rs\n'}
[2.531171] (px4_msgs) StdoutLine: {'line': b'-- Up-to-date symlink: /home/maxim/super_ws/install/px4_msgs/share/px4_msgs/msg/ActionRequest.idl\n'}
[2.531331] (px4_msgs) StdoutLine: {'line': b'-- Up-to-date symlink: /home/maxim/super_ws/install/px4_msgs/share/px4_msgs/msg/ActuatorArmed.idl\n'}
[2.531498] (px4_msgs) StdoutLine: {'line': b'-- Up-to-date symlink: /home/maxim/super_ws/install/px4_msgs/share/px4_msgs/msg/ActuatorControlsStatus.idl\n'}
[2.531687] (px4_msgs) StdoutLine: {'line': b'-- Up-to-date symlink: /home/maxim/super_ws/install/px4_msgs/share/px4_msgs/msg/ActuatorMotors.idl\n'}
[2.531937] (px4_msgs) StdoutLine: {'line': b'-- Up-to-date symlink: /home/maxim/super_ws/install/px4_msgs/share/px4_msgs/msg/ActuatorOutputs.idl\n'}
[2.532122] (px4_msgs) StdoutLine: {'line': b'-- Up-to-date symlink: /home/maxim/super_ws/install/px4_msgs/share/px4_msgs/msg/ActuatorServos.idl\n'}
[2.532304] (px4_msgs) StdoutLine: {'line': b'-- Up-to-date symlink: /home/maxim/super_ws/install/px4_msgs/share/px4_msgs/msg/ActuatorServosTrim.idl\n'}
[2.532488] (px4_msgs) StdoutLine: {'line': b'-- Up-to-date symlink: /home/maxim/super_ws/install/px4_msgs/share/px4_msgs/msg/ActuatorTest.idl\n'}
[2.532715] (px4_msgs) StdoutLine: {'line': b'-- Up-to-date symlink: /home/maxim/super_ws/install/px4_msgs/share/px4_msgs/msg/AdcReport.idl\n'}
[2.532909] (px4_msgs) StdoutLine: {'line': b'-- Up-to-date symlink: /home/maxim/super_ws/install/px4_msgs/share/px4_msgs/msg/Airspeed.idl\n'}
[2.533164] (px4_msgs) StdoutLine: {'line': b'-- Up-to-date symlink: /home/maxim/super_ws/install/px4_msgs/share/px4_msgs/msg/AirspeedValidated.idl\n'}
[2.533337] (px4_msgs) StdoutLine: {'line': b'-- Up-to-date symlink: /home/maxim/super_ws/install/px4_msgs/share/px4_msgs/msg/AirspeedWind.idl\n'}
[2.533554] (px4_msgs) StdoutLine: {'line': b'-- Up-to-date symlink: /home/maxim/super_ws/install/px4_msgs/share/px4_msgs/msg/ArmingCheckReply.idl\n'}
[2.533809] (px4_msgs) StdoutLine: {'line': b'-- Up-to-date symlink: /home/maxim/super_ws/install/px4_msgs/share/px4_msgs/msg/ArmingCheckRequest.idl\n'}
[2.534060] (px4_msgs) StdoutLine: {'line': b'-- Up-to-date symlink: /home/maxim/super_ws/install/px4_msgs/share/px4_msgs/msg/AutotuneAttitudeControlStatus.idl\n'}
[2.534330] (px4_msgs) StdoutLine: {'line': b'-- Up-to-date symlink: /home/maxim/super_ws/install/px4_msgs/share/px4_msgs/msg/AuxGlobalPosition.idl\n'}
[2.534479] (px4_msgs) StdoutLine: {'line': b'-- Up-to-date symlink: /home/maxim/super_ws/install/px4_msgs/share/px4_msgs/msg/BatteryInfo.idl\n'}
[2.534733] (px4_msgs) StdoutLine: {'line': b'-- Up-to-date symlink: /home/maxim/super_ws/install/px4_msgs/share/px4_msgs/msg/BatteryStatus.idl\n'}
[2.534993] (px4_msgs) StdoutLine: {'line': b'-- Up-to-date symlink: /home/maxim/super_ws/install/px4_msgs/share/px4_msgs/msg/ButtonEvent.idl\n'}
[2.535283] (px4_msgs) StdoutLine: {'line': b'-- Up-to-date symlink: /home/maxim/super_ws/install/px4_msgs/share/px4_msgs/msg/CameraCapture.idl\n'}
[2.535471] (px4_msgs) StdoutLine: {'line': b'-- Up-to-date symlink: /home/maxim/super_ws/install/px4_msgs/share/px4_msgs/msg/CameraStatus.idl\n'}
[2.535636] (px4_msgs) StdoutLine: {'line': b'-- Up-to-date symlink: /home/maxim/super_ws/install/px4_msgs/share/px4_msgs/msg/CameraTrigger.idl\n'}
[2.535946] (px4_msgs) StdoutLine: {'line': b'-- Up-to-date symlink: /home/maxim/super_ws/install/px4_msgs/share/px4_msgs/msg/CanInterfaceStatus.idl\n'}
[2.536103] (px4_msgs) StdoutLine: {'line': b'-- Up-to-date symlink: /home/maxim/super_ws/install/px4_msgs/share/px4_msgs/msg/CellularStatus.idl\n'}
[2.536222] (px4_msgs) StdoutLine: {'line': b'-- Up-to-date symlink: /home/maxim/super_ws/install/px4_msgs/share/px4_msgs/msg/CollisionConstraints.idl\n'}
[2.536370] (px4_msgs) StdoutLine: {'line': b'-- Up-to-date symlink: /home/maxim/super_ws/install/px4_msgs/share/px4_msgs/msg/ConfigOverrides.idl\n'}
[2.536681] (px4_msgs) StdoutLine: {'line': b'-- Up-to-date symlink: /home/maxim/super_ws/install/px4_msgs/share/px4_msgs/msg/ControlAllocatorStatus.idl\n'}
[2.536792] (px4_msgs) StdoutLine: {'line': b'-- Up-to-date symlink: /home/maxim/super_ws/install/px4_msgs/share/px4_msgs/msg/Cpuload.idl\n'}
[2.536905] (px4_msgs) StdoutLine: {'line': b'-- Up-to-date symlink: /home/maxim/super_ws/install/px4_msgs/share/px4_msgs/msg/DatamanRequest.idl\n'}
[2.537090] (px4_msgs) StdoutLine: {'line': b'-- Up-to-date symlink: /home/maxim/super_ws/install/px4_msgs/share/px4_msgs/msg/DatamanResponse.idl\n'}
[2.537277] (px4_msgs) StdoutLine: {'line': b'-- Up-to-date symlink: /home/maxim/super_ws/install/px4_msgs/share/px4_msgs/msg/DebugArray.idl\n'}
[2.537485] (px4_msgs) StdoutLine: {'line': b'-- Up-to-date symlink: /home/maxim/super_ws/install/px4_msgs/share/px4_msgs/msg/DebugKeyValue.idl\n'}
[2.537671] (px4_msgs) StdoutLine: {'line': b'-- Up-to-date symlink: /home/maxim/super_ws/install/px4_msgs/share/px4_msgs/msg/DebugValue.idl\n'}
[2.537871] (px4_msgs) StdoutLine: {'line': b'-- Up-to-date symlink: /home/maxim/super_ws/install/px4_msgs/share/px4_msgs/msg/DebugVect.idl\n'}
[2.538091] (px4_msgs) StdoutLine: {'line': b'-- Up-to-date symlink: /home/maxim/super_ws/install/px4_msgs/share/px4_msgs/msg/DeviceInformation.idl\n'}
[2.538305] (px4_msgs) StdoutLine: {'line': b'-- Up-to-date symlink: /home/maxim/super_ws/install/px4_msgs/share/px4_msgs/msg/DifferentialPressure.idl\n'}
[2.538514] (px4_msgs) StdoutLine: {'line': b'-- Up-to-date symlink: /home/maxim/super_ws/install/px4_msgs/share/px4_msgs/msg/DistanceSensor.idl\n'}
[2.538728] (px4_msgs) StdoutLine: {'line': b'-- Up-to-date symlink: /home/maxim/super_ws/install/px4_msgs/share/px4_msgs/msg/DistanceSensorModeChangeRequest.idl\n'}
[2.538947] (px4_msgs) StdoutLine: {'line': b'-- Up-to-date symlink: /home/maxim/super_ws/install/px4_msgs/share/px4_msgs/msg/DronecanNodeStatus.idl\n'}
[2.539180] (px4_msgs) StdoutLine: {'line': b'-- Up-to-date symlink: /home/maxim/super_ws/install/px4_msgs/share/px4_msgs/msg/Ekf2Timestamps.idl\n'}
[2.539360] (px4_msgs) StdoutLine: {'line': b'-- Up-to-date symlink: /home/maxim/super_ws/install/px4_msgs/share/px4_msgs/msg/EscEepromRead.idl\n'}
[2.539566] (px4_msgs) StdoutLine: {'line': b'-- Up-to-date symlink: /home/maxim/super_ws/install/px4_msgs/share/px4_msgs/msg/EscEepromWrite.idl\n'}
[2.539773] (px4_msgs) StdoutLine: {'line': b'-- Up-to-date symlink: /home/maxim/super_ws/install/px4_msgs/share/px4_msgs/msg/EscReport.idl\n'}
[2.539959] (px4_msgs) StdoutLine: {'line': b'-- Up-to-date symlink: /home/maxim/super_ws/install/px4_msgs/share/px4_msgs/msg/EscStatus.idl\n'}
[2.540188] (px4_msgs) StdoutLine: {'line': b'-- Up-to-date symlink: /home/maxim/super_ws/install/px4_msgs/share/px4_msgs/msg/EstimatorAidSource1d.idl\n'}
[2.540345] (px4_msgs) StdoutLine: {'line': b'-- Up-to-date symlink: /home/maxim/super_ws/install/px4_msgs/share/px4_msgs/msg/EstimatorAidSource2d.idl\n'}
[2.540619] (px4_msgs) StdoutLine: {'line': b'-- Up-to-date symlink: /home/maxim/super_ws/install/px4_msgs/share/px4_msgs/msg/EstimatorAidSource3d.idl\n'}
[2.542034] (px4_msgs) StdoutLine: {'line': b'-- Up-to-date symlink: /home/maxim/super_ws/install/px4_msgs/share/px4_msgs/msg/EstimatorBias.idl\n'}
[2.542186] (px4_msgs) StdoutLine: {'line': b'-- Up-to-date symlink: /home/maxim/super_ws/install/px4_msgs/share/px4_msgs/msg/EstimatorBias3d.idl\n'}
[2.542249] (px4_msgs) StdoutLine: {'line': b'-- Up-to-date symlink: /home/maxim/super_ws/install/px4_msgs/share/px4_msgs/msg/EstimatorEventFlags.idl\n'}
[2.542305] (px4_msgs) StdoutLine: {'line': b'-- Up-to-date symlink: /home/maxim/super_ws/install/px4_msgs/share/px4_msgs/msg/EstimatorFusionControl.idl\n'}
[2.542366] (px4_msgs) StdoutLine: {'line': b'-- Up-to-date symlink: /home/maxim/super_ws/install/px4_msgs/share/px4_msgs/msg/EstimatorGpsStatus.idl\n'}
[2.542419] (px4_msgs) StdoutLine: {'line': b'-- Up-to-date symlink: /home/maxim/super_ws/install/px4_msgs/share/px4_msgs/msg/EstimatorInnovations.idl\n'}
[2.542474] (px4_msgs) StdoutLine: {'line': b'-- Up-to-date symlink: /home/maxim/super_ws/install/px4_msgs/share/px4_msgs/msg/EstimatorSelectorStatus.idl\n'}
[2.543030] (px4_msgs) StdoutLine: {'line': b'-- Up-to-date symlink: /home/maxim/super_ws/install/px4_msgs/share/px4_msgs/msg/EstimatorSensorBias.idl\n'}
[2.543132] (px4_msgs) StdoutLine: {'line': b'-- Up-to-date symlink: /home/maxim/super_ws/install/px4_msgs/share/px4_msgs/msg/EstimatorStates.idl\n'}
[2.543208] (px4_msgs) StdoutLine: {'line': b'-- Up-to-date symlink: /home/maxim/super_ws/install/px4_msgs/share/px4_msgs/msg/EstimatorStatus.idl\n'}
[2.543272] (px4_msgs) StdoutLine: {'line': b'-- Up-to-date symlink: /home/maxim/super_ws/install/px4_msgs/share/px4_msgs/msg/EstimatorStatusFlags.idl\n'}
[2.543329] (px4_msgs) StdoutLine: {'line': b'-- Up-to-date symlink: /home/maxim/super_ws/install/px4_msgs/share/px4_msgs/msg/Event.idl\n'}
[2.543476] (px4_msgs) StdoutLine: {'line': b'-- Up-to-date symlink: /home/maxim/super_ws/install/px4_msgs/share/px4_msgs/msg/FailsafeFlags.idl\n'}
[2.543548] (px4_msgs) StdoutLine: {'line': b'-- Up-to-date symlink: /home/maxim/super_ws/install/px4_msgs/share/px4_msgs/msg/FailureDetectorStatus.idl\n'}
[2.543770] (px4_msgs) StdoutLine: {'line': b'-- Up-to-date symlink: /home/maxim/super_ws/install/px4_msgs/share/px4_msgs/msg/FiducialMarkerPosReport.idl\n'}
[2.543955] (px4_msgs) StdoutLine: {'line': b'-- Up-to-date symlink: /home/maxim/super_ws/install/px4_msgs/share/px4_msgs/msg/FiducialMarkerYawReport.idl\n'}
[2.544238] (px4_msgs) StdoutLine: {'line': b'-- Up-to-date symlink: /home/maxim/super_ws/install/px4_msgs/share/px4_msgs/msg/FigureEightStatus.idl\n'}
[2.544425] (px4_msgs) StdoutLine: {'line': b'-- Up-to-date symlink: /home/maxim/super_ws/install/px4_msgs/share/px4_msgs/msg/FixedWingLateralGuidanceStatus.idl\n'}
[2.544645] (px4_msgs) StdoutLine: {'line': b'-- Up-to-date symlink: /home/maxim/super_ws/install/px4_msgs/share/px4_msgs/msg/FixedWingLateralSetpoint.idl\n'}
[2.544846] (px4_msgs) StdoutLine: {'line': b'-- Up-to-date symlink: /home/maxim/super_ws/install/px4_msgs/share/px4_msgs/msg/FixedWingLateralStatus.idl\n'}
[2.544993] (px4_msgs) StdoutLine: {'line': b'-- Up-to-date symlink: /home/maxim/super_ws/install/px4_msgs/share/px4_msgs/msg/FixedWingLongitudinalSetpoint.idl\n'}
[2.545244] (px4_msgs) StdoutLine: {'line': b'-- Up-to-date symlink: /home/maxim/super_ws/install/px4_msgs/share/px4_msgs/msg/FixedWingRunwayControl.idl\n'}
[2.545401] (px4_msgs) StdoutLine: {'line': b'-- Up-to-date symlink: /home/maxim/super_ws/install/px4_msgs/share/px4_msgs/msg/FlightPhaseEstimation.idl\n'}
[2.545604] (px4_msgs) StdoutLine: {'line': b'-- Up-to-date symlink: /home/maxim/super_ws/install/px4_msgs/share/px4_msgs/msg/FollowTarget.idl\n'}
[2.545739] (px4_msgs) StdoutLine: {'line': b'-- Up-to-date symlink: /home/maxim/super_ws/install/px4_msgs/share/px4_msgs/msg/FollowTargetEstimator.idl\n'}
[2.545945] (px4_msgs) StdoutLine: {'line': b'-- Up-to-date symlink: /home/maxim/super_ws/install/px4_msgs/share/px4_msgs/msg/FollowTargetStatus.idl\n'}
[2.546123] (px4_msgs) StdoutLine: {'line': b'-- Up-to-date symlink: /home/maxim/super_ws/install/px4_msgs/share/px4_msgs/msg/FuelTankStatus.idl\n'}
[2.546305] (px4_msgs) StdoutLine: {'line': b'-- Up-to-date symlink: /home/maxim/super_ws/install/px4_msgs/share/px4_msgs/msg/GainCompression.idl\n'}
[2.546505] (px4_msgs) StdoutLine: {'line': b'-- Up-to-date symlink: /home/maxim/super_ws/install/px4_msgs/share/px4_msgs/msg/GeneratorStatus.idl\n'}
[2.546747] (px4_msgs) StdoutLine: {'line': b'-- Up-to-date symlink: /home/maxim/super_ws/install/px4_msgs/share/px4_msgs/msg/GeofenceResult.idl\n'}
[2.546856] (px4_msgs) StdoutLine: {'line': b'-- Up-to-date symlink: /home/maxim/super_ws/install/px4_msgs/share/px4_msgs/msg/GeofenceStatus.idl\n'}
[2.547001] (px4_msgs) StdoutLine: {'line': b'-- Up-to-date symlink: /home/maxim/super_ws/install/px4_msgs/share/px4_msgs/msg/GimbalControls.idl\n'}
[2.547208] (px4_msgs) StdoutLine: {'line': b'-- Up-to-date symlink: /home/maxim/super_ws/install/px4_msgs/share/px4_msgs/msg/GimbalDeviceAttitudeStatus.idl\n'}
[2.547314] (px4_msgs) StdoutLine: {'line': b'-- Up-to-date symlink: /home/maxim/super_ws/install/px4_msgs/share/px4_msgs/msg/GimbalDeviceInformation.idl\n'}
[2.547690] (px4_msgs) StdoutLine: {'line': b'-- Up-to-date symlink: /home/maxim/super_ws/install/px4_msgs/share/px4_msgs/msg/GimbalDeviceSetAttitude.idl\n'}
[2.547796] (px4_msgs) StdoutLine: {'line': b'-- Up-to-date symlink: /home/maxim/super_ws/install/px4_msgs/share/px4_msgs/msg/GimbalManagerInformation.idl\n'}
[2.547859] (px4_msgs) StdoutLine: {'line': b'-- Up-to-date symlink: /home/maxim/super_ws/install/px4_msgs/share/px4_msgs/msg/GimbalManagerSetAttitude.idl\n'}
[2.547994] (px4_msgs) StdoutLine: {'line': b'-- Up-to-date symlink: /home/maxim/super_ws/install/px4_msgs/share/px4_msgs/msg/GimbalManagerSetManualControl.idl\n'}
[2.548103] (px4_msgs) StdoutLine: {'line': b'-- Up-to-date symlink: /home/maxim/super_ws/install/px4_msgs/share/px4_msgs/msg/GimbalManagerStatus.idl\n'}
[2.548216] (px4_msgs) StdoutLine: {'line': b'-- Up-to-date symlink: /home/maxim/super_ws/install/px4_msgs/share/px4_msgs/msg/GotoSetpoint.idl\n'}
[2.548358] (px4_msgs) StdoutLine: {'line': b'-- Up-to-date symlink: /home/maxim/super_ws/install/px4_msgs/share/px4_msgs/msg/GpioConfig.idl\n'}
[2.548515] (px4_msgs) StdoutLine: {'line': b'-- Up-to-date symlink: /home/maxim/super_ws/install/px4_msgs/share/px4_msgs/msg/GpioIn.idl\n'}
[2.548750] (px4_msgs) StdoutLine: {'line': b'-- Up-to-date symlink: /home/maxim/super_ws/install/px4_msgs/share/px4_msgs/msg/GpioOut.idl\n'}
[2.548947] (px4_msgs) StdoutLine: {'line': b'-- Up-to-date symlink: /home/maxim/super_ws/install/px4_msgs/share/px4_msgs/msg/GpioRequest.idl\n'}
[2.549284] (px4_msgs) StdoutLine: {'line': b'-- Up-to-date symlink: /home/maxim/super_ws/install/px4_msgs/share/px4_msgs/msg/GpsDump.idl\n'}
[2.549466] (px4_msgs) StdoutLine: {'line': b'-- Up-to-date symlink: /home/maxim/super_ws/install/px4_msgs/share/px4_msgs/msg/GpsInjectData.idl\n'}
[2.549847] (px4_msgs) StdoutLine: {'line': b'-- Up-to-date symlink: /home/maxim/super_ws/install/px4_msgs/share/px4_msgs/msg/Gripper.idl\n'}
[2.550021] (px4_msgs) StdoutLine: {'line': b'-- Up-to-date symlink: /home/maxim/super_ws/install/px4_msgs/share/px4_msgs/msg/HealthReport.idl\n'}
[2.550215] (px4_msgs) StdoutLine: {'line': b'-- Up-to-date symlink: /home/maxim/super_ws/install/px4_msgs/share/px4_msgs/msg/HeaterStatus.idl\n'}
[2.550446] (px4_msgs) StdoutLine: {'line': b'-- Up-to-date symlink: /home/maxim/super_ws/install/px4_msgs/share/px4_msgs/msg/HomePosition.idl\n'}
[2.550636] (px4_msgs) StdoutLine: {'line': b'-- Up-to-date symlink: /home/maxim/super_ws/install/px4_msgs/share/px4_msgs/msg/HoverThrustEstimate.idl\n'}
[2.550867] (px4_msgs) StdoutLine: {'line': b'-- Up-to-date symlink: /home/maxim/super_ws/install/px4_msgs/share/px4_msgs/msg/InputRc.idl\n'}
[2.551025] (px4_msgs) StdoutLine: {'line': b'-- Up-to-date symlink: /home/maxim/super_ws/install/px4_msgs/share/px4_msgs/msg/InternalCombustionEngineControl.idl\n'}
[2.551209] (px4_msgs) StdoutLine: {'line': b'-- Up-to-date symlink: /home/maxim/super_ws/install/px4_msgs/share/px4_msgs/msg/InternalCombustionEngineStatus.idl\n'}
[2.551404] (px4_msgs) StdoutLine: {'line': b'-- Up-to-date symlink: /home/maxim/super_ws/install/px4_msgs/share/px4_msgs/msg/IridiumsbdStatus.idl\n'}
[2.551556] (px4_msgs) StdoutLine: {'line': b'-- Up-to-date symlink: /home/maxim/super_ws/install/px4_msgs/share/px4_msgs/msg/IrlockReport.idl\n'}
[2.551728] (px4_msgs) StdoutLine: {'line': b'-- Up-to-date symlink: /home/maxim/super_ws/install/px4_msgs/share/px4_msgs/msg/LandingGear.idl\n'}
[2.551856] (px4_msgs) StdoutLine: {'line': b'-- Up-to-date symlink: /home/maxim/super_ws/install/px4_msgs/share/px4_msgs/msg/LandingGearWheel.idl\n'}
[2.552102] (px4_msgs) StdoutLine: {'line': b'-- Up-to-date symlink: /home/maxim/super_ws/install/px4_msgs/share/px4_msgs/msg/LandingTargetInnovations.idl\n'}
[2.552250] (px4_msgs) StdoutLine: {'line': b'-- Up-to-date symlink: /home/maxim/super_ws/install/px4_msgs/share/px4_msgs/msg/LandingTargetPose.idl\n'}
[2.552433] (px4_msgs) StdoutLine: {'line': b'-- Up-to-date symlink: /home/maxim/super_ws/install/px4_msgs/share/px4_msgs/msg/LateralControlConfiguration.idl\n'}
[2.552634] (px4_msgs) StdoutLine: {'line': b'-- Up-to-date symlink: /home/maxim/super_ws/install/px4_msgs/share/px4_msgs/msg/LaunchDetectionStatus.idl\n'}
[2.552834] (px4_msgs) StdoutLine: {'line': b'-- Up-to-date symlink: /home/maxim/super_ws/install/px4_msgs/share/px4_msgs/msg/LedControl.idl\n'}
[2.553006] (px4_msgs) StdoutLine: {'line': b'-- Up-to-date symlink: /home/maxim/super_ws/install/px4_msgs/share/px4_msgs/msg/LogMessage.idl\n'}
[2.553193] (px4_msgs) StdoutLine: {'line': b'-- Up-to-date symlink: /home/maxim/super_ws/install/px4_msgs/share/px4_msgs/msg/LoggerStatus.idl\n'}
[2.553372] (px4_msgs) StdoutLine: {'line': b'-- Up-to-date symlink: /home/maxim/super_ws/install/px4_msgs/share/px4_msgs/msg/LongitudinalControlConfiguration.idl\n'}
[2.553548] (px4_msgs) StdoutLine: {'line': b'-- Up-to-date symlink: /home/maxim/super_ws/install/px4_msgs/share/px4_msgs/msg/MagWorkerData.idl\n'}
[2.553744] (px4_msgs) StdoutLine: {'line': b'-- Up-to-date symlink: /home/maxim/super_ws/install/px4_msgs/share/px4_msgs/msg/MagnetometerBiasEstimate.idl\n'}
[2.554005] (px4_msgs) StdoutLine: {'line': b'-- Up-to-date symlink: /home/maxim/super_ws/install/px4_msgs/share/px4_msgs/msg/ManualControlSetpoint.idl\n'}
[2.554229] (px4_msgs) StdoutLine: {'line': b'-- Up-to-date symlink: /home/maxim/super_ws/install/px4_msgs/share/px4_msgs/msg/ManualControlSwitches.idl\n'}
[2.554447] (px4_msgs) StdoutLine: {'line': b'-- Up-to-date symlink: /home/maxim/super_ws/install/px4_msgs/share/px4_msgs/msg/MavlinkLog.idl\n'}
[2.554667] (px4_msgs) StdoutLine: {'line': b'-- Up-to-date symlink: /home/maxim/super_ws/install/px4_msgs/share/px4_msgs/msg/MavlinkTunnel.idl\n'}
[2.554898] (px4_msgs) StdoutLine: {'line': b'-- Up-to-date symlink: /home/maxim/super_ws/install/px4_msgs/share/px4_msgs/msg/MessageFormatRequest.idl\n'}
[2.555104] (px4_msgs) StdoutLine: {'line': b'-- Up-to-date symlink: /home/maxim/super_ws/install/px4_msgs/share/px4_msgs/msg/MessageFormatResponse.idl\n'}
[2.555311] (px4_msgs) StdoutLine: {'line': b'-- Up-to-date symlink: /home/maxim/super_ws/install/px4_msgs/share/px4_msgs/msg/Mission.idl\n'}
[2.555490] (px4_msgs) StdoutLine: {'line': b'-- Up-to-date symlink: /home/maxim/super_ws/install/px4_msgs/share/px4_msgs/msg/MissionResult.idl\n'}
[2.555677] (px4_msgs) StdoutLine: {'line': b'-- Up-to-date symlink: /home/maxim/super_ws/install/px4_msgs/share/px4_msgs/msg/ModeCompleted.idl\n'}
[2.555910] (px4_msgs) StdoutLine: {'line': b'-- Up-to-date symlink: /home/maxim/super_ws/install/px4_msgs/share/px4_msgs/msg/MountOrientation.idl\n'}
[2.556081] (px4_msgs) StdoutLine: {'line': b'-- Up-to-date symlink: /home/maxim/super_ws/install/px4_msgs/share/px4_msgs/msg/NavigatorMissionItem.idl\n'}
[2.556239] (px4_msgs) StdoutLine: {'line': b'-- Up-to-date symlink: /home/maxim/super_ws/install/px4_msgs/share/px4_msgs/msg/NavigatorStatus.idl\n'}
[2.556426] (px4_msgs) StdoutLine: {'line': b'-- Up-to-date symlink: /home/maxim/super_ws/install/px4_msgs/share/px4_msgs/msg/NeuralControl.idl\n'}
[2.556627] (px4_msgs) StdoutLine: {'line': b'-- Up-to-date symlink: /home/maxim/super_ws/install/px4_msgs/share/px4_msgs/msg/NormalizedUnsignedSetpoint.idl\n'}
[2.556802] (px4_msgs) StdoutLine: {'line': b'-- Up-to-date symlink: /home/maxim/super_ws/install/px4_msgs/share/px4_msgs/msg/ObstacleDistance.idl\n'}
[2.556971] (px4_msgs) StdoutLine: {'line': b'-- Up-to-date symlink: /home/maxim/super_ws/install/px4_msgs/share/px4_msgs/msg/OffboardControlMode.idl\n'}
[2.557082] (px4_msgs) StdoutLine: {'line': b'-- Up-to-date symlink: /home/maxim/super_ws/install/px4_msgs/share/px4_msgs/msg/OnboardComputerStatus.idl\n'}
[2.557276] (px4_msgs) StdoutLine: {'line': b'-- Up-to-date symlink: /home/maxim/super_ws/install/px4_msgs/share/px4_msgs/msg/OpenDroneIdArmStatus.idl\n'}
[2.557466] (px4_msgs) StdoutLine: {'line': b'-- Up-to-date symlink: /home/maxim/super_ws/install/px4_msgs/share/px4_msgs/msg/OpenDroneIdOperatorId.idl\n'}
[2.557705] (px4_msgs) StdoutLine: {'line': b'-- Up-to-date symlink: /home/maxim/super_ws/install/px4_msgs/share/px4_msgs/msg/OpenDroneIdSelfId.idl\n'}
[2.557933] (px4_msgs) StdoutLine: {'line': b'-- Up-to-date symlink: /home/maxim/super_ws/install/px4_msgs/share/px4_msgs/msg/OpenDroneIdSystem.idl\n'}
[2.558189] (px4_msgs) StdoutLine: {'line': b'-- Up-to-date symlink: /home/maxim/super_ws/install/px4_msgs/share/px4_msgs/msg/OrbTest.idl\n'}
[2.558436] (px4_msgs) StdoutLine: {'line': b'-- Up-to-date symlink: /home/maxim/super_ws/install/px4_msgs/share/px4_msgs/msg/OrbTestLarge.idl\n'}
[2.558685] (px4_msgs) StdoutLine: {'line': b'-- Up-to-date symlink: /home/maxim/super_ws/install/px4_msgs/share/px4_msgs/msg/OrbTestMedium.idl\n'}
[2.558955] (px4_msgs) StdoutLine: {'line': b'-- Up-to-date symlink: /home/maxim/super_ws/install/px4_msgs/share/px4_msgs/msg/OrbitStatus.idl\n'}
[2.559141] (px4_msgs) StdoutLine: {'line': b'-- Up-to-date symlink: /home/maxim/super_ws/install/px4_msgs/share/px4_msgs/msg/ParameterResetRequest.idl\n'}
[2.559355] (px4_msgs) StdoutLine: {'line': b'-- Up-to-date symlink: /home/maxim/super_ws/install/px4_msgs/share/px4_msgs/msg/ParameterSetUsedRequest.idl\n'}
[2.559586] (px4_msgs) StdoutLine: {'line': b'-- Up-to-date symlink: /home/maxim/super_ws/install/px4_msgs/share/px4_msgs/msg/ParameterSetValueRequest.idl\n'}
[2.559704] (px4_msgs) StdoutLine: {'line': b'-- Up-to-date symlink: /home/maxim/super_ws/install/px4_msgs/share/px4_msgs/msg/ParameterSetValueResponse.idl\n'}
[2.559958] (px4_msgs) StdoutLine: {'line': b'-- Up-to-date symlink: /home/maxim/super_ws/install/px4_msgs/share/px4_msgs/msg/ParameterUpdate.idl\n'}
[2.560218] (px4_msgs) StdoutLine: {'line': b'-- Up-to-date symlink: /home/maxim/super_ws/install/px4_msgs/share/px4_msgs/msg/Ping.idl\n'}
[2.560412] (px4_msgs) StdoutLine: {'line': b'-- Up-to-date symlink: /home/maxim/super_ws/install/px4_msgs/share/px4_msgs/msg/PositionControllerLandingStatus.idl\n'}
[2.560671] (px4_msgs) StdoutLine: {'line': b'-- Up-to-date symlink: /home/maxim/super_ws/install/px4_msgs/share/px4_msgs/msg/PositionControllerStatus.idl\n'}
[2.561127] (px4_msgs) StdoutLine: {'line': b'-- Up-to-date symlink: /home/maxim/super_ws/install/px4_msgs/share/px4_msgs/msg/PositionSetpoint.idl\n'}
[2.561260] (px4_msgs) StdoutLine: {'line': b'-- Up-to-date symlink: /home/maxim/super_ws/install/px4_msgs/share/px4_msgs/msg/PositionSetpointTriplet.idl\n'}
[2.561412] (px4_msgs) StdoutLine: {'line': b'-- Up-to-date symlink: /home/maxim/super_ws/install/px4_msgs/share/px4_msgs/msg/PowerButtonState.idl\n'}
[2.561707] (px4_msgs) StdoutLine: {'line': b'-- Up-to-date symlink: /home/maxim/super_ws/install/px4_msgs/share/px4_msgs/msg/PowerMonitor.idl\n'}
[2.561943] (px4_msgs) StdoutLine: {'line': b'-- Up-to-date symlink: /home/maxim/super_ws/install/px4_msgs/share/px4_msgs/msg/PpsCapture.idl\n'}
[2.562158] (px4_msgs) StdoutLine: {'line': b'-- Up-to-date symlink: /home/maxim/super_ws/install/px4_msgs/share/px4_msgs/msg/PrecLandStatus.idl\n'}
[2.562325] (px4_msgs) StdoutLine: {'line': b'-- Up-to-date symlink: /home/maxim/super_ws/install/px4_msgs/share/px4_msgs/msg/PurePursuitStatus.idl\n'}
[2.562544] (px4_msgs) StdoutLine: {'line': b'-- Up-to-date symlink: /home/maxim/super_ws/install/px4_msgs/share/px4_msgs/msg/PwmInput.idl\n'}
[2.562864] (px4_msgs) StdoutLine: {'line': b'-- Up-to-date symlink: /home/maxim/super_ws/install/px4_msgs/share/px4_msgs/msg/Px4ioStatus.idl\n'}
[2.563022] (px4_msgs) StdoutLine: {'line': b'-- Up-to-date symlink: /home/maxim/super_ws/install/px4_msgs/share/px4_msgs/msg/QshellReq.idl\n'}
[2.563146] (px4_msgs) StdoutLine: {'line': b'-- Up-to-date symlink: /home/maxim/super_ws/install/px4_msgs/share/px4_msgs/msg/QshellRetval.idl\n'}
[2.563258] (px4_msgs) StdoutLine: {'line': b'-- Up-to-date symlink: /home/maxim/super_ws/install/px4_msgs/share/px4_msgs/msg/RadioStatus.idl\n'}
[2.563483] (px4_msgs) StdoutLine: {'line': b'-- Up-to-date symlink: /home/maxim/super_ws/install/px4_msgs/share/px4_msgs/msg/RangingBeacon.idl\n'}
[2.563633] (px4_msgs) StdoutLine: {'line': b'-- Up-to-date symlink: /home/maxim/super_ws/install/px4_msgs/share/px4_msgs/msg/RaptorInput.idl\n'}
[2.563845] (px4_msgs) StdoutLine: {'line': b'-- Up-to-date symlink: /home/maxim/super_ws/install/px4_msgs/share/px4_msgs/msg/RaptorStatus.idl\n'}
[2.564001] (px4_msgs) StdoutLine: {'line': b'-- Up-to-date symlink: /home/maxim/super_ws/install/px4_msgs/share/px4_msgs/msg/RateCtrlStatus.idl\n'}
[2.564194] (px4_msgs) StdoutLine: {'line': b'-- Up-to-date symlink: /home/maxim/super_ws/install/px4_msgs/share/px4_msgs/msg/RcChannels.idl\n'}
[2.564378] (px4_msgs) StdoutLine: {'line': b'-- Up-to-date symlink: /home/maxim/super_ws/install/px4_msgs/share/px4_msgs/msg/RcParameterMap.idl\n'}
[2.564604] (px4_msgs) StdoutLine: {'line': b'-- Up-to-date symlink: /home/maxim/super_ws/install/px4_msgs/share/px4_msgs/msg/RegisterExtComponentReply.idl\n'}
[2.564753] (px4_msgs) StdoutLine: {'line': b'-- Up-to-date symlink: /home/maxim/super_ws/install/px4_msgs/share/px4_msgs/msg/RegisterExtComponentRequest.idl\n'}
[2.564977] (px4_msgs) StdoutLine: {'line': b'-- Up-to-date symlink: /home/maxim/super_ws/install/px4_msgs/share/px4_msgs/msg/RoverAttitudeSetpoint.idl\n'}
[2.565163] (px4_msgs) StdoutLine: {'line': b'-- Up-to-date symlink: /home/maxim/super_ws/install/px4_msgs/share/px4_msgs/msg/RoverAttitudeStatus.idl\n'}
[2.565346] (px4_msgs) StdoutLine: {'line': b'-- Up-to-date symlink: /home/maxim/super_ws/install/px4_msgs/share/px4_msgs/msg/RoverPositionSetpoint.idl\n'}
[2.565622] (px4_msgs) StdoutLine: {'line': b'-- Up-to-date symlink: /home/maxim/super_ws/install/px4_msgs/share/px4_msgs/msg/RoverRateSetpoint.idl\n'}
[2.565845] (px4_msgs) StdoutLine: {'line': b'-- Up-to-date symlink: /home/maxim/super_ws/install/px4_msgs/share/px4_msgs/msg/RoverRateStatus.idl\n'}
[2.566057] (px4_msgs) StdoutLine: {'line': b'-- Up-to-date symlink: /home/maxim/super_ws/install/px4_msgs/share/px4_msgs/msg/RoverSpeedSetpoint.idl\n'}
[2.566288] (px4_msgs) StdoutLine: {'line': b'-- Up-to-date symlink: /home/maxim/super_ws/install/px4_msgs/share/px4_msgs/msg/RoverSpeedStatus.idl\n'}
[2.566527] (px4_msgs) StdoutLine: {'line': b'-- Up-to-date symlink: /home/maxim/super_ws/install/px4_msgs/share/px4_msgs/msg/RoverSteeringSetpoint.idl\n'}
[2.566710] (px4_msgs) StdoutLine: {'line': b'-- Up-to-date symlink: /home/maxim/super_ws/install/px4_msgs/share/px4_msgs/msg/RoverThrottleSetpoint.idl\n'}
[2.566913] (px4_msgs) StdoutLine: {'line': b'-- Up-to-date symlink: /home/maxim/super_ws/install/px4_msgs/share/px4_msgs/msg/Rpm.idl\n'}
[2.567085] (px4_msgs) StdoutLine: {'line': b'-- Up-to-date symlink: /home/maxim/super_ws/install/px4_msgs/share/px4_msgs/msg/RtlStatus.idl\n'}
[2.567273] (px4_msgs) StdoutLine: {'line': b'-- Up-to-date symlink: /home/maxim/super_ws/install/px4_msgs/share/px4_msgs/msg/RtlTimeEstimate.idl\n'}
[2.567433] (px4_msgs) StdoutLine: {'line': b'-- Up-to-date symlink: /home/maxim/super_ws/install/px4_msgs/share/px4_msgs/msg/SatelliteInfo.idl\n'}
[2.567626] (px4_msgs) StdoutLine: {'line': b'-- Up-to-date symlink: /home/maxim/super_ws/install/px4_msgs/share/px4_msgs/msg/SensorAccel.idl\n'}
[2.567842] (px4_msgs) StdoutLine: {'line': b'-- Up-to-date symlink: /home/maxim/super_ws/install/px4_msgs/share/px4_msgs/msg/SensorAccelFifo.idl\n'}
[2.568066] (px4_msgs) StdoutLine: {'line': b'-- Up-to-date symlink: /home/maxim/super_ws/install/px4_msgs/share/px4_msgs/msg/SensorAirflow.idl\n'}
[2.568207] (px4_msgs) StdoutLine: {'line': b'-- Up-to-date symlink: /home/maxim/super_ws/install/px4_msgs/share/px4_msgs/msg/SensorBaro.idl\n'}
[2.568372] (px4_msgs) StdoutLine: {'line': b'-- Up-to-date symlink: /home/maxim/super_ws/install/px4_msgs/share/px4_msgs/msg/SensorCombined.idl\n'}
[2.568475] (px4_msgs) StdoutLine: {'line': b'-- Up-to-date symlink: /home/maxim/super_ws/install/px4_msgs/share/px4_msgs/msg/SensorCorrection.idl\n'}
[2.568654] (px4_msgs) StdoutLine: {'line': b'-- Up-to-date symlink: /home/maxim/super_ws/install/px4_msgs/share/px4_msgs/msg/SensorGnssRelative.idl\n'}
[2.568848] (px4_msgs) StdoutLine: {'line': b'-- Up-to-date symlink: /home/maxim/super_ws/install/px4_msgs/share/px4_msgs/msg/SensorGnssStatus.idl\n'}
[2.569030] (px4_msgs) StdoutLine: {'line': b'-- Up-to-date symlink: /home/maxim/super_ws/install/px4_msgs/share/px4_msgs/msg/SensorGps.idl\n'}
[2.569204] (px4_msgs) StdoutLine: {'line': b'-- Up-to-date symlink: /home/maxim/super_ws/install/px4_msgs/share/px4_msgs/msg/SensorGyro.idl\n'}
[2.569368] (px4_msgs) StdoutLine: {'line': b'-- Up-to-date symlink: /home/maxim/super_ws/install/px4_msgs/share/px4_msgs/msg/SensorGyroFft.idl\n'}
[2.569542] (px4_msgs) StdoutLine: {'line': b'-- Up-to-date symlink: /home/maxim/super_ws/install/px4_msgs/share/px4_msgs/msg/SensorGyroFifo.idl\n'}
[2.569805] (px4_msgs) StdoutLine: {'line': b'-- Up-to-date symlink: /home/maxim/super_ws/install/px4_msgs/share/px4_msgs/msg/SensorHygrometer.idl\n'}
[2.570183] (px4_msgs) StdoutLine: {'line': b'-- Up-to-date symlink: /home/maxim/super_ws/install/px4_msgs/share/px4_msgs/msg/SensorMag.idl\n'}
[2.570351] (px4_msgs) StdoutLine: {'line': b'-- Up-to-date symlink: /home/maxim/super_ws/install/px4_msgs/share/px4_msgs/msg/SensorOpticalFlow.idl\n'}
[2.570565] (px4_msgs) StdoutLine: {'line': b'-- Up-to-date symlink: /home/maxim/super_ws/install/px4_msgs/share/px4_msgs/msg/SensorPreflightMag.idl\n'}
[2.570763] (px4_msgs) StdoutLine: {'line': b'-- Up-to-date symlink: /home/maxim/super_ws/install/px4_msgs/share/px4_msgs/msg/SensorSelection.idl\n'}
[2.570944] (px4_msgs) StdoutLine: {'line': b'-- Up-to-date symlink: /home/maxim/super_ws/install/px4_msgs/share/px4_msgs/msg/SensorTemp.idl\n'}
[2.571223] (px4_msgs) StdoutLine: {'line': b'-- Up-to-date symlink: /home/maxim/super_ws/install/px4_msgs/share/px4_msgs/msg/SensorUwb.idl\n'}
[2.571391] (px4_msgs) StdoutLine: {'line': b'-- Up-to-date symlink: /home/maxim/super_ws/install/px4_msgs/share/px4_msgs/msg/SensorsStatus.idl\n'}
[2.571540] (px4_msgs) StdoutLine: {'line': b'-- Up-to-date symlink: /home/maxim/super_ws/install/px4_msgs/share/px4_msgs/msg/SensorsStatusImu.idl\n'}
[2.571649] (px4_msgs) StdoutLine: {'line': b'-- Up-to-date symlink: /home/maxim/super_ws/install/px4_msgs/share/px4_msgs/msg/SystemPower.idl\n'}
[2.571793] (px4_msgs) StdoutLine: {'line': b'-- Up-to-date symlink: /home/maxim/super_ws/install/px4_msgs/share/px4_msgs/msg/TakeoffStatus.idl\n'}
[2.571940] (px4_msgs) StdoutLine: {'line': b'-- Up-to-date symlink: /home/maxim/super_ws/install/px4_msgs/share/px4_msgs/msg/TargetGnss.idl\n'}
[2.572052] (px4_msgs) StdoutLine: {'line': b'-- Up-to-date symlink: /home/maxim/super_ws/install/px4_msgs/share/px4_msgs/msg/TaskStackInfo.idl\n'}
[2.572223] (px4_msgs) StdoutLine: {'line': b'-- Up-to-date symlink: /home/maxim/super_ws/install/px4_msgs/share/px4_msgs/msg/TecsStatus.idl\n'}
[2.572373] (px4_msgs) StdoutLine: {'line': b'-- Up-to-date symlink: /home/maxim/super_ws/install/px4_msgs/share/px4_msgs/msg/TelemetryStatus.idl\n'}
[2.572557] (px4_msgs) StdoutLine: {'line': b'-- Up-to-date symlink: /home/maxim/super_ws/install/px4_msgs/share/px4_msgs/msg/TiltrotorExtraControls.idl\n'}
[2.572687] (px4_msgs) StdoutLine: {'line': b'-- Up-to-date symlink: /home/maxim/super_ws/install/px4_msgs/share/px4_msgs/msg/TimesyncStatus.idl\n'}
[2.572904] (px4_msgs) StdoutLine: {'line': b'-- Up-to-date symlink: /home/maxim/super_ws/install/px4_msgs/share/px4_msgs/msg/TrajectorySetpoint.idl\n'}
[2.573089] (px4_msgs) StdoutLine: {'line': b'-- Up-to-date symlink: /home/maxim/super_ws/install/px4_msgs/share/px4_msgs/msg/TrajectorySetpoint6dof.idl\n'}
[2.573268] (px4_msgs) StdoutLine: {'line': b'-- Up-to-date symlink: /home/maxim/super_ws/install/px4_msgs/share/px4_msgs/msg/TransponderReport.idl\n'}
[2.573477] (px4_msgs) StdoutLine: {'line': b'-- Up-to-date symlink: /home/maxim/super_ws/install/px4_msgs/share/px4_msgs/msg/TuneControl.idl\n'}
[2.573646] (px4_msgs) StdoutLine: {'line': b'-- Up-to-date symlink: /home/maxim/super_ws/install/px4_msgs/share/px4_msgs/msg/UavcanParameterRequest.idl\n'}
[2.573769] (px4_msgs) StdoutLine: {'line': b'-- Up-to-date symlink: /home/maxim/super_ws/install/px4_msgs/share/px4_msgs/msg/UavcanParameterValue.idl\n'}
[2.573914] (px4_msgs) StdoutLine: {'line': b'-- Up-to-date symlink: /home/maxim/super_ws/install/px4_msgs/share/px4_msgs/msg/UlogStream.idl\n'}
[2.574083] (px4_msgs) StdoutLine: {'line': b'-- Up-to-date symlink: /home/maxim/super_ws/install/px4_msgs/share/px4_msgs/msg/UlogStreamAck.idl\n'}
[2.574328] (px4_msgs) StdoutLine: {'line': b'-- Up-to-date symlink: /home/maxim/super_ws/install/px4_msgs/share/px4_msgs/msg/UnregisterExtComponent.idl\n'}
[2.574545] (px4_msgs) StdoutLine: {'line': b'-- Up-to-date symlink: /home/maxim/super_ws/install/px4_msgs/share/px4_msgs/msg/VehicleAcceleration.idl\n'}
[2.574701] (px4_msgs) StdoutLine: {'line': b'-- Up-to-date symlink: /home/maxim/super_ws/install/px4_msgs/share/px4_msgs/msg/VehicleAirData.idl\n'}
[2.574931] (px4_msgs) StdoutLine: {'line': b'-- Up-to-date symlink: /home/maxim/super_ws/install/px4_msgs/share/px4_msgs/msg/VehicleAngularAccelerationSetpoint.idl\n'}
[2.575097] (px4_msgs) StdoutLine: {'line': b'-- Up-to-date symlink: /home/maxim/super_ws/install/px4_msgs/share/px4_msgs/msg/VehicleAngularVelocity.idl\n'}
[2.575303] (px4_msgs) StdoutLine: {'line': b'-- Up-to-date symlink: /home/maxim/super_ws/install/px4_msgs/share/px4_msgs/msg/VehicleAttitude.idl\n'}
[2.575443] (px4_msgs) StdoutLine: {'line': b'-- Up-to-date symlink: /home/maxim/super_ws/install/px4_msgs/share/px4_msgs/msg/VehicleAttitudeSetpoint.idl\n'}
[2.575642] (px4_msgs) StdoutLine: {'line': b'-- Up-to-date symlink: /home/maxim/super_ws/install/px4_msgs/share/px4_msgs/msg/VehicleCommand.idl\n'}
[2.575772] (px4_msgs) StdoutLine: {'line': b'-- Up-to-date symlink: /home/maxim/super_ws/install/px4_msgs/share/px4_msgs/msg/VehicleCommandAck.idl\n'}
[2.575896] (px4_msgs) StdoutLine: {'line': b'-- Up-to-date symlink: /home/maxim/super_ws/install/px4_msgs/share/px4_msgs/msg/VehicleConstraints.idl\n'}
[2.576041] (px4_msgs) StdoutLine: {'line': b'-- Up-to-date symlink: /home/maxim/super_ws/install/px4_msgs/share/px4_msgs/msg/VehicleControlMode.idl\n'}
[2.576252] (px4_msgs) StdoutLine: {'line': b'-- Up-to-date symlink: /home/maxim/super_ws/install/px4_msgs/share/px4_msgs/msg/VehicleGlobalPosition.idl\n'}
[2.576413] (px4_msgs) StdoutLine: {'line': b'-- Up-to-date symlink: /home/maxim/super_ws/install/px4_msgs/share/px4_msgs/msg/VehicleImu.idl\n'}
[2.576641] (px4_msgs) StdoutLine: {'line': b'-- Up-to-date symlink: /home/maxim/super_ws/install/px4_msgs/share/px4_msgs/msg/VehicleImuStatus.idl\n'}
[2.576826] (px4_msgs) StdoutLine: {'line': b'-- Up-to-date symlink: /home/maxim/super_ws/install/px4_msgs/share/px4_msgs/msg/VehicleLandDetected.idl\n'}
[2.577010] (px4_msgs) StdoutLine: {'line': b'-- Up-to-date symlink: /home/maxim/super_ws/install/px4_msgs/share/px4_msgs/msg/VehicleLocalPosition.idl\n'}
[2.577195] (px4_msgs) StdoutLine: {'line': b'-- Up-to-date symlink: /home/maxim/super_ws/install/px4_msgs/share/px4_msgs/msg/VehicleLocalPositionSetpoint.idl\n'}
[2.577434] (px4_msgs) StdoutLine: {'line': b'-- Up-to-date symlink: /home/maxim/super_ws/install/px4_msgs/share/px4_msgs/msg/VehicleMagnetometer.idl\n'}
[2.577620] (px4_msgs) StdoutLine: {'line': b'-- Up-to-date symlink: /home/maxim/super_ws/install/px4_msgs/share/px4_msgs/msg/VehicleOdometry.idl\n'}
[2.577720] (px4_msgs) StdoutLine: {'line': b'-- Up-to-date symlink: /home/maxim/super_ws/install/px4_msgs/share/px4_msgs/msg/VehicleOpticalFlow.idl\n'}
[2.577944] (px4_msgs) StdoutLine: {'line': b'-- Up-to-date symlink: /home/maxim/super_ws/install/px4_msgs/share/px4_msgs/msg/VehicleOpticalFlowVel.idl\n'}
[2.578605] (px4_msgs) StdoutLine: {'line': b'-- Up-to-date symlink: /home/maxim/super_ws/install/px4_msgs/share/px4_msgs/msg/VehicleRatesSetpoint.idl\n'}
[2.578707] (px4_msgs) StdoutLine: {'line': b'-- Up-to-date symlink: /home/maxim/super_ws/install/px4_msgs/share/px4_msgs/msg/VehicleRoi.idl\n'}
[2.578800] (px4_msgs) StdoutLine: {'line': b'-- Up-to-date symlink: /home/maxim/super_ws/install/px4_msgs/share/px4_msgs/msg/VehicleStatus.idl\n'}
[2.578883] (px4_msgs) StdoutLine: {'line': b'-- Up-to-date symlink: /home/maxim/super_ws/install/px4_msgs/share/px4_msgs/msg/VehicleThrustSetpoint.idl\n'}
[2.578941] (px4_msgs) StdoutLine: {'line': b'-- Up-to-date symlink: /home/maxim/super_ws/install/px4_msgs/share/px4_msgs/msg/VehicleTorqueSetpoint.idl\n'}
[2.579018] (px4_msgs) StdoutLine: {'line': b'-- Up-to-date symlink: /home/maxim/super_ws/install/px4_msgs/share/px4_msgs/msg/VelocityLimits.idl\n'}
[2.579164] (px4_msgs) StdoutLine: {'line': b'-- Up-to-date symlink: /home/maxim/super_ws/install/px4_msgs/share/px4_msgs/msg/VteAidSource1d.idl\n'}
[2.579310] (px4_msgs) StdoutLine: {'line': b'-- Up-to-date symlink: /home/maxim/super_ws/install/px4_msgs/share/px4_msgs/msg/VteAidSource3d.idl\n'}
[2.579472] (px4_msgs) StdoutLine: {'line': b'-- Up-to-date symlink: /home/maxim/super_ws/install/px4_msgs/share/px4_msgs/msg/VteBiasInitStatus.idl\n'}
[2.579612] (px4_msgs) StdoutLine: {'line': b'-- Up-to-date symlink: /home/maxim/super_ws/install/px4_msgs/share/px4_msgs/msg/VteInput.idl\n'}
[2.579750] (px4_msgs) StdoutLine: {'line': b'-- Up-to-date symlink: /home/maxim/super_ws/install/px4_msgs/share/px4_msgs/msg/VteOrientation.idl\n'}
[2.579890] (px4_msgs) StdoutLine: {'line': b'-- Up-to-date symlink: /home/maxim/super_ws/install/px4_msgs/share/px4_msgs/msg/VtePosition.idl\n'}
[2.580345] (px4_msgs) StdoutLine: {'line': b'-- Up-to-date symlink: /home/maxim/super_ws/install/px4_msgs/share/px4_msgs/msg/VtolVehicleStatus.idl\n'}
[2.580498] (px4_msgs) StdoutLine: {'line': b'-- Up-to-date symlink: /home/maxim/super_ws/install/px4_msgs/share/px4_msgs/msg/Vtx.idl\n'}
[2.580586] (px4_msgs) StdoutLine: {'line': b'-- Up-to-date symlink: /home/maxim/super_ws/install/px4_msgs/share/px4_msgs/msg/WheelEncoders.idl\n'}
[2.580684] (px4_msgs) StdoutLine: {'line': b'-- Up-to-date symlink: /home/maxim/super_ws/install/px4_msgs/share/px4_msgs/msg/Wind.idl\n'}
[2.580875] (px4_msgs) StdoutLine: {'line': b'-- Up-to-date symlink: /home/maxim/super_ws/install/px4_msgs/share/px4_msgs/msg/YawEstimatorStatus.idl\n'}
[2.580989] (px4_msgs) StdoutLine: {'line': b'-- Up-to-date symlink: /home/maxim/super_ws/install/px4_msgs/share/px4_msgs/srv/VehicleCommand.idl\n'}
[2.581113] (px4_msgs) StdoutLine: {'line': b'-- Up-to-date symlink: /home/maxim/super_ws/install/px4_msgs/share/px4_msgs/msg/ActionRequest.msg\n'}
[2.581243] (px4_msgs) StdoutLine: {'line': b'-- Up-to-date symlink: /home/maxim/super_ws/install/px4_msgs/share/px4_msgs/msg/ActuatorArmed.msg\n'}
[2.581409] (px4_msgs) StdoutLine: {'line': b'-- Up-to-date symlink: /home/maxim/super_ws/install/px4_msgs/share/px4_msgs/msg/ActuatorControlsStatus.msg\n'}
[2.581510] (px4_msgs) StdoutLine: {'line': b'-- Up-to-date symlink: /home/maxim/super_ws/install/px4_msgs/share/px4_msgs/msg/ActuatorMotors.msg\n'}
[2.581664] (px4_msgs) StdoutLine: {'line': b'-- Up-to-date symlink: /home/maxim/super_ws/install/px4_msgs/share/px4_msgs/msg/ActuatorOutputs.msg\n'}
[2.581886] (px4_msgs) StdoutLine: {'line': b'-- Up-to-date symlink: /home/maxim/super_ws/install/px4_msgs/share/px4_msgs/msg/ActuatorServos.msg\n'}
[2.581991] (px4_msgs) StdoutLine: {'line': b'-- Up-to-date symlink: /home/maxim/super_ws/install/px4_msgs/share/px4_msgs/msg/ActuatorServosTrim.msg\n'}
[2.582064] (px4_msgs) StdoutLine: {'line': b'-- Up-to-date symlink: /home/maxim/super_ws/install/px4_msgs/share/px4_msgs/msg/ActuatorTest.msg\n'}
[2.582211] (px4_msgs) StdoutLine: {'line': b'-- Up-to-date symlink: /home/maxim/super_ws/install/px4_msgs/share/px4_msgs/msg/AdcReport.msg\n'}
[2.582378] (px4_msgs) StdoutLine: {'line': b'-- Up-to-date symlink: /home/maxim/super_ws/install/px4_msgs/share/px4_msgs/msg/Airspeed.msg\n'}
[2.582502] (px4_msgs) StdoutLine: {'line': b'-- Up-to-date symlink: /home/maxim/super_ws/install/px4_msgs/share/px4_msgs/msg/AirspeedValidated.msg\n'}
[2.582608] (px4_msgs) StdoutLine: {'line': b'-- Up-to-date symlink: /home/maxim/super_ws/install/px4_msgs/share/px4_msgs/msg/AirspeedWind.msg\n'}
[2.582810] (px4_msgs) StdoutLine: {'line': b'-- Up-to-date symlink: /home/maxim/super_ws/install/px4_msgs/share/px4_msgs/msg/ArmingCheckReply.msg\n'}
[2.582896] (px4_msgs) StdoutLine: {'line': b'-- Up-to-date symlink: /home/maxim/super_ws/install/px4_msgs/share/px4_msgs/msg/ArmingCheckRequest.msg\n'}
[2.582995] (px4_msgs) StdoutLine: {'line': b'-- Up-to-date symlink: /home/maxim/super_ws/install/px4_msgs/share/px4_msgs/msg/AutotuneAttitudeControlStatus.msg\n'}
[2.583114] (px4_msgs) StdoutLine: {'line': b'-- Up-to-date symlink: /home/maxim/super_ws/install/px4_msgs/share/px4_msgs/msg/AuxGlobalPosition.msg\n'}
[2.583243] (px4_msgs) StdoutLine: {'line': b'-- Up-to-date symlink: /home/maxim/super_ws/install/px4_msgs/share/px4_msgs/msg/BatteryInfo.msg\n'}
[2.583355] (px4_msgs) StdoutLine: {'line': b'-- Up-to-date symlink: /home/maxim/super_ws/install/px4_msgs/share/px4_msgs/msg/BatteryStatus.msg\n'}
[2.583519] (px4_msgs) StdoutLine: {'line': b'-- Up-to-date symlink: /home/maxim/super_ws/install/px4_msgs/share/px4_msgs/msg/ButtonEvent.msg\n'}
[2.583625] (px4_msgs) StdoutLine: {'line': b'-- Up-to-date symlink: /home/maxim/super_ws/install/px4_msgs/share/px4_msgs/msg/CameraCapture.msg\n'}
[2.583706] (px4_msgs) StdoutLine: {'line': b'-- Up-to-date symlink: /home/maxim/super_ws/install/px4_msgs/share/px4_msgs/msg/CameraStatus.msg\n'}
[2.583894] (px4_msgs) StdoutLine: {'line': b'-- Up-to-date symlink: /home/maxim/super_ws/install/px4_msgs/share/px4_msgs/msg/CameraTrigger.msg\n'}
[2.583975] (px4_msgs) StdoutLine: {'line': b'-- Up-to-date symlink: /home/maxim/super_ws/install/px4_msgs/share/px4_msgs/msg/CanInterfaceStatus.msg\n'}
[2.584092] (px4_msgs) StdoutLine: {'line': b'-- Up-to-date symlink: /home/maxim/super_ws/install/px4_msgs/share/px4_msgs/msg/CellularStatus.msg\n'}
[2.584255] (px4_msgs) StdoutLine: {'line': b'-- Up-to-date symlink: /home/maxim/super_ws/install/px4_msgs/share/px4_msgs/msg/CollisionConstraints.msg\n'}
[2.584348] (px4_msgs) StdoutLine: {'line': b'-- Up-to-date symlink: /home/maxim/super_ws/install/px4_msgs/share/px4_msgs/msg/ConfigOverrides.msg\n'}
[2.584485] (px4_msgs) StdoutLine: {'line': b'-- Up-to-date symlink: /home/maxim/super_ws/install/px4_msgs/share/px4_msgs/msg/ControlAllocatorStatus.msg\n'}
[2.584603] (px4_msgs) StdoutLine: {'line': b'-- Up-to-date symlink: /home/maxim/super_ws/install/px4_msgs/share/px4_msgs/msg/Cpuload.msg\n'}
[2.584719] (px4_msgs) StdoutLine: {'line': b'-- Up-to-date symlink: /home/maxim/super_ws/install/px4_msgs/share/px4_msgs/msg/DatamanRequest.msg\n'}
[2.584843] (px4_msgs) StdoutLine: {'line': b'-- Up-to-date symlink: /home/maxim/super_ws/install/px4_msgs/share/px4_msgs/msg/DatamanResponse.msg\n'}
[2.584998] (px4_msgs) StdoutLine: {'line': b'-- Up-to-date symlink: /home/maxim/super_ws/install/px4_msgs/share/px4_msgs/msg/DebugArray.msg\n'}
[2.585084] (px4_msgs) StdoutLine: {'line': b'-- Up-to-date symlink: /home/maxim/super_ws/install/px4_msgs/share/px4_msgs/msg/DebugKeyValue.msg\n'}
[2.585195] (px4_msgs) StdoutLine: {'line': b'-- Up-to-date symlink: /home/maxim/super_ws/install/px4_msgs/share/px4_msgs/msg/DebugValue.msg\n'}
[2.585307] (px4_msgs) StdoutLine: {'line': b'-- Up-to-date symlink: /home/maxim/super_ws/install/px4_msgs/share/px4_msgs/msg/DebugVect.msg\n'}
[2.585437] (px4_msgs) StdoutLine: {'line': b'-- Up-to-date symlink: /home/maxim/super_ws/install/px4_msgs/share/px4_msgs/msg/DeviceInformation.msg\n'}
[2.585583] (px4_msgs) StdoutLine: {'line': b'-- Up-to-date symlink: /home/maxim/super_ws/install/px4_msgs/share/px4_msgs/msg/DifferentialPressure.msg\n'}
[2.585692] (px4_msgs) StdoutLine: {'line': b'-- Up-to-date symlink: /home/maxim/super_ws/install/px4_msgs/share/px4_msgs/msg/DistanceSensor.msg\n'}
[2.585865] (px4_msgs) StdoutLine: {'line': b'-- Up-to-date symlink: /home/maxim/super_ws/install/px4_msgs/share/px4_msgs/msg/DistanceSensorModeChangeRequest.msg\n'}
[2.586067] (px4_msgs) StdoutLine: {'line': b'-- Up-to-date symlink: /home/maxim/super_ws/install/px4_msgs/share/px4_msgs/msg/DronecanNodeStatus.msg\n'}
[2.586179] (px4_msgs) StdoutLine: {'line': b'-- Up-to-date symlink: /home/maxim/super_ws/install/px4_msgs/share/px4_msgs/msg/Ekf2Timestamps.msg\n'}
[2.586284] (px4_msgs) StdoutLine: {'line': b'-- Up-to-date symlink: /home/maxim/super_ws/install/px4_msgs/share/px4_msgs/msg/EscEepromRead.msg\n'}
[2.586435] (px4_msgs) StdoutLine: {'line': b'-- Up-to-date symlink: /home/maxim/super_ws/install/px4_msgs/share/px4_msgs/msg/EscEepromWrite.msg\n'}
[2.586563] (px4_msgs) StdoutLine: {'line': b'-- Up-to-date symlink: /home/maxim/super_ws/install/px4_msgs/share/px4_msgs/msg/EscReport.msg\n'}
[2.586651] (px4_msgs) StdoutLine: {'line': b'-- Up-to-date symlink: /home/maxim/super_ws/install/px4_msgs/share/px4_msgs/msg/EscStatus.msg\n'}
[2.586809] (px4_msgs) StdoutLine: {'line': b'-- Up-to-date symlink: /home/maxim/super_ws/install/px4_msgs/share/px4_msgs/msg/EstimatorAidSource1d.msg\n'}
[2.586956] (px4_msgs) StdoutLine: {'line': b'-- Up-to-date symlink: /home/maxim/super_ws/install/px4_msgs/share/px4_msgs/msg/EstimatorAidSource2d.msg\n'}
[2.587068] (px4_msgs) StdoutLine: {'line': b'-- Up-to-date symlink: /home/maxim/super_ws/install/px4_msgs/share/px4_msgs/msg/EstimatorAidSource3d.msg\n'}
[2.587184] (px4_msgs) StdoutLine: {'line': b'-- Up-to-date symlink: /home/maxim/super_ws/install/px4_msgs/share/px4_msgs/msg/EstimatorBias.msg\n'}
[2.587301] (px4_msgs) StdoutLine: {'line': b'-- Up-to-date symlink: /home/maxim/super_ws/install/px4_msgs/share/px4_msgs/msg/EstimatorBias3d.msg\n'}
[2.587442] (px4_msgs) StdoutLine: {'line': b'-- Up-to-date symlink: /home/maxim/super_ws/install/px4_msgs/share/px4_msgs/msg/EstimatorEventFlags.msg\n'}
[2.587594] (px4_msgs) StdoutLine: {'line': b'-- Up-to-date symlink: /home/maxim/super_ws/install/px4_msgs/share/px4_msgs/msg/EstimatorFusionControl.msg\n'}
[2.587726] (px4_msgs) StdoutLine: {'line': b'-- Up-to-date symlink: /home/maxim/super_ws/install/px4_msgs/share/px4_msgs/msg/EstimatorGpsStatus.msg\n'}
[2.587904] (px4_msgs) StdoutLine: {'line': b'-- Up-to-date symlink: /home/maxim/super_ws/install/px4_msgs/share/px4_msgs/msg/EstimatorInnovations.msg\n'}
[2.588046] (px4_msgs) StdoutLine: {'line': b'-- Up-to-date symlink: /home/maxim/super_ws/install/px4_msgs/share/px4_msgs/msg/EstimatorSelectorStatus.msg\n'}
[2.588184] (px4_msgs) StdoutLine: {'line': b'-- Up-to-date symlink: /home/maxim/super_ws/install/px4_msgs/share/px4_msgs/msg/EstimatorSensorBias.msg\n'}
[2.588476] (px4_msgs) StdoutLine: {'line': b'-- Up-to-date symlink: /home/maxim/super_ws/install/px4_msgs/share/px4_msgs/msg/EstimatorStates.msg\n'}
[2.588622] (px4_msgs) StdoutLine: {'line': b'-- Up-to-date symlink: /home/maxim/super_ws/install/px4_msgs/share/px4_msgs/msg/EstimatorStatus.msg\n'}
[2.588831] (px4_msgs) StdoutLine: {'line': b'-- Up-to-date symlink: /home/maxim/super_ws/install/px4_msgs/share/px4_msgs/msg/EstimatorStatusFlags.msg\n'}
[2.588944] (px4_msgs) StdoutLine: {'line': b'-- Up-to-date symlink: /home/maxim/super_ws/install/px4_msgs/share/px4_msgs/msg/Event.msg\n'}
[2.589050] (px4_msgs) StdoutLine: {'line': b'-- Up-to-date symlink: /home/maxim/super_ws/install/px4_msgs/share/px4_msgs/msg/FailsafeFlags.msg\n'}
[2.589296] (px4_msgs) StdoutLine: {'line': b'-- Up-to-date symlink: /home/maxim/super_ws/install/px4_msgs/share/px4_msgs/msg/FailureDetectorStatus.msg\n'}
[2.589465] (px4_msgs) StdoutLine: {'line': b'-- Up-to-date symlink: /home/maxim/super_ws/install/px4_msgs/share/px4_msgs/msg/FiducialMarkerPosReport.msg\n'}
[2.589628] (px4_msgs) StdoutLine: {'line': b'-- Up-to-date symlink: /home/maxim/super_ws/install/px4_msgs/share/px4_msgs/msg/FiducialMarkerYawReport.msg\n'}
[2.589746] (px4_msgs) StdoutLine: {'line': b'-- Up-to-date symlink: /home/maxim/super_ws/install/px4_msgs/share/px4_msgs/msg/FigureEightStatus.msg\n'}
[2.589871] (px4_msgs) StdoutLine: {'line': b'-- Up-to-date symlink: /home/maxim/super_ws/install/px4_msgs/share/px4_msgs/msg/FixedWingLateralGuidanceStatus.msg\n'}
[2.590107] (px4_msgs) StdoutLine: {'line': b'-- Up-to-date symlink: /home/maxim/super_ws/install/px4_msgs/share/px4_msgs/msg/FixedWingLateralSetpoint.msg\n'}
[2.590213] (px4_msgs) StdoutLine: {'line': b'-- Up-to-date symlink: /home/maxim/super_ws/install/px4_msgs/share/px4_msgs/msg/FixedWingLateralStatus.msg\n'}
[2.590342] (px4_msgs) StdoutLine: {'line': b'-- Up-to-date symlink: /home/maxim/super_ws/install/px4_msgs/share/px4_msgs/msg/FixedWingLongitudinalSetpoint.msg\n'}
[2.590539] (px4_msgs) StdoutLine: {'line': b'-- Up-to-date symlink: /home/maxim/super_ws/install/px4_msgs/share/px4_msgs/msg/FixedWingRunwayControl.msg\n'}
[2.590635] (px4_msgs) StdoutLine: {'line': b'-- Up-to-date symlink: /home/maxim/super_ws/install/px4_msgs/share/px4_msgs/msg/FlightPhaseEstimation.msg\n'}
[2.590768] (px4_msgs) StdoutLine: {'line': b'-- Up-to-date symlink: /home/maxim/super_ws/install/px4_msgs/share/px4_msgs/msg/FollowTarget.msg\n'}
[2.590941] (px4_msgs) StdoutLine: {'line': b'-- Up-to-date symlink: /home/maxim/super_ws/install/px4_msgs/share/px4_msgs/msg/FollowTargetEstimator.msg\n'}
[2.591047] (px4_msgs) StdoutLine: {'line': b'-- Up-to-date symlink: /home/maxim/super_ws/install/px4_msgs/share/px4_msgs/msg/FollowTargetStatus.msg\n'}
[2.591163] (px4_msgs) StdoutLine: {'line': b'-- Up-to-date symlink: /home/maxim/super_ws/install/px4_msgs/share/px4_msgs/msg/FuelTankStatus.msg\n'}
[2.591278] (px4_msgs) StdoutLine: {'line': b'-- Up-to-date symlink: /home/maxim/super_ws/install/px4_msgs/share/px4_msgs/msg/GainCompression.msg\n'}
[2.591421] (px4_msgs) StdoutLine: {'line': b'-- Up-to-date symlink: /home/maxim/super_ws/install/px4_msgs/share/px4_msgs/msg/GeneratorStatus.msg\n'}
[2.591507] (px4_msgs) StdoutLine: {'line': b'-- Up-to-date symlink: /home/maxim/super_ws/install/px4_msgs/share/px4_msgs/msg/GeofenceResult.msg\n'}
[2.591622] (px4_msgs) StdoutLine: {'line': b'-- Up-to-date symlink: /home/maxim/super_ws/install/px4_msgs/share/px4_msgs/msg/GeofenceStatus.msg\n'}
[2.591739] (px4_msgs) StdoutLine: {'line': b'-- Up-to-date symlink: /home/maxim/super_ws/install/px4_msgs/share/px4_msgs/msg/GimbalControls.msg\n'}
[2.591956] (px4_msgs) StdoutLine: {'line': b'-- Up-to-date symlink: /home/maxim/super_ws/install/px4_msgs/share/px4_msgs/msg/GimbalDeviceAttitudeStatus.msg\n'}
[2.592097] (px4_msgs) StdoutLine: {'line': b'-- Up-to-date symlink: /home/maxim/super_ws/install/px4_msgs/share/px4_msgs/msg/GimbalDeviceInformation.msg\n'}
[2.592291] (px4_msgs) StdoutLine: {'line': b'-- Up-to-date symlink: /home/maxim/super_ws/install/px4_msgs/share/px4_msgs/msg/GimbalDeviceSetAttitude.msg\n'}
[2.592498] (px4_msgs) StdoutLine: {'line': b'-- Up-to-date symlink: /home/maxim/super_ws/install/px4_msgs/share/px4_msgs/msg/GimbalManagerInformation.msg\n'}
[2.592615] (px4_msgs) StdoutLine: {'line': b'-- Up-to-date symlink: /home/maxim/super_ws/install/px4_msgs/share/px4_msgs/msg/GimbalManagerSetAttitude.msg\n'}
[2.592830] (px4_msgs) StdoutLine: {'line': b'-- Up-to-date symlink: /home/maxim/super_ws/install/px4_msgs/share/px4_msgs/msg/GimbalManagerSetManualControl.msg\n'}
[2.593009] (px4_msgs) StdoutLine: {'line': b'-- Up-to-date symlink: /home/maxim/super_ws/install/px4_msgs/share/px4_msgs/msg/GimbalManagerStatus.msg\n'}
[2.593130] (px4_msgs) StdoutLine: {'line': b'-- Up-to-date symlink: /home/maxim/super_ws/install/px4_msgs/share/px4_msgs/msg/GotoSetpoint.msg\n'}
[2.593247] (px4_msgs) StdoutLine: {'line': b'-- Up-to-date symlink: /home/maxim/super_ws/install/px4_msgs/share/px4_msgs/msg/GpioConfig.msg\n'}
[2.593329] (px4_msgs) StdoutLine: {'line': b'-- Up-to-date symlink: /home/maxim/super_ws/install/px4_msgs/share/px4_msgs/msg/GpioIn.msg\n'}
[2.593451] (px4_msgs) StdoutLine: {'line': b'-- Up-to-date symlink: /home/maxim/super_ws/install/px4_msgs/share/px4_msgs/msg/GpioOut.msg\n'}
[2.593559] (px4_msgs) StdoutLine: {'line': b'-- Up-to-date symlink: /home/maxim/super_ws/install/px4_msgs/share/px4_msgs/msg/GpioRequest.msg\n'}
[2.593676] (px4_msgs) StdoutLine: {'line': b'-- Up-to-date symlink: /home/maxim/super_ws/install/px4_msgs/share/px4_msgs/msg/GpsDump.msg\n'}
[2.593832] (px4_msgs) StdoutLine: {'line': b'-- Up-to-date symlink: /home/maxim/super_ws/install/px4_msgs/share/px4_msgs/msg/GpsInjectData.msg\n'}
[2.594013] (px4_msgs) StdoutLine: {'line': b'-- Up-to-date symlink: /home/maxim/super_ws/install/px4_msgs/share/px4_msgs/msg/Gripper.msg\n'}
[2.594092] (px4_msgs) StdoutLine: {'line': b'-- Up-to-date symlink: /home/maxim/super_ws/install/px4_msgs/share/px4_msgs/msg/HealthReport.msg\n'}
[2.594161] (px4_msgs) StdoutLine: {'line': b'-- Up-to-date symlink: /home/maxim/super_ws/install/px4_msgs/share/px4_msgs/msg/HeaterStatus.msg\n'}
[2.594262] (px4_msgs) StdoutLine: {'line': b'-- Up-to-date symlink: /home/maxim/super_ws/install/px4_msgs/share/px4_msgs/msg/HomePosition.msg\n'}
[2.594504] (px4_msgs) StdoutLine: {'line': b'-- Up-to-date symlink: /home/maxim/super_ws/install/px4_msgs/share/px4_msgs/msg/HoverThrustEstimate.msg\n'}
[2.594597] (px4_msgs) StdoutLine: {'line': b'-- Up-to-date symlink: /home/maxim/super_ws/install/px4_msgs/share/px4_msgs/msg/InputRc.msg\n'}
[2.594757] (px4_msgs) StdoutLine: {'line': b'-- Up-to-date symlink: /home/maxim/super_ws/install/px4_msgs/share/px4_msgs/msg/InternalCombustionEngineControl.msg\n'}
[2.594906] (px4_msgs) StdoutLine: {'line': b'-- Up-to-date symlink: /home/maxim/super_ws/install/px4_msgs/share/px4_msgs/msg/InternalCombustionEngineStatus.msg\n'}
[2.595024] (px4_msgs) StdoutLine: {'line': b'-- Up-to-date symlink: /home/maxim/super_ws/install/px4_msgs/share/px4_msgs/msg/IridiumsbdStatus.msg\n'}
[2.595178] (px4_msgs) StdoutLine: {'line': b'-- Up-to-date symlink: /home/maxim/super_ws/install/px4_msgs/share/px4_msgs/msg/IrlockReport.msg\n'}
[2.595288] (px4_msgs) StdoutLine: {'line': b'-- Up-to-date symlink: /home/maxim/super_ws/install/px4_msgs/share/px4_msgs/msg/LandingGear.msg\n'}
[2.595408] (px4_msgs) StdoutLine: {'line': b'-- Up-to-date symlink: /home/maxim/super_ws/install/px4_msgs/share/px4_msgs/msg/LandingGearWheel.msg\n'}
[2.595524] (px4_msgs) StdoutLine: {'line': b'-- Up-to-date symlink: /home/maxim/super_ws/install/px4_msgs/share/px4_msgs/msg/LandingTargetInnovations.msg\n'}
[2.595643] (px4_msgs) StdoutLine: {'line': b'-- Up-to-date symlink: /home/maxim/super_ws/install/px4_msgs/share/px4_msgs/msg/LandingTargetPose.msg\n'}
[2.595802] (px4_msgs) StdoutLine: {'line': b'-- Up-to-date symlink: /home/maxim/super_ws/install/px4_msgs/share/px4_msgs/msg/LateralControlConfiguration.msg\n'}
[2.595975] (px4_msgs) StdoutLine: {'line': b'-- Up-to-date symlink: /home/maxim/super_ws/install/px4_msgs/share/px4_msgs/msg/LaunchDetectionStatus.msg\n'}
[2.596064] (px4_msgs) StdoutLine: {'line': b'-- Up-to-date symlink: /home/maxim/super_ws/install/px4_msgs/share/px4_msgs/msg/LedControl.msg\n'}
[2.596174] (px4_msgs) StdoutLine: {'line': b'-- Up-to-date symlink: /home/maxim/super_ws/install/px4_msgs/share/px4_msgs/msg/LogMessage.msg\n'}
[2.596295] (px4_msgs) StdoutLine: {'line': b'-- Up-to-date symlink: /home/maxim/super_ws/install/px4_msgs/share/px4_msgs/msg/LoggerStatus.msg\n'}
[2.596441] (px4_msgs) StdoutLine: {'line': b'-- Up-to-date symlink: /home/maxim/super_ws/install/px4_msgs/share/px4_msgs/msg/LongitudinalControlConfiguration.msg\n'}
[2.596598] (px4_msgs) StdoutLine: {'line': b'-- Up-to-date symlink: /home/maxim/super_ws/install/px4_msgs/share/px4_msgs/msg/MagWorkerData.msg\n'}
[2.596719] (px4_msgs) StdoutLine: {'line': b'-- Up-to-date symlink: /home/maxim/super_ws/install/px4_msgs/share/px4_msgs/msg/MagnetometerBiasEstimate.msg\n'}
[2.596880] (px4_msgs) StdoutLine: {'line': b'-- Up-to-date symlink: /home/maxim/super_ws/install/px4_msgs/share/px4_msgs/msg/ManualControlSetpoint.msg\n'}
[2.597021] (px4_msgs) StdoutLine: {'line': b'-- Up-to-date symlink: /home/maxim/super_ws/install/px4_msgs/share/px4_msgs/msg/ManualControlSwitches.msg\n'}
[2.597146] (px4_msgs) StdoutLine: {'line': b'-- Up-to-date symlink: /home/maxim/super_ws/install/px4_msgs/share/px4_msgs/msg/MavlinkLog.msg\n'}
[2.597230] (px4_msgs) StdoutLine: {'line': b'-- Up-to-date symlink: /home/maxim/super_ws/install/px4_msgs/share/px4_msgs/msg/MavlinkTunnel.msg\n'}
[2.597434] (px4_msgs) StdoutLine: {'line': b'-- Up-to-date symlink: /home/maxim/super_ws/install/px4_msgs/share/px4_msgs/msg/MessageFormatRequest.msg\n'}
[2.597546] (px4_msgs) StdoutLine: {'line': b'-- Up-to-date symlink: /home/maxim/super_ws/install/px4_msgs/share/px4_msgs/msg/MessageFormatResponse.msg\n'}
[2.597649] (px4_msgs) StdoutLine: {'line': b'-- Up-to-date symlink: /home/maxim/super_ws/install/px4_msgs/share/px4_msgs/msg/Mission.msg\n'}
[2.597811] (px4_msgs) StdoutLine: {'line': b'-- Up-to-date symlink: /home/maxim/super_ws/install/px4_msgs/share/px4_msgs/msg/MissionResult.msg\n'}
[2.597917] (px4_msgs) StdoutLine: {'line': b'-- Up-to-date symlink: /home/maxim/super_ws/install/px4_msgs/share/px4_msgs/msg/ModeCompleted.msg\n'}
[2.598031] (px4_msgs) StdoutLine: {'line': b'-- Up-to-date symlink: /home/maxim/super_ws/install/px4_msgs/share/px4_msgs/msg/MountOrientation.msg\n'}
[2.598205] (px4_msgs) StdoutLine: {'line': b'-- Up-to-date symlink: /home/maxim/super_ws/install/px4_msgs/share/px4_msgs/msg/NavigatorMissionItem.msg\n'}
[2.598289] (px4_msgs) StdoutLine: {'line': b'-- Up-to-date symlink: /home/maxim/super_ws/install/px4_msgs/share/px4_msgs/msg/NavigatorStatus.msg\n'}
[2.598445] (px4_msgs) StdoutLine: {'line': b'-- Up-to-date symlink: /home/maxim/super_ws/install/px4_msgs/share/px4_msgs/msg/NeuralControl.msg\n'}
[2.598542] (px4_msgs) StdoutLine: {'line': b'-- Up-to-date symlink: /home/maxim/super_ws/install/px4_msgs/share/px4_msgs/msg/NormalizedUnsignedSetpoint.msg\n'}
[2.598642] (px4_msgs) StdoutLine: {'line': b'-- Up-to-date symlink: /home/maxim/super_ws/install/px4_msgs/share/px4_msgs/msg/ObstacleDistance.msg\n'}
[2.598858] (px4_msgs) StdoutLine: {'line': b'-- Up-to-date symlink: /home/maxim/super_ws/install/px4_msgs/share/px4_msgs/msg/OffboardControlMode.msg\n'}
[2.598970] (px4_msgs) StdoutLine: {'line': b'-- Up-to-date symlink: /home/maxim/super_ws/install/px4_msgs/share/px4_msgs/msg/OnboardComputerStatus.msg\n'}
[2.599134] (px4_msgs) StdoutLine: {'line': b'-- Up-to-date symlink: /home/maxim/super_ws/install/px4_msgs/share/px4_msgs/msg/OpenDroneIdArmStatus.msg\n'}
[2.599250] (px4_msgs) StdoutLine: {'line': b'-- Up-to-date symlink: /home/maxim/super_ws/install/px4_msgs/share/px4_msgs/msg/OpenDroneIdOperatorId.msg\n'}
[2.599330] (px4_msgs) StdoutLine: {'line': b'-- Up-to-date symlink: /home/maxim/super_ws/install/px4_msgs/share/px4_msgs/msg/OpenDroneIdSelfId.msg\n'}
[2.599446] (px4_msgs) StdoutLine: {'line': b'-- Up-to-date symlink: /home/maxim/super_ws/install/px4_msgs/share/px4_msgs/msg/OpenDroneIdSystem.msg\n'}
[2.599586] (px4_msgs) StdoutLine: {'line': b'-- Up-to-date symlink: /home/maxim/super_ws/install/px4_msgs/share/px4_msgs/msg/OrbTest.msg\n'}
[2.599677] (px4_msgs) StdoutLine: {'line': b'-- Up-to-date symlink: /home/maxim/super_ws/install/px4_msgs/share/px4_msgs/msg/OrbTestLarge.msg\n'}
[2.599892] (px4_msgs) StdoutLine: {'line': b'-- Up-to-date symlink: /home/maxim/super_ws/install/px4_msgs/share/px4_msgs/msg/OrbTestMedium.msg\n'}
[2.600008] (px4_msgs) StdoutLine: {'line': b'-- Up-to-date symlink: /home/maxim/super_ws/install/px4_msgs/share/px4_msgs/msg/OrbitStatus.msg\n'}
[2.600092] (px4_msgs) StdoutLine: {'line': b'-- Up-to-date symlink: /home/maxim/super_ws/install/px4_msgs/share/px4_msgs/msg/ParameterResetRequest.msg\n'}
[2.600196] (px4_msgs) StdoutLine: {'line': b'-- Up-to-date symlink: /home/maxim/super_ws/install/px4_msgs/share/px4_msgs/msg/ParameterSetUsedRequest.msg\n'}
[2.600335] (px4_msgs) StdoutLine: {'line': b'-- Up-to-date symlink: /home/maxim/super_ws/install/px4_msgs/share/px4_msgs/msg/ParameterSetValueRequest.msg\n'}
[2.600500] (px4_msgs) StdoutLine: {'line': b'-- Up-to-date symlink: /home/maxim/super_ws/install/px4_msgs/share/px4_msgs/msg/ParameterSetValueResponse.msg\n'}
[2.600614] (px4_msgs) StdoutLine: {'line': b'-- Up-to-date symlink: /home/maxim/super_ws/install/px4_msgs/share/px4_msgs/msg/ParameterUpdate.msg\n'}
[2.600707] (px4_msgs) StdoutLine: {'line': b'-- Up-to-date symlink: /home/maxim/super_ws/install/px4_msgs/share/px4_msgs/msg/Ping.msg\n'}
[2.600891] (px4_msgs) StdoutLine: {'line': b'-- Up-to-date symlink: /home/maxim/super_ws/install/px4_msgs/share/px4_msgs/msg/PositionControllerLandingStatus.msg\n'}
[2.601036] (px4_msgs) StdoutLine: {'line': b'-- Up-to-date symlink: /home/maxim/super_ws/install/px4_msgs/share/px4_msgs/msg/PositionControllerStatus.msg\n'}
[2.601147] (px4_msgs) StdoutLine: {'line': b'-- Up-to-date symlink: /home/maxim/super_ws/install/px4_msgs/share/px4_msgs/msg/PositionSetpoint.msg\n'}
[2.601324] (px4_msgs) StdoutLine: {'line': b'-- Up-to-date symlink: /home/maxim/super_ws/install/px4_msgs/share/px4_msgs/msg/PositionSetpointTriplet.msg\n'}
[2.601476] (px4_msgs) StdoutLine: {'line': b'-- Up-to-date symlink: /home/maxim/super_ws/install/px4_msgs/share/px4_msgs/msg/PowerButtonState.msg\n'}
[2.601567] (px4_msgs) StdoutLine: {'line': b'-- Up-to-date symlink: /home/maxim/super_ws/install/px4_msgs/share/px4_msgs/msg/PowerMonitor.msg\n'}
[2.601676] (px4_msgs) StdoutLine: {'line': b'-- Up-to-date symlink: /home/maxim/super_ws/install/px4_msgs/share/px4_msgs/msg/PpsCapture.msg\n'}
[2.601802] (px4_msgs) StdoutLine: {'line': b'-- Up-to-date symlink: /home/maxim/super_ws/install/px4_msgs/share/px4_msgs/msg/PrecLandStatus.msg\n'}
[2.601948] (px4_msgs) StdoutLine: {'line': b'-- Up-to-date symlink: /home/maxim/super_ws/install/px4_msgs/share/px4_msgs/msg/PurePursuitStatus.msg\n'}
[2.602035] (px4_msgs) StdoutLine: {'line': b'-- Up-to-date symlink: /home/maxim/super_ws/install/px4_msgs/share/px4_msgs/msg/PwmInput.msg\n'}
[2.602123] (px4_msgs) StdoutLine: {'line': b'-- Up-to-date symlink: /home/maxim/super_ws/install/px4_msgs/share/px4_msgs/msg/Px4ioStatus.msg\n'}
[2.602243] (px4_msgs) StdoutLine: {'line': b'-- Up-to-date symlink: /home/maxim/super_ws/install/px4_msgs/share/px4_msgs/msg/QshellReq.msg\n'}
[2.602391] (px4_msgs) StdoutLine: {'line': b'-- Up-to-date symlink: /home/maxim/super_ws/install/px4_msgs/share/px4_msgs/msg/QshellRetval.msg\n'}
[2.602483] (px4_msgs) StdoutLine: {'line': b'-- Up-to-date symlink: /home/maxim/super_ws/install/px4_msgs/share/px4_msgs/msg/RadioStatus.msg\n'}
[2.602686] (px4_msgs) StdoutLine: {'line': b'-- Up-to-date symlink: /home/maxim/super_ws/install/px4_msgs/share/px4_msgs/msg/RangingBeacon.msg\n'}
[2.602788] (px4_msgs) StdoutLine: {'line': b'-- Up-to-date symlink: /home/maxim/super_ws/install/px4_msgs/share/px4_msgs/msg/RaptorInput.msg\n'}
[2.602865] (px4_msgs) StdoutLine: {'line': b'-- Up-to-date symlink: /home/maxim/super_ws/install/px4_msgs/share/px4_msgs/msg/RaptorStatus.msg\n'}
[2.602954] (px4_msgs) StdoutLine: {'line': b'-- Up-to-date symlink: /home/maxim/super_ws/install/px4_msgs/share/px4_msgs/msg/RateCtrlStatus.msg\n'}
[2.603107] (px4_msgs) StdoutLine: {'line': b'-- Up-to-date symlink: /home/maxim/super_ws/install/px4_msgs/share/px4_msgs/msg/RcChannels.msg\n'}
[2.603215] (px4_msgs) StdoutLine: {'line': b'-- Up-to-date symlink: /home/maxim/super_ws/install/px4_msgs/share/px4_msgs/msg/RcParameterMap.msg\n'}
[2.603375] (px4_msgs) StdoutLine: {'line': b'-- Up-to-date symlink: /home/maxim/super_ws/install/px4_msgs/share/px4_msgs/msg/RegisterExtComponentReply.msg\n'}
[2.603564] (px4_msgs) StdoutLine: {'line': b'-- Up-to-date symlink: /home/maxim/super_ws/install/px4_msgs/share/px4_msgs/msg/RegisterExtComponentRequest.msg\n'}
[2.603725] (-) TimerEvent: {}
[2.603813] (px4_msgs) StdoutLine: {'line': b'-- Up-to-date symlink: /home/maxim/super_ws/install/px4_msgs/share/px4_msgs/msg/RoverAttitudeSetpoint.msg\n'}
[2.604018] (px4_msgs) StdoutLine: {'line': b'-- Up-to-date symlink: /home/maxim/super_ws/install/px4_msgs/share/px4_msgs/msg/RoverAttitudeStatus.msg\n'}
[2.604254] (px4_msgs) StdoutLine: {'line': b'-- Up-to-date symlink: /home/maxim/super_ws/install/px4_msgs/share/px4_msgs/msg/RoverPositionSetpoint.msg\n'}
[2.604556] (px4_msgs) StdoutLine: {'line': b'-- Up-to-date symlink: /home/maxim/super_ws/install/px4_msgs/share/px4_msgs/msg/RoverRateSetpoint.msg\n'}
[2.604628] (px4_msgs) StdoutLine: {'line': b'-- Up-to-date symlink: /home/maxim/super_ws/install/px4_msgs/share/px4_msgs/msg/RoverRateStatus.msg\n'}
[2.604705] (px4_msgs) StdoutLine: {'line': b'-- Up-to-date symlink: /home/maxim/super_ws/install/px4_msgs/share/px4_msgs/msg/RoverSpeedSetpoint.msg\n'}
[2.606050] (px4_msgs) StdoutLine: {'line': b'-- Up-to-date symlink: /home/maxim/super_ws/install/px4_msgs/share/px4_msgs/msg/RoverSpeedStatus.msg\n'}
[2.606189] (px4_msgs) StdoutLine: {'line': b'-- Up-to-date symlink: /home/maxim/super_ws/install/px4_msgs/share/px4_msgs/msg/RoverSteeringSetpoint.msg\n'}
[2.606270] (px4_msgs) StdoutLine: {'line': b'-- Up-to-date symlink: /home/maxim/super_ws/install/px4_msgs/share/px4_msgs/msg/RoverThrottleSetpoint.msg\n'}
[2.606333] (px4_msgs) StdoutLine: {'line': b'-- Up-to-date symlink: /home/maxim/super_ws/install/px4_msgs/share/px4_msgs/msg/Rpm.msg\n'}
[2.606408] (px4_msgs) StdoutLine: {'line': b'-- Up-to-date symlink: /home/maxim/super_ws/install/px4_msgs/share/px4_msgs/msg/RtlStatus.msg\n'}
[2.606467] (px4_msgs) StdoutLine: {'line': b'-- Up-to-date symlink: /home/maxim/super_ws/install/px4_msgs/share/px4_msgs/msg/RtlTimeEstimate.msg\n'}
[2.606521] (px4_msgs) StdoutLine: {'line': b'-- Up-to-date symlink: /home/maxim/super_ws/install/px4_msgs/share/px4_msgs/msg/SatelliteInfo.msg\n'}
[2.606576] (px4_msgs) StdoutLine: {'line': b'-- Up-to-date symlink: /home/maxim/super_ws/install/px4_msgs/share/px4_msgs/msg/SensorAccel.msg\n'}
[2.606632] (px4_msgs) StdoutLine: {'line': b'-- Up-to-date symlink: /home/maxim/super_ws/install/px4_msgs/share/px4_msgs/msg/SensorAccelFifo.msg\n'}
[2.606715] (px4_msgs) StdoutLine: {'line': b'-- Up-to-date symlink: /home/maxim/super_ws/install/px4_msgs/share/px4_msgs/msg/SensorAirflow.msg\n'}
[2.606776] (px4_msgs) StdoutLine: {'line': b'-- Up-to-date symlink: /home/maxim/super_ws/install/px4_msgs/share/px4_msgs/msg/SensorBaro.msg\n'}
[2.606831] (px4_msgs) StdoutLine: {'line': b'-- Up-to-date symlink: /home/maxim/super_ws/install/px4_msgs/share/px4_msgs/msg/SensorCombined.msg\n'}
[2.606905] (px4_msgs) StdoutLine: {'line': b'-- Up-to-date symlink: /home/maxim/super_ws/install/px4_msgs/share/px4_msgs/msg/SensorCorrection.msg\n'}
[2.606961] (px4_msgs) StdoutLine: {'line': b'-- Up-to-date symlink: /home/maxim/super_ws/install/px4_msgs/share/px4_msgs/msg/SensorGnssRelative.msg\n'}
[2.607036] (px4_msgs) StdoutLine: {'line': b'-- Up-to-date symlink: /home/maxim/super_ws/install/px4_msgs/share/px4_msgs/msg/SensorGnssStatus.msg\n'}
[2.607095] (px4_msgs) StdoutLine: {'line': b'-- Up-to-date symlink: /home/maxim/super_ws/install/px4_msgs/share/px4_msgs/msg/SensorGps.msg\n'}
[2.607174] (px4_msgs) StdoutLine: {'line': b'-- Up-to-date symlink: /home/maxim/super_ws/install/px4_msgs/share/px4_msgs/msg/SensorGyro.msg\n'}
[2.607242] (px4_msgs) StdoutLine: {'line': b'-- Up-to-date symlink: /home/maxim/super_ws/install/px4_msgs/share/px4_msgs/msg/SensorGyroFft.msg\n'}
[2.607301] (px4_msgs) StdoutLine: {'line': b'-- Up-to-date symlink: /home/maxim/super_ws/install/px4_msgs/share/px4_msgs/msg/SensorGyroFifo.msg\n'}
[2.607370] (px4_msgs) StdoutLine: {'line': b'-- Up-to-date symlink: /home/maxim/super_ws/install/px4_msgs/share/px4_msgs/msg/SensorHygrometer.msg\n'}
[2.607442] (px4_msgs) StdoutLine: {'line': b'-- Up-to-date symlink: /home/maxim/super_ws/install/px4_msgs/share/px4_msgs/msg/SensorMag.msg\n'}
[2.607534] (px4_msgs) StdoutLine: {'line': b'-- Up-to-date symlink: /home/maxim/super_ws/install/px4_msgs/share/px4_msgs/msg/SensorOpticalFlow.msg\n'}
[2.607682] (px4_msgs) StdoutLine: {'line': b'-- Up-to-date symlink: /home/maxim/super_ws/install/px4_msgs/share/px4_msgs/msg/SensorPreflightMag.msg\n'}
[2.607864] (px4_msgs) StdoutLine: {'line': b'-- Up-to-date symlink: /home/maxim/super_ws/install/px4_msgs/share/px4_msgs/msg/SensorSelection.msg\n'}
[2.607975] (px4_msgs) StdoutLine: {'line': b'-- Up-to-date symlink: /home/maxim/super_ws/install/px4_msgs/share/px4_msgs/msg/SensorTemp.msg\n'}
[2.608059] (px4_msgs) StdoutLine: {'line': b'-- Up-to-date symlink: /home/maxim/super_ws/install/px4_msgs/share/px4_msgs/msg/SensorUwb.msg\n'}
[2.608175] (px4_msgs) StdoutLine: {'line': b'-- Up-to-date symlink: /home/maxim/super_ws/install/px4_msgs/share/px4_msgs/msg/SensorsStatus.msg\n'}
[2.608329] (px4_msgs) StdoutLine: {'line': b'-- Up-to-date symlink: /home/maxim/super_ws/install/px4_msgs/share/px4_msgs/msg/SensorsStatusImu.msg\n'}
[2.608427] (px4_msgs) StdoutLine: {'line': b'-- Up-to-date symlink: /home/maxim/super_ws/install/px4_msgs/share/px4_msgs/msg/SystemPower.msg\n'}
[2.608525] (px4_msgs) StdoutLine: {'line': b'-- Up-to-date symlink: /home/maxim/super_ws/install/px4_msgs/share/px4_msgs/msg/TakeoffStatus.msg\n'}
[2.608632] (px4_msgs) StdoutLine: {'line': b'-- Up-to-date symlink: /home/maxim/super_ws/install/px4_msgs/share/px4_msgs/msg/TargetGnss.msg\n'}
[2.608759] (px4_msgs) StdoutLine: {'line': b'-- Up-to-date symlink: /home/maxim/super_ws/install/px4_msgs/share/px4_msgs/msg/TaskStackInfo.msg\n'}
[2.608850] (px4_msgs) StdoutLine: {'line': b'-- Up-to-date symlink: /home/maxim/super_ws/install/px4_msgs/share/px4_msgs/msg/TecsStatus.msg\n'}
[2.608957] (px4_msgs) StdoutLine: {'line': b'-- Up-to-date symlink: /home/maxim/super_ws/install/px4_msgs/share/px4_msgs/msg/TelemetryStatus.msg\n'}
[2.609152] (px4_msgs) StdoutLine: {'line': b'-- Up-to-date symlink: /home/maxim/super_ws/install/px4_msgs/share/px4_msgs/msg/TiltrotorExtraControls.msg\n'}
[2.609259] (px4_msgs) StdoutLine: {'line': b'-- Up-to-date symlink: /home/maxim/super_ws/install/px4_msgs/share/px4_msgs/msg/TimesyncStatus.msg\n'}
[2.609531] (px4_msgs) StdoutLine: {'line': b'-- Up-to-date symlink: /home/maxim/super_ws/install/px4_msgs/share/px4_msgs/msg/TrajectorySetpoint.msg\n'}
[2.609672] (px4_msgs) StdoutLine: {'line': b'-- Up-to-date symlink: /home/maxim/super_ws/install/px4_msgs/share/px4_msgs/msg/TrajectorySetpoint6dof.msg\n'}
[2.609853] (px4_msgs) StdoutLine: {'line': b'-- Up-to-date symlink: /home/maxim/super_ws/install/px4_msgs/share/px4_msgs/msg/TransponderReport.msg\n'}
[2.610005] (px4_msgs) StdoutLine: {'line': b'-- Up-to-date symlink: /home/maxim/super_ws/install/px4_msgs/share/px4_msgs/msg/TuneControl.msg\n'}
[2.610247] (px4_msgs) StdoutLine: {'line': b'-- Up-to-date symlink: /home/maxim/super_ws/install/px4_msgs/share/px4_msgs/msg/UavcanParameterRequest.msg\n'}
[2.610493] (px4_msgs) StdoutLine: {'line': b'-- Up-to-date symlink: /home/maxim/super_ws/install/px4_msgs/share/px4_msgs/msg/UavcanParameterValue.msg\n'}
[2.610632] (px4_msgs) StdoutLine: {'line': b'-- Up-to-date symlink: /home/maxim/super_ws/install/px4_msgs/share/px4_msgs/msg/UlogStream.msg\n'}
[2.610769] (px4_msgs) StdoutLine: {'line': b'-- Up-to-date symlink: /home/maxim/super_ws/install/px4_msgs/share/px4_msgs/msg/UlogStreamAck.msg\n'}
[2.611072] (px4_msgs) StdoutLine: {'line': b'-- Up-to-date symlink: /home/maxim/super_ws/install/px4_msgs/share/px4_msgs/msg/UnregisterExtComponent.msg\n'}
[2.611271] (px4_msgs) StdoutLine: {'line': b'-- Up-to-date symlink: /home/maxim/super_ws/install/px4_msgs/share/px4_msgs/msg/VehicleAcceleration.msg\n'}
[2.611410] (px4_msgs) StdoutLine: {'line': b'-- Up-to-date symlink: /home/maxim/super_ws/install/px4_msgs/share/px4_msgs/msg/VehicleAirData.msg\n'}
[2.611610] (px4_msgs) StdoutLine: {'line': b'-- Up-to-date symlink: /home/maxim/super_ws/install/px4_msgs/share/px4_msgs/msg/VehicleAngularAccelerationSetpoint.msg\n'}
[2.611817] (px4_msgs) StdoutLine: {'line': b'-- Up-to-date symlink: /home/maxim/super_ws/install/px4_msgs/share/px4_msgs/msg/VehicleAngularVelocity.msg\n'}
[2.611939] (px4_msgs) StdoutLine: {'line': b'-- Up-to-date symlink: /home/maxim/super_ws/install/px4_msgs/share/px4_msgs/msg/VehicleAttitude.msg\n'}
[2.612193] (px4_msgs) StdoutLine: {'line': b'-- Up-to-date symlink: /home/maxim/super_ws/install/px4_msgs/share/px4_msgs/msg/VehicleAttitudeSetpoint.msg\n'}
[2.612281] (px4_msgs) StdoutLine: {'line': b'-- Up-to-date symlink: /home/maxim/super_ws/install/px4_msgs/share/px4_msgs/msg/VehicleCommand.msg\n'}
[2.612385] (px4_msgs) StdoutLine: {'line': b'-- Up-to-date symlink: /home/maxim/super_ws/install/px4_msgs/share/px4_msgs/msg/VehicleCommandAck.msg\n'}
[2.612565] (px4_msgs) StdoutLine: {'line': b'-- Up-to-date symlink: /home/maxim/super_ws/install/px4_msgs/share/px4_msgs/msg/VehicleConstraints.msg\n'}
[2.612720] (px4_msgs) StdoutLine: {'line': b'-- Up-to-date symlink: /home/maxim/super_ws/install/px4_msgs/share/px4_msgs/msg/VehicleControlMode.msg\n'}
[2.612930] (px4_msgs) StdoutLine: {'line': b'-- Up-to-date symlink: /home/maxim/super_ws/install/px4_msgs/share/px4_msgs/msg/VehicleGlobalPosition.msg\n'}
[2.613167] (px4_msgs) StdoutLine: {'line': b'-- Up-to-date symlink: /home/maxim/super_ws/install/px4_msgs/share/px4_msgs/msg/VehicleImu.msg\n'}
[2.613259] (px4_msgs) StdoutLine: {'line': b'-- Up-to-date symlink: /home/maxim/super_ws/install/px4_msgs/share/px4_msgs/msg/VehicleImuStatus.msg\n'}
[2.613390] (px4_msgs) StdoutLine: {'line': b'-- Up-to-date symlink: /home/maxim/super_ws/install/px4_msgs/share/px4_msgs/msg/VehicleLandDetected.msg\n'}
[2.613453] (px4_msgs) StdoutLine: {'line': b'-- Up-to-date symlink: /home/maxim/super_ws/install/px4_msgs/share/px4_msgs/msg/VehicleLocalPosition.msg\n'}
[2.613667] (px4_msgs) StdoutLine: {'line': b'-- Up-to-date symlink: /home/maxim/super_ws/install/px4_msgs/share/px4_msgs/msg/VehicleLocalPositionSetpoint.msg\n'}
[2.613760] (px4_msgs) StdoutLine: {'line': b'-- Up-to-date symlink: /home/maxim/super_ws/install/px4_msgs/share/px4_msgs/msg/VehicleMagnetometer.msg\n'}
[2.613838] (px4_msgs) StdoutLine: {'line': b'-- Up-to-date symlink: /home/maxim/super_ws/install/px4_msgs/share/px4_msgs/msg/VehicleOdometry.msg\n'}
[2.613927] (px4_msgs) StdoutLine: {'line': b'-- Up-to-date symlink: /home/maxim/super_ws/install/px4_msgs/share/px4_msgs/msg/VehicleOpticalFlow.msg\n'}
[2.614070] (px4_msgs) StdoutLine: {'line': b'-- Up-to-date symlink: /home/maxim/super_ws/install/px4_msgs/share/px4_msgs/msg/VehicleOpticalFlowVel.msg\n'}
[2.614245] (px4_msgs) StdoutLine: {'line': b'-- Up-to-date symlink: /home/maxim/super_ws/install/px4_msgs/share/px4_msgs/msg/VehicleRatesSetpoint.msg\n'}
[2.614365] (px4_msgs) StdoutLine: {'line': b'-- Up-to-date symlink: /home/maxim/super_ws/install/px4_msgs/share/px4_msgs/msg/VehicleRoi.msg\n'}
[2.614558] (px4_msgs) StdoutLine: {'line': b'-- Up-to-date symlink: /home/maxim/super_ws/install/px4_msgs/share/px4_msgs/msg/VehicleStatus.msg\n'}
[2.614673] (px4_msgs) StdoutLine: {'line': b'-- Up-to-date symlink: /home/maxim/super_ws/install/px4_msgs/share/px4_msgs/msg/VehicleThrustSetpoint.msg\n'}
[2.614888] (px4_msgs) StdoutLine: {'line': b'-- Up-to-date symlink: /home/maxim/super_ws/install/px4_msgs/share/px4_msgs/msg/VehicleTorqueSetpoint.msg\n'}
[2.614991] (px4_msgs) StdoutLine: {'line': b'-- Up-to-date symlink: /home/maxim/super_ws/install/px4_msgs/share/px4_msgs/msg/VelocityLimits.msg\n'}
[2.615149] (px4_msgs) StdoutLine: {'line': b'-- Up-to-date symlink: /home/maxim/super_ws/install/px4_msgs/share/px4_msgs/msg/VteAidSource1d.msg\n'}
[2.615249] (px4_msgs) StdoutLine: {'line': b'-- Up-to-date symlink: /home/maxim/super_ws/install/px4_msgs/share/px4_msgs/msg/VteAidSource3d.msg\n'}
[2.615336] (px4_msgs) StdoutLine: {'line': b'-- Up-to-date symlink: /home/maxim/super_ws/install/px4_msgs/share/px4_msgs/msg/VteBiasInitStatus.msg\n'}
[2.615433] (px4_msgs) StdoutLine: {'line': b'-- Up-to-date symlink: /home/maxim/super_ws/install/px4_msgs/share/px4_msgs/msg/VteInput.msg\n'}
[2.615581] (px4_msgs) StdoutLine: {'line': b'-- Up-to-date symlink: /home/maxim/super_ws/install/px4_msgs/share/px4_msgs/msg/VteOrientation.msg\n'}
[2.615743] (px4_msgs) StdoutLine: {'line': b'-- Up-to-date symlink: /home/maxim/super_ws/install/px4_msgs/share/px4_msgs/msg/VtePosition.msg\n'}
[2.615821] (px4_msgs) StdoutLine: {'line': b'-- Up-to-date symlink: /home/maxim/super_ws/install/px4_msgs/share/px4_msgs/msg/VtolVehicleStatus.msg\n'}
[2.615902] (px4_msgs) StdoutLine: {'line': b'-- Up-to-date symlink: /home/maxim/super_ws/install/px4_msgs/share/px4_msgs/msg/Vtx.msg\n'}
[2.616056] (px4_msgs) StdoutLine: {'line': b'-- Up-to-date symlink: /home/maxim/super_ws/install/px4_msgs/share/px4_msgs/msg/WheelEncoders.msg\n'}
[2.616132] (px4_msgs) StdoutLine: {'line': b'-- Up-to-date symlink: /home/maxim/super_ws/install/px4_msgs/share/px4_msgs/msg/Wind.msg\n'}
[2.616351] (px4_msgs) StdoutLine: {'line': b'-- Up-to-date symlink: /home/maxim/super_ws/install/px4_msgs/share/px4_msgs/msg/YawEstimatorStatus.msg\n'}
[2.616441] (px4_msgs) StdoutLine: {'line': b'-- Up-to-date symlink: /home/maxim/super_ws/install/px4_msgs/share/px4_msgs/srv/VehicleCommand.srv\n'}
[2.616759] (px4_msgs) StdoutLine: {'line': b'-- Up-to-date symlink: /home/maxim/super_ws/install/px4_msgs/share/ament_index/resource_index/package_run_dependencies/px4_msgs\n'}
[2.617051] (px4_msgs) StdoutLine: {'line': b'-- Up-to-date symlink: /home/maxim/super_ws/install/px4_msgs/share/ament_index/resource_index/parent_prefix_path/px4_msgs\n'}
[2.617224] (px4_msgs) StdoutLine: {'line': b'-- Up-to-date symlink: /home/maxim/super_ws/install/px4_msgs/share/px4_msgs/environment/ament_prefix_path.sh\n'}
[2.617424] (px4_msgs) StdoutLine: {'line': b'-- Up-to-date symlink: /home/maxim/super_ws/install/px4_msgs/share/px4_msgs/environment/ament_prefix_path.dsv\n'}
[2.617636] (px4_msgs) StdoutLine: {'line': b'-- Up-to-date symlink: /home/maxim/super_ws/install/px4_msgs/share/px4_msgs/environment/path.sh\n'}
[2.617808] (px4_msgs) StdoutLine: {'line': b'-- Up-to-date symlink: /home/maxim/super_ws/install/px4_msgs/share/px4_msgs/environment/path.dsv\n'}
[2.617991] (px4_msgs) StdoutLine: {'line': b'-- Up-to-date symlink: /home/maxim/super_ws/install/px4_msgs/share/px4_msgs/local_setup.bash\n'}
[2.618190] (px4_msgs) StdoutLine: {'line': b'-- Up-to-date symlink: /home/maxim/super_ws/install/px4_msgs/share/px4_msgs/local_setup.sh\n'}
[2.618374] (px4_msgs) StdoutLine: {'line': b'-- Up-to-date symlink: /home/maxim/super_ws/install/px4_msgs/share/px4_msgs/local_setup.zsh\n'}
[2.618549] (px4_msgs) StdoutLine: {'line': b'-- Up-to-date symlink: /home/maxim/super_ws/install/px4_msgs/share/px4_msgs/local_setup.dsv\n'}
[2.618683] (px4_msgs) StdoutLine: {'line': b'-- Symlinking: /home/maxim/super_ws/install/px4_msgs/share/px4_msgs/package.dsv\n'}
[2.625148] (px4_msgs) StdoutLine: {'line': b'-- Up-to-date symlink: /home/maxim/super_ws/install/px4_msgs/share/ament_index/resource_index/packages/px4_msgs\n'}
[2.625362] (px4_msgs) StdoutLine: {'line': b'-- Up-to-date symlink: /home/maxim/super_ws/install/px4_msgs/share/px4_msgs/cmake/rosidl_cmake-extras.cmake\n'}
[2.625586] (px4_msgs) StdoutLine: {'line': b'-- Up-to-date symlink: /home/maxim/super_ws/install/px4_msgs/share/px4_msgs/cmake/ament_cmake_export_dependencies-extras.cmake\n'}
[2.625806] (px4_msgs) StdoutLine: {'line': b'-- Up-to-date symlink: /home/maxim/super_ws/install/px4_msgs/share/px4_msgs/cmake/ament_cmake_export_include_directories-extras.cmake\n'}
[2.626053] (px4_msgs) StdoutLine: {'line': b'-- Up-to-date symlink: /home/maxim/super_ws/install/px4_msgs/share/px4_msgs/cmake/ament_cmake_export_libraries-extras.cmake\n'}
[2.626184] (px4_msgs) StdoutLine: {'line': b'-- Up-to-date symlink: /home/maxim/super_ws/install/px4_msgs/share/px4_msgs/cmake/ament_cmake_export_targets-extras.cmake\n'}
[2.626358] (px4_msgs) StdoutLine: {'line': b'-- Up-to-date symlink: /home/maxim/super_ws/install/px4_msgs/share/px4_msgs/cmake/rosidl_cmake_export_typesupport_targets-extras.cmake\n'}
[2.626475] (px4_msgs) StdoutLine: {'line': b'-- Up-to-date symlink: /home/maxim/super_ws/install/px4_msgs/share/px4_msgs/cmake/rosidl_cmake_export_typesupport_libraries-extras.cmake\n'}
[2.626677] (px4_msgs) StdoutLine: {'line': b'-- Up-to-date symlink: /home/maxim/super_ws/install/px4_msgs/share/px4_msgs/cmake/px4_msgsConfig.cmake\n'}
[2.626831] (px4_msgs) StdoutLine: {'line': b'-- Up-to-date symlink: /home/maxim/super_ws/install/px4_msgs/share/px4_msgs/cmake/px4_msgsConfig-version.cmake\n'}
[2.626977] (px4_msgs) StdoutLine: {'line': b'-- Up-to-date symlink: /home/maxim/super_ws/install/px4_msgs/share/px4_msgs/package.xml\n'}
[2.628384] (px4_msgs) StdoutLine: {'line': b'-- Up-to-date: /home/maxim/super_ws/install/px4_msgs/lib/libpx4_msgs__rosidl_generator_c.so\n'}
[2.628865] (px4_msgs) StdoutLine: {'line': b'-- Up-to-date: /home/maxim/super_ws/install/px4_msgs/lib/libpx4_msgs__rosidl_typesupport_fastrtps_c.so\n'}
[2.629408] (px4_msgs) StdoutLine: {'line': b'-- Up-to-date: /home/maxim/super_ws/install/px4_msgs/lib/libpx4_msgs__rosidl_typesupport_fastrtps_cpp.so\n'}
[2.630014] (px4_msgs) StdoutLine: {'line': b'-- Up-to-date: /home/maxim/super_ws/install/px4_msgs/lib/libpx4_msgs__rosidl_typesupport_introspection_c.so\n'}
[2.630685] (px4_msgs) StdoutLine: {'line': b'-- Up-to-date: /home/maxim/super_ws/install/px4_msgs/lib/libpx4_msgs__rosidl_typesupport_c.so\n'}
[2.631522] (px4_msgs) StdoutLine: {'line': b'-- Up-to-date: /home/maxim/super_ws/install/px4_msgs/lib/libpx4_msgs__rosidl_typesupport_introspection_cpp.so\n'}
[2.632262] (px4_msgs) StdoutLine: {'line': b'-- Up-to-date: /home/maxim/super_ws/install/px4_msgs/lib/libpx4_msgs__rosidl_typesupport_cpp.so\n'}
[2.696497] (px4_msgs) StdoutLine: {'line': b"Listing '/home/maxim/super_ws/install/px4_msgs/lib/python3.12/site-packages/px4_msgs'...\n"}
[2.696637] (px4_msgs) StdoutLine: {'line': b"Listing '/home/maxim/super_ws/install/px4_msgs/lib/python3.12/site-packages/px4_msgs/msg'...\n"}
[2.696701] (px4_msgs) StdoutLine: {'line': b"Listing '/home/maxim/super_ws/install/px4_msgs/lib/python3.12/site-packages/px4_msgs/srv'...\n"}
[2.701658] (px4_msgs) StdoutLine: {'line': b'-- Up-to-date: /home/maxim/super_ws/install/px4_msgs/lib/libpx4_msgs__rosidl_generator_py.so\n'}
[2.702320] (px4_msgs) StdoutLine: {'line': b'-- Up-to-date: /home/maxim/super_ws/install/px4_msgs/share/px4_msgs/cmake/export_px4_msgs__rosidl_generator_cExport.cmake\n'}
[2.702435] (px4_msgs) StdoutLine: {'line': b'-- Up-to-date: /home/maxim/super_ws/install/px4_msgs/share/px4_msgs/cmake/export_px4_msgs__rosidl_generator_cExport-noconfig.cmake\n'}
[2.702597] (px4_msgs) StdoutLine: {'line': b'-- Up-to-date: /home/maxim/super_ws/install/px4_msgs/share/px4_msgs/cmake/export_px4_msgs__rosidl_typesupport_fastrtps_cExport.cmake\n'}
[2.702655] (px4_msgs) StdoutLine: {'line': b'-- Up-to-date: /home/maxim/super_ws/install/px4_msgs/share/px4_msgs/cmake/export_px4_msgs__rosidl_typesupport_fastrtps_cExport-noconfig.cmake\n'}
[2.702831] (px4_msgs) StdoutLine: {'line': b'-- Up-to-date: /home/maxim/super_ws/install/px4_msgs/share/px4_msgs/cmake/export_px4_msgs__rosidl_generator_cppExport.cmake\n'}
[2.703094] (px4_msgs) StdoutLine: {'line': b'-- Up-to-date: /home/maxim/super_ws/install/px4_msgs/share/px4_msgs/cmake/export_px4_msgs__rosidl_typesupport_fastrtps_cppExport.cmake\n'}
[2.703205] (px4_msgs) StdoutLine: {'line': b'-- Up-to-date: /home/maxim/super_ws/install/px4_msgs/share/px4_msgs/cmake/export_px4_msgs__rosidl_typesupport_fastrtps_cppExport-noconfig.cmake\n'}
[2.703394] (px4_msgs) StdoutLine: {'line': b'-- Up-to-date: /home/maxim/super_ws/install/px4_msgs/share/px4_msgs/cmake/px4_msgs__rosidl_typesupport_introspection_cExport.cmake\n'}
[2.703493] (px4_msgs) StdoutLine: {'line': b'-- Up-to-date: /home/maxim/super_ws/install/px4_msgs/share/px4_msgs/cmake/px4_msgs__rosidl_typesupport_introspection_cExport-noconfig.cmake\n'}
[2.703645] (px4_msgs) StdoutLine: {'line': b'-- Up-to-date: /home/maxim/super_ws/install/px4_msgs/share/px4_msgs/cmake/px4_msgs__rosidl_typesupport_cExport.cmake\n'}
[2.703707] (px4_msgs) StdoutLine: {'line': b'-- Up-to-date: /home/maxim/super_ws/install/px4_msgs/share/px4_msgs/cmake/px4_msgs__rosidl_typesupport_cExport-noconfig.cmake\n'}
[2.703771] (-) TimerEvent: {}
[2.704003] (px4_msgs) StdoutLine: {'line': b'-- Up-to-date: /home/maxim/super_ws/install/px4_msgs/share/px4_msgs/cmake/px4_msgs__rosidl_typesupport_introspection_cppExport.cmake\n'}
[2.704089] (px4_msgs) StdoutLine: {'line': b'-- Up-to-date: /home/maxim/super_ws/install/px4_msgs/share/px4_msgs/cmake/px4_msgs__rosidl_typesupport_introspection_cppExport-noconfig.cmake\n'}
[2.704171] (px4_msgs) StdoutLine: {'line': b'-- Up-to-date: /home/maxim/super_ws/install/px4_msgs/share/px4_msgs/cmake/px4_msgs__rosidl_typesupport_cppExport.cmake\n'}
[2.704263] (px4_msgs) StdoutLine: {'line': b'-- Up-to-date: /home/maxim/super_ws/install/px4_msgs/share/px4_msgs/cmake/px4_msgs__rosidl_typesupport_cppExport-noconfig.cmake\n'}
[2.704417] (px4_msgs) StdoutLine: {'line': b'-- Up-to-date: /home/maxim/super_ws/install/px4_msgs/share/px4_msgs/cmake/export_px4_msgs__rosidl_generator_pyExport.cmake\n'}
[2.704568] (px4_msgs) StdoutLine: {'line': b'-- Up-to-date: /home/maxim/super_ws/install/px4_msgs/share/px4_msgs/cmake/export_px4_msgs__rosidl_generator_pyExport-noconfig.cmake\n'}
[2.706168] (px4_msgs) CommandEnded: {'returncode': 0}
[2.760632] (px4_msgs) JobEnded: {'identifier': 'px4_msgs', 'rc': 0}
[2.760946] (flight_control_node) JobStarted: {'identifier': 'flight_control_node'}
[2.803886] (-) TimerEvent: {}
[2.904073] (-) TimerEvent: {}
[3.004276] (-) TimerEvent: {}
[3.104515] (-) TimerEvent: {}
[3.204741] (-) TimerEvent: {}
[3.304942] (-) TimerEvent: {}
[3.405177] (-) TimerEvent: {}
[3.415227] (flight_control_node) Command: {'cmd': ['/usr/bin/python3', '-W', 'ignore:setup.py install is deprecated', '-W', 'ignore:easy_install command is deprecated', 'setup.py', 'develop', '--editable', '--build-directory', '/home/maxim/super_ws/build/flight_control_node/build', '--no-deps', 'symlink_data'], 'cwd': '/home/maxim/super_ws/build/flight_control_node', 'env': {'GJS_DEBUG_TOPICS': 'JS ERROR;JS LOG', 'XDG_ACTIVATION_TOKEN': 'gnome-shell/Terminator/1832-2-akula_TIME594237', 'LESSOPEN': '| /usr/bin/lesspipe %s', 'USER': 'maxim', 'XDG_SESSION_TYPE': 'x11', 'CLUTTER_DISABLE_MIPMAPPED_TEXT': '1', 'SHLVL': '1', 'LD_LIBRARY_PATH': '/home/maxim/super_ws/install/px4_msgs/lib', 'HOME': '/home/maxim', 'OLDPWD': '/home/maxim', 'DESKTOP_SESSION': 'ubuntu', 'GIO_LAUNCHED_DESKTOP_FILE': '/usr/share/applications/terminator.desktop', 'GNOME_SHELL_SESSION_MODE': 'ubuntu', 'GTK_MODULES': 'gail:atk-bridge', 'PS1': '(.local) \\[\\e]0;\\u@\\h: \\w\\a\\]${debian_chroot:+($debian_chroot)}\\[\\033[01;35m\\]\\u@\\h\\[\\033[00m\\]:\\[\\033[01;34m\\]\\w\\[\\033[00m\\]\\$', 'MANAGERPID': '1430', 'SYSTEMD_EXEC_PID': '1832', 'GSM_SKIP_SSH_AGENT_WORKAROUND': 'true', 'DBUS_SESSION_BUS_ADDRESS': 'unix:path=/run/user/1000/bus', 'COLORTERM': 'truecolor', 'TERMINATOR_DBUS_NAME': 'net.tenshu.Terminator21a9d5db22c73a993ff0b42f64b396873', 'GIO_LAUNCHED_DESKTOP_FILE_PID': '5805', '_colcon_cd_root': '/opt/ros/jazzy/', 'DEBUGINFOD_URLS': 'https://debuginfod.ubuntu.com', 'LOGNAME': 'maxim', 'JOURNAL_STREAM': '9:19548', '_': '/usr/bin/colcon', 'MEMORY_PRESSURE_WATCH': '/sys/fs/cgroup/user.slice/user-1000.slice/user@1000.service/session.slice/org.gnome.Shell@x11.service/memory.pressure', 'XDG_SESSION_CLASS': 'user', 'USERNAME': 'maxim', 'TERM': 'xterm-256color', 'GNOME_DESKTOP_SESSION_ID': 'this-is-deprecated', 'WINDOWPATH': '2', 'PATH': '/home/maxim/.local/bin:/home/maxim/.local/bin:/usr/local/sbin:/usr/local/bin:/usr/sbin:/usr/bin:/sbin:/bin:/usr/games:/usr/local/games:/snap/bin:/snap/bin:/opt/xtensa-esp-elf/bin/', 'SESSION_MANAGER': 'local/akula:@/tmp/.ICE-unix/1792,unix/akula:/tmp/.ICE-unix/1792', 'INVOCATION_ID': '0b6099d659e641cfb4f1da36b66523d1', 'XDG_MENU_PREFIX': 'gnome-', 'XDG_RUNTIME_DIR': '/run/user/1000', 'DISPLAY': ':0', 'TERMINATOR_DBUS_PATH': '/net/tenshu/Terminator2', 'LANG': 'en_US.UTF-8', 'XDG_CURRENT_DESKTOP': 'ubuntu:GNOME', 'VIRTUAL_ENV_PROMPT': '(.local)', 'XMODIFIERS': '@im=ibus', 'XDG_SESSION_DESKTOP': 'ubuntu', 'XAUTHORITY': '/run/user/1000/gdm/Xauthority', 'LS_COLORS': 'rs=0:di=01;34:ln=01;36:mh=00:pi=40;33:so=01;35:do=01;35:bd=40;33;01:cd=40;33;01:or=40;31;01:mi=00:su=37;41:sg=30;43:ca=00:tw=30;42:ow=34;42:st=37;44:ex=01;32:*.tar=01;31:*.tgz=01;31:*.arc=01;31:*.arj=01;31:*.taz=01;31:*.lha=01;31:*.lz4=01;31:*.lzh=01;31:*.lzma=01;31:*.tlz=01;31:*.txz=01;31:*.tzo=01;31:*.t7z=01;31:*.zip=01;31:*.z=01;31:*.dz=01;31:*.gz=01;31:*.lrz=01;31:*.lz=01;31:*.lzo=01;31:*.xz=01;31:*.zst=01;31:*.tzst=01;31:*.bz2=01;31:*.bz=01;31:*.tbz=01;31:*.tbz2=01;31:*.tz=01;31:*.deb=01;31:*.rpm=01;31:*.jar=01;31:*.war=01;31:*.ear=01;31:*.sar=01;31:*.rar=01;31:*.alz=01;31:*.ace=01;31:*.zoo=01;31:*.cpio=01;31:*.7z=01;31:*.rz=01;31:*.cab=01;31:*.wim=01;31:*.swm=01;31:*.dwm=01;31:*.esd=01;31:*.avif=01;35:*.jpg=01;35:*.jpeg=01;35:*.mjpg=01;35:*.mjpeg=01;35:*.gif=01;35:*.bmp=01;35:*.pbm=01;35:*.pgm=01;35:*.ppm=01;35:*.tga=01;35:*.xbm=01;35:*.xpm=01;35:*.tif=01;35:*.tiff=01;35:*.png=01;35:*.svg=01;35:*.svgz=01;35:*.mng=01;35:*.pcx=01;35:*.mov=01;35:*.mpg=01;35:*.mpeg=01;35:*.m2v=01;35:*.mkv=01;35:*.webm=01;35:*.webp=01;35:*.ogm=01;35:*.mp4=01;35:*.m4v=01;35:*.mp4v=01;35:*.vob=01;35:*.qt=01;35:*.nuv=01;35:*.wmv=01;35:*.asf=01;35:*.rm=01;35:*.rmvb=01;35:*.flc=01;35:*.avi=01;35:*.fli=01;35:*.flv=01;35:*.gl=01;35:*.dl=01;35:*.xcf=01;35:*.xwd=01;35:*.yuv=01;35:*.cgm=01;35:*.emf=01;35:*.ogv=01;35:*.ogx=01;35:*.aac=00;36:*.au=00;36:*.flac=00;36:*.m4a=00;36:*.mid=00;36:*.midi=00;36:*.mka=00;36:*.mp3=00;36:*.mpc=00;36:*.ogg=00;36:*.ra=00;36:*.wav=00;36:*.oga=00;36:*.opus=00;36:*.spx=00;36:*.xspf=00;36:*~=00;90:*#=00;90:*.bak=00;90:*.crdownload=00;90:*.dpkg-dist=00;90:*.dpkg-new=00;90:*.dpkg-old=00;90:*.dpkg-tmp=00;90:*.old=00;90:*.orig=00;90:*.part=00;90:*.rej=00;90:*.rpmnew=00;90:*.rpmorig=00;90:*.rpmsave=00;90:*.swp=00;90:*.tmp=00;90:*.ucf-dist=00;90:*.ucf-new=00;90:*.ucf-old=00;90:', 'SSH_AUTH_SOCK': '/run/user/1000/keyring/ssh', 'AMENT_PREFIX_PATH': '/home/maxim/super_ws/install/px4_msgs', 'SHELL': '/bin/bash', 'TERMINATOR_UUID': 'urn:uuid:5581a83b-2776-4023-b1ea-88abfc0c5d5f', 'QT_ACCESSIBILITY': '1', 'GDMSESSION': 'ubuntu', 'LESSCLOSE': '/usr/bin/lesspipe %s %s', 'GPG_AGENT_INFO': '/run/user/1000/gnupg/S.gpg-agent:0:1', 'GJS_DEBUG_OUTPUT': 'stderr', 'VIRTUAL_ENV': '/home/maxim/.local', 'QT_IM_MODULE': 'ibus', 'PWD': '/home/maxim/super_ws/build/flight_control_node', 'QT_QPA_PLATFORM': 'xcb', 'XDG_CONFIG_DIRS': '/etc/xdg/xdg-ubuntu:/etc/xdg', 'XDG_DATA_DIRS': '/usr/share/ubuntu:/usr/share/gnome:/usr/local/share/:/usr/share/:/var/lib/snapd/desktop', 'PYTHONPATH': '/home/maxim/super_ws/build/flight_control_node/prefix_override:/usr/lib/python3/dist-packages/colcon_core/task/python/colcon_distutils_commands:/home/maxim/super_ws/install/flight_control_node/lib/python3.12/site-packages:/home/maxim/super_ws/install/px4_msgs/lib/python3.12/site-packages', 'COLCON': '1', 'MEMORY_PRESSURE_WRITE': 'c29tZSAyMDAwMDAgMjAwMDAwMAA=', 'VTE_VERSION': '7600', 'CMAKE_PREFIX_PATH': '/home/maxim/super_ws/install/px4_msgs'}, 'shell': False}
[3.505278] (-) TimerEvent: {}
[3.605476] (-) TimerEvent: {}
[3.638505] (flight_control_node) StdoutLine: {'line': b'running develop\n'}
[3.705555] (-) TimerEvent: {}
[3.766788] (flight_control_node) StdoutLine: {'line': b'running egg_info\n'}
[3.781109] (flight_control_node) StdoutLine: {'line': b'writing flight_control_node.egg-info/PKG-INFO\n'}
[3.781522] (flight_control_node) StdoutLine: {'line': b'writing dependency_links to flight_control_node.egg-info/dependency_links.txt\n'}
[3.781630] (flight_control_node) StdoutLine: {'line': b'writing entry points to flight_control_node.egg-info/entry_points.txt\n'}
[3.781756] (flight_control_node) StdoutLine: {'line': b'writing requirements to flight_control_node.egg-info/requires.txt\n'}
[3.781947] (flight_control_node) StdoutLine: {'line': b'writing top-level names to flight_control_node.egg-info/top_level.txt\n'}
[3.805660] (-) TimerEvent: {}
[3.810624] (flight_control_node) StdoutLine: {'line': b"reading manifest file 'flight_control_node.egg-info/SOURCES.txt'\n"}
[3.811707] (flight_control_node) StdoutLine: {'line': b"writing manifest file 'flight_control_node.egg-info/SOURCES.txt'\n"}
[3.826431] (flight_control_node) StdoutLine: {'line': b'running build_ext\n'}
[3.826630] (flight_control_node) StdoutLine: {'line': b'Creating /home/maxim/super_ws/install/flight_control_node/lib/python3.12/site-packages/flight-control-node.egg-link (link to .)\n'}
[3.827029] (flight_control_node) StdoutLine: {'line': b'Installing start_flight script to /home/maxim/super_ws/install/flight_control_node/lib/flight_control_node\n'}
[3.827184] (flight_control_node) StdoutLine: {'line': b'\n'}
[3.827336] (flight_control_node) StdoutLine: {'line': b'Installed /home/maxim/super_ws/build/flight_control_node\n'}
[3.827396] (flight_control_node) StdoutLine: {'line': b'running symlink_data\n'}
[3.854719] (flight_control_node) CommandEnded: {'returncode': 0}
[3.860684] (flight_control_node) JobEnded: {'identifier': 'flight_control_node', 'rc': 0}
[3.861223] (-) EventReactorShutdown: {}
